date,open,high,low,close,volume
1998-11-27,2.3511214297796528,2.3511214297796528,1.794799788724999,2.2517783641815186,21000
1998-11-30,2.15243538633762,2.185549745316317,2.0530921514998117,2.125943899154663,132000
1998-12-01,2.1789262394671343,2.291515185133766,2.132566150387445,2.245155096054077,123500
1998-12-02,2.225286328546823,2.2782694453967123,2.198794849072715,2.245155096054077,75500
1998-12-03,2.2782694453967123,2.3113837947393474,2.2319091984153503,2.245155096054077,102000
1998-12-04,2.2120405888097694,2.2584008357911314,2.1855491093356614,2.245155096054077,71000
1998-12-07,2.238532781600952,2.2782700106715494,2.2186640091639416,2.238532781600952,26000
1998-12-08,2.2385326256316818,2.25177836773232,2.1391894019751936,2.1458122730255127,32500
1998-12-09,2.1789266282771087,2.2120409835287043,2.1391894019751936,2.1458122730255127,15000
1998-12-10,2.1458121132560373,2.165680724927649,2.1126977604700174,2.1193206310272217,36000
1998-12-11,2.132566452284069,2.1458121938962558,2.0663375863214415,2.0928292274475098,37500
1998-12-14,2.1590582613090805,2.1590582613090805,2.0928295432542727,2.1060752868652344,18500
1998-12-15,2.1193210336528447,2.1193210336528447,2.0862066745758057,2.0862066745758057,8500
1998-12-16,2.0795832467842867,2.0928289868738568,2.05309160870347,2.072960376739502,43000
1998-12-17,2.0067315920121174,2.066337424601976,2.0067315920121174,2.0398459434509277,14000
1998-12-18,2.0266004827144,2.066337709928007,1.9802403842985257,1.9868632555007935,72500
1998-12-21,2.0862064381296372,2.092829309194423,2.019977569580078,2.019977569580078,35500
1998-12-22,2.0332237100698944,2.0332237100698944,1.9868636035332699,2.0266008377075195,22000
1998-12-23,2.013354778289795,2.0332233922714,1.9868632929809884,2.013354778289795,20000
1998-12-24,1.9338802858826512,2.0266004827144,1.9338802858826512,1.9868632555007935,29000
1998-12-28,1.9868632555007935,2.033223353916668,1.9868632555007935,1.9868632555007935,11000
1998-12-29,1.993486085320935,2.053091924904007,1.9868632142561493,2.019977569580078,24000
1998-12-30,2.0729608338436263,2.344498723457722,2.0729608338436263,2.258401393890381,47000
1998-12-31,2.25177836773232,2.25177836773232,2.1259436598745554,2.1458122730255127,48500
1999-01-01,2.1987954826174834,2.2120412261710687,2.1391896366263503,2.1656811237335205,337500
1999-01-04,2.2517785223852007,2.344498723457722,2.2517785223852007,2.258401393890381,50000
1999-01-05,2.2252865599424845,2.2252865599424845,2.09945201935561,2.1193206310272217,44000
1999-01-06,2.165680724927649,2.165680724927649,2.086206278241202,2.1193206310272217,47000
1999-01-07,2.119320633977989,2.3577441322709816,2.119320633977989,2.2186636924743652,104000
1999-01-08,2.278270008405921,2.351121594962902,2.2517785223852007,2.258401393890381,220000
1999-01-11,2.3842361078994116,2.417350625485513,2.258401541098771,2.3246302604675293,172500
1999-01-12,2.2848927185458576,2.3842357841076858,2.231909592344515,2.2716469764709473,47500
1999-01-13,2.258401076188581,2.298138299629606,2.251778205615077,2.265023946762085,25500
1999-01-14,2.2252864837646484,2.25177812298827,2.185549261781742,2.2252864837646484,9000
1999-01-15,2.25177828455811,2.25177828455811,2.0729606149028026,2.1126978397369385,31000
1999-01-18,2.1126979949782863,2.159058094024658,2.086206509808931,2.159058094024658,9000
1999-01-19,2.21866361079888,2.21866361079888,2.1524349075727014,2.185549259185791,7500
1999-01-21,2.0530918443405426,2.1590579351206998,1.9471259114620807,2.152435064315796,10500
1999-01-22,2.1855495791940136,2.2385327074344312,2.132566608855303,2.159058094024658,4500
1999-01-25,2.1524352227323194,2.159058094024658,2.033223381568513,2.159058094024658,15500
1999-01-27,2.1193206310272217,2.1193206310272217,2.0663375086679006,2.1193206310272217,5000
1999-01-28,2.1193207106718828,2.1723036771206288,2.0928292274475098,2.0928292274475098,8500
1999-01-29,2.1193207101589646,2.1458121933769263,2.000108877776442,2.0067317485809326,37000
1999-02-01,2.053091526031494,2.066337265587697,2.053091526031494,2.053091526031494,7500
1999-02-02,2.119320710542628,2.119320710542628,2.0001088781385246,2.1126978397369385,34500
1999-02-03,2.1458128436745905,2.1524357164861705,2.08620698837037,2.0994527339935303,60500
1999-02-04,2.1193203817141795,2.1193203817141795,2.053091526031494,2.053091526031494,30000
1999-02-05,2.1060746421579766,2.1193203817141795,2.0001085678066826,2.053091526031494,27500
1999-02-08,2.05309160870347,2.0795832467842867,2.05309160870347,2.072960376739502,9500
1999-02-09,1.9868636035332699,2.053092327157019,1.9868636035332699,2.0266008377075195,9000
1999-02-10,2.1126974196656514,2.1193202891545044,1.9868627414757858,2.000108480453491,13000
1999-02-11,2.053092327157019,2.053092327157019,1.9868636035332699,2.0266008377075195,23000
1999-02-12,1.9868632555007935,2.0530919675234713,1.9868632555007935,1.9868632555007935,86500
1999-02-16,2.059714756158874,2.059714756158874,1.9934860467910767,1.9934860467910767,4000
1999-02-17,2.000108480453491,2.0398456973866077,1.9868627414757858,2.000108480453491,3000
1999-02-18,1.9537488994894545,2.0530919675234713,1.9537488994894545,1.9868632555007935,55000
1999-02-19,2.0199776115121324,2.0199776115121324,1.9206345434781156,1.9868632555007935,47500
1999-02-22,2.053091679590625,2.053091679590625,1.8544054134853518,1.9802401065826416,3500
1999-02-23,1.927257179102669,1.927257179102669,1.8808969284519212,1.9073885679244995,12500
1999-02-24,1.8676513815881288,1.9206345081329343,1.854405639427353,1.9206345081329346,21000
1999-02-25,1.94712570607495,1.9603714462875677,1.8875197172164915,1.8875197172164917,12500
1999-02-26,1.9206343087099458,1.9206343087099458,1.8808969284519212,1.9073885679244995,13500
1999-03-01,1.8875199159390783,1.9007656575462393,1.8544055619211761,1.880897045135498,50000
1999-03-02,1.8808970451354978,1.8808970451354978,1.8808970451354978,1.880897045135498,0
1999-03-03,2.0133549636309205,2.344498876278157,2.0133549636309205,2.3246302604675293,102500
1999-03-04,2.3180074109400666,2.3180074109400666,2.0663379591023174,2.1987955570220947,284000
1999-03-05,2.311384460724676,2.311384460724676,2.1193210212959723,2.1656811237335205,271000
1999-03-08,2.443841517571256,2.443841517571256,2.185549259185791,2.185549259185791,212000
1999-03-09,2.3776127406598646,2.3842356112170684,2.1193206310272217,2.1193206310272217,119000
1999-03-10,1.9471262085505228,2.1193210336528447,1.9471262085505228,2.0862066745758057,19000
1999-03-11,2.0530919675234713,2.112697966245586,1.9868632555007935,1.9868632555007935,61500
1999-03-12,1.9868634255105726,2.019977784355405,1.854405832229524,1.914011836051941,69500
1999-03-15,2.00010896109759,2.00010896109759,1.9206345081329343,1.9206345081329346,49500
1999-03-16,1.9338801694658367,2.0001088775016416,1.8544055619211761,1.880897045135498,66000
1999-03-17,1.980240097201569,1.980240097201569,1.8676511451845574,1.8742740154266357,13500
1999-03-19,1.8808973284811705,1.887520200282446,1.8345372258722414,1.8477829694747925,67000
1999-03-22,1.920635127671235,1.920635127671235,1.8411604911687842,1.8544062376022339,61500
1999-03-23,1.9073885245387086,1.9073885245387086,1.82129105349001,1.8742740154266357,45000
1999-03-24,1.8544062376022339,1.8676519840356836,1.8146689983018849,1.8544062376022339,51500
1999-03-26,1.7881768537262595,1.8279140785442063,1.7219479877946526,1.7351937294006348,53000
1999-03-29,1.735193729400635,1.735193729400635,1.735193729400635,1.7351937294006348,0
1999-03-30,1.8212910454698914,1.8345367858957196,1.7219478343744974,1.7749309539794922,23000
1999-03-31,1.8544062376022339,1.894143476902583,1.8544062376022339,1.8544062376022339,7500
1999-04-01,1.7550627642569347,1.8544058412760682,1.7550627642569347,1.8477829694747925,4500
1999-04-02,1.8477829694747927,1.8477829694747927,1.8477829694747927,1.8477829694747925,0
1999-04-05,1.8477826500907886,1.8544055207473198,1.7285708203715369,1.755062460899353,9500
1999-04-06,1.8146684204113386,1.8146684204113386,1.7285709381103516,1.7285709381103516,11500
1999-04-07,1.7815539435254777,1.7881768141820087,1.7550624608993532,1.755062460899353,10000
1999-04-08,1.7550625007231158,1.7749311131435437,1.741816759109497,1.741816759109497,13000
1999-04-09,1.7484396289083124,1.7881768537262595,1.7219479877946526,1.7351937294006348,9000
1999-04-12,1.7285708585976438,1.735193729400635,1.7219479877946526,1.7351937294006348,1500
1999-04-13,1.7219479104756494,1.7550624209053909,1.7219479104756494,1.7484395503997803,5500
1999-04-15,1.7219482660293581,1.7881771426623154,1.7219482660293581,1.721948266029358,6000
1999-04-16,1.7285715794970542,1.7285715794970542,1.6822114645416668,1.7153258323669434,17500
1999-04-19,1.7219479104756494,1.7484395503997803,1.6689649464307643,1.7484395503997803,11000
1999-04-20,1.7219477951440463,1.7815537836039754,1.7219477951440463,1.7683080434799194,16500
1999-04-21,1.8279139964671078,1.8279139964671078,1.7351936514868707,1.7484395503997803,9000
1999-04-22,1.7550624608993532,1.79479968483854,1.7219479497150059,1.755062460899353,7500
1999-04-23,1.7219482660293581,1.7550627832966972,1.7219482660293581,1.721948266029358,34500
1999-04-26,1.65571915971255,1.7219478629403786,1.6292276784214186,1.6358505487442017,13000
1999-04-27,1.6358505487442014,1.6358505487442014,1.6358505487442014,1.6358505487442017,0
1999-04-28,1.7219479882919586,1.7219479882919586,1.65571928024292,1.65571928024292,10500
1999-04-29,1.721948705931999,1.721948705931999,1.6557199702814454,1.7153258323669434,5000
1999-05-03,1.7219480702015906,1.8080455526625214,1.6557193590021844,1.6689651012420654,9500
1999-05-04,1.8146683801473944,1.8146683801473944,1.6822108030319212,1.6822108030319214,152500
1999-05-05,1.8146684204113386,1.8146684204113386,1.7219480670027143,1.7285709381103516,15500
1999-05-06,1.7219479886593296,1.8080454670431436,1.7219479886593296,1.7616853713989258,16000
1999-05-07,1.6822110937806345,1.8212915658950806,1.6822110937806345,1.8212915658950806,6500
1999-05-10,1.7881771232633126,1.8544058412760682,1.7881771232633126,1.8477829694747925,15000
1999-05-11,1.8808973788272327,1.9206347686002576,1.7948000431060793,1.794800043106079,39000
1999-05-12,1.7948000431060793,1.8279144029988306,1.788177171127529,1.794800043106079,11000
1999-05-13,1.8279139156828055,1.8544053965344622,1.7616852135536638,1.7749309539794922,13000
1999-05-14,1.761685410376531,1.8875199584806626,1.7550625394236818,1.7881768941879272,54500
1999-05-17,1.7947997997038612,1.9206345081329343,1.7947997997038612,1.9206345081329346,34000
1999-05-18,1.9206345081329343,1.9206345081329343,1.854405639427353,1.9206345081329346,9500
1999-05-19,1.9140114079834476,2.0398459434509277,1.9140114079834476,2.0398459434509277,29000
1999-05-20,2.0994520977454934,2.1524350641814167,1.9868631361674614,2.0067317485809326,60500
1999-05-21,1.986863218936814,2.013354703258366,1.9206345081329343,1.9206345081329346,9000
1999-05-24,1.9206342256497144,1.9736171865001855,1.8808968471101828,1.8875197172164917,7000
1999-05-25,1.8875197172164915,1.8875197172164915,1.7219478066570912,1.8875197172164917,54000
1999-05-26,1.8544058022993661,1.8544058022993661,1.8411600589752197,1.8411600589752197,5000
1999-05-27,1.8544058444356022,1.8544058444356022,1.8212914853728042,1.8279143571853638,2500
1999-05-28,1.8212911674646644,1.8544055207473198,1.7219479497150059,1.755062460899353,48000
1999-05-31,1.8411604911687842,1.8610291108189587,1.8411604911687842,1.8544062376022339,42500
1999-06-01,2.0530919675234713,2.0530919675234713,1.9206345434781156,1.9868632555007935,110500
1999-06-02,2.046469345743449,2.046469345743449,1.9338805215826498,1.9669948816299438,41000
1999-06-03,1.9338807929160056,2.0199781411188673,1.9206350470386422,1.9736180305480957,43500
1999-06-04,1.9338802898483562,1.960371774711752,1.8941429046515574,1.9272574186325073,111500
1999-06-07,2.3180066329588933,2.331252372515096,1.9868628282504799,2.053091526031494,149500
1999-06-08,1.9736174721265778,2.1060750513239945,1.9736174721265778,2.019977569580078,59500
1999-06-09,2.053091526031494,2.079583163045571,2.053091526031494,2.053091526031494,36000
1999-06-10,2.0398456973866077,2.0663371753420186,2.000108480453491,2.000108480453491,97500
1999-06-11,2.0398462251189358,2.0398462251189358,1.9736175130962579,1.9868632555007935,38000
1999-06-14,1.9736171865001855,1.9736171865001855,1.8544053666849472,1.8875197172164917,6000
1999-06-15,1.867651106897565,1.9140113555434057,1.8544053666849472,1.8875197172164917,9500
1999-06-16,2.0014831470522547,2.0655876994739226,1.9943604378741564,2.0299739837646484,17000
1999-06-17,2.065588346566206,2.136815460660695,2.065588346566206,2.122570037841797,28000
1999-06-18,2.1012015342712402,2.1012015342712402,2.0655879834840274,2.1012015342712402,6000
1999-06-21,2.037097059496457,2.1154470443725586,2.037097059496457,2.1154470443725586,6500
1999-06-22,2.129692374901011,2.129692374901011,2.029974262878009,2.1012015342712402,4000
1999-06-23,2.1368155160562985,2.5641785513400226,2.0086065375436455,2.421724319458008,217500
1999-06-24,2.279269907037403,2.279269907037403,2.2009199100519474,2.208042621612549,71000
1999-06-25,2.2792693665049635,2.2792693665049635,2.2222875177146504,2.265023946762085,40500
1999-06-28,2.265024394112051,2.265024394112051,2.1937971115112305,2.1937971115112305,5500
1999-06-29,2.1510607462143674,2.2650242913120517,2.1510607462143674,2.2436561584472656,7500
1999-06-30,2.072711101961119,2.208042621612549,2.072711101961119,2.208042621612549,7500
1999-07-01,2.2721471954768018,2.2721471954768018,2.186674486930744,2.208042621612549,3500
1999-07-02,2.208042621612549,2.250779060794997,2.1937971984913456,2.208042621612549,17000
1999-07-05,2.2436554273435276,2.2436554273435276,2.172428171185091,2.2151644229888916,41500
1999-07-06,2.2222877678539623,2.243656069692282,2.208042346507628,2.2294106483459473,33000
1999-07-07,2.236533771011433,2.279270042922893,2.208042753251611,2.257901906967163,35000
1999-07-08,2.2365332543993786,2.2721468060992964,2.229410544059395,2.2507786750793457,11500
1999-07-09,2.279269713221909,2.3148832679965525,2.229410736537408,2.2436561584472656,57500
1999-07-12,2.3291286946846967,2.5641783264983813,2.2792697178979084,2.4644603729248047,56500
1999-07-13,2.3504970507748064,2.421724337052128,2.3504970507748064,2.3576197624206543,19500
1999-07-14,2.350496619953495,2.421723893175607,2.286392226890523,2.3647420406341553,12000
1999-07-15,2.4715827519974174,2.4715827519974174,2.2507785717735436,2.272146701812744,90500
1999-07-16,2.279269109467359,2.3504962001493346,2.2507782731945687,2.3362507820129395,109500
1999-07-19,2.564178166033896,2.9131914911568786,2.564178166033896,2.7992279529571533,306000
1999-07-20,2.8490863601436947,2.870454657285299,2.4217234740496525,2.6496503353118896,172000
1999-07-21,2.4359690494133193,2.742245730617667,2.421723630279107,2.713754892349243,56500
1999-07-22,2.6069140806662414,2.7636138508523986,2.6069140806662414,2.6496503353118896,108000
1999-07-23,2.614037275314331,2.7422460630652266,2.58554643359191,2.614037275314331,65000
1999-07-26,2.7066328483384807,2.7066328483384807,2.549933029511143,2.6282830238342285,36500
1999-07-27,2.671018656583712,2.671018656583712,2.564177842392846,2.578423261642456,13500
1999-07-28,2.507196336512152,2.549932597177758,2.450214655624677,2.492950916290283,53000
1999-07-29,2.492951435399015,2.5000741469931156,2.421724319458008,2.421724319458008,91500
1999-07-30,2.4502148898559772,2.492951154607009,2.350496768951416,2.350496768951416,220500
1999-08-02,2.421724226904189,2.421724226904189,2.3789877891540527,2.3789877891540527,7500
1999-08-03,2.3861101091705406,2.421723829758392,2.2792694568634033,2.2792694568634033,148500
1999-08-04,2.350496795601219,2.4146013632734014,2.350496795601219,2.393233060836792,96500
1999-08-05,2.3932325512647843,2.4217235585076247,2.350496295128703,2.4146008491516113,24500
1999-08-06,2.364741720920917,2.364741720920917,2.3077600459022016,2.314882755279541,32500
1999-08-09,2.4217240293085562,2.4217240293085562,2.3647421735639704,2.386110305786133,10000
1999-08-10,2.3789870364221253,2.3789870364221253,2.2863918185355567,2.3362507820129395,35000
1999-08-11,2.3362510655495403,2.3504964854148156,2.2935148059537145,2.3433737754821777,71000
1999-08-12,2.2935148059537145,2.3861100350780036,2.2935148059537145,2.3433737754821777,64500
1999-08-13,2.3504964854148156,2.400355454943279,2.279269386088439,2.3433737754821777,76000
1999-08-16,2.3504970336981605,2.421724319458008,2.300638052539455,2.421724319458008,62000
1999-08-17,2.421724226904189,2.421724226904189,2.357619655188401,2.3789877891540527,71500
1999-08-18,2.4929507572127467,2.564177853777022,2.421723660648471,2.5428097248077393,200500
1999-08-19,2.528564317039868,2.6211597128149937,2.492950768595125,2.5071961879730225,50000
1999-08-20,2.500073466869174,2.564177853777022,2.500073466869174,2.5428097248077393,115500
1999-08-23,2.6354048327744053,2.663895668293246,2.564177574158528,2.5997912883758545,161000
1999-08-24,2.706632614135742,2.706632614135742,2.6354055071132825,2.706632614135742,186000
1999-08-25,2.7066323107941637,2.777859579652757,2.621159791946411,2.621159791946411,165500
1999-08-26,2.585546462108085,2.692387119745518,2.578423581780109,2.656773567199707,35500
1999-08-27,2.7066325109122,2.7066325109122,2.564178132481282,2.614037275314331,63500
1999-08-30,2.706632008172754,2.706632008172754,2.5926686624510253,2.6496503353118896,33500
1999-08-31,2.5926689523304933,2.63540521175437,2.5641779428957765,2.621159791946411,30500
1999-09-01,2.564177574158528,2.5997912883758545,2.500073194241136,2.5997912883758545,69500
1999-09-02,2.564177842392846,2.5926688507108584,2.535687003893627,2.578423261642456,58000
1999-09-03,2.5641783789259027,2.5641783789259027,2.5356875344652106,2.5499329566955566,32000
1999-09-06,2.5641780348509657,2.5997917554668226,2.5285644840539145,2.571300745010376,88000
1999-09-07,2.4929507572127467,2.6282824105036635,2.4929507572127467,2.5428097248077393,40000
1999-09-08,2.56417804897018,2.56417804897018,2.535687208175659,2.535687208175659,14500
1999-09-09,2.528564631033885,2.59979190658708,2.521441920460447,2.5570554733276367,59500
1999-09-10,2.5641780348509657,2.606914465626233,2.5641780348509657,2.571300745010376,54500
1999-09-14,2.635405750208298,2.635405750208298,2.564178466796875,2.564178466796875,17000
1999-09-15,2.564178466796875,2.564178466796875,2.5356876213598394,2.564178466796875,16500
1999-09-16,2.535687015151312,2.5713005634334496,2.535687015151312,2.5428097248077393,32000
1999-09-17,2.5356875344652106,2.5641783789259027,2.5285648233500373,2.5499329566955566,52500
1999-09-20,2.56417804897018,2.6069144799807678,2.535687208175659,2.535687208175659,36500
1999-09-21,2.5570550523091633,2.564177761709849,2.492950667702993,2.528564214706421,18000
1999-09-22,2.492951198841299,2.564178308023521,2.492951198841299,2.5000739097595215,28000
1999-09-23,2.557055597105299,2.557055597105299,2.492951198841299,2.5000739097595215,30500
1999-09-24,2.492950595292255,2.5285641412612447,2.4217235033542748,2.443091630935669,69500
1999-09-27,2.428847117711094,2.4929515243451856,2.4217244058628613,2.435969829559326,34000
1999-09-28,2.4217232158634836,2.485827590997623,2.4217232158634836,2.4715821743011475,47500
1999-09-29,2.492950916290283,2.5428098870668236,2.4359692354028084,2.492950916290283,82000
1999-09-30,2.457337276630984,2.4929508258942854,2.443091856925663,2.478705406188965,31500
1999-10-01,2.4359690126580835,2.464459850496622,2.421723593738814,2.4573371410369873,93000
1999-10-04,2.4929513494252435,2.4929513494252435,2.428846947289089,2.4858286380767822,42000
1999-10-05,2.428846947289089,2.4929513494252435,2.428846947289089,2.4858286380767822,39500
1999-10-06,2.492950768595125,2.5997915837481482,2.4359690910835363,2.5071961879730225,153500
1999-10-07,2.6354051201600908,2.6710186684422283,2.535687015151312,2.5428097248077393,98500
1999-10-08,2.5641777829315067,2.5641777829315067,2.4573371410369873,2.4573371410369873,104500
1999-10-11,2.77786014721231,2.8419645494456396,2.549933044078357,2.564178466796875,236500
1999-10-12,2.678142018363851,2.7066328638008867,2.549933044078357,2.564178466796875,197000
1999-10-13,2.564178074320069,2.6923870289817144,2.564178074320069,2.6425280570983887,102500
1999-10-14,2.564178466796875,2.7066328638008867,2.549933044078357,2.564178466796875,164000
1999-10-15,2.564178345515026,2.564178345515026,2.4217241250677226,2.428846836090088,135500
1999-10-18,2.6354051321928913,2.6354051321928913,2.4573372201503823,2.5071961879730225,58500
1999-10-20,2.5641780348509657,2.635405306263874,2.5641780348509657,2.571300745010376,83000
1999-10-21,2.699510152441628,2.699510152441628,2.5356876213598394,2.564178466796875,44500
1999-10-22,2.578423748437464,2.621160184073536,2.4644603729248047,2.4644603729248047,90500
1999-10-25,2.7066322167243664,2.7066322167243664,2.5071961765256017,2.5428097248077393,77500
1999-10-26,2.564177761709849,2.564177761709849,2.4573371206995644,2.528564214706421,56000
1999-10-27,2.500073788740133,2.6140373277339557,2.500073788740133,2.5570554733276367,26500
1999-10-28,2.4929508582934243,2.564177957745716,2.4929508582934243,2.521441698074341,19000
1999-10-29,2.4929513494252435,2.528564906167552,2.393233220727947,2.4858286380767822,101000
1999-11-01,2.421724226904189,2.435969649547957,2.350496943866517,2.3789877891540527,13500
1999-11-02,2.3504963021662384,2.4929506595318136,2.279269208392844,2.314882755279541,170500
1999-11-03,2.3861105413680677,2.3861105413680677,2.307760715484619,2.307760715484619,18000
1999-11-04,2.400355529478159,2.478705510988865,2.2792694568634033,2.2792694568634033,114500
1999-11-05,2.3148832679965525,2.3148832679965525,2.229410736537408,2.2436561584472656,39000
1999-11-09,2.3362507820129395,2.3362507820129395,2.279269109467359,2.3362507820129395,11500
1999-11-11,2.314883276187228,2.3504968310878818,2.300637854226966,2.3220059871673584,10000
1999-11-12,2.3148832149922227,2.3861103229106093,2.3006377934085456,2.350496768951416,50000
1999-11-15,2.314882755279541,2.314882755279541,2.279269208392844,2.314882755279541,31500
1999-11-16,2.27926986970882,2.314883426928569,2.27926986970882,2.307760715484619,36000
1999-11-17,2.3861098490529353,2.3861098490529353,2.279269208392844,2.314882755279541,11500
1999-11-18,2.279269026268702,2.3148825703097122,2.279269026268702,2.2863917350769043,11000
1999-11-19,2.2792694568634033,2.2863921670172123,2.2507786162481667,2.2792694568634033,17500
1999-11-22,2.314883007632449,2.314883007632449,2.2792694568634033,2.2792694568634033,51500
1999-11-24,2.2792691178946245,2.314882663367288,2.265023699705559,2.3006372451782227,24500
1999-11-25,2.265023608652298,2.3077598615015105,2.265023608652298,2.2863917350769043,31500
1999-11-26,2.350496752082529,2.4644602937528814,2.350496752082529,2.386110305786133,46000
1999-11-29,2.4217236953954013,2.4217236953954013,2.3718645572662354,2.3718645572662354,52500
1999-11-30,2.421723754559992,2.421723754559992,2.322005645684265,2.3433737754821777,20000
1999-12-01,2.4217240741459967,2.4573376285089745,2.2792696868752635,2.393233060836792,37000
1999-12-02,2.3789870783727043,2.492950595292255,2.3789870783727043,2.443091630935669,42500
1999-12-03,2.507196576384483,2.692387226805422,2.4644603116301473,2.6354055404663086,177000
1999-12-06,3.2764504820969127,3.290695905685425,3.1268733645986946,3.290695905685425,536000
1999-12-07,3.525745003787721,3.5471133055897517,3.490131620301183,3.5399904251098633,1009500
1999-12-08,3.7038120840096203,3.775039513793985,3.276449203491211,3.276449203491211,937000
1999-12-09,3.03427737042919,3.390413192894348,3.027154490953845,3.2479586601257324,262500
1999-12-10,3.0627689361572266,3.269327735053103,2.991541483044717,3.0627689361572266,313000
1999-12-13,3.126872426145565,3.304940337378144,3.126872426145565,3.2479586601257324,316000
1999-12-14,3.205221659373768,3.2693262012452458,3.126871701490573,3.1339945793151855,361500
1999-12-15,2.9345596386687025,3.3049409489896298,2.9345596386687025,3.1909775733947754,181000
1999-12-16,3.347676950032916,3.4402723551981658,3.2693273053278182,3.433149814605713,664500
1999-12-17,3.4402721591636625,3.7038125991821285,3.4402721591636625,3.703812599182129,360000
1999-12-20,3.9958450794219975,3.9958450794219975,3.988722198063785,3.995845079421997,125500
1999-12-21,4.27363011281201,4.294998412816617,3.8320217493344613,3.9887213706970215,1321500
1999-12-22,3.846266352408738,4.024334235949536,3.689566424695817,3.7964072227478027,425000
1999-12-23,3.7892862345064073,3.9673541909085146,3.525745400906657,3.5827274322509766,453500
1999-12-24,3.561358641885416,3.6824448900515403,3.297818183898926,3.297818183898926,376500
1999-12-27,3.276450333445172,3.3191866022717735,3.133996104023167,3.255082368850708,129000
1999-12-28,3.1696090199324924,3.5043769187183575,3.1696090199324924,3.433149814605713,128000
1999-12-29,3.3476772191978905,3.4758863565467384,3.2194684214866935,3.4117817878723145,150500
1999-12-30,3.3120634813065792,3.5257447880645953,3.269327219954976,3.4189043045043945,187000
2000-01-03,3.632586114638325,3.689567804336548,3.632586114638325,3.689567804336548,82500
2000-01-04,3.8462676118563732,3.924617601368279,3.618340524020667,3.832022190093994,494000
2000-01-05,3.5684809952634335,3.8605122520918504,3.561358116005386,3.7323031425476074,383000
2000-01-06,3.775040431393306,3.775040431393306,3.5613587693757083,3.6397087574005127,164500
2000-01-07,3.5613590309962784,3.7180586789195424,3.418904805611493,3.4616410732269287,149000
2000-01-10,3.66819914495737,3.7323033638936467,3.5613583272134477,3.568481206893921,214000
2000-01-11,3.5613583206677646,3.6325854191536004,3.2906950067839915,3.390413284301758,174000
2000-01-12,3.3761678510380397,3.490131559259614,3.3619224299650465,3.4046590328216553,85000
2000-01-13,3.418905012596199,3.4901321296007684,3.3476775559539442,3.3619229793548584,75500
2000-01-14,3.2978178647071816,3.3619220831029644,3.276449565483525,3.3334312438964844,83000
2000-01-17,3.561358506179715,3.5969722270965576,3.561358506179715,3.5969722270965576,258500
2000-01-18,3.775040811579746,3.775040811579746,3.525745400906657,3.5827274322509766,249500
2000-01-19,3.7038128691774506,3.7038128691774506,3.5613586586850983,3.6325857639312744,126000
2000-01-20,3.632586143688671,3.6895678338425855,3.418904805611493,3.4616410732269287,197000
2000-01-21,3.418904392794825,3.5613586009789335,3.418904392794825,3.5471131801605225,270500
2000-01-24,3.632585252337704,3.8177760395341265,3.547112738079777,3.5898489952087402,381000
2000-01-25,3.5471130905176036,3.6325856132680006,3.518622249600805,3.532867670059204,305500
2000-01-27,3.490131044872709,3.8106531415942766,3.490131044872709,3.789285182952881,391000
2000-01-28,3.9246177545630303,4.08843994140625,3.8462677619927863,4.08843994140625,338000
2000-01-31,4.4018388930393995,4.408961772918701,4.4018388930393995,4.408961772918701,372500
2000-02-01,4.686748465089266,4.7579755783081055,4.686748465089266,4.7579755783081055,72000
2000-02-07,6.460304767685609,6.460304767685609,5.598456234296129,5.66256046295166,2919500
2000-02-08,5.840628362645061,5.983082580411957,5.34203826082328,5.512983322143555,1300000
2000-02-09,5.634069285034001,5.669683007448585,5.0784975249023665,5.2494425773620605,641500
2000-02-10,5.4275108320601975,5.66256046295166,5.199584081929154,5.66256046295166,1025000
2000-02-11,6.082799283793573,6.1112901199057745,5.8406268372023,5.911854267120361,3139500
2000-02-14,6.38195455151002,6.38195455151002,5.441755771636963,5.441755771636963,1199500
2000-02-15,5.270810943804887,5.399019734732356,5.035761323952377,5.106988430023193,755000
2000-02-16,5.128356710655162,5.5129834469724175,5.128356710655162,5.4560017585754395,328500
2000-02-17,5.555719816641188,5.598456081121488,5.313547311615184,5.342038154602051,282000
2000-02-18,5.270811885534693,5.377652733548863,4.921798493973429,5.021516799926758,448500
2000-02-21,5.334914765312752,5.413264745874202,5.0571289028609305,5.1212334632873535,360500
2000-02-22,5.299302055903402,5.342038321720649,4.772220764882053,4.928920745849609,331500
2000-02-23,4.829201856093137,5.085619401287842,4.7009927438582,4.800710678100586,227500
2000-02-24,4.843447937435698,5.178215503692627,4.7009933865478075,5.178215503692627,367000
2000-02-25,5.569963909440592,5.5842093275358335,5.021514803317434,5.577086448669434,681000
2000-02-28,6.018695360802389,6.018695360802389,5.413264520782119,5.655436992645264,812000
2000-02-29,5.975959346112735,5.983081546313632,5.2138285636901855,5.2138285636901855,1267500
2000-03-01,5.377651880074054,5.626946926116943,5.128356494393525,5.626946926116943,358000
2000-03-02,5.698173305097594,5.76940074312139,5.285055794820034,5.320669174194336,401500
2000-03-03,5.199583354581325,5.256565034143159,4.900429197244098,5.042883396148682,505000
2000-03-06,5.413264655426423,5.413264655426423,4.8861837795995875,4.978778839111328,258500
2000-03-07,5.057129406617173,5.057129406617173,4.644011841911881,4.7650980949401855,338500
2000-03-08,4.700993858900874,4.772220971682863,4.387594223022461,4.387594223022461,281000
2000-03-09,4.138296890363325,4.3377330364842885,4.038578987121582,4.038578987121582,197500
2000-03-10,3.810652976477071,4.059947967529297,3.7180575873430093,4.059947967529297,427000
2000-03-13,4.287875524332922,4.380470924771096,3.775040061264952,3.9388625621795654,230255
2000-03-14,3.9887221253057628,4.252262617274208,3.9459858568490693,4.245140075683594,241300
2000-03-15,4.088440085038047,4.344858035415879,4.088440085038047,4.245140075683594,151005
2000-03-16,4.17391118955916,4.5727831987852445,4.0670703939577475,4.323488235473633,543925
2000-03-21,4.0599486298044685,4.665379857797124,4.0599486298044685,4.501557350158691,119000
2000-03-22,4.558538823651622,4.601275083730023,4.4160842837526815,4.544293403625488,150505
2000-03-23,4.629766142372859,4.658256983770299,4.280753165435424,4.437452793121338,158000
2000-03-24,4.344857805336647,4.544294053877866,4.273630695013946,4.351980686187744,338495
2000-03-27,4.686748622165634,4.686748622165634,4.373348973861488,4.416085243225098,116500
2000-03-28,4.537171019871723,4.700993537902832,4.359103080256936,4.700993537902832,95125
2000-03-29,4.700992619740986,5.071373848214213,4.700992619740986,5.057128429412842,145000
2000-03-30,5.34203786253546,5.448878687713694,4.985902005033097,5.306424140930176,173870
2000-03-31,5.1283556042034855,5.726663882561005,5.1283556042034855,5.634068489074707,327505
2000-04-03,6.0543089083082515,6.082799746588107,5.270810176337053,5.555718898773193,480885
2000-04-04,5.342038024642918,5.413265130377297,5.114110946655273,5.114110946655273,123115
2000-04-05,5.092742934542622,5.270810866941752,4.708116227731513,4.964533805847168,336750
2000-04-06,4.93604216882464,4.985901304135521,4.62976549669727,4.829201698303223,124220
2000-04-07,4.87906070034181,5.2138285636901855,4.843447321874222,5.2138285636901855,198625
2000-04-10,5.619824043542819,5.619824043542819,5.149724794621882,5.342038154602051,216500
2000-04-11,5.199583276756593,5.327792053851754,5.114110419055556,5.320669174194336,183500
2000-04-12,5.512982587291777,5.555719186562926,5.128355910952239,5.171092510223389,89500
2000-04-13,5.270810576655549,5.270810576655549,4.964533532428959,4.985901832580566,115875
2000-04-17,4.700993580895555,4.943166089670488,4.594152748222047,4.8505706787109375,128385
2000-04-18,4.715237509699401,4.985900776206476,4.715237509699401,4.907550811767578,59875
2000-04-19,5.114111861958555,5.114111861958555,4.700994235123383,4.871939659118652,138000
2000-04-20,4.700992607159271,4.772219700975495,4.594151796616147,4.6938700675964355,110750
2000-04-24,4.743729928056548,4.843448221416029,4.629766552374456,4.644011974334717,99250
2000-04-25,4.558540085845786,4.558540085845786,4.323490420513908,4.515803813934326,110625
2000-04-26,4.629767116641059,4.871939659118652,4.629767116641059,4.871939659118652,115150
2000-04-27,4.786465668768495,5.12835609794036,4.786465668768495,5.071374416351318,121125
2000-04-28,5.196684837341309,5.344108376087476,5.049260947109699,5.196684837341309,180950
2000-05-02,5.6020991031125185,5.6020991031125185,5.01240466417117,5.159828186035156,306100
2000-05-03,5.012405374183704,5.380964582535874,5.012405374183704,5.299881458282471,133750
2000-05-04,5.358851048144314,5.6021000772611425,5.255654564894697,5.380964756011963,81550
2000-05-05,5.447305834123201,5.447305834123201,5.0345194998167635,5.181943416595459,164450
2000-05-08,5.159828186035156,5.2925093557127445,5.027147016357569,5.159828186035156,102500
2000-05-09,5.174571861061268,5.380965195919128,5.100860081285422,5.351480484008789,78625
2000-05-10,5.292510024027073,5.380964499800498,5.233540607835085,5.240911960601807,44650
2000-05-11,5.159827848388819,5.248281955718994,5.012404336171861,5.248281955718994,192075
2000-05-12,5.019776208717838,5.2703965745418815,5.019776208717838,5.2187981605529785,114955
2000-05-15,5.01240632534973,5.344109535217285,4.813384329132092,5.344109535217285,211500
2000-05-16,5.270396115127566,5.292509468134186,5.130343590639136,5.233540058135986,94475
2000-05-17,5.233539462131325,5.64632563659532,5.196683760822346,5.417819023132324,116800
2000-05-18,5.366221581376048,5.71266704081032,5.3146231718920465,5.469418048858643,95755
2000-05-19,5.506274694925215,5.528388403191587,5.3809648530339995,5.454676628112793,110350
2000-05-22,5.557873373132901,5.557873373132901,5.2335411961335865,5.329366683959961,85750
2000-05-23,5.373592854817161,5.380964207183028,5.049260731913007,5.086116790771484,86250
2000-05-24,5.086116936041011,5.285138886293312,5.019776168795098,5.1893134117126465,64125
2000-05-25,5.2556545010675455,5.2925102117520835,5.071374893188477,5.071374893188477,219875
2000-05-26,5.159828557003014,5.159828557003014,5.056632084278873,5.086116790771484,50500
2000-05-29,5.108230290799358,5.307252241051659,5.019776168795098,5.1893134117126465,43135
2000-05-30,5.174570538221555,5.23353994696715,5.086116425103163,5.159828186035156,112000
2000-05-31,5.233540636431229,5.380964529202169,5.233540636431229,5.307252407073975,97095
2000-06-01,5.218798618046949,5.3072527485088195,5.204056262969971,5.204056262969971,45155
2000-06-02,5.299881272317408,5.380964393725724,5.159828735879567,5.167200088500977,74015
2000-06-05,5.336736525632837,5.344107877625316,5.204055353136886,5.233540058135986,81595
2000-06-06,5.1008592279851905,5.233540409386064,5.1008592279851905,5.145086288452148,109100
2000-06-07,5.122972776732387,5.307252378075069,5.122972776732387,5.240911960601807,108750
2000-06-08,5.373592724355466,5.373592724355466,5.2040554903963105,5.2851386070251465,90000
2000-06-09,5.174571099199108,5.307252283260722,5.174571099199108,5.2187981605529785,87750
2000-06-12,5.513645875145783,5.513645875145783,4.806012153625488,4.806012153625488,182500
2000-06-13,4.850238873181172,4.864981226688377,4.7175576916163235,4.85761022567749,261000
2000-06-14,4.9313223020478825,4.990291719769787,4.724928988535763,4.776527404785156,147925
2000-06-15,4.864981288955535,4.931322056329775,4.850238935259642,4.901837348937988,43625
2000-06-16,4.857610798388849,4.953435931740731,4.783898670676743,4.9313225746154785,204500
2000-06-19,4.938694228958915,5.100860509567178,4.938694228958915,5.027148723602295,188000
2000-06-20,5.093488168620714,5.093488168620714,4.953435626672813,5.0124053955078125,94750
2000-06-21,4.828125569836591,5.012405166372561,4.798640862509671,4.938693046569824,31750
2000-06-22,4.806011802453928,4.997662749126056,4.806011802453928,4.894465923309326,48500
2000-06-23,4.894465838510591,4.968177604613001,4.8060117191876985,4.835496425628662,65125
2000-06-26,5.14508631689429,5.14508631689429,4.842867892956693,4.872352600097656,42000
2000-06-27,4.901837243734622,4.901837243734622,4.806011771025204,4.828125476837158,29375
2000-06-28,4.872353037884685,4.901837747674887,4.806012265113997,4.842868328094482,25300
2000-06-29,4.864981591887257,4.864981591887257,4.806012173431787,4.820754528045654,35500
2000-06-30,4.806011802453928,4.916579629265891,4.7544133895455625,4.894465923309326,84000
2000-07-03,5.233540493254912,5.233540493254912,4.8723526512439115,4.95343542098999,49600
2000-07-04,4.857610727099189,4.997663275617131,4.857610727099189,4.923951148986816,40630
2000-07-05,4.872352641546201,4.96817776482679,4.857610287850307,4.901837348937988,29625
2000-07-06,4.864981507963132,5.145086592280078,4.85023915360358,5.0640034675598145,136250
2000-07-07,5.049260810548989,5.152457284880287,4.864981216357527,4.894465923309326,87425
2000-07-10,4.938693705131215,5.012405834763265,4.806012504467397,4.982921123504639,101750
2000-07-11,4.82812601704125,4.990291922359912,4.82812601704125,4.923951148986816,59650
2000-07-12,4.879723862322685,5.159828946639631,4.879723862322685,5.0640034675598145,156250
2000-07-13,5.159828675816106,5.462047100067139,5.0934879089374165,5.462047100067139,228500
2000-07-14,5.882205505125398,5.896947860717773,5.380965063499161,5.896947860717773,402400
2000-07-17,6.36133185321569,6.36133185321569,5.727409933105804,5.749523639678955,932305
2000-07-18,5.675811567681304,6.007514708739589,5.609471150360914,5.830606460571289,618545
2000-07-19,5.882204613433243,6.294990858930348,5.837977553360563,6.228650093078613,878585
2000-07-20,6.1770511643693,6.191793164170598,5.948544192197731,6.014884948730469,322100
2000-07-21,6.191794387348562,6.3392186323094935,5.697925345939228,6.140196323394775,1022100
2000-07-24,5.771637227511548,5.860091354400238,5.653698391659963,5.661069393157959,268275
2000-07-25,5.57261412734419,6.044369725819071,5.211426340625165,6.022256374359131,781125
2000-07-26,6.081227481365204,6.081227481365204,5.7716376624398436,5.896947860717773,187175
2000-07-27,5.756894770286878,5.896947311103848,5.712667707631853,5.889575958251953,246725
2000-07-28,5.82323554001214,5.896947311103848,5.749523768920432,5.889575958251953,206230
2000-07-31,5.8011217525432395,5.882204875363099,5.720038981208824,5.830606460571289,112975
2000-08-01,5.823235376952712,5.823235376952712,5.683182840057425,5.771636962890625,78975
2000-08-02,5.749523639678955,5.801121702540572,5.661069164871792,5.749523639678955,146775
2000-08-03,5.749523619092958,5.756894620267323,5.675811498436673,5.734781265258789,131125
2000-08-04,5.6831828739469,5.749523642210118,5.454676212855802,5.498903274536133,188350
2000-08-07,5.380964254339789,5.749523440212776,5.380964254339789,5.653697967529297,61125
2000-08-08,5.6463269503123295,5.675811658813795,5.498903407805004,5.550501823425293,102125
2000-08-09,5.594728946685791,5.6831830731468385,5.543130530507453,5.594728946685791,87000
2000-08-10,5.535758512168101,5.63158362248916,5.454675402063768,5.5873565673828125,53850
2000-08-11,5.528388500213623,5.579986919417054,5.48416143439017,5.528388500213623,69455
2000-08-14,5.602098704506618,5.602098704506618,5.469417544269687,5.491530895233154,39000
2000-08-16,5.462047354154682,5.602099895477295,5.462047354154682,5.602099895477295,227995
2000-08-17,5.579985567274449,5.602098919084928,5.543129512276464,5.5873565673828125,40750
2000-08-18,5.565243215572333,5.594727918976565,5.469417753765884,5.5873565673828125,98025
2000-08-21,5.602099895477295,5.646326958291997,5.528388124119459,5.602099895477295,63700
2000-08-22,5.602098919084928,5.609470270678681,5.506273457278479,5.5873565673828125,115000
2000-08-23,5.638955635088993,5.675811342921865,5.557872515479986,5.668440341949463,163755
2000-08-24,5.6758116668351315,5.6758116668351315,5.5726151869341605,5.602099895477295,44680
2000-08-25,5.528388116306469,5.602099887560132,5.454676345052806,5.550501823425293,95475
2000-08-28,5.734779995429996,5.734779995429996,5.528386735967001,5.616840839385986,155000
2000-08-29,5.602099928058861,5.62421363533755,5.557872864986937,5.579986572265625,72000
2000-08-30,5.543130589517309,5.646327071487118,5.528388234950194,5.638956069946289,44750
2000-08-31,5.565243215572333,5.668439677487145,5.528387160574348,5.5873565673828125,106875
2000-09-04,5.624213602627371,5.690554021106698,5.565244185541103,5.602099895477295,74750
2000-09-05,5.675812188030748,5.675812188030748,5.602100409904144,5.631585121154785,39750
2000-09-06,5.742152336487139,5.889575876627389,5.6463268596532545,5.830606460571289,108200
2000-09-07,5.867463149533023,6.103340839011025,5.837978438348273,5.896947860717773,355255
2000-09-08,5.992773347810953,6.037000063102596,5.764266660386397,5.896947860717773,271445
2000-09-11,6.044371416641525,6.118083546088883,5.896947860717773,5.896947860717773,571500
2000-09-12,5.963288636626203,6.044371416641525,5.889576507178845,5.896947860717773,272375
2000-09-13,5.896948248090064,5.985402387454894,5.749524682482015,5.8748345375061035,262575
2000-09-14,5.801121681769829,5.874833450940675,5.602099729265828,5.734781265258789,205600
2000-09-15,5.779008490054373,5.779008490054373,5.439933990802074,5.550501823425293,373100
2000-09-18,5.5505023710230565,5.5505023710230565,5.2998819725496125,5.329366683959961,159000
2000-09-19,5.37359317639517,5.513645716359111,5.233540636431229,5.307252407073975,205755
2000-09-20,5.366222368317765,5.432562788542511,5.344108660585876,5.403078079223633,64275
2000-09-21,5.403077192093131,5.454675600671963,5.329365430898659,5.4473042488098145,113250
2000-09-22,5.233541488705323,5.366223048954699,5.027148497294856,5.181943416595459,229780
2000-09-25,5.012404199821345,5.447303724773655,5.012404199821345,5.417819023132324,47750
2000-09-26,5.2040560964935585,5.417820414014216,5.2040560964935585,5.388335704803467,96050
2000-09-27,5.292509459839327,5.528387450947849,5.270396106867365,5.5062737464904785,77880
2000-09-28,5.425191840039507,5.425191840039507,5.28513929366173,5.395707130432129,70355
2000-09-29,5.513645791907799,5.513645791907799,5.240912061049882,5.314623832702637,74060
2000-10-03,5.329365678358143,5.366221736409425,5.30725197323029,5.336736679077148,69500
2000-10-04,5.344108712876485,5.43256284169862,5.277767940517153,5.395707130432129,69505
2000-10-05,5.344108468138072,5.380964529202169,5.285139051623875,5.307252407073975,25000
2000-10-06,5.23354179207291,5.2409131465076095,5.115602933001911,5.137716293334961,65250
2000-10-09,5.174571099199108,5.299881282111129,5.174571099199108,5.2187981605529785,27850
2000-10-10,5.307253271351918,5.307253271351918,5.130344993000089,5.181943416595459,32250
2000-10-11,4.95343503957385,5.041889506599681,4.95343503957385,4.97554874420166,36950
2000-10-12,4.938693504015785,4.990291922359912,4.879724083899909,4.923951148986816,54250
2000-10-13,4.835497664490779,4.93869416347326,4.643847023523316,4.6733317375183105,90950
2000-10-16,5.041891574859619,5.041891574859619,4.93869471291081,5.041891574859619,183950
2000-10-17,5.2925106189542825,5.380965104670812,4.968178441954968,5.329366683959961,385015
2000-10-18,5.32199542061296,5.454676975694974,5.204056572971606,5.351480484008789,131375
2000-10-19,5.661068968474333,5.712667381031306,5.543130141470314,5.653697967529297,668750
2000-10-20,6.044369590115098,6.044369590115098,5.344107383858787,5.491530895233154,254025
2000-10-23,5.557873743623373,5.587358456999186,5.417821179345507,5.572616100311279,122450
2000-10-24,5.454676652460659,5.528388427868478,5.388335878850887,5.521017074584961,179150
2000-10-25,5.454676404046405,5.602099948148151,5.454676404046405,5.594728946685791,76025
2000-10-26,5.992772446651279,5.992772446651279,5.528387788094812,5.653697967529297,76555
2000-10-27,5.705295518016135,5.705295518016135,5.587356701566829,5.675810813903809,119480
2000-10-30,5.6905541351884645,5.6905541351884645,5.616842362352887,5.638956069946289,30000
2000-10-31,5.638956069946289,5.653698424513405,5.528388234950194,5.638956069946289,38610
2000-11-01,5.646327476780106,5.675812188030748,5.572615698653502,5.631585121154785,167125
2000-11-02,5.602099545064557,5.712667370927991,5.594728544132557,5.690553665161133,192625
2000-11-03,5.675810130417044,5.771635582985406,5.653696780738409,5.7642645835876465,420480
2000-11-06,5.764266567200748,5.882205410033139,5.756895213780985,5.823235988616943,328630
2000-11-07,5.815862633828029,5.815862633828029,5.756893232704531,5.7642645835876465,169050
2000-11-08,5.7568951423042405,5.8822053370005625,5.749524140461472,5.815864562988281,73755
2000-11-09,5.742153310969619,5.823236447549839,5.60947210232649,5.8084940910339355,216415
2000-11-10,5.786379348653618,5.801121702540572,5.638955809784083,5.749523639678955,196375
2000-11-13,5.911689841478523,5.911689841478523,5.631584416666509,5.720038890838623,60750
2000-11-14,5.690553464804284,5.815863639605142,5.661068759143543,5.793750286102295,189750
2000-11-15,5.889576488327461,5.919061199417836,5.786379999511147,5.882205486297607,333060
2000-11-16,5.845348270312078,6.346588611602783,5.786378859746749,6.346588611602783,646035
2000-11-17,6.847828982155647,6.847828982155647,5.911689106252817,6.191793441772461,338075
2000-11-20,6.191794236892103,6.648808260412418,6.162309529210556,6.626694202423096,839355
2000-11-21,6.412929009169779,7.150047302246094,6.390815657209309,7.150047302246094,1190910
2000-11-22,7.150047331084083,7.533349182455698,6.95102575669558,7.127933979034424,1356025
2000-11-23,7.017366148315309,7.076335552673358,6.788859179199807,6.892055988311768,296715
2000-11-24,6.862573407469398,6.921542830055886,6.663551079011778,6.84045934677124,369520
2000-11-27,6.928912897694045,7.046852435915266,6.928912897694045,6.980511665344238,324130
2000-11-28,6.973138667362718,7.017366071633336,6.634064244523783,6.663548946380615,411985
2000-11-29,6.516126611512224,6.781488976050548,6.508755258976776,6.589838027954102,167940
2000-11-30,6.523498067744495,6.656178900637302,6.523498067744495,6.575096130371094,177445
2000-12-01,6.50138333407294,6.575095446996224,6.376073163885841,6.479269981384277,396650
2000-12-04,6.552982490639083,6.552982490639083,6.405558255876136,6.4203009605407715,140245
2000-12-05,6.405558889516046,6.5603537889528205,6.339218820875359,6.538240432739258,374380
2000-12-06,6.619323286898724,6.648808699498364,6.486642445054985,6.597209930419922,306625
2000-12-07,6.575096025854074,6.693034854537774,6.575096025854074,6.589838027954102,129160
2000-12-08,6.670921440772897,6.855201034700486,6.582467320044159,6.707777500152588,337675
2000-12-11,6.796230986412028,7.23850154876709,6.796230986412028,7.23850154876709,657875
2000-12-12,7.378555901322049,7.658660998504878,6.958397904062336,6.987882614135742,914335
2000-12-13,7.09845050059455,7.150048565273836,6.95102695653166,6.980511665344238,419715
2000-12-14,7.113191676999775,7.223759849427682,6.781488565657708,6.796231269836426,323215
2000-12-15,6.707778226514752,6.825717066924261,6.501384552827172,6.582468032836914,708650
2000-12-18,6.8330872090435415,6.8330872090435415,6.530868105348143,6.759375095367432,172450
2000-12-19,6.8109749288506976,6.8109749288506976,6.582468582228228,6.641438007354736,219810
2000-12-20,6.63406523636524,6.744632709116322,6.597209177791264,6.693034648895264,118650
2000-12-21,6.6782940738015535,6.6782940738015535,6.5087564493345935,6.641438007354736,183625
2000-12-22,6.545611117570205,6.766746766043216,6.545611117570205,6.693034648895264,373660
2000-12-26,6.670920882362503,6.670920882362503,6.420300543124607,6.501383304595947,345750
2000-12-27,6.523498617662477,6.678293521562056,6.523498617662477,6.634066104888916,109650
2000-12-28,6.7298910307939535,6.7298910307939535,6.611952200067762,6.626694202423096,85870
2000-12-29,6.619321689639228,6.707776500151916,6.604579689867618,6.6782917976379395,166455
2001-01-01,7.150048971029485,7.150048971029485,6.707778313742549,6.744633674621582,168495
2001-01-02,6.707777479850837,6.78148889541626,6.685663422507435,6.78148889541626,157760
2001-01-03,6.737261927311791,6.965768220630084,6.72989057514776,6.928912162780762,492780
2001-01-04,7.032109077339819,7.076336487939183,6.825716134808089,6.862572193145752,207395
2001-01-05,6.833086893460932,6.88468494886869,6.781488135082392,6.8257155418396,170575
2001-01-08,6.951027170185669,6.965769173559629,6.729891495808822,6.877315044403076,137565
2001-01-09,6.884685794986702,6.899427797070355,6.781488968517661,6.788860321044922,69300
2001-01-10,6.877314033906896,6.921541443472225,6.759375212360457,6.796231269836426,106135
2001-01-11,6.781488565657708,6.877314033906896,6.722519154884488,6.796231269836426,102530
2001-01-12,6.803603649139404,6.906800495721335,6.715149510485323,6.803603649139404,214150
2001-01-15,6.744632836148118,6.855201013952544,6.6488080662101545,6.78148889541626,129955
2001-01-16,6.7372627716687585,6.840458903015059,6.729891418580903,6.818345546722412,81880
2001-01-17,6.914171005826243,7.245874161038176,6.914171005826243,7.017367839813232,247255
2001-01-18,7.14267751776386,7.209018291171759,6.965769257323422,6.987882614135742,202175
2001-01-19,7.076336641034288,7.150048056333502,6.86994299106643,7.054222583770752,205450
2001-01-22,7.592320272834418,7.592320272834418,7.0910794954639735,7.194276332855225,860705
2001-01-23,7.223759412742039,7.4080389860111175,6.965767728977015,7.150047302246094,771825
2001-01-24,7.253246015143376,7.50386641287352,7.194276592497573,7.349071502685547,1286250
2001-01-25,7.371184394343258,7.931394577026367,7.371184394343258,7.931394577026367,621045
2001-01-29,7.349068846164969,7.754484007534764,7.2974700927734375,7.2974700927734375,1095280
2001-01-30,6.855202313799258,6.995254522009113,6.715149402618408,6.715149402618408,794430
2001-01-31,6.361331980175235,6.810973958443999,6.35396062734192,6.390816688537598,1225250
2001-02-01,6.339219064056572,6.611952811056016,6.339219064056572,6.412930488586426,298515
2001-02-02,6.383445807650657,6.530869360361917,6.309734382780501,6.339219093322754,767325
2001-02-05,6.634065267759906,6.634065267759906,6.073855143102732,6.095969200134277,514845
2001-02-06,6.191793937500208,6.324475467137062,6.118082523345947,6.118082523345947,412845
2001-02-07,6.191794864032198,6.228650928109844,6.0812273747702115,6.088598728179932,223590
2001-02-08,6.066483559932061,6.516126194206221,6.007514149366732,6.346588611602783,568080
2001-02-09,6.206536466700874,6.538239578447379,6.206536466700874,6.324475288391113,714020
2001-02-12,6.611952234868186,6.619322884599205,6.228650330019764,6.3539605140686035,935895
2001-02-13,6.435042485294426,6.442413837080408,6.132824091777158,6.147566795349121,563465
2001-02-14,6.125454902648926,6.228651040360966,6.118083549106362,6.125454902648926,230460
2001-02-15,6.132824773598456,6.191794188500681,6.044370651245117,6.044370651245117,199505
2001-02-16,5.9854013113525415,6.095969492908022,5.764266002697906,5.801121711730957,727080
2001-02-19,6.044371243881673,6.103340664565713,5.7568951423042405,5.815864562988281,401170
2001-02-20,5.896946446231655,5.896946446231655,5.6389551095060995,5.675810813903809,364330
2001-02-21,5.7347814266281185,6.029628863093564,5.683183011013894,5.852720260620117,382550
2001-02-22,5.756894986717274,5.867462823254358,5.60210008586245,5.697925567626953,194375
2001-02-23,5.609470573327726,5.638955278322753,5.380963933873562,5.469418048858643,360365
2001-02-26,5.749523823117395,5.904318719611855,5.572615219344245,5.579986572265625,467945
2001-02-27,5.60209876121812,5.653697166464181,5.137714168459712,5.26302433013916,526480
2001-02-28,5.366222535992457,5.5947292160964865,5.233540988426235,5.484161376953125,566680
2001-03-01,5.4915323399094556,5.85272056502375,5.410449563065517,5.454676628112793,565950
2001-03-02,5.675811365541075,5.7052960725190465,5.130343934963163,5.145086288452148,670635
2001-03-05,5.255654516382935,5.255654516382935,4.754413756540521,4.820754528045654,805090
2001-03-07,4.857611916146745,5.159830443960481,4.4816812436594144,5.041891574859619,865060
2001-03-08,5.137714942314392,5.159828648317916,4.791269459152351,4.85761022567749,169055
2001-03-09,4.8060116061554305,4.8060116061554305,4.474308490753174,4.474308490753174,282755
2001-03-12,4.489051702159977,4.496422704263854,4.120492458343506,4.120492458343506,429165
2001-03-13,3.7961599826812744,4.0320376551991135,3.7961599826812744,3.7961599826812744,478765
2001-03-14,3.6929641396345576,4.098379135131836,3.6855927853508073,4.098379135131836,241800
2001-03-15,4.002552304061167,4.42270986806178,4.002552304061167,4.415338516235352,310555
2001-03-16,4.570134683260176,4.643846816446227,4.238431489864945,4.267916202545166,458015
2001-03-19,4.422710293697624,4.562762828509634,4.127862870487363,4.334256172180176,117545
2001-03-20,4.275286945234073,4.275286945234073,4.142605405656629,4.216317176818848,92830
2001-03-21,4.2310597213416985,4.2310597213416985,4.024666752805037,4.046780109405518,119410
2001-03-22,4.0246663093566895,4.083635722441188,3.9878102504361648,4.0246663093566895,123500
2001-03-23,4.120492105839932,4.157347816177323,3.8330156671868285,3.9067277908325195,372680
2001-03-26,4.017295374196111,4.127863210955322,3.958325954987322,3.9804396629333496,187080
2001-03-27,3.9804396629333496,4.054151436944336,3.9214702437245608,3.9804396629333496,246135
2001-03-28,4.032037127239094,4.083635537088739,3.9435830116271973,3.9435830116271973,210960
2001-03-29,3.92884040453151,3.9435827561785457,3.840386294649298,3.891984701156616,167750
2001-03-30,3.8551287591249768,3.8698711112034787,3.5823950699299894,3.619250774383545,308605
2001-04-02,3.5381685961136373,3.5381685961136373,3.331775281554735,3.530797243118286,150580
2001-04-03,3.4202292564744865,3.7740461003501533,3.4202292564744865,3.7150766849517822,254100
2001-04-04,3.8182725378901514,4.009923458099365,3.8182725378901514,4.009923458099365,272745
2001-04-06,4.326884746551514,4.326884746551514,4.2752866856140175,4.326884746551514,97240
2001-04-09,4.606990413991081,4.66595983505249,4.606990413991081,4.66595983505249,28155
2001-04-10,5.034517368436278,5.034517368436278,4.363739903099984,4.5775041580200195,636960
2001-04-11,4.570134029882946,4.614361444065728,4.216317176818848,4.216317176818848,335215
2001-04-12,3.9951826185953307,4.2605453964298645,3.8846147652071488,4.08363676071167,397870
2001-04-16,3.958324865653356,4.4079670906066895,3.958324865653356,4.4079670906066895,221520
2001-04-17,4.511164339009266,4.525906692346469,4.23105927411698,4.326884746551514,254845
2001-04-18,4.363741651885689,4.606990704864875,4.3489992956895405,4.518536567687988,254860
2001-04-19,4.503794176438885,4.864982076176133,4.4964228226554335,4.540649890899658,271480
2001-04-20,4.444823741912842,4.53327785829782,4.371111626773279,4.444823741912842,176905
2001-04-23,4.496421822596624,4.5627625859507175,4.422710058583975,4.459566116333008,122230
2001-04-24,4.348998824116322,4.570134143080262,4.275287051128342,4.555391788482666,68205
2001-04-25,4.415339722829457,4.710187198237908,4.415339722829457,4.518536567687988,92245
2001-04-26,4.533279244592571,4.570134961947563,4.437453746795654,4.437453746795654,41680
2001-04-27,4.275286841062546,4.385854319369065,4.1278629508447855,4.142605304718018,271570
2001-04-30,4.2310590508308845,4.466937043263549,4.201574345712477,4.452194690704346,338830
2001-05-02,4.606990191415746,4.806012153625488,4.533278418650186,4.806012153625488,376085
2001-05-03,5.159827735250862,5.159827735250862,4.806010962202817,4.916578769683838,477720
2001-05-04,4.813382313394724,4.938692120288819,4.791268611304372,4.916578769683838,346150
2001-05-07,5.012405711016486,5.086117487343248,4.606990413991081,4.66595983505249,641675
2001-05-08,4.584876069395041,4.850238778849144,4.496421950072149,4.835496425628662,286010
2001-05-09,4.864981001711325,4.864981001711325,4.67333041498038,4.747042179107666,107575
2001-05-10,4.7765270543752045,4.968177647911748,4.7765270543752045,4.864981174468994,347760
2001-05-11,4.901837687840012,4.916580042555158,4.76915614391823,4.798641204833984,245055
2001-05-14,4.975549106471193,5.086116934689862,4.8649812782525235,4.938693046569824,429400
2001-05-15,4.864981132069627,4.864981132069627,4.570133716174559,4.835496425628662,164565
2001-05-16,4.864981684694401,4.960807167255291,4.769156202133511,4.842868328094482,253155
2001-05-17,4.864981174468994,4.931321940282051,4.806011761073134,4.864981174468994,129710
2001-05-18,4.864981684694401,4.931322457465089,4.813383618304281,4.842868328094482,171005
2001-05-21,4.93869471291081,5.122974371623684,4.93869471291081,5.041891574859619,341460
2001-05-22,5.130344038548694,5.130344038548694,4.9386930878368664,4.968177795410156,205950
2001-05-23,5.049261532302891,5.174571730502904,4.9460650432204325,5.019776821136475,92590
2001-05-24,5.086118152374201,5.086118152374201,4.990292654877093,5.027148723602295,97150
2001-05-25,5.0640039227634075,5.071375276348522,4.95343607938509,4.997663497924805,200135
2001-05-28,5.064004937073253,5.064004937073253,4.997664498946796,5.041891574859619,116910
2001-05-29,5.056630736929619,5.152455831755107,5.049259386527863,5.130342483520508,207035
2001-05-30,5.1598302231191475,5.535760879516602,5.1377165103664275,5.535760879516602,778960
2001-05-31,5.53575965662912,5.690554205760813,5.204056147527157,5.380964756011963,1143380
2001-06-01,5.307252479794635,5.417820313016493,5.263025416802983,5.314623832702637,415140
2001-06-04,5.622271811110635,5.660727989649521,5.114652308171012,5.1531081199646,409880
2001-06-05,5.1761819004369904,5.268476288835958,4.960827960760766,5.1531081199646,298605
2001-06-06,5.199255681872425,5.2146380799417695,5.0761961305723755,5.160799503326416,88535
2001-06-07,5.076195825533105,5.183872605547989,4.9992838398081885,5.068504810333252,119280
2001-06-08,5.037741073746485,5.106961692059546,5.030049690186504,5.053123474121094,98185
2001-06-11,5.168490926293422,5.283859104277786,5.0761965306040615,5.2377119064331055,150160
2001-06-12,5.206946399320208,5.653036284527849,5.160799207755137,5.560741901397705,470690
2001-06-13,5.768404434624273,5.983758361551501,5.691492448845005,5.699183464050293,660005
2001-06-14,5.653036681217734,5.737640055063201,5.399226926426637,5.43768310546875,181255
2001-06-15,5.322314631722762,5.445373810850826,5.230020247376713,5.3376970291137695,228335
2001-06-18,5.25309389174248,5.25309389174248,5.0761961305723755,5.160799503326416,72770
2001-06-19,5.122342956278235,5.245402498725362,5.060813368427308,5.137725353240967,192340
2001-06-20,5.1377257218981045,5.183872916097589,4.999284139299652,5.1531081199646,102880
2001-06-21,5.114652001768202,5.183872605547989,5.0454310312431385,5.068504810333252,79665
2001-06-22,5.045432246727462,5.106961850130361,4.84546103566804,4.891608238220215,193295
2001-06-25,4.922372900601345,4.922372900601345,4.622415909129359,4.6301069259643555,147235
2001-06-26,4.622415656842204,4.88391644963067,4.614724273681641,4.807004451751709,133965
2001-06-27,4.737782956205499,4.830077710390962,4.691635762485415,4.745474338531494,112195
2001-06-28,4.737782956205499,4.814695312484267,4.722400558298804,4.745474338531494,113850
2001-06-29,4.7223998246992975,4.922371333167121,4.66087024263081,4.860841751098633,191475
2001-07-02,5.6914931474687345,5.6914931474687345,5.076196452217128,5.106961250305176,51590
2001-07-03,4.460899706354894,4.8454600132218575,4.153251387512265,4.6147236824035645,143280
2001-07-04,4.407061041169546,4.730091751005839,4.383987261861833,4.491664409637451,125345
2001-07-05,4.691634654998779,4.691634654998779,4.507045923691647,4.691634654998779,16665
2001-07-06,4.553193780805185,4.6608705566803,4.491664194590833,4.514737606048584,66450
2001-07-09,4.61472369748564,4.61472369748564,4.407061145768598,4.46859073638916,79250
2001-07-10,4.553194853834492,4.576268270729843,4.460900452762392,4.499356269836426,79550
2001-07-11,4.599341269518524,4.8377686149744905,4.507046884195947,4.753165245056152,137680
2001-07-12,4.837768505744288,4.960827683395883,4.737782740529728,4.768547534942627,139525
2001-07-13,4.914681096238603,4.914681096238603,4.737783323234944,4.760857105255127,96075
2001-07-16,4.822386851327501,4.845460634063857,4.7762396526001245,4.807004451751709,59425
2001-07-17,4.49935633906121,4.837769514944247,4.49935633906121,4.6301069259643555,91865
2001-07-18,4.668561878106926,4.807003445303371,4.668561878106926,4.7377824783325195,23500
2001-07-19,4.691635345139686,4.722400138216385,4.660870552062988,4.660870552062988,41900
2001-07-20,4.614723745205059,4.645488540833469,4.476282164877213,4.537811756134033,64510
2001-07-24,4.499355268410768,4.499355268410768,4.383987109375565,4.445517063140869,47250
2001-07-25,4.4224444677175985,4.491665455005608,4.014810294542624,4.191708087921143,118375
2001-07-26,4.160941973486536,4.222471557555466,4.084029993400374,4.18401575088501,53650
2001-07-27,4.383987511239869,4.383987511239869,4.153251538763998,4.160942554473877,93415
2001-07-30,4.1532511160733145,4.268619273942486,4.122486322874237,4.237854480743408,26125
2001-07-31,4.268619273942486,4.268619273942486,4.168633512672852,4.237854480743408,48750
2001-08-01,4.3070750820687,4.3070750820687,4.184015909272391,4.237854480743408,21000
2001-08-02,4.299384172742733,4.307075187858777,4.207089424133301,4.207089424133301,27525
2001-08-03,4.268619273942486,4.268619273942486,4.184015909272391,4.237854480743408,26425
2001-08-06,4.230162530487097,4.399368870338686,4.230162530487097,4.3916778564453125,67150
2001-08-07,4.383986948744218,4.537811277403381,4.383986948744218,4.530119895935059,101170
2001-08-08,4.46089961372012,4.530120218131946,4.46089961372012,4.483973026275635,38155
2001-08-09,4.460899296446426,4.537811277403381,4.314766349255585,4.530119895935059,147850
2001-08-10,4.537811710387506,4.537811710387506,4.460899722091844,4.476282119750977,49500
2001-08-13,4.460899829864502,4.499355641568758,4.460899829864502,4.460899829864502,41970
2001-08-14,4.491663981495229,4.491663981495229,4.353222052335702,4.399369239807129,23595
2001-08-16,4.383988235692167,4.391679619418344,4.322458632864192,4.345532417297363,18475
2001-08-17,4.31476699169706,4.3532228045287376,4.253237397770129,4.291693210601807,46075
2001-08-20,4.322457528921394,4.330148910683215,4.245545545029517,4.299384117126465,30350
2001-08-21,4.307075500488281,4.307075500488281,4.230163510018817,4.307075500488281,36750
2001-08-23,4.307076310627751,4.3147676944940585,4.253238090545078,4.260929107666016,26750
2001-08-24,4.460898815211752,4.50704599880764,4.368604081274761,4.3916778564453125,96335
2001-08-27,4.4993566041418225,4.599342396104955,4.437826998855395,4.453209400177002,71795
2001-08-28,4.514736905498745,4.514736905498745,4.383986371709121,4.407060146331787,66875
2001-08-29,4.307075651089601,4.383987644248372,4.307075651089601,4.353222846984863,31925
2001-08-30,4.33784044902283,4.3839876449252175,4.33784044902283,4.36091423034668,29350
2001-08-31,4.368605287035138,4.41475248336792,4.330149473463811,4.41475248336792,32750
2001-09-03,4.4147520551185275,4.530120218131946,4.391678642563012,4.483973026275635,50550
2001-09-04,4.468590204386893,4.468590204386893,4.391678225267847,4.399369239807129,39840
2001-09-05,4.430136063718452,4.445518465325305,4.368606090545654,4.368606090545654,51420
2001-09-06,4.360914897455795,4.360914897455795,4.230164305691525,4.260929107666016,25005
2001-09-07,4.268620161295643,4.368605576604802,4.230163978429961,4.314767360687256,35375
2001-09-10,4.391678873377341,4.391678873377341,4.307075500488281,4.307075500488281,9490
2001-09-11,4.307075500488281,4.322457898582174,4.253237290532306,4.307075500488281,33000
2001-09-12,3.9148242041082133,4.153251560274104,3.468734288265883,4.022500991821289,151245
2001-09-13,4.014809975863241,4.08403095765677,3.9532803772669216,4.045575141906738,78000
2001-09-14,4.076340190764408,4.076340190764408,3.714853226762263,3.83022141456604,66910
2001-09-17,3.576411390498934,3.576411390498934,3.15339485144974,3.414896011352539,135870
2001-09-18,3.4610433863914407,3.7456179768091857,3.4610433863914407,3.737926959991455,107275
2001-09-19,3.907133327132764,3.914824710622918,3.6533235398832864,3.6763973236083984,139755
2001-09-20,4.137868714017159,4.137868714017159,3.5764106887565017,3.6225578784942627,58500
2001-09-21,3.553337772128245,3.845603744747976,3.5379553718190673,3.6994707584381104,119735
2001-09-24,3.860986104685877,3.922515705279222,3.6917797030541784,3.8379123210906982,124330
2001-09-25,3.868676213637903,3.9532792032095103,3.8609848327249057,3.8994410037994385,38625
2001-09-26,3.79176501240925,3.9071331936012457,3.7302354135722755,3.8686773777008057,98000
2001-09-27,3.984045305872567,3.984045305872567,3.7148531199040087,3.8379123210906982,73580
2001-09-28,4.076339613271275,4.076339613271275,3.807147090950387,3.907132863998413,60720
2001-10-01,3.8456027507781982,3.8456027507781982,3.7686907691116858,3.8456027507781982,16400
2001-10-03,3.922514403250856,3.922514403250856,3.737925662742687,3.753308057785034,37425
2001-10-04,3.845603780442768,3.845603780442768,3.7533093777310267,3.7686917781829834,20055
2001-10-05,3.8456026988982734,3.8456026988982734,3.7225435298920093,3.7840731143951416,30670
2001-10-08,3.6917791590856375,3.768691148494652,3.668705378890286,3.722543954849243,19045
2001-10-09,3.707160872657992,3.845602428039119,3.707160872657992,3.753308057785034,20980
2001-10-10,3.7609994477075466,3.807146637445308,3.5379545139357353,3.6225578784942627,54075
2001-10-11,3.7686915200799147,3.7686915200799147,3.691779523087535,3.7302353382110596,26750
2001-10-12,3.799455944258258,3.807146959826512,3.7071615569674403,3.722543954849243,27620
2001-10-15,3.7071621240783137,3.7379269245482294,3.6687059401182442,3.6763973236083984,17450
2001-10-16,3.707161534446068,3.7148525499675986,3.622558163237479,3.691779136657715,63500
2001-10-17,3.768691760753084,3.768691760753084,3.691779758849012,3.737926959991455,34755
2001-10-18,3.768691778420308,3.845603780684935,3.730235593915316,3.761000394821167,14850
2001-10-19,3.722542791347724,3.7763809837339597,3.691778005199824,3.7456161975860596,20380
2001-10-22,3.845603486028861,4.037883660330304,3.7763825059218363,3.8840596675872803,103040
2001-10-23,4.0686486317452,4.0686486317452,3.9071332491299926,3.953280448913574,84570
2001-10-24,4.107104720762941,4.676253871788717,3.976354141001524,3.999427556991577,432320
2001-10-25,4.230163937695698,4.230163937695698,3.9609717604641297,4.045575141906738,248300
2001-10-29,4.168634196202231,4.23016379268937,4.0840308176597535,4.199398994445801,119740
2001-10-30,4.176325879662672,4.222473084401193,4.076340452768568,4.099413871765137,79135
2001-10-31,4.107104409189308,4.114795425020757,4.045574815556485,4.084030628204346,35830
2001-11-01,4.107105143853673,4.137869946173183,4.107105143853673,4.122487545013428,39755
2001-11-02,4.122487657507088,4.145561076503658,4.076340452768568,4.099413871765137,68070
2001-11-05,4.1455597395212544,4.191706929376869,3.999426788272512,4.091721534729004,63170
2001-11-06,4.130177390952749,4.176324581345234,4.114794994155254,4.145559787750244,64855
2001-11-07,4.176324103458275,4.199397879386874,4.153250694274902,4.153250694274902,56300
2001-11-08,4.153251757036218,4.1686341560096905,4.1147955762298745,4.137869358062744,31700
2001-11-09,4.153251757036218,4.153251757036218,4.1147955762298745,4.137869358062744,25750
2001-11-12,4.160942994184237,4.160942994184237,4.107104778289795,4.107104778289795,32500
2001-11-13,4.130177975203348,4.153251757036218,4.076339762168852,4.137869358062744,28100
2001-11-14,4.2301631535091015,4.307075137496577,4.091721582331646,4.145559787750244,51990
2001-11-15,4.191707351715648,4.230163530509308,4.1532515396672895,4.168633937835693,57725
2001-11-19,4.191706966565317,4.522429046915915,4.160942173055298,4.445517063140869,181295
2001-11-20,4.768546994335575,4.768546994335575,4.383986741026408,4.42244291305542,161170
2001-11-21,4.383987109375565,4.522429046915915,4.322457522355529,4.445517063140869,58505
2001-11-22,4.430135726928711,4.530121146399432,4.383988158871018,4.430135726928711,83845
2001-11-23,4.530120957848118,4.530120957848118,4.291693577618779,4.314767360687256,92800
2001-11-26,4.353222847656959,4.683944968408702,4.322458050388701,4.36091423034668,103715
2001-11-27,4.445517069893664,4.445517069893664,4.291692735364643,4.299384117126465,130865
2001-11-28,4.383987065066393,4.445517018209811,4.19939830587193,4.237854480743408,286550
2001-11-29,4.52242916662654,4.52242916662654,4.230163253799694,4.28400182723999,111120
2001-12-03,4.337840296676067,4.337840296676067,4.2916931023943885,4.307075500488281,73530
2001-12-04,4.3070750820687,4.337839875267777,4.230163099071007,4.237854480743408,51400
2001-12-05,4.153250646247216,4.3839865691388695,4.153250646247216,4.230162620544434,103610
2001-12-06,4.245545545029517,4.3070751321430185,4.168633561137641,4.299384117126465,99050
2001-12-07,4.153250646247216,4.345530765362872,4.153250646247216,4.230162620544434,97980
2001-12-10,4.230163360108956,4.299384332451049,4.214780962560189,4.268619537353516,105610
2001-12-11,4.230163510018817,4.345531679095663,4.230163510018817,4.307075500488281,112160
2001-12-12,4.237854892438413,4.383987490957745,4.230163510018817,4.307075500488281,133495
2001-12-13,4.26092859093294,4.291693389176509,4.191707611512246,4.199398994445801,106750
2001-12-14,4.207089748969051,4.376296495529991,4.153251538763998,4.160942554473877,192860
2001-12-18,4.191706450023213,4.291692199982208,4.130176870585439,4.230162620544434,114455
2001-12-19,4.268618840427444,4.268618840427444,4.153250694274902,4.153250694274902,41425
2001-12-20,4.11479452330898,4.18401548434955,4.0994121282716565,4.153250694274902,56100
2001-12-21,4.084029885982371,4.153250849611895,4.0378826991444345,4.05326509475708,83520
2001-12-24,4.076339613271275,4.076339613271275,3.8532946529304812,3.907132863998413,102720
2001-12-26,3.8686760065430694,4.1532504836762705,3.860984626041801,3.9302055835723877,111480
2001-12-27,3.953279578503071,3.9763533566872806,3.8917499923388617,3.9148237705230713,127435
2001-12-28,3.8456024376441382,3.9225144130479754,3.8456024376441382,3.8994410037994385,44010
2001-12-31,3.8609863283713386,4.122487512788421,3.845603927331826,4.060957908630371,41635
2002-01-01,3.960971292548103,4.137869050987969,3.960971292548103,4.037883281707764,33825
2002-01-02,4.045575141576266,4.045575141576266,3.9532803769439884,4.0301923751831055,24550
2002-01-03,4.114795042269141,4.260927996926697,4.060956836221018,4.207089424133301,87215
2002-01-04,4.26092859093294,4.276310990054725,4.114795615903323,4.199398994445801,132015
2002-01-07,4.284002892519568,4.284002892519568,4.137869899768053,4.260929107666016,93275
2002-01-08,4.153250956880911,4.307074916980288,4.153250956880911,4.176324367523193,88915
2002-01-09,4.368605113074811,4.460899868810461,4.13786914059894,4.160942554473877,81655
2002-01-10,4.153251757036218,4.19170757109724,4.122486959089271,4.137869358062744,34675
2002-01-11,4.153250956880911,4.199398144910725,4.084029991463567,4.176324367523193,74195
2002-01-14,4.307076232157199,4.491665407386484,4.307076232157199,4.345532417297363,197670
2002-01-15,4.383987903594971,4.3993703031367115,4.314767289029802,4.383987903594971,67530
2002-01-16,4.437826334083989,4.437826334083989,4.337840557098389,4.337840557098389,44570
2002-01-17,4.307075905886264,4.430135468965529,4.307075905886264,4.383987903594971,114425
2002-01-18,4.399369136488966,4.430134294159316,4.345530935742634,4.42244291305542,69595
2002-01-21,4.368605074934633,4.491664625926026,4.353222676903871,4.460899829864502,85155
2002-01-22,4.537812790818528,4.537812790818528,4.407062196212181,4.453209400177002,107085
2002-01-23,4.476282011005557,4.514737820846509,4.46089961372012,4.483973026275635,68015
2002-01-24,4.530121139891909,4.7454751124521515,4.49935633906121,4.6301069259643555,205240
2002-01-25,4.660869763081893,4.730090719159534,4.583957793409623,4.707016944885254,146065
2002-01-28,4.7685473865256816,4.7685473865256816,4.5762672440569805,4.583958625793457,117745
2002-01-29,4.614722563861861,4.614722563861861,4.553192988356268,4.568575382232666,53330
2002-01-30,4.499355317689548,4.5455025084599985,4.430134714906508,4.507046699523926,69865
2002-01-31,4.537811710387506,4.583958903364903,4.468590737548766,4.476282119750977,13030
2002-02-01,4.468590845507234,4.583959014110596,4.453208447476472,4.460899829864502,33225
2002-02-04,4.537811276971798,4.906989152275323,4.460899296022158,4.830077171325684,234310
2002-02-05,4.860843071800029,5.022358451986501,4.799313106268481,4.876225471496582,336880
2002-02-06,5.2146383822891815,5.3838447708626385,4.922372435280619,5.25309419631958,618780
2002-02-07,5.337697989080039,5.383845189552476,4.891608017767804,4.914681434631348,387930
2002-02-08,5.068505874495702,5.122344092434154,4.86853430288044,5.053123474121094,166910
2002-02-11,5.383843215405533,5.460755187990855,5.253092678637879,5.422299385070801,399700
2002-02-12,6.152964743267379,6.152964743267379,5.429991341924029,5.560741901397705,409555
2002-02-13,6.152965920579855,6.152965920579855,5.460757181165552,5.5376691818237305,277340
2002-02-14,5.845317174421034,5.845317174421034,5.560742606956367,5.729948997497559,229080
2002-02-15,5.976067761186822,6.12989175286338,5.7145666085913485,5.9376115798950195,638315
2002-02-18,6.229877091827538,7.122056861651805,6.152964739191423,6.3606276512146,1375960
2002-02-19,6.922085182641776,6.922085182641776,5.845316303104001,5.860698699951172,620600
2002-02-20,5.92222760251569,6.152963895287045,5.72994748078797,6.037595748901367,417370
2002-02-21,6.137583164964307,6.845173896781809,6.083744584249196,6.568290710449219,1672340
2002-02-22,6.614438137808923,6.845173754891273,6.545217159287962,6.729805946350098,994020
2002-02-25,6.922086420290065,6.99899878502289,6.575982245973695,6.829792022705078,708155
2002-02-26,6.998998816109273,6.998998816109273,6.414466895317458,6.46061372756958,373780
2002-02-27,6.629819030565439,6.629819030565439,6.160655760708286,6.18372917175293,333420
2002-02-28,6.229877319808747,6.614437630081125,5.3838443438132835,5.67611026763916,1134720
2002-03-01,5.537669108451616,6.322172605006694,5.537669108451616,6.2375688552856445,392680
2002-03-04,6.291406369232968,6.4529217149843685,6.052978674651178,6.106817245483398,255030
2002-03-05,6.152964381035174,6.306788343862951,6.076052399621285,6.191420555114746,430015
2002-03-06,6.17603896185808,6.499069711725239,6.099126965876692,6.16834831237793,414655
2002-03-07,6.314480740191794,6.460613344990863,6.222186347662282,6.252951145172119,293280
2002-03-08,6.299097444917963,6.345245004046881,6.122200057486674,6.1760382652282715,170585
2002-03-11,6.422157720446579,6.422157720446579,5.960685037082646,5.999141216278076,97175
2002-03-12,5.960684681549522,5.991449476372736,5.814551722766616,5.829934120178223,126650
2002-03-13,5.845317105043981,5.90684670087413,5.7760964931077226,5.814552307128906,78000
2002-03-14,6.0837440037812875,6.1068177838134625,5.929920026051091,6.022214412689209,56095
2002-03-15,6.014523020688728,6.1529645919799805,6.014523020688728,6.1529645919799805,87350
2002-03-18,6.30679006916457,6.30679006916457,5.968377258366387,6.014524459838867,89945
2002-03-19,5.999140749556865,6.076052735218819,5.829934014355289,5.853007793426514,395675
2002-03-20,5.860698707546922,5.883772486220217,5.668418563335446,5.714565753936768,85285
2002-03-21,5.945301421414983,5.945301421414983,5.768403693478499,5.822242259979248,72775
2002-03-22,5.791478213730692,5.79916922893598,5.645345257377444,5.699183464050293,95765
2002-03-26,5.829935885389918,6.137584293518373,5.668420480291113,6.060672283172607,132210
2002-03-27,6.152965265951274,6.252951039541856,5.883773108914968,5.906846523284912,133640
2002-03-28,5.845315482602747,6.191419913199656,5.845315482602747,6.1375813484191895,98865
2002-04-01,6.229878205464917,6.5221434373494205,6.19142202227253,6.245260238647461,443960
2002-04-02,6.306788668460837,6.414465814727466,6.106817506492608,6.1298909187316895,271265
2002-04-03,6.145273277392596,6.191420835072844,5.88377252876107,5.929919719696045,99465
2002-04-04,5.983758225525972,6.152964590393886,5.929919653331729,6.145273208618164,136260
2002-04-05,6.214493966166285,6.229876729194318,6.076052399621285,6.191420555114746,93550
2002-04-08,6.152964379196567,6.2990969604666605,6.152964379196567,6.18372917175293,88650
2002-04-09,6.152964977132521,6.152964977132521,5.96068482159713,6.022214412689209,63185
2002-04-10,6.068361891616675,6.1529652667228,5.88377310965274,5.9145379066467285,52270
2002-04-11,5.7684054741658555,5.922229473445475,5.7684054741658555,5.8376264572143555,149550
2002-04-12,5.922229435770532,5.983759401836293,5.6914934383189575,5.768405437469482,121480
2002-04-15,5.952994010085865,5.952994010085865,5.7684052191120365,5.806861400604248,90700
2002-04-16,5.906846169650119,5.906846169650119,5.706875001186263,5.753022193908691,55750
2002-04-17,5.90684692388226,5.90684692388226,5.768405328037677,5.791479110717773,29925
2002-04-18,5.7684052191120365,5.845317215351132,5.7376404206163985,5.806861400604248,43400
2002-04-19,5.922228790126148,6.037596959647109,5.6991838335334295,5.722257614135742,50625
2002-04-22,5.691493324754981,5.845317319986736,5.4607569651620125,5.576125144958496,391325
2002-04-23,5.545360276242793,5.799170048559108,5.545360276242793,5.660728454589844,67265
2002-04-24,5.606890127678335,5.722258311254112,5.599199111037469,5.691493511199951,36985
2002-04-25,5.6914923420087415,5.845316310679815,5.676109945141635,5.714565753936768,93305
2002-04-26,5.7607138665312805,5.783787648897499,5.653037071228027,5.653037071228027,48710
2002-04-29,5.69149325324968,5.7684052498992715,5.622272272892384,5.660728454589844,139900
2002-04-30,5.729949327894979,5.753023111308273,5.583816711010388,5.691493511199951,93750
2002-05-02,5.76071357310637,6.152965286135241,5.76071357310637,6.1222004890441895,895525
2002-05-03,6.383701453090587,6.452922427988278,6.1529651145951485,6.229877471923828,887005
2002-05-06,6.352937732604877,6.47599693837599,6.245260560809791,6.399084568023682,675275
2002-05-07,6.514452787503492,6.514452787503492,6.183730638935915,6.245260238647461,228945
2002-05-08,6.291406796305283,6.291406796305283,6.152964852409097,6.1760382652282715,183995
2002-05-09,6.291407505548839,6.291407505548839,6.122200747655197,6.160656929016113,154585
2002-05-10,6.16834831237793,6.229877909163041,6.106818348847493,6.16834831237793,147900
2002-05-13,6.029906674737278,6.376010858500932,6.029906674737278,6.299098491668701,246930
2002-05-14,6.376008878962257,6.460611869418743,6.176037374075512,6.260641098022461,192100
2002-05-15,6.299096465064313,6.30678784597113,6.014522339671369,6.037595748901367,168515
2002-05-16,5.9991412154524095,6.0683618245512285,5.960685036262273,5.99144983291626,95075
2002-05-17,6.076053318038901,6.091435716646784,5.77609636181252,5.983758926391602,176260
2002-05-20,5.853007813251421,5.883772607620407,5.537668120851396,5.553050518035889,156105
2002-05-21,5.383844298400818,5.4146090936234845,5.076195979428856,5.114652156829834,150870
2002-05-22,5.076196279036839,5.3069326235706855,5.060813880517603,5.206946849822998,237925
2002-05-23,5.230021181891681,5.345388999565849,5.230021181891681,5.3300065994262695,48980
2002-05-24,5.606889804376692,5.760713795777775,5.460756829173,5.729948997497559,137580
2002-05-27,5.614581511064549,5.737640711281192,5.5607429275970945,5.691493511199951,42885
2002-05-28,5.460756670552739,5.645345821617546,5.460756670552739,5.483830451965332,49360
2002-05-29,5.614581549227257,5.614581549227257,5.483830964735679,5.5376691818237305,58030
2002-05-30,5.660727666494666,5.676110063683024,5.5453595042093475,5.560741901397705,32500
2002-05-31,5.8453161537054,5.8453161537054,5.406917671393283,5.522285461425781,37620
2002-06-03,5.729948211319017,5.729948211319017,5.576124241023378,5.645345211029053,25500
2002-06-04,5.706875911227032,5.706875911227032,5.653037327759577,5.691493511199951,38800
2002-06-05,5.837625871082769,5.914537863000167,5.7068753014505385,5.8453168869018555,173970
2002-06-06,5.883772158422404,5.976066534483126,5.745330227586071,5.760712623596191,78855
2002-06-07,5.7145659562185305,5.84531651758983,5.7145659562185305,5.829934120178223,84180
2002-06-10,5.568432490097062,5.960684138473005,5.568432490097062,5.760712623596191,42020
2002-06-11,5.922228878819253,5.922228878819253,5.814552090134896,5.8453168869018555,125245
2002-06-12,5.999141554092785,6.222186525797319,5.983759154897483,6.160656929016113,322405
2002-06-13,6.4298489282379405,7.075910447693033,6.306789730911385,6.46061372756958,984015
2002-06-14,6.6836580768417555,6.6836580768417555,6.237568161786249,6.2683329582214355,173015
2002-06-17,6.53752486304177,6.545216244800724,6.391392277074319,6.437539100646973,134835
2002-06-18,6.475996193994584,6.53752578980764,6.314480821612652,6.368319034576416,151630
2002-06-19,6.445231044593095,6.445231044593095,6.168347878534351,6.222186088562012,138530
2002-06-20,6.045287814309006,6.260641736396224,6.045287814309006,6.1529645919799805,89545
2002-06-21,6.3683172687385765,6.452920989640179,6.083742783638724,6.1375813484191895,143395
2002-06-24,6.368319135184215,6.368319135184215,6.152965546436326,6.16834831237793,52570
2002-06-25,6.360627280970557,6.360627280970557,6.076052399621285,6.191420555114746,86290
2002-06-26,6.312821544776275,6.312821544776275,6.191421056237979,6.239981174468994,56410
2002-06-27,6.239981491078667,6.434221973858275,6.239981491078667,6.312821865081787,32860
2002-06-28,6.32900733648646,6.37756744770188,6.264260135611107,6.320913791656494,37175
2002-07-01,6.159047350762612,6.450408046272808,6.159047350762612,6.215700626373291,290210
2002-07-02,6.377567852894613,6.377567852894613,6.150953600236804,6.191420555114746,226820
2002-07-03,6.312822047834359,6.329008755201256,6.231888125078331,6.288541793823242,149540
2002-07-04,6.312822040984987,6.377568870382323,6.248074825666106,6.272355079650879,182560
2002-07-05,6.490876011849065,6.490876011849065,6.264261343954722,6.2804484367370605,359170
2002-07-08,6.393754959106445,6.571808722721598,6.37756825332325,6.393754959106445,468795
2002-07-09,6.604182747726895,6.83079664974099,6.507062504006568,6.668929576873779,1153980
2002-07-10,6.790330354775264,7.041224120855734,6.717489980157362,6.87126350402832,2185120
2002-07-11,6.887450108996063,7.041223621971881,6.296634765199599,6.474688529968262,4477235
2002-07-12,6.628461593203682,6.66892854813891,6.458501385871586,6.539434909820557,221290
2002-07-15,6.677023153105068,6.701303021182112,6.393755581369768,6.523249626159668,708730
2002-07-16,6.677023629598624,6.677023629598624,6.474689580216848,6.4908766746521,587925
2002-07-17,6.628461485662258,6.628461485662258,6.159047054374098,6.3613810539245605,334505
2002-07-18,6.960290639114057,6.960290639114057,6.337101483235194,6.385661602020264,242100
2002-07-19,6.579902471212756,6.579902471212756,6.1590477219672515,6.401848316192627,152860
2002-07-22,6.579902571327834,6.579902571327834,6.175234522206883,6.199514389038086,246755
2002-07-23,5.8353131790539186,6.231887673785002,5.8353131790539186,5.940526962280273,512145
2002-07-24,5.940527905137459,5.989088031428852,5.875781070082268,5.908154487609863,176020
2002-07-25,6.1185817015392345,6.1185817015392345,5.883874231503377,5.908154487609863,171350
2002-07-26,5.908154622626085,5.908154622626085,5.697727017966335,5.7220072746276855,254730
2002-07-29,5.746286513580123,5.867687011696074,5.422551980578099,5.5763258934021,292220
2002-07-30,5.73009930778637,5.746286013732373,5.519672130488325,5.560138702392578,190415
2002-07-31,5.430644375595651,5.641071526574866,5.365897559909738,5.519671440124512,336945
2002-08-01,5.649166560072379,6.150954899782724,5.527766055711085,5.5844197273254395,255650
2002-08-02,5.503485787029785,5.7867533527030375,5.479205533550803,5.746286392211914,231220
2002-08-05,6.798422504678326,6.798422504678326,5.6329789334180145,5.6653523445129395,235790
2002-08-06,6.070020369121007,6.070020369121007,5.6329789334180145,5.6653523445129395,130085
2002-08-07,5.5844187996745305,5.738192694865276,5.5844187996745305,5.632978916168213,170045
2002-08-08,5.819125933992232,6.126673709133419,5.5844185229427685,5.641071796417236,318920
2002-08-09,5.940525748412312,5.940525748412312,5.600604601860341,5.69772481918335,352335
2002-08-12,5.900060461958984,5.900060461958984,5.62488604936078,5.657259464263916,147190
2002-08-13,5.900059767911898,5.900059767911898,5.6329789334180145,5.6653523445129395,57470
2002-08-14,5.900060067611855,5.908153613757457,5.632979219551308,5.673446178436279,73855
2002-08-16,5.811032694440103,5.811032694440103,5.6329789334180145,5.6653523445129395,282675
2002-08-19,5.908153286429474,5.908153286429474,5.608698656298652,5.61679220199585,116655
2002-08-20,5.900060067611855,5.900060067611855,5.6167925131816245,5.673446178436279,71505
2002-08-21,5.867686048079554,5.867686048079554,5.624885091721462,5.641071796417236,129365
2002-08-22,5.794847272768563,5.794847272768563,5.673447147226571,5.7220072746276855,105110
2002-08-23,5.778659806236198,5.7867533527030375,5.681539564163346,5.746286392211914,93790
2002-08-26,5.811032895242109,5.908153517804418,5.746286070814913,5.87578010559082,159165
2002-08-27,6.134767608693145,6.353288341411819,5.827219796445669,5.883873462677002,800330
2002-08-28,5.891966193425672,5.964806170302066,5.770565717403048,5.7948455810546875,432280
2002-08-29,5.924340019193843,5.924340019193843,5.6653523445129395,5.6653523445129395,372085
2002-08-30,5.819126535763434,5.819126535763434,5.665352632290677,5.673446178436279,131190
2002-09-02,5.90815316423376,5.90815316423376,5.7220058621847105,5.7543792724609375,204435
2002-09-03,5.883873933285187,5.9081541881610535,5.697726598975413,5.867687225341797,272875
2002-09-04,5.673445982361844,5.900059863705638,5.673445982361844,5.8434062004089355,164315
2002-09-05,5.900059863705638,5.900059863705638,5.794846082978123,5.8434062004089355,121575
2002-09-06,5.989086708624592,5.989086708624592,5.746285744873281,5.786752700805664,197700
2002-09-09,5.956713288973778,5.956713288973778,5.705819165979482,5.770565986633301,75830
2002-09-11,5.900059637126246,5.900059637126246,5.746285744873281,5.786752700805664,103590
2002-09-12,5.827219477827895,5.875779981040458,5.794846066300524,5.811032772064209,143620
2002-09-13,5.8272192708165536,5.8272192708165536,5.762472450061935,5.786752700805664,84215
2002-09-16,5.697725755607864,5.819126240174585,5.6653523445129395,5.6653523445129395,242990
2002-09-17,5.738193202740133,5.738193202740133,5.665352828591917,5.681539535522461,89610
2002-09-18,5.811032694440103,5.811032694440103,5.6653523445129395,5.6653523445129395,131730
2002-09-19,5.786753323531765,5.786753323531765,5.665352828591917,5.681539535522461,261460
2002-09-20,5.665352378622717,5.746285906847311,5.511578482035233,5.730099201202393,354580
2002-09-23,5.859592837616887,5.859592837616887,5.665352370167744,5.713912487030029,384450
2002-09-24,5.827219927272624,5.867686887763748,5.689633110630186,5.746286392211914,256480
2002-09-25,5.730099465627587,5.730099465627587,5.6734461862167604,5.689632892608643,66750
2002-09-26,5.689632424882621,5.730098994574942,5.689632424882621,5.705819129943848,132015
2002-09-27,5.74628596554731,5.8595929062192065,5.713912553926768,5.8434062004089355,144790
2002-09-30,5.827219825926011,6.070020812806899,5.827219825926011,5.948620319366455,223875
2002-10-01,5.9648067962174585,5.9648067962174585,5.827219601348908,5.87578010559082,72935
2002-10-03,6.061926726239888,6.061926726239888,5.8191261469189985,5.851499557495117,70725
2002-10-04,5.980993679435031,5.980993679435031,5.819126613573788,5.835313320159912,82385
2002-10-07,6.061926210996905,6.061926210996905,5.819125652313232,5.819125652313232,225100
2002-10-08,5.980993199799592,5.980993199799592,5.8191261469189985,5.851499557495117,64075
2002-10-09,5.859593187078335,5.900060146504409,5.78675320040154,5.835313320159912,113270
2002-10-10,5.827219773906087,5.859593187078335,5.819126613573788,5.835313320159912,84505
2002-10-11,5.835313320159912,5.875780279585986,5.835313320159912,5.835313320159912,61840
2002-10-14,5.908153884553216,5.908153884553216,5.8272199630737305,5.8272199630737305,62225
2002-10-16,5.989087420111163,5.989087420111163,5.819126802478705,5.8272199630737305,360475
2002-10-17,5.867686923813473,5.867686923813473,5.819126802478705,5.8272199630737305,52560
2002-10-18,6.150953996725592,6.150953996725592,5.819126334654283,5.8434062004089355,181740
2002-10-21,5.989087225688856,5.989087225688856,5.811033067319963,5.835313320159912,140265
2002-10-22,6.0619274091525455,6.0619274091525455,5.819126802478705,5.8272199630737305,174755
2002-10-23,6.474688289967643,6.474688289967643,5.8191261469189985,5.851499557495117,235930
2002-10-24,6.037647569609812,6.191421480847992,5.883873658371633,6.126674652099609,1031580
2002-10-25,6.207607668881031,6.207607668881031,5.8272195029145575,5.859592914581299,437645
2002-10-28,5.989087225688856,5.989087225688856,5.819126613573788,5.835313320159912,135605
2002-10-29,5.980993702569407,5.980993702569407,5.8353133427307995,5.883873462677002,157055
2002-10-30,5.956713850707251,5.956713850707251,5.851500064262117,5.9162468910217285,100425
2002-10-31,6.150953996725592,6.150953996725592,5.827219494598665,5.8434062004089355,180555
2002-11-01,5.802939628844012,5.924340115381798,5.802939628844012,5.8434062004089355,112255
2002-11-04,5.835313040464554,5.891966703761256,5.827219494598665,5.8434062004089355,72625
2002-11-05,5.989088031428852,5.989088031428852,5.843407266633093,5.908154487609863,269205
2002-11-07,6.150954005503479,6.150954005503479,5.851499754625367,5.859592914581299,156555
2002-11-08,5.989087264087057,5.989087264087057,5.851500064262117,5.9162468910217285,80725
2002-11-11,6.1509543464600185,6.1509543464600185,5.891967038770036,5.948620319366455,143115
2002-11-12,6.070020095934655,6.070020095934655,5.859592547366608,5.891966342926025,76820
2002-11-13,6.061927720662487,6.061927720662487,5.835313809455014,5.867687225341797,56765
2002-11-14,6.061926930459186,6.061926930459186,5.843406208747928,5.859592914581299,133185
2002-11-15,5.754379325766761,5.980993199799592,5.754379325766761,5.851499557495117,362730
2002-11-18,6.474688102330299,6.474688102330299,5.843405842547642,5.891966342926025,134510
2002-11-20,6.150954629605468,6.150954629605468,5.891967309993583,5.924340724945068,100265
2002-11-21,6.142859755146811,6.142859755146811,5.924339072224509,6.013365745544434,179565
2002-11-22,6.061926197677164,6.215700077466337,5.940526111562809,6.10239315032959,300075
2002-11-25,6.102393939749226,6.223794427489688,6.102393939749226,6.159047603607178,385730
2002-11-26,6.296635165420342,6.555622862012346,6.248074658748094,6.32900857925415,795475
2002-11-27,6.426127558917301,6.458500966394248,6.312820632747987,6.320913791656494,479600
2002-11-28,6.3128207904028395,6.44231442354457,6.23188688376779,6.264260292053223,216875
2002-11-29,6.393754770662129,6.393754770662129,6.159047350762612,6.215700626373291,166345
2002-12-02,6.304728311388458,6.3775686853074305,6.223794776990451,6.296635150909424,281325
2002-12-03,6.4746887859352205,6.4746887859352205,6.167140975982131,6.199514389038086,214560
2002-12-04,6.458501564031261,6.458501564031261,6.1023936629109645,6.167140483856201,158110
2002-12-05,6.361381332613406,6.361381332613406,6.1509537786198925,6.167140483856201,260910
2002-12-06,6.474689931801395,6.490877027115628,6.264262323775485,6.377569675445557,925630
2002-12-09,5.778660656074699,6.677023992170189,5.73010052789678,6.377569675445557,853635
2002-12-10,6.248074832445228,6.377568877301945,6.231888125078331,6.288541793823242,217000
2002-12-11,6.329008075352278,7.284024479256372,6.248074161290004,7.00885009765625,5381660
2002-12-12,7.284026478538944,7.3083063506846395,6.9602922771189455,7.073598861694336,3233110
2002-12-13,7.3649579013414765,7.3649579013414765,7.097877083357108,7.194997310638428,1384970
2002-12-16,7.769625975336092,7.769625975336092,6.798422149536859,7.138343334197998,1432130
2002-12-17,7.251653058396944,7.251653058396944,6.8388913727040315,7.073598861694336,876610
2002-12-18,7.2840238019466295,7.413517434930811,7.138343078917957,7.348770618438721,1875265
2002-12-19,7.429704856175985,7.429704856175985,7.0007562129905825,7.089783668518066,928870
2002-12-20,7.227370852657842,7.227370852657842,6.992663439450514,7.089783668518066,435040
2002-12-23,7.43779959895207,7.43779959895207,6.911731359259961,6.9926652908325195,483655
2002-12-24,7.122157249601464,7.122157249601464,6.895543376323727,7.049316883087158,639930
2002-12-26,7.203090667174826,7.42970532102038,6.968383239282874,7.0250372886657715,811885
2002-12-27,7.194999581323263,7.284026291466524,7.065505132237792,7.114065647125244,961925
2002-12-30,6.652742234206751,7.154530468984165,6.498967959707385,7.05741024017334,554080
2002-12-31,7.186903971873161,7.340677476525525,7.0412232408445155,7.219277381896973,747925
2003-01-01,7.25165069779499,7.259744243156634,7.000756194484799,7.05741024017334,433795
2003-01-02,7.194998054103746,7.194998054103746,6.911730116380696,6.952197074890137,300765
2003-01-03,6.919824951579598,7.0250387545677295,6.717490893181616,6.806517601013184,347505
2003-01-06,6.871263666593901,6.879357213263613,6.749863553920604,6.7984232902526855,316715
2003-01-07,6.798424053434902,6.919824951579598,6.725584440759899,6.806517601013184,279785
2003-01-08,6.863170269862045,7.008851025727124,6.8065169856225625,6.944104194641113,195485
2003-01-09,6.911730520949823,7.07359759261923,6.911730520949823,7.000757217407227,311080
2003-01-10,7.284024374496619,7.364958287394892,7.000756451195663,7.1788105964660645,1250035
2003-01-13,7.2030904615983475,7.364958287394892,7.146437185675355,7.1788105964660645,813270
2003-01-14,7.267838526955611,7.267838526955611,7.089785123057177,7.154531955718994,422480
2003-01-15,7.203090141077426,7.356864414372942,7.170716731727258,7.292117595672607,708740
2003-01-16,7.35686377345427,7.737251879062131,7.348770228861085,7.478263854980469,3551330
2003-01-17,7.648225257673232,7.648225257673232,7.186903971873161,7.219277381896973,1358545
2003-01-20,7.275932110161246,7.332586167904259,7.1626255383614845,7.251652240753174,677850
2003-01-21,7.834373883331297,7.834373883331297,7.194998379834174,7.453985691070557,1069530
2003-01-22,7.607760559146159,7.607760559146159,7.324493330362805,7.373053073883057,993990
2003-01-23,7.518730476493266,7.688691046284856,7.28402309648039,7.559197425842285,1312215
2003-01-24,7.6805988683402635,7.6805988683402635,7.178810613941276,7.211184024810791,662865
2003-01-27,8.093359772305746,8.093359772305746,6.8307953082151585,6.863168716430664,479050
2003-01-28,7.267837653209098,7.267837653209098,6.749863054185967,6.952197074890137,323090
2003-01-29,8.09336077182988,8.09336077182988,6.806516285614045,6.855076789855957,276535
2003-01-30,7.186904099928546,7.186904099928546,6.644648893485616,6.7498626708984375,229220
2003-01-31,7.122157495592936,7.122157495592936,6.668928961540462,6.774142742156982,261685
2003-02-03,7.1949993944957615,7.1949993944957615,6.717490893181616,6.806517601013184,243005
2003-02-04,7.146436483956077,7.146436483956077,6.790329000224998,6.822702407836914,294400
2003-02-05,7.114063949735585,7.114063949735585,6.725583010698905,6.774142742156982,124835
2003-02-06,7.1140640188121536,7.1140640188121536,6.725583076003378,6.903636455535889,209960
2003-02-07,7.0250377997423525,7.0250377997423525,6.822703768845101,6.87126350402832,235440
2003-02-10,7.033129839093763,7.033129839093763,6.757956234189911,6.782236099243164,207180
2003-02-11,6.668929372841716,6.790330252660248,6.620369638388753,6.644649505615234,195365
2003-02-12,6.798422910647434,6.798422910647434,6.515155739612237,6.596088886260986,165865
2003-02-14,6.960291985423774,6.960291985423774,6.345196256660277,6.377569675445557,145100
2003-02-17,6.944103972260115,6.944103972260115,6.482782622585065,6.636556148529053,191005
2003-02-18,7.931493726406743,7.931493726406743,6.612275825375154,7.0655035972595215,1004995
2003-02-19,7.162625929660354,7.162625929660354,6.879357940999572,6.9926652908325195,370935
2003-02-20,7.114064992344576,7.2840256210426295,7.073598028970158,7.154531955718994,780200
2003-02-21,7.68059858830642,7.68059858830642,7.016943303756659,7.089783668518066,378710
2003-02-24,8.093363119229004,8.093363119229004,7.162626669254971,7.243559837341309,713760
2003-02-25,7.607760679958943,7.607760679958943,6.968385053272032,7.073598861694336,400445
2003-02-26,8.093360472477507,8.093360472477507,6.879356401605881,6.91172981262207,252360
2003-02-27,7.081690532365376,7.081690532365376,6.871262971304196,6.960290431976318,221585
2003-02-28,7.089784078216117,7.154530901336017,6.879356517154936,6.960290431976318,568920
2003-03-03,6.992664874064451,7.267838526955611,6.992664874064451,7.154531955718994,1891780
2003-03-04,7.073596969376909,7.073596969376909,6.903636366138195,6.927917003631592,426530
2003-03-05,7.203091361621134,7.203091361621134,6.766049875416933,6.7984232902526855,214915
2003-03-06,7.016944690133881,7.016944690133881,6.717490398383317,6.741770267486572,197185
2003-03-07,6.685116821027288,6.693210367814166,6.515156197718353,6.563715934753418,247710
2003-03-10,6.596087755210543,6.596087755210543,6.30472708791802,6.320913791656494,214635
2003-03-11,6.28044758756434,6.474688043630958,6.167140268937332,6.45850133895874,258900
2003-03-12,6.604182345794063,6.61227589190562,6.401848324063398,6.41803503036499,192620
2003-03-13,6.515156398818704,6.531342721048973,6.231888427279276,6.345195770263672,171065
2003-03-17,6.312820443608541,6.6608343705980895,6.231886541419589,6.612274646759033,323235
2003-03-19,7.284024596214294,7.284024596214294,6.426128412304081,6.474688529968262,386160
2003-03-20,7.28402527307462,7.28402527307462,6.369475340611858,6.5556230545043945,286620
2003-03-21,6.992663742389788,6.992663742389788,6.5475287609969435,6.579902172088623,217050
2003-03-24,7.284024800079884,7.284024800079884,6.426128592158835,6.450408458709717,264340
2003-03-25,6.628462212285693,6.628462212285693,6.320914792555435,6.41803503036499,123070
2003-03-26,6.790330047144657,6.790330047144657,6.401848324063398,6.41803503036499,128285
2003-03-27,6.636555750237917,6.636555750237917,6.3371014910658605,6.401848316192627,66500
2003-03-28,6.40994274616213,6.5637162840812975,6.40994274616213,6.4908766746521,192405
2003-03-31,6.490875076063461,6.539434803723518,6.329007644870205,6.3613810539245605,146270
2003-04-01,6.393754520269868,6.54752840761668,6.393754520269868,6.45850133895874,92175
2003-04-02,6.474688529968262,6.612275722977529,6.442315118192141,6.474688529968262,761420
2003-04-03,6.474688992549719,6.596089102422797,6.434222031977669,6.442315578460693,187140
2003-04-04,6.474688376018805,6.604182020044301,6.434221419300087,6.5475287437438965,336855
2003-04-07,6.620369465570305,6.830796262445257,6.579902506687145,6.685116291046143,512285
2003-04-08,6.968383803073346,7.041224178285348,6.798423184859699,7.000757217407227,808280
2003-04-09,7.607759846001624,7.607759846001624,7.000757705995863,7.033131122589111,1853255
2003-04-10,7.114063824434008,7.114063824434008,6.863169310176285,6.91172981262207,394705
2003-04-11,7.60775888164345,7.60775888164345,6.725583198341077,6.766049385070801,241450
2003-04-15,7.607758644743433,7.607758644743433,6.733675762899482,6.927917003631592,241965
2003-04-16,6.725583187817517,7.016943899768028,6.725583187817517,6.952197074890137,159170
2003-04-17,7.284024589223119,7.284024589223119,6.79842264120437,6.8388895988464355,184615
2003-04-21,6.9360087647450115,7.1626233838658,6.846982089132281,7.130249977111816,409745
2003-04-22,7.114063877200003,7.203090565194098,6.960290366693291,7.00885009765625,765390
2003-04-23,8.093362546073916,8.093362546073916,7.05741235629255,7.114065647125244,1039755
2003-04-24,7.267836464741657,7.267836464741657,6.960289482784578,7.105969429016113,238610
2003-04-25,7.186903165396543,7.243556433620137,7.057409539832389,7.1464362144470215,592250
2003-04-28,7.364959584396067,7.437799192620287,7.219278824261366,7.251652240753174,1277570
2003-04-29,7.761532430024407,7.761532430024407,6.749862421352675,7.138343334197998,724200
2003-04-30,7.607758176569609,7.607758176569609,7.122157034230273,7.170716762542725,674550
2003-05-02,7.4377969468786285,7.607757525104118,7.186903237781844,7.543010711669922,1091070
2003-05-05,7.753439203430036,7.818186024899109,7.470171280620591,7.510638236999512,1416000
2003-05-06,7.769626727403881,7.769626727403881,7.510638655261726,7.599666118621826,2027665
2003-05-07,7.931492988468497,7.931492988468497,7.122156984988915,7.259744167327881,1717090
2003-05-08,7.178810818394939,7.324491557378268,7.178810818394939,7.235464096069336,2857050
2003-05-09,7.688693749314147,7.688693749314147,7.1626255383614845,7.251652240753174,365975
2003-05-12,7.219277953285937,7.445891841388583,7.211184407178654,7.41351842880249,784975
2003-05-13,7.364959106305209,7.607759328311006,7.364959106305209,7.502546310424805,802670
2003-05-14,7.453985455586797,7.591572653295286,7.28402484499649,7.364958763122559,632930
2003-05-15,7.405425226776969,7.5915729366783475,7.340678398596421,7.551105976104736,1000405
2003-05-16,7.607759688151091,7.607759688151091,7.381145776700278,7.421612739562988,628000
2003-05-19,7.526824810664876,7.534918355752662,7.292117406019678,7.4458909034729,633260
2003-05-20,7.494452414649831,7.494452414649831,7.2921183911777065,7.364958763122559,395505
2003-05-21,7.4054251553485795,7.48635907571516,7.364958967008357,7.3892388343811035,417200
2003-05-22,7.3002109118694225,7.437797318407559,7.284023821780855,7.381144046783447,399800
2003-05-23,7.429703805399714,7.607757147586819,7.429703805399714,7.559197425842285,799000
2003-05-26,7.6401332731892975,8.247135414036777,7.445892773360456,8.158108711242676,3228300
2003-05-27,8.384722996103182,8.862231491378047,8.26332287133707,8.392816543579102,3861155
2003-05-28,8.49802999564268,8.578963923386056,8.174295828355453,8.506123542785645,1782205
2003-05-29,8.659893575945423,8.74082747094717,8.36043939938748,8.489933013916016,2507240
2003-05-30,8.578963620995834,8.813671076966921,8.303789202579434,8.465656280517578,2196295
2003-06-02,8.101454175399606,8.392814880199118,7.769626513083851,8.117640495300293,1376295
2003-06-03,8.09336028977389,8.36853466312108,8.09336028977389,8.19857406616211,954175
2003-06-04,8.336162924138087,8.441376721620431,8.21476203234624,8.255228996276855,778260
2003-06-05,8.30378813926733,8.417094693393405,7.939587067582203,8.020520210266113,961405
2003-06-06,8.247133795668683,8.247133795668683,8.036707014735228,8.19857406616211,788620
2003-06-09,8.418555571944571,8.452398979802911,8.122425954906712,8.393173217773438,637055
2003-06-10,8.164732254075293,9.180036432458145,8.139349891682947,8.756993293762207,3714910
2003-06-11,8.460861601071132,9.42540011407387,8.460861601071132,8.773913383483887,2543695
2003-06-12,8.951591109796093,9.239260520493872,8.799295349570066,9.16311264038086,2858390
2003-06-13,9.23926178030486,9.433861227669782,8.917748913149552,8.968514442443848,2082460
2003-06-16,8.960052236163026,9.019278006994314,8.672382823170011,8.723148345947266,803055
2003-06-17,8.723146714913021,8.833137181065183,8.503164168827777,8.78237247467041,1024340
2003-06-18,8.799296351771968,8.866983184717084,8.57931454814569,8.63007926940918,624595
2003-06-19,9.290026700422603,9.290026700422603,8.545471505458893,8.596236228942871,594450
2003-06-20,8.714687513596084,8.782374341100896,8.562391748264943,8.613157272338867,434040
2003-06-23,8.756990572736404,8.756990572736404,8.291643103388342,8.376251220703125,656080
2003-06-24,8.291642243411804,8.393172457793531,8.223955433823987,8.283181190490723,357510
2003-06-25,8.376251748610057,8.748530070307268,8.376251748610057,8.418556213378906,779690
2003-06-26,8.790833981040418,8.790833981040418,8.308564404095097,8.376251220703125,663310
2003-06-27,8.452399507854032,8.452399507854032,8.232416939586487,8.257800102233887,493835
2003-06-30,8.240877151489258,8.443937590570076,8.21549479832677,8.240877151489258,551625
2003-07-01,8.410092659219938,8.443936059597249,8.139345456201443,8.19857120513916,465070
2003-07-02,8.291644696958056,8.359331526574802,8.12242762291619,8.147809982299805,649255
2003-07-03,8.20703688235037,9.780757904052734,8.173193462899285,9.780757904052734,5637970
2003-07-04,10.136111358314546,10.136111358314546,9.061582402527044,9.16311264038086,5544570
2003-07-07,10.322250047321576,10.999119074843932,9.23926008742015,10.880666732788086,13238210
2003-07-08,11.126032811962292,11.760597439417722,10.618381594132337,10.77913761138916,11506405
2003-07-09,11.84520461280396,11.84520461280396,10.169954633443425,10.398397445678711,3533290
2003-07-10,10.533773612385971,11.379859859274656,10.491469138663392,10.872208595275879,4790775
2003-07-11,11.04142315767328,11.472927238538546,10.5760756669494,11.016040802001953,4682755
2003-07-14,12.987421355149717,12.987421355149717,11.523692050482545,12.682829856872559,10840415
2003-07-15,13.029726288643626,13.029726288643626,11.980579664236606,12.310553550720215,7108710
2003-07-16,12.429004085971556,12.665908767918527,12.149795745789572,12.57283878326416,5050860
2003-07-17,12.640528079157452,13.368162762461946,12.234407070989032,12.437467575073242,6010565
2003-07-18,12.522074746339058,12.860508871825004,12.115952988865319,12.691291809082031,4722795
2003-07-21,12.860507033226604,13.080489586788033,12.505150848824446,12.598220825195312,3463950
2003-07-22,12.674369337355262,12.767439324373571,12.268248398371812,12.369778633117676,3669630
2003-07-23,12.395161256879042,12.555918070521443,12.183639728216324,12.429004669189453,2886590
2003-07-24,12.59822177626877,12.691290952775192,12.36131709752244,12.420543670654297,1847265
2003-07-25,12.276711252256629,13.520457415343998,12.276711252256629,13.249710083007812,9762340
2003-07-28,13.503533221684343,13.520454522890002,12.708212699645737,12.80974292755127,2724700
2003-07-29,12.877428937301987,13.943496666793843,12.581298519343404,13.689671516418457,5021865
2003-07-30,13.875808488914197,14.180399930458279,13.621983363481325,13.808121681213379,4947290
2003-07-31,13.994263912532238,14.01118440690255,13.53737667513164,13.596602439880371,2591425
2003-08-01,13.80812556151708,13.816586616579972,13.317395664338012,13.545839309692383,1867025
2003-08-04,13.706596584227064,14.028108618404746,13.385082936268086,13.9265775680542,2485375
2003-08-05,14.045029894896944,14.087333555324646,13.11433484145668,13.224326133728027,2097065
2003-08-06,13.114335696435573,13.452769843264745,12.978962037703903,13.139718055725098,1675140
2003-08-07,13.334316839195504,13.359699195713244,12.733595689005247,13.01280403137207,1367765
2003-08-08,13.17355801215859,13.469688418063594,12.987419683711876,13.105871200561523,1245245
2003-08-11,13.182021666409725,13.579681561286211,12.691291782054853,13.224326133728027,2483460
2003-08-12,13.317395061062856,13.418925296546405,12.98742199746397,13.063569068908691,1050510
2003-08-13,13.080490477944997,13.198942816445884,12.708212967770203,12.868968963623047,1808830
2003-08-14,13.283550448136255,13.757358977774963,12.733594853938044,12.81820297241211,1612400
2003-08-18,13.029724071777515,13.029724071777515,12.35285591757387,12.598220825195312,1783805
2003-08-19,13.012804139429715,13.621986349148026,12.462847697708126,12.56437873840332,1549445
2003-08-20,12.775900638614965,12.835126408364287,12.420544406337847,12.530535697937012,1031525
2003-08-21,13.046644765649065,13.046644765649065,12.691288619744974,12.902810096740723,2028870
2003-08-22,12.632065402201002,13.182021030121096,12.606682238900891,12.843586921691895,1165570
2003-08-25,13.114334550939704,13.114334550939704,11.955196690683515,12.107492446899414,1373170
2003-08-26,12.437464925108436,12.522073853895176,12.183638945638766,12.327473640441895,1063875
2003-08-27,12.42054420028859,12.775900426670567,12.395161036339463,12.716673851013184,1198175
2003-08-28,13.029724903125803,13.029724903125803,12.555917164952431,12.877429962158203,1302325
2003-08-29,13.012805147662316,13.012805147662316,12.352858173354266,12.462848663330078,895590
2003-09-01,12.682831070401718,12.767440007327783,12.49669270018937,12.665909767150879,721290
2003-09-02,13.368160645077639,14.789584755418316,12.18363961175472,12.623604774475098,2792850
2003-09-03,12.852046106741588,13.198942047816445,12.60668119669237,12.758976936340332,3278750
2003-09-04,12.691290145038556,12.860507185594305,12.35285606392706,12.49669075012207,805870
2003-09-05,12.674370370254037,12.674370370254037,12.200562569493675,12.285171508789062,895730
2003-09-08,12.43746605330631,12.640526532545367,12.158257692629949,12.225944519042969,1040775
2003-09-09,12.66591037891542,12.66591037891542,11.904432330473247,11.997502326965332,1163840
2003-09-10,12.014422304666688,12.310552758628248,11.870587604958567,12.031344413757324,1295885
2003-09-11,12.319013816066326,12.319013816066326,11.794439730601429,11.853666305541992,1182280
2003-09-12,12.894352907259158,12.894352907259158,11.726753907593709,11.845206260681152,864845
2003-09-15,12.623605295845207,12.623605295845207,11.202180319907377,11.261406898498535,769065
2003-09-16,11.185258606126476,11.33755355732253,10.846823677810665,11.202179908752441,976690
2003-09-17,11.54061335540496,11.84520402558221,11.185257170086253,11.69290828704834,646855
2003-09-18,11.77751698667926,11.77751698667926,11.168334850984683,11.185256958007812,373075
2003-09-19,11.219101261153654,11.481387485835297,10.846822945818332,11.016040802001953,650785
2003-09-22,11.016042505606318,11.472929012799305,10.914511453438397,11.024502754211426,362655
2003-09-23,10.702989075770162,11.244484482065552,10.702989075770162,11.109110832214355,508345
2003-09-24,11.083729685534346,11.67598987178557,10.948355214002312,11.515233039855957,507740
2003-09-25,11.422162156324887,11.582918157567239,11.168336169250665,11.506771087646484,427475
2003-09-26,11.18525958062434,11.84520657834564,11.18525958062434,11.81982421875,535205
2003-09-29,11.819822682347107,12.234404665045892,11.709831395875693,12.141335487365723,917965
2003-09-30,12.225943610650269,12.471308539889403,12.056726557190618,12.141335487365723,844340
2003-10-01,12.05672558652272,12.488229643273042,11.972116663159346,12.403620719909668,1186185
2003-10-03,12.522073227492656,13.01280305337023,12.48822981904905,12.65744686126709,2129030
2003-10-06,12.691291533431556,13.342778219455191,12.691291533431556,13.241247177124023,1936640
2003-10-07,13.300476478502832,13.317397784431822,12.801285446791004,12.919737815856934,1393175
2003-10-08,12.945117635018324,13.072030228670323,12.809743986618699,12.970499992370605,766140
2003-10-09,13.131256951140243,13.26663060104633,13.021265658868895,13.224326133728027,1258290
2003-10-10,13.486610750128964,13.875810350056652,13.283550299790303,13.816584587097168,2896415
2003-10-13,13.951960474495431,14.383464606339363,13.706596329200607,14.315777778625488,2821240
2003-10-14,14.544220409240861,14.544220409240861,13.765821138128151,13.968881607055664,1604535
2003-10-15,13.875811718549977,14.197325340297697,13.740438071639728,14.05349063873291,1101460
2003-10-16,14.171941712832668,14.552681090928678,14.171941712832668,14.43422794342041,2106970
2003-10-17,14.552682919776744,14.781124961561744,13.884274063960042,14.19732666015625,2535435
2003-10-20,15.060333821258624,15.060333821258624,13.410466687830603,13.630449295043945,1447630
2003-10-21,13.791201159362059,13.833506427645595,13.038185135505818,13.215863227844238,912115
2003-10-22,13.283550992275176,13.38508122273738,12.538995161995132,12.682829856872559,656420
2003-10-23,13.105871998222478,13.105871998222478,12.522073010943474,12.589759826660156,795855
2003-10-24,12.632065669483692,12.818204029612986,12.454387557076219,12.72513484954834,345815
2003-10-27,13.198941975000784,13.198941975000784,12.5389943114274,12.589759826660156,487295
2003-10-28,12.581301238726864,13.029726682457433,12.43746652541676,12.801283836364746,382660
2003-10-29,12.995881820738749,13.046647340267546,12.4628474966939,12.57283878326416,367040
2003-10-30,12.606683787128924,12.818205332596797,12.454388823077707,12.522075653076172,516475
2003-10-31,12.555917637485097,12.69129128205789,12.454387404055502,12.64898681640625,392800
2003-11-03,12.945119642174484,12.995884364750177,12.35285943515018,12.437467575073242,820060
2003-11-04,12.606683731079102,12.792822916192632,12.522075597402521,12.606683731079102,792570
2003-11-05,12.606683374086924,12.682831257062974,12.395161835549287,12.462848663330078,376280
2003-11-06,12.623605003197547,12.640526306052296,12.217483245105704,12.335935592651367,472170
2003-11-07,12.437465995879606,12.496692573885499,12.183639994557447,12.234405517578125,428750
2003-11-10,12.183639470281216,12.995882155426003,12.141335810956745,12.192100524902344,248850
2003-11-11,12.31901398025665,12.488231039005248,12.107492455098257,12.183639526367188,896025
2003-11-12,12.429004495101388,12.742057063201134,12.352857423637472,12.632065773010254,954805
2003-11-13,12.72513345809352,12.860507089526884,12.454386195226794,12.589759826660156,572680
2003-11-14,12.369778957792736,12.606682845084537,12.115952960820506,12.166718482971191,826235
2003-11-17,12.20056221727163,12.395161642386162,12.16671880390864,12.217483520507812,471305
2003-11-18,12.35285770239672,12.395161362978897,12.166718529650852,12.335935592651367,954030
2003-11-19,12.471309311393378,14.535759911984478,12.251326724841922,13.833508491516113,5115225
2003-11-20,13.960421810028445,14.002725473031163,13.046648810650561,13.148179054260254,2855990
2003-11-21,13.283551481710214,13.283551481710214,12.572839035397902,12.911273956298828,940290
2003-11-24,13.503535621791606,13.9604221320184,13.26663171457159,13.723517417907715,1983005
2003-11-25,14.011183573939524,14.383461862232444,13.825045236683545,13.935035705566406,1667290
2003-11-27,14.04503096921,14.16348251849296,13.88427414248218,14.087334632873535,895030
2003-11-28,14.129639162463958,14.518838011669182,13.968882344244685,14.155020713806152,1652675
2003-12-01,14.214245634962673,14.552681361236994,14.214245634962673,14.493453979492188,1350870
2003-12-02,14.67959282209769,16.414068523769725,14.383462391285606,16.211008071899414,6441225
2003-12-03,17.09940072840887,19.45998191833496,16.930184462605173,19.45998191833496,7206705
2003-12-04,20.7629538552946,23.182759025679868,19.798414595251238,19.942249298095703,20673750
2003-12-05,19.82379379171748,20.306062518322708,18.20776977873677,18.512359619140625,8467560
2003-12-08,18.613895555909817,20.306067879174343,17.767809394277553,19.99301528930664,8347770
2003-12-09,20.306067145203485,20.475285016926005,19.967633015539672,20.25530242919922,3310185
2003-12-10,20.33991231012687,20.45836385756759,19.290764038749963,19.45998191833496,2596815
2003-12-11,19.79841462266741,19.79841462266741,18.969250623371682,19.231536865234375,1808020
2003-12-12,19.451523071727014,19.764575700372465,19.121549944226757,19.265384674072266,1614885
2003-12-15,19.459976087714836,19.92532269647395,19.299219311653346,19.476898193359375,1464745
2003-12-16,19.459978704921202,20.86448138669564,19.20615354123899,20.644498825073242,4590880
2003-12-17,20.93217002463614,20.982934739030338,20.432979094046537,20.661422729492188,3108055
2003-12-18,20.81371785177301,21.312908767140538,20.509126347133535,21.067543029785156,2753800
2003-12-19,21.23676283689652,21.575196976517002,21.02524129791106,21.414440155029297,2377265
2003-12-22,21.321367487295866,25.01030128794768,21.321367487295866,22.370513916015625,7611905
2003-12-23,22.675107405294835,23.182759400830342,22.336673279531563,22.912012100219727,3363635
2003-12-24,23.14891835157364,23.26736990010963,22.336674781348982,22.421283721923828,1552425
2003-12-26,22.675108757428422,22.759717697359832,22.252065671552657,22.446666717529297,1109255
2003-12-29,25.924078987276058,25.924078987276058,22.67510805875598,23.20814323425293,2000585
2003-12-30,23.521192555047207,24.198062392396746,22.844324331478813,23.165836334228516,3135540
2003-12-31,23.521192937162592,23.521192937162592,22.844324702598076,22.954315185546875,1077130
2004-01-01,23.165833474062808,23.52118965100751,23.165833474062808,23.267364501953125,1102730
2004-01-02,23.436585604348696,25.80562603770776,23.351976671632766,25.433347702026367,6168875
2004-01-05,25.839471137565308,26.211747872162086,24.028845725304958,24.2911319732666,2851890
2004-01-06,24.198061728948307,25.14567721596289,23.859627626443096,24.130374908447266,2669145
2004-01-07,24.3080580519532,24.35882438987154,23.385823892262646,23.7750244140625,1194235
2004-01-08,24.011925452420698,24.621108544331275,23.732717073222133,24.49419593811035,798590
2004-01-09,24.790317490667494,25.475648266593325,24.451883436137937,24.638023376464844,1295945
2004-01-12,24.82416274895634,24.82416274895634,23.707329515061524,24.003459930419922,919435
2004-01-13,23.690412691744974,24.621107798819786,23.538116923378748,23.665029525756836,878915
2004-01-14,23.885006796008003,25.382579365903748,23.66502424784979,24.003459930419922,1511895
2004-01-15,24.23190502043904,28.76692696413639,24.198062416118017,27.21858787536621,7792520
2004-01-16,27.75162377167561,28.25927737438111,26.22866941868386,26.643251419067383,6388815
2004-01-19,27.920839958477583,27.920839958477583,25.247208140041003,26.0848331451416,2277425
2004-01-20,26.736320275216098,29.748386248381347,26.34711984180525,28.546945571899414,10009260
2004-01-21,28.766927209060963,29.579169085054787,25.577182245925254,28.44541358947754,6292565
2004-01-22,28.597713294476822,28.936149069998837,27.07475875975325,28.081600189208984,4156755
2004-01-23,28.580785133817482,28.758465653519952,25.890232907099094,27.040908813476562,2621825
2004-01-27,27.286279198195032,29.06305887821524,27.0578355431817,28.208513259887695,3020445
2004-01-28,28.25927809818048,30.34064920816437,27.438573517368255,28.893842697143555,6870125
2004-01-29,28.766922117978968,30.120658338388576,28.428486449095697,29.680696487426758,5994650
2004-01-30,30.03605271230893,30.120660020473764,27.582402044785685,27.870071411132812,1898090
2004-02-03,27.751622981625303,27.751622981625303,23.131993725625243,23.52119255065918,2819440
2004-02-04,23.690410436704866,24.942617458194647,22.84432434967969,24.42650604248047,2804960
2004-02-05,24.663410310006817,25.38258384160864,23.690411585501394,24.138837814331055,1484715
2004-02-06,24.282677906934087,24.70572106479857,23.36890475049806,23.808868408203125,1505310
2004-02-09,24.011920353245632,25.348736190034373,24.011920353245632,24.257286071777344,1252700
2004-02-10,24.409586403861237,26.905539644925543,24.409586403861237,26.63479232788086,5745000
2004-02-11,26.85477105896639,26.85477105896639,25.568719874432006,25.924076080322266,1912920
2004-02-12,25.890234534099015,26.516338043595397,25.39950466915422,25.653329849243164,1723235
2004-02-13,25.75485971583026,25.822546535021388,24.874929452564547,25.585641860961914,1348120
2004-02-16,25.687177422331466,26.04253368913855,25.391046931028672,25.52642059326172,948190
2004-02-17,25.55179759226736,25.924074266655406,25.128754596460155,25.391040802001953,917150
2004-02-18,25.568725072942026,25.6194914082344,24.8918567401911,25.103378295898438,890045
2004-02-19,25.196443334585965,25.213363829236336,24.138835764336434,24.316513061523438,879220
2004-02-20,24.350360915158877,24.528038238882324,23.250447909556627,23.995004653930664,1405430
2004-02-23,24.341893025930364,24.341893025930364,23.01353835043221,23.174293518066406,858120
2004-02-24,23.12353196946293,23.402740304883316,22.675105776426086,23.07276725769043,746560
2004-02-25,23.21660286840485,23.775019561274675,22.844324535231245,22.979698181152344,723545
2004-02-26,23.081225610755297,23.961154171552053,23.013538798386314,23.51272964477539,1004140
2004-02-27,23.605801201629657,23.775019062370678,22.70048935836177,23.56349754333496,722520
2004-03-01,23.90193621815048,24.07115411122518,23.521196765623124,23.656570434570312,606465
2004-03-03,23.800404635647357,24.764944022891108,23.690414137216948,23.885013580322266,1253790
2004-03-04,24.02038373928129,24.088070562382573,23.18275869823498,23.32659339904785,545765
2004-03-05,23.546572250869566,23.605798009986916,23.013538805032514,23.14891242980957,472775
2004-03-08,23.27582773120767,24.15575639546048,23.27582773120767,23.783479690551758,980575
2004-03-09,23.986537796126427,23.986537796126427,23.01353924430146,23.284286499023438,631990
2004-03-10,23.368895825550922,23.39427737250897,23.013539644109578,23.06430435180664,413450
2004-03-11,23.17429759544128,23.21660286840485,22.717411943902857,22.979698181152344,424615
2004-03-12,23.20813710560005,23.20813710560005,22.590494769662882,22.700485229492188,361310
2004-03-15,22.97123878314367,23.428126081411936,22.345135222161474,22.666648864746094,950955
2004-03-16,22.336672894083048,22.336672894083048,20.66988384484831,22.06592559814453,552230
2004-03-17,22.404359734910784,23.453506314351856,21.998238790697695,23.123533248901367,1097860
2004-03-18,23.31813363707582,23.31813363707582,22.00670076162139,22.167457580566406,880555
2004-03-19,22.23514234946988,22.480506468936415,21.998237670518485,22.34513282775879,535590
2004-03-22,22.252064115280277,23.013542907625133,22.16745679504746,22.395898818969727,885370
2004-03-23,22.336673441500388,22.378978716140814,20.9829353148498,21.676727294921875,704665
2004-03-24,21.829023414962283,21.896710246722577,21.32137298365075,21.47366714477539,396735
2004-03-25,21.60057888497285,22.505890760935213,21.60057888497285,22.06592559814453,521440
2004-03-26,22.590503149530562,23.555040942280826,22.277450532107686,23.31813621520996,1067370
2004-03-29,23.495810167970994,24.824165017999427,23.495810167970994,24.316513061523438,1822295
2004-03-30,24.53650000110542,25.01030782513005,23.85963168107023,24.08807373046875,902840
2004-03-31,24.26574699386722,25.924074796724383,23.961155514248155,25.154136657714844,3346690
2004-04-01,25.213364442533052,26.736320349005815,25.128757125879943,26.55864143371582,3269730
2004-04-02,26.73632459801261,28.32696596508431,26.567106710251604,28.081600189208984,4517780
2004-04-05,28.259280922163644,28.860001361264395,27.98007092148813,28.250818252563477,2366185
2004-04-06,28.597709245125518,28.766927108925774,27.243972789848048,27.751623153686523,2184375
2004-04-07,27.920840739037303,28.04775494251238,27.286276176786455,27.43857192993164,760380
2004-04-08,27.413191049302327,27.751623554225134,26.406346520318287,26.829389572143555,1367985
2004-04-12,26.736322131241547,27.379347786112028,26.397888000725825,26.93092155456543,922930
2004-04-13,26.39788542791045,28.32696059072734,26.39788542791045,27.709318161010742,920155
2004-04-15,27.768543064208075,28.200048744111758,26.905534931962745,27.23550796508789,1016265
2004-04-16,27.074754381046265,28.073136207052325,27.074754381046265,27.836233139038086,1025325
2004-04-19,27.5824031829834,27.903916776888597,26.80400558754792,27.5824031829834,3450335
2004-04-20,27.75162523406137,27.75162523406137,26.575565995208947,26.87169647216797,624770
2004-04-21,27.02398838145957,27.751621273426494,26.871692637114084,27.590866088867188,928525
2004-04-22,27.734698592473165,28.479255190829267,27.413188229996543,27.633169174194336,704335
2004-04-23,27.83623042440403,28.403106489744644,27.616246259076387,27.870071411132812,910290
2004-04-27,27.074754111540983,27.413189828960128,25.39104303388326,26.254051208496094,981910
2004-04-28,26.313283420345144,26.53326604503986,25.40797136618941,26.00023078918457,928280
2004-04-29,26.533262172729636,27.582407190990935,26.2286706424078,27.049373626708984,848415
2004-04-30,27.413191832531105,27.91238277704992,25.805626898640032,26.406347274780273,885955
2004-05-03,26.397891809131064,26.397891809131064,25.086457145233705,25.543344497680664,434790
2004-05-04,25.864851981460788,26.52479972457246,25.864851981460788,26.313278198242188,310405
2004-05-05,26.397888439926874,26.736322576073373,25.805627491334562,26.00868797302246,268410
2004-05-06,26.08483525627079,26.651713026464293,25.72101796310136,26.406347274780273,642610
2004-05-07,26.059447369683454,26.13559523649267,25.26412771555754,25.424882888793945,1031920
2004-05-10,24.02884553901017,25.37412260192283,24.02884553901017,24.671871185302734,623670
2004-05-11,24.071146643489566,24.705711124982813,23.26736432141908,23.453502655029297,726880
2004-05-12,23.182759596852097,25.644870101547422,23.055847000340414,24.2911319732666,1002510
2004-05-13,23.605803691660775,24.9595418790431,22.252065504278452,24.570343017578125,853045
2004-05-14,25.382581311352624,25.382581311352624,21.854402444523366,22.226680755615234,1391720
2004-05-17,18.613892826882573,20.813716847361267,17.86933782387093,18.673118591308594,340480
2004-05-18,17.776269291558314,21.15215266290406,17.776269291558314,20.65296173095703,639100
2004-05-19,21.998240632830925,23.26736990010963,21.710571203145246,22.421283721923828,921980
2004-05-20,23.656568827518086,26.21174947943369,19.502285811181622,22.412822723388672,880050
2004-05-21,22.4889637116684,22.4889637116684,20.331445259010675,21.084461212158203,797155
2004-05-24,20.306065640556653,25.044147946109426,19.713804747194644,21.972854614257812,572485
2004-05-25,20.982928804650907,22.25205760203981,20.966008313825732,21.21137237548828,323760
2004-05-26,21.63441886484685,21.91362718162557,20.932167546053037,21.059080123901367,396265
2004-05-27,21.65980591486744,22.708952554581575,21.32137177524696,21.414440155029297,1416600
2004-05-28,21.474861619912957,22.165372650920155,20.292364092821103,20.464990615844727,1333670
2004-05-31,20.197411133842177,20.197411133842177,18.28124704924275,18.583345413208008,801845
2004-06-01,18.954496389789075,19.71405821875084,18.307143344023537,18.393457412719727,543100
2004-06-02,18.94586699197932,19.334277842468275,18.557454495186384,19.06670570373535,630305
2004-06-03,19.843529610983964,20.024789330036977,18.989023740230092,19.196176528930664,1192335
2004-06-04,18.980391094078694,19.334277293869167,18.643768037278956,19.109861373901367,699620
2004-06-07,19.81763402969618,20.11110087911711,19.50690568336527,19.92121124267578,847715
2004-06-08,20.111104023324557,21.06055564657814,19.86079499280466,20.741195678710938,1067260
2004-06-09,20.370043872305224,21.060553164395298,20.370043872305224,20.706666946411133,787155
2004-06-10,21.043287535122467,21.543907124336258,20.706664500774654,20.965606689453125,764740
2004-06-11,20.887925860704254,21.405806986690415,19.515537254972234,19.92121124267578,938595
2004-06-14,19.420591342624373,20.102470673324625,19.420591342624373,19.886686325073242,612660
2004-06-15,22.407043171008926,22.407043171008926,19.619110130267117,19.852157592773438,223450
2004-06-16,20.361411232704715,20.361411232704715,19.85216003912714,19.886686325073242,341870
2004-06-17,19.87805150695057,20.111097313808244,19.51553379524527,20.01615333557129,265835
2004-06-18,20.016157134195733,21.0001332614312,19.8694237076515,20.499513626098633,794365
2004-06-21,20.52540986246034,21.664751072395838,20.1974166982037,21.50938606262207,1263995
2004-06-22,21.50938530618325,22.268945537326783,20.38730728041793,20.72393035888672,1421555
2004-06-23,20.516776789994708,21.02602799755011,19.886686870919036,20.111101150512695,360360
2004-06-24,20.19741384501021,20.19741384501021,19.70542581443018,19.912578582763672,239925
2004-06-25,20.16288842243992,20.784346703265776,20.085205931548714,20.5599308013916,325580
2004-06-28,20.792981762991303,21.57843672819321,20.72393083131325,21.397178649902344,460710
2004-06-29,21.36264832685314,22.09631536632905,21.164127141554882,21.86326789855957,823900
2004-06-30,21.751063467432935,23.30471015240502,21.44896504360393,22.415678024291992,710815
2004-07-01,22.458833152056926,22.614198130924784,22.1481031943212,22.424306869506836,481315
2004-07-02,22.182634071777407,22.769566179971992,22.182634071777407,22.337997436523438,510510
2004-07-05,21.38854544242839,22.4415724815873,18.5142979558311,21.83737564086914,3509245
2004-07-06,21.90642546591523,21.923688608223028,21.164128456022485,21.811481475830078,990670
2004-07-07,21.940953415323296,22.786827696940538,21.103710705514878,21.388545989990234,473895
2004-07-08,21.405807254204564,22.061791887796197,20.197415201295332,20.499513626098633,580915
2004-07-09,19.420590825574777,21.13823399436915,19.420590825574777,20.95697593688965,309510
2004-07-12,20.042053605168046,21.38854938777785,20.042053605168046,20.792984008789062,253050
2004-07-13,20.54266794281661,21.397175354392743,20.4563555262406,20.887924194335938,286040
2004-07-14,21.319493974117975,22.49335969306092,21.319493974117975,21.612960815429688,2732945
2004-07-15,21.92369319620593,22.432944476730167,21.83737911290782,22.208528518676758,1297600
2004-07-16,22.389790137313696,22.5278920236593,22.139479439372074,22.363895416259766,676545
2004-07-19,22.90766940116715,22.90766940116715,22.268946220238078,22.381155014038086,751055
2004-07-20,20.36141120656276,22.53651782925702,20.36141120656276,22.441572189331055,1003090
2004-07-21,22.614202556504498,22.614202556504498,19.265228223727892,22.148107528686523,450935
2004-07-22,22.596939670375036,22.614202815225962,22.182634071777407,22.337997436523438,340025
2004-07-23,22.571043853033448,22.571043853033448,21.92369076941124,22.234420776367188,396250
2004-07-26,20.741194402807068,22.42431151447397,20.741194402807068,22.337997436523438,290080
2004-07-27,22.268946528269577,22.389786896056787,21.940955007256537,22.087688446044922,146245
2004-07-28,22.096320571610523,22.51925775369275,21.932323983846672,22.06179428100586,512120
2004-07-29,22.441570262738022,22.441570262738022,21.88916290616476,22.130840301513672,115600
2004-07-30,22.346630133677365,22.389787997976864,21.975480732222625,22.09632110595703,261455
2004-08-02,21.923688888420383,22.243050439980788,21.578434269371222,21.690641403198242,226145
2004-08-03,21.854639049531507,22.01000404739232,21.62159155274028,21.932321548461914,168050
2004-08-04,21.992740077818098,21.992740077818098,21.43170110930003,21.612960815429688,248915
2004-08-05,21.1037133734641,21.854642106421274,21.1037133734641,21.55254364013672,254415
2004-08-06,21.837373186706152,22.407043677051266,21.60432736524043,21.86326789855957,388610
2004-08-09,21.9668516733487,22.37252573596281,21.75106728224038,21.854642868041992,171605
2004-08-10,22.087685449832694,22.087685449832694,21.578434269371222,21.690641403198242,167200
2004-08-11,21.99274144856508,22.0790555213254,21.569804302973907,21.8891658782959,515880
2004-08-12,21.19865850224831,21.828750186792412,20.896560020010064,21.310867309570312,380120
2004-08-13,21.40580611822451,21.664748317015864,20.801610946985782,21.034658432006836,236760
2004-08-16,21.38854518859704,21.38854518859704,20.54266929236937,20.698034286499023,586855
2004-08-17,20.887924467699772,20.97423688540537,20.54266821166202,20.689401626586914,721455
2004-08-18,20.88792444011328,20.88792444011328,19.696793980224594,20.05068016052246,436725
2004-08-19,20.309622899274377,20.628982804094896,19.990261348149975,20.16288948059082,433185
2004-08-20,20.344150038302597,20.344150038302597,19.852161940575254,19.981632232666016,269910
2004-08-23,19.679529660565535,19.85215777802639,18.902706424599163,18.997652053833008,393040
2004-08-24,19.07534047310037,19.489646108260786,18.859556082332954,19.420595169067383,513860
2004-08-25,19.619113960201904,19.619113960201904,19.075338087837963,19.135757446289062,373825
2004-08-26,20.5426704786364,20.5426704786364,18.989023740230092,19.196176528930664,570705
2004-08-27,19.59322300710251,19.8953198319976,19.420594838901692,19.714061737060547,577925
2004-08-30,19.852159772156046,20.715297153554133,19.852159772156046,20.430461883544922,406060
2004-08-31,20.698037859910258,20.85340288086289,20.171525078831472,20.508148193359375,319040
2004-09-01,20.870668460086865,20.99150720322541,20.54267523399024,20.715303421020508,225140
2004-09-02,20.88792849117353,21.483492190319236,20.88792849117353,21.34539031982422,568950
2004-09-03,22.096319802298755,22.40704817540157,21.405808830983865,21.587068557739258,991405
2004-09-06,22.17400259300461,22.17400259300461,21.319496674923926,21.526649475097656,1122620
2004-09-07,21.405809139312545,21.621593512274583,21.146868550279745,21.293601989746094,466780
2004-09-08,21.060552856108288,21.647486568945247,21.060552856108288,21.23318099975586,951680
2004-09-09,21.837376797879624,21.837376797879624,20.723930344915917,20.879295349121094,706670
2004-09-10,21.224546378334672,21.224546378334672,20.559930260980803,20.66350746154785,825435
2004-09-13,20.887929126361986,20.887929126361986,20.421834064539528,20.741195678710938,445305
2004-09-14,20.879293955417182,24.236897880580855,20.879293955417182,23.546388626098633,6406770
2004-09-15,23.64996420872656,23.822592345627598,22.31210190980724,22.441572189331055,1924980
2004-09-16,22.441572193072737,22.501991547106996,22.027266640005873,22.28620719909668,575500
2004-09-17,22.596939884569412,23.037140204616055,22.337997648263325,22.74367332458496,766610
2004-09-20,22.92492894868245,23.08029394453598,22.268944325247507,22.303470611572266,495630
2004-09-21,22.441569157836714,22.441569157836714,22.010000520186008,22.122207641601562,472700
2004-09-22,22.441574088248615,22.873142820714932,22.182633507290447,22.519256591796875,879710
2004-09-23,22.614203915733942,23.261557062409867,22.191265077824657,22.346630096435547,883045
2004-09-24,22.61420171981586,22.61420171981586,22.096318923502512,22.15673828125,329910
2004-09-27,22.510627526591325,22.510627526591325,22.139478111926866,22.24305534362793,310645
2004-09-28,22.424312929140058,22.441576075080054,21.92369322100967,22.03590202331543,427585
2004-09-29,22.441574431821937,22.441574431821937,21.837377538597405,21.91506004333496,388470
2004-09-30,22.268946220238078,22.493362161534005,21.932323131446225,22.381155014038086,588740
2004-10-01,22.346627618248185,22.90766826685927,22.1912626168669,22.778196334838867,685350
2004-10-04,22.950824195113068,23.693122905252324,22.63146262442637,22.993980407714844,1735680
2004-10-05,23.002609050009042,24.098793832051506,22.786824721873305,23.857114791870117,1122225
2004-10-06,24.1678472084135,25.030984608713986,23.99521906983183,24.763412475585938,2290440
2004-10-07,24.85835512467127,25.37623786608189,24.82383048660595,25.22087287902832,903945
2004-10-08,25.376244846542985,27.603139765506253,25.20361831612282,26.947154998779297,4103520
2004-10-11,27.70671002216295,28.578480665169778,26.757260171819013,27.1543025970459,2676430
2004-10-12,28.48353447679482,28.48353447679482,25.902753823272004,26.05811882019043,1044465
2004-10-14,26.248012712666977,26.584635829693912,24.953306390188942,25.376243591308594,3881070
2004-10-15,25.030986138741994,27.603135353748026,24.19374340194318,26.256641387939453,3834145
2004-10-18,26.541473124155623,29.174041344615386,26.325688789812894,26.679574966430664,1876125
2004-10-19,25.46255932016334,26.653688489410634,25.46255932016334,26.403379440307617,876035
2004-10-20,26.584631798161087,26.71410372781798,25.885490951012144,26.170326232910156,653080
2004-10-21,26.239376601875147,26.584631232234567,25.91138511460968,26.42926788330078,675330
2004-10-25,26.757260853387095,26.757260853387095,24.94467188567103,25.117300033569336,404075
2004-10-26,25.203614742058893,25.635183476366038,24.167849121200117,24.297319412231445,845570
2004-10-27,24.685729437346442,25.100034985306273,24.651203151864504,24.961933135986328,485830
2004-10-28,25.324452575323868,25.324452575323868,24.530366066113494,24.69436264038086,199785
2004-10-29,24.849729341306944,27.275145248127043,24.538999315413932,26.37748146057129,2224205
2004-11-01,26.584633418348922,26.73999842636266,25.04824977533322,26.54147720336914,808980
2004-11-02,26.239379901184776,26.636424010749938,25.92001994531033,26.066753387451172,254365
2004-11-03,26.239377949498444,26.722734456826252,25.894123301407152,26.550107955932617,643680
2004-11-04,26.739996525096615,26.826310595223156,25.894122259725208,26.075380325317383,496680
2004-11-05,28.483535353598626,28.483535353598626,25.9372792619523,26.282535552978516,967235
2004-11-08,26.80904392539111,27.447765326221766,26.429264700878008,27.27513885498047,1116215
2004-11-09,27.447772166032955,27.447772166032955,26.84357689667116,27.361459732055664,800085
2004-11-10,27.620395930877105,27.620395930877105,27.27514131100192,27.326929092407227,539725
2004-11-11,27.620399031680417,27.620399031680417,26.515582477743735,26.619159698486328,361130
2004-11-12,26.89536205142575,26.89536205142575,26.412005554029093,26.498319625854492,96165
2004-11-16,26.809047982533748,26.921256769810242,26.524212697891553,26.593263626098633,1277515
2004-11-17,26.981678479932214,27.810291337004625,26.679580025308894,27.499561309814453,1015390
2004-11-18,28.293643991422357,28.293643991422357,27.119778202389327,27.482295989990234,1073810
2004-11-19,27.793026887395584,27.793026887395584,26.584633125618687,26.757261276245117,684440
2004-11-22,26.429272029049447,26.670949485059083,26.066754198730795,26.153066635131836,373225
2004-11-23,26.567368132968372,27.603131961571993,26.420634718128213,27.335559844970703,699930
2004-11-24,27.767127695160138,27.96565218834633,26.774521692268053,27.07662010192871,772605
2004-11-25,27.41324369843928,28.483533864267404,27.27514184777139,28.250486373901367,1479560
2004-11-29,28.65616910948399,29.933612368209026,28.65616910948399,29.5538330078125,2004555
2004-11-30,29.778244738983027,30.00265904768855,28.310910281728855,28.690692901611328,1712660
2004-12-01,28.966896613185696,30.848536686865696,28.656166576415295,30.56369972229004,2324280
2004-12-02,30.891690746270033,33.64509808174084,30.736325738740454,32.77333068847656,5766730
2004-12-03,32.307232444082295,33.43794359887563,30.22707148694281,30.6759033203125,2025855
2004-12-06,31.93608845081225,36.14820049814702,31.93608845081225,32.55754852294922,5104055
2004-12-07,32.81648755152618,33.0495350674238,31.797985056540263,31.953350067138672,1675435
2004-12-08,33.63647065347534,33.63647065347534,30.322022401078467,31.392311096191406,3596035
2004-12-09,31.57356810791848,31.711669962118883,30.65000804798137,30.857162475585938,1512625
2004-12-10,31.003896404431412,31.92745652839219,30.900320829752953,31.185157775878906,1411595
2004-12-13,31.418202831520006,31.418202831520006,30.416963574301434,30.494646072387695,783545
2004-12-14,31.07294434144691,31.07294434144691,29.95949637898589,30.71042823791504,2680800
2004-12-15,30.978001216422125,31.37504363605663,30.037181304831183,30.235702514648438,2249435
2004-12-16,29.691933302574416,31.03842578534651,25.894126731567752,30.632753372192383,3493760
2004-12-17,30.63274397292801,30.63274397292801,29.001411723601482,29.174039840698242,3610210
2004-12-20,29.174046634529333,30.546435381498487,29.174046634529333,29.355304718017578,3311645
2004-12-21,29.838659548986183,30.20117896785925,29.60561205669804,30.088970184326172,1624245
2004-12-22,30.727691407396986,30.727691407396986,29.709188969414203,30.13212776184082,1713885
2004-12-23,30.55507331390122,32.799229827135406,30.55507331390122,32.59207534790039,8349650
2004-12-24,32.781955656413366,33.24805060850924,31.262835392399108,31.65987777709961,2763225
2004-12-27,31.763455527262213,32.12597494588649,27.887970461498455,32.022396087646484,1350515
2004-12-28,32.19502285000129,32.54027911083551,31.504513620940575,31.979238510131836,1033545
2004-12-29,32.01375921335578,32.2554365782403,31.262830763459505,31.418195724487305,894270
2004-12-30,31.936091928357566,32.43671332822725,31.42684060103887,31.556312561035156,1201520
2004-12-31,31.936089095012534,32.28134542929928,31.59083276072578,31.97061538696289,867525
2005-01-03,31.936084167221722,32.9718497176532,31.936084167221722,32.83374786376953,1421010
2005-01-04,32.989117269487025,33.14448228744445,32.28134476217358,32.7474365234375,1115825
2005-01-05,32.790593387303296,32.790593387303296,30.65000959989982,31.80661392211914,1163085
2005-01-06,31.780711354328055,32.79921351097207,30.5550581141063,31.96196937561035,1192610
2005-01-07,31.185157099266526,33.12721636854432,31.185157099266526,32.81648635864258,1530260
2005-01-10,33.092686258557194,33.6623567800538,32.712907008428694,33.16173553466797,1267765
2005-01-11,32.88553015228115,33.29983895805073,31.763452309224665,32.44533157348633,840515
2005-01-12,32.125975226020344,32.488491355197844,30.744953404248804,31.305994033813477,813470
2005-01-13,31.072948237502416,31.625355679351834,29.34667333541895,30.322019577026367,2944635
2005-01-14,30.50327467623714,33.14447620414159,30.46874839133722,32.61796188354492,3135360
2005-01-17,33.31710161464151,34.69812340084597,32.134604323711386,33.964454650878906,4946040
2005-01-18,34.78443968954476,35.90651775192849,33.85225292587194,34.27518844604492,5393870
2005-01-19,34.490965069063265,34.870747581189065,33.40341354026539,33.77456283569336,1284450
2005-01-20,33.955826405534694,33.955826405534694,32.47122898202246,32.9804801940918,1227895
2005-01-24,33.36889463537659,36.19135457235079,32.62659588042453,35.28506088256836,3109595
2005-01-25,35.38864218573121,35.38864218573121,34.00762331991688,34.301090240478516,1605020
2005-01-27,34.61181350258474,35.906519792595766,34.36150612223163,35.647579193115234,1910595
2005-01-28,35.99283944046647,35.99283944046647,35.08654559728457,35.41453552246094,873020
2005-01-31,35.80293654602374,36.25176835891369,35.22463610741655,35.569889068603516,1530985
2005-02-01,36.07914857348244,36.07914857348244,34.11119603264418,35.29369354248047,2379935
2005-02-02,35.3886310854502,37.78815184687798,34.87074999636472,37.15806198120117,3165625
2005-02-03,37.46016684026313,39.074232958158234,36.94228239202703,38.772132873535156,3884995
2005-02-04,38.99655536289599,41.43060302734375,38.15068094620074,38.841190338134766,2528320
2005-02-07,38.84119150754587,39.60938343498885,38.02121013942041,38.55635452270508,830040
2005-02-08,35.48358365332738,40.18768375333481,35.48358365332738,39.63527297973633,2233545
2005-02-09,40.13588495117171,40.394825485883565,39.18643522635905,39.88557434082031,1239290
2005-02-10,39.53169251311964,40.13588935548726,38.49592696800484,38.875709533691406,485370
2005-02-11,38.875712167574754,40.0409464268952,38.34056456923358,39.816532135009766,642145
2005-02-14,40.049579090986434,40.82640082224376,39.36769971366103,39.93737030029297,1174155
2005-02-15,39.70432552326557,40.04958184485902,39.186444333483685,39.86832046508789,438620
2005-02-16,39.704313593440624,40.567450845471946,39.18643255926476,40.03230667114258,1328660
2005-02-17,40.03230924290099,40.03230924290099,37.632785289130574,38.064353942871094,1035375
2005-02-18,38.66855459395965,39.18643900594152,37.80541719993105,37.98667526245117,926520
2005-02-21,40.04957526496231,40.71418814203424,38.08161982337576,39.62663650512695,1647380
2005-02-22,39.876946055266544,40.2221990182019,39.01380870901666,39.94599533081055,1550545
2005-02-23,39.704326151273165,40.22220734924643,38.84118862624549,39.35906982421875,830910
2005-02-24,39.35907414647811,39.9632711388697,38.366467859257156,39.471282958984375,1300075
2005-02-25,39.92873714879473,40.56746031311041,38.85844855035192,39.04833984375,1062885
2005-02-28,39.4799119774701,44.27895452563793,39.4799119774701,41.79311752319336,4790575
2005-03-01,41.25797242460119,41.25797242460119,38.49593172704201,39.63527297973633,2324410
2005-03-02,39.712956063839194,40.429361789812766,39.21233801165517,39.43675231933594,1196570
2005-03-03,40.532931769654276,40.54156498756919,39.18643952442305,39.37632751464844,1082705
2005-03-04,39.82516204427375,40.127262132103084,39.54032839343778,39.97189712524414,1028510
2005-03-07,41.775851680974775,41.775851680974775,40.567457998032765,40.852294921875,1707605
2005-03-08,41.257969879108686,42.78572357655651,41.024922370080226,42.449100494384766,1594815
2005-03-09,40.5674564264179,44.020005909517295,40.5674564264179,43.381282806396484,3267225
2005-03-10,44.18401546120547,45.57366761531214,42.98425464520794,44.434326171875,3611995
2005-03-11,44.87451174346178,45.4010227549319,43.959584977965356,45.06439971923828,2708980
2005-03-14,44.883142202859844,46.566260693988625,44.80545970965059,44.94356155395508,2175070
2005-03-15,45.37513633143499,46.12606500504426,43.156873306870494,44.304847717285156,2306335
2005-03-16,44.86588011821942,46.09153689634183,41.78447996930414,42.25920486450195,4119850
2005-03-17,43.139605931888816,43.74380275745522,41.68953486757257,41.983001708984375,1530685
2005-03-18,42.086568473177834,42.38866846910047,41.085329451694406,41.72405242919922,1406580
2005-03-21,42.26784306943341,42.41457485926301,41.430598667721924,41.4737548828125,504030
2005-03-22,41.93121669251137,41.93121669251137,40.19630866554597,40.46388244628906,728745
2005-03-23,40.04958168424014,41.01629477117319,40.04958168424014,40.87819290161133,2864225
2005-03-24,41.08534471873785,41.08534471873785,39.5403310571696,40.21357727050781,600425
2005-03-28,40.481143950513896,40.98176191271635,39.88557705823224,40.01504898071289,522475
2005-03-29,40.222205706205756,40.23946885111413,38.849816965768255,39.14328384399414,688995
2005-03-30,39.445383324961114,40.60198767489364,38.50456334410101,39.73021697998047,3205320
2005-03-31,40.22220813600435,41.73269883434841,39.74748314647504,41.01629638671875,381240
2005-04-01,40.9127115628808,41.3960663699087,40.56745530705429,41.11123275756836,260045
2005-04-04,41.11123331282793,41.55143191697488,40.74008398521427,40.947235107421875,237750
2005-04-05,41.309766088552145,42.12111424771848,40.23084408788001,40.75735855102539,482330
2005-04-06,41.22344485695814,41.240708001780376,40.34304751928125,40.6192512512207,391140
2005-04-07,40.91271980736755,41.421971076398705,40.13589472152059,40.446624755859375,444470
2005-04-08,41.050814481955975,41.050814481955975,39.53169086765732,39.62663650512695,303400
2005-04-11,39.94600360464624,39.94600360464624,39.0138167897727,39.35906982421875,454780
2005-04-12,39.825168751103305,39.825168751103305,38.68582737067032,39.24686813354492,162440
2005-04-13,39.63526863611773,39.63526863611773,38.92749621708762,39.10012435913086,168810
2005-04-15,38.84118162946887,39.35906273415202,38.487295439660244,39.08285903930664,278600
2005-04-18,38.668551834421116,39.01380808443687,37.28753341957336,38.521820068359375,315215
2005-04-19,39.01381401381672,40.39483263855383,39.01381401381672,39.97189712524414,776725
2005-04-20,40.04958465297957,40.558835952102065,39.10013134832976,39.531700134277344,656505
2005-04-21,39.88558345046723,41.344287946110725,39.53169720392693,40.87819290161133,2249250
2005-04-22,41.43058717489875,42.155622582163765,40.75734118694096,41.206172943115234,1709870
2005-04-25,41.413337527632564,43.148245774676184,40.921349408049046,42.500892639160156,1197390
2005-04-26,43.04465802737157,43.04465802737157,41.4305921308699,41.6204833984375,649065
2005-04-27,41.430598667721924,42.27647299540826,40.57609112145257,41.4737548828125,412015
2005-04-28,40.91272358253087,41.870803553336465,39.79064206774493,40.75735855102539,2859300
2005-04-29,38.92749244594356,40.58471783936193,38.92749244594356,39.721580505371094,2762985
2005-05-02,40.196309754136045,40.56745911154391,39.58348297054928,40.489776611328125,1045745
2005-05-03,40.39483210359839,40.39483210359839,39.704322800374364,39.85968780517578,745630
2005-05-04,39.70432552326557,40.19631364134084,39.359069201672106,39.86832046508789,447725
2005-05-05,40.740090368758715,45.40103086004293,40.740090368758715,41.8880615234375,2585965
2005-05-06,42.06069361167546,42.457736105732664,41.05082422992887,41.387447357177734,3000720
2005-05-09,41.68954747628201,41.819019439706906,40.74009738652876,41.430606842041016,1056070
2005-05-10,41.41333611887299,41.59459420042562,40.65377421044191,41.04218673706055,649735
2005-05-11,41.068078178912614,41.068078178912614,39.773372107082196,40.04957580566406,948705
2005-05-12,40.187675498584966,41.25796395000874,39.70431740569858,40.29988098144531,4594225
2005-05-13,40.56746243093814,41.15439619334761,39.87695309063531,40.11000061035156,1377725
2005-05-16,40.11862731616508,40.11862731616508,39.03970552960963,39.290016174316406,885465
2005-05-17,40.04957980549297,40.04957980549297,37.79679048870037,38.22835922241211,3437500
2005-05-18,38.32330432522539,38.65129418750048,37.6845811596748,38.271514892578125,843195
2005-05-19,38.616768457586964,39.08286014798043,37.71910477757133,37.98667526245117,1464990
2005-05-20,38.43255345787628,38.80848635277501,37.82056944280547,38.493751525878906,1222320
2005-05-23,39.16693450881506,39.47292819090298,38.46752561911285,39.350528717041016,1978210
2005-05-24,39.4641762134017,39.65651487220511,38.55494316184162,39.19315719604492,1905190
2005-05-25,38.99208145262834,39.51664062118849,38.6598643144227,39.350528717041016,1314570
2005-05-26,39.35052090146177,39.481661501316566,38.11781193599389,38.581172943115234,516750
2005-05-27,38.81722944009573,39.604063143921984,38.40632528256942,39.298072814941406,1103825
2005-05-30,39.49916008170173,39.86634854556042,38.55495545741639,38.756038665771484,681940
2005-05-31,39.254365637998816,42.226854475135234,38.75603655840443,41.92086410522461,5410810
2005-06-01,41.96456550687569,41.96456550687569,41.10778936131559,41.73725891113281,1406785
2005-06-02,41.4400156696538,41.4400156696538,39.86634157115101,39.883827209472656,1905010
2005-06-03,40.56575598802632,41.134024256937124,39.53412661579753,40.644439697265625,1357690
2005-06-06,40.74061185551943,40.91546493965095,39.70024117425696,39.81389617919922,1054425
2005-06-07,40.19856809457062,40.91546269870474,40.07617194289577,40.574501037597656,1124135
2005-06-08,40.915462112259384,42.31428335360322,40.644443018876764,41.212711334228516,2118755
2005-06-09,41.431271823297344,41.50995552943855,40.0411952381657,40.58323669433594,999980
2005-06-10,40.70564037624601,41.09031445993563,40.14610988854534,40.46958923339844,1726470
2005-06-13,39.883821157331745,40.70562935852175,39.883821157331745,40.216041564941406,669885
2005-06-14,40.45209433299546,41.40503983892243,40.05867585164136,40.20730209350586,1327940
2005-06-15,40.54827424368019,40.74060962414995,40.02371502001583,40.574501037597656,1683500
2005-06-16,41.0728227457251,41.2651614266495,40.00622218429984,40.277244567871094,1894645
2005-06-17,40.52204527744835,41.32636810946142,40.38216348079978,41.134029388427734,2365160
2005-06-20,41.50996234224171,41.579904908088544,40.91546387272403,41.134029388427734,1351500
2005-06-21,41.09031146761654,41.24767888472162,40.609468064259744,40.941688537597656,986850
2005-06-22,41.17773257126972,42.314275665565795,40.95042595343712,42.1656494140625,4266520
2005-06-23,42.4891250637751,43.34590462145025,41.78971624275445,42.00828170776367,2147160
2005-06-24,42.40170040334279,42.66397829552985,41.89462692140936,42.05199432373047,1464350
2005-06-27,42.139432819390045,42.821356172898774,41.72852857558598,42.559078216552734,1171935
2005-06-28,42.55907012010118,42.742664321111874,41.17773469906186,41.518699645996094,1093235
2005-06-29,41.44001176995071,42.75140450526505,40.915452674798466,42.54158020019531,2644860
2005-06-30,42.66398158641592,43.71309657113201,41.61486660169983,43.14482498168945,4327080
2005-07-01,42.82134199012887,44.0365653422418,41.96456583781216,43.52949523925781,1237455
2005-07-04,42.882544793552256,43.88794729535076,40.21604671122961,42.637752532958984,562245
2005-07-05,42.63775551802979,44.57861810588321,42.340506322908496,42.733924865722656,2200430
2005-07-06,43.17105647037933,44.84963783088246,42.768893434594666,44.38628005981445,1596665
2005-07-07,45.461614569883714,45.461614569883714,43.039908932013454,43.67811965942383,910035
2005-07-08,43.97538197895987,46.37960270016095,43.97538197895987,46.00366973876953,2059800
2005-07-11,46.34461780556776,47.38499151016874,46.34461780556776,46.834205627441406,1937230
2005-07-12,43.72183676749244,47.35002503762073,43.72183676749244,46.8516960144043,1236650
2005-07-13,47.21014861150599,47.813388198703514,46.397084674170905,46.61565017700195,779965
2005-07-14,46.86043734300958,47.54236390502049,45.40042154475193,45.671443939208984,1685395
2005-07-15,45.63647143172881,45.65395706977503,43.546986043349705,44.01908493041992,2322085
2005-07-18,44.23765182495117,45.60150162098207,44.071543260741045,44.23765182495117,1232245
2005-07-19,45.72389458322909,45.72389458322909,44.06279905126425,44.211421966552734,935450
2005-07-20,44.237646615493986,44.849630554531636,43.03116770901183,43.2934455871582,2259040
2005-07-21,43.70435909799408,43.8704676783303,43.36339411460151,43.66938781738281,1511290
2005-07-22,43.36339411460151,43.93166575187758,43.18854438163492,43.66938781738281,1539175
2005-07-25,43.71308890747325,44.849628552058746,43.363382862195856,44.5086669921875,1772655
2005-07-26,44.93705702168765,47.21013632556774,44.762203997917474,46.825462341308594,5934065
2005-07-27,47.33254246724742,47.33254246724742,45.46162238722642,45.92498016357422,599870
2005-07-29,42.427929379785844,47.55984918723859,42.427929379785844,45.968692779541016,2373800
2005-08-01,46.31839571428455,47.21014326505199,46.04737332085063,46.8516960144043,1122875
2005-08-02,47.2101408610762,48.95866459667162,47.166428434695185,48.364166259765625,9183410
2005-08-03,48.95867324580001,49.832935268046434,48.18058057960788,48.766334533691406,9265455
2005-08-04,49.83292536598387,49.83292536598387,45.85503462219928,48.68764114379883,2936085
2005-08-05,48.608966114472885,48.608966114472885,46.30965944395104,46.52822494506836,4372985
2005-08-08,46.87791662175143,47.28007958300857,44.779690309958916,45.435386657714844,4005680
2005-08-09,45.653960618731354,46.327142728141396,44.631072391301004,45.723899841308594,2957475
2005-08-10,45.70640857722153,45.98617210319188,45.286763288266,45.417903900146484,1327160
2005-08-11,45.636469363251095,46.1959964151918,45.111910250773455,45.417903900146484,2569405
2005-08-12,45.46161693425091,46.1347989698288,45.286763894418,45.73263931274414,3454400
2005-08-16,45.758863917512606,46.143537918750134,45.46161476449682,45.54029846191406,1800870
2005-08-17,46.1085777116951,46.20474372684588,45.53156494556671,45.92498016357422,672545
2005-08-18,45.6364687959205,46.335877602151676,45.47035691159767,45.94245910644531,312570
2005-08-19,46.14354012105049,46.14354012105049,45.50532936044806,45.73263931274414,556755
2005-08-22,47.0352890465956,47.0352890465956,44.58735641995965,44.92831802368164,618150
2005-08-23,45.28676424993043,45.811323373547076,42.85631731581081,43.686866760253906,1728480
2005-08-24,44.237647571231975,44.543641214883756,42.84757111847552,43.31093215942383,972340
2005-08-25,43.36338472421259,43.87045817813405,41.96456715312605,42.90877151489258,2458170
2005-08-26,42.48912884217683,43.71309688908917,42.48912884217683,43.48579025268555,720515
2005-08-29,43.52950629886304,43.80052538766227,42.585301726795684,43.643157958984375,3396515
2005-08-30,43.887953589730486,43.887953589730486,43.53824745154741,43.643157958984375,1232305
2005-08-31,44.062801595308905,44.062801595308905,43.40710516284922,43.65189743041992,3747845
2005-09-01,43.730580873408705,44.58735713981151,43.70435408348188,43.87920379638672,1665390
2005-09-02,43.975377987864846,45.61899148372836,43.2147709807283,44.963294982910156,9548120
2005-09-05,44.587359032256046,46.14354422146168,44.587359032256046,45.321739196777344,1814065
2005-09-06,45.793835263580455,45.793835263580455,44.49992816458651,45.47035598754883,600370
2005-09-08,45.46162138197654,46.14354463549189,45.46162138197654,45.97743606567383,755320
2005-09-09,45.81131985967923,47.01779874786375,45.28676077629786,46.70306396484375,1495005
2005-09-12,46.947869460842625,47.559853519949975,46.68559153123799,47.393741607666016,1428075
2005-09-13,47.262602095023,47.98823777741757,47.0527777601476,47.6560173034668,1186130
2005-09-14,47.55984939567428,47.9095521598068,46.87792283578349,47.23637008666992,1820810
2005-09-15,44.1764445640251,47.72594842173233,44.1764445640251,47.384986877441406,296455
2005-09-16,44.28136584779298,47.559847919395295,44.28136584779298,46.63312911987305,577000
2005-09-19,46.335878617955245,47.32379545437689,46.335878617955245,46.98283386230469,614740
2005-09-20,46.79924355669971,49.48322761635635,46.17851834024182,49.002384185791016,2121295
2005-09-21,49.308378899150476,51.135586640905586,47.385001802295896,50.08647155761719,3318940
2005-09-22,50.44490406465064,50.53232890636555,47.27133295174926,47.787147521972656,1959090
2005-09-23,47.21888449693925,48.78381412305263,46.16977286841441,46.78175354003906,802575
2005-09-26,50.497367079418865,50.663478978804086,46.781753915913605,47.892066955566406,1066845
2005-09-27,48.74884294608045,49.57065128116695,47.74344374417451,48.75758743286133,1544300
2005-09-28,49.8154450124837,49.8154450124837,47.647275798377564,47.95326614379883,1929725
2005-09-29,48.25926039578917,48.381656535407195,45.286768426302956,46.09109115600586,2271355
2005-09-30,48.08440340638976,48.08440340638976,45.723895663067196,46.47576141357422,946800
2005-10-03,46.45827492574086,46.67684039177091,45.5490417866452,45.73263931274414,1656675
2005-10-04,46.33588095165816,46.86043676048933,45.811325142827,46.58067321777344,928965
2005-10-05,46.283423514101514,46.283423514101514,44.937062730626785,45.1556282043457,1349025
2005-10-06,45.286768706214595,45.63647482303729,43.52075915284492,44.27262496948242,2779295
2005-10-07,45.11190921043663,45.11190921043663,43.581951003987115,44.83214569091797,1424705
2005-10-10,45.28676385604194,45.79383733762325,44.158965251871926,45.549041748046875,1055885
2005-10-11,45.81132981319755,45.820070965716596,44.429994262049625,45.26054382324219,1118685
2005-10-13,45.19933529705318,45.46161316754946,43.94039618260053,44.29884338378906,2086810
2005-10-14,45.12939414716813,45.95120239116869,43.398356146359454,45.041969299316406,3916475
2005-10-17,45.68891715873743,46.300901045002036,42.532835072297786,44.202674865722656,1048730
2005-10-18,44.22890823627738,45.11191125954582,43.72183474971447,44.07154083251953,994760
2005-10-19,43.713095792368414,44.18519802733668,43.29345047296702,43.80926513671875,1561455
2005-10-20,43.88794712041858,44.57861480724744,39.51663771270845,41.300132751464844,3193125
2005-10-21,41.96457180207041,42.31427790110548,40.24227476714619,41.064083099365234,2317645
2005-10-24,41.5274388160924,41.92085732451688,39.778915076467456,40.07616424560547,1492325
2005-10-25,40.3034664082389,40.98539285912652,39.350520942102655,40.216041564941406,2143475
2005-10-26,40.303480052318456,40.522045569597935,39.350534263578105,39.84012222290039,1915950
2005-10-27,39.35927412161652,39.86634432782903,38.353871526389774,38.59866714477539,2101990
2005-10-28,38.46751830382151,40.23352749888405,38.46751830382151,39.918792724609375,1477435
2005-10-31,39.25436126606279,42.12193927628968,39.25436126606279,41.833431243896484,1046705
2005-11-02,40.233538786883024,41.938350402480054,40.233538786883024,41.780982971191406,220420
2005-11-07,41.964572778841664,42.13942583242909,40.65317987950286,41.466243743896484,1934530
2005-11-08,41.00288663963741,41.96457344711595,41.00288663963741,41.711036682128906,740265
2005-11-09,41.711037531271636,42.57655834365811,41.44001845667026,41.798465728759766,1571330
2005-11-10,42.31426679659355,42.31426679659355,41.57114236492294,41.64982604980469,717460
2005-11-11,41.64984085166605,42.69895591125117,41.64984085166605,42.017032623291016,1010600
2005-11-14,42.50660761768743,43.363383778166416,42.305527804670895,42.89128494262695,1142895
2005-11-16,43.01368538672087,44.4649599816671,42.66397929888431,43.93165969848633,2643965
2005-11-17,45.23431854137223,45.23431854137223,43.57321936350984,44.63982009887695,4235835
2005-11-18,44.937065617157174,45.02449047824269,43.29345221540105,43.73058319091797,953300
2005-11-21,43.85297728408952,43.85297728408952,42.45415956172802,42.81260681152344,1029925
2005-11-22,42.62900492905181,43.00493777892513,41.833426805259386,41.97330856323242,755145
2005-11-23,41.99953808138672,43.6606335165354,41.527435904378976,43.4770393371582,1348040
2005-11-24,43.59069505361375,43.97536905534046,42.7164332301078,42.99619674682617,1315355
2005-11-25,42.996201297727204,45.444133995634644,42.996201297727204,45.03322982788086,1187345
2005-11-28,45.11191348422282,45.63647263429885,44.58735766919132,45.48784637451172,1199655
2005-11-29,45.461614949710984,47.210138601622944,44.82340421696842,46.49324417114258,2358570
2005-11-30,46.877921203048075,48.0406911075252,46.825467624529615,47.428707122802734,3095435
2005-12-01,47.29757506121109,49.25592349952393,47.044041604077904,48.89747619628906,2120415
2005-12-02,48.95866033387806,49.65806910021036,48.66141119130632,49.45698928833008,1875975
2005-12-05,49.48322770605306,51.72133961943567,49.404543992905566,51.4066047668457,2032310
2005-12-06,50.68970033642387,52.45570962741895,50.53233294073808,50.71592712402344,1495590
2005-12-07,50.70718520737225,51.40659399149959,49.9203482408264,50.99569320678711,907100
2005-12-08,50.969463084539484,51.23174096170671,50.53233217757938,50.99569320678711,466210
2005-12-09,50.532336097485,51.05689522755483,48.084403495625665,50.01652145385742,377730
2005-12-12,50.27005259015128,51.23173921872786,49.395790805974734,49.64058303833008,415165
2005-12-13,49.92035567085223,51.4066016427347,49.57065289426171,50.42742919921875,1103720
2005-12-14,50.707186377689055,54.3616011110226,50.707186377689055,53.91572570800781,4282875
2005-12-15,53.662194677974284,54.02938306367217,49.43950823218228,50.270057678222656,1737285
2005-12-16,50.53233685110558,51.58145179184696,49.832928002292824,49.99029541015625,1106545
2005-12-19,50.70718436791522,52.28085493991067,50.453647645665065,51.81749725341797,1242350
2005-12-20,51.8175094567491,52.202183538482856,50.55857336967464,50.83833694458008,677340
2005-12-21,51.87869656197553,52.00983716906846,50.3137671028668,51.0831184387207,1465185
2005-12-22,51.13557671589884,53.155119440830866,50.72467258206157,52.027320861816406,1794540
2005-12-23,52.114748105972694,52.98026544815572,51.948636224207554,52.46445083618164,595705
2005-12-26,52.46446109159343,52.46446109159343,49.220949875774586,50.182640075683594,865705
2005-12-27,49.65807157268265,53.67967801565604,48.259253970371006,52.7354736328125,768925
2005-12-28,52.73548132715378,53.67968584776095,51.62516823423744,51.89619064331055,580740
2005-12-29,52.45571329289687,52.54313814770059,48.7838126953852,49.26465606689453,3307410
2005-12-30,49.65807828891659,50.6722220215161,49.518196509766476,50.173892974853516,1254230
2006-01-02,51.05690178464311,51.319179715839404,50.0952115901969,50.40994644165039,715590
2006-01-03,50.74215900233932,51.37162527181775,50.444909837430735,50.637245178222656,419965
2006-01-04,51.23174691860315,52.23714945553076,50.88204415340037,51.84373092651367,1448085
2006-01-05,51.84373322815799,53.41740407904619,51.41534673813324,53.1026725769043,3013255
2006-01-06,54.02938342863896,55.165923203771534,53.17260718784534,54.877418518066406,2035155
2006-01-09,55.07848948726218,56.95815355774978,54.221713384332254,55.882808685302734,2035060
2006-01-10,56.1276037932753,56.30246015190543,53.504821779659956,54.68507385253906,1998300
2006-01-12,54.90364995445005,55.60305884949792,51.17055101676651,54.781253814697266,937425
2006-01-13,55.253345576306046,56.459827775542905,54.991067707353004,55.63801956176758,2309120
2006-01-16,55.944015145092145,56.8270181129665,55.08723562947317,56.51228332519531,1812945
2006-01-17,60.21916000141275,62.07259771468913,56.47731996695282,56.66965866088867,1566355
2006-01-18,56.494801964878995,56.82701905968841,54.37908659797222,56.07515335083008,1319795
2006-01-19,56.82702603770818,57.70128797674984,56.407377372128906,57.3078727722168,690225
2006-01-20,57.52643511360391,61.16336111284103,57.01936161584595,59.23124313354492,1201500
2006-01-23,59.36239573000161,65.552172770051,57.71877877389129,64.21454620361328,3207325
2006-01-24,60.3240738746671,64.5904697416723,58.409438091173016,58.8465690612793,2447030
2006-01-25,62.072591822571475,62.072591822571475,56.127608529275655,56.792049407958984,2142220
2006-01-27,57.50894768580617,59.30992509578664,57.1592415858837,58.26955795288086,3883055
2006-01-30,58.26955720668929,59.23998845325463,56.652174019110056,58.29578399658203,1723365
2006-01-31,58.48812266956581,59.27495971661789,57.71003010917237,58.933998107910156,1218250
2006-02-01,58.92524949926927,59.974361041891164,57.71002607219832,58.77662658691406,1584040
2006-02-02,59.44980981137464,60.324071720365446,57.806199823703984,59.22249984741211,3089815
2006-02-03,59.642143877376554,59.642143877376554,56.713368043202465,57.50019836425781,1398940
2006-02-06,57.701276931752034,58.732906089153545,57.001864846362274,58.50559616088867,617915
2006-02-07,58.75040147419215,63.29656770153728,58.5755517489475,60.92731857299805,4386870
2006-02-08,61.023480578813135,61.023480578813135,58.27829886829642,58.697940826416016,3066370
2006-02-10,58.78535802183209,60.236635724017034,58.575537070101085,59.94812774658203,1673030
2006-02-13,60.14923286975284,61.19834468197924,59.30993541586343,60.682533264160156,1940520
2006-02-14,61.145876123924374,63.06924953219564,60.70000071133755,62.71954345703125,2295570
2006-02-15,63.471407349393886,63.64626371696597,60.36778186348397,61.50431823730469,1645385
2006-02-16,61.72288267247725,61.72288267247725,59.99184801774284,60.19292449951172,861150
2006-02-17,62.42230742573764,62.42230742573764,59.44981532544735,59.59843826293945,1052045
2006-02-20,59.79951983956918,59.79951983956918,57.76248785690656,58.18213653564453,841530
2006-02-21,60.04430610995027,60.21915581769561,57.88487820184246,58.488121032714844,911735
2006-02-22,58.92524883946866,59.23123914679975,57.701280940055845,57.82367706298828,381935
2006-02-23,58.57554528329916,58.75039498924367,55.16592265667146,55.5855712890625,3406825
2006-02-24,56.47730901383769,57.1942033985085,55.07849151571026,56.21503448486328,3413370
2006-02-27,56.65217388297476,58.365726409435695,56.30246778837092,57.998531341552734,5140130
2006-02-28,58.52309442657408,58.549321216676304,56.31995067674091,57.27289962768555,1232795
2006-03-01,57.26414909987687,59.4498036456737,56.83576267652543,59.170040130615234,2298245
2006-03-02,59.274958831071146,60.84862623157628,59.06513117493269,60.341552734375,2477245
2006-03-03,60.67378445457276,63.2965704684296,60.411503185151176,62.97309112548828,2468225
2006-03-06,62.96432022579326,63.55881840635999,61.19831465209951,63.200374603271484,847260
2006-03-07,63.12169740373818,63.12169740373818,60.717477525658175,61.23329544067383,1162875
2006-03-08,61.373184804655885,65.83192598276038,61.373184804655885,62.894405364990234,3178220
2006-03-09,60.50766317039994,63.89105900563039,60.50766317039994,61.87150955200195,1838110
2006-03-10,62.772004330725935,64.24950234116518,62.34361121607939,63.67249298095703,2784135
2006-03-13,63.78613996223386,64.64291945885161,62.60588786931112,62.85942459106445,873250
2006-03-14,62.77200316122449,74.3996817017816,60.25412477787779,66.54006958007812,26958070
2006-03-16,66.79361675335807,68.08752075136213,65.438508013333,65.84066772460938,6619830
2006-03-17,66.2603025921271,67.23073372329063,64.87022286231655,65.51718139648438,2456215
2006-03-20,66.09418755044973,66.43514910235781,64.36315300539145,64.58171844482422,3108885
2006-03-21,64.695386817701,65.39479907295524,61.69666794569858,62.055118560791016,2609725
2006-03-22,62.92063235382947,63.12170886306918,61.38192948489224,61.91522979736328,3404040
2006-03-23,62.59714051623651,62.911875282610175,60.498910963774655,61.172096252441406,1429630
2006-03-24,61.548023096735264,64.34565778155118,60.86610005919183,62.5009651184082,4210770
2006-03-27,63.73369630345428,63.73369630345428,61.20707984856113,61.64421081542969,3441835
2006-03-28,62.07260294211581,62.92938264995918,59.712098174324794,60.044315338134766,2918535
2006-03-29,60.32407493450936,61.53055403196737,60.271621351603606,61.15462112426758,2323185
2006-03-30,61.53055646060574,61.7228951656377,59.14382496293724,59.59843826293945,2642930
2006-03-31,60.13173449631793,62.68457773186631,59.79951736404986,62.25619125366211,2416380
2006-04-03,62.59714712559156,63.803632747440716,61.408150475991896,63.13044738769531,968255
2006-04-04,63.821111913974704,65.04507977784941,62.955594592629076,64.28446960449219,2598430
2006-04-05,64.69538340101226,64.87023312054687,63.17416949677561,63.41021728515625,1633325
2006-04-07,63.47140073584388,64.32818017245195,60.51639846770725,61.22454833984375,1414135
2006-04-10,62.16002476774819,62.16002476774819,60.84863181201473,61.084686279296875,904845
2006-04-12,61.98517839084282,62.57967682970059,58.785376204319874,59.432334899902344,2230410
2006-04-13,60.11424575485634,60.11424575485634,55.165920557842576,55.77790451049805,3920340
2006-04-17,56.95816746831478,59.615924601008885,56.82702684158556,58.619266510009766,5183530
2006-04-18,59.449812010411065,62.07259783439979,59.23124652507867,61.59175109863281,4368110
2006-04-19,62.77200864020775,64.6953821997317,59.49352643414027,60.53389358520508,3120200
2006-04-20,61.0409577312835,62.50971780096279,60.56885556566286,60.99724197387695,1328375
2006-04-21,62.02013716063504,62.07259073668842,59.449805212602996,60.157955169677734,1302135
2006-04-24,60.56886602404188,60.848629577521244,59.4060960451695,59.755802154541016,998470
2006-04-25,59.23999741000131,61.12839993877311,59.23999741000131,60.69126892089844,1629705
2006-04-26,61.19832931118996,62.920626217590474,60.92731027295446,62.4310417175293,1800330
2006-04-27,62.94685772193142,63.08674282962291,59.46729237412992,60.85737228393555,2351260
2006-04-28,59.62464991197055,61.02347407689735,50.750894967438896,60.437713623046875,990235
2006-05-02,61.28576011622612,64.52053326757925,61.28576011622612,63.96100616455078,2140320
2006-05-03,65.04509288623424,65.39479901354365,62.96434509729256,64.80030059814453,2010510
2006-05-04,64.52053663444306,65.56964833984475,63.48890723375925,64.3456802368164,2286025
2006-05-05,63.995961132820156,65.00136353747965,62.072587839627545,63.35775375366211,1126875
2006-05-08,63.78613780416676,64.34566480217882,62.07258553899382,62.59714126586914,1966290
2006-05-09,62.684579252389085,64.69538440880666,62.09008085858567,64.17957305908203,2743255
2006-05-10,63.82112377059465,66.44390967897526,63.82112377059465,65.43850708007812,4251365
2006-05-11,65.70077425936071,66.07670709247026,64.18829844147682,65.15872955322266,1162485
2006-05-12,63.821120334759605,65.21993807657212,62.946858412365636,63.14794158935547,911205
2006-05-15,63.46268200220554,63.46268200220554,60.32408429626088,60.490196228027344,646325
2006-05-16,62.53037070277171,64.37624980083048,56.7100970693676,59.5981559753418,1195880
2006-05-17,60.76398086547851,61.80615401641601,59.898444490661504,60.763980865478516,1701750
2006-05-18,60.410694998792835,60.93177815703268,56.70126239831037,57.46964645385742,1456090
2006-05-19,60.940611555769635,61.11724831425031,55.464787814613565,57.1870231628418,1428515
2006-05-22,58.052552501959525,58.46764950852538,54.58158401192398,57.15168762207031,1812900
2006-05-23,57.15168938899816,57.15168938899816,53.52174839696114,55.69441604614258,2779885
2006-05-24,57.35483739068847,59.35085852666516,53.87503771637115,54.37845993041992,3761440
2006-05-25,53.91918689925582,54.917200651090184,49.98895879381291,52.36476135253906,4526710
2006-05-26,54.581592372461074,55.46478967094468,53.23913207447035,53.46876525878906,3168310
2006-05-29,54.05167174889599,55.288145863122146,53.61007312900163,54.58158874511719,1051395
2006-05-30,54.93487242058526,54.93487242058526,52.46192066851219,53.32745361328125,561975
2006-05-31,52.63855443000961,52.81519455275396,49.63568581987611,50.38640213012695,1395250
2006-06-01,52.68271167401339,52.68271167401339,49.45904070873836,50.3245735168457,1627900
2006-06-02,50.51888442560579,55.288147653421554,49.45904702971444,54.55509567260742,2534075
2006-06-05,54.75823042133427,55.182164704171555,53.69839302967595,54.41378402709961,2586530
2006-06-06,52.815197394493154,53.56591711426684,51.41974742490338,52.31177520751953,1015625
2006-06-07,51.755360460063685,53.327453945914186,49.4590488264861,51.43741226196289,2579725
2006-06-08,49.547363841925126,50.30691400777803,43.894903524485294,45.1225471496582,1292890
2006-06-09,44.51313517343766,47.692643384770534,41.86354387428374,46.049896240234375,3006135
2006-06-12,47.33938239040042,47.33938239040042,42.39347797437563,45.35218811035156,1322280
2006-06-13,43.983213842763796,44.86641092141018,42.393459775026216,42.94987487792969,994360
2006-06-14,43.100019607935984,45.03422349403675,38.88716886052558,42.941043853759766,2235490
2006-06-15,43.98322186235771,45.749616341722515,42.3934675047554,44.151031494140625,1780940
2006-06-16,45.9262540014723,48.13424698231232,45.21969692142948,46.1558837890625,1310395
2006-06-19,46.45617695844846,47.69265453478008,43.71826665688174,47.28638458251953,372155
2006-06-20,45.94391859894788,46.63281133458695,45.13137542564161,46.111724853515625,1301235
2006-06-21,46.456178062086316,47.304050056719525,46.01457939849564,46.3325309753418,307620
2006-06-22,48.213732879347404,51.57871525649238,47.162729476625906,49.95363235473633,1745195
2006-06-23,49.95363097627335,51.57871383318549,46.52682516230282,48.83197021484375,2489075
2006-06-26,51.225447421023794,51.225447421023794,45.92626320505581,48.390384674072266,16390640
2006-06-27,49.45904932870029,49.45904932870029,47.71914955097965,48.39921188354492,2450220
2006-06-28,47.12740621744541,48.75248930663768,46.82711901501434,47.53367614746094,1281975
2006-06-29,48.20491112646243,48.222572107948416,44.21285885368116,44.93708038330078,2037690
2006-06-30,47.339366377845344,47.78096495737424,46.3678508505337,47.330535888671875,987510
2006-07-03,48.399208258747386,49.45904562452757,46.986094017127215,48.725990295410156,1024400
2006-07-04,49.282407012605574,50.51888453877028,49.282407012605574,49.61802291870117,958695
2006-07-05,49.6180171720042,50.80150151199038,48.0459272909516,50.56303787231445,885560
2006-07-06,49.467877630791214,51.119458952149685,49.467877630791214,49.61802291870117,1063760
2006-07-07,50.51887641114039,50.51887641114039,47.869285026316206,48.416866302490234,652420
2006-07-10,50.68669677315271,50.68669677315271,47.71032256505154,48.44337463378906,234745
2006-07-11,48.57585283611322,49.10576988303683,48.13425417396673,48.8673095703125,293660
2006-07-12,44.33650546502243,49.406056118179286,44.33650546502243,48.85847473144531,326545
2006-07-13,49.406046698510636,50.5188769793663,47.35702960739672,48.24022674560547,2362350
2006-07-14,48.57584205511006,49.77699068862444,47.003752244902536,48.416866302490234,1078270
2006-07-17,48.57585769310119,50.34225251830487,45.1048915920455,45.97042465209961,707155
2006-07-18,45.952745932368494,45.952745932368494,44.07153845746259,44.73393630981445,2740290
2006-07-19,45.90858934593826,47.16273110260554,44.38065861772318,44.85758590698242,1044905
2006-07-20,45.92626491364255,46.809462315827986,45.228538157324685,46.56216812133789,678865
2006-07-21,46.63281650686136,46.63281650686136,45.087221240455996,45.98808288574219,370950
2006-07-24,45.92625329105884,49.08810080789485,44.221682466687234,48.681827545166016,1448680
2006-07-25,50.24508260742255,52.81518604017831,49.30006197755518,52.54139709472656,3241930
2006-07-26,52.965341585694034,55.99470850423184,52.63855616862793,55.11151123046875,5029420
2006-07-27,54.76705675956609,55.28814324109423,52.037977283279716,52.33826446533203,2954185
2006-07-28,52.47958137375278,54.21948111380888,52.12630447910214,52.585567474365234,2114105
2006-07-31,52.99183258752465,54.75822700710881,52.14396407471545,52.57672882080078,1213965
2006-08-01,52.991834940854794,53.85736784059314,52.10863769184055,53.247962951660156,804205
2006-08-02,52.991838540032965,57.03688383243805,52.991838540032965,56.1536865234375,2086160
2006-08-03,56.524619538653546,57.76109693871354,56.35681328728492,56.79840850830078,3729690
2006-08-04,57.398984519409254,57.58445512403988,54.98785655182128,56.17134094238281,1661895
2006-08-07,54.75822952936515,57.00155135415941,54.75822952936515,56.75425720214844,4795375
2006-08-08,56.17134487551182,58.64429992026345,52.63855580487258,56.586448669433594,1119680
2006-08-09,57.19585660012569,58.202700940207706,57.19585660012569,57.87591552734375,3951620
2006-08-10,57.87591341155986,59.24487181354796,57.42548093748646,58.99757766723633,2762120
2006-08-11,59.19187381073381,59.19187381073381,57.95540311232661,58.291015625,779745
2006-08-14,58.87392901561477,58.99757608545549,57.443147115409374,58.291015625,2515345
2006-08-16,58.644300245827715,59.306698200249876,58.485324467235976,58.988746643066406,926205
2006-08-17,58.98875004071634,59.51866708712429,58.29102334661256,58.70612716674805,2056750
2006-08-18,57.814091918114,58.99757975219248,57.814091918114,58.246856689453125,1831790
2006-08-21,58.24685841671382,58.94458508244677,57.60212817024931,58.40583419799805,2139100
2006-08-22,59.024074413131025,59.024074413131025,57.23118505618197,57.637454986572266,1230910
2006-08-23,58.62662717552301,59.71296268644945,57.05453725198282,59.05939865112305,2453285
2006-08-24,58.820931830536054,59.350848799804695,57.761097891998766,58.140872955322266,1649085
2006-08-25,59.1742128468728,61.20556911751718,58.82093261655291,60.596160888671875,2329995
2006-08-28,60.940614567054254,61.82381187962026,60.62266299546963,61.700164794921875,1263660
2006-08-29,61.77080622572187,61.86795844404542,60.99358847913342,61.37336349487305,570925
2006-08-30,61.78848720243805,61.81498204541876,59.70414086998051,61.33805465698242,407510
2006-08-31,61.567681703095644,63.41356752587543,59.70413489951523,60.28704833984375,2454330
2006-09-01,60.05742073061971,62.17709575111734,59.907278795975834,61.84147644042969,972540
2006-09-04,63.236917057260676,63.236917057260676,61.91212128062144,62.19474411010742,494895
2006-09-05,62.00043965141211,62.707000094256934,61.700155843071904,62.19474411010742,408930
2006-09-06,61.82380685545669,62.99846080289281,60.78163384179144,61.26739501953125,1072115
2006-09-07,60.940619840806555,62.530377836306045,60.21639825135931,60.613834381103516,1748515
2006-09-08,61.470529634605754,61.85030473635415,59.53633216416394,59.92493438720703,1395155
2006-09-11,60.242886914907714,60.57849946252385,58.67963066158387,59.14772415161133,1256235
2006-09-12,59.3508618472457,60.23405923627175,57.584467069193614,58.812110900878906,2796465
2006-09-13,60.41069333050556,60.71097716155247,59.421509983375195,59.85427474975586,4059095
2006-09-14,60.428352853201666,63.05144970415346,60.428352853201666,61.682491302490234,3474765
2006-09-15,61.82380682434959,61.82380682434959,59.739460798067846,61.45286560058594,2121030
2006-09-18,61.965121020674964,62.96313146688721,61.1702421643616,62.09759521484375,1562425
2006-09-19,62.00044063261744,62.68934010751042,60.59616032152071,61.24089050292969,1113080
2006-09-20,61.24088688586082,62.592184179744734,59.3685132483198,61.28504943847656,794450
2006-09-21,61.647184764939055,63.74919227219818,61.29390443694495,62.742347717285156,6491685
2006-09-22,62.79531815878666,63.510712456699416,62.03576804482381,62.32722473144531,1122070
2006-09-25,61.823793776491854,62.874800426935025,61.32920558252273,62.2653923034668,1778445
2006-09-26,62.00928609577352,62.87482247702029,61.29389838743175,61.84147644042969,1421315
2006-09-27,61.84146452547305,65.7010386869313,61.84146452547305,65.38308715820312,5335670
2006-09-28,65.7098712825198,70.47913738350893,65.3565910642503,69.70191955566406,7461180
2006-09-29,69.59595183267167,69.7549276205362,66.68139796790906,66.98168182373047,3192365
2006-10-03,66.23977967903801,68.27113561783204,66.23977967903801,67.20246124267578,2052840
2006-10-04,67.95320338589188,68.34180562140831,65.72754238477268,67.79422760009766,3649445
2006-10-05,68.53610677232524,69.24266728329928,67.67940434270386,68.67742156982422,3287245
2006-10-06,69.06603716632368,70.90308946013292,68.80108197707497,69.67544555664062,2999860
2006-10-09,69.61360544980604,70.30249821158651,68.0591764371603,68.64208984375,1575435
2006-10-10,68.76572779756161,69.41929177485225,68.04150643400733,68.72156524658203,1312425
2006-10-11,68.90704757083876,69.45463230027973,67.97969448661661,68.3947982788086,932735
2006-10-12,68.70391056896425,70.63811458116854,68.05034653174492,70.17884826660156,2160205
2006-10-13,71.36234608802536,72.75779273130976,71.36234608802536,72.42218017578125,4809070
2006-10-16,73.30537593008833,76.11394361477154,72.62531697364389,74.06492614746094,7721325
2006-10-17,72.95208327682802,74.36519736984401,72.43982731240364,73.27003479003906,2234640
2006-10-18,73.83528849551786,75.07176598886893,72.5988110021668,73.9236068725586,2234925
2006-10-19,75.9019835719874,75.9019835719874,72.2455470263243,72.37802124023438,1021315
2006-10-20,72.77545492752448,74.45353105432407,72.46633723691251,74.20623016357422,1966580
2006-10-23,74.71849237573943,74.71849237573943,73.48201477261742,73.90595245361328,540670
2006-10-26,72.4221657352718,74.79796820648899,71.05320746814276,73.72046661376953,4125790
2006-10-27,74.89514460623228,75.3985668707729,73.67632784283587,73.914794921875,3921535
2006-10-30,73.91477929491448,75.8666443899732,73.30537104205654,75.57518768310547,2098940
2006-10-31,75.6016856604202,77.44757147561087,74.89513188087113,76.99713897705078,2472010
2006-11-01,77.50939783173331,79.27579245217588,77.19144626099279,77.95982360839844,4527285
2006-11-02,77.95981975165944,79.29344951083078,77.48289915740305,78.7370376586914,1416050
2006-11-03,79.48775426336036,79.48775426336036,77.25326624941201,77.81851196289062,1049630
2006-11-06,75.95497429379117,78.19829643617588,75.95497429379117,77.37692260742188,611360
2006-11-07,77.72135946703962,77.96865362358581,73.86178498591401,75.04527282714844,1780720
2006-11-08,74.22390912315781,77.3327609568387,74.01194363724488,76.37007904052734,2094090
2006-11-09,77.44756836712128,77.89799410934229,76.50254758698081,77.33274841308594,1171645
2006-11-10,78.03930753629571,79.6555600792923,77.19143900675489,78.60455322265625,2931465
2006-11-13,78.78120630292413,80.91854915691445,78.78120630292413,79.82337951660156,1880750
2006-11-14,80.54757157302963,84.38948428893563,79.66437448675404,83.61226654052734,3658535
2006-11-15,83.903745469026,84.59263830107102,81.83706697289097,82.49063110351562,4848085
2006-11-16,82.50829543534601,87.38354861714257,82.50829543534601,85.76729583740234,6433880
2006-11-17,86.55334146789359,87.94879491690556,84.2923583776289,85.6789779663086,4620545
2006-11-20,84.78692204719174,88.31971046582473,82.86155208950639,86.95075225830078,3645990
2006-11-21,87.08323939064803,89.70633605693135,86.5709834161816,88.95561981201172,4046075
2006-11-22,89.20294491303858,90.93401115424471,88.867332298546,89.23827362060547,3670855
2006-11-23,89.20291409419328,90.05078256808157,87.45418073424514,88.22256469726562,1902850
2006-11-24,87.48952011152303,90.0772884029044,87.26872079225247,87.70149230957031,1360355
2006-11-27,88.319728310191,89.54737199464181,87.10091848528414,87.62200164794922,1774995
2006-11-28,87.62200706108582,87.62200706108582,86.28837719449965,86.76530456542969,1580290
2006-11-29,87.43652225295523,87.43652225295523,82.63192735877192,82.9940414428711,3550565
2006-11-30,83.28550962055216,84.76928138143377,82.70259615744189,83.78009796142578,2770850
2006-12-01,84.61030307392937,87.71915456977072,84.25702281029135,87.17156982421875,2420090
2006-12-04,88.32855142392535,89.1675860454933,87.10090788882628,87.58666229248047,2683750
2006-12-05,87.96645546796468,88.43454898936375,85.75846207399839,86.78297424316406,1685955
2006-12-06,84.78693177891657,87.50718079067254,84.78693177891657,85.31684875488281,1117265
2006-12-07,86.2000459609132,86.79178647177118,84.26584866172342,85.31684875488281,1289895
2006-12-08,86.92427080775326,86.92427080775326,81.53676898743021,82.12850952148438,3089615
2006-12-11,81.25414290233799,82.31397685358625,76.21992152651885,78.40141296386719,2133460
2006-12-12,73.34070445172878,81.2364904539458,73.30537575120921,76.18460083007812,2301480
2006-12-13,76.61735455635548,78.9578284063053,75.11592206150597,77.98631286621094,1660715
2006-12-14,79.2581258186623,80.00001507331027,78.16296302569329,79.16980743408203,2158205
2006-12-15,79.39941850950548,81.93418980608006,79.39941850950548,81.01567077636719,2049975
2006-12-18,81.01568849328018,83.90374059961115,78.89601369890107,83.45330810546875,1677115
2006-12-19,82.84391231248918,84.61030697383642,80.55642772214887,82.6849365234375,1681100
2006-12-20,82.66726754658465,84.7869424556275,79.8940285094927,81.83706665039062,1795240
2006-12-21,83.39148440262542,83.39148440262542,80.75072645880215,82.25215911865234,1895390
2006-12-22,82.71142354168096,83.28550309996963,80.9008664897537,81.48377990722656,1116255
2006-12-26,83.1971654926888,83.1971654926888,80.90085434258289,81.8900375366211,587060
2006-12-27,81.25415611569478,83.87725332059495,81.25415611569478,82.43763732910156,1279385
2006-12-28,83.20602420325227,83.55047064173748,80.01768112844404,80.61825561523438,3326455
2006-12-29,80.6182497661725,83.4621461961635,80.6182497661725,82.94989013671875,2739155
2007-01-02,83.33848991897318,83.33848991897318,81.48377711128589,82.64959716796875,907130
2007-01-03,83.00286910966723,84.42481028749759,82.19032263028787,83.84190368652344,1229170
2007-01-04,84.76927267049102,85.67013087568961,82.86156342899743,83.77125549316406,1567750
2007-01-05,83.55045876768516,84.91941720483676,82.36697768329161,83.52396392822266,1274125
2007-01-08,83.37382233949137,83.37382233949137,81.07751082084278,82.2344970703125,2482595
2007-01-09,83.02054360478739,83.90374087717875,81.26298291944153,82.53478240966797,5433595
2007-01-10,82.75559900501227,83.37384126771562,80.40629727387275,81.53678894042969,1763110
2007-01-11,81.95188055399542,85.49350371217167,80.90087358153221,84.53081512451172,5507855
2007-01-12,86.51799139364246,88.67299458064754,85.65246196618793,88.28438568115234,5773600
2007-01-15,95.73858167660438,95.9152184284017,88.67300379254885,94.20182037353516,4851670
2007-01-16,88.51402918028923,99.42151383405175,88.51402918028923,97.3548355102539,5853485
2007-01-17,97.32834239409132,99.78363661456181,95.60611030786824,96.72776794433594,4026295
2007-01-18,96.88674219584694,98.21153816063023,95.07619175359955,96.61295318603516,9438535
2007-01-19,96.61295069524758,96.63944553573846,93.70723081214425,94.54627227783203,2293970
2007-01-22,95.5001137083191,97.84058770699625,93.61890604100464,96.5069580078125,1762380
2007-01-23,96.62178497314213,96.79842173601978,89.20292638185093,89.93598175048828,4416820
2007-01-24,91.85250066694444,91.85250066694444,89.2029093015518,89.91829681396484,3724235
2007-01-25,91.62286938655963,91.62286938655963,90.50121198396505,90.8544921875,2065465
2007-01-29,92.02915633502998,92.29411822140048,88.4963671208137,89.02629089355469,1473330
2007-01-31,89.02627255923763,95.29697077541444,89.02627255923763,94.43143463134766,5466445
2007-02-01,94.59043682501667,96.69245087467424,93.6895784739214,95.76509094238281,2484930
2007-02-02,96.26850029148116,108.63326179680901,95.95054874228333,103.81983947753906,10641560
2007-02-05,103.86399540012938,105.9836701507974,98.90043116055362,99.76596069335938,7171335
2007-02-06,99.8012828639325,101.02009256516982,96.321483765354,96.73658752441406,6212200
2007-02-07,96.62178167173539,99.97792721956087,96.62178167173539,97.65512084960938,3420205
2007-02-08,94.01634952088204,100.6579969642537,94.01634952088204,99.64231872558594,4297705
2007-02-09,98.22919447029162,102.80415627346201,95.73857861533074,101.26739501953125,9345215
2007-02-12,97.73461109332341,101.567683930781,97.06337929541581,97.83175659179688,3117370
2007-02-13,97.68161803407384,97.68161803407384,88.07243403242286,91.49923706054688,5761195
2007-02-14,89.43256835712526,92.9123614434211,84.1952076375697,91.9850082397461,6832365
2007-02-15,92.38243147375128,96.97506124014244,92.02915122429654,96.54228973388672,5234600
2007-02-19,97.81408809717637,99.62464501910972,94.51975963706019,96.71892547607422,6221320
2007-02-20,95.38529232907902,97.50496683959935,92.73570087549349,93.91918182373047,4026850
2007-02-21,92.03797560634722,95.80923126818817,90.3157438327025,94.75822448730469,2784320
2007-02-22,93.61890454167762,95.3852989669923,90.79267615647814,91.78185272216797,5087370
2007-02-23,92.55907221844164,93.21263628065174,84.98123838266646,86.72113800048828,8413305
2007-02-26,87.08324932427979,89.03511447902494,85.51999312390829,87.5160140991211,2877065
2007-02-27,88.31971207777055,88.67299227373348,85.33450823531524,86.13821411132812,3616620
2007-02-28,83.85075516274988,86.00575202728697,73.30537707541642,81.37779998779297,3549795
2007-03-01,82.48178159469877,86.90660121875094,80.72422114661991,85.62596130371094,1987000
2007-03-02,85.84676985747068,86.20005010451686,81.65158292716532,83.05587005615234,3300020
2007-03-05,82.1373505415529,82.1373505415529,76.3435782940051,78.8871841430664,4076240
2007-03-06,79.31111692314254,82.8439059756075,74.22389880088008,76.1492691040039,5890945
2007-03-07,79.47009134806872,80.9008665774897,69.99338191121706,73.36719512939453,6935165
2007-03-08,74.83330386930518,79.4877502821004,72.7842865760081,77.03246307373047,4318735
2007-03-09,77.70370830972405,82.6496122806826,75.42505745646707,80.61825561523438,4839985
2007-03-12,79.66437867637516,83.54161354997152,79.66437867637516,81.0863265991211,3205705
2007-03-13,80.74188231462675,88.5316809542908,80.74188231462675,87.18922424316406,5450040
2007-03-14,85.67013251716452,85.67013251716452,81.87238167934696,83.51512908935547,6524695
2007-03-15,85.13139221397353,87.68383202200539,82.14618759020651,82.89690399169922,2745740
2007-03-16,84.02738407399566,84.25701724092076,77.10312101272922,79.25811767578125,3427260
2007-03-19,80.37094762986018,83.99205491168539,78.09229716778722,83.02937316894531,2603500
2007-03-20,84.78694206341828,84.96357883074609,80.98919092152336,81.74874114990234,2271440
2007-03-21,82.13732838619991,85.67011670388594,81.78404820677952,84.9812240600586,3382785
2007-03-22,86.20004619412042,89.89181079484558,85.68779019605455,89.00861358642578,4426920
2007-03-23,89.18524797906149,93.6188945485057,86.82710655190417,92.67387390136719,4976825
2007-03-26,93.48641574973917,96.09185135091214,91.2872567618887,91.77301788330078,3109825
2007-03-28,91.67586205722999,92.55905916090943,85.84675578233833,87.49833679199219,3901640
2007-03-29,89.2029360930125,90.99582571062153,83.57696631166922,84.78694915771484,6799245
2007-03-30,86.02341848556821,87.34821443738417,85.22853956682651,86.62399291992188,3457525
2007-04-02,83.01171633664298,83.53280627262487,79.48776082670544,81.13050842285156,4711970
2007-04-03,82.31399588354651,83.55047360470085,80.4151268434204,82.22567749023438,2923720
2007-04-04,82.31397266093626,84.43364719372741,80.39743643988851,81.02450561523438,3477985
2007-04-05,82.13735284432596,82.13735284432596,76.83816878985331,79.74388885498047,6117695
2007-04-09,80.37094142692362,89.1675843173672,80.37094142692362,88.20490264892578,7976545
2007-04-10,88.3197213688378,89.20291858252618,85.36984590948342,86.42967987060547,4288720
2007-04-11,86.42967014777946,87.42768046120348,82.14616549091173,82.63191986083984,3129430
2007-04-12,82.13734186299352,82.13734186299352,79.88518624563967,81.8282241821289,2339825
2007-04-13,82.84390062770386,84.43365155573211,82.24332625802387,82.82623291015625,5925400
2007-04-16,83.9037345797227,84.50430894940268,82.61426746740447,82.82623291015625,5367455
2007-04-17,83.90374774540393,83.90374774540393,81.8370691931982,82.15501403808594,8079980
2007-04-18,83.0470295309989,84.080368611601,82.68492219208059,83.25016784667969,8267210
2007-04-19,83.01170934496797,83.17951898215628,80.59175071700054,82.06668853759766,4551110
2007-04-20,83.02053693919655,83.5327929332378,81.27180351543018,82.35813903808594,2682765
2007-04-23,83.0911836616787,83.3738064603269,81.2541321013359,81.77521514892578,2010015
2007-04-24,81.43079975503139,84.5219907374194,80.90088264856004,82.70260620117188,12866545
2007-04-25,83.88607929058867,83.88607929058867,82.3139824969498,82.61427307128906,6051275
2007-04-26,83.51513446363685,83.55046316419931,81.44845601768766,82.2786636352539,8591595
2007-04-27,82.34048941670686,82.84391162146117,80.02651000386973,80.37095642089844,3296085
2007-04-30,77.72137327147038,82.96756812353834,77.05014134286716,82.70260620117188,5118745
2007-05-03,83.02054777681543,85.1402226847267,83.00288679531468,83.5946273803711,11572475
2007-05-04,84.25702555155358,86.37670046408375,83.72710850798623,84.80460357666016,14412590
2007-05-07,85.84675999641468,90.06844801937584,85.32567691402909,89.48553466796875,23839815
2007-05-08,89.20292812468662,91.05764112418143,88.14309405019266,89.50321197509766,7841210
2007-05-09,89.20292003432822,91.85251171851618,88.16074703568388,91.52572631835938,6258505
2007-05-10,91.52573663858442,95.38531138618836,91.41092341176385,92.4795913696289,11117305
2007-05-11,88.51403748167384,93.08899992013663,88.51403748167384,91.9320068359375,4915005
2007-05-14,92.38242082874604,93.44226145498739,92.02914061999891,92.815185546875,1916160
2007-05-15,92.91234452133789,95.19099495809193,92.2676143264351,94.36962127685547,4269415
2007-05-16,94.85539573575701,96.2508491512004,94.85539573575701,95.7297592163086,4440755
2007-05-17,96.76283417531994,97.69795181463984,96.18394794449605,96.87860870361328,5110990
2007-05-18,95.29335089906392,98.14324278751978,92.62157470563223,95.60505676269531,3123850
2007-05-21,94.40277519136464,99.39009025763293,94.40277519136464,98.98932647705078,3506225
2007-05-22,99.21196447818768,101.55421933016109,99.21196447818768,100.90409088134766,4481485
2007-05-23,100.99314352691871,105.42828829329703,100.4855063116181,103.54023742675781,5550275
2007-05-24,103.13058240312422,103.39775599389493,99.39009098021931,101.86593627929688,5014770
2007-05-25,100.10257499722525,103.13059014949027,99.66618667657939,100.5389633178711,4174120
2007-05-28,102.50716552517697,104.55553039625,98.53512494780921,98.90917205810547,3855170
2007-05-29,98.85573254511189,100.67254141805924,98.85573254511189,100.08474731445312,1358840
2007-05-30,99.74632549180667,102.23998634697352,97.96514110802441,99.71070098876953,3433430
2007-05-31,102.23997943226097,103.3086872723796,98.85572661408737,102.40918731689453,4085260
2007-06-01,103.3086917115753,104.7336378245233,102.07076913895058,102.77433776855469,3485335
2007-06-04,105.07207252903744,105.07207252903744,98.1966995411937,102.56950378417969,1538910
2007-06-05,103.08605626279764,104.19929661120798,100.63692749629489,103.0771484375,4840285
2007-06-06,106.16749412389298,106.63950689730807,101.17127139586081,102.51606750488281,2058865
2007-06-07,99.03383761519808,103.07712651610028,99.03383761519808,101.50968933105469,1008280
2007-06-08,99.74631918741181,100.97533388845807,99.03384276105879,99.55929565429688,2732700
2007-06-11,100.4588000631632,101.5007912772451,99.74632360525403,100.78831481933594,1026165
2007-06-12,101.04658159377983,105.0898706529056,99.93334143855837,104.43973541259766,4532040
2007-06-13,104.37739880859411,105.44611348123561,102.45372326932576,104.20819091796875,1844260
2007-06-14,104.73363237516492,106.24764306207392,103.01478930485044,104.35067749023438,3513915
2007-06-15,104.69801566633781,107.56572360485467,104.24381854167521,106.82653045654297,2900270
2007-06-18,107.58353006096979,110.16624175515229,107.58353006096979,108.54536437988281,3265460
2007-06-19,103.59366518551887,109.89905842076124,102.47151731949282,109.26673889160156,2084995
2007-06-20,110.07719535187904,111.94743762637935,109.90798745304532,110.52249145507812,2874025
2007-06-21,110.43342958316873,111.85837570272541,108.47412951811316,110.1128158569336,1649065
2007-06-22,110.0772034932248,111.05685363378217,108.74131508482479,109.41816711425781,2505130
2007-06-25,109.27564835754575,110.4245129861695,108.11788270005749,109.7565689086914,2761830
2007-06-26,110.7896623340741,110.7896623340741,105.6954742631812,106.87105560302734,4404890
2007-06-27,109.48937831927144,109.48937831927144,104.73361369433455,105.13438415527344,1677190
2007-06-28,105.08985682999383,106.51480268231242,102.41808080889228,103.18399047851562,4739925
2007-06-29,105.96264950254319,108.2959964219248,103.84303598685652,107.85070037841797,3206585
2007-07-02,111.27058842743254,111.27058842743254,107.06699227773548,108.18914031982422,2071940
2007-07-03,109.18659439048382,111.85837079544515,108.56318261386436,111.04793548583984,3529275
2007-07-04,111.64462195861603,111.64462195861603,109.2756438011589,110.18405151367188,1388585
2007-07-05,110.2553147867503,113.25660608978832,110.2553147867503,112.21461486816406,4198335
2007-07-06,112.21460664722602,112.74896055803899,111.22604885461664,111.99195861816406,1983895
2007-07-09,112.57084012999113,114.173901795177,111.85836374901184,113.0161361694336,1578350
2007-07-10,113.63957360624667,113.63957360624667,111.89401355223711,112.33930969238281,1095705
2007-07-11,112.21461265384497,113.18535485107121,110.43342832600617,112.56194305419922,1787885
2007-07-12,113.99579982548153,115.77698419775467,112.6064781894058,114.44999694824219,1908630
2007-07-13,115.79478685063192,117.5225376721255,112.74895675192789,114.85076141357422,5424815
2007-07-16,114.8863903646207,116.28462659970215,113.63955996296806,115.01997375488281,4275265
2007-07-17,115.59884366525468,117.11284733883623,114.97543198664526,115.72352600097656,2049890
2007-07-18,115.42076917740272,117.55818529243008,115.16248979664277,116.88134002685547,1908280
2007-07-19,117.55815303642498,117.91438442806549,115.42073750786896,115.79478454589844,1578620
2007-07-20,112.23242860233154,117.38005734272771,112.23242860233154,114.81514739990234,1729390
2007-07-23,114.70826643124714,115.59885854082304,110.67387846733833,111.2171401977539,3227620
2007-07-24,113.63956623632842,113.63956623632842,108.32272958065519,109.533935546875,5209900
2007-07-25,107.7794456205319,110.86090005622981,106.89776140401936,110.17514038085938,1490370
2007-07-26,110.25530310746275,111.02121284598894,107.77055036894335,109.59626007080078,4333815
2007-07-27,108.6522377745739,110.96777590919467,106.16748496420377,109.42705535888672,4077940
2007-07-30,107.22730560256944,120.90679597257905,106.54154578203733,113.84440612792969,4774955
2007-07-31,113.84439206568796,117.55815956673231,109.5428305053642,111.48432159423828,4399670
2007-08-01,111.09245337556514,112.21460129098492,107.76164092229504,110.07717895507812,3386645
2007-08-02,110.25530879974787,111.32401664163608,108.1713196749835,110.49576568603516,5351260
2007-08-03,111.14591244315402,112.39273612291844,110.07719769591094,110.63827514648438,2052475
2007-08-06,107.22729097680919,111.59119365740254,107.04916847870992,110.48685455322266,3717985
2007-08-07,111.68025327874622,113.79986007962482,107.08479467514559,109.32018280029297,3480550
2007-08-08,109.67642493254009,112.39272692069007,109.34690339005103,111.47541809082031,3652645
2007-08-09,111.32400751263773,112.90035246935828,107.601332429628,108.12678527832031,2124080
2007-08-10,103.43337832792903,107.37870207483898,102.45372825963351,104.97410583496094,2734335
2007-08-13,105.08986428765988,108.26036988339732,102.64964391772753,106.91558074951172,3878110
2007-08-14,107.9397622482553,107.9397622482553,105.67766424230881,106.4257583618164,1106515
2007-08-16,101.52751994484571,105.08988906571749,98.1521743874581,99.3633804321289,4299275
2007-08-17,97.2615704134572,103.30869208445169,95.11524680941852,102.44481658935547,6690770
2007-08-20,104.19928283817765,108.42959560297547,102.77433673949734,107.69931030273438,4316185
2007-08-21,109.34688988294214,109.34688988294214,104.55550714072938,105.25016784667969,2166615
2007-08-22,105.44611230281124,106.81762503416569,100.12927606080675,103.76289367675781,2757495
2007-08-23,108.9461442736815,108.9461442736815,100.81503322738216,103.75399017333984,3144440
2007-08-24,106.33670841371033,106.33670841371033,100.6547259159577,101.69672393798828,3714510
2007-08-27,103.66492666862187,104.19928059478758,102.44481298822247,102.85448455810547,2894520
2007-08-28,103.98553337617788,108.17131344287522,102.95244329981745,106.85324096679688,6885300
2007-08-29,105.96266033206354,111.1459065364303,103.66493088201457,109.09754180908203,12916125
2007-08-30,111.32402407454742,112.55303885424591,109.09754359305647,112.15227508544922,21029125
2007-08-31,114.5301468546803,114.5301468546803,112.57084020305476,113.10519409179688,3498115
2007-09-03,113.10520143109652,114.1471926009593,111.47541618920111,113.5237808227539,3704520
2007-09-04,113.99579627728173,119.36606590538317,113.99579627728173,117.35333251953125,5497675
2007-09-05,117.5581538465758,120.22993007036162,117.34440685650456,118.91185760498047,1063630
2007-09-06,116.18665255302797,119.28590928822346,116.18665255302797,117.51362609863281,2842975
2007-09-07,117.71845995481331,118.40421969256019,115.7769756551795,115.99072265625,1565145
2007-09-10,115.50090947268959,116.95257916862337,113.99580641679538,115.70574188232422,1747675
2007-09-11,116.61415487752312,117.35334809785739,114.88640368654421,115.23373413085938,1098795
2007-09-12,115.43855350005313,117.18412014426309,114.91310737767944,115.17138671875,1734345
2007-09-13,115.95510452284623,118.6268811873789,115.75917314696513,117.46910858154297,2514175
2007-09-14,118.43984510975872,119.69556960932945,114.38764844504901,115.77696990966797,3491140
2007-09-17,115.06450613455458,117.75409830439163,114.35202967765865,117.31770324707031,2297220
2007-09-18,116.84567021484366,118.25280723606704,116.3113231568746,117.61157989501953,3060575
2007-09-19,121.12052771058167,124.14853546760332,119.74902183199961,121.86862182617188,5061645
2007-09-20,124.68293363328708,126.80254785364859,121.39664556536907,125.77835845947266,6073475
2007-09-21,126.05438432274188,127.15872328283797,125.25285696724583,126.41062927246094,2434285
2007-09-24,126.82031328557842,132.32417968980948,126.49969957669742,130.40049743652344,2627505
2007-09-25,130.02645895209434,131.93232568357126,129.6880295733504,131.7274932861328,3224485
2007-09-26,131.80764657675135,135.37001540315003,131.80764657675135,134.61300659179688,4672555
2007-09-27,137.1511810078006,138.04177309226685,135.33437913480645,136.9196319580078,4757895
2007-09-28,137.32928776140068,138.0417641004354,134.46158034906898,136.1893310546875,4877325
2007-10-01,136.59902825920784,137.59648711820162,132.53793023118146,133.8560028076172,3206875
2007-10-03,134.1231921983012,136.4031060805254,130.02646259849556,134.94253540039062,4999140
2007-10-04,134.94251601250545,135.90435709138086,129.14475286395276,134.44378662109375,3691635
2007-10-05,135.19189391768657,135.3700096335433,130.20457233754965,131.61170959472656,1562315
2007-10-08,131.80761474634568,132.50227541259017,122.89279380330468,127.4704360961914,1764090
2007-10-09,125.9386248441137,130.64094977320514,124.6828867942405,129.9462890625,1843910
2007-10-10,131.79873893520337,136.4387164887835,131.13969584321126,135.76187133789062,3332390
2007-10-11,137.15123292926077,137.15123292926077,133.2326317098838,135.3255157470703,2536555
2007-10-12,135.36998231822037,136.74148800186495,131.80761436247772,132.52899169921875,1153155
2007-10-15,134.12317017558394,147.66016682056517,134.12317017558394,146.05709838867188,6578980
2007-10-16,148.6754396293505,160.48468537006838,146.94768887075494,157.93759155273438,7559095
2007-10-17,146.0570940993981,156.74419854569555,133.5888055787178,155.34596252441406,7021855
2007-10-18,160.07506336772732,160.07506336772732,150.68821300519676,152.6653289794922,5550705
2007-10-19,154.7849068597265,154.7849068597265,145.34462533708125,147.8115692138672,3587085
2007-10-22,146.75180501034885,150.5279214321545,142.31665895273153,145.8790283203125,3113335
2007-10-23,154.9095777232142,159.4159711581936,150.5100509817582,154.7581787109375,3435385
2007-10-24,154.75821821231858,159.22008046741615,151.38286599386598,154.3218231201172,2788885
2007-10-25,154.77601356436435,157.45670480270402,149.62839169873968,155.6488037109375,2874680
2007-10-26,154.7849287116743,167.43133536728934,151.93503635946453,164.9554901123047,2633940
2007-10-29,165.29390977074704,170.4415313509277,162.29260496096987,165.48092651367188,3075560
2007-10-30,168.26849341374327,168.26849341374327,160.3065969254804,161.79388427734375,3522920
2007-10-31,161.73155427725825,164.58144669315766,161.03689342555026,163.39695739746094,1304920
2007-11-01,164.75954794353393,168.14380083538077,158.16917146153568,163.4860076904297,2358475
2007-11-02,160.21750092133638,167.07507043067275,157.100428813222,166.03306579589844,1158835
2007-11-05,166.18448291946322,179.89959513243076,162.98724711370377,173.30921936035156,5597425
2007-11-06,174.5649865126694,178.65281537304642,165.1158019539665,168.57130432128906,2690965
2007-11-07,169.21249055683984,177.75326510823692,164.08268520896917,166.08651733398438,2301420
2007-11-08,158.6411826416694,165.91731881285756,158.6411826416694,164.0559844970703,2157855
2007-11-12,160.3065823346584,162.95164203032886,155.2302099452657,158.06228637695312,3526790
2007-11-13,158.63227972796258,170.99370392263086,157.27858935624664,170.14764404296875,2552810
2007-11-14,173.75455524718262,177.9136194679173,171.2608942029549,176.4530487060547,3026835
2007-11-15,175.446644717343,177.94030532967412,170.3702724357786,171.61709594726562,1316385
2007-11-16,168.2328389472278,175.44664025116563,168.2328389472278,174.2532501220703,783585
2007-11-19,175.1972782267,176.55988304654372,173.1489136878599,174.7252655029297,2588530
2007-11-20,172.77484817397593,182.5179268380836,172.77484817397593,177.4771728515625,4244055
2007-11-21,179.18716440105527,179.2673144449802,166.36264097739286,168.00132751464844,1627265
2007-11-22,167.43131925840524,168.2951947055573,160.30658226868587,163.6730194091797,2057575
2007-11-23,166.5407440610773,169.03440497879407,163.01399291340724,165.0445556640625,2449415
2007-11-26,167.46695876858763,170.0853021275205,164.75956433930304,167.18197631835938,9834630
2007-11-27,167.78753839275984,169.71122050064682,164.9376465233105,166.024169921875,2194265
2007-11-28,167.96567673190847,169.21250024534186,160.30657917979755,161.3218536376953,1950325
2007-11-29,164.74173242875338,166.87916174660774,161.7315401965458,163.66412353515625,3347655
2007-11-30,163.34351830987606,170.04967647421137,162.63994286335824,165.76593017578125,3365885
2007-12-03,166.74557532054823,169.19470389286738,165.6501507095859,167.84991455078125,1810230
2007-12-04,168.67814889229206,169.30157427291047,167.43132530977095,168.19723510742188,2604970
2007-12-05,167.96567223596367,169.17687801203158,166.5407194678755,167.44912719726562,2051215
2007-12-06,168.33973229873456,169.39062451472012,163.27226078188502,164.43893432617188,2505170
2007-12-07,165.86390872449005,167.4313462224886,164.22520862503754,167.17308044433594,1478035
2007-12-10,167.43133601490072,167.87663212132333,165.8282673139076,167.36898803710938,965735
2007-12-11,169.2124891812184,169.2124891812184,166.718828728045,167.6094207763672,2258165
2007-12-12,166.54070972926158,170.10307785181263,160.70732921071306,167.79644775390625,5131770
2007-12-13,168.32190951453447,174.3779386064738,168.32190951453447,173.16673278808594,4608770
2007-12-14,173.68327675211333,177.93139132403525,173.157817080346,177.1654815673828,8700010
2007-12-17,177.27232994011956,180.48736741548132,171.385516621167,175.34864807128906,2976960
2007-12-18,174.9122903175489,177.76219602819245,166.13105130082053,169.75576782226562,455585
2007-12-19,171.88429637442889,174.19984155407658,165.11579014881156,167.2532196044922,2179280
2007-12-20,167.62723218439157,171.5280296060166,164.7951424758628,166.33587646484375,1589440
2007-12-24,169.2125023950657,170.45932592433908,166.80790639469149,169.7913818359375,2345920
2007-12-26,170.993692813919,173.66546926413648,168.14380065155856,172.944091796875,1788985
2007-12-27,173.48735089379687,175.2685351666503,169.39062163049093,170.3524627685547,2548215
2007-12-28,170.9937007345663,175.62477741158912,169.74687710245342,173.76344299316406,1774735
2007-12-31,175.6247838642679,175.98102890750218,172.06241496807846,172.85504150390625,900765
2008-01-01,172.82830121320748,175.17056279105628,172.08020710865551,173.22906494140625,723580
2008-01-02,174.55605675063364,186.12485336316317,174.55605675063364,184.29022216796875,3686330
2008-01-03,183.46197613878024,186.96199663640041,182.5713840216017,184.50396728515625,2562330
2008-01-04,184.35257234418557,191.3793437609766,182.95433616631632,187.89712524414062,3574130
2008-01-07,184.35255214323598,195.3958879953009,174.67182102421168,194.17578125,3104430
2008-01-08,195.9302893450196,200.38325046649732,187.57652993253257,189.82972717285156,3222265
2008-01-09,190.58670309872088,199.31450810802892,189.6961110281661,195.1465301513672,5181265
2008-01-10,198.60204023520515,200.38322445256125,191.30808869083478,193.9976806640625,4727250
2008-01-11,195.75216071635674,210.17085005168894,192.36790776921197,208.35403442382812,6572805
2008-01-14,210.1797460410052,230.03993998610557,207.1695402448743,225.88088989257812,8199610
2008-01-15,225.49790161677006,229.35416677738615,211.07921432723677,213.12757873535156,6402495
2008-01-16,211.9609338321011,213.53728575847768,202.97486220965664,206.0295867919922,4469725
2008-01-17,208.04235087591906,212.85154349401512,198.78018350750133,206.9825439453125,3536020
2008-01-18,206.6173714883274,206.6173714883274,194.149081829549,198.20127868652344,516090
2008-01-21,192.3678820372558,202.8412396115604,181.68077747963048,188.92129516601562,2408440
2008-01-22,178.1184015345839,195.75212600437885,151.14237560148763,173.5941925048828,3639625
2008-01-23,185.02941780595987,195.93027047356705,170.99369059511307,180.91488647460938,4573800
2008-01-24,195.93028064174,199.29671801289032,174.55606820809564,178.5102996826172,6836390
2008-01-25,182.03700277411858,205.01427952239288,179.89958736982337,195.52947998046875,3481300
2008-01-28,193.97096058071313,205.01429709859403,184.4059966093577,203.31326293945312,1895700
2008-01-29,205.0142930578125,212.851506039915,190.94293554734426,204.15933227539062,4328530
2008-01-30,204.83619621909168,204.83619621909168,190.94295312674927,196.06385803222656,259620
2008-01-31,199.13643286698354,204.83621784072074,187.20248854351726,199.63516235351562,4376745
2008-02-01,203.0549984328507,204.83618262963012,188.80552485861557,193.2852020263672,7751540
2008-02-04,199.31451871774115,201.23820095398455,191.83353677324695,193.96205139160156,3356465
2008-02-05,194.50532349144746,195.7521606766468,187.60323420946153,188.75210571289062,1990970
2008-02-06,187.02435455594411,193.95316050901093,181.0662908007932,193.19615173339844,2488040
2008-02-07,193.19612378144433,193.19612378144433,180.79908427522727,184.2991180419922,2603445
2008-02-08,184.29914395911103,186.08032828098996,171.98225274259522,175.20619201660156,2601065
2008-02-11,175.20618842408777,175.80288352895934,160.48470139276358,165.78372192382812,3395480
2008-02-12,166.7366439316604,178.1184091918726,164.05596676549095,176.444091796875,4889300
2008-02-13,178.11842240842398,181.68079085659247,170.99368551208704,172.24050903320312,3252485
2008-02-14,182.57140900522052,182.57140900522052,173.19347381517426,176.90724182128906,2712105
2008-02-15,174.5560629301262,187.02435313942092,171.8842864567059,183.35511779785156,2325490
2008-02-18,185.24314719323357,190.03453679134486,183.81819447138926,187.18463134765625,3079605
2008-02-19,194.50530203292848,195.90353810126746,181.06627100086558,184.91363525390625,1996365
2008-02-20,184.8869226583671,184.8869226583671,175.47335777784994,179.20494079589844,1581545
2008-02-21,179.68588865082555,184.352596963719,174.59169986013828,178.24313354492188,1558855
2008-02-22,174.5560716113368,175.44666381343544,171.0382351309188,172.9530029296875,2060320
2008-02-25,177.7622058207375,178.0471882538864,167.0750995851667,170.42372131347656,2545540
2008-02-26,169.21248736838143,174.55603960106717,169.21248736838143,171.13616943359375,1683995
2008-02-27,172.97079809431435,178.99119577535376,172.77486674590756,176.84487915039062,2757150
2008-02-28,178.11840868463966,183.10572956355202,173.6743494957897,179.81944274902344,2778390
2008-02-29,177.88684995781745,185.2431349437023,169.23029468003062,182.1349639892578,2985065
2008-03-03,171.8843008751572,177.7622150454917,165.65015524756083,167.3333740234375,2074360
2008-03-04,167.43129892855123,170.99366699086082,154.07241869489022,162.248046875,4770540
2008-03-05,162.0878001510562,164.75957707662306,155.88037067350706,159.70101928710938,4360045
2008-03-07,159.7010005082053,159.7010005082053,144.15125465054956,149.77088928222656,5119425
2008-03-10,151.4006725065063,151.4006725065063,138.3980210790277,143.68814086914062,10215405
2008-03-11,134.83565480139146,150.75944782264125,134.71097243589577,148.93373107910156,5531340
2008-03-12,154.0724333291154,158.50757818293354,150.73271295348428,153.89431762695312,3742805
2008-03-13,150.72382214311256,153.53808304252848,135.7262398315921,143.6703338623047,5312500
2008-03-14,143.6703358048323,159.39818324482906,139.82297109635905,153.24420166015625,3541275
2008-03-17,149.7976038358342,149.7976038358342,138.66520144629007,141.39041137695312,5544380
2008-03-18,139.83187752438405,147.1258298737758,133.76694676920732,139.38658142089844,6631690
2008-03-19,145.1665356026432,148.7289045744872,131.80765195822818,134.18553161621094,9444900
2008-03-24,137.15118303231984,141.0697828260719,126.90937390977646,129.126953125,6392830
2008-03-25,130.026446831045,143.38532835478253,130.026446831045,140.8827667236328,6987155
2008-03-26,143.38532871433375,149.6194734410439,139.87639365100262,147.62454223632812,3800670
2008-03-27,145.18436067293425,145.18436067293425,140.19703835300228,141.1499786376953,4554225
2008-03-28,141.96040579542026,146.0393201202384,136.32296855020962,143.7772216796875,5456695
2008-03-31,143.38533701571433,146.05711348184565,132.18168607034735,140.6868438720703,9373050
2008-04-01,144.09778137102305,144.09778137102305,126.67780486512416,128.5391387939453,8324865
2008-04-02,133.39289344840762,136.26060130818604,131.62952476591013,132.62698364257812,9261800
2008-04-03,132.698238370504,133.58883057433286,129.3228998973103,132.5557403564453,3186435
2008-04-04,132.70714947874373,133.19697794592108,126.4730035784928,127.25672912597656,5090635
2008-04-07,127.87123759470371,135.71735318640893,123.79232343636511,133.79367065429688,5362655
2008-04-08,133.76696382882918,138.36242346431678,132.52904104683824,135.1473846435547,5254960
2008-04-09,135.3699942796276,145.41587171533567,132.01245837964598,142.08505249023438,5289170
2008-04-10,142.9044389994208,146.45789339427998,137.16902271164042,138.56724548339844,6053590
2008-04-11,140.7135687765371,141.60416098398355,134.58629004071085,135.36111450195312,5140465
2008-04-15,134.47941750250664,139.46673908403818,132.01247338965894,137.7567901611328,8752550
2008-04-16,139.4667738017831,141.4260743432038,137.53417635556966,139.9565887451172,2959865
2008-04-17,142.280994599205,151.93502367077278,142.280994599205,146.84083557128906,11679770
2008-04-21,148.1945230364257,158.52539704354575,145.17541629922684,157.02029418945312,16970085
2008-04-22,157.4566920391114,164.58142911247066,156.08517254244953,161.90965270996094,9708480
2008-04-23,162.97835172086553,163.85112816003385,154.98083859444623,159.80784606933594,5077185
2008-04-24,161.23280021046423,162.08777467156585,156.74422166041532,160.04832458496094,5738825
2008-04-25,160.3065945893243,163.86896335797596,158.1691787638767,161.6781005859375,5053415
2008-04-28,163.15647434670214,164.75954288726047,160.30658226868587,163.6730194091797,3648765
2008-04-29,162.97839364237848,169.0344241021531,161.19720901240711,168.43772888183594,8736005
2008-04-30,168.2684827216343,169.19469257681055,160.66281816296342,164.50128173828125,8709525
2008-05-02,166.5407280740837,172.72143962182548,164.93765952448305,166.65650939941406,3301870
2008-05-05,167.25321586336435,172.75706907018025,164.58143929554498,168.63363647460938,5627640
2008-05-06,168.3219216707964,170.08529037851778,166.0241922204403,168.87408447265625,7518855
2008-05-07,168.85626243446862,168.85626243446862,160.52922111825086,161.63356018066406,7682275
2008-05-08,155.6755133954444,161.37529782432628,152.46937616084958,153.7518310546875,6794655
2008-05-09,152.6474959591986,155.85363327954983,148.1945350083543,148.8802947998047,7531760
2008-05-12,150.33196695817296,157.24295757847267,146.05712165526896,156.24549865722656,8558135
2008-05-13,157.9019807428974,161.00123742026378,153.5826036578519,154.82052612304688,6708675
2008-05-14,154.07244758053102,156.29892803689708,151.9350317781629,153.6271514892578,5498745
2008-05-15,154.59789883863525,160.27098047053641,154.59789883863525,159.16664123535156,5241255
2008-05-16,160.3065896931755,163.49491127446274,158.881636793493,160.31549072265625,4259275
2008-05-20,160.12846248844633,160.12846248844633,151.57877288252823,154.8472442626953,5023125
2008-05-21,152.30908931538124,155.8536426401188,151.63223051301142,154.91851806640625,5287345
2008-05-22,155.14269812808212,155.14269812808212,147.6276890653883,148.61415100097656,7040190
2008-05-23,149.76205336024037,151.01753815442783,142.76717627492664,143.38595581054688,4864695
2008-05-26,141.69101302537342,141.69101302537342,135.46736760561762,136.83047485351562,4528385
2008-05-27,138.10390496939775,139.89746217679252,130.97451780675462,132.49903869628906,7206045
2008-05-28,134.15808129906486,146.42600572881489,132.7232300948081,145.31399536132812,10595885
2008-05-29,146.17492495813576,148.68590800091644,139.04553718312528,140.435546875,7768755
2008-05-30,143.2962375152015,144.29166224632425,133.7007098318024,142.27391052246094,13104250
2008-06-02,139.00068622300415,144.78490559037155,132.75910100142832,134.40020751953125,6234105
2008-06-03,132.72325372834538,137.51204892336088,129.5396864595964,135.8440399169922,6517185
2008-06-04,135.772271431685,139.30558122350615,130.60683174110054,132.1492919921875,6448785
2008-06-05,132.14926763852083,139.41317826564895,129.7189921156537,138.26528930664062,7198200
2008-06-06,141.69103796179255,141.69103796179255,135.59293992035632,136.4090118408203,6678345
2008-06-09,133.62001246355123,134.4809259472561,122.85866917789609,126.1050033569336,9781085
2008-06-10,127.36050122542285,128.92986378308692,120.34768597097278,122.23092651367188,7946910
2008-06-11,122.85866925332465,127.13630704345036,122.58963293426697,126.58927154541016,4550100
2008-06-12,125.19028581571209,129.1361057971225,121.06509918480235,128.12274169921875,6557125
2008-06-13,130.9296784218188,132.70529625663568,125.54900670585364,126.3561019897461,7637070
2008-06-16,127.34256361354686,132.68737019170035,127.34256361354686,131.96096801757812,9110270
2008-06-17,132.18518276464923,144.02267325537062,130.41852752592445,142.49813842773438,10982725
2008-06-18,142.58781620814736,144.20202063782125,132.93848212549705,134.6064910888672,15260880
2008-06-19,132.7232126541072,133.26128520593602,127.70124778288285,128.79531860351562,10563620
2008-06-20,128.77740312474992,131.62915229840686,124.49080282130984,126.21261596679688,15450330
2008-06-23,125.54899687929677,127.16320100449582,120.16832558446977,125.03782653808594,9577325
2008-06-24,126.44579211869411,129.08232359057007,120.16834144613483,121.71976470947266,7184750
2008-06-25,118.37476683319808,124.49080302111548,115.14635862788178,122.86762237548828,13616080
2008-06-26,123.75543594362797,126.4457715076199,119.27154333697479,121.6390380859375,9903815
2008-06-27,118.3747642060757,118.3747642060757,110.66247033072194,112.74299621582031,12046395
2008-06-30,112.09732499599805,113.89088219593401,105.13832114452072,108.51918029785156,11179920
2008-07-01,109.4069969585842,109.4069969585842,104.0263249770145,106.5103988647461,9449995
2008-07-02,107.12917822028398,115.68444748308143,101.92786608198554,113.79224395751953,10781475
2008-07-03,112.60847770749403,113.89087125594074,100.97725928846653,104.06217956542969,12157755
2008-07-04,103.84697815725441,110.28584961848752,100.83380112101906,107.69415283203125,10910840
2008-07-07,105.81987858026184,113.55011285148925,105.5329096916854,108.32189178466797,8511535
2008-07-08,105.81986847951993,111.72067295712337,101.60501204801879,108.85994720458984,9894800
2008-07-09,112.09733309859445,121.065119746482,111.24539610379642,120.00692749023438,11953780
2008-07-10,119.27155465567924,123.36983945528382,114.42894881256181,121.68389129638672,10404950
2008-07-11,120.18625192524917,125.54898323482881,116.59913811853977,119.31637573242188,17444255
2008-07-14,119.27155778979086,123.93480392903149,112.20494464847933,113.77430725097656,26102490
2008-07-15,112.45606299333852,112.45606299333852,103.36272650020146,107.09332275390625,25507360
2008-07-16,107.61341389723364,109.22761784244278,104.20565305373728,104.82443237304688,15732200
2008-07-17,111.16465871790936,115.1284247693176,106.89599126971106,113.97157287597656,24378020
2008-07-18,115.55889888655474,125.54901262989779,114.9670216857694,122.9662857055664,17510465
2008-07-21,124.65222983666597,126.26643411087039,120.76021385824129,125.08267974853516,13301175
2008-07-22,124.65222695189459,133.58414793994757,123.21737570052879,131.83541870117188,18384215
2008-07-23,135.51223443293264,143.84330281348932,134.87551551380153,136.9650115966797,16014820
2008-07-24,137.20710971677616,142.91062149156878,133.0819231668225,136.3641357421875,15729165
2008-07-25,128.72359956649456,133.08194429076067,126.62514083948835,127.8537368774414,11082795
2008-07-28,113.71153714873267,129.0823228775761,113.71153714873267,125.06475830078125,15375255
2008-07-29,121.96187494244406,123.2173593580559,110.32168710295258,111.146728515625,23506465
2008-07-30,111.92692698140404,123.7374986682494,111.92692698140404,121.8273696899414,21863800
2008-07-31,121.96188592940821,122.84970164284029,115.70237532124736,117.28070068359375,13695970
2008-08-01,116.5812074956363,122.67930416292813,112.09731489965029,121.94393920898438,17893810
2008-08-04,121.96188706724489,128.20347201447973,120.20419502689407,126.63410949707031,16348105
2008-08-05,127.16322541385388,138.6419957829531,125.52211871186579,136.4090118408203,22491705
2008-08-06,139.00069409470183,143.80742832171404,131.82646472207205,133.27027893066406,21401295
2008-08-07,133.27025278491757,137.49408552024977,132.09547514502532,133.8979949951172,10563655
2008-08-08,134.5078182803268,137.5120181821914,126.66996890644202,131.8533477783203,22692550
2008-08-11,137.88865556166988,137.88865556166988,134.5167733687122,136.23858642578125,12037000
2008-08-12,136.31032253740395,137.1174176578742,128.3020976565329,129.2347412109375,13856510
2008-08-13,128.2393455997776,131.2614852396557,125.3696566867436,130.05084228515625,19504310
2008-08-14,130.0508359902214,130.17638444647227,123.0918253187298,125.54900360107422,21456735
2008-08-18,125.19029645475354,127.79094888845505,121.0740723330082,124.2038345336914,16943130
2008-08-19,122.85866912076227,123.91686130849024,120.20419842401597,121.926025390625,12688850
2008-08-20,121.60318848692314,124.61636525053514,119.82755693575027,120.84988403320312,12436050
2008-08-21,120.16834338597,120.52704938526125,115.68444997604576,116.41981506347656,9974100
2008-08-22,115.68443462130216,122.5358222949345,114.15991380102824,121.93498229980469,15792320
2008-08-25,126.44579129153992,128.18554408452667,122.3385433791682,122.9662857055664,11869760
2008-08-26,121.96189759042906,122.58963991480499,118.76039121047724,121.89911651611328,16982365
2008-08-27,123.3967456546345,124.54462121278176,120.74227487407144,121.48660278320312,13055045
2008-08-28,121.96187862760328,122.58962085437686,119.45089603675471,120.2669677734375,10836080
2008-08-29,122.85867257809424,130.37368189269492,122.32059992541772,129.7459259033203,19076130
2008-09-01,129.14507963622384,130.8848322877524,125.21719872255927,129.65625,15530580
2008-09-02,131.28839850958622,138.39089797988595,130.30195013253595,136.28346252441406,24059335
2008-09-04,136.31036485798123,136.31036485798123,130.98349709452475,131.6829833984375,20732740
2008-09-05,130.92966625047748,130.92966625047748,122.68826931558438,123.26220703125,30080985
2008-09-08,124.65221926617077,131.64709473872125,124.65221926617077,127.5667495727539,22302315
2008-09-09,128.2393460878184,128.4007596755302,123.77339227229577,127.34256744384766,15704165
2008-09-10,125.51315704839729,129.74594006415612,124.65224344690351,127.42328643798828,18446420
2008-09-11,126.42783864319628,128.75946839272385,124.29351495701859,126.29332733154297,12555550
2008-09-12,129.8535600859942,129.8535600859942,123.21738941452168,124.21281433105469,12957470
2008-09-15,121.96188355564502,122.85866211120123,114.07022952999937,117.88153839111328,4209365
2008-09-16,114.42893590019617,125.53105133198655,108.6895520982874,124.79570007324219,20554995
2008-09-17,126.26644852168396,128.23935900032203,117.22691723821175,119.53163146972656,19380680
2008-09-18,111.37989226857032,124.65221743751734,109.64014654817794,121.71078491210938,23031760
2008-09-19,124.00656137949078,129.11819739095228,123.21739172026254,127.08251953125,19861650
2008-09-22,128.23032847244951,129.63826322673424,125.54895654578584,126.42779541015625,13033940
2008-09-23,125.36964245761119,127.06455334854732,121.90807675058632,122.5627212524414,12012010
2008-09-24,122.88557712416129,127.83579909593352,122.88557712416129,127.37843322753906,18204465
2008-09-25,127.34256806648888,130.19431760005656,126.45475227846464,129.38722229003906,21352225
2008-09-26,127.34256910953358,129.99703995126117,125.95255945644585,126.46372985839844,23698700
2008-09-29,126.44580204359394,128.06000650856154,118.39273280872357,120.44635009765625,24062265
2008-09-30,117.24481971644583,130.03287551317675,96.49336004691997,129.18093872070312,22737250
2008-10-01,129.49482898182416,133.6200161623522,126.80449308593786,131.7547149658203,27393850
2008-10-03,130.03289368265956,132.72322941402493,124.49080864424937,125.9615249633789,23026825
2008-10-06,124.59842489767385,126.6251396729806,120.29388474189496,121.60318756103516,13916255
2008-10-07,138.8213412893695,138.8213412893695,117.13722586501564,122.4820327758789,19058415
2008-10-08,119.80963736744522,119.80963736744522,102.4928363686204,116.17768096923828,20837280
2008-10-10,103.12953223981897,115.68443181684042,96.2243402092081,99.1119613647461,22736455
2008-10-13,101.33597033651762,120.88574434172932,101.33597033651762,118.36579895019531,22362115
2008-10-14,130.33779061324273,130.33779061324273,113.5321625741299,114.61726379394531,25757925
2008-10-15,113.35282378503564,116.56328618213577,107.8824753374174,110.9853286743164,20542195
2008-10-16,107.61343755824097,113.44249875931236,103.39858065729445,111.71171569824219,6571135
2008-10-17,118.19540632016181,118.19540632016181,106.7166390472376,111.2633056640625,19285710
2008-10-20,112.34842689568197,117.29864881866393,108.24117908348474,110.82390594482422,25104450
2008-10-21,114.19579031062389,119.80963343215899,111.73861871881446,117.74703979492188,19670765
2008-10-22,114.12405338537248,119.05632913883501,112.12423397719886,113.20933532714844,13346215
2008-10-23,111.20055519043667,115.68444854488976,106.71666183598359,111.63101196289062,16925405
2008-10-24,109.40701684859485,110.967410091201,92.72693204169316,96.6458511352539,21571550
2008-10-27,95.0585238981088,97.928212448848,85.19396009736167,95.87459564208984,16055345
2008-10-29,106.71665890597656,107.43408455974277,92.92420578943991,94.49356842041016,22217715
2008-10-31,96.15260313506042,104.0263181932639,95.25582452994607,100.96829986572266,14748160
2008-11-03,104.43883659837952,112.0435222579261,104.03528895870329,108.00801849365234,14041135
2008-11-04,107.61342001542437,116.38391265198113,104.4567627053978,114.86835479736328,17551300
2008-11-05,116.92200508515256,121.02925295542148,106.2413680503789,108.33086395263672,18841285
2008-11-06,105.81987794409095,109.5684128771415,99.09403824425466,104.51058197021484,14708505
2008-11-07,104.02631695110189,107.43407834659597,98.13448185952925,104.31328582763672,18138005
2008-11-10,106.61801181931077,109.94505974822495,103.72142064744584,109.20970153808594,14198950
2008-11-11,107.61343660778486,108.15150242244817,100.4392075005992,101.16559600830078,10869725
2008-11-12,100.25985382049416,102.17895954612432,93.82994582755026,94.21556091308594,13449920
2008-11-14,96.8520719235485,99.43479137843423,87.34622178831627,88.41338348388672,23297860
2008-11-17,89.28325065961145,89.65990276779976,77.32023071143168,81.74134826660156,4986675
2008-11-18,81.06877976074573,81.06877976074573,76.22617437335703,78.5129623413086,20776800
2008-11-19,76.22618892436068,83.27487000048124,75.52670263834356,76.68354797363281,23260910
2008-11-20,75.1500528149288,75.1500528149288,70.71996414120565,72.827392578125,4448665
2008-11-21,75.15006161194337,75.77780399706097,68.8008664515588,73.80489349365234,27107865
2008-11-24,73.35648776510808,75.3293978286308,70.28053708009723,71.30286407470703,17989185
2008-11-25,74.39676647949587,75.09625283048479,65.82356356531733,67.53640747070312,18747520
2008-11-26,68.1372339900877,75.00655379772634,64.99850921476767,72.54041290283203,27816490
2008-11-28,68.51388516736964,74.61197543178704,63.22289015483096,73.26680755615234,20299850
2008-12-01,73.98423192287893,78.32463691158662,73.19506924544413,74.08287811279297,29906195
2008-12-02,73.17712612990235,77.965927001904,69.63485369976355,76.96153259277344,25024930
2008-12-03,78.01973967351222,78.89858572853667,75.75986056925744,77.78657531738281,18239230
2008-12-04,78.82684624419896,83.36454411249605,77.6610312396596,81.64273071289062,24519495
2008-12-05,81.96558330235545,85.1939855987753,78.91653402833923,79.46356964111328,20811295
2008-12-08,82.50361296863719,83.93845704319476,80.35134343586272,81.05979919433594,13395505
2008-12-10,82.03730558417634,83.57975895841219,78.58470265867463,83.00582122802734,23207005
2008-12-11,83.4900739414269,85.91137990838394,79.7056677145315,81.9655532836914,16993035
2008-12-12,80.65627596097377,84.9070049511546,78.12736037923601,84.08197021484375,14953785
2008-12-15,85.7679067349478,88.31476157546926,85.19396896505974,87.20275115966797,12927955
2008-12-16,86.98751897827054,90.80779750067076,85.77686930931957,89.82134246826172,14824720
2008-12-17,90.39528839633313,93.26497726782264,88.2519880237786,89.24740600585938,15602940
2008-12-18,88.78109240940591,97.39016666860894,88.78109240940591,96.34990692138672,18393845
2008-12-19,96.79828652017515,100.79791834798483,95.28272846159682,97.92822265625,17593185
2008-12-22,98.59183600486452,99.86525990418158,94.79845972684332,96.40369415283203,10367845
2008-12-23,95.61454177175523,97.37222709821636,88.01882553970233,89.58818817138672,17050730
2008-12-24,88.7810821644969,89.31914796075465,86.27009932612364,88.0188217163086,14320735
2008-12-26,88.144355773716,91.65075599928554,85.59750138609333,86.59292602539062,10758190
2008-12-29,86.09075133776453,90.00070684170493,83.93848118594478,88.7721176147461,13604755
2008-12-30,89.05011710664236,93.15735786667534,88.6017278097144,91.5162582397461,14290435
2008-12-31,93.21116387390812,93.44432136874907,89.60611030249416,90.52082824707031,12477375
2009-01-02,93.6236884215574,98.19725797244647,92.7807143372332,97.19286346435547,14261265
2009-01-05,98.55594930977699,101.30008907397702,98.55594930977699,100.45711517333984,9165605
2009-01-06,100.61855705313152,103.4882527030677,98.89674376829652,102.18791961669922,12893855
2009-01-07,102.95018277497543,103.20127968036826,92.36819289143828,93.64161682128906,10571555
2009-01-09,91.11270155004038,96.90589030433955,85.19396434300698,87.27449035644531,25173105
2009-01-12,87.88430395157725,88.74521059783267,79.81329644582016,81.01497650146484,22546950
2009-01-13,79.27522993831889,83.40041014711234,77.66102571484949,78.97032165527344,15257915
2009-01-14,80.7100786698573,81.9566004486304,78.55780853695214,80.60246276855469,12034855
2009-01-15,77.12296903947494,78.62955754554912,75.50876462515309,77.84935760498047,11930135
2009-01-16,80.47691116636814,80.88942850912443,78.19909265837468,79.55323028564453,9286470
2009-01-19,80.51276873223799,80.71006108737406,77.4009463933912,78.61160278320312,7942585
2009-01-20,77.06913755632972,77.06913755632972,74.71957569528647,75.75984191894531,6111545
2009-01-21,72.73771408407981,76.76424815380483,72.4597149025476,73.12332916259766,10361190
2009-01-22,73.62550891214454,75.5087422768885,72.33415260476738,74.62093353271484,8445315
2009-01-23,73.53584852545028,75.13211341093638,68.17310924450938,68.92640686035156,14467735
2009-01-27,70.83654640689917,72.58526894763982,68.73808756826448,70.80067443847656,8791605
2009-01-28,71.56292308531212,77.03327026488448,71.20421033674351,75.8405532836914,26017380
2009-01-29,77.1229420095071,79.81327719588525,76.42345595574896,78.13629913330078,15203530
2009-01-30,77.84038668687599,78.7371653038129,75.08727660655475,77.78657531738281,10647140
2009-02-02,77.6610267694874,77.6610267694874,70.14602443123212,71.35667419433594,10987800
2009-02-03,72.2803562390038,74.37882179183329,70.30744598895306,70.93518829345703,10959425
2009-02-04,72.45970003233629,73.50892915558093,70.48678337708307,70.87239837646484,9570105
2009-02-05,71.11454174132595,71.56293101626022,68.87259536665461,70.36124420166016,10099535
2009-02-06,70.30744708016832,72.97984360868014,70.30744708016832,72.28035736083984,8293960
2009-02-09,73.46409359923533,76.22617304088494,72.89015590251294,75.76881408691406,12410810
2009-02-10,76.22616878794649,78.01972570060406,74.61196482980402,75.50874328613281,11356660
2009-02-11,73.58965746295557,77.81348429197402,73.04262191209642,77.2933578491211,13429835
2009-02-12,76.40552161843037,78.01972557395246,76.24410122287816,77.2126235961914,12343235
2009-02-13,78.37844865842467,79.70567711518004,78.1990888386756,78.9882583618164,8345915
2009-02-16,78.91652107269503,78.91652107269503,73.71520217433434,75.11418151855469,9084555
2009-02-17,73.6344823534953,74.16357837843866,70.50472733945044,71.58982849121094,13144880
2009-02-18,70.66615608110132,72.35209737801746,69.05195187201737,70.71099090576172,11209755
2009-02-19,71.02485355291836,72.45970460802936,69.06091331556668,69.67072296142578,10887215
2009-02-20,69.05195316694075,69.05195316694075,66.0029045158691,66.84587860107422,10274755
2009-02-24,66.00291036846066,66.35265351102025,63.67128713743725,65.22271728515625,12938465
2009-02-25,66.18226302385017,67.40188245995994,65.22271020122182,65.65316009521484,11110095
2009-02-26,64.56805301845209,65.64418449867546,61.51900470198311,62.11088180541992,16328155
2009-02-27,62.738623405536416,63.28565884108272,60.398030959510926,62.397850036621094,15414885
2009-03-02,61.519007747817874,61.519007747817874,57.268279296039815,57.949832916259766,16340390
2009-03-03,57.75254134725788,59.859969620968926,56.53292194321079,58.272674560546875,22533445
2009-03-04,61.77011177180143,61.77011177180143,57.28622188300785,57.779449462890625,19491745
2009-03-05,59.18738955201727,60.26352117075731,53.15206978548334,53.93226623535156,25961390
2009-03-06,52.37186717820641,55.34917160467925,51.403344730083674,52.90096664428711,43328785
2009-03-09,52.479484911237385,53.214843101174615,49.90573124645709,50.470699310302734,18064455
2009-03-12,52.01315976565607,55.16085120488178,50.88322021389116,54.61381912231445,26269915
2009-03-13,55.7078834416681,60.003457005489075,55.7078834416681,59.16945266723633,21907730
2009-03-16,59.187377634304234,63.40223360787526,58.362343103270376,61.43829345703125,29074100
2009-03-17,61.69836815944349,62.39785434715152,57.59112067966132,58.38028335571289,25643115
2009-03-18,58.82868004964819,62.236441770980186,58.82868004964819,61.10649871826172,24488485
2009-03-19,61.868743037126286,65.09714407243652,61.3396470384008,64.20933532714844,28018705
2009-03-20,63.85063578493783,64.67567732521388,58.58654960022408,61.41140365600586,24455430
2009-03-23,63.473971943206585,67.59915107743623,62.34402928111563,67.01625061035156,24043910
2009-03-24,67.42879041919075,71.65261713590054,65.49174520695583,66.71136474609375,30446405
2009-03-25,68.11929929847504,72.63906410847193,66.97142382454774,71.4015121459961,32500610
2009-03-26,73.71520409153878,76.63870447758376,72.4597194244136,75.58050537109375,38050440
2009-03-27,76.04684008674889,78.00181801871406,75.0783174029763,77.31129455566406,28983670
2009-03-30,75.7060492844451,76.674571833871,70.06531095657708,71.2042236328125,25336185
2009-03-31,72.10100679555144,76.0109623635794,67.36601648906431,74.42366027832031,48698815
2009-04-01,75.3294073074148,75.67018073453886,71.7602252364704,74.99759674072266,26359915
2009-04-02,75.53565667044403,80.53071268177787,75.53565667044403,78.84476470947266,20519345
2009-04-06,81.60684771658934,83.22105183674535,76.44140137396748,78.0645751953125,27773380
2009-04-08,77.12296105482594,80.65627099487818,71.99338627136264,79.55323028564453,29217355
2009-04-09,82.50362580286492,83.97434206330493,78.01973309618747,79.92090606689453,39840680
2009-04-13,80.75491551494171,84.38686473298745,80.75491551494171,82.83544158935547,24256575
2009-04-15,81.606867817179,92.36821302383996,78.20807546838309,90.43116760253906,33801615
2009-04-16,91.84807299834868,92.52065702471364,82.70990267928076,84.67384338378906,34495165
2009-04-17,84.65589897364012,91.83012758425576,84.65589897364012,90.2607650756836,28751055
2009-04-20,92.36819224128668,95.04059537675194,89.39088767766982,91.44451141357422,31980195
2009-04-21,89.67786717995756,89.67786717995756,85.62443059384992,88.59276580810547,47872470
2009-04-22,89.498511720539,91.45348944496219,83.67841337449916,84.68280792236328,33008015
2009-04-23,85.5168125683761,91.46245255181215,83.01479931510805,90.04554748535156,32260005
2009-04-24,90.66432067361687,96.11673653936016,90.21593134601058,94.9867935180664,34622540
2009-04-27,93.26498892061379,100.97728471298109,92.07227155486656,99.99082946777344,33410170
2009-04-28,99.00436086222771,102.23276252082557,94.16175495339198,95.18408203125,32536260
2009-04-29,96.13465474990917,101.12074798098479,95.91942982051538,99.9549331665039,24840940
2009-05-04,103.12954131920849,109.76570447682009,102.60940807746091,109.29041290283203,23971715
2009-05-05,111.20054842619341,115.31675899109388,107.79278694734924,112.51881408691406,32932980
2009-05-06,113.8908837151728,113.8908837151728,106.41175337577384,108.5550537109375,26688150
2009-05-07,109.85538526581007,112.77888559758935,109.40699593819451,112.052490234375,13826565
2009-05-08,111.73861125901713,112.44706716812945,106.77045703545765,108.91375732421875,13939875
2009-05-11,109.96297960569983,113.42454508348978,108.12458098620256,111.2633056640625,24579045
2009-05-12,113.06584386275404,121.94394624129012,110.33066648471856,119.98897552490234,29413830
2009-05-13,118.19540944811935,124.11413935846657,118.19540944811935,120.47322082519531,30724895
2009-05-14,119.9816616206241,119.9816616206241,113.51830418441942,116.07633972167969,32466810
2009-05-15,123.80504190094534,123.80504190094534,117.37810591886982,120.09088897705078,21272620
2009-05-18,132.90835297203353,148.93018737967736,132.10725708448587,141.72035217285156,344055
2009-05-19,147.10955573619788,148.93021848595004,136.73176972827778,139.24429321289062,33476630
2009-05-20,123.19513540667488,144.2419904316186,123.19513540667488,132.64437866210938,20969380
2009-05-21,133.6366528874791,137.91520770823755,131.10593269556242,134.03720092773438,21361885
2009-05-22,134.36488932059783,139.8268764654912,131.32437258645461,138.8892364501953,17808785
2009-05-25,139.4627454421164,141.81140174611184,137.20512781981208,140.91928100585938,10168035
2009-05-26,139.32620536176836,141.64755290687228,134.69262247432619,135.59384155273438,10305420
2009-05-27,136.89558288504833,145.90785440394987,136.89558288504833,145.24331665039062,13082480
2009-05-28,145.4709562724135,147.47368251612656,140.4368248878913,142.3849334716797,23055335
2009-05-29,143.832333727038,147.83778556574728,140.4094933174237,141.82049560546875,17248740
2009-06-01,144.01439184964414,147.47365315863607,132.9083540812399,135.04763793945312,24724190
2009-06-02,140.1454921326413,140.9192792456933,127.88332917373339,131.06948852539062,31624890
2009-06-03,132.9447780018198,134.9110969592551,129.26704563229382,130.54150390625,19962660
2009-06-04,131.08768202415618,134.72900652482718,127.0822306296383,133.79136657714844,24609075
2009-06-05,137.40541108211153,137.40541108211153,132.90837215784387,134.4559326171875,19200860
2009-06-08,134.72899772025124,135.45726535090307,125.80775049850304,127.1186294555664,11250630
2009-06-09,127.44636227480258,133.6093081113027,120.55514873290764,132.18919372558594,14054955
2009-06-10,134.00072656159114,137.95155994888037,133.0903955198812,137.00482177734375,17477915
2009-06-11,139.2806741335188,139.2806741335188,130.72356637696126,132.28933715820312,12514795
2009-06-12,133.81869002726742,135.63025416497,127.10044114418712,128.12911987304688,16276170
2009-06-15,126.5360579179823,134.11002143348864,125.26159958150483,130.79640197753906,18093935
2009-06-16,127.62842920924639,139.28067114169454,127.26430229189394,138.30661010742188,16782095
2009-06-17,139.28066549124375,140.70077985807808,129.82232542951922,131.37899780273438,15788970
2009-06-18,132.3621356410723,136.7317276746638,127.26428984400738,133.4545440673828,19976485
2009-06-19,135.27522613164362,138.91655104619068,131.47003437285483,137.6693878173828,13313595
2009-06-22,138.3794867799178,142.3758415227396,137.46005696242509,139.42637634277344,16808720
2009-06-23,136.5314724390062,137.423607035495,131.70671419656512,136.43133544921875,12273510
2009-06-24,137.4600221623064,140.71900978507378,134.42861735768852,139.9816436767578,10367460
2009-06-25,142.0116858937592,144.0144120192784,139.69945045323004,141.74769592285156,15752820
2009-06-26,142.90378509523802,149.65844080042993,142.01166442601874,148.9392852783203,15000375
2009-06-29,149.29432350339908,163.85962335738924,148.9666037010622,157.95156860351562,32608910
2009-06-30,158.761758053643,161.67482904883437,150.03168505125967,151.52462768554688,25420550
2009-07-01,152.57152708245104,160.20009371318656,151.14230031476978,158.2884063720703,21537575
2009-07-02,159.30795263144395,160.74627752778255,152.31661600628283,155.42994689941406,14245515
2009-07-03,154.22831417845205,159.49002753767147,152.46226938283235,159.00755310058594,13096050
2009-07-06,160.2365325879404,161.1286534464809,142.3030072705955,144.63345336914062,15059295
2009-07-07,145.28884931276474,150.3866951453309,144.74264509580576,148.7025909423828,18469900
2009-07-08,145.8714592524115,148.56603150731158,140.4731886511848,143.19508361816406,18125845
2009-07-09,141.34711447582555,145.10677249159048,135.65754507307264,139.2715606689453,18816840
2009-07-10,140.1910092503506,143.2861298723842,132.198302171867,134.410400390625,14993220
2009-07-13,130.90562700730564,140.42768341105426,128.73903434490575,137.5328369140625,34698180
2009-07-14,141.64757479132828,142.92203322565345,136.28572327243393,138.95298767089844,27239740
2009-07-15,140.5551553319068,145.5983988056963,138.55242913363236,143.59567260742188,20832595
2009-07-16,147.17324076332508,149.29431408765612,142.73993234484493,145.40719604492188,14861170
2009-07-17,146.927445867458,156.1217962773288,146.01711469382926,154.95657348632812,17768720
2009-07-20,167.28244510965285,167.28244510965285,148.68438660650105,161.37440490722656,13151900
2009-07-21,163.29522201729037,163.29522201729037,156.58607134355137,161.01939392089844,14827250
2009-07-22,167.26427013265254,167.26427013265254,155.1295528120893,156.7044219970703,14935550
2009-07-23,159.30799822926693,163.44089675719908,158.57973031639355,162.75814819335938,14716965
2009-07-24,162.75814819335938,165.11591712397438,160.21832964771988,162.75814819335938,12315760
2009-07-27,163.85961913925533,172.83548549883884,160.2365047831975,170.84185791015625,17416115
2009-07-28,171.32432334523548,177.40534278141436,166.64522168898722,174.16456604003906,19645560
2009-07-29,167.98344026859186,172.28930359717765,162.46683459663618,167.0640106201172,15702450
2009-07-30,166.59060200449375,170.0498631848831,163.3134042776931,167.61016845703125,12096110
2009-07-31,171.14229181147945,172.5077888206136,165.3161767953953,166.98207092285156,11548155
2009-08-03,167.59199725398355,169.15776819532095,166.0353246250126,167.819580078125,8999855
2009-08-04,168.59333694048118,168.77540040396758,161.23785911310623,162.89466857910156,11921345
2009-08-05,163.13135067123406,163.31341413581265,153.85507338374117,155.09312438964844,23342860
2009-08-06,155.12043833452495,158.2610922370084,152.57152196519405,153.95521545410156,23236730
2009-08-07,153.66392070861673,154.55604146127553,147.4736653124526,148.3202667236328,17198460
2009-08-10,150.02257449468863,154.7016759938191,145.08858138786627,153.5364532470703,31452505
2009-08-11,153.48183764235512,159.67207835782486,152.5715064911918,158.37940979003906,26039820
2009-08-12,154.75630597412965,159.4900254964044,152.81729604841834,158.470458984375,15520775
2009-08-13,159.30798300671623,161.85691351293445,157.869657836132,159.73583984375,15509915
2009-08-14,160.21829976128,160.21829976128,155.6848540323894,158.4158477783203,8622910
2009-08-17,155.1204133127868,157.30521627907476,150.04077801716898,150.7599334716797,11611480
2009-08-18,150.2046717487681,153.66393363382022,149.00302770731207,151.31527709960938,12173770
2009-08-19,152.02531641216763,152.3894433503471,147.20967028556532,149.4581756591797,12269460
2009-08-20,150.4777609843911,154.5742516796619,149.23059770492168,153.9097137451172,11182475
2009-08-21,153.8095744590515,161.43814090569643,151.70669759874036,160.66436767578125,17649365
2009-08-24,162.58513835984846,166.22646272275168,162.40306102926323,165.62564086914062,11827765
2009-08-25,164.93379694401506,167.8559661510826,162.68529170300917,166.86370849609375,12068115
2009-08-26,167.3097710136919,170.41400384847492,167.04578106826077,169.9042205810547,11168425
2009-08-27,167.51004604337763,170.94199869875476,166.59061649392802,168.0016326904297,9633505
2009-08-28,166.68165992045303,168.7390035755786,164.16003843094032,167.2915802001953,7175650
2009-08-31,165.13406369808618,166.22647218155868,162.94927451224294,164.82455444335938,7340140
2009-09-01,166.40853717110926,168.229199473002,160.58240947072179,162.530517578125,8174465
2009-09-02,160.58240101844422,164.6971014934983,160.4003375759481,161.89328002929688,5921300
2009-09-03,163.1768785945773,165.64388242464253,160.64615879930588,161.78407287597656,6336430
2009-09-04,163.1313507164467,165.64387375620453,162.03895603812032,165.17959594726562,5533910
2009-09-07,166.04437899765162,170.23190740994497,166.04437899765162,169.79495239257812,9136040
2009-09-08,171.14229071292212,171.99800438897535,164.07812456494557,164.81549072265625,10767135
2009-09-09,164.81548479312758,167.7740615208205,164.36941745512237,166.65435791015625,7107510
2009-09-10,166.89101384914565,169.77676197019107,164.23284851894502,165.55282592773438,9966200
2009-09-11,165.86236659628818,167.2187652871612,162.1027076252003,164.38763427734375,8573030
2009-09-14,164.04167408209392,165.40717083731204,162.04804659698723,163.067626953125,6935840
2009-09-15,163.85962919958493,166.77268649613364,163.6957762378507,165.61656188964844,7985400
2009-09-16,167.1368184504987,167.6466017139624,164.68802523299073,165.25242614746094,6108145
2009-09-17,167.13683789946688,168.84825135588,165.4982387258341,166.01712036132812,8664500
2009-09-18,166.5724026220749,168.2383104202993,162.76722479277643,166.38124084472656,17216935
2009-09-22,168.7572262638627,168.7572262638627,165.1340975721949,165.67120361328125,5788485
2009-09-23,166.55419250657533,169.32159307728642,166.22647273854565,167.5009307861328,16761900
2009-09-24,166.59063235591643,168.43860383310115,164.59700453310293,167.4554443359375,8509565
2009-09-25,166.59062161632235,168.84823926581174,165.69850086532745,166.55421447753906,7096995
2009-09-29,167.50093693382343,169.2669816435487,166.7726692125226,168.64794921875,10005945
2009-09-30,170.2319572930476,181.41082482115425,169.13956248425106,179.36257934570312,45237550
2009-10-01,178.41583545297243,185.32524664617222,177.54191129819685,183.7594757080078,24119990
2009-10-05,182.06622355140703,183.3406815600467,175.39349479138193,176.4403839111328,13516780
2009-10-06,177.51457383509953,182.7944972708691,174.41034128712275,181.8568572998047,12104735
2009-10-07,183.88688252981115,184.44218505742913,177.54187364018702,178.54324340820312,12198310
2009-10-08,179.86326517256055,186.4358584617131,177.60564737199695,183.859619140625,17050240
2009-10-09,185.7075572468761,187.1640926638564,178.88007352456447,181.41989135742188,14735620
2009-10-12,182.739886876539,186.14451661474195,181.46541488460963,184.51502990722656,12621535
2009-10-14,187.52827003327624,189.71305985608274,182.52144728966937,187.96522521972656,11479920
2009-10-15,189.64019780882742,189.64019780882742,181.70210881954623,183.15863037109375,10499780
2009-10-16,184.25100490078796,185.8713931107568,181.1558847872756,183.24964904785156,14230400
2009-10-20,185.7075436626112,186.9182856876697,179.82679866811975,181.0284423828125,9070415
2009-10-21,179.88146029873627,181.88418626775902,177.12315772642873,177.88783264160156,8743615
2009-10-22,177.15045295548654,179.6811725213748,174.78358633432202,175.90328979492188,6598435
2009-10-23,182.06623700650508,182.06623700650508,177.0503171775744,180.98294067382812,8304025
2009-10-26,181.70209033811227,181.70209033811227,175.48452735330875,176.22189331054688,4460990
2009-10-27,173.87327137898797,179.75401745474878,168.41128379640196,173.38169860839844,18034350
2009-10-28,172.6625373202367,175.6939422392097,168.2292283004213,168.97569274902344,15208850
2009-10-29,168.41127660915797,170.21372854513382,163.85052217293574,165.25242614746094,17635290
2009-10-30,168.41124791724,174.20095407693574,164.04165600398002,165.20687866210938,10901980
2009-11-03,165.1340645626932,167.4918327910003,161.6019891567718,162.7672119140625,11643330
2009-11-04,164.0780877662747,168.95746317555867,162.96748267714491,168.24740600585938,9460765
2009-11-05,168.41128207639454,170.21373407088447,162.08448263595943,166.7908935546875,11040040
2009-11-06,167.68302445888446,172.72626769303932,167.68302445888446,170.75994873046875,9430750
2009-11-09,166.6816527195157,182.97657607767488,166.6816527195157,181.70211791992188,19860525
2009-11-10,186.43584482238398,187.16411260847997,180.0271049734026,181.4108123779297,12050590
2009-11-11,180.68252442771518,183.88689399459915,179.33523820265364,183.01296997070312,8065490
2009-11-12,183.3407187123598,183.69574736460635,176.96839959676862,178.44314575195312,14094455
2009-11-13,178.27924695896664,182.43035473103888,176.70437797757756,181.35617065429688,12226205
2009-11-16,182.24831915894563,184.23284856896015,181.24696308702983,182.29383850097656,8831355
2009-11-17,186.6179051275438,186.6179051275438,179.33525517134697,182.466796875,6582910
2009-11-18,181.15595279465373,182.97661563681106,180.92836993938405,181.91152954101562,5088005
2009-11-19,180.97384538838952,182.97657125083558,178.06078832569057,179.61744689941406,5850460
2009-11-20,178.60698208799508,181.88418002708022,173.8914730490053,180.6188201904297,9253395
2009-11-23,180.24558878404218,183.4317481817399,180.24558878404218,181.95701599121094,5518350
2009-11-24,183.5227824147062,183.5227824147062,178.61609761682018,182.08445739746094,5970380
2009-11-25,182.06619146016624,186.07164211607065,181.43806087714097,185.09759521484375,11950580
2009-11-26,185.1613658024807,188.97565586170927,180.61882187493202,181.58377075195312,13558880
2009-11-27,178.42491657117486,180.24557898516645,170.59606263479031,176.82273864746094,9159750
2009-11-30,179.33525752755713,184.07808948568746,179.15319405437063,181.95701599121094,7341520
2009-12-01,183.88691616017425,189.34890376889228,183.06762357508765,188.775390625,8371170
2009-12-02,189.53094153397583,191.67932359092603,187.97428305536607,190.7052764892578,8068555
2009-12-03,191.9888308280834,193.7184683190292,188.8026718553709,191.09671020507812,5644490
2009-12-04,188.43854253718868,190.22279765083235,185.70754916708452,186.99111938476562,5019750
2009-12-07,187.5282335613217,188.7844951049131,182.66706812215398,183.7139434814453,4812455
2009-12-08,183.70484772609674,190.6961850090802,182.06624870959988,189.29428100585938,8824885
2009-12-09,184.797241206106,187.97430222546993,183.8686994545335,184.95199584960938,5265440
2009-12-10,184.77900371942334,187.52820754462581,182.35753353804398,185.95333862304688,6852780
2009-12-11,186.799964082004,188.1017449532878,181.674808744819,182.74899291992188,5799610
2009-12-14,182.61245905422945,184.4331216015675,180.15455350288073,181.09219360351562,5540770
2009-12-15,180.15453958177935,182.266514640958,173.69119637250355,174.72897338867188,9679880
2009-12-16,174.23737630416016,174.23737630416016,169.66752393890386,170.64157104492188,14981050
2009-12-17,169.70394523692423,172.78086922130018,166.73627044508464,171.4608917236328,15020595
2009-12-18,171.14226922184014,173.60016073574553,169.05761684156596,170.1044921875,7655975
2009-12-21,170.96019273668216,174.78358078831639,168.59332619062,173.7458038330078,8562675
2009-12-22,173.87325485064608,177.2323791171075,173.87325485064608,176.64065551757812,8248355
2009-12-23,176.78632333362492,179.33525357369655,176.0216484287691,178.86187744140625,6607675
2009-12-24,179.15321746271132,180.58243049904794,177.5510253519999,179.7631378173828,5123925
2009-12-29,180.5824179418632,181.67482662885965,178.8345834894438,179.2897491455078,3554785
2009-12-30,179.28974512769287,179.69939143085978,176.6224811103957,178.67982482910156,5058270
2009-12-31,179.33527009306596,180.88283055941318,178.07900842611707,180.09994506835938,6235040
2010-01-04,180.95561892875548,182.05712569583667,179.89963149578602,180.62789916992188,4371510
2010-01-05,181.70211020849408,185.70756186905706,181.2833517512604,184.3966827392578,7629380
2010-01-06,185.70759024375295,187.2915717493725,180.70986627041734,181.3015899658203,5953585
2010-01-07,181.41990727283118,183.15864328037944,180.0817331251713,182.58514404296875,4964525
2010-01-08,182.61239990718576,185.68930917001896,181.40165803849152,184.97015380859375,7931425
2010-01-11,185.52550259286454,191.7157575728411,184.8154453633064,191.06031799316406,10096505
2010-01-12,190.80541789652798,195.7212006353345,187.71028359866173,191.04209899902344,14351905
2010-01-13,189.62200317853822,190.96019123451902,186.90010772572,189.4035186767578,10503700
2010-01-14,190.22282395688302,196.44948636807803,189.69483016544683,194.100830078125,10746410
2010-01-15,196.63155078169794,199.07123187393154,193.93696415914266,196.2310028076172,16362695
2010-01-18,194.81088675654473,202.63974103288854,193.11767008238442,201.66567993164062,10033600
2010-01-19,214.41939764517983,214.41939764517983,199.0165959174259,201.31973266601562,8069485
2010-01-20,201.54733533843182,203.7048298694653,196.66795923088858,197.31430053710938,6584845
2010-01-21,197.54189290652147,198.63428769287083,191.16957378050463,193.2178192138672,7313095
2010-01-22,190.25925742138224,192.60791403632135,186.61793192049456,187.82867431640625,7275735
2010-01-25,186.79996202197466,187.46449991772764,183.0038825328158,185.47088623046875,5243060
2010-01-27,182.63063775826868,183.8231693872721,175.72122740282435,177.1049346923828,12127575
2010-01-28,178.06079754400858,187.5282369605534,178.06079754400858,185.4890899658203,14347760
2010-01-29,183.8777932557044,190.25920959115388,179.9178472127782,186.74533081054688,15392485
2010-02-01,186.79994928641457,195.17499309209396,182.97656123279472,193.4544677734375,10680450
2010-02-02,193.93695088736712,196.99566424583065,187.57374474998034,188.85731506347656,8883385
2010-02-03,190.35936772333793,196.0853451583598,186.44494058091593,194.99295043945312,13260715
2010-02-04,192.9720120434144,194.61970936257293,190.25922884210178,190.88735961914062,6585835
2010-02-05,188.2018662009579,188.98475154245742,181.17410863974393,186.74533081054688,12212410
2010-02-08,186.6178856378564,189.65838834329705,182.24829334237202,186.19912719726562,7426465
2010-02-09,186.61789623538922,192.44401036651726,184.4695140450573,189.08489990234375,9225825
2010-02-10,190.07715993895246,190.3502620807997,185.7257778546563,186.55416870117188,8286355
2010-02-11,187.5282284275583,190.24101153196165,187.2369157741865,188.11083984375,4078795
2010-02-15,188.07442418984368,190.1681747562862,183.88689527585615,187.31884765625,4549330
2010-02-16,187.89235635760897,189.65840112909356,185.4071560414172,186.8272705078125,6636255
2010-02-17,188.25648146916828,195.511821725324,187.89234068088993,194.3192901611328,11366410
2010-02-18,194.26468151462558,203.24054811766356,194.00069156625054,199.99977111816406,24856930
2010-02-19,195.175024065627,200.6825311777497,194.99296058476205,199.27151489257812,13856280
2010-02-22,200.91008779429512,203.00385227750976,196.85911683861653,201.62925720214844,8715490
2010-02-23,200.27285323717254,205.6984330094402,198.21550983633452,199.93603515625,11249705
2010-02-24,199.36254272701686,202.26650162210427,193.9096535668982,199.14405822753906,8601590
2010-02-25,199.56282483976432,200.8099742516803,196.9137574742371,199.5901336669922,7738815
2010-02-26,201.00115522719048,207.0093335149777,197.54189348482933,204.73350524902344,8116780
2010-03-02,205.91690665522984,213.927823681852,205.73484320041936,210.2864990234375,14963530
2010-03-03,211.92510745069453,213.91873501353058,207.70117121215512,209.1759033203125,11365680
2010-03-04,209.37619148708814,209.82225880868137,202.54870698207438,204.21461486816406,11118615
2010-03-05,204.82453325924402,207.46448835391988,200.34570513217488,200.88279724121094,13164750
2010-03-08,208.32928646028432,208.32928646028432,201.56551888274217,205.60739135742188,15896925
2010-03-09,190.25923142066816,206.35388126764033,190.25923142066816,203.48634338378906,4524955
2010-03-10,203.48634363071403,206.645194186125,203.36799612298748,206.00796508789062,6196885
2010-03-11,205.26148433655518,210.26830616218274,205.26148433655518,209.62197875976562,9045940
2010-03-12,209.55822483481572,211.48813628968392,207.83769954252972,209.5673370361328,9742385
2010-03-15,205.4799618339155,210.1590636977269,205.4799618339155,208.04708862304688,4507825
2010-03-16,207.37347806034467,209.17593018968512,206.19004456288846,208.44766235351562,6725940
2010-03-17,210.28653269771863,210.73260004040395,207.38257359511874,209.2305450439453,12125165
2010-03-18,208.5204794559836,213.3816451267172,208.30200884011876,211.88870239257812,7689270
2010-03-19,213.38163937426077,213.38163937426077,209.65838789670636,210.4685821533203,6133220
2010-03-22,200.27285482756338,209.80402316628286,200.27285482756338,208.7389373779297,5492690
2010-03-23,210.01341783872695,213.3634440816234,209.74031568400156,211.5518798828125,6263015
2010-03-25,209.7585353921501,212.14359894081346,208.79358644163904,210.2501220703125,7565780
2010-03-26,210.30471648767343,218.10624760311828,209.64927691624928,217.2505340576172,9027285
2010-03-29,217.93328620291933,221.2104841164204,215.74849685428654,218.28831481933594,6028530
2010-03-30,218.2883199816624,220.66428505250218,212.95377840719905,213.5819091796875,5330135
2010-03-31,213.38163146862283,215.69388053591175,211.54277241354816,212.69888305664062,3538230
2010-04-01,212.65336547048366,215.60282955194447,212.65336547048366,213.66383361816406,3816315
2010-04-05,214.3283606581997,215.38434808887976,210.83269249858688,214.31015014648438,4195040
2010-04-06,214.83817447438665,215.54823173640526,212.28924420251224,213.84591674804688,4302480
2010-04-07,215.20227187341231,217.23232027845003,209.0666489957009,211.97970581054688,18454375
2010-04-08,210.64155545498193,212.1982280639865,209.3761955246075,210.6051483154297,6740765
2010-04-09,211.19682284023253,218.4521630809449,210.7416572737665,215.46627807617188,12797095
2010-04-12,215.07485524450635,216.3675239473516,212.13448920839042,214.27377319335938,7172525
2010-04-13,214.83819877485476,214.83819877485476,209.93151334998342,210.75991821289062,4825870
2010-04-15,212.1071530273275,213.55457618850286,207.91962427829304,209.066650390625,7152780
2010-04-16,208.67520788215606,211.14221143718137,205.98973373872045,209.08485412597656,5622710
2010-04-19,207.5555179120322,211.92511054092225,205.40713567977681,211.06939697265625,6129665
2010-04-20,211.1968421118936,217.56916062389038,211.1968421118936,216.1126251220703,8998350
2010-04-21,217.56918225208213,227.94695358989313,217.56918225208213,225.28878784179688,26047175
2010-04-22,222.33930054021042,226.12626783077377,222.32109002658962,223.0220489501953,13803410
2010-04-23,222.94011664620052,225.7621490657433,222.41213674707166,225.0156707763672,5720055
2010-04-26,225.76216262690144,234.31927129928042,225.38892345979355,232.97198486328125,16826845
2010-04-27,231.7703595534373,233.9551491645109,228.89370924943262,232.41668701171875,7134950
2010-04-28,230.3138000722727,231.21503298619777,226.9000579763398,228.32928466796875,6100705
2010-04-29,229.19409853216774,233.93693037022535,229.19409853216774,231.97061157226562,13210430
2010-04-30,234.13719199949833,234.13719199949833,229.96785961290982,231.22412109375,5560430
2010-05-03,230.8599883206288,233.5818696060135,227.94691748876312,229.49449157714844,2338320
2010-05-04,229.785818284063,235.02932141640648,226.53594286225382,227.48268127441406,8337075
2010-05-05,221.50180048671496,227.87411906609498,221.46537945898072,225.9988250732422,6726505
2010-05-06,222.84907908621656,228.09258176345574,222.12081135285098,224.66062927246094,4212245
2010-05-07,219.42625386813037,222.12084067006984,215.23873815704314,216.86822509765625,9055115
2010-05-10,218.84363249228298,229.2032068249137,218.84363249228298,227.48268127441406,7993775
2010-05-11,227.40073214908978,232.84450873066592,226.5359203038917,229.2851104736328,9079200
2010-05-12,224.1781625583819,236.3219916616029,224.1781625583819,234.84725952148438,9068370
2010-05-13,235.77579201323874,240.32744822971054,235.41166507214197,238.7889862060547,9973175
2010-05-14,238.14266093532848,239.0165711580103,233.04480037099202,235.91233825683594,18998125
2010-05-17,231.22416130457208,232.51683014578626,224.03254924541523,229.80404663085938,16886290
2010-05-18,229.8040345413988,231.16953148514133,226.90917379757695,228.43853759765625,16597995
2010-05-19,226.30836614583444,226.49042962724883,217.26876913732897,219.39894104003906,11986965
2010-05-20,221.78036226043355,225.8261153149627,217.41279702798823,222.1389617919922,11543770
2010-05-21,217.13697486545536,224.90665572776027,215.70257656172717,223.5550079345703,8823435
2010-05-24,223.55502952977443,228.03292974927822,218.89322056206515,220.37359619140625,5085955
2010-05-25,218.43346426913558,218.6541463362101,212.40162807176705,214.03831481933594,7723085
2010-05-26,215.16009053187477,219.2058302118204,211.49133009114033,212.75103759765625,14306915
2010-05-27,212.76944230914933,224.72278208000645,210.95805046760566,223.58262634277344,13507560
2010-05-28,225.27445054787688,227.6651237984508,221.74362171063538,225.3388214111328,7747100
2010-05-31,223.58259707289434,227.6651240588663,222.53438182219344,226.6260986328125,4662770
2010-06-01,227.11341630695463,227.6651144283087,216.44735551606004,217.31167602539062,8930410
2010-06-02,219.7575078382082,221.95508235537966,214.88422138553375,220.8884735107422,6537050
2010-06-03,222.69988569780725,229.5041021049375,222.69988569780725,228.4558868408203,7414595
2010-06-04,228.03293335445514,231.34309445073984,228.03293335445514,229.03517150878906,7272295
2010-06-07,224.09747175964702,225.27441451715222,219.9413847551831,223.39866638183594,7122970
2010-06-08,223.32515637293338,228.51106595920916,223.32515637293338,225.49514770507812,8407510
2010-06-09,225.25605097190297,230.58908144724427,225.25605097190297,227.96853637695312,7812710
2010-06-10,227.9685328587889,229.87187874936131,224.40093084117973,229.50408935546875,6817990
2010-06-11,230.2396580527345,231.73842712618017,227.71106749730993,229.09950256347656,7028035
2010-06-14,230.05577308878856,232.07864281258608,228.07888054672267,231.0672149658203,3069890
2010-06-15,228.78688911061732,231.0672142083172,226.230700923432,228.9983673095703,3309380
2010-06-16,229.87190855127258,229.87190855127258,223.45388879299603,224.46531677246094,6787285
2010-06-17,224.35495811431008,224.9066562463698,219.1966324915368,223.4354705810547,11126405
2010-06-18,223.43549339133227,225.7801896465541,221.100000991753,222.79185485839844,12770945
2010-06-21,224.35494318141156,230.2580510683726,224.35494318141156,229.37535095214844,7028360
2010-06-22,228.05129926645859,231.32467260182415,226.4238024231053,227.2329559326172,4845490
2010-06-23,225.32961422756577,231.06722152602484,225.32961422756577,229.7615509033203,5381525
2010-06-24,228.08809202818895,233.27400153591276,228.08809202818895,232.29934692382812,9207320
2010-06-25,231.89474584232673,234.95664091612164,227.55476369841318,229.7063751220703,6537805
2010-06-28,230.05577806470072,232.86940767223422,228.4006976984262,232.0694580078125,3983065
2010-06-29,230.80976902319438,231.5453618701838,226.92953043483521,228.15245056152344,5399395
2010-06-30,225.27444573436455,229.12710074503158,224.74114128123898,228.47425842285156,7153910
2010-07-01,228.40068523571858,228.40068523571858,223.44464826202673,226.86514282226562,5839670
2010-07-02,227.11341336591963,229.5040864871409,226.5801089302544,227.5179901123047,2428120
2010-07-05,227.31569995754586,228.95238657853744,225.3571871007432,227.28811645507812,2097975
2010-07-06,228.03293453671563,231.50859669070059,227.29734161925327,230.47877502441406,4386780
2010-07-07,232.07865136284542,232.07865136284542,226.1203759838807,227.49041748046875,4321410
2010-07-08,231.7108741195056,231.77524498573376,227.81224166278915,228.31796264648438,4591380
2010-07-09,229.7891103049968,234.993412600945,229.67876227122898,234.11988830566406,5484015
2010-07-12,234.88310263936685,238.11049903733903,232.73150504071876,236.91517639160156,4312175
2010-07-13,236.95193841383175,239.78394754854844,234.12910507289317,239.01158142089844,3804700
2010-07-14,240.53797417165535,243.838931458553,239.82077492910565,241.72412109375,8475475
2010-07-15,248.26163597092028,249.27307787772318,241.93555720167973,248.31680297851562,15944265
2010-07-16,250.10063751529364,251.7373243883767,245.9445634936706,249.57652282714844,11515560
2010-07-19,249.18113274529583,251.3878973124832,247.03873904286604,250.24774169921875,7309745
2010-07-20,251.06606586490986,255.43363175457597,249.8247801131156,251.7465057373047,8051265
2010-07-21,252.1234762555726,252.85905500956994,245.83415724861294,247.7375030517578,5821275
2010-07-22,246.46864423213037,251.5350299754056,245.50319345959323,249.51214599609375,7460620
2010-07-23,251.0200884800118,256.5370135015505,251.0200884800118,255.6083221435547,12190455
2010-07-26,255.6175324176996,256.8588461908273,252.85906983765247,254.8543701171875,5565950
2010-07-27,255.06581373636388,256.71170413344845,251.57177264073388,252.75791931152344,8134080
2010-07-28,254.51411826011656,254.51411826011656,246.60654853525617,248.25241088867188,7000240
2010-07-29,248.26168075072886,252.85911928314977,246.89165304743958,251.13047790527344,7545020
2010-07-30,250.10061521274395,251.3878921789382,245.87096684336294,247.05711364746094,4661185
2010-08-02,248.27999827119774,250.41321595093416,246.45022717256506,248.3995361328125,4723770
2010-08-03,248.3995572421735,252.23383269116738,247.39731917500785,249.3650360107422,4953580
2010-08-04,250.10062617880564,250.71669521492538,243.68259265521885,244.84115600585938,5902855
2010-08-05,245.4112449746133,247.16746973048998,241.28275445928873,242.11949157714844,6734645
2010-08-06,242.33095138913836,244.7308286724052,240.1241867099457,241.69650268554688,3310475
2010-08-09,241.6964907257129,243.0757220895269,237.96337341249898,240.86895751953125,7863250
2010-08-10,240.90576410778039,241.82525175704671,236.9519784401496,238.12892150878906,6740840
2010-08-11,238.12892595485903,239.34262834854397,234.7727875542141,237.06231689453125,6623320
2010-08-12,235.3888152007048,242.71713217136684,234.44174413696706,241.93556213378906,5976525
2010-08-13,242.74474282933454,245.68711457269262,242.74474282933454,244.25271606445312,4534835
2010-08-16,244.6756179785974,247.65474836062353,243.40672079794763,245.79739379882812,4977590
2010-08-17,245.8709474892033,247.0754738478115,243.35156076364586,244.72158813476562,4577160
2010-08-18,244.72160474916672,249.91670377181944,242.74471213742686,248.8592987060547,6307095
2010-08-19,249.73283074809078,251.20401647881897,246.79045928663442,250.75344848632812,4684215
2010-08-20,249.7328424487669,252.8590947352042,248.7306043132625,251.38790893554688,4624730
2010-08-23,251.38792315848443,254.82682612261218,250.17419270055697,254.0084686279297,3651835
2010-08-24,252.85910615509198,254.69808147258354,249.71444601554532,252.33499145507812,5415270
2010-08-25,250.8362255148306,253.96250604578483,249.71444943338554,250.41326904296875,6578005
2010-08-26,250.65228829484175,252.8590525963034,248.2616152763706,251.5349884033203,7188305
2010-08-27,251.38791944797575,254.37625432890212,242.48728567562225,244.02284240722656,4726265
2010-08-30,244.95146124043885,248.07771308816237,241.27351128769791,243.47109985351562,3479155
2010-08-31,234.80953656610603,246.42266907997066,211.48214137460167,244.70323181152344,4318510
2010-09-01,244.7032711297214,249.9167507821785,244.7032711297214,249.0156707763672,4534980
2010-09-02,249.93509871709188,256.6841335926065,249.93509871709188,255.2589111328125,7979275
2010-09-03,257.4565240905611,257.4565240905611,251.1120653590077,253.71420288085938,3513110
2010-09-06,254.51414327375159,258.46795658529277,254.36704995864048,256.47265625,5057435
2010-09-07,256.72093010139326,258.6334518208927,253.2268606442525,256.99676513671875,4221330
2010-09-08,255.6175720491021,256.11410324744276,252.50969923738037,254.0084686279297,5155280
2010-09-09,254.69798842615228,255.96688542135306,251.44299544635808,253.6681671142578,3865715
2010-09-13,254.88196776437346,263.49756187779514,254.88196776437346,262.2746276855469,6447070
2010-09-14,263.06539596664373,264.26071856787917,258.4863378258248,262.29302978515625,6029480
2010-09-15,262.7895364014774,271.24883327354377,262.2378663076531,270.329345703125,8460645
2010-09-16,270.32934999591504,280.07592400923517,268.8857477529052,273.051025390625,10070090
2010-09-17,273.09698387797715,278.2369154950009,272.3522012682091,277.04156494140625,6433195
2010-09-20,276.7658062650161,288.1674484857529,273.67634096646515,284.4619140625,7145005
2010-09-21,285.13308556098565,291.027003931385,280.4712771001089,281.5010986328125,10457885
2010-09-22,282.4666078130364,285.40895135784876,278.60474858858447,281.30804443359375,7649460
2010-09-23,281.73101835192256,283.14703723010206,273.95216046887396,274.9727783203125,8305375
2010-09-24,275.14747437200685,278.22776360003144,271.32240239512566,277.1059875488281,8634710
2010-09-27,279.5149879813251,280.77468132984586,274.5957524484355,277.1611022949219,4490365
2010-09-28,276.5819080887909,279.505900503283,274.4487178030784,276.82098388671875,6985740
2010-09-29,266.6881790722083,279.9563777942938,266.6881790722083,277.7587890625,6439615
2010-09-30,277.7680345824929,283.74470460359066,273.5383855708393,282.57696533203125,10918285
2010-10-01,282.8343737319779,291.29364228806,282.8343737319779,289.6109924316406,5313840
2010-10-04,290.92582951654475,293.53717056067603,288.92135356908585,290.0247497558594,3687630
2010-10-05,290.02472512048524,292.4705368864761,288.7374203250859,289.6936950683594,4334955
2010-10-06,292.39699768380916,293.99689680497397,285.4824624315674,287.2938537597656,6782255
2010-10-07,287.29383148253726,291.1096983430581,287.0639596468369,288.4799499511719,4859325
2010-10-08,289.08686579546844,291.2384631886809,286.16290226575916,288.783447265625,5830295
2010-10-11,289.85922900509047,295.2474403183944,282.86194263573117,285.19744873046875,10020915
2010-10-12,287.95592687131614,287.9651026656055,280.46208092965554,283.7906494140625,4249265
2010-10-13,285.2251149503665,293.25222515257957,284.4987117615532,292.167236328125,5136290
2010-10-14,293.31650323074786,295.79913062650564,286.3743840493421,287.5972900390625,9509550
2010-10-15,287.7995800417215,289.6385549940648,275.12904374249763,276.2232360839844,12532945
2010-10-18,262.42175907584743,275.66237508779983,262.42175907584743,272.5269470214844,11204405
2010-10-19,273.8233737184957,275.3497263772468,268.867350550264,270.0534973144531,8202805
2010-10-20,269.4098230443989,271.6165873138852,266.8352694067532,267.6076354980469,5254270
2010-10-21,270.329303559837,278.2828641919236,268.49032870568846,277.0047912597656,9674255
2010-10-22,278.3932128849919,278.3932128849919,268.6742515939253,269.2259216308594,4631140
2010-10-25,269.77762729865964,274.0072754172061,268.49035040880597,269.32708740234375,4696400
2010-10-26,270.32930568901406,270.37526883651805,267.61680653356893,268.39837646484375,4419695
2010-10-27,268.58234119537497,268.986917995701,264.4538226730302,266.1089172363281,3512190
2010-10-28,267.6628155866317,270.5499917313972,264.81239873810824,265.6950988769531,9676480
2010-10-29,266.4307576210901,272.72004994926107,263.16655953932997,270.5224609375,6046415
2010-11-01,273.8050190070626,280.32418278573846,272.554529328238,278.3472900390625,5140055
2010-11-02,280.25979407180387,282.7424216815133,278.2461140920587,280.7379455566406,5065500
2010-11-03,281.0229426961089,283.8641554367466,280.9953591961233,282.48492431640625,2664580
2010-11-04,285.169885326451,286.05258552709853,282.85275871651777,284.0113220214844,2665910
2010-11-08,286.69614578509385,291.2935825556087,282.94464972698574,286.1260681152344,6482605
2010-11-09,285.96065648639194,288.1214580558722,283.38610231458733,287.3031005859375,3860055
2010-11-10,288.16734368287973,288.16734368287973,282.52170567489304,283.8273620605469,3503475
2010-11-11,284.30555848140483,286.84332500965337,279.0644682812344,279.965576171875,3167795
2010-11-12,280.99538217847163,280.99538217847163,272.4349559029186,274.37506103515625,4544795
2010-11-15,275.8922433634253,282.2826934124487,273.09702126090656,279.83685302734375,3234555
2010-11-16,282.05276332979895,282.0895506831877,265.7318617842278,270.1729736328125,7237705
2010-11-18,275.66234945373947,275.66234945373947,255.4336238536229,262.23785400390625,25503185
2010-11-19,263.18493046230793,263.18493046230793,251.94879152482352,254.64288330078125,13416300
2010-11-22,257.4565114904891,267.35020641142273,251.93958624426435,263.0837707519531,13820860
2010-11-23,261.3183383534633,262.4217064311326,253.83369721786408,261.4470520019531,7074135
2010-11-24,262.6056247649281,263.1481190002561,251.9395645933937,254.66123962402344,4932325
2010-11-25,254.73484830436652,256.66577784420787,245.70547348871776,246.95596313476562,11465340
2010-11-26,246.60655873420615,251.43386810940174,238.51505189755926,244.74917602539062,7351030
2010-11-29,248.06851802239422,248.07769381540197,242.9285867300156,244.41815185546875,5470435
2010-11-30,244.39979316946008,255.5807657670744,241.86202647136656,251.36032104492188,6530490
2010-12-01,251.94879085791382,262.7711491467298,251.9395870031052,261.95281982421875,5507435
2010-12-02,264.9963290683412,268.6742793507025,261.7137517068057,267.63525390625,6647870
2010-12-03,267.635216439644,267.635216439644,255.40601662645437,258.58746337890625,8015840
2010-12-06,261.99877622822277,261.99877622822277,253.04297676161102,254.22909545898438,4688830
2010-12-07,254.6980555152661,254.70725937028723,240.44599825719166,243.57225036621094,12159570
2010-12-08,242.56080343783083,242.56080343783083,228.6397765813044,230.14773559570312,21467880
2010-12-09,232.15221198826475,238.88285353802098,226.13876960290222,229.09031677246094,15667605
2010-12-10,230.42359604316093,244.58369934022497,229.50410845165632,243.39755249023438,10515220
2010-12-13,246.4226547577288,249.18111731098696,237.79785735152316,242.86424255371094,8870460
2010-12-14,245.28250659487392,245.48479497728704,236.345086530997,239.68283081054688,12568445
2010-12-15,239.06674556332698,242.92860421587008,235.3979994857828,238.62538146972656,9978370
2010-12-16,239.9218581247028,242.68952438083755,236.32665876004677,240.7861785888672,9694435
2010-12-20,240.9057312008568,240.9057312008568,232.970549381922,233.71533203125,7356300
2010-12-21,235.55430364659887,243.46190184703255,235.38880262927782,242.4412841796875,9313990
2010-12-22,244.21590986277891,244.4917449159567,239.83913994879495,241.20916748046875,5855595
2010-12-23,243.2595976709039,243.2595976709039,240.8413411862901,241.65969848632812,2830535
2010-12-24,239.0667484316169,243.6273985447482,239.0667484316169,243.11248779296875,2594170
2010-12-27,244.47337768562895,244.58371171250525,240.92414081140492,242.11949157714844,2077245
2010-12-28,243.09408952644654,243.09408952644654,236.5933067074581,237.0254669189453,3570910
2010-12-29,237.32890768612006,241.8252150781106,237.32890768612006,241.3470916748047,3942910
2010-12-30,242.74467646975378,246.1835504070394,240.00459388356995,245.282470703125,7050460
2010-12-31,245.82499803413566,249.73282005692832,244.93309400298284,248.28001403808594,4513055
2011-01-03,251.0200885169314,252.3073654100401,246.8456073930709,251.50741577148438,5266100
2011-01-04,252.47287741867368,253.15331728221764,247.06631423221924,247.8846435546875,6919075
2011-01-05,248.44558297428128,248.44558297428128,239.61849561235653,241.07127380371094,8749390
2011-01-06,242.0734949319073,243.13092814034897,239.06678052479202,240.14259338378906,3967170
2011-01-07,239.13112968618154,239.13112968618154,232.42805770681323,235.5083465576172,12047915
2011-01-10,236.30830531905508,239.98625559639444,229.19146648150732,230.7178192138672,8070285
2011-01-11,231.72925219314237,243.75615081869108,231.7108585139921,239.10354614257812,12543110
2011-01-12,240.1609379738991,243.26881015669719,237.22777065774574,241.52178955078125,12960200
2011-01-13,240.6298909891252,244.14231192793562,231.91313935056888,232.7130889892578,5724240
2011-01-14,233.51304580629315,234.83709598760308,219.75750697858462,220.9712371826172,13463850
2011-01-17,222.8837742270355,228.03291006644898,220.69540342101124,226.01004028320312,10319355
2011-01-18,226.22152036003232,238.68976926871593,226.22152036003232,235.06698608398438,14701270
2011-01-19,235.3888316530308,238.51508396131553,233.1820669683907,235.40721130371094,7958925
2011-01-20,234.28544112847237,245.2181480305802,230.79138547459635,236.32669067382812,12914185
2011-01-21,234.46931917028132,237.8990177446422,232.81423881714375,236.68528747558594,10185635
2011-01-24,237.0438699235428,247.296178154736,237.0438699235428,243.80210876464844,16310795
2011-01-25,244.21591159387683,247.15825507058943,237.91741593668286,238.55186462402344,13241745
2011-01-27,241.6413417314938,243.8481345265501,236.6761140636892,238.8737030029297,14377695
2011-01-28,239.06678657019606,239.87594018365783,228.6673835992354,230.5155487060547,13023670
2011-01-31,226.57094130740379,232.22578439596595,225.94568244801363,228.4375,9721405
2011-02-01,230.54310290048593,231.27869572553638,226.92952366668996,228.52023315429688,8100325
2011-02-02,230.79138125331824,231.15917067109723,223.6285792196104,225.2836456298828,8549595
2011-02-03,223.9871596636891,232.33609378170374,223.9871596636891,231.0396270751953,4917935
2011-02-04,229.01677051840554,233.2372150002121,222.9205635800628,224.83309936523438,9051770
2011-02-07,228.47424684860852,228.47424684860852,223.48143652856598,225.92727661132812,4912680
2011-02-08,225.29284524200176,226.92953197174793,217.3852466362769,218.96676635742188,6334730
2011-02-09,217.91854306011382,219.7667079313734,211.48213039589106,213.44064331054688,8796985
2011-02-10,212.60393526252673,219.7207747146187,211.4821592086507,214.34176635742188,9417625
2011-02-11,214.2589953858258,226.13877298993296,213.900395798258,224.66758728027344,7206395
2011-02-14,221.9826764324431,234.6348197158907,221.9826764324431,233.55902099609375,6552065
2011-02-15,234.91067958518096,236.91516977609652,229.92705865786883,234.43255615234375,6995755
2011-02-16,232.65792778630225,239.9862444973989,232.65792778630225,238.478271484375,8241520
2011-02-17,248.05015006974565,248.05015006974565,237.6047848104455,242.28497314453125,7378890
2011-02-18,242.3769176792113,246.66173292140957,237.23698577160752,238.478271484375,10497290
2011-02-21,237.22780269246772,241.45745129831639,235.02103804697035,240.34487915039062,5389735
2011-02-22,233.78891446657533,237.96338203906637,231.34308808908278,232.5659942626953,5128665
2011-02-23,231.70167958809887,235.20492501176182,230.11095597803504,230.7913818359375,4696050
2011-02-24,228.58462336621736,230.05579511059344,216.99907397413537,218.9024200439453,10047650
2011-02-25,221.76197604637812,228.76847994300152,219.52762828153723,226.65365600585938,8398290
2011-02-28,226.74563633990473,237.83465399196896,222.88377739040047,224.08831787109375,9199505
2011-03-01,227.11341596537173,238.88284492074092,226.82837708086504,237.00711059570312,7055055
2011-03-03,235.02103000601608,242.74472003126783,231.91315750986973,240.86895751953125,11345475
2011-03-04,243.55387320206904,246.60657868367176,241.4850261596239,244.2710723876953,8147410
2011-03-07,239.9862772548446,240.90576490716202,232.81427076071515,236.0140838623047,5579705
2011-03-08,236.49221540787934,242.37693027312662,235.95889690072016,241.18157958984375,4933980
2011-03-09,242.19300209874575,244.50092470512513,237.59556459474325,239.241455078125,6666290
2011-03-10,238.54264904629738,238.54264904629738,234.46932592263988,236.3175048828125,3470595
2011-03-11,234.65323647983706,238.51508165576138,231.39825649691636,232.75909423828125,6341595
2011-03-14,232.8142311302685,238.49667115004488,232.8142311302685,237.29214477539062,4843775
2011-03-15,230.4879403690061,239.02997345714422,229.08112555278086,235.93130493164062,7451930
2011-03-16,237.22778897879402,243.66420185806362,237.22778897879402,242.4872589111328,7462555
2011-03-17,239.06677099986254,244.28027792945608,236.5473840079272,237.43008422851562,8448360
2011-03-18,238.69895147887013,239.06674085269123,231.91312949882808,233.40269470214844,7745895
2011-03-21,236.8600107550232,237.2278001819581,231.91316299022554,235.269287109375,2942770
2011-03-22,236.86001185267986,239.9862640869159,235.0210366489487,238.3127899169922,3878430
2011-03-23,238.1472763222535,242.2849703124085,237.47604030650305,241.89877319335938,4621175
2011-03-24,242.41372855985907,245.39285945643306,240.45521544802426,242.6436004638672,6041580
2011-03-25,246.93757170430806,251.9212065219151,244.02281191396605,251.01089477539062,9739995
2011-03-28,251.93957464548737,256.040481032768,251.02929100113838,254.56011962890625,7284900
2011-03-29,253.3372380308114,263.2953054189142,253.3372380308114,261.5298767089844,12467980
2011-03-30,262.40339871732937,263.36884955751646,259.948354264071,262.3206481933594,5872165
2011-03-31,262.7895727782562,265.46528534582575,254.89117682228334,258.16455078125,13092835
2011-04-01,259.35069207967854,260.5828022003062,253.52114357139354,258.8817443847656,5346590
2011-04-04,259.4977905298325,265.16183748986,258.7438039663974,263.3596496582031,5457340
2011-04-05,266.2836382308186,266.2836382308186,259.1300251896573,262.0080261230469,5036870
2011-04-06,261.1345046812163,265.1250778995732,260.21501698867684,262.7803955078125,8471455
2011-04-07,262.97343192258,268.12256767023354,260.5275917409313,265.86981201171875,6285310
2011-04-08,265.91581011764845,268.5731145400095,263.93888944093396,266.5962219238281,7826220
2011-04-11,264.297480889194,264.79401198044525,258.1828948196103,259.26788330078125,7885465
2011-04-13,256.5369913971324,265.8973666426154,256.41745354228055,264.499755859375,5860385
2011-04-15,262.2470242676082,268.1041552031657,261.42869497706505,262.9550476074219,6912525
2011-04-18,262.97340581166867,266.6513555433004,254.58768491323306,255.58071899414062,7108325
2011-04-19,254.51409556901677,260.5459305371932,254.1830935812582,259.1759033203125,4305525
2011-04-20,261.5022234039772,267.166269425035,260.21494659476633,266.2835693359375,3784850
2011-04-21,266.4674979022819,268.0858050737257,264.5641798773849,266.20086669921875,4924225
2011-04-25,257.08870456902895,259.0196338857472,252.1234777978469,253.28201293945312,20508745
2011-04-26,255.21295136791935,255.21295136791935,246.17440147931254,249.4293670654297,14093040
2011-04-27,252.16021237044654,252.30733371982768,245.13534331579888,247.130615234375,9635485
2011-04-28,249.1627608999129,249.1627608999129,243.49871389505032,245.2641143798828,10635175
2011-04-29,246.05485392437694,246.93755404343645,233.6049856558134,236.60252380371094,15491240
2011-05-02,238.68057270173577,238.6989804120029,231.7292629002383,234.73597717285156,9367700
2011-05-03,234.2302675165757,238.2392338638834,222.61713507312754,226.2675018310547,22116145
2011-05-04,226.1020093359738,229.68801961789038,223.43550074169866,227.22378540039062,14179185
2011-05-05,228.01451843807104,229.68799251152595,221.16433900511004,222.4884033203125,8260385
2011-05-06,222.8837820700047,232.61196227540546,222.8837820700047,231.37985229492188,11581670
2011-05-09,231.72923546800564,233.2831715327902,226.42378885251009,227.61912536621094,5076885
2011-05-10,228.02371138795004,228.49264496454694,223.9871618027045,225.95486450195312,7412830
2011-05-11,225.27446999854277,228.90644334144528,225.0905752780669,225.87213134765625,8275310
2011-05-12,224.90667228467976,228.00534100303418,220.86091843168978,221.71604919433594,6511545
2011-05-13,222.60795544480828,231.67410381828844,222.26773548936438,228.89724731445312,10011215
2011-05-16,228.32717853473173,228.32717853473173,224.02396906427848,225.1641387939453,3966445
2011-05-17,225.47673885995613,228.3087622067135,221.88153916060764,224.24462890625,5716775
2011-05-18,224.90665770256507,226.5617240489277,221.08158617219277,223.97796630859375,6481770
2011-05-19,226.19395803942803,226.19395803942803,221.9918928161182,223.37112426757812,3538375
2011-05-20,225.09053855716323,226.46976978112838,222.1481814187574,224.52044677734375,6269095
2011-05-23,223.43547247079476,223.99636043203498,217.55075782029604,218.47024536132812,7595615
2011-05-24,219.75752477919394,223.43547498470346,218.1943987479057,221.1183624267578,6296630
2011-05-25,221.39419140174715,221.39419140174715,216.0795549596294,217.30247497558594,6637750
2011-05-26,219.66558158106628,222.88378817452005,217.82660638480698,222.2217559814453,6305810
2011-05-27,223.4263052863913,225.82616857287732,221.82639175197804,224.46531677246094,8170820
2011-05-30,225.09054538971506,229.5040882464283,225.09054538971506,228.9983673095703,5998095
2011-05-31,230.22129720358674,237.04387910905535,230.05578214888774,235.8485565185547,10911405
2011-06-01,235.80259295886037,237.54961368832454,232.66712302198437,235.06698608398438,3961410
2011-06-02,230.8097715025267,236.30830318911387,230.8097715025267,234.2394561767578,4338985
2011-06-03,233.91762904785625,236.86000045647162,225.09055691281011,228.53863525390625,7067540
2011-06-06,228.40067805378274,228.40067805378274,222.17575808947834,227.19615173339844,9434745
2011-06-07,225.64224104956955,230.40519389423847,225.22847445465405,228.88803100585938,5219080
2011-06-08,228.93455399030543,229.88310476669443,226.3771974129881,228.53468322753906,6911705
2011-06-09,228.7485522826625,232.8868170897738,228.5811684924292,231.8173828125,5245275
2011-06-10,230.9989993741574,231.74296036044203,227.83718291979213,229.7249755859375,4060225
2011-06-13,228.80435836393247,230.25508890149055,226.34929665480936,229.3809356689453,5555375
2011-06-14,229.69712171919528,235.12801382309857,229.69712171919528,234.3561553955078,5273515
2011-06-15,234.2910611971707,234.34685579721813,227.09325980361436,227.7256317138672,6280325
2011-06-16,226.89796161470014,228.76715152490158,224.17320726861473,226.50738525390625,13606230
2011-06-17,231.50119134638254,231.50119134638254,225.69831237350445,227.3815155029297,6305405
2011-06-20,227.83721096607272,230.16208046572652,223.37345868876196,228.09759521484375,7130700
2011-06-21,228.95313022392688,234.34682994150828,228.09758000787795,230.9711151123047,6476290
2011-06-22,233.04493633793933,235.7603823507685,231.55701410548699,233.351806640625,7148560
2011-06-23,231.99403993630423,232.85888443427973,229.29719744404468,231.43606567382812,4770705
2011-06-24,232.67290548605575,237.69463144582338,232.4776244206032,236.62518310546875,5449420
2011-06-27,235.64876763490378,244.0927095799049,232.48695078024343,242.9767608642578,8757805
2011-06-28,243.84160989236383,244.03691936795275,239.9730235562834,242.32579040527344,6884085
2011-06-29,244.01830171018545,244.7622769922646,239.29417928294245,240.5867919921875,6687300
2011-06-30,240.9866497914846,242.90233969718147,238.27119014218843,239.84280395507812,7557495
2011-07-01,244.3902554015601,244.57625630197987,240.4844919105209,243.4882049560547,4277470
2011-07-04,246.23152699104057,248.79819147564348,244.1205561334751,248.147216796875,4394180
2011-07-05,249.1330253025106,249.1330253025106,245.51554289497378,246.98484802246094,3904440
2011-07-06,246.66864250700456,247.47769251471186,242.90236544362457,243.67420959472656,2691170
2011-07-07,244.19499245919093,248.2960657141983,243.57194331803908,247.6822967529297,2870420
2011-07-08,248.12866143567712,248.8354024159651,242.30717953371703,242.89305114746094,4272440
2011-07-11,242.9023599885908,242.9023599885908,234.3561238347233,235.08148193359375,6432280
2011-07-12,233.3053165489002,236.62522292920815,231.5942017543293,235.5371856689453,7215995
2011-07-13,236.02075067580873,238.79199110199988,234.8490073851634,236.54151916503906,4801380
2011-07-14,235.57435748452497,240.7076585567655,235.276767410257,237.9271240234375,4072410
2011-07-15,238.2526195499709,239.3406425003686,234.8210959692973,235.81614685058594,2789800
2011-07-18,235.32327217705512,236.11371922107543,232.87750514523856,234.81179809570312,3974445
2011-07-19,235.77893595638233,237.69464015690613,234.9047970291954,236.77398681640625,3553920
2011-07-20,237.9178312324912,238.35490781436633,234.34683524386932,234.83970642089844,4681000
2011-07-21,234.21665470263034,234.7002315343294,229.13913344448375,230.5526580810547,12203725
2011-07-22,231.97545083126408,244.0182707033176,230.81301620674395,241.2098388671875,21087915
2011-07-25,240.800644546415,249.22596790753602,240.54956889993448,248.71450805664062,12150640
2011-07-26,248.29605103168979,249.22599878836277,242.82795368169204,245.42251586914062,10951515
2011-07-27,245.8781736695513,246.40825068578621,240.62397468097046,241.87940979003906,7148625
2011-07-28,238.99656773953018,243.26502443483318,238.99656773953018,242.0653839111328,6765025
2011-07-29,241.7864088967582,249.59796412362604,240.37289856914953,248.76101684570312,9254860
2011-08-01,250.89988465601425,254.35001114647582,250.43491079387948,251.64385986328125,6133050
2011-08-02,250.15597498413098,250.704640817373,246.6407731994699,249.74679565429688,4850430
2011-08-03,247.49628399630726,247.49628399630726,240.43795627868786,242.0002899169922,9169615
2011-08-04,242.45599343288058,244.16709399258977,238.25263956097018,239.17327880859375,7848375
2011-08-05,231.55699708313333,232.95191875230884,223.18746706808034,231.00833129882812,15628460
2011-08-08,224.1545755912767,235.42555077241147,223.28973108684096,229.78076171875,8300890
2011-08-09,221.42055248047023,230.31085019938538,219.6350404139395,224.1545867919922,18090930
2011-08-10,230.99902910587284,233.1751177540664,227.89300684247684,232.50555419921875,9516980
2011-08-11,230.06908267109628,232.951926559965,224.34061494199244,225.20545959472656,9349310
2011-08-12,228.6741599550613,228.90664690669917,221.92274398785332,224.9078826904297,7980730
2011-08-16,228.19987931592996,228.90663450225418,224.42429369631017,225.50303649902344,7184500
2011-08-17,224.53585540007842,228.14405679303823,217.07767133551073,217.570556640625,10824105
2011-08-18,218.10996682124244,218.53774908427303,204.77451779333038,206.1322479248047,1961760
2011-08-19,204.24440986775517,204.58848596247745,193.6151006956059,198.9344024658203,15966050
2011-08-22,199.96663712466645,200.49671408326535,190.86245609869545,195.49359130859375,12491505
2011-08-23,196.77695792744072,205.12788510370032,195.4750225082588,201.52899169921875,12693050
2011-08-24,200.59903301787224,207.2667566035388,192.68516867767295,195.2332305908203,12395595
2011-08-25,196.21895968670717,197.83707375172048,186.9566745878084,189.56983947753906,19345960
2011-08-26,190.8159857354236,191.91331729598087,184.46444074560563,186.04534912109375,10980215
2011-08-29,189.52333033295653,195.65168182528612,188.87236982821074,193.32681274414062,11080275
2011-08-30,197.14895472495812,200.86874632354224,196.209712454672,199.52032470703125,9426925
2011-09-02,205.33248542273873,206.39262539022798,194.935661217473,200.94313049316406,11090720
2011-09-05,199.6783902824389,209.19175218565348,196.7769577230719,207.27606201171875,13737055
2011-09-06,206.26239091576895,213.7019720908021,201.81724229887664,212.11175537109375,15091680
2011-09-07,212.30709020480057,215.56190757573307,211.832807734943,212.66976928710938,10098150
2011-09-08,212.31637134124463,215.90597027133313,209.49863075665368,213.9902801513672,12449725
2011-09-09,213.36722634776166,214.61335299912835,203.90035032751678,205.20228576660156,11559455
2011-09-12,202.72863283396006,203.1006063008234,193.8941281921132,195.57733154296875,7030250
2011-09-13,196.27476326517737,200.59902867164703,193.2431388101578,195.26112365722656,7750235
2011-09-14,196.2189786142197,203.58416321771233,194.0335956883002,202.48683166503906,10823220
2011-09-15,203.97474055633853,208.86627491022062,198.38575956452516,207.508544921875,9527160
2011-09-16,210.3541679504674,212.20476899104642,205.64863483539432,210.79124450683594,16317510
2011-09-19,209.20105644719433,209.20105644719433,204.40252255153308,205.45335388183594,6504100
2011-09-20,204.8302748668817,213.86936762723886,204.4025068721034,212.75343322753906,7609115
2011-09-21,212.60463888829034,215.9338533610693,210.21468067515866,215.11550903320312,12873220
2011-09-22,210.3541822217577,211.26552706096416,205.89043009869516,206.894775390625,9979475
2011-09-23,204.6071006769804,207.55503323722178,198.15326125032135,202.14273071289062,13703975
2011-09-26,201.50106246730306,201.6870633607198,193.11294436164172,196.4049530029297,13580105
2011-09-27,199.75277197853376,203.65854954274823,198.07886325390584,202.35662841796875,9597470
2011-09-28,202.91459853770547,203.84454629836395,198.16256491314556,199.510986328125,10083715
2011-09-29,197.89287659469053,200.96170689223888,196.2375707971412,198.96231079101562,10926140
2011-09-30,197.55809615423996,197.7068911951963,187.96102886069767,189.50474548339844,14635020
2011-10-03,186.54753462809506,186.9195080726868,182.26976906590352,183.85067749023438,9969910
2011-10-04,183.0881290785554,185.31999814300823,176.87607033902844,178.50347900390625,16141740
2011-10-05,180.78184873820686,181.33982310062132,175.7973279048716,177.0620574951172,10903735
2011-10-07,181.73966695245062,193.1501288751591,181.73966695245062,191.62501525878906,12722505
2011-10-10,191.56924243681772,196.21898133091526,189.1234752377618,195.0751495361328,7355710
2011-10-11,197.19542825235604,201.0268085392646,194.35908470457701,195.80050659179688,9235720
2011-10-12,196.40495860265204,204.5698985728062,193.09434693965804,203.35166931152344,12414410
2011-10-13,204.58850631402532,206.07642839953255,200.86871529013396,202.08694458007812,15379755
2011-10-14,200.0410411469021,206.44837993866474,200.0410411469021,205.2115478515625,10864180
2011-10-17,206.8018024310668,210.68897753907953,206.12293030024418,208.6523895263672,9049145
2011-10-18,204.58849197684913,205.52773403620577,200.35722714571642,204.1328125,10259885
2011-10-19,205.51847411303194,211.09816119302377,205.4626795126125,210.6796875,5811550
2011-10-20,207.56435443309536,211.28414578203927,204.60712712182632,210.27980041503906,7378920
2011-10-21,211.43291388077049,212.00947692557563,208.7360711726243,209.7404022216797,7096310
2011-10-24,215.39450258260803,221.1601902326053,214.46455479259262,217.33810424804688,14777600
2011-10-25,218.02625679023157,222.07153535755674,206.44840962875648,207.88983154296875,30541475
2011-10-28,215.9338693518644,219.98844219658136,213.0603341481902,213.98098754882812,20464180
2011-10-31,213.88800099922136,216.50115213235316,212.30709252546356,215.6269989013672,10248145
2011-11-01,213.88800778339947,215.05973697855237,210.18681927405265,211.2748565673828,5702165
2011-11-02,209.05226843508814,212.00020126051837,207.78753885854255,209.41494750976562,8370240
2011-11-03,208.2896933965754,210.16819182766955,205.016287528183,207.53643798828125,8604835
2011-11-04,211.24693590148445,212.95803636892197,208.9871554730696,209.8892059326172,9257910
2011-11-08,211.84209556473755,214.61333582478446,210.0379946995816,212.0931854248047,7846160
2011-11-09,213.70200351167776,213.90659315926223,205.239473004871,206.87619018554688,9010940
2011-11-11,205.14647276092253,206.94126504984547,195.66099466257236,196.5909423828125,14576455
2011-11-14,199.56679549851984,201.05470340451976,194.60086366271062,195.19602966308594,6361660
2011-11-15,194.17310257846708,195.475023816485,185.65477736435773,187.55186462402344,10666425
2011-11-16,187.57045364194497,189.9139258864509,181.8791780951639,187.1333770751953,13430830
2011-11-17,186.73351142817577,187.75644544138737,182.46505465232673,183.302001953125,11050500
2011-11-18,181.91636926064842,182.41854897802887,174.8301721432617,179.33111572265625,17458585
2011-11-21,178.54996512391764,180.63305315871884,175.4160457976593,176.13209533691406,9976120
2011-11-22,176.96905681235822,178.34537548702306,173.02607330751624,176.13209533691406,16670885
2011-11-23,174.27221433133238,175.3509571990612,171.31498709966056,174.2908172607422,13105390
2011-11-24,174.8301509851025,179.42409445689947,174.02110110375042,178.03846740722656,15189375
2011-11-25,177.61071311065746,181.8698752022092,175.84380399877216,179.89837646484375,9059265
2011-11-28,182.49294283159438,185.431566796603,181.2654050492214,184.39002990722656,7765115
2011-11-29,184.6876241336744,186.30572409604306,179.52641141432773,181.4886016845703,9850415
2011-11-30,178.73596491286787,181.30262993087393,174.08622589749734,176.2530059814453,13014390
2011-12-01,183.21828643850887,185.74774513285902,179.12650834358965,180.89341735839844,13175810
2011-12-02,182.01868525674888,188.22143559587602,179.58222647669857,187.09620666503906,13119630
2011-12-05,186.91949164569627,192.6944732281461,184.61322527417838,191.96910095214844,12542560
2011-12-07,192.1272295833196,195.7447261164005,191.46696037281188,193.345458984375,9369965
2011-12-08,192.49916315408336,193.79178981732977,185.05958196938448,186.62188720703125,11616210
2011-12-09,182.52084198048655,188.3888097912507,181.9349703793267,184.4830322265625,10877715
2011-12-12,186.91948936833975,187.47746366927024,179.89838133269808,180.4842529296875,7581910
2011-12-13,178.921917853496,181.15380067340143,174.8952571135457,178.53134155273438,12728320
2011-12-14,178.36397892376303,182.45574329357612,176.7923649767145,178.39187622070312,12109370
2011-12-15,176.31808493676306,177.08992902027646,173.71422860759455,176.52267456054688,11343050
2011-12-16,177.62003023908727,179.29393912120074,166.46065661150064,168.14385986328125,20547090
2011-12-19,167.00931677542516,167.00931677542516,153.99935654166083,157.9144287109375,18571490
2011-12-20,159.52325158702308,159.52325158702308,150.43767110183123,152.56724548339844,19478995
2011-12-21,157.19835746700687,159.76502227404305,154.80839918828795,158.890869140625,11989230
2011-12-22,156.64970550894824,163.35463545199755,156.3056293605528,162.48977661132812,15454380
2011-12-23,164.6007717744231,166.6466542353386,161.00187808486203,163.66152954101562,14661785
2011-12-26,163.67082941145694,165.7167119411244,161.2529592101089,162.1829071044922,8533050
2011-12-27,162.25729740826677,162.33169493928753,156.19404762379295,157.2076873779297,8711185
2011-12-28,156.4171941797253,156.4171941797253,152.53001975701295,154.85488891601562,9735825
2011-12-29,153.33906727671726,155.84062872291872,150.27954575503824,151.6837615966797,13925110
2011-12-30,151.76747594398006,153.8970643217492,149.40541480942446,150.29815673828125,10162725
2012-01-02,150.65154373803648,151.58149153888854,145.81581801158114,147.8245086669922,9727265
2012-01-03,149.74019136906458,156.5846074082397,149.47049857398935,155.77554321289062,10710050
2012-01-04,157.12400690848207,159.20708116910816,154.72473957054308,157.7470703125,16936750
2012-01-05,157.9051329561059,163.44761367587654,157.17046627718761,161.9318084716797,16901170
2012-01-06,160.47178409941787,161.06695010157634,155.543058105671,158.74208068847656,12345325
2012-01-09,158.27709920824407,160.5833655821682,155.31987226787473,159.61622619628906,8763275
2012-01-10,161.62492861392047,166.83262771993256,161.08555719335587,166.41415405273438,9827090
2012-01-11,167.01865094746336,176.2158352447638,166.10729177548274,173.649169921875,15532065
2012-01-12,173.15626281323432,180.12157635192034,172.4030074296001,174.9231719970703,17759615
2012-01-13,176.47620504866927,177.79672927478322,172.70061909980254,174.77439880371094,12004280
2012-01-16,173.71424462708688,174.64419238827057,170.5710166535255,173.9467315673828,9907110
2012-01-17,175.38815443713446,182.2511593047602,175.38815443713446,178.96844482421875,13262725
2012-01-18,179.29390882159507,180.21454790876692,172.9888649227138,173.57472229003906,9206400
2012-01-19,175.7601132318653,178.77314885276678,175.43462586474493,177.62930297851562,8891125
2012-01-20,178.9405363372003,189.709332502635,177.70370418231468,187.67274475097656,24622520
2012-01-23,189.15137247072963,193.0199586348556,184.27845519291657,185.4222869873047,17972105
2012-01-24,185.43157313064697,194.5450637936205,183.02301189675345,192.0528106689453,35059620
2012-01-25,193.2059327548819,200.10614311864094,189.811629260632,197.82777404785156,22249770
2012-01-27,199.7527726590611,200.7571178972595,196.4700583497985,199.57608032226562,13897305
2012-01-30,198.97161711960516,198.97161711960516,189.20716622131283,190.3509979248047,10052175
2012-01-31,192.49919746048778,202.35664996291788,191.74594200167496,199.9480743408203,11015795
2012-02-01,199.8457698158055,203.156395791843,195.90280035807567,202.37522888183594,11137960
2012-02-02,203.47257598982384,206.20662471846023,197.8091974461495,200.1061553955078,14033335
2012-02-03,200.25492850831947,206.3274856781248,197.37209923579974,204.46759033203125,10598495
2012-02-06,207.19236933319004,208.0107137348626,204.20723069983424,206.45770263671875,14412175
2012-02-07,209.21962710834123,209.21962710834123,204.4025048902247,207.11795043945312,8583245
2012-02-08,207.93629963668056,212.24194759507085,205.08135354799384,209.64739990234375,14835090
2012-02-09,207.32255700868163,212.36287219242013,205.7509430153816,211.00514221191406,11535310
2012-02-10,209.4242158306186,212.7534302458085,204.94187536751278,207.9456024169922,8307250
2012-02-13,208.3082981991185,209.74972006481093,206.1694155135629,207.6294403076172,7383195
2012-02-14,207.93633770958914,210.72618116263436,206.68090247976775,210.1031036376953,6966125
2012-02-15,212.40008287751368,228.76717068367935,212.04671234427386,227.09326171875,17640965
2012-02-16,224.14531425954206,229.69710369040723,222.25752138464506,227.70701599121094,12640000
2012-02-17,232.1149638793195,240.8564670459637,230.62704180462936,237.73184204101562,14647050
2012-02-21,236.02077057694086,243.35805865182184,235.86268114294288,239.48016357421875,10165915
2012-02-22,239.23837666154247,240.55888662584826,223.931429850605,226.172607421875,15713830
2012-02-23,225.04736358580175,231.55699806968858,222.4435069542716,226.47947692871094,15500985
2012-02-24,226.49806555138755,231.84526496826703,218.75159930206223,220.1093292236328,15228050
2012-02-27,220.397607772303,220.92768477935155,205.51844437839225,207.28533935546875,15257535
2012-02-28,210.07517577432628,220.95557501010558,208.33617814903062,217.71005249023438,15690705
2012-02-29,221.32754805741138,224.96364689535326,215.7943621939512,219.04917907714844,12705420
2012-03-01,218.53770468717727,218.53770468717727,210.61454648450257,214.42733764648438,7889280
2012-03-02,216.66854709978057,224.84278217176137,212.85575537221857,216.98472595214844,15092035
2012-03-05,216.67782851509426,217.4217895625635,212.53956381275987,213.8879852294922,6837555
2012-03-06,213.68338837974133,223.18745532066995,205.65793492474182,213.42300415039062,19573025
2012-03-07,212.02810624785744,217.59849888439183,210.30769707822853,216.6499481201172,11241830
2012-03-09,221.14156759703747,226.72125383990698,220.39760659334632,225.67970275878906,11864430
2012-03-12,232.48695840640943,233.90977745666643,225.63324741334938,227.83721923828125,9704070
2012-03-13,230.62705826382873,232.20796671233913,229.94820033162108,230.7386474609375,9112190
2012-03-14,235.27678824434278,238.75478385860742,234.0213530659024,236.95999145507812,13528020
2012-03-15,237.13667326091834,237.3226599705987,229.4367071231657,231.0734100341797,9495920
2012-03-16,229.60409853924259,237.97362846203214,223.82913083884884,226.20050048828125,14114215
2012-03-19,228.3858565830253,230.25506057711192,221.05787821670825,222.99215698242188,9065365
2012-03-20,223.1874501719548,227.1397279354165,219.4862622631018,220.64869689941406,10887380
2012-03-21,220.3976395724385,231.17573170545242,220.0535634100695,228.53468322753906,11350050
2012-03-22,229.74359763872948,231.24081410443915,217.44039270999667,218.81671142578125,10643525
2012-03-23,221.10437192004713,223.65243386326904,214.29716176914,219.34677124023438,13980440
2012-03-26,218.5191211950148,218.5191211950148,208.30829873892412,209.26614379882812,11354425
2012-03-27,214.63195260307495,215.93387383211171,207.75963900791405,212.3070831298828,14738350
2012-03-28,210.1681986093657,211.62822343739475,206.12292008407533,207.4899444580078,9845400
2012-03-29,204.24444107865506,211.58172869702722,203.69576108906045,208.68959045410156,13693150
2012-03-30,210.63316667857026,214.25995725006518,210.16819280069262,213.1812286376953,12982690
2012-04-02,209.42423814200666,216.02687308508837,209.42423814200666,214.78074645996094,8658330
2012-04-03,215.93388683078098,220.39763932599186,215.56191336862923,218.68653869628906,9639870
2012-04-04,215.93388037765092,218.3145445199837,214.883048993031,216.98472595214844,7480375
2012-04-09,215.29220658981384,215.37591267476765,212.25128754967676,213.13473510742188,5116705
2012-04-10,214.72492644125649,215.6548741767143,211.99089201850666,214.54824829101562,5640610
2012-04-11,211.65612492970462,217.53338764623962,210.92145822146443,215.26431274414062,8573780
2012-04-12,216.3802501167666,223.67105174822322,216.3802501167666,222.53651428222656,9649565
2012-04-13,224.3033966756446,226.33998453862364,215.02252201221833,216.1477508544922,11418680
2012-04-16,215.71066125785202,223.18743405515477,215.3944682753023,222.6015625,6362420
2012-04-17,224.86136163146233,227.83719149877726,216.01754972890745,225.35423278808594,15690000
2012-04-18,226.9072400678999,228.11617492263025,221.1601700609271,222.49928283691406,7589085
2012-04-19,222.68527434635837,224.93574599531814,220.17440429623048,222.3597869873047,5992735
2012-04-20,221.31825428296895,224.08949440636394,216.3337341322993,218.9375762939453,6775160
2012-04-23,219.0956851096999,221.0299638502076,209.6102071609221,210.99583435058594,7525865
2012-04-24,212.3814803789564,212.40937767740817,202.54263107844758,207.17376708984375,12742675
2012-04-25,207.19233406806472,209.23821600884293,201.1011742751657,203.61203002929688,14089155
2012-04-26,203.84454278564914,204.39320854941246,200.15264910426473,202.1055450439453,10928690
2012-04-27,202.67282252233142,207.55504839331766,202.54263040003352,205.3324737548828,12637520
2012-04-30,208.3734014089133,210.11239917947438,204.26301982233434,205.88113403320312,8864860
2012-05-02,205.92764461901547,209.73112774345717,203.65856969992362,205.19297790527344,9652495
2012-05-03,203.4725906971241,203.4725906971241,196.03300796004373,196.832763671875,11584715
2012-05-04,195.1030753211917,195.32625373917327,185.74780157068983,187.802978515625,18512390
2012-05-07,184.12966904520536,191.51345703386323,180.17739079549767,190.18362426757812,15244255
2012-05-08,190.73230251738406,191.55064694540266,180.78184954576804,182.91143798828125,12006490
2012-05-09,180.46566109403872,182.6231467210378,177.6200232021232,178.76385498046875,12258880
2012-05-10,179.06146920177326,185.0038356560668,179.06146920177326,182.5022735595703,12281805
2012-05-11,180.9957567710928,187.6634812332947,179.86121924520734,186.02676391601562,12398320
2012-05-14,186.73351260113793,188.5190105932993,181.33981276801148,185.55247497558594,9917940
2012-05-15,183.7576727029452,187.18916782459118,182.8277249953187,184.79920959472656,8632690
2012-05-16,180.42849148692426,182.63246341976176,178.5685957286132,180.67027282714844,9992800
2012-05-17,182.15817026520133,183.73907860617,175.64853599896136,176.93185424804688,10432440
2012-05-18,173.70494175056783,177.69442572288946,171.48236709622418,176.5784912109375,15232940
2012-05-21,176.87608004501286,180.1866921545663,176.71799061167778,179.15444946289062,11548055
2012-05-22,182.08376065473644,182.82772164518045,178.29886674291063,179.5821990966797,9519610
2012-05-23,178.5499689106829,180.33546689700455,176.9690605655949,179.19163513183594,6635220
2012-05-24,180.50287618788965,185.95237093992554,179.06145423969517,185.58038330078125,10528230
2012-05-25,185.61756341099624,188.22140557441708,184.57601235575234,186.06393432617188,9048690
2012-05-28,186.73350546964934,191.9412042004317,186.73350546964934,191.4576416015625,8687640
2012-05-29,192.12721694677174,193.05716472639816,189.59775785099768,190.45330810546875,6617815
2012-05-30,189.11416600195594,189.11416600195594,185.3013747325709,186.13833618164062,4990380
2012-05-31,183.31130331636444,184.27845696161717,179.30323062294502,180.58656311035156,12291025
2012-06-01,180.37268829898602,183.19972347350813,177.9920099221679,179.396240234375,7956805
2012-06-04,177.71302974699879,185.13400919658022,175.59274990426124,183.7576904296875,7844875
2012-06-05,185.13397771796897,188.2028077653578,183.022992603783,184.0645294189453,9648500
2012-06-06,185.80356370548984,191.19726350558517,185.6175769930472,189.77444458007812,9709670
2012-06-07,191.77381760000245,197.52088762792968,189.4396539598044,196.6095428466797,13992220
2012-06-08,196.73973453514432,196.73973453514432,189.95111343908476,195.17742919921875,9826365
2012-06-11,197.16751169932078,199.38077753548157,191.76451793211496,192.84324645996094,9668225
2012-06-12,191.21584511919562,197.40930032291445,191.0391527825019,196.70254516601562,9496080
2012-06-13,197.14892222245916,197.70689654620918,193.42913123712975,194.29397583007812,12025830
2012-06-14,194.91730565499284,195.96560416211506,189.96857870424247,191.34742736816406,8652655
2012-06-15,192.84903377333475,196.1261463717963,190.77132911068324,195.03062438964844,8676880
2012-06-18,198.30774496905173,198.47774672306403,186.9936865548884,188.9108428955078,11568040
2012-06-19,187.93806924325972,189.80800177664463,185.64315400827687,189.1752471923828,9605275
2012-06-20,189.37361237160908,191.71575150777272,187.80588404852065,189.024169921875,7306450
2012-06-21,187.19201160925405,194.34120687990196,187.0409021477709,193.68955993652344,8771305
2012-06-22,190.0157832174305,193.03790019375455,188.4197238614963,191.58351135253906,10058440
2012-06-25,192.66016908269177,195.3517507385252,190.1385891872041,191.20578002929688,10837585
2012-06-26,190.29913609614673,192.09351424547143,188.25920145166072,189.40194702148438,7324135
2012-06-27,190.62021024224845,191.88571949852565,188.5236133976862,189.0619354248047,7444060
2012-06-28,185.29375286468033,187.18257810165076,182.83828870297452,184.84043884277344,28294940
2012-06-29,187.88143779162277,192.30128167414722,186.4459266593482,191.85740661621094,16596540
2012-07-02,192.89627370084042,196.2017178034252,191.85741407579098,194.41677856445312,10256415
2012-07-03,195.10619221787357,198.32664258699506,195.10619221787357,197.20278930664062,8699560
2012-07-04,198.60995732992933,198.6666197758603,195.5311632688252,196.70223999023438,8217360
2012-07-05,196.437795990724,198.23217393986445,194.8322976556103,197.19332885742188,16200755
2012-07-06,197.8921711583992,197.8921711583992,194.17119834706727,195.965576171875,7393060
2012-07-09,194.32230561612747,196.9100009847469,193.6045573231324,195.6539306640625,10751920
2012-07-10,195.87115830272649,203.8042324175604,195.73894112134218,203.10536193847656,15596340
2012-07-11,201.7453913754363,204.25753205579704,200.7065462834447,201.48095703125,9514675
2012-07-12,200.19654818932577,200.19654818932577,197.00444389041374,197.91107177734375,10646670
2012-07-13,198.8932904814102,200.59322155735688,194.66231184589347,195.43673706054688,10086840
2012-07-16,194.78507025963057,199.83768269484386,194.78507025963057,197.62774658203125,9258130
2012-07-17,200.13991195081195,200.40434632000319,191.21521596412717,193.37791442871094,21296165
2012-07-18,194.56785628079604,196.74000779006394,193.14178426367204,196.10723876953125,11002950
2012-07-19,198.47773328335703,201.45262687650626,197.419981490418,199.6582489013672,9572900
2012-07-20,199.62990692611254,199.96989598220927,196.0600290423922,196.58889770507812,8901345
2012-07-23,194.54899477684754,195.87116664701625,193.32125551992365,194.0862274169922,5149235
2012-07-24,195.0306195821826,197.38221188770052,194.56786668139642,196.6927947998047,7008590
2012-07-25,196.41889566798008,196.53223496023054,191.92349763151128,194.3034210205078,5959570
2012-07-26,195.4839548839009,195.4839548839009,188.31585282506686,189.2980499267578,11539130
2012-07-27,193.94455084343525,195.98448529426744,187.31477108352613,188.34417724609375,12318195
2012-07-30,190.20467726921083,197.75997748901014,190.20467726921083,196.50392150878906,10874280
2012-07-31,197.42943633190004,199.61102690479427,193.03790955332107,197.22166442871094,11655040
2012-08-01,196.4850372701925,198.32663889207186,195.6822808247258,197.57110595703125,7583340
2012-08-02,197.4011403844656,200.42325804735881,196.8155947296658,199.93215942382812,7235835
2012-08-03,198.35495314040378,198.5249548812699,194.9267312072773,196.64556884765625,6171495
2012-08-06,199.27102570308284,202.68035520267293,199.19547097828476,200.89541625976562,8000505
2012-08-07,201.7265205220783,206.8263423781242,201.34874686681357,206.12747192382812,12126120
2012-08-08,207.7707461168141,209.60290863826603,206.00469938621026,207.14743041992188,11818400
2012-08-09,208.1485108125738,209.62180642863117,204.01199383043996,205.35305786132812,8039130
2012-08-10,205.50415387317304,206.05190041015865,196.5983370199819,202.10426330566406,10717570
2012-08-13,201.91540290881434,204.93752013935003,198.77994637485182,204.15365600585938,7664460
2012-08-14,203.6153560893268,209.6595907800091,203.14314980378626,209.13072204589844,8331825
2012-08-16,210.60398787323817,211.9261596113449,209.22513928013444,210.40565490722656,10236065
2012-08-17,210.60399957035693,211.85063105888892,208.22407589899072,209.69735717773438,8020800
2012-08-21,210.4151095366854,211.11396556940244,207.27965309494647,209.7917938232422,6542515
2012-08-22,208.9890498344046,211.52008299807008,207.78965625439653,209.28182983398438,5329760
2012-08-23,210.41512512110208,211.26509067650198,205.6930622342308,206.76023864746094,8007630
2012-08-24,205.52304473588595,205.53249808371473,201.26374952595862,203.13368225097656,7820030
2012-08-27,203.99312583573843,203.99312583573843,195.4934122592493,196.26783752441406,11436240
2012-08-28,196.8155554558338,196.8155554558338,190.2235603674015,192.14071655273438,15059105
2012-08-29,192.47127181645564,194.36009683053157,190.2046731532098,192.3673858642578,8429060
2012-08-30,192.66015554703873,194.01065854383842,189.6474772796036,191.38519287109375,13225880
2012-08-31,191.3190858403838,191.70629842364457,186.71980158011178,187.3336639404297,13678850
2012-09-03,188.53308654410802,190.45024291429536,184.05656576063743,184.65155029296875,13863565
2012-09-04,185.29374414953008,186.03038480445377,182.6210548356537,184.7837677001953,14720245
2012-09-05,182.64936993765355,182.93269656698251,175.14129351868579,175.70794677734375,26524400
2012-09-06,176.0384767494767,180.66610644903486,175.311289531027,179.1928253173828,17139790
2012-09-07,182.95159751729256,185.06708678447967,181.38386924992864,184.50987243652344,14688120
2012-09-10,185.10486572761744,185.86039867393026,179.46672147071968,179.99559020996094,8453870
2012-09-11,178.49396526405704,181.47831226881283,177.73843237023905,179.97669982910156,12816035
2012-09-12,181.3272187512644,182.55495801034462,177.93678098419707,180.57168579101562,10010140
2012-09-13,181.11944191141296,181.30832154370088,178.40898244107117,179.070068359375,8826270
2012-09-14,184.1604311593877,191.3379716765027,183.40489830328238,190.75242614746094,23582675
2012-09-17,194.82284497438067,200.40432621309552,193.0379059561297,199.7432403564453,29419030
2012-09-18,199.21438157688345,205.02251287777347,197.77887049492716,202.74647521972656,12796780
2012-09-20,198.27940427653866,199.9887886198422,196.1828073442571,197.26889038085938,8981695
2012-09-21,198.12829209909424,213.3805626254338,198.12829209909424,212.42669677734375,27714890
2012-09-24,211.59562046801918,221.84248729949113,211.59562046801918,213.93775939941406,21446715
2012-09-25,216.0815811223746,219.25480767295585,205.5136030277444,208.13906860351562,28696185
2012-09-26,207.2890678955712,214.57047890385394,204.98469950027416,212.832763671875,18623900
2012-09-27,214.19276840725735,215.9588152576493,211.56730268109285,213.2105712890625,11615645
2012-09-28,215.70380294910996,217.38485599726866,213.55999701221646,214.5705108642578,8744000
2012-10-01,214.57050236571382,215.00493842650553,211.76559628070964,213.56942749023438,6400770
2012-10-03,213.56943123580913,214.54217490814364,209.3856909921594,210.3017578125,12445650
2012-10-04,212.1150814689898,217.56433194294618,212.1150814689898,215.47718811035156,12199740
2012-10-05,218.3009487561739,219.46258653417962,190.48800285773373,215.8832550048828,13287830
2012-10-08,216.83708785259378,216.83708785259378,211.7372523626987,213.61663818359375,11953470
2012-10-09,216.45934585803093,217.59263799549458,211.94505518287687,213.135009765625,8426490
2012-10-10,211.52948588817503,212.30391097534903,208.1673800407915,209.0551300048828,8194840
2012-10-11,209.6595876896825,215.3260630326469,204.72031405069765,214.1361083984375,12209350
2012-10-12,214.3816605083683,216.01549027375248,210.64178026632806,211.49176025390625,9692445
2012-10-15,212.4928331688513,212.68171280510512,209.39516102039278,211.37843322753906,9170700
2012-10-16,214.0982909404625,220.93584199186319,214.0982909404625,216.4404296875,22505645
2012-10-17,218.15930099550727,219.00926653385037,212.530595806651,217.96096801757812,13223790
2012-10-18,218.5842846675296,228.35896045180903,216.84656901139746,227.10289001464844,20695375
2012-10-19,226.65900162906377,228.69893610226723,224.01464372793978,227.083984375,13450145
2012-10-22,225.52570702457862,231.94771488227778,224.6851804791983,231.14495849609375,11375225
2012-10-23,230.24778615675012,232.1177189998966,229.2089265713398,230.8616485595703,6904275
2012-10-25,230.41774078984278,234.78093601854897,230.0588738654051,233.84596252441406,9288430
2012-10-29,232.70321533576814,234.15761853757354,229.06723615243453,230.76718139648438,5747140
2012-10-30,231.0032758359123,234.00650031223873,221.32304886030033,223.76907348632812,13696330
2012-10-31,223.7218798009172,224.18464712045744,220.15200165186764,223.37245178222656,8902660
2012-11-01,223.4480214200596,228.50062005924374,222.31471479950213,228.009521484375,6772515
2012-11-02,231.89103958245641,231.9477164375175,229.02003191478278,229.58668518066406,7623680
2012-11-05,229.3789324208885,230.2005667554569,226.75346659699673,229.35060119628906,4700380
2012-11-06,228.92556893680035,231.27716109245762,227.66951307706202,230.4649658203125,5593160
2012-11-07,229.49225716010042,234.91319056231276,229.49225716010042,232.71270751953125,9230880
2012-11-08,229.68112010484492,232.30658573614136,228.82170126012647,230.9088592529297,6287305
2012-11-09,230.90886543665837,232.88268418164444,228.13229027049834,229.51113891601562,4906055
2012-11-12,230.24777233001433,233.2509971883379,229.51113172662966,231.65493774414062,4857270
2012-11-15,229.30335790260042,234.21430002092086,228.73670463831334,232.75045776367188,9869410
2012-11-16,234.06319722754048,234.9037238001267,230.79553795412988,231.61717224121094,9909415
2012-11-19,231.6643846300531,232.32547048508764,227.18786427923504,229.36001586914062,6435810
2012-11-20,231.30550247955503,232.82600714619673,229.24669019373462,230.23831176757812,12283860
2012-11-21,230.4366541197835,234.36541364856436,230.14388854524395,233.52488708496094,5702200
2012-11-22,234.7809565613946,239.69189874824343,234.67707060851203,237.43475341796875,8264615
2012-11-23,238.53972092263564,238.53972092263564,235.1587223024301,237.3780975341797,4880425
2012-11-26,238.36971589486555,240.19243956429258,235.55537060120943,239.0874786376953,6760640
2012-11-27,240.25853310134858,244.41394231749177,239.5880082994456,243.66787719726562,8189415
2012-11-29,243.86619899628272,248.1915956020933,243.65842709165184,247.47386169433594,13236165
2012-11-30,248.19158639233686,250.19376504502165,245.57557421757923,249.30601501464844,8969560
2012-12-03,248.19159551430772,250.25043668535187,246.39721751377527,249.6271209716797,6817330
2012-12-04,249.6271258591136,250.9115130606644,247.29442576639485,249.72157287597656,4634285
2012-12-05,250.3070778405627,253.10253055587629,250.3070778405627,252.10145568847656,6240190
2012-12-06,253.57473349973588,260.468932602728,251.40259647308898,257.65460205078125,7402840
2012-12-07,258.3912747626492,258.76903401156807,249.55155846779343,250.97763061523438,10243690
2012-12-10,250.2882038287679,252.30926052157852,248.42770995090865,249.8632354736328,8133650
2012-12-11,250.85488531383695,253.0837141711333,247.454993984767,250.3448944091797,8021425
2012-12-12,251.20427014094395,251.28926380689074,247.82328609260458,250.5242919921875,6807245
2012-12-13,250.83594086484936,254.33024947527528,248.39934071685795,250.3354034423828,8675145
2012-12-14,250.83594313856696,256.2946457433389,250.16541839398002,255.5013427734375,5829215
2012-12-17,255.1802847619043,258.0040690882296,254.05643151191725,256.7007751464844,8335590
2012-12-18,256.52132223886076,257.5035193225768,249.36268806971026,255.7374725341797,8858360
2012-12-19,256.8802230258992,257.3335514421597,250.8831973491091,252.1392822265625,8422430
2012-12-20,252.72478028166515,253.0930861543737,246.8883181908349,249.06045532226562,7300910
2012-12-21,247.43607650078346,253.40477045406934,246.86942323311007,249.56100463867188,8412495
2012-12-24,249.71215855041402,254.047009264829,249.71215855041402,253.60313415527344,4552520
2012-12-26,254.03749495153548,256.7668607581315,253.4236326250868,255.3596954345703,5017515
2012-12-27,255.74686506669434,259.68507743561224,255.54854653365186,257.6923522949219,9467615
2012-12-28,257.63570863911104,257.81514931295743,254.63248392080993,256.7951965332031,6092510
2012-12-31,255.55799091791908,258.67454018400497,255.51075300711292,256.228515625,3290620
2013-01-01,258.7124001996305,259.052374914931,256.9746844053261,257.3902282714844,3343610
2013-01-02,258.98628058113115,263.3777934561953,258.1362861746405,261.95172119140625,7168225
2013-01-03,263.30217268665353,263.7743788993779,261.2716917361746,262.5372009277344,4750195
2013-01-04,261.120574559364,261.97056877404873,258.76899691239004,260.4595031738281,6262900
2013-01-07,261.6022887349382,262.112279606014,257.9190853798025,259.307373046875,5715850
2013-01-08,258.54237188862766,258.58012763688953,253.6786245194045,256.9368591308594,6090610
2013-01-09,255.41636011479156,257.24852258412983,253.87696320095966,254.9252471923828,7885125
2013-01-10,256.6913060757411,260.0534122714115,254.14140961741523,258.3912658691406,6859365
2013-01-11,259.1656676794476,259.53397353438913,256.1718676417257,257.65460205078125,6571215
2013-01-14,258.2212721913676,262.7166559843321,257.1729593546854,261.8100280761719,6571910
2013-01-15,263.3021921737469,270.29086769624644,262.54667370594365,269.02532958984375,16987060
2013-01-16,270.1019806057656,270.1019806057656,265.03048998689974,266.220458984375,11828785
2013-01-17,266.5604294268526,268.0242572805289,263.32110145311583,265.64434814453125,7200690
2013-01-18,266.32432950587486,267.3631890376875,260.6956389805755,262.1783447265625,7017900
2013-01-21,261.6305629041658,262.86774082774156,258.91065061316056,261.6872253417969,3664365
2013-01-22,261.60229751332326,265.5310574976974,260.73342521571163,263.18890380859375,5190575
2013-01-23,264.8132789848082,265.7576915552399,260.74286311194237,264.13330078125,6408855
2013-01-24,264.6621084431039,266.1353894073168,261.8949871673481,263.7366027832031,9840850
2013-01-25,263.11328027780337,264.7754263762583,260.63892459046394,261.83831787109375,8283305
2013-01-28,260.8467497415592,270.8386215290818,259.87400599810144,266.88153076171875,18608065
2013-01-29,267.5142597436671,283.99423846730366,267.4575973066118,278.6866455078125,45463865
2013-01-30,279.0739157594908,286.3553286388169,278.9416841648947,283.55987548828125,24852050
2013-01-31,282.3604139704189,285.21252888363125,281.4254261481943,284.29644775390625,13102855
2013-02-01,283.5315165826556,286.156982130544,280.7927261482828,285.1464538574219,7404405
2013-02-04,284.8348009653125,286.15697263238116,278.6016730249255,279.1116638183594,5841720
2013-02-05,277.7139605823435,281.15163620292464,274.46517900597314,275.60791015625,8722175
2013-02-06,277.25121031943604,277.65730081510844,275.04128832251104,275.787353515625,6597650
2013-02-07,275.22072680584876,279.92388300973175,275.0129548853554,275.8723449707031,8690950
2013-02-08,275.57952200568303,277.81780356460246,273.03905038810774,274.03070068359375,11111940
2013-02-11,274.4934877681655,283.1348563917545,274.4934877681655,282.2093505859375,26647505
2013-02-12,282.5682336323204,284.15483972704965,278.03503630585936,280.1033020019531,10861285
2013-02-13,280.50938676410163,281.93545884352585,278.2144713357219,279.0833435058594,4442120
2013-02-14,279.78224584495484,280.34889919571356,269.1576035976781,270.53643798828125,13542895
2013-02-15,270.4797466755062,274.79571891608754,268.23204021074184,273.7474060058594,8538210
2013-02-18,273.69074027414797,273.69074027414797,269.15757164854057,270.48919677734375,5429680
2013-02-19,271.05583766985035,273.0768654091405,269.1575593443279,271.8774719238281,3680465
2013-02-20,273.29409065721933,274.7673718342516,271.1502558617975,271.8774719238281,3343455
2013-02-21,268.6098515201332,270.97088308295235,264.2466409822471,265.3421630859375,8804450
2013-02-22,265.41765740158644,268.59086909316244,265.20988552979196,266.68316650390625,5496945
2013-02-25,265.82377217050384,267.5331563910536,263.0566506224515,264.6527099609375,6046380
2013-02-26,264.6243907626405,264.6243907626405,256.9746438428125,258.3440246582031,5333690
2013-02-27,258.5046364765082,266.32437220982143,258.5046364765082,264.435546875,7968095
2013-02-28,266.4660277087217,267.6465435401631,251.95986300613933,253.88644409179688,13401880
2013-03-01,254.0469171135656,260.28004426423047,249.1076302453621,257.5790100097656,13593630
2013-03-04,256.5874301458006,261.2906146928852,254.43417083460636,258.5612487792969,7328045
2013-03-05,259.7134469811479,266.088231588867,259.656784534774,265.0399475097656,7799155
2013-03-06,266.41876476536044,267.25927688047653,262.5466678564783,264.8415832519531,8063055
2013-03-07,262.55615032041806,265.7010315272848,261.3189721475764,265.058837890625,5472035
2013-03-08,266.3243743164317,267.8354403604788,264.8888774262402,265.7577209472656,5903450
2013-03-11,266.51320907469534,269.6675432483449,262.87721532125653,264.6621398925781,8740050
2013-03-12,264.24663711377735,264.7944125681964,260.28012143902106,261.5550842285156,5098545
2013-03-13,259.713404257754,260.2800574494612,252.35642375448617,254.36802673339844,8087885
2013-03-14,253.66920794883316,257.8246172613361,245.35836050264453,255.52024841308594,18084215
2013-03-15,254.2736122492424,257.6357184431779,248.75824670839117,253.07421875,16501410
2013-03-18,248.00271549774567,252.42255885314066,245.35834334116123,250.28817749023438,11670100
2013-03-19,250.45817902806925,252.46975322240453,242.03400777172627,249.60818481445312,11476595
2013-03-20,247.8138496269572,249.51380952524744,243.83788082494922,245.40560913085938,7643165
2013-03-21,245.78336810290685,252.91367138395083,242.14737399209488,247.75718688964844,8629120
2013-03-22,248.00272655980373,250.7226391524999,244.1306295721788,245.55670166015625,6679940
2013-03-25,248.94712207621802,252.0542470379027,245.556684914274,247.3132781982422,7280340
2013-03-26,246.47280848882815,246.49168636503026,243.1107019690076,244.45175170898438,6651170
2013-03-28,245.169483073021,247.66271700779097,241.21239251646438,245.67947387695312,6827560
2013-04-01,245.78334635360912,249.04158091731685,244.79172478440142,248.36160278320312,4906715
2013-04-02,249.3060374351642,249.32491531069786,244.24397113729495,245.80224609375,5734520
2013-04-03,245.90612527967897,248.56937538089565,240.10743324951494,241.420166015625,8463625
2013-04-04,239.1252537224739,239.88078664125763,234.23320365214963,234.94151306152344,6417705
2013-04-05,234.29930621761866,235.9803594048236,229.90779362160654,232.24049377441406,6484050
2013-04-08,231.6643779721195,233.83652949959838,226.28122986356084,227.26341247558594,4864420
2013-04-09,228.61392977903466,234.17651855964368,226.43232490423284,227.26341247558594,7490495
2013-04-10,229.45446165526613,234.75261622541277,226.65899438387177,234.0820770263672,10046765
2013-04-11,235.4514637256311,237.02863077527934,232.51434045313664,236.5092010498047,9714180
2013-04-12,234.21429299445617,241.2029395211835,233.17543351129288,238.80413818359375,7911225
2013-04-15,237.23644008683019,247.6910799805285,236.85868081449243,244.45175170898438,7689700
2013-04-16,242.99731888301102,258.5801247586017,242.28900952502963,257.5035095214844,11987860
2013-04-17,259.10895530235274,273.87957810756006,258.04179356986054,260.1289367675781,9186545
2013-04-18,258.7123892589287,271.4052968747332,255.93581391664733,269.9886779785156,11300880
2013-04-22,271.14081714447696,280.3016005149116,270.8952606874294,272.2080078125,13252895
2013-04-23,272.93524551200113,274.8429486171156,266.9193417707561,272.8974609375,7340650
2013-04-25,277.8461379943415,287.10136793210216,274.44624760985715,283.9659118652344,19391755
2013-04-26,281.4349760592994,283.30492352417997,277.10957870588504,280.74554443359375,10489965
2013-04-29,280.6793941980077,280.6793941980077,275.8156469797301,278.6772155761719,6561785
2013-04-30,280.8682716875019,283.51264397975683,275.39069071691597,281.9449157714844,9010945
2013-05-02,280.5093351894337,288.75406506806365,280.29213880271965,286.3458251953125,10775590
2013-05-03,285.77922916551665,285.77922916551665,277.09062260964197,278.56390380859375,9326475
2013-05-06,277.0906026618556,278.0066838766432,272.9351937121353,275.7212219238281,6739100
2013-05-07,276.1462197261534,284.64593254904497,275.59847313666546,284.0698547363281,7357170
2013-05-08,284.45709023604655,285.977580707054,277.79896402936305,281.3782958984375,4865505
2013-05-09,281.05720515012905,281.05720515012905,273.4263349409166,274.66351318359375,15607600
2013-05-10,273.87965519435676,278.5450557643968,273.1241366395361,277.638427734375,7711835
2013-05-13,276.7128943180661,282.94602329902415,273.14301581042787,274.2574157714844,10233900
2013-05-14,274.8240576878926,278.0161767837669,272.95411042490537,277.1850891113281,6341930
2013-05-15,277.2795673402853,286.14758737778783,277.2795673402853,284.9670715332031,8367595
2013-05-16,283.75814659233805,290.87902428269535,283.5976126213933,289.1601867675781,5787370
2013-05-17,288.99028128650707,291.0585473700369,286.15704323467855,289.9819030761719,6127865
2013-05-20,290.6334942079305,292.74899781128926,287.96081950799083,288.9335632324219,7109685
2013-05-21,288.0930418662019,291.82348303214144,286.1570076334591,287.2052917480469,4457135
2013-05-22,288.42360301531295,289.1791503899614,282.9648993261636,285.7698059082031,4430345
2013-05-23,280.5093534497012,283.8620346760825,273.3885048883009,274.8617858886719,17628985
2013-05-24,277.0906392151494,279.8766677943701,271.1502761454894,275.9951171875,11354170
2013-05-27,275.76849377797765,281.0572103817927,272.9352558282039,279.19671630859375,5079820
2013-05-28,278.6961034732667,280.2449248137453,275.40008461697096,277.3739318847656,6338635
2013-05-29,277.46834213545173,277.46834213545173,272.6518621165399,275.69287109375,4984010
2013-05-30,273.74739662681986,276.59954085583144,267.86372512836255,270.6119689941406,19729175
2013-05-31,269.1575570448666,271.7358134932376,266.5132136269336,270.2058410644531,6939990
2013-06-03,268.9686733662702,271.61304570710234,266.32432984662086,270.2625427246094,5639100
2013-06-04,270.1019741349061,272.74631759796375,261.98002089668296,263.5760803222656,6481315
2013-06-05,262.5467138050721,264.32221417888474,257.27690395750096,261.0828857421875,10525180
2013-06-06,260.4689656236928,269.6864411880419,258.43848443768593,267.8542785644531,7218255
2013-06-07,267.0798133571996,268.5814544255239,258.59900850900124,260.3272705078125,16958990
2013-06-10,261.79117736193535,262.423917647427,254.65142059944478,255.98301696777344,7101745
2013-06-11,254.04695621949352,254.04695621949352,247.97439091170222,249.8348846435547,10709250
2013-06-12,247.81383080682298,248.19159003735956,239.22912475914936,240.72129821777344,16756695
2013-06-13,239.88077706040784,244.07397090211902,237.50085350500044,240.00355529785156,9278645
2013-06-14,242.56290686503962,247.51161922026913,242.1095784822681,245.16949462890625,9145290
2013-06-17,245.94392146250138,249.52322416674727,239.70133971009344,248.5788116455078,9148855
2013-06-18,247.76661359356262,248.3238134840558,242.52510717010216,243.01622009277344,7215030
2013-06-19,243.08234632590543,243.56397710075146,239.31412086619372,242.7234649658203,7633795
2013-06-20,238.74749751098912,239.12525676989927,232.70324849428275,234.17654418945312,9339930
2013-06-21,232.1460491286702,239.77690434473863,231.18274428225226,237.935302734375,11567800
2013-06-24,235.97089029314384,237.76526814558025,233.14709194014696,234.79037475585938,8864770
2013-06-25,236.29200633597736,236.85865960433398,228.15117513817398,232.59934997558594,17111600
2013-06-26,233.47764155901163,238.7852347919827,233.47764155901163,235.80088806152344,13302520
2013-06-27,238.74746657285903,242.71399591978022,238.69080413242432,240.83460998535156,11566105
2013-06-28,244.03620039797866,251.59150089835686,243.18623485592295,250.30711364746094,7250955
2013-07-01,250.08041798922812,255.72801510396192,249.33435286691818,254.7647247314453,5323995
2013-07-02,253.49922435995526,255.91691813464695,246.4255549013578,247.15277099609375,5683025
2013-07-03,243.9323132909599,245.93446318446283,240.08854748948423,241.36351013183594,6367035
2013-07-04,242.16626805610937,244.22508040708985,237.8219647537556,238.9269256591797,9497150
2013-07-05,243.68839990504387,249.3600262526197,243.15189688303968,246.80203247070312,5785940
2013-07-08,245.06799154775905,245.06799154775905,238.74488669750517,239.9999237060547,10780235
2013-07-09,242.3854453343477,244.7422430531864,241.42740009587203,242.26089477539062,4614270
2013-07-10,243.15192633243456,245.54702522257588,239.4826106827898,240.80471801757812,5341890
2013-07-11,245.45123004008428,249.07264028880311,244.73268140992323,246.74456787109375,4593290
2013-07-12,248.32536114484984,248.80438380968386,243.53511987789793,247.47268676757812,5287195
2013-07-15,247.55892106879563,251.95634586739342,245.7290508791753,250.797119140625,5449990
2013-07-16,243.3435069751764,243.3435069751764,234.92229519353936,235.84201049804688,9493130
2013-07-17,236.81921946545654,236.82879465573305,225.64840778637318,228.72373962402344,17944220
2013-07-18,231.2242372346208,239.05146552154443,221.90244601149047,237.25033569335938,28548405
2013-07-19,239.51135902179885,240.08619213089645,227.0567683526653,228.37887573242188,18642230
2013-07-22,228.7812414412487,232.00027452774734,225.80171970160677,229.95005798339844,6446280
2013-07-23,233.72474760553465,233.72474760553465,229.36563838430976,230.4769744873047,5451370
2013-07-24,224.72870428738497,224.72870428738497,214.60215794253776,215.5889434814453,14788645
2013-07-25,213.46207865057409,219.35406622918126,213.0692765549446,215.99131774902344,21479325
2013-07-26,218.7984032408328,219.74685878805295,209.6873825427153,212.20704650878906,12108980
2013-07-29,211.17233027647023,214.76499993038158,209.32330997819014,210.43463134765625,8592030
2013-07-30,210.78911816766345,217.016412238584,208.27902969380665,209.42869567871094,14577145
2013-07-31,208.66226922443167,208.66226922443167,194.5885814311039,198.22915649414062,24999165
2013-08-01,200.03987352896849,209.40955595392066,196.41846324784524,208.04913330078125,25717725
2013-08-02,209.24669582152694,213.16509793350048,206.93780293769035,211.3831329345703,15682345
2013-08-05,212.68605313942788,216.32662814391506,205.72105982854276,215.43563842773438,14983120
2013-08-06,212.16874862831017,212.68608673141296,206.98571931255947,208.82516479492188,13055665
2013-08-07,208.4898113813578,209.3137309156979,202.30084699291018,204.7821807861328,16176110
2013-08-08,205.7881606919588,208.81558775046145,202.54996246997732,208.0108184814453,10922345
2013-08-12,209.428719298229,210.75081194019907,201.40986978034022,205.10792541503906,9866865
2013-08-13,204.4277123752418,222.07490518368542,201.0170734198043,218.9612579345703,14227315
2013-08-14,219.88098634423557,222.74554724679797,214.88957818160108,220.27378845214844,12402745
2013-08-16,213.4525387637676,213.4525387637676,199.27346254366836,200.9883575439453,16207615
2013-08-19,199.27341849528884,199.27341849528884,187.4032380456264,189.30975341796875,11262170
2013-08-20,182.67048576976654,192.99821237868395,180.6873397071303,188.0259552001953,17173380
2013-08-21,198.89021252723526,204.60015439770865,183.6956133011542,187.3840789794922,17473350
2013-08-22,185.5063297731847,193.52516484654345,182.02862040021415,185.79373168945312,15688855
2013-08-23,187.48948270584862,189.8558560240604,182.65135049020304,188.06431579589844,15303680
2013-08-26,189.69299663917874,190.52649149190978,178.07190080347885,178.9820556640625,19895135
2013-08-27,176.27076509441795,176.27076509441795,166.89149315044062,168.1656951904297,16500450
2013-08-28,163.12640736920358,163.63417030223562,150.22153363186573,160.558837890625,51153445
2013-08-29,164.7837879283828,166.22085584636287,156.3529865525108,163.0113983154297,34666870
2013-08-30,162.50364524205446,170.74284098050308,156.86075879679737,159.60076904296875,85220080
2013-09-02,162.04378209253127,167.37051164243638,159.92649553904178,165.6077117919922,22843345
2013-09-03,166.3166699607468,167.51422658598656,147.7976525538053,150.00115966796875,29590015
2013-09-04,149.99158154899757,156.5446084045684,146.2743608165875,153.57467651367188,29505260
2013-09-05,168.93216238724887,179.14493078171373,163.56710181545185,177.71743774414062,73632590
2013-09-06,178.69461316003057,184.50994051994186,174.46962988540116,182.48846435546875,48465115
2013-09-10,187.96846708121046,196.53339358860848,187.20202799029204,191.28330993652344,40783530
2013-09-11,188.54333163066568,199.81952972225474,185.8991170550833,197.29986572265625,31007555
2013-09-12,199.24470300001258,199.36925357996395,192.39468423771467,195.4316864013672,33403740
2013-09-13,191.65698238692733,205.5965456765065,191.65698238692733,203.0289764404297,29836370
2013-09-16,208.66227125771792,212.24535135804703,201.56315200841144,208.38442993164062,21660575
2013-09-17,205.40491066733543,206.7365930767866,199.88657488933995,201.86973571777344,18527690
2013-09-18,203.20140448733994,208.01078114332785,200.7487963542506,206.8611297607422,13218535
2013-09-19,220.3504161874318,224.7191003606918,217.1409586259531,218.47264099121094,27187920
2013-09-20,222.64973469016124,222.97548122105843,201.59190187710504,211.2202606201172,30107545
2013-09-23,205.59651742789583,207.8766551925598,195.94899469980183,197.3668975830078,23254975
2013-09-24,195.4412535134978,201.7643587393205,194.11914623824475,196.5046844482422,17824475
2013-09-25,196.97413509819197,199.6566504553551,191.8390112995175,198.13336181640625,17426325
2013-09-26,198.31538156477632,201.09370714988174,195.33586002995236,197.6160125732422,18419130
2013-09-27,198.42077494204437,200.90210891407293,194.89516041827224,197.52978515625,13399860
2013-09-30,195.25923257626704,195.41252335025808,190.67977668822763,193.11322021484375,18720980
2013-10-01,195.03885850108472,201.13202702428075,194.09038841777684,200.05902099609375,13985425
2013-10-03,201.20869374488782,215.176997066217,201.20869374488782,211.67054748535156,28307155
2013-10-04,209.62030957853338,214.736267850399,206.9569448773624,209.34246826171875,14738720
2013-10-07,208.27906661290635,208.64312854723292,200.03988484516412,205.37619018554688,19601900
2013-10-08,213.6440946104993,214.41053374807075,202.72238441059068,204.40853881835938,16814600
2013-10-09,202.1954843895531,207.8575362063028,200.43268436380015,206.80368041992188,17121925
2013-10-10,206.36298400798216,209.40957613956022,202.33919604315892,204.30319213867188,22450835
2013-10-11,208.32694786392355,211.51724047179155,204.25525533300842,210.70289611816406,21485650
2013-10-14,209.81194626529077,216.89190131022892,209.2754431708964,212.51364135742188,16030130
2013-10-15,213.81653806831363,215.75179362255253,206.21924603279587,207.21560668945312,13563985
2013-10-17,207.12939625355432,212.36990534857378,204.48519642037434,210.0706024169922,33121345
2013-10-18,211.30647469217024,222.45812169829705,208.92095118714784,221.5384063720703,22848835
2013-10-21,222.2856907650026,227.22919376237584,222.10365980578658,225.30352783203125,14205925
2013-10-22,223.03294515278847,231.83738365622122,222.266506001475,230.15121459960938,22853540
2013-10-23,230.6973181725559,234.3378933468827,226.71184609500625,231.8661346435547,19709625
2013-10-24,231.91407442394916,234.66366025063246,229.54770093862032,231.3105010986328,15138355
2013-10-25,230.35240966273537,231.0422034344248,226.25197703025415,228.15847778320312,8360810
2013-10-28,229.93087442080795,233.5522845234468,227.45911576655092,228.3022003173828,14810540
2013-10-29,227.24835342806276,241.71484401796937,225.39933292493345,239.58798217773438,21811705
2013-10-30,240.4693763389996,241.42742166305936,233.07326526776936,234.1271209716797,13582310
2013-10-31,233.95464837075724,235.64081737563717,230.5056942235774,234.28038024902344,15711585
2013-11-01,234.71153316397638,237.52817418459867,230.95599718453494,233.5522918701172,14258565
2013-11-05,230.88891563978663,240.92922621838036,229.16443118846436,235.10430908203125,17738400
2013-11-06,234.52951086741263,237.5569377627344,230.89851070751513,232.42181396484375,11912900
2013-11-07,233.01577870954875,235.60249809220826,223.4161607237655,224.4316864013672,12944240
2013-11-08,222.45812751465832,222.95631519024673,213.17466572715367,214.44886779785156,13636750
2013-11-11,211.72802813629286,212.41782197663312,205.55821357470074,206.39170837402344,16116270
2013-11-12,206.93779726496572,209.31374565887063,198.89022210766188,200.77757263183594,16885065
2013-11-13,197.93216230259634,201.74517845474588,193.63053369776844,197.4722900390625,39012215
2013-11-14,202.14756957085055,211.23942523747206,202.14756957085055,210.2143096923828,22185795
2013-11-18,214.50637235579921,218.86548211661332,213.90281365747455,218.40562438964844,14869295
2013-11-19,219.7755981706695,220.31211584808096,216.15418790516074,217.48587036132812,15186525
2013-11-20,215.3685881313747,221.4809072548864,214.60214896136188,216.7960662841797,11536220
2013-11-21,214.19976591933923,214.21893091819166,206.68869441638068,208.14491271972656,16170540
2013-11-22,210.76996012835008,211.98668171866564,206.43959139977477,207.368896484375,11465075
2013-11-25,209.23711137472063,215.56021691844,208.8730640601373,213.7303466796875,10727185
2013-11-26,214.410556985512,216.09671157602315,212.54237143550571,213.85488891601562,7324655
2013-11-27,212.68605808713446,216.66194026249,211.44059626470374,214.7650146484375,8549025
2013-11-28,217.59124643580657,219.35406091883476,213.35668791387388,214.65005493164062,10909630
2013-11-29,214.98535804421138,222.24734312419673,214.96620766373866,221.49049377441406,9210385
2013-12-02,222.228189774473,229.2027582494566,221.8832928886283,228.15847778320312,8985375
2013-12-03,227.21004869935976,229.9308941044622,225.3418631084835,228.71417236328125,8899090
2013-12-04,227.25792761904978,229.73926138925594,226.3286225266603,228.21597290039062,8248745
2013-12-05,236.25400091854283,239.50177423197763,235.26721532840804,237.88267517089844,10405365
2013-12-06,237.3269914297969,246.98407553709595,236.11026976178104,245.21170043945312,11096255
2013-12-09,256.75613962839026,257.25431265749313,248.54568441513118,249.76242065429688,10508465
2013-12-10,249.66662598436557,249.66662598436557,239.42511877484395,242.3567352294922,7427500
2013-12-11,239.8945475306627,245.9877311025683,237.62398475052694,243.9566650390625,9152360
2013-12-12,242.57706698145546,243.20938038777922,238.39998888965502,239.07061767578125,6403500
2013-12-13,235.67915523072887,239.31973047102346,233.7726397285605,237.5569305419922,7975630
2013-12-16,236.07194230431904,243.70756439910699,235.62165985065317,241.69566345214844,8426820
2013-12-17,243.56385639983927,245.31708108095887,239.19517210133014,240.68014526367188,6818380
2013-12-18,239.53050968443316,250.0498438497275,239.12813237959813,245.8057098388672,10330635
2013-12-19,248.28704152251788,248.90017535577562,238.17008475735796,240.85260009765625,11220600
2013-12-20,239.51133665244973,246.02603331450686,239.46343146139685,244.84765625,7252380
2013-12-23,245.4512256741026,249.95402119071596,245.4512256741026,247.4152069091797,5821480
2013-12-24,248.32537325487226,248.70858555798287,244.97219981889907,245.82485961914062,5070345
2013-12-26,246.75417567987222,252.73236973612651,245.0967611988774,248.5265655517578,13471165
2013-12-27,251.007864317595,251.83176922767177,247.23316356101677,248.0379180908203,6232180
2013-12-30,249.09179331609877,250.2414594416781,245.84400551553284,246.45716857910156,7064845
2013-12-31,247.549351057075,249.61870327626553,244.56981482681292,249.0055694580078,6365405
2014-01-01,249.37917922323865,250.04982262632072,246.83080446086004,247.59722900390625,2849425
2014-01-02,247.55891185194056,253.88201699046866,242.06931610607495,243.7842254638672,12972060
2014-01-03,241.04420011341176,243.24769257914195,238.66823727569232,241.599853515625,12018740
2014-01-06,240.95798668523045,241.81064648310956,237.90183422265213,240.71847534179688,9181445
2014-01-07,240.94838922576838,242.5387479076536,232.9008146776006,236.4934844970703,15100310
2014-01-08,237.59524714074794,238.55329249212193,231.30088216528713,232.1822967529297,13901845
2014-01-09,230.88892133491254,231.95235222124103,225.37058557317656,227.0279998779297,25553735
2014-01-10,228.77160180329787,229.26978938946235,222.05571036290766,223.04249572753906,19877740
2014-01-13,223.22455100442536,229.9308679873909,223.22455100442536,227.03756713867188,8470360
2014-01-14,227.05673578202507,228.69499967491973,224.03889893869578,225.533447265625,12100565
2014-01-15,227.056757048303,227.63159012878168,223.49282703400522,225.77297973632812,14202760
2014-01-16,227.05673671041052,229.45184996684947,223.9335142867142,225.36099243164062,18979890
2014-01-17,225.71549662540298,227.6315873790359,219.3923912909694,220.91567993164062,18932820
2014-01-20,218.95169240480647,223.79941447754186,216.95897080878083,222.8796844482422,9875240
2014-01-21,223.2054039152166,228.4363380138409,221.97910702370984,227.73696899414062,10979910
2014-01-22,227.24835598157486,230.39074358615576,224.77659720383522,227.79444885253906,11839660
2014-01-23,226.72142779799728,233.8013823987158,226.35738050313574,232.9966278076172,15027160
2014-01-24,230.5057042249092,235.4492068455533,228.97282590280167,230.81227111816406,14064340
2014-01-27,225.33226600471266,226.78849904678128,221.3084784118559,222.477294921875,10879550
2014-01-28,221.69166143247605,225.90706923575817,213.70156768461348,214.9374542236328,12651355
2014-01-29,216.57569306334634,220.34081825739312,214.83205842122857,218.48220825195312,10925525
2014-01-30,215.17697542406316,216.26914645693824,211.7280065736098,212.45611572265625,11477500
2014-01-31,213.29920351778344,215.94340326461892,212.7531253022745,215.16738891601562,5722790
2014-02-03,213.08843872528823,217.26551691317408,212.82018720466712,215.34942626953125,6931690
2014-02-04,212.06334080554387,216.01048290882767,210.9615798988367,214.94705200195312,8545405
2014-02-05,215.56018269537668,216.51822795180058,212.97346342675425,215.31109619140625,7306550
2014-02-06,215.5793688408772,217.66790068782186,210.49215036921558,211.33522033691406,10324800
2014-02-07,214.6117174267517,216.40327203697214,212.82017743514209,215.6464080810547,6262595
2014-02-10,216.89187887347748,218.31937165944606,213.07886260252187,214.4009552001953,4396885
2014-02-11,215.24403734158932,216.86313624918748,213.91235494977616,214.7841796875,4572215
2014-02-12,216.5182333740221,217.09306638971603,213.51954696836444,214.52549743652344,7384095
2014-02-13,214.64045295224705,215.52186745308956,210.0993277898475,211.057373046875,5899360
2014-02-14,212.49447702324068,212.87768934369362,207.4359983764743,211.35440063476562,8778435
2014-02-17,212.8776722128662,214.6021567533566,211.72802072540986,213.6920166015625,3941195
2014-02-18,213.6440951635701,225.42805490573133,212.4082231977274,223.3011932373047,10684885
2014-02-19,223.12874381047095,225.71547780710466,221.88329661933452,223.4449005126953,7007375
2014-02-20,221.11686946951536,224.54667357311592,219.67021163663603,221.8545684814453,9773920
2014-02-21,222.26651664673355,229.54766700501946,222.26651664673355,228.65667724609375,9309810
2014-02-24,227.05673436403896,238.5341128770776,226.66393228557544,237.25033569335938,12811810
2014-02-25,237.78683337140572,239.70292391367107,234.74983161614847,236.97250366210938,9506545
2014-02-26,236.06236067894096,238.9364966350252,235.33425149943307,237.4515380859375,9380195
2014-02-28,237.69105608999212,243.6500993090927,237.23118379870516,242.7782745361328,9366255
2014-03-03,241.4274051734039,246.35177183660053,239.0514570252258,240.56517028808594,9655975
2014-03-04,240.4694043899498,250.03070836480032,240.4694043899498,247.85592651367188,11947275
2014-03-05,249.09177852730775,251.8126236766009,247.9517022789165,250.55758666992188,13213960
2014-03-06,250.6054545716222,255.7980725032942,250.43301344978866,254.7442169189453,9941880
2014-03-07,255.60649517894115,272.78427102834655,254.70593018456063,269.5556335449219,23583950
2014-03-10,266.71986774810483,276.26199297048703,266.71986774810483,273.3399658203125,16911865
2014-03-11,273.2345236203185,278.40796224832064,270.17835685973444,271.6058349609375,19830435
2014-03-12,271.60586198845425,273.02377965933266,266.7294145709203,267.8503112792969,10747045
2014-03-13,270.14969203361596,273.04297904050213,263.4721134468906,264.64093017578125,10533955
2014-03-14,262.6960522819832,262.6960522819832,255.0316893181001,259.61114501953125,13711595
2014-03-18,261.5463942501817,264.99536353828853,257.3118207169901,258.49981689453125,9473510
2014-03-19,260.2051075506846,268.0515008430848,258.9308909375409,265.4839172363281,20189155
2014-03-20,260.8757617751301,265.07200548282816,257.8579244847474,260.0805969238281,12914880
2014-03-21,255.79806797523617,270.5423976126178,253.32632422771707,267.1509094238281,64854420
2014-03-24,268.61671805372646,273.04288220306313,267.1509100661251,270.3028869628906,15594445
2014-03-25,270.43704147255914,272.26691160794365,267.51501483650696,268.4251403808594,8412610
2014-03-26,270.4658012655362,275.4572097373238,269.3736446857152,274.0201416015625,13856980
2014-03-27,274.00095333421547,281.45454453165036,271.3184382132448,273.9913635253906,21452140
2014-03-28,274.9206558586773,281.6461522036063,274.01053041647236,280.12286376953125,10456480
2014-03-31,281.8569634078496,282.6233880194531,277.8523114861306,279.8450622558594,10543390
2014-04-01,281.6653315962802,283.370651141898,278.5133542229468,281.3779296875,11106200
2014-04-02,279.3659917733519,282.5562694889932,275.4188501481015,281.11920166015625,6919030
2014-04-03,281.4545536404406,281.4545536404406,273.6369003013216,274.9302673339844,5572305
2014-04-04,274.00095645889684,277.928948045787,271.7016535808121,273.646484375,8209800
2014-04-07,273.59861902191193,275.8308813934118,270.18797940586813,272.47772216796875,5393885
2014-04-09,273.7135385629318,285.49748339753927,272.3052108813813,284.3382568359375,8360910
2014-04-10,284.4340771389108,290.78589278438864,282.7670584708347,288.1225280761719,10369990
2014-04-11,284.53951223085187,288.6878363629683,283.58146673512505,286.59930419921875,5411945
2014-04-15,286.26395542332835,286.52264639459685,274.82489094448573,276.9134521484375,4690300
2014-04-16,277.2583305370421,280.64981941040736,273.4261489698757,274.3746337890625,4174880
2014-04-17,275.3422384494568,282.1731067385363,275.3422384494568,280.6402282714844,6318240
2014-04-21,281.66532782753325,289.32969048950696,281.4737070660946,288.1417236328125,5660175
2014-04-22,288.5632242900771,289.6745309869897,285.13340612078423,287.4327087402344,4972865
2014-04-23,285.88072865072246,293.89956360999736,285.88072865072246,291.20745849609375,8169030
2014-04-25,291.6289986537336,296.61084616795995,287.6339659176108,293.6792297363281,12287160
2014-04-28,296.9940859286642,297.91380136318116,292.2038587362664,293.07568359375,8868885
2014-04-29,294.3115025696646,296.0263824585338,288.8889631290653,292.8552551269531,5984595
2014-04-30,294.67555124717626,296.7066317786007,286.86748814504915,290.7092590332031,6673185
2014-05-02,292.27092787934833,294.8288928180125,290.9584103113233,293.1906433105469,4528060
2014-05-05,294.30197958026616,299.849070836539,291.5332142386488,297.29107666015625,7227275
2014-05-06,297.9520903135212,299.5328592217594,292.87446188409615,294.4935607910156,5337910
2014-05-07,293.8708447006262,298.1437483526293,290.613496098726,294.6372985839844,6034730
2014-05-08,295.46120336948206,298.7952119755414,293.73673329851493,297.7126159667969,6485510
2014-05-09,298.1244878609289,316.15490490935866,296.56286956175506,312.131103515625,11327365
2014-05-12,316.7298137491542,324.15466556778165,314.06644871789683,315.4939270019531,9777475
2014-05-13,320.9451425825673,322.28640001755804,314.23882617039425,315.9154052734375,9343160
2014-05-14,316.5381837934361,319.98715296626585,312.3898602136713,313.5682373046875,6712060
2014-05-15,314.2388504608401,320.9260170112907,314.05681951946127,318.8470458984375,7888990
2014-05-16,335.31588040865387,354.2947569008057,322.6696697954948,336.27392578125,19275385
2014-05-19,340.4892959743626,363.9422555954235,340.4892959743626,356.31622314453125,11546880
2014-05-20,358.3089252429064,362.6776092651791,352.7618350320021,355.8084411621094,6207320
2014-05-21,356.0096810537601,357.77248110390343,346.82202905838284,347.7992248535156,5343765
2014-05-22,350.4530077955795,356.0096888508861,345.873551794034,352.8768615722656,4446910
2014-05-23,353.7582368409617,358.9700057565538,352.56068018273226,357.2550964355469,5853140
2014-05-26,359.6501903591015,369.5755546106714,354.09353945942973,358.8741760253906,8715260
2014-05-27,356.2204192258134,358.7496436766757,350.6541782348638,354.29473876953125,4665425
2014-05-28,354.2947166573732,359.2669739153392,349.73441184589706,356.3736877441406,5950100
2014-05-29,356.2012095152612,362.79256546251673,354.57255014512106,357.4850158691406,10555410
2014-05-30,358.1173336623179,358.1173336623179,349.49492566816366,351.822998046875,3890590
2014-06-02,351.0757101526181,365.39846977481767,349.2170999407846,364.2200927734375,5954760
2014-06-03,365.9541532242583,368.8282891164426,361.75791014371356,363.9901428222656,6000185
2014-06-04,362.52435327469806,370.38033681102934,360.43582143622405,368.78997802734375,4109700
2014-06-05,368.847510806823,373.6377382198986,367.3146321871932,372.9383544921875,5422885
2014-06-06,374.6723083309674,380.056546977165,372.6987375348769,378.15960693359375,4047810
2014-06-09,380.34395043036415,381.22536489271545,375.7261654762164,376.9429016113281,3942460
2014-06-10,377.08664298562377,377.3453046960653,368.90492778405894,370.2845153808594,4218745
2014-06-11,370.96472317343137,377.1824572318704,369.42228422961364,371.8748779296875,4870360
2014-06-12,372.4943676720631,373.2688019864258,366.38615918671036,368.3802795410156,4192650
2014-06-13,367.6543013972575,369.37737730227065,350.5590794440482,351.9723815917969,6276850
2014-06-16,350.8107106824862,352.7467521647755,338.80725940062246,343.2795104980469,6851985
2014-06-17,342.6794022861474,357.78053439691854,340.84982858547335,356.1542663574219,7990990
2014-06-18,357.19966246585653,363.1820237065897,352.9500371253632,357.8772888183594,9690125
2014-06-19,358.5743199387656,361.4590033556385,353.57932847785366,356.5801696777344,5141745
2014-06-20,354.2956289804094,364.692163393883,353.9084265510562,361.3331298828125,5838570
2014-06-23,360.4909266699367,365.90215919666946,359.14539316939295,364.54693603515625,5348310
2014-06-24,364.16947714869275,373.6560702237216,364.16947714869275,372.68804931640625,5401370
2014-06-25,374.43041950678474,374.43041950678474,368.81591089511977,370.3066711425781,4149915
2014-06-26,370.8003631263744,375.3984620194156,369.33867177711977,373.1913757324219,5944135
2014-06-27,373.35594482733876,374.95317323948785,367.88663321402805,369.6290588378906,4505300
2014-06-30,374.0432444917572,377.528125403815,369.9775747123993,371.4973449707031,4887415
2014-07-01,373.2688248134769,374.70147668477614,371.0230094769561,371.72967529296875,4136855
2014-07-02,375.59207254087886,375.8824669658739,372.3491969340643,373.0461730957031,3797820
2014-07-03,375.0112849929403,377.08286386712246,370.3454172365932,372.8235778808594,4618140
2014-07-04,372.68797025076,377.14087138805957,371.1778603190497,374.7982482910156,4327275
2014-07-07,375.10806622584136,376.00831849478715,370.7616622150302,372.3008117675781,3179705
2014-07-08,372.4557025175188,373.07522048458736,358.5549080925433,365.57305908203125,4531395
2014-07-09,363.95650165266164,370.1518293857829,360.9362516874654,362.7367858886719,5950625
2014-07-10,363.02713032415863,375.3210056419147,353.33726272382023,360.5006103515625,8857260
2014-07-11,360.1230707442937,363.0465123318949,349.9588528138531,351.7109680175781,5105850
2014-07-14,351.93368105010154,360.2683564793973,349.90083122283517,357.5094909667969,3296985
2014-07-15,359.10668760250087,368.51585122859774,358.55490864076324,367.63494873046875,3557585
2014-07-16,374.1207502239301,382.3682781453866,369.0192608721412,380.1999206542969,6120160
2014-07-17,381.4002583734187,381.59387438214856,376.79246914887716,378.34130859375,3613160
2014-07-18,376.5601370829168,389.1153695704067,374.1400847880394,386.3952331542969,6500310
2014-07-21,389.91878013162204,394.5652978599688,387.71169381169403,391.72900390625,5750940
2014-07-22,393.8682744619086,394.1102796414058,387.6342186747295,390.3640441894531,5523135
2014-07-23,390.8480956523431,395.5429729950111,384.11064947660554,387.218017578125,8698735
2014-07-24,387.20838590713606,389.3186645203327,383.82031253044863,386.5694885253906,4828895
2014-07-25,387.01471215620194,388.9507537968866,381.66155820137493,384.449462890625,4277980
2014-07-28,390.54803682339804,394.3233123564512,381.01302522336744,382.7070617675781,5838272
2014-07-30,387.1115181958456,390.7900150196005,379.60935687599726,388.8539733886719,3945078
2014-07-31,389.1443880810564,390.4512221583158,377.5765269172098,379.1253662109375,5899359
2014-08-01,375.59207476633156,384.30426206761246,372.5912043431158,374.6240539550781,4556225
2014-08-04,379.1738063567285,381.6422478872131,374.81771221470575,378.3509826660156,3189855
2014-08-05,379.9481983640187,382.8522610266736,374.4788862576825,380.3838195800781,4565734
2014-08-06,379.4641584913486,379.5125477153122,369.9775663457252,370.9455871582031,3328178
2014-08-07,367.8963106310556,374.18844612878,367.8963106310556,368.9127502441406,3629281
2014-08-08,363.0078565078283,365.23429287774763,357.24812003457544,359.1357727050781,4082447
2014-08-11,362.0398163064553,365.8150919050636,360.6845929558848,364.7018737792969,2245416
2014-08-12,364.9437961884556,370.8971174593279,362.57213370691176,369.6387023925781,2849902
2014-08-13,366.0570509491267,368.47710289185744,360.1037290783389,361.9429626464844,2422893
2014-08-14,361.5557839213231,367.3155197388723,359.13573182010947,365.71826171875,2695108
2014-08-18,365.71827395682845,383.82027609631706,363.830650979707,382.0778503417969,5628495
2014-08-19,384.5946460386075,389.0475475576453,382.6102152461476,385.1270751953125,4398164
2014-08-20,385.6594806686584,386.1434910684789,379.8029666474903,381.59381103515625,2593423
2014-08-21,382.17463346098367,389.28959287182363,380.5290156819937,385.9015197753906,4041960
2014-08-22,387.2083461184412,392.04845044492174,387.2083461184412,389.9187927246094,3805460
2014-08-25,389.62836898755876,394.3232757395898,384.9818810001436,385.998291015625,3188868
2014-08-26,378.49615770956063,387.4503506988533,377.52813684585334,384.8851013183594,2960035
2014-08-27,386.2886854367196,389.6767582105245,383.965441443012,385.998291015625,2117053
2014-08-28,386.7243114589069,389.0475554817442,379.6093526363767,384.5462646484375,3524112
2014-09-01,386.1919518335854,393.8877003026891,384.7883097047932,392.4356689453125,3827810
2014-09-02,393.9844593381328,398.6309472876228,393.30683297224266,396.1625061035156,3827990
2014-09-03,397.8565771981102,401.6318526792508,395.0493225860647,400.4702453613281,3913893
2014-09-04,398.2437582195168,404.0034938975303,395.920514166965,403.0838623046875,3577070
2014-09-05,402.69667413801324,405.8427419047165,400.47023799669944,402.6482849121094,3236260
2014-09-08,404.29386847573363,409.90840666385645,401.48661415249694,407.29473876953125,2644489
2014-09-09,407.2463749115437,408.5047901736171,402.45465998739644,405.3103332519531,2014481
2014-09-10,405.60065466616334,405.60065466616334,401.2929509324061,403.18060302734375,1554785
2014-09-11,405.01992174203923,410.2472284754678,402.84187480797294,405.1167297363281,2920679
2014-09-12,404.63274315361815,406.32677975773015,400.90585671624086,403.6163330078125,2314502
2014-09-15,401.6318158269026,401.6318158269026,396.5981254944733,398.4857482910156,1665845
2014-09-16,397.8565190601641,400.76058124308497,384.6430420362036,386.3854675292969,3811175
2014-09-17,388.1763899857255,389.8220373709052,382.99747214117616,385.22393798828125,2328500
2014-09-18,382.94908198542515,393.4036961081786,381.2066266038635,392.3388671875,3458236
2014-09-19,394.66212726541335,397.7597763773997,385.46592884313435,394.61370849609375,4701389
2014-09-22,390.88683302919475,398.82461633603964,389.19279643068006,395.1461486816406,2407552
2014-09-23,393.9844553812904,396.5497045264259,385.3690763930761,386.33709716796875,2235528
2014-09-24,386.240271195957,388.07950467427474,380.57734401821295,384.3042297363281,3007551
2014-09-25,381.8842028951679,382.70702647767,363.24980262715275,365.76666259765625,6647739
2014-09-26,363.0078370365194,379.2705763190941,358.40973776739014,377.092529296875,6000406
2014-09-29,379.1737786906567,379.1737786906567,372.2040167553011,373.7044372558594,3209235
2014-09-30,372.68799982935366,373.3172074272291,364.41143398746556,365.6214599609375,4660370
2014-10-01,363.5886032981553,369.299919872786,362.0397641741074,367.79949951171875,3024329
2014-10-07,365.4278632181913,372.6396302162439,360.3941430870021,361.652587890625,3348273
2014-10-08,360.8297228045703,368.0898781929922,360.44252042551733,366.8798522949219,3182969
2014-10-09,368.8159336263935,377.33450505359724,368.8159336263935,375.0112609863281,3069354
2014-10-10,371.7199741888256,371.96197938035476,365.4762284307129,367.073486328125,2560762
2014-10-13,363.9274122087895,376.56007115983124,361.0717391841055,374.5272216796875,2666892
2014-10-14,376.7537335816575,387.8859735618668,375.1564755163925,384.4010925292969,4935617
2014-10-16,382.36823542189654,389.580002564869,377.77013638834205,381.0614013671875,4382823
2014-10-17,383.2394410775992,392.04843654786924,381.93260704744273,388.7571716308594,4816107
2014-10-20,400.6154349083479,405.9879388122382,396.8885487254009,404.4875183105469,6484171
2014-10-21,405.60073708194955,411.2152462081893,404.63271622972536,409.5212097167969,3970498
2014-10-22,413.3448755131619,414.2160883120025,406.32672481650985,410.8764343261719,2526798
2014-10-27,411.0216779084233,415.23257470983077,406.90758910484254,413.15130615234375,2876993
2014-10-28,413.53849229454715,416.82975706417784,409.0855907630938,410.6344299316406,1995946
2014-10-29,413.2965064616161,415.28093735258443,408.9888019381513,411.9412536621094,1931522
2014-10-30,411.40884586949346,417.5073651798397,408.5047834280617,416.44256591796875,4258888
2014-10-31,418.18500972930127,426.3163790101517,417.9430045153376,425.3483581542969,3941516
2014-11-03,427.8652236827098,432.705328023012,423.4123217813014,431.01129150390625,3817449
2014-11-05,431.0112690627402,446.01559173645717,429.4624298461554,443.3051452636719,4713467
2014-11-07,447.1287976308113,457.2930159403176,445.6283772208299,454.0501403808594,6220448
2014-11-10,455.9378087543898,460.19709447773533,443.9827456526058,445.7735900878906,4280640
2014-11-11,446.25756894114926,453.71134058611005,446.25756894114926,451.7752990722656,3472821
2014-11-12,454.00179674106636,467.26369473118734,451.4365472946767,465.76324462890625,5416022
2014-11-13,468.4737343071047,470.36135736908693,455.0182199358599,458.4547119140625,5237971
2014-11-14,459.80987529387323,464.407974046812,455.50217096130217,461.64910888671875,2753729
2014-11-17,462.617132902277,462.617132902277,455.9377953123999,460.68109130859375,2141989
2014-11-18,460.6327329301393,464.55320560320905,456.131441831742,458.8418884277344,2773087
2014-11-19,460.68109193782476,460.68109193782476,452.06571274249694,455.16339111328125,2667750
2014-11-20,455.9377945610109,456.6154209343434,448.09682021118573,451.7268981933594,2510781
2014-11-21,452.54973174988726,467.07004399854674,451.19450851500926,461.6975402832031,4741296
2014-11-24,463.6819850039753,467.1184471889098,460.1002960588914,462.8591613769531,3562884
2014-11-25,463.68200359455903,464.55321648212634,451.72693976474034,455.6958312988281,3474162
2014-11-26,455.8410112880626,458.5998766124255,449.161673347051,455.26019287109375,3726653
2014-11-27,455.2118006743123,457.38984756749085,447.85483637124565,454.38897705078125,7283496
2014-11-28,456.7121959499493,470.2644869815994,455.98618035896806,465.8116149902344,5227699
2014-12-01,468.90928629035596,477.4278873583453,465.7632185784531,473.50738525390625,4634567
2014-12-02,473.362139471646,478.9766479186585,469.0060461636247,477.2342224121094,4191689
2014-12-03,478.20232656408325,484.68807843738307,474.95945062743334,483.0908203125,3424250
2014-12-04,485.3656180352747,486.6240627868437,475.4918237055683,483.9620056152344,2709507
2014-12-05,485.9464954703233,490.20578155416274,480.6223804801106,482.6068115234375,2798293
2014-12-08,483.9620531181406,486.9145049997883,479.6543483646026,480.71917724609375,2150646
2014-12-09,480.0899208401861,480.138310062847,471.4261229850937,473.1685485839844,2722580
2014-12-10,472.92653014596146,480.28349382507406,470.94209940602843,473.6041564941406,3317262
2014-12-11,473.16859219670215,478.87993899630675,464.7468283036163,474.8142395019531,3583840
2014-12-12,475.491864715367,477.76669013398293,466.15043965600154,467.9412841796875,2915819
2014-12-15,464.6499737808075,471.8133216349317,460.10026430421055,461.50390625,2929634
2014-12-16,459.8099158982099,461.2619472115727,450.3717123613519,456.9058532714844,5702983
2014-12-17,453.37259798725677,465.13404610638185,449.3553171290079,459.66473388671875,5852857
2014-12-18,467.55410976921473,474.33025628760913,464.6500469756171,472.3458251953125,3782348
2014-12-19,481.00953710175315,481.00953710175315,472.68455218378983,474.57220458984375,3189647
2014-12-22,475.68546876526347,484.7364701725728,470.942172219584,482.36480712890625,2813921
2014-12-23,484.9784286821239,489.8185327607878,476.7986409725215,478.0086669921875,3753789
2014-12-24,478.20228135417295,481.78397017692726,475.49183489595134,478.49267578125,3181539
2014-12-26,479.89632419190605,484.0104126998548,472.39416279505826,478.6379089355469,2133879
2014-12-29,479.17028505739944,483.62318654404055,475.4918179180631,478.299072265625,2230958
2014-12-30,479.2187072336626,483.96203300484194,474.3302137857962,482.8487854003906,1996949
2014-12-31,484.05882424629675,488.8505393696504,483.0424141494169,486.33367919921875,2356002
2015-01-01,486.57562719569347,487.88246112489355,483.090746565043,486.96282958984375,1351985
2015-01-02,487.1080810727541,500.3699779228175,485.6560498647172,497.85308837890625,3852825
2015-01-05,500.3699674474825,503.7580401953052,498.6274827676766,500.9991455078125,2561430
2015-01-06,497.1271234201502,497.1271234201502,480.8643840500169,483.0908203125,5284530
2015-01-07,482.8487799803808,489.189334165417,478.6863022125841,482.7035827636719,4245189
2015-01-08,489.81851310118776,490.7865338780676,478.83147137527186,485.8980407714844,5637844
2015-01-09,488.75370717970577,489.7217280018251,471.42614037210046,479.1219177246094,5078463
2015-01-12,479.17033926201674,487.68891125445805,476.4114738246018,485.5108642578125,2290147
2015-01-13,487.8825056909688,495.3362780112415,484.3008167491958,488.36651611328125,4069260
2015-01-14,488.36649549294594,489.57652149763607,478.39589303095926,483.6231994628906,2973231
2015-01-15,506.710534278442,507.19454471158923,494.75547067137626,497.6111145019531,6670800
2015-01-16,500.07952279531077,504.822848359526,496.20743958641697,498.33709716796875,6920742
2015-01-19,502.838409460088,514.7934425423255,500.3215199647275,512.0346069335938,6113156
2015-01-20,515.5195539958149,536.9612420413943,514.1159117774475,533.7667846679688,6934581
2015-01-21,535.3155709968522,538.9940386915613,528.1038032960557,529.7494506835938,4459351
2015-01-22,532.1210567709578,549.0130319029765,530.2817935789446,546.6897583007812,5546866
2015-01-23,552.7398015728419,558.9351574829824,542.3819686058691,547.076904296875,4975114
2015-01-27,552.6431061160342,578.6828305518213,548.867801309684,573.1651000976562,5376830
2015-01-28,571.1322238975486,580.6188151218995,564.7917000082265,571.7130126953125,6370073
2015-01-29,570.1158232462279,582.7484820113767,563.4848457667184,580.3284301757812,5424486
2015-01-30,583.4746212156593,584.7330366202009,565.0338341369942,569.2930908203125,4497194
2015-02-02,567.2602240315575,601.1409541358315,565.711414288684,597.5592651367188,6307718
2015-02-03,603.0769857704632,605.5938163313685,565.8081832790301,567.8410034179688,9290016
2015-02-04,572.100350935774,573.0683718341426,535.5575620223638,540.7364501953125,10773056
2015-02-05,544.4149058135786,560.0000166096725,540.7363796132889,547.802978515625,6865785
2015-02-06,549.8358689231736,553.2239420591438,528.2974039873627,545.1409912109375,7706020
2015-02-09,537.2514928586879,551.3845715600308,532.4113893194206,535.896240234375,4334546
2015-02-10,529.4106074559303,551.5782486735992,523.2152506054498,536.3803100585938,9809275
2015-02-11,541.4624678748294,554.3371931374675,537.735611035628,551.0458984375,6200994
2015-02-12,554.6758851284085,562.9040614348509,545.9636984509989,560.2420043945312,5849894
2015-02-13,563.5333147780644,569.9222282254892,558.0639737953197,562.516845703125,4633409
2015-02-16,564.3561319570903,565.3241527666221,547.9965566426808,552.062255859375,4284303
2015-02-18,553.70789378018,555.6439353668239,545.963727433604,551.287841796875,4695905
2015-02-19,555.6439492429373,557.1927589176108,535.5575172798868,547.1737670898438,5349212
2015-02-20,548.3354161422325,552.5462831591296,536.2835448783949,543.543701171875,6025707
2015-02-23,545.4797966458176,548.8678699169097,528.5878195204256,531.4918823242188,6089272
2015-02-24,532.3146655450947,537.9291744105371,524.6672775344274,534.1538696289062,6155111
2015-02-25,536.4771274739766,540.7363834510849,532.5082068305738,535.3154907226562,4185156
2015-02-26,534.976782223306,539.816886797539,526.4097616769287,534.637939453125,5579001
2015-02-27,537.8323133861935,552.1106196695589,532.7502043700804,549.0130004882812,5791546
2015-03-02,609.8531640491753,629.2135819554984,608.5947487019257,626.8419189453125,13205219
2015-03-03,628.2455169515135,628.2455169515135,608.4494792155026,611.2083740234375,6817671
2015-03-04,630.0847399620342,633.9568230244322,588.7018522326555,593.1547241210938,10097232
2015-03-05,593.396728226613,602.1089151010658,584.2005309702463,597.0751953125,6914112
2015-03-09,590.4926979624203,590.4926979624203,570.3094875752222,572.6810913085938,6043383
2015-03-10,572.9715908215655,575.7788159643269,561.452118549047,566.7278442382812,5791801
2015-03-11,566.5341467329752,573.7459131727201,561.4520377703982,565.1788940429688,5816344
2015-03-12,568.712315413316,574.5204411877498,564.065826610431,565.4210205078125,4512080
2015-03-13,570.6482560007196,572.051897963607,546.0605042886577,551.7718505859375,6749149
2015-03-16,551.2878683658614,555.4503461610941,541.2204279967983,550.4166259765625,6445254
2015-03-17,556.5151673600186,567.0665583609366,548.9161688238421,561.548828125,5627580
2015-03-18,565.5661105248236,567.0665308370706,557.3379343340474,562.6620483398438,5847672
2015-03-19,569.196258763075,576.5048043505999,540.6396437400975,545.5281372070312,7705218
2015-03-20,544.995687982795,545.9637087429776,534.0570652093915,538.4615478515625,8160665
2015-03-23,541.9949002641459,544.0277204260104,534.9767490664794,537.4451904296875,4191424
2015-03-24,536.2351179640228,547.8997564390423,533.62145006541,540.2039794921875,6309451
2015-03-25,541.9464291135598,549.0130283227791,536.1867525365932,544.2213134765625,5578540
2015-03-26,542.0916141864859,543.4952560755925,520.3111475450646,526.8936767578125,9233047
2015-03-27,530.4754455264606,533.6215134059514,509.27576448979966,528.9266357421875,10655577
2015-03-30,534.8315186506784,547.3674004520021,531.7822293454119,545.5281372070312,6631597
2015-03-31,549.7389886200364,555.1598809999698,539.4295443543734,542.2852172851562,5970862
2015-04-01,539.8652443974005,553.7079308520407,537.493581478314,551.43310546875,3753262
2015-04-06,553.6595178882669,553.6595178882669,544.124477394479,550.8522338867188,4305263
2015-04-07,552.7398730433683,554.6759146302102,537.251540348633,540.0103759765625,6754389
2015-04-08,543.8340901782525,545.9637478197418,533.4762554862883,538.122802734375,5750765
2015-04-09,542.091672528559,558.5480268731759,537.3483467606127,553.8531494140625,9653162
2015-04-10,555.0631015480465,556.4182950989074,547.3189358289711,549.8841552734375,4938698
2015-04-13,551.7719249927535,553.3691831457926,544.0277576244341,547.8998413085938,4596222
2015-04-15,548.7710002412804,555.1599137143509,524.0380222067218,532.6050415039062,8869483
2015-04-16,534.3474888431876,538.6068040542439,525.683690749088,533.1858520507812,7288785
2015-04-17,532.4114169705177,532.7502006025434,514.7934273559246,516.6326904296875,6618167
2015-04-20,517.0199260946724,521.0372363622788,490.7865839956811,501.67681884765625,7836613
2015-04-21,501.6767909740765,515.6647036678722,500.03114376010603,506.468505859375,7204472
2015-04-22,510.0986245918027,527.5713900037044,503.66126197953565,522.8280639648438,6947536
2015-04-23,525.8772624088655,531.1529872124154,518.4234909593515,520.98876953125,5464184
2015-04-24,520.7951697199873,521.0371749103775,503.2740175690468,510.3889465332031,6533254
2015-04-27,512.4701818554879,523.4571931594984,505.6455886586174,507.43646240234375,7839080
2015-04-28,507.1461063399493,522.1988175354828,502.4995593653661,517.89111328125,6322607
2015-04-29,518.7624100874212,541.994911066892,518.1331728859051,534.2991333007812,9301407
2015-04-30,545.2859971042786,563.7752261817861,541.1235203032194,549.64208984375,15658642
2015-05-04,553.1271324149743,557.5800046521388,544.8021177288666,550.1746215820312,4309985
2015-05-05,550.8038055909651,555.8859145177711,544.5116707292054,547.7545166015625,5385676
2015-05-06,546.0120262812783,547.8028999024807,523.8927784483453,525.9255981445312,7698992
2015-05-07,522.3924826980412,527.3777546958178,506.56530612750225,510.48577880859375,5848608
2015-05-08,518.6171222126328,530.4753765236076,516.4390755024538,523.505615234375,10010992
2015-05-11,528.0554247087955,534.3475608418976,525.7321508109417,533.476318359375,6700085
2015-05-12,535.3154571267993,536.1866994064361,512.9542021712766,515.3258056640625,4943428
2015-05-13,520.7952796710637,546.1574407951271,518.0848327831181,540.6397094726562,7971625
2015-05-14,539.5748815400472,540.9300753707755,529.9914508502537,538.0744018554688,4929250
2015-05-15,540.6395879646336,549.1581587336299,539.1875568420786,544.0760498046875,5825462
2015-05-18,545.2860468609808,551.626570610341,540.7847860694326,549.3517456054688,3944770
2015-05-19,547.8997831999119,552.6431088432672,540.7364055106206,543.4953002929688,6047850
2015-05-20,544.7537379044884,548.7225997894402,538.7036075412667,540.3976440429688,4763209
2015-05-21,542.0916895787007,553.7079400696729,542.0916895787007,552.20751953125,6157883
2015-05-22,553.0303077299799,558.209254801833,545.7217620241883,550.465087890625,4265332
2015-05-25,549.9326369849169,551.5298950664351,542.2853075011137,544.12451171875,3426379
2015-05-26,544.9957234826719,548.6741907943137,540.3492353477927,546.2057495117188,2475418
2015-05-27,544.0276713840921,560.9680348168707,543.3016558084015,559.3223876953125,4120709
2015-05-28,560.4356711099676,567.0665901593638,552.1591048336015,556.273193359375,8272414
2015-05-29,557.0960130719908,568.5186475702724,556.3216081893337,566.679443359375,3421723
2015-06-01,568.1315099018645,570.0675517702188,558.6448574802818,559.9517211914062,3142413
2015-06-02,563.3881178416661,563.7753498034004,530.8626418882516,535.4122924804688,6978299
2015-06-03,535.5576015245382,536.2836172518648,521.327681452276,533.2827758789062,5114150
2015-06-04,542.0916628656817,542.0916628656817,528.5393712940396,538.6068115234375,7432416
2015-06-05,538.2196059070097,539.4296319994266,528.5877863947106,530.8626708984375,7028734
2015-06-08,529.5073271958601,539.6715446283217,526.6032650722996,535.896240234375,6286247
2015-06-09,534.3958294628789,545.963688944225,532.8470199360719,540.8331909179688,5252618
2015-06-10,541.0268609374893,549.5454323526712,540.9784126297576,546.44775390625,7919473
2015-06-11,549.7390447399308,551.9654807988563,527.6197336564121,529.265380859375,7608358
2015-06-12,529.5073592491917,534.8314734646773,523.5056186805302,533.8150634765625,5518696
2015-06-15,536.1867544646694,537.2515537306347,527.9101292081235,532.4598388671875,5896234
2015-06-16,532.4114716188474,536.2351658225891,522.7796522701728,533.5247192382812,6283177
2015-06-17,535.4123427171869,539.5748799048367,530.0882277019494,531.6854858398438,4522392
2015-06-18,534.0570968494371,537.0579377504678,529.8946191507071,532.4598388671875,5579425
2015-06-19,536.283528032406,537.6387807979384,530.7174083822501,533.911865234375,6783585
2015-06-22,538.7519888007848,557.4832275783162,538.7519888007848,553.8531494140625,7325101
2015-06-23,557.192812572053,560.9681177571497,548.1902299191001,553.0303344726562,6608481
2015-06-24,553.7079484327155,558.9352848659272,549.0614599828084,553.2239379882812,5427984
2015-06-25,549.9325990668328,559.4192502807747,548.9161890319966,551.8202514648438,5953158
2015-06-26,549.9326632885966,551.4815322169746,542.0917174375553,547.4158325195312,4432487
2015-06-29,536.28358948321,549.158255897824,528.5394221260517,544.7053833007812,5390158
2015-06-30,543.1080764633558,547.8997914027078,535.3155205754372,541.0752563476562,5479844
2015-07-01,540.929956259208,561.936017301433,539.042304074353,560.1452026367188,7663185
2015-07-02,561.548852891304,567.8894365158774,557.6767696192845,565.3241577148438,9886455
2015-07-03,563.2429319233556,569.6802944832949,562.4201377991408,567.2118530273438,4422432
2015-07-06,557.0960286090012,567.0666320741343,555.1599868067111,565.517822265625,4973984
2015-07-07,566.5826149877257,571.8583406538384,562.7589206563244,567.453857421875,4969526
2015-07-08,559.5159718089882,566.2921167962943,556.5151312336423,558.2091674804688,6414143
2015-07-09,561.9172918778517,563.4298372919453,552.6959821687129,557.8677368164062,3602432
2015-07-10,560.3071895661192,568.8942608368817,556.9894290586312,564.11279296875,6853759
2015-07-13,564.1128052323709,569.3333973338705,556.3552036990352,567.8696899414062,5161182
2015-07-14,568.5039888172568,573.4318518842326,564.8935578392524,569.7725830078125,4566647
2015-07-15,570.4067369305325,575.188204718186,567.4305439256642,569.8700561523438,3307716
2015-07-16,573.1878508876529,598.6075578983832,572.7975050846751,593.9237060546875,14142842
2015-07-17,589.8739987892311,595.1433685074818,584.0191700171296,587.5320434570312,5847889
2015-07-20,585.4829326419747,588.8006930836407,576.0176133192487,585.3853759765625,4688323
2015-07-21,582.165278456456,586.4588445695156,568.6504021179454,570.5044555664062,4375934
2015-07-22,568.7479172838385,579.1402642997766,564.9910918779624,575.5785522460938,5900119
2015-07-23,575.7249408207307,584.0680615260271,567.3330417778941,569.6261596679688,5569255
2015-07-24,573.4318135440318,579.3842000283278,561.1854135430219,566.406005859375,13673495
2015-07-27,563.5273977905449,565.4302294869746,540.3520286173407,542.3524169921875,9829067
2015-07-28,545.0846252666284,550.3539958588531,537.1318506005214,547.6705322265625,8129213
2015-07-29,549.670899488883,554.4035890856214,548.402365004646,553.4765625,4635380
2015-07-30,557.574916957893,561.8196442460745,549.4756890293785,552.0128173828125,6484751
2015-07-31,553.9645490597969,565.2838640261406,553.2814736004591,559.6242065429688,6283549
2015-08-03,562.0636287521618,568.6015335677308,559.526559806851,562.7467041015625,4355574
2015-08-04,564.8935347790751,570.3092405834135,557.818948573463,566.064453125,5903968
2015-08-05,567.9184417233114,575.2369783434572,562.5515148685378,566.357177734375,3419273
2015-08-06,565.9668553267957,572.3095873261476,564.9422720693508,570.6019287109375,3125993
2015-08-07,570.7483208814635,570.7483208814635,562.0636332799903,566.2595825195312,2298504
2015-08-10,568.6503041795355,570.5531356418816,556.9406454062117,561.966064453125,2402572
2015-08-11,563.7225428325994,566.7962927517015,552.6471206929282,557.4285888671875,3168648
2015-08-12,555.6233160479075,556.0136022603366,542.5475069842778,544.3527221679688,4787034
2015-08-13,549.8661169003668,557.6237785535892,546.4507994040913,553.818115234375,5982710
2015-08-14,551.4762317733545,560.356033646433,541.4253924042771,556.2088623046875,7528941
2015-08-17,555.9649035635875,557.9165135804848,546.4995830699539,547.8169555664062,4466163
2015-08-18,553.2814496608626,553.5254009173268,542.0596918635083,547.7681274414062,2952439
2015-08-19,547.3290253058345,548.15843569759,539.4249694031876,540.595947265625,4135059
2015-08-20,536.6927231313161,539.6201379847597,516.6887216327854,520.494384765625,8909772
2015-08-21,514.2492123699313,516.1032656117061,501.85647750360437,512.59033203125,10454764
2015-08-24,494.4403964211475,494.4403964211475,463.6049530259951,470.38677978515625,17627734
2015-08-25,477.1686068390683,494.0012417429004,471.8016797682812,490.7810974121094,14248966
2015-08-26,487.41458117056834,489.75650713626777,476.82709131943085,483.60894775390625,6910566
2015-08-27,493.4645846919557,499.6121440844379,484.43838872949266,496.9286804199219,11302689
2015-08-28,503.5153605545449,516.1032683917718,490.0980423227135,495.85528564453125,10015309
2015-08-31,494.4404129838816,505.36944106293834,489.85411750196175,495.4649963378906,6111825
2015-09-01,487.9024596938822,488.87826461326995,465.6053113300312,468.48394775390625,8843551
2015-09-02,471.36255030974223,476.19279653049284,453.35896757073186,455.3105773925781,11537443
2015-09-03,459.60418186721824,477.6565754225124,457.40862048887163,475.1194763183594,8651466
2015-09-04,471.411388340834,471.70411792100793,451.3097999442337,456.6767272949219,8969600
2015-09-07,458.28677640535903,460.77509682801985,435.9408496111273,438.9658508300781,9743637
2015-09-08,441.3077887441717,464.09284028802,439.112227606141,462.4339599609375,12602488
2015-09-09,472.48478017264745,483.0234619768236,463.60494895622253,474.48516845703125,11672474
2015-09-10,466.2396106290082,475.2170284163167,460.67754007358866,470.9234924316406,8384392
2015-09-11,476.19285460633114,481.7549551886204,463.1170731610969,469.6061706542969,7212180
2015-09-14,468.3863458872798,485.95083385805276,467.65449222183094,484.19439697265625,5537347
2015-09-15,485.0726966810496,486.4388177962508,469.2158646064476,470.2404479980469,9567400
2015-09-16,475.65610362779296,484.975028378106,474.2411746313069,482.29156494140625,7293528
2015-09-18,487.9024890712925,507.808934448765,487.9024890712925,504.9302978515625,18814281
2015-09-21,498.197227571082,517.1766466082948,496.4407904942831,515.2250366210938,7516002
2015-09-22,518.1523997042244,521.7628897306051,492.97664530259266,497.3677673339844,7358434
2015-09-23,486.682711157243,502.3931467817632,485.0726389709093,499.31939697265625,7602683
2015-09-24,497.6605425270561,505.66215531858484,493.9524954944188,501.5149841308594,6911468
2015-09-28,502.051666162156,509.37020356976757,492.7815187791813,494.4403991699219,6526803
2015-09-29,487.8049007807466,501.07585438935325,473.26541261701334,492.2936096191406,19935063
2015-09-30,496.4895125823934,497.6604903537299,479.6081000173691,483.6576843261719,12199436
2015-10-01,487.90249380116495,491.26903292007495,479.02266245814275,484.24322509765625,8137042
2015-10-05,492.29361555022376,502.4420112303217,489.41497892917977,500.8319091796875,9558125
2015-10-06,504.832659704708,506.00363753933067,492.7814925711331,494.1476135253906,8226452
2015-10-07,491.0738304113325,497.4653407831966,483.0234397488516,484.7798767089844,11251639
2015-10-08,487.9024656961311,488.3415898269389,472.48475969181465,479.6081237792969,9941551
2015-10-09,483.02345780920814,487.17062891161044,474.97306684572135,478.58355712890625,10368020
2015-10-12,485.7556805488195,485.7556805488195,473.3629758485463,475.2657775878906,5566595
2015-10-13,475.21698041833264,480.19359130257857,473.2653706424873,479.0226135253906,7268043
2015-10-14,477.85169574292047,484.77988706189313,476.24159375267664,483.5113525390625,5645540
2015-10-15,484.97509173325517,489.8541168009942,483.56016255192856,486.63397216796875,5251039
2015-10-16,482.5355721653098,495.2210371565111,479.5105707115669,492.7815246582031,5875167
2015-10-19,489.85408399167636,496.4895457276909,489.02464382987364,494.3915710449219,4242869
2015-10-20,492.39116057889714,500.8806453772905,492.39116057889714,497.07501220703125,5729459
2015-10-21,496.9774908577094,502.2956401934901,492.7815411320301,499.36822509765625,6245542
2015-10-23,502.7835495079683,514.7371613109234,502.7835495079683,512.9319458007812,11628906
2015-10-26,516.0544122776125,519.8112969849334,506.63793045876685,508.4431457519531,8015119
2015-10-27,504.7351176359673,515.7129234811188,503.1738535169091,509.1750183105469,13011580
2015-10-28,483.7065072771358,483.7065072771358,465.0198193701577,471.2161865234375,33157058
2015-10-29,473.2653547438157,474.63147558517414,455.74964568233844,457.60369873046875,22054683
2015-10-30,460.5799739335971,466.825120166686,453.74933872695476,463.897705078125,16103533
2015-11-02,466.239617293203,468.2400354116053,461.65335165871085,466.6787414550781,10316509
2015-11-03,469.3621692356448,471.80168154975934,461.89726751029474,463.1658020019531,9337442
2015-11-04,468.3863467261905,468.4839331709322,459.21378672530966,461.06781005859375,6319148
2015-11-05,460.5799824421933,460.5799824421933,450.82193196672307,452.578369140625,8078032
2015-11-06,450.8218808052862,456.1888079577301,448.38236846326623,453.8956604003906,9185858
2015-11-09,442.0396200133347,455.70088862301833,435.11139926258323,453.70050048828125,9643857
2015-11-10,451.7976569589688,462.04360814270353,451.0658033029878,457.0182189941406,7040567
2015-11-13,463.89765879974624,475.41217486692307,460.87265755416576,473.21661376953125,10014779
2015-11-16,472.2895907329505,473.26539567248136,465.45895615623425,469.8013000488281,6488927
2015-11-17,473.0214436995928,473.2653949340949,461.6045140132127,464.09283447265625,5944197
2015-11-18,463.2145990708212,465.1662088755785,451.0170377910882,452.3343505859375,6081331
2015-11-19,456.67671243457715,456.67671243457715,448.96785935573166,451.8464660644531,8717250
2015-11-20,451.74890873957213,454.0908346389792,447.16261361136395,448.7239074707031,11446890
2015-11-23,449.8460939941382,453.01746016654806,447.6017544607299,451.5049743652344,7774882
2015-11-24,451.65136172316335,455.6521682810269,451.50499692527205,452.6271667480469,5388027
2015-11-26,453.84687958630445,457.21338873238193,453.2613906715769,454.0420227050781,26648537
2015-11-27,455.70093648145155,463.8976925522576,454.8227179344376,459.6041564941406,10288912
2015-11-30,457.8964935911132,462.921883356091,456.7743238034704,457.3110046386719,8926273
2015-12-01,459.6041092024182,459.9456468742265,447.06501024604466,450.4315490722656,11177827
2015-12-02,451.06584893061626,452.1880186941268,446.1868240638708,448.38238525390625,7152991
2015-12-03,448.8702715899493,454.09083396536874,447.55292896748597,451.3097839355469,8154164
2015-12-04,448.7727263594707,451.6025549844393,445.0646791652646,449.35821533203125,7000002
2015-12-07,451.7489210749165,454.28599016401535,449.1630140907742,451.1146240234375,6335649
2015-12-08,448.870318780989,451.7489555631149,446.4308061789184,447.6993408203125,7003729
2015-12-09,445.991647548317,449.9436755259216,437.1606245226549,439.6977233886719,8745990
2015-12-10,441.0638342665289,443.6009330743452,434.3307861152036,439.0634460449219,10192522
2015-12-11,439.0634686609702,439.89287908193745,425.98765792697054,429.98846435546875,15589823
2015-12-14,421.54771938148116,430.769087654632,419.108207116542,420.9134521484375,10389129
2015-12-15,421.54771690240636,426.3291549577275,419.25456943100886,425.54852294921875,11058615
2015-12-16,426.4267499757441,431.208188127183,423.49933521618516,427.5489196777344,8881531
2015-12-17,431.305763790085,432.9158359117415,421.0110340547401,425.0118103027344,11529678
2015-12-18,423.7921008939328,430.1348334134735,420.66954275183605,422.0844421386719,10297545
2015-12-21,422.08437251252343,432.47671790360494,421.69405653154774,431.64727783203125,5061836
2015-12-22,432.1839828506921,439.7464708011338,430.9154483964924,435.8920593261719,8722574
2015-12-23,439.11226323220586,441.74694872328155,437.3558260909595,441.0638732910156,4493436
2015-12-24,441.8444432931861,444.23517719084725,437.59971583531717,439.84405517578125,3633255
2015-12-28,439.1122317011651,445.55255038862305,437.5509378103868,444.3327941894531,5914945
2015-12-29,444.3815867547757,448.7727092123905,440.28322366185824,447.2602233886719,5987050
2015-12-30,446.9186343440971,448.8702441010582,442.6250988346229,444.08880615234375,3766369
2015-12-31,444.967056984968,444.967056984968,437.35579029032766,438.2340087890625,6329611
2016-01-01,438.86825314097376,441.94203261569265,434.76986065521373,439.0146179199219,3345654
2016-01-04,438.03886025485787,438.03886025485787,425.5973464562693,427.79290771484375,5862854
2016-01-05,429.2566155997701,429.2566155997701,423.109055982013,425.8901062011719,5579449
2016-01-06,428.67113522470316,428.67113522470316,419.59616041121285,420.27923583984375,5756267
2016-01-07,414.7171029829003,414.86346776928883,397.1526139153892,399.3481750488281,13787371
2016-01-08,403.4953483378211,408.6183243445286,400.08003100001605,403.6905212402344,11307470
2016-01-11,400.0800274453379,413.1558077523448,397.54292863252675,407.1058349609375,10352347
2016-01-12,409.6428930671328,410.47233320408816,391.29777250239255,396.2743835449219,13070476
2016-01-13,400.0800690581181,401.4949982872015,382.9547024040204,396.85992431640625,15873927
2016-01-14,385.247746081585,392.27355297186597,379.3441386015246,381.1493835449219,11776737
2016-01-15,382.9546695586814,386.27240047632716,360.0720312695704,365.19500732421875,13178892
2016-01-18,363.2433835652217,374.074824195539,357.8764564742647,364.17041015625,14117119
2016-01-19,366.90267858917775,386.41877851413403,366.90267858917775,383.4913635253906,14215698
2016-01-20,376.27040542510593,383.8816723408625,365.58532900567394,378.2220153808594,15605644
2016-01-21,390.32200054493813,402.47078472358146,388.0776609534869,399.2506103515625,28200956
2016-01-22,409.2525912688907,417.3029821298922,404.56873940689866,413.8876647949219,15009103
2016-01-25,419.35216891256266,419.35216891256266,405.1542190844469,410.6675109863281,10252421
2016-01-27,413.83888010550476,416.1808060005464,401.64131838215934,405.349365234375,8648945
2016-01-28,405.93485315112713,406.8130716372,392.66390007303806,395.83526611328125,9370465
2016-01-29,386.4187623029593,399.88485877456264,383.7352986758554,398.51873779296875,13667701
2016-02-01,400.08004119758533,400.421578895912,384.95506403035955,389.638916015625,10700914
2016-02-02,389.3461645087197,394.66431325391596,379.1977992593205,381.442138671875,12131028
2016-02-03,377.6365136197979,380.56392845405986,369.97643884763824,371.3425598144531,10077279
2016-02-04,376.416733495711,377.24617360183356,364.31675890625826,373.48931884765625,11472602
2016-02-05,375.39219319412155,395.2010226654224,374.9530690350335,389.88287353515625,11677917
2016-02-08,391.297784642625,407.837690443814,391.297784642625,398.66510009765625,11996680
2016-02-09,391.2977871588531,396.0792254850033,386.4187623813113,390.2243957519531,6550274
2016-02-10,388.27279273320585,388.3703791863297,376.0264522358715,384.07684326171875,10922352
2016-02-11,383.3937269700527,387.15058167052183,364.26794558701084,368.0736083984375,8076824
2016-02-12,379.9784183586553,386.3699582581743,369.92763989940823,381.6372985839844,28434501
2016-02-15,386.0772423873938,409.838100098973,386.0772423873938,407.5449523925781,13964589
2016-02-16,410.61873400382785,412.27761442324856,395.2010268435874,395.9816589355469,12445006
2016-02-17,397.0550317951826,397.0550317951826,385.1990075011464,393.34698486328125,10197761
2016-02-18,400.2752132219022,402.1292367211793,382.1252347054321,388.4191589355469,12069460
2016-02-19,386.02844983148776,387.29698437339135,380.5639360755872,383.0034484863281,12915275
2016-02-22,385.44297976972314,389.1022485650053,381.5885380603436,387.54095458984375,10284642
2016-02-23,388.2727813493537,388.2727813493537,373.97724487236934,375.8312683105469,9955791
2016-02-24,375.6848802900326,381.5397095932539,368.1223924400384,377.2949523925781,11983475
2016-02-25,376.75832266535235,378.4171733251694,368.3176152320786,369.0494689941406,9491615
2016-02-26,375.684885216862,380.85663925751714,372.90383530552015,377.0022277832031,9588881
2016-02-29,377.6365279694517,382.1740151791352,364.95106320562,366.6587219238281,82022905
2016-03-01,370.9034607091714,383.68651127766304,370.9034607091714,382.5155334472656,12822550
2016-03-02,390.3219898614948,401.83647665072704,390.3219898614948,397.3965759277344,15332044
2016-03-03,401.3973804381705,408.86228250418407,397.25020931491804,407.0570373535156,14677533
2016-03-04,408.0328389544168,408.0328389544168,399.3481807473943,405.983642578125,8992492
2016-03-08,405.5446058379664,412.8143359712157,398.9091132851708,401.7877502441406,6921273
2016-03-09,399.1041777930575,408.0815941929922,397.6404705395377,406.7642517089844,8437253
2016-03-10,407.39853773509617,409.83804993710277,400.6654900133984,403.0074157714844,5631550
2016-03-11,403.83693007515274,411.740957017744,398.3724157827929,402.81231689453125,8348484
2016-03-14,407.49616812350644,412.03365535272206,403.10504568635486,405.398193359375,6963673
2016-03-15,407.39856921850736,411.54574028240836,406.0324482356514,408.7159118652344,8188560
2016-03-16,408.86229873833605,416.0344715097542,401.05585866695975,414.3268127441406,8290044
2016-03-17,419.5961387119636,424.4751635807074,415.2050163300942,417.7908935546875,11080947
2016-03-18,419.54732876860135,427.0122302995743,418.7178886475594,425.54852294921875,6675930
2016-03-21,428.37834292777615,434.7210746567751,427.30495160241287,433.7452697753906,8910574
2016-03-22,436.18479176810376,436.7702806659148,423.7920575847116,430.57391357421875,8004834
2016-03-23,428.6223009033203,430.5739106968471,424.57271653759267,426.9146423339844,5018310
2016-03-28,427.2562352365955,427.9880890037773,409.6429367055624,412.6679382324219,9200929
2016-03-29,413.64371289501844,422.4259574566078,412.1800054680869,419.0594482421875,6674980
2016-03-30,422.8162668136546,434.9162718421734,421.64531875809695,433.5013427734375,9551121
2016-03-31,432.96468370050127,438.1364382086542,427.59775628369147,433.4037780761719,12671936
2016-04-01,430.2323738326094,441.06381416280186,429.40293371296724,439.0146179199219,8827751
2016-04-04,440.5759103398701,440.62468867296667,431.40335027756043,433.9892272949219,5347581
2016-04-05,432.671890325029,438.624306220683,420.5719154196093,422.1332092285156,12100258
2016-04-06,422.8162246977576,425.74363921386265,412.8630332105207,414.3755187988281,7457831
2016-04-07,417.40057036363663,421.35256852787023,414.6195202803,416.3271789550781,5374072
2016-04-08,416.3759639880814,417.01023121913965,409.88683756029474,411.39935302734375,6881318
2016-04-11,413.6437571044824,421.4501975491217,407.3986107046124,419.4010009765625,6221772
2016-04-12,420.0840305632798,425.89008192177084,419.010639163491,423.5481262207031,5586212
2016-04-13,429.40297788955803,434.5259541342041,427.5001760090698,429.84210205078125,9091282
2016-04-18,434.1844737625512,435.2578355061839,426.817127685174,434.4772033691406,6674315
2016-04-20,435.3065712300543,449.50452059328893,433.59891265746995,447.9920349121094,10775664
2016-04-21,452.57834564463184,461.3118122784549,451.7977135588041,456.6279602050781,11717618
2016-04-22,454.3347315217844,466.92260778201114,450.9194146414562,464.33673095703125,7323373
2016-04-25,462.5315373748115,465.8004898500733,453.7492929942771,458.5307312011719,7474910
2016-04-26,458.7259071426961,473.16780830815884,452.43195338320527,468.58154296875,12685893
2016-04-27,450.13879011046424,462.0436218458395,446.9674241738244,454.2371826171875,29544825
2016-04-28,451.7977214932039,460.43360182315917,450.38279231118645,456.72552490234375,16457436
2016-04-29,455.45698358672377,465.8981089946629,453.79810317563636,460.97027587890625,10883473
2016-05-02,462.87308612651674,467.41057320913626,457.1158428507627,460.384765625,9439328
2016-05-03,462.4339610920486,463.50735249577434,455.0178374962755,459.1650085449219,8097969
2016-05-04,454.7251125510952,458.62833240131926,449.11423401639826,451.2610168457031,8777977
2016-05-05,451.7976678890467,455.99361703983425,447.35776751369696,449.89483642578125,8736141
2016-05-06,449.84609313505626,452.8222863948754,447.8944831865311,450.28521728515625,4804806
2016-05-09,454.52993523489295,466.4347675742005,450.4803506354347,465.5565490722656,10228014
2016-05-10,467.4105766499349,477.1686262668438,466.5811364766568,476.14404296875,12131886
2016-05-11,470.9234342301613,487.2681657336733,468.6302868395,486.14599609375,21878712
2016-05-12,486.5363588204659,494.63552807359855,478.7299191435365,480.6327209472656,13528266
2016-05-13,481.75490944968124,484.19442179289575,474.72910198954213,478.7786865234375,7426191
2016-05-16,480.096003047429,481.7060751505892,465.70288100484856,474.6802978515625,5809867
2016-05-17,478.8275205841974,493.2694225269137,478.43717476476854,491.17144775390625,8982435
2016-05-18,486.4387617999829,490.82988402285133,483.26739575013346,488.9758605957031,8241793
2016-05-19,489.6101298200975,489.6101298200975,477.16861680523704,478.63232421875,5989236
2016-05-20,481.9988720061294,483.70653068649233,476.2904070330752,478.72991943359375,5012902
2016-05-23,483.41378440138215,483.41378440138215,473.26541849667586,474.7291259765625,4700955
2016-05-24,471.55774239894185,479.07145243058585,470.33798621063625,477.1198425292969,4838908
2016-05-25,482.04762322364934,490.8298673714486,481.41335599103763,490.00042724609375,7144175
2016-05-26,490.3419679851201,510.3459686690902,488.1464069344405,506.4427490234375,11207975
2016-05-27,507.66254781623036,512.2976215348792,496.6847416404829,500.00250244140625,7699491
2016-05-30,501.51497785461197,509.418974313645,500.1000487318839,501.2710266113281,4892196
2016-05-31,502.5395377961262,506.1500279405175,498.3435885184417,502.7347106933594,5706744
2016-06-01,512.1512025725323,516.6399410634519,497.66052293399366,499.5633544921875,9559476
2016-06-02,498.1483654601645,512.2975354879262,494.48909734953645,511.6632385253906,7013241
2016-06-03,514.3956517312942,531.7649695678068,514.2492571516239,529.5206298828125,13581215
2016-06-06,528.9838994458692,531.8137579445361,517.4694116442574,519.9577026367188,9416306
2016-06-07,526.0563891164566,526.0563891164566,514.0052226229811,521.4701538085938,11455340
2016-06-08,523.421854026505,528.349657630344,517.9573099970169,525.9589233398438,6988719
2016-06-09,529.8133081893467,532.69194469633,524.1048135110766,529.4717407226562,7019405
2016-06-10,526.9347671171156,535.8634078277452,525.2758864941374,527.9593505859375,6382258
2016-06-13,516.9814556944694,521.665307588959,511.32179884036077,518.298828125,6788154
2016-06-14,522.836247336934,522.836247336934,512.785468897251,516.8350830078125,8234417
2016-06-15,519.0305847431522,520.4942919087466,510.00439055531973,516.0055541992188,7836638
2016-06-16,515.2250264540085,515.5177560346301,503.5153667618719,510.7851257324219,5375177
2016-06-17,514.151611328125,520.9822454380763,512.004828696174,514.151611328125,7201452
2016-06-20,502.5395671241256,511.22425531138214,501.5637621394186,509.809326171875,11335041
2016-06-21,511.8097224375086,511.8097224375086,502.97869910026895,504.88153076171875,5301794
2016-06-22,505.3694211431849,508.3943927469142,501.17341209758666,503.7105407714844,5374493
2016-06-23,505.46697179605445,515.2250214446269,502.34438399682955,513.6637573242188,5874012
2016-06-24,489.85406524030515,499.2217983401834,480.87664814892133,498.1484069824219,9745784
2016-06-27,495.1234258844003,505.0766185111044,494.8794746467967,502.00286865234375,4612787
2016-06-28,502.5395561841675,507.90648348322173,500.3439950163726,501.5637512207031,4479273
2016-06-29,505.95491477707344,506.3940389580901,501.8077433444745,505.32061767578125,4721178
2016-06-30,509.37022221144275,522.2996387714076,508.39441718804915,520.5919799804688,10912401
2016-07-01,522.8362755500634,532.4967682906924,522.5435459794033,529.7645263671875,6701034
2016-07-04,532.301569182121,533.7164981887864,526.4467398235643,530.6914672851562,5173772
2016-07-05,528.105675266105,533.0334785797368,522.2996236335086,526.6419677734375,5219466
2016-07-07,531.0741621570592,537.6732038646566,527.2329118766437,534.0781860351562,4650991
2016-07-08,532.8469648902378,540.2339376012854,531.8620351954314,538.21484375,6016471
2016-07-11,543.3365417462198,544.6661729142493,533.3887148154696,536.19580078125,6082359
2016-07-12,541.7113659428616,553.6289919474679,540.8741996961774,552.5455932617188,6541827
2016-07-13,555.2049350180388,555.2049350180388,542.7947835865182,548.4581298828125,6365885
2016-07-14,547.3746404073324,553.2349837132127,545.2570176623672,551.8068237304688,4020476
2016-07-15,547.7686470765606,561.8531290017721,547.6208835834167,556.5344848632812,6247207
2016-07-18,561.4099676930549,568.1074780915878,560.4250379251723,562.3948974609375,6641864
2016-07-19,562.0994089143499,565.2019014945371,555.3526041948826,556.9285278320312,5547223
2016-07-20,554.8108577888628,559.2922756568738,547.4731199001844,549.8369750976562,5258296
2016-07-21,549.4923598997922,549.4923598997922,527.479142783213,529.9414672851562,9416152
2016-07-22,529.8430952882123,537.0823066022315,524.869210907363,529.5968627929688,8134377
2016-07-25,510.68612184573226,531.8621133976768,510.68612184573226,529.99072265625,15701682
2016-07-26,531.5666156744435,550.7727464344987,527.380664098534,545.4541015625,11437473
2016-07-27,545.5032615214557,549.6892125256306,535.2600292510288,540.57861328125,7787071
2016-07-28,539.8400044238431,545.0108859225976,529.9414718635818,535.654052734375,12174235
2016-07-29,534.3243551551934,543.4841892205008,534.3243551551934,537.9193725585938,4861274
2016-08-01,538.0179264930721,549.2953852133418,538.0179264930721,542.2531127929688,7026398
2016-08-02,543.6811989518366,547.226921855387,538.8550193352953,541.3666381835938,5749264
2016-08-03,541.3666940274169,544.6169503768363,532.6992636085054,541.0711669921875,6489800
2016-08-04,543.5827382655993,547.620926084475,536.4419977725913,539.2490234375,5769753
2016-08-05,544.0751734356646,560.4249819019599,542.2530174780294,558.7013549804688,8030392
2016-08-08,559.8833411655671,563.7738257897665,556.7315538706963,562.5426635742188,7360104
2016-08-09,561.9023972220444,567.3195106045532,558.1596763626516,565.4481201171875,7958291
2016-08-10,565.398833800996,566.6299958204719,554.5153735718967,559.341552734375,6611328
2016-08-11,555.7465829418228,566.2361082876131,555.7465829418228,561.1636962890625,5098948
2016-08-12,561.2622756067342,584.2604246826909,561.213041135143,582.0935668945312,13209690
2016-08-16,584.9991097062136,584.9991097062136,571.2593259638412,574.5095825195312,11126973
2016-08-17,579.3356313119572,588.9879298448765,576.3808423662471,580.6160278320312,9879769
2016-08-18,582.1919056484478,588.2984816439503,581.896438769623,584.2110595703125,12089285
2016-08-19,586.4271633540728,588.5939605867565,577.2672691154073,579.6803588867188,9209878
2016-08-22,581.0100893929363,581.0593238578614,570.6683269143105,571.5054931640625,9499230
2016-08-23,572.490395476378,576.1838818988064,571.3577022606978,573.7215576171875,6963978
2016-08-24,576.0361934388321,576.0361934388321,569.9296765171626,574.6080932617188,5835501
2016-08-25,577.9567426817798,585.0482486276064,576.1838812241579,577.7105102539062,17177795
2016-08-26,577.661274100507,580.1235983720351,571.5546978840493,577.5628051757812,7531289
2016-08-29,577.5628056039983,588.0030364768829,577.1688096741262,580.2713623046875,12461059
2016-08-30,583.0784382517112,590.219179260706,579.6804184381552,582.2412719726562,11834475
2016-08-31,582.5859961201744,594.749855509512,571.9487659486572,587.8553466796875,120541914
2016-09-01,588.0523220792608,593.9126663825555,583.0784386376,587.6583862304688,10204784
2016-09-02,588.692527240858,592.9277131689968,585.294507559263,590.169921875,7279782
2016-09-06,593.4201567755931,628.1881638963899,593.4201567755931,626.3168334960938,15252302
2016-09-07,628.1390131393044,628.6807125348577,613.1188328956755,615.6796264648438,11869960
2016-09-08,616.5659273784897,624.4453641500999,610.4101174006694,619.8654174804688,8039571
2016-09-09,605.8302721202261,615.2856338977666,602.4815470010625,603.8604125976562,9795054
2016-09-12,588.7909298480828,592.7798828878766,579.5326272528661,583.1768188476562,8471237
2016-09-14,584.0633430937523,595.537798753788,581.5517842485422,592.730712890625,5915220
2016-09-15,591.992066375617,593.912691580414,574.509561772711,579.87744140625,7145326
2016-09-16,583.3246319976445,603.1709900830418,583.3246319976445,593.1246948242188,19309804
2016-09-19,593.9126103043492,596.8673994103409,583.9155497829416,585.3929443359375,5311980
2016-09-20,589.7759140319075,589.9729120022217,580.271378146485,584.0140991210938,4538973
2016-09-21,587.5105952400122,591.3025507272773,585.5407357421412,589.8744506835938,5480087
2016-09-22,600.8072049125979,602.777064600836,581.1086080302176,582.8814697265625,10205715
2016-09-23,586.6241041814496,587.1165690305326,547.3254452938347,549.049072265625,30222177
2016-09-26,550.6742661498131,551.5607270787576,537.0822459698705,539.150634765625,14880674
2016-09-27,542.6962821805323,545.8973038086389,530.5816585033815,532.8469848632812,9085199
2016-09-28,534.9646063415604,542.3515793089094,532.3545185136277,540.8248901367188,10240083
2016-09-29,546.094254578798,546.4881903682358,515.5614355342896,531.1725463867188,16581655
2016-09-30,526.9373710606194,538.9042905429902,522.603656486136,533.191650390625,5781645
2016-10-03,534.767575434149,543.9766437867504,534.7183409738005,542.5977783203125,5276340
2016-10-04,544.6662464404532,545.0109478667432,532.8470873856875,538.3626708984375,5690321
2016-10-05,541.7113758385783,542.3516042379791,525.213802119858,527.6268920898438,8222912
2016-10-06,523.6871199328351,526.9373758354819,516.1523838770903,522.8006591796875,10646794
2016-10-07,522.0127322645902,531.2710953357952,522.0127322645902,525.8046875,7702773
2016-10-10,529.8922997870573,530.6309972309983,522.3083273395252,523.5394897460938,3261598
2016-10-13,521.0278944670595,521.9143553846926,505.4660147461223,510.9815979003906,10008090
2016-10-14,513.1483512361186,517.0880698636512,509.0116346541423,512.8036499023438,4314775
2016-10-17,516.2509399674445,525.7554757548478,509.3071373063561,511.17852783203125,7930102
2016-10-18,516.0046451335412,526.0016445750063,510.58753229524996,524.42578125,13532992
2016-10-19,527.5776550227074,533.8319350122304,521.1263169408946,527.4791259765625,10754624
2016-10-20,529.0057003407704,536.6389052635009,527.922301752711,531.9112548828125,6969699
2016-10-21,530.5816595013449,531.0741243681338,516.300178364469,518.1715087890625,6526349
2016-10-24,521.4711559276001,522.0128553582034,509.7504658837942,513.690185546875,10660533
2016-10-25,513.0499062670815,523.490137071286,512.261914412521,521.1262817382812,7356952
2016-10-26,491.479972944481,494.43476236098087,477.19849076473156,480.2025146484375,38780250
2016-10-27,477.6909174118856,482.2216001658829,470.10694649382486,478.33111572265625,17198496
2016-10-28,479.5622863769531,486.5552935713959,477.24769546685064,479.5622863769531,12688495
2016-11-01,480.69496745036395,480.69496745036395,467.2999464789032,468.62957763671875,10425548
2016-11-02,462.7199935684074,473.25875412240134,461.045630995293,469.614501953125,9885845
2016-11-03,468.33407108463194,472.5692567601215,466.51194513302124,468.6788024902344,6631504
2016-11-04,467.25065451838174,478.38037842142387,467.05368660840946,471.4858703613281,10868004
2016-11-07,477.4446710926167,482.0738526961594,474.7853488850208,478.0848693847656,6990315
2016-11-08,479.71000782066295,485.02865235166917,475.96728690993314,483.4527587890625,7460548
2016-11-09,452.0827807244825,486.5060894497751,452.03354625727644,480.2025146484375,12824970
2016-11-10,486.5552978261516,505.8598969326316,486.5552978261516,499.3101501464844,11433458
2016-11-11,497.38954533550674,504.9735167627011,487.54024740807097,491.2337341308594,7085764
2016-11-15,490.49501092023775,495.41965962425616,469.56525392815934,472.0768127441406,11822835
2016-11-16,479.51304356991085,480.0055084333784,463.0154706437471,465.5762939453125,10704594
2016-11-17,467.2014326326589,477.09996459091735,464.2466433845017,466.9552001953125,10250008
2016-11-18,470.796420783537,471.6828515475367,464.88684227997794,466.31500244140625,4572569
2016-11-21,468.728027368156,469.31899118600995,456.07167500459667,458.6817626953125,6217176
2016-11-22,460.99637821581825,468.334117206689,451.1470802724599,463.65570068359375,7313923
2016-11-23,467.84161459518896,475.2778219198973,462.0797697512722,473.25872802734375,6477616
2016-11-24,472.4707644449516,472.4707644449516,459.02645069575584,461.1440734863281,8199524
2016-11-25,465.13304109342045,465.87173835296534,458.2877677985706,464.098876953125,4674455
2016-11-28,457.00738597676934,470.4024360600361,454.20033028843847,465.77325439453125,8268812
2016-11-29,465.87178315068434,468.4326065748862,456.0224854096551,457.6476135253906,7612624
2016-11-30,457.99231101234113,463.90188921895196,455.08675637102317,462.76922607421875,13575386
2016-12-01,466.85672368301636,467.299954114645,457.3028926309913,459.0265197753906,7451748
2016-12-02,459.8637070530409,459.8637070530409,451.0978380457816,453.0184631347656,6381901
2016-12-05,450.80237267613086,457.6968811414388,448.9309820465529,453.806396484375,4995436
2016-12-06,454.8405813010142,456.21950710257414,447.50287213712414,449.0787658691406,5465618
2016-12-07,450.9501169798904,450.9501169798904,434.6002762144525,440.36212158203125,7558363
2016-12-08,443.11988537074615,446.02544013570747,440.6575610132096,442.57818603515625,7629221
2016-12-09,444.8927902427182,451.09783578614025,438.8354480959594,449.5219421386719,7780448
2016-12-12,438.2937434440516,445.18825176789056,437.4073126710922,438.3922424316406,6849079
2016-12-13,439.0816602903106,447.6013264753221,435.63440624567886,446.1239318847656,8404874
2016-12-14,447.7983232980773,462.72000361457685,447.15812494570264,460.1592102050781,12775149
2016-12-15,452.1812330862488,472.1752940529801,452.1812330862488,470.8948974609375,18021627
2016-12-16,472.27381552355916,473.4557432476248,461.6365862376505,465.6747741699219,20477361
2016-12-19,462.4245221528833,465.62554387172645,459.42049840903724,460.55316162109375,3735250
2016-12-20,461.9320186811342,462.6214814783525,453.5108819627864,454.6927795410156,4836019
2016-12-21,456.56418327769137,458.78027526221666,448.2415447481879,450.8023681640625,4454408
2016-12-22,448.9309993740244,448.9309993740244,438.34300382220613,440.8053283691406,6540181
2016-12-23,441.24854048866155,442.5782017003291,429.42938315414386,431.49774169921875,9018273
2016-12-26,428.5429427957839,429.2816401126954,420.56500576160573,425.4896545410156,4494204
2016-12-27,424.60322647550043,432.28566659722196,424.60322647550043,431.05450439453125,4694669
2016-12-28,433.07363358622604,441.4947711296005,431.39924094760744,433.4183349609375,5072550
2016-12-29,435.33893134826076,439.1801512015645,431.1037456229178,437.5550231933594,6082573
2016-12-30,438.7862094666278,445.38525090255007,438.3429790501587,443.1691589355469,4616817
2017-01-02,444.5973071057011,445.1882709990927,434.60027561581785,441.0023193359375,3054394
2017-01-03,442.8244349825667,450.9008411418305,436.8163573146194,448.3892822265625,4621782
2017-01-04,448.14302795931434,453.0676766182079,445.13900430045726,446.27166748046875,3703873
2017-01-05,447.7490442863941,456.90887840489324,446.41938318979425,451.14703369140625,5829373
2017-01-06,452.77224147690214,454.8405700125635,447.20736405592396,448.3400573730469,4431212
2017-01-09,450.01439333781974,452.42748323001877,444.7450132038977,445.92694091796875,2690456
2017-01-10,448.635540067666,449.1772394541186,418.00421617225777,440.6083679199219,9436151
2017-01-11,445.0405026185054,450.654584021017,441.44551513083513,446.7641296386719,5678047
2017-01-12,447.35512757219016,454.44660410375525,445.779233879285,448.3400573730469,5106342
2017-01-13,450.1128961298572,468.0386296180532,448.3400346014293,465.6747741699219,12693510
2017-01-16,465.3792925715259,473.25873032935067,461.24257572560003,470.0577087402344,7430300
2017-01-17,470.10695947694705,480.8427178397611,469.76225810924535,479.8577880859375,11331156
2017-01-18,479.8085224177296,484.28997082152654,475.9673023985255,481.13818359375,8789347
2017-01-19,479.3653230166255,480.54722068613705,472.0768187951195,476.5090026855469,7688347
2017-01-20,451.09783309284876,454.44658828768064,441.24853542706603,443.95709228515625,30189779
2017-01-23,438.53996412298653,442.1842161623489,434.4525117378661,438.2937316894531,16502895
2017-01-24,441.05153474643043,445.7299511089921,438.58921034508217,444.4495544433594,7103963
2017-01-25,445.1882517558388,458.09083763020817,445.1882517558388,456.5641784667969,14328065
2017-01-27,458.2385875973234,471.63363883470106,458.2385875973234,465.72406005859375,8821164
2017-01-30,464.8868290619178,469.4175117973603,463.75416589247465,464.788330078125,4525720
2017-01-31,464.8868738264485,464.8868738264485,457.30290220917675,458.977294921875,10629001
2017-02-01,460.7008728098032,472.6677627996356,453.0676675414419,468.4818115234375,8340303
2017-02-02,469.07278671820325,478.67585164314283,466.2164964956527,475.27783203125,7557596
2017-02-03,476.4105452703117,485.077915286887,472.9140265265343,483.3050537109375,7134563
2017-02-06,487.29400813397893,492.6618874523082,484.585451241875,490.7904968261719,8575116
2017-02-07,490.8889736232706,492.1694003126184,483.2065337178646,485.9643249511719,5242366
2017-02-08,484.9794209727513,485.2749179433724,474.5884237458521,480.25177001953125,9694192
2017-02-09,483.6005104061011,487.0969990183518,475.6718378899248,477.9371643066406,7938519
2017-02-10,482.36933128488744,485.0778880200246,478.87284279532366,481.5321350097656,10345868
2017-02-13,485.27489669052113,486.4075598841171,479.41455269308454,482.9110412597656,6626404
2017-02-14,482.9110414952627,484.0437347470814,474.8346356284774,479.5622863769531,4089031
2017-02-15,480.6457144307384,486.0135935514449,476.5089974883893,480.84271240234375,6242589
2017-02-16,480.350229748957,486.90000628381887,479.217536540663,485.71807861328125,5218900
2017-02-17,493.4498147450129,496.4046040548632,480.0547638621569,481.7291564941406,12983330
2017-02-20,482.02461500397266,483.25577719496033,472.4215499142685,473.8004455566406,5840632
2017-02-21,474.6376435607508,501.37848043339915,473.94821076592683,496.74932861328125,16440027
2017-02-22,500.8368566138559,520.0922242305122,500.14739365739405,517.3836669921875,20167381
2017-02-23,517.0881817267812,522.01283107656,510.2429071075188,520.1907348632812,10360480
2017-02-27,519.944429210913,519.944429210913,499.65484067647986,501.2799987792969,7372140
2017-02-28,501.7231745483863,504.77646257746176,496.99552409267943,499.0146179199219,5799421
2017-03-01,503.29913876711845,514.1333668032012,502.4619424073411,505.6629943847656,7624002
2017-03-02,507.3372916775351,511.96647353927796,496.1091285635719,498.669921875,7112655
2017-03-03,499.60562447744076,507.23883017423753,498.62069471011216,505.1705017089844,3965255
2017-03-06,506.9433473055879,512.9513946509874,504.5794918922902,510.8338317871094,6994407
2017-03-07,511.1785114386063,512.0649722097794,501.5754469173608,504.0870056152344,6043543
2017-03-08,496.99553569924836,505.0719412544987,492.71108546626874,502.4618835449219,8850848
2017-03-09,501.92022673091236,511.7202601016425,498.86693837198777,508.6177673339844,8560015
2017-03-10,511.3755614755034,512.1634932882627,505.2689847247668,508.12530517578125,5494130
2017-03-14,516.989638291161,517.7283355871865,501.8709308966358,503.2005920410156,7975713
2017-03-15,506.94331440782776,508.02671300133426,501.37843771262794,503.988525390625,6248549
2017-03-16,505.268920838125,509.0116415620068,503.59452837563316,505.9091491699219,5362177
2017-03-17,507.53425879361976,511.1785106808863,503.9885359448585,509.3564147949219,20296836
2017-03-20,510.1935907442617,510.4398231722271,493.74525253310674,495.27191162109375,4932998
2017-03-21,491.2336895321642,492.4648516613175,478.72507027689903,480.941162109375,11017752
2017-03-22,477.69092486647264,494.828696365612,476.7059951244799,478.1341552734375,12685275
2017-03-23,480.20247442668983,484.58542371711786,475.7210562100974,480.8919372558594,6942275
2017-03-24,483.60053098776734,488.22971306306124,477.5432187394753,481.97540283203125,5501203
2017-03-27,481.0396643347202,485.8165794395779,476.2627492298626,479.8085021972656,5384510
2017-03-28,484.88092396467084,497.38954433030364,482.6648319354764,495.2226867675781,11194711
2017-03-29,498.37445454823876,505.2689628127401,492.56337502255036,496.6015930175781,12677454
2017-03-30,491.43063787823104,496.40452035475084,487.5401539198446,491.7261047363281,8454772
2017-03-31,492.1694332038355,496.1091524048022,481.43367433506353,483.4035339355469,6985211
2017-04-03,488.2296671043328,496.10910474938044,483.9452168733043,493.0558166503906,5755303
2017-04-05,496.2568209867491,502.85583175106444,491.332172629349,500.6397399902344,6595144
2017-04-06,500.04882273741896,509.84888531516026,497.53723395764985,501.03375244140625,9928098
2017-04-07,499.3593843003104,507.1403533878127,494.9272004159881,496.6015930175781,5019268
2017-04-10,497.0447791184258,505.2689483239262,495.76438250051694,503.0528564453125,5986936
2017-04-11,501.9202063201406,508.81468450846734,500.44281169599833,507.2880554199219,7406691
2017-04-12,507.53428528376156,512.5574630495794,495.6658938864003,498.37445068359375,6161411
2017-04-13,498.96539682233646,503.64381294225615,495.3211448742786,499.90106201171875,6216374
2017-04-17,497.9312065234304,501.3784605337414,493.6960207624018,494.7794494628906,4070932
2017-04-18,497.38949707897945,501.2799814059321,490.49498919867676,492.1201171875,5450454
2017-04-19,490.7412499169091,493.8930371526901,480.8919523771819,491.972412109375,7447021
2017-04-20,488.6729239711355,496.7985949826381,479.66082213354895,480.645751953125,8153829
2017-04-21,484.5854655366324,489.51011457663884,476.01656418395226,478.922119140625,10301245
2017-04-24,480.59646303034367,496.0106069486466,473.7511895368372,491.13519287109375,14182302
2017-04-25,493.44982452984374,512.3112540445371,487.63874478344184,508.6177673339844,13778124
2017-04-26,511.67097552739966,517.0880888390468,500.39351851917576,509.3564147949219,11516903
2017-04-27,516.1031638704168,516.1031638704168,495.66587255302915,498.96539306640625,22108735
2017-04-28,500.6398211383202,507.5343299562028,496.8970998031103,501.969482421875,9287281
2017-05-02,501.8216978386033,505.36742082331904,494.04075897687926,497.93121337890625,7539462
2017-05-03,499.2608758523238,499.70410625542485,492.46486670335156,493.30206298828125,7220815
2017-05-04,497.34030436542355,513.9363471099957,494.43474949175595,511.0307922363281,15719994
2017-05-05,514.1333350190087,514.5273309693745,494.92720468783875,496.8970642089844,9440005
2017-05-08,501.3292666910314,505.95844876016673,495.7151548248607,503.4961242675781,6834456
2017-05-09,505.26888747706323,513.3945567201155,502.85579792121155,510.3905334472656,7872272
2017-05-10,511.17857552855975,519.5997134491693,507.92831915231426,518.4177856445312,8812464
2017-05-11,517.285041655049,526.5433438922863,505.7121187720029,509.1101379394531,8962710
2017-05-12,508.91322769971185,509.0609310970273,491.67695660557354,495.419677734375,9934430
2017-05-15,497.38953488123747,500.83678908338464,490.8889923742256,492.5633850097656,8806756
2017-05-16,494.533224593094,496.89704993905,486.0628228838874,493.9422607421875,8610492
2017-05-17,493.79455660558926,499.11317146412154,490.98750069040864,495.2226867675781,6443135
2017-05-18,490.4950278677592,491.5784566316118,482.861822112789,484.58544921875,9227022
2017-05-19,488.2789380175047,496.25687524021754,486.7523088828786,494.1392822265625,7611430
2017-05-22,496.40455604426074,499.802575445012,491.9723725081513,494.73016357421875,4970982
2017-05-23,494.68094465314783,498.4729300313609,487.7372022515173,493.0558166503906,7549551
2017-05-24,495.4196425635451,497.3895019773166,487.54020490845886,491.775390625,7271148
2017-05-25,494.43470296886204,502.21564148612117,488.37739140418364,499.8025817871094,9157557
2017-05-26,500.344320377221,505.2689691998314,497.38953108365473,503.7423400878906,5995136
2017-05-29,504.1855079183193,507.2387960028801,494.631707853449,499.6055908203125,5441466
2017-05-30,497.38952447398117,509.1594470266812,496.05986329801163,506.64788818359375,4725430
2017-05-31,506.25389663858414,508.2237561585786,501.82171271859653,506.3031311035156,7263061
2017-06-01,504.43178059794775,508.174501514247,497.8819739079195,501.62469482421875,8105813
2017-06-02,505.7614339255524,505.7614339255524,498.71919212293335,500.3935546875,4474040
2017-06-05,499.7040742127475,508.96240710156155,499.35934281662645,505.9091491699219,3858825
2017-06-06,506.25392119765763,506.64791716690655,497.93125229886846,502.5111999511719,3866339
2017-06-07,502.3141499121685,507.68202883135643,500.4427894828531,506.45086669921875,3389166
2017-06-08,506.2538815164127,513.9363213918429,503.64382374191854,507.9775085449219,5980728
2017-06-09,507.2387801786245,508.5684111873271,501.7231680136922,505.9091491699219,3242063
2017-06-12,504.72725133680433,505.3674195910543,498.3744425656173,499.8518371582031,2360518
2017-06-13,501.3292161770096,504.57947215666127,497.88196223473153,498.8176574707031,2181945
2017-06-14,501.3292514250721,503.2006119709202,493.99151263753055,501.82171630859375,4648343
2017-06-15,501.181540682563,501.62474106321343,496.4046250844028,499.95037841796875,3425367
2017-06-16,499.99962471651213,506.5494021076004,499.8518912527996,502.7574462890625,4999502
2017-06-19,503.2990872712927,517.432804717022,501.62469472305617,512.3112182617188,6844723
2017-06-20,512.3604608130105,513.8378554173644,502.80663034845367,504.13629150390625,4388846
2017-06-21,503.34833966709164,504.77649983603754,499.11315374031614,500.09808349609375,4346995
2017-06-22,501.23076062727404,506.6971389582916,499.014668615214,500.3443298339844,3463745
2017-06-23,501.920214163613,502.7574104752439,496.05987003986786,497.0447998046875,3548884
2017-06-27,498.3743956005647,499.0638583685335,477.1491739770067,485.4225769042969,9842829
2017-06-28,486.3583107903842,492.80961885015535,482.66482413475353,484.58544921875,12691859
2017-06-29,490.4949920419496,506.64786321557085,490.19952515414866,504.3824768066406,11855524
2017-06-30,502.9050994595654,512.1634324186771,500.44277526524485,509.5533447265625,7600005
2017-07-03,509.307162024891,513.9363439851744,507.23883354588946,509.4549255371094,3701949
2017-07-04,509.011654155682,509.75035142664575,498.9161247858442,500.7382507324219,4086213
2017-07-05,500.09802367068903,507.632759447164,500.09802367068903,506.1553649902344,3154406
2017-07-06,508.2440769543708,510.08407525977776,505.4094414917571,506.7521667480469,3514758
2017-07-07,505.50887125051224,506.2051081037104,498.54662413048555,500.4363708496094,3509920
2017-07-10,506.35431571865274,510.382491373139,503.9672655269146,507.1997375488281,1238680
2017-07-11,509.23864806884785,509.63651504504264,503.07207417369364,504.0666809082031,3928279
2017-07-12,506.15536620350645,507.14997294800264,501.48073271616784,504.0169677734375,5504892
2017-07-13,505.2602606936868,514.0625067009379,505.2602606936868,509.13922119140625,22231839
2017-07-14,511.2278882169608,511.725191610168,504.9618776037467,510.1835632324219,3160157
2017-07-17,510.33271850242727,511.2278888937775,505.75755156125655,507.74676513671875,3169635
2017-07-18,506.2548905225061,519.8810166129336,505.60840213565933,513.76416015625,7864083
2017-07-19,515.2063231106293,519.1350321172446,513.2668277067579,517.3944702148438,8119092
2017-07-20,517.9911846904015,541.2650069871158,517.891748297518,537.087646484375,16391849
2017-07-21,537.0876884931686,539.4747691688649,529.3794855564611,537.8833618164062,5567645
2017-07-24,538.0822848193991,543.4531858818747,528.5340837149781,531.9157104492188,4779353
2017-07-25,530.6226666051406,544.5471601992773,527.0918250135364,542.0109252929688,8181916
2017-07-26,535.9936500351336,541.0164024329075,522.5664577032315,525.997802734375,12085057
2017-07-27,529.5286985078872,532.0649337732928,519.1847632338615,521.8204956054688,12290852
2017-07-28,520.9749900568287,526.793475817678,509.2386428510659,512.3218994140625,8268116
2017-07-31,514.6095014759879,518.3889945789678,506.65261797737236,516.9965209960938,7245884
2017-08-01,515.4052857536973,518.9361279570089,511.9738799537525,513.76416015625,4562630
2017-08-02,515.9521805691182,521.2235834775943,509.8353256158867,514.1121826171875,4079631
2017-08-03,513.2170632102273,513.5651512769135,502.0774558985775,503.27099609375,4140945
2017-08-04,503.27106077742883,508.0451614657413,501.8786172727537,505.3597412109375,4972811
2017-08-07,506.25486697460985,509.03975390517945,501.3812996696175,503.0721130371094,5293884
2017-08-08,504.96185324839973,508.19432514833755,493.3746604631548,496.75634765625,8898560
2017-08-09,491.78331148707457,495.9606415556994,482.8318508861788,484.3237609863281,7169705
2017-08-10,482.483755155385,491.4849343751812,480.9420964342497,482.881591796875,10095387
2017-08-11,480.2956155388629,490.6892686943869,477.4112619021356,487.0589599609375,9261420
2017-08-14,488.35191480969195,494.76714049574,487.1086563707671,489.0978698730469,3983656
2017-08-16,490.2914590965751,498.8450537285058,485.36814304538916,496.8061218261719,5958229
2017-08-17,497.50231886253374,500.7347908674205,492.330351513519,494.46875,3948664
2017-08-18,492.6287246084093,493.2752432959845,487.20813588443644,487.7551574707031,4166976
2017-08-21,489.44598867311083,500.6850328282134,489.1475884357518,492.13140869140625,17884400
2017-08-22,493.32496708295366,504.2656417561643,493.32496708295366,496.5077209472656,6654272
2017-08-23,502.2764188943669,503.0720921692413,497.45256998884287,499.9390869140625,3288488
2017-08-24,500.287212885047,507.746763772995,499.3423242980441,504.116455078125,7157375
2017-08-28,504.7629348717476,510.1338357025284,503.4699582142572,507.8462219238281,3724389
2017-08-29,506.6526483860081,506.7023969329457,498.29795815225646,500.8839416503906,3266295
2017-08-30,503.46992564242254,506.752115624013,499.5909352149221,501.18231201171875,3972126
2017-08-31,501.2818285344567,502.67427198756536,495.8612093188302,497.6515197753906,4491876
2017-09-01,499.29259717072495,507.05051781425345,495.8114734852717,504.8126525878906,4569367
2017-09-04,503.8678250153269,506.25487533135976,497.00504397436066,499.0439758300781,3744616
2017-09-05,499.54126684082013,503.91753070372044,498.7953117385193,500.68505859375,3216819
2017-09-06,499.29260149517245,499.29260149517245,488.84923034836106,490.19195556640625,4947660
2017-09-07,491.3357691268427,496.3088032273168,491.3357691268427,493.9217529296875,4564617
2017-09-08,495.31418155562056,495.8114849507567,489.19735586604384,491.33575439453125,3662579
2017-09-11,492.67848962376127,494.71742144397393,489.99303909436753,491.2362976074219,3590293
2017-09-12,492.2308887084805,499.4915364047912,490.58979359422204,493.822265625,3324949
2017-09-13,493.42442377037804,502.87318806819684,492.38006845198316,496.6071472167969,4430874
2017-09-14,502.27644868514005,518.9858312724788,499.3920949514079,516.9468994140625,15168429
2017-09-15,515.1566131376724,517.1955449718457,508.2440836165637,513.3663330078125,8942804
2017-09-18,515.8528039913746,523.1631391630684,515.5046552128318,521.720947265625,7337260
2017-09-19,519.1847257279915,521.2733756295632,514.7089953337846,517.9414672851562,2386279
2017-09-20,513.9630481164289,519.6820370408013,513.9630481164289,516.6484985351562,8297561
2017-09-21,515.2063247927777,519.6820554135643,502.92292468513153,509.78570556640625,3103034
2017-09-22,506.6526924914581,507.7467660304862,500.4861486084648,502.5747985839844,4546160
2017-09-25,501.2817849662275,502.27639168243036,485.66644738064775,498.99420166015625,11921527
2017-09-26,497.30337160364905,515.4052264712175,497.30337160364905,509.1889343261719,5292394
2017-09-27,510.63114148375814,511.12844487020277,497.80068983109425,503.56939697265625,5300694
2017-09-28,505.1110553481995,514.4603529365746,502.922908308095,509.03973388671875,10408979
2017-09-29,508.34354816079133,514.1620040870491,502.37590728319174,506.404052734375,11578743
2017-10-03,511.22788221059,514.2117025347764,501.38128121137316,506.9013366699219,10712537
2017-10-04,504.7629418474127,508.24406558429143,501.77912150151667,503.2213134765625,4792373
2017-10-05,503.91750632732015,505.11104657446185,494.7671423935284,498.4969177246094,9349884
2017-10-06,500.2872270037911,504.2656542563063,498.54666508081567,500.6353454589844,11343137
2017-10-09,500.6850479707568,506.0559185227716,498.5466494601293,503.2213134765625,3942277
2017-10-10,504.76296684244744,512.9187549996205,501.38130968690916,511.7749328613281,4932758
2017-10-11,517.0961487541139,520.47777577196,506.6527460084427,512.968505859375,6188165
2017-10-12,513.5154776894931,523.1134575730209,510.0343538963352,522.2680053710938,4800917
2017-10-13,521.4226367740238,531.7665722103512,519.682074801006,526.5946044921875,6447797
2017-10-16,527.4897084449558,528.8821822905022,511.426844550743,517.5436401367188,7148294
2017-10-17,518.1404902409784,523.2626794862857,508.24413918607905,510.382568359375,9443230
2017-10-18,485.3681335777718,486.36274040887383,458.4142823843095,461.994873046875,49308621
2017-10-19,461.39803397552043,462.49210739694934,455.52986061893074,457.81744384765625,3302209
2017-10-23,456.17640697563724,458.56345724715385,445.08654712349363,447.5233459472656,21127981
2017-10-24,449.21417297854964,455.3309989707261,447.6725445185593,449.5125732421875,19327721
2017-10-25,465.62515619194556,473.9301288435374,454.18717826602597,470.4490051269531,37624005
2017-10-26,469.4543981168455,485.2189215818333,468.95709472900984,481.68804931640625,24936306
2017-10-27,482.3843045013034,488.7497820364956,479.0523656057993,483.3291931152344,7576778
2017-10-30,484.572432775316,486.36271282858104,479.00262876639476,481.3896789550781,4815226
2017-10-31,492.3303475906194,526.1469775261367,490.6395039526477,520.3285522460938,39655956
2017-11-01,522.1188880312029,541.0661367447626,521.6713027989485,532.214111328125,22542766
2017-11-02,531.1200888292881,535.0985164609681,523.4616034971064,529.2800903320312,7800191
2017-11-03,532.4626907673808,542.7569068879228,531.2194323498741,537.1870727539062,9303981
2017-11-06,536.1427581560483,538.6292750389778,527.8875342459183,531.6173095703125,8013536
2017-11-07,532.611949459211,536.4909403202985,520.1793642710876,524.3070068359375,9642624
2017-11-08,534.8000364835647,548.9234638110378,530.7221125766174,541.9114379882812,19642327
2017-11-09,545.9894725990245,552.454417481028,530.1254803242949,537.485595703125,11290503
2017-11-10,532.0649029831551,545.9893977430156,529.5783860617514,541.8617553710938,9869691
2017-11-13,553.9959509047197,561.5052196061287,531.1697142154752,534.451904296875,21701958
2017-11-14,534.4518694013419,546.9839498565907,529.7274877227381,542.7071533203125,10644657
2017-11-15,543.5525735102017,548.4261707298292,534.2032460420911,539.0768432617188,7814066
2017-11-16,541.0660576799125,545.541787936456,538.2811709948143,539.673583984375,5176117
2017-11-17,547.0336566561064,554.393770137141,537.6346116869115,539.4746704101562,4373503
2017-11-20,539.3255767242613,544.5472628059623,533.855238924384,542.2099609375,3458524
2017-11-21,544.0499466946973,545.9397239912043,536.2423072082549,543.8510131835938,5770768
2017-11-22,543.6022580560782,544.0498431944163,536.0929899118654,537.5848999023438,4536211
2017-11-23,539.4747700748768,544.8456105452384,532.6616768506258,541.21533203125,10724159
2017-11-24,542.0109618258492,544.746130394769,538.1319712093535,542.5579833984375,3947490
2017-11-27,541.1655837178583,558.8198559876699,538.0326084428642,556.3831176757812,9301318
2017-11-28,556.4825135982383,562.8480215035601,554.9906033741142,559.5160522460938,10113136
2017-11-29,557.5268310150021,559.1679565215634,543.8509874802635,546.5364379882812,6387037
2017-11-30,544.1991422651457,544.5472303674626,531.2692536902106,532.5125122070312,19370807
2017-12-01,536.4908799270648,536.988183278608,529.0313296539186,530.9707641601562,7138045
2017-12-04,533.3081387789588,537.9330236326304,526.7934768629416,532.0648803710938,4181453
2017-12-05,532.1145953179861,534.949200188224,527.8875167570488,530.2745971679688,6167602
2017-12-06,529.3297597444305,531.6173432805873,526.3459392957087,527.638916015625,4234770
2017-12-07,530.025977396008,535.0984476921099,526.2464230668558,531.1697387695312,3528298
2017-12-08,533.8055111331324,541.5634324596774,533.7060140240577,539.57421875,6007380
2017-12-11,547.0336923931001,549.2715574983445,539.7730755261687,542.1600952148438,5326031
2017-12-12,541.0660913541986,541.0660913541986,532.214066680166,535.6951904296875,5232189
2017-12-13,535.0983997225707,540.0714331772414,530.1750844612516,532.8605346679688,4163419
2017-12-14,534.1038339365832,540.4693415284612,531.8659687105919,538.5298461914062,3558224
2017-12-15,549.2217679241618,549.420701382191,540.1210933965478,544.9946899414062,6059220
2017-12-18,535.0487352366134,550.8132285879461,527.1415991087855,545.6910400390625,5889302
2017-12-19,546.2877684295516,553.0013641271383,542.4585566473941,550.6640625,4325512
2017-12-20,550.5148536675249,554.7916506876122,545.6412561548332,551.5094604492188,3534649
2017-12-21,548.824046150128,553.9462956956611,542.11044993145,545.9894409179688,5781370
2017-12-22,546.934322127795,551.8078591892794,544.1493744286798,550.6143188476562,3075576
2017-12-26,552.0067138671875,554.2445789234058,547.3320502752254,552.0067138671875,3272086
2017-12-27,551.0121469430806,557.6263062023161,548.0283266527751,551.60888671875,4163259
2017-12-28,543.2045196164421,551.211092090167,541.0660907474561,543.9006958007812,8433564
2017-12-29,545.2433921132006,564.7873768797839,544.0498519603925,560.908447265625,8363189
2018-01-01,560.7592906095845,566.7269312915722,557.4771003756873,562.4501342773438,6943234
2018-01-02,563.9420954727295,565.5334421828509,553.349508021403,556.4825439453125,6292268
2018-01-03,558.2727596236988,562.4004019406962,552.7527042728311,557.4273681640625,3990149
2018-01-04,561.8036877592225,561.9529030778331,554.9906547211166,556.8804321289062,2766664
2018-01-05,558.0240723748062,562.9473876411313,553.6975575472335,560.2122192382812,3249056
2018-01-08,562.7485397729022,564.9366869692616,559.4166311303891,562.4004516601562,3770339
2018-01-09,560.9582439840746,569.9097053242459,559.9636371684999,562.251220703125,4607504
2018-01-10,563.0966787629952,563.643700376041,557.4274077141956,559.7647094726562,2411625
2018-01-11,558.9690444980425,560.1128666472915,550.5646045525602,555.736572265625,2825921
2018-01-12,557.1787321907016,560.3614860387138,549.520247817479,552.106201171875,6013121
2018-01-15,553.6975827775084,561.4057849913245,553.399212897524,557.5267944335938,3943472
2018-01-16,559.9139459403785,563.8426551923435,552.8024825840629,560.16259765625,5993564
2018-01-17,561.0078683296107,586.1216862214426,557.9743301908017,582.0438232421875,8453944
2018-01-18,592.7856034678991,593.9294254751019,575.479422305741,581.64599609375,9466991
2018-01-19,581.7455888955915,590.7964872289946,578.0655312952236,587.0667114257812,3897048
2018-01-22,592.7359283846521,618.396771414328,580.0049736193691,608.2517700195312,21790443
2018-01-23,613.0756188609021,624.2151657848922,608.1523033563651,616.755615234375,14286343
2018-01-24,618.5459803256355,618.5459803256355,603.0300781450533,604.6712036132812,6158610
2018-01-25,606.7100840860606,615.9101960168739,595.3715434781278,612.7771606445312,6749846
2018-01-29,611.2355796004766,617.5513690263582,600.3944022091035,602.2841186523438,7017160
2018-01-30,602.3338568853704,604.1739158983921,589.2548138219119,590.5477905273438,6447963
2018-01-31,586.1217625629798,592.7856401216508,583.9833944123036,590.3985595703125,7108060
2018-02-01,590.3985174633202,606.7100917535098,582.9389671548754,589.6028442382812,7839731
2018-02-02,584.6297888533034,584.6297888533034,558.2727120816902,561.8533325195312,6185174
2018-02-05,548.1277885086357,565.5831865825533,544.5472282763349,563.1961059570312,9318595
2018-02-06,540.071478695461,573.937827234892,531.120017722608,560.6598510742188,13938327
2018-02-07,564.9366864570364,571.5508462410837,553.0014043487892,556.3333129882812,7679830
2018-02-08,559.7646639172293,573.7886554446254,556.6814072902724,565.3842163085938,5816886
2018-02-09,556.8802696906844,558.9192011163541,547.4315068198524,554.5429077148438,5865587
2018-02-12,560.6598621301565,564.936659204771,557.3278929454129,561.1571655273438,4765319
2018-02-14,561.9527910649653,562.7981824859469,537.1870597073224,540.9666137695312,6478108
2018-02-15,531.866017703675,551.8078730799322,528.4843301016128,540.7677612304688,11593643
2018-02-16,544.0996130347264,545.6412413633647,532.1146137814064,534.94921875,3910503
2018-02-19,534.9492540337479,542.0109988817023,524.6550977256937,537.6347045898438,4251723
2018-02-20,539.0768343864968,545.0941928136381,526.5448141794593,528.8323974609375,3395183
2018-02-21,531.1199983322981,535.595728655323,521.5717979255692,532.9102783203125,4638382
2018-02-22,530.125427505083,530.8713826094523,524.655090073042,527.3902587890625,7808359
2018-02-23,524.1577578733812,535.993602494849,522.7155659429704,533.7557373046875,3888629
2018-02-26,538.1816814596326,551.4099996351501,536.0930315929602,549.3212890625,5297794
2018-02-27,548.6250368604589,548.6250368604589,533.2584117583486,535.4962768554688,4136383
2018-02-28,531.1200624722961,533.606579618702,517.1955664524231,525.8983764648438,6626661
2018-03-01,521.173988795768,532.6616857587526,519.1847750980742,522.91455078125,9827510
2018-03-05,521.1739257061746,526.0972411531822,518.4884753981726,521.720947265625,6766199
2018-03-06,523.1631877353484,527.7881337344133,508.44301892885835,514.559814453125,12240160
2018-03-07,508.1446310568717,515.1069093250962,504.81269205541196,509.8852233886719,10428057
2018-03-08,515.6539037290144,521.1242410879361,504.71322901117077,517.7425537109375,8483978
2018-03-09,519.6322926910661,519.7317290806153,500.2871798575653,502.62451171875,4955525
2018-03-12,507.8462171123417,519.1350098952855,502.574783078924,516.3998413085938,5283334
2018-03-13,514.3111818871291,532.0649507224896,511.8744436503017,528.633544921875,7846232
2018-03-14,526.0971820351023,535.0983597748798,519.6819572163098,533.2583618164062,4976540
2018-03-15,532.3135120131668,536.2919387685628,525.4009833844716,526.79345703125,3932830
2018-03-16,528.0367792207398,530.0259928388914,517.6928441239586,519.781494140625,12146623
2018-03-19,519.7814734353551,523.1631607338976,514.2614180060698,516.6484985351562,4656613
2018-03-20,506.2548334434723,522.1685413709685,506.2548334434723,518.28955078125,5398111
2018-03-21,520.1793575455308,529.6281221663387,519.6820541444357,523.4615478515625,5518826
2018-03-22,519.7815070828094,523.0637581992709,513.9630813872341,515.4052734375,7194256
2018-03-23,506.7521903312003,507.4981454690775,493.3249978494119,496.8061218261719,29385110
2018-03-26,496.308771424718,506.5532088740525,492.5292778917375,504.5639953613281,9498614
2018-03-27,509.53702794574536,519.7317471745004,506.30455599516455,509.4375915527344,6423140
2018-03-28,510.1338457096656,510.1338457096656,498.89477079651016,507.74676513671875,10980960
2018-04-02,504.01697416111057,505.7575359860379,489.5454579864816,496.3584899902344,7120498
2018-04-03,491.33576248920735,503.27104416910714,491.03739258840625,498.84503173828125,6053789
2018-04-04,501.779148580339,501.779148580339,487.60600117247014,489.59521484375,6047813
2018-04-05,495.7120241211191,501.92831663455854,492.52930056603253,500.3866882324219,6682587
2018-04-06,500.2374879580597,500.2374879580597,492.52928547753345,497.5023193359375,3812133
2018-04-09,499.49157564379465,519.1847792679331,498.49696878695954,516.4993286132812,8708770
2018-04-10,520.1793570762669,546.7353708119878,518.5880104765906,543.2045288085938,21689156
2018-04-11,547.1331707023223,548.0283410953969,531.1200256714009,536.8887329101562,9261807
2018-04-12,534.4021468627561,547.0336635998007,531.9653484018897,545.7904052734375,8021652
2018-04-13,547.033734088307,552.5537896274566,532.8605873414737,539.6239013671875,8788919
2018-04-16,538.5795001441483,540.8670832944249,527.4896117313674,539.4746704101562,6418203
2018-04-17,542.0109897675251,542.0109897675251,527.3902576132871,529.5286865234375,5541004
2018-04-18,532.6119227540476,532.6119227540476,513.714394215622,515.4549560546875,7131174
2018-04-19,518.1901408651831,518.6377260647082,506.3543260599738,510.13385009765625,10559623
2018-04-20,510.7305769228216,511.0786650102895,500.28720582702874,502.97265625,4437940
2018-04-23,505.65808743569306,508.443004667585,497.30339644599843,503.469970703125,4766412
2018-04-24,503.271050071254,511.9738597315771,500.6353480732973,502.12725830078125,4564259
2018-04-25,503.27102309998224,503.27102309998224,493.623325338095,495.7120056152344,4608455
2018-04-26,494.07091750519186,498.3477145140156,480.69344418544557,491.08709716796875,14919977
2018-04-27,478.65457116181756,540.170983713414,478.65457116181756,536.2920532226562,58859461
2018-04-30,532.9102328572086,533.2086027120938,510.63108024017197,514.510009765625,18357008
2018-05-02,515.7036074545048,525.1026535213421,512.6203507665803,520.92529296875,25195767
2018-05-03,519.1847731137746,535.8941559693429,519.1847731137746,530.5233154296875,12001916
2018-05-04,531.0205851418817,531.0205851418817,516.2506380069929,517.493896484375,5929870
2018-05-07,520.9253095476477,534.999019997294,520.1793544504434,533.2086791992188,6792091
2018-05-08,533.7557270708393,544.5471858318746,530.5729733868822,539.3255004882812,12028184
2018-05-09,540.1709082836086,546.685631140985,534.1535495133254,545.5418090820312,7556830
2018-05-10,545.5418637181369,551.0122014582458,540.0218077761332,544.6964721679688,11415139
2018-05-11,545.641314488984,553.4987331867886,542.5580574184963,550.3159790039062,4960854
2018-05-14,548.2272250829922,555.8857088128153,544.5968863462523,548.9234619140625,4999526
2018-05-15,545.0445079186369,560.4609127958976,544.3979892381664,546.7353515625,6752759
2018-05-16,542.0606578480114,549.7688598632812,538.1319491958077,547.03369140625,9929095
2018-05-17,547.0336767647442,550.0174968198246,533.6064865168822,536.5405883789062,8551787
2018-05-18,533.904869686089,537.7838601367476,525.6496461358414,530.0259399414062,7343619
2018-05-21,532.1146142626603,534.8995010372317,519.0355111437193,524.008544921875,4258800
2018-05-22,525.5501916012992,530.6226613638121,517.8419898663984,520.4776611328125,4711540
2018-05-23,519.1847146147435,525.3512885004053,516.5987613913906,517.4441528320312,4426060
2018-05-24,518.8864495804783,534.1039235286439,518.2896489965173,531.5676879882812,5188026
2018-05-25,532.7113194385943,540.5687365801996,529.6280629787605,535.595703125,4588810
2018-05-28,538.7785164016434,545.0445271085933,538.0325613006736,543.2045288085938,5611936
2018-05-29,544.0498214018285,546.9342048836048,540.2703283852037,544.7957763671875,8015443
2018-05-30,540.8174096169271,541.762298151936,532.1643189218607,538.728759765625,5919369
2018-05-31,540.0714268943315,548.8239535315347,529.3794050911748,542.955810546875,15652651
2018-06-01,540.0714658923074,541.3644425276495,529.9761830854097,533.7557373046875,4061137
2018-06-04,536.6400814282406,539.0271620067439,528.3848572120531,534.153564453125,4291186
2018-06-05,531.7666413759646,533.1093365045401,521.422704594226,528.036865234375,5088506
2018-06-06,527.1415838679748,530.9210774224362,523.7598965947319,528.5340576171875,5281259
2018-06-07,530.9210168097684,547.0336566561064,529.2799522633834,539.4746704101562,6932191
2018-06-08,538.1319873154616,538.9774395038371,532.5622136180788,534.501708984375,4627913
2018-06-11,536.8886875438004,539.6735741782962,527.4896420346482,537.0379028320312,4095873
2018-06-12,540.5688422330765,541.5634491185099,532.9103570740416,534.2531127929688,3320721
2018-06-13,536.8887396890681,548.8240213155282,533.954637481367,537.7341918945312,5924906
2018-06-14,536.8887189562621,536.8887189562621,528.136191576047,529.1307983398438,3736633
2018-06-15,524.9534878080125,531.7665812127556,513.316575421636,525.8983764648438,7854953
2018-06-18,527.3902966188356,528.1362517767124,518.6377682409461,519.7318115234375,3711213
2018-06-19,519.3338986693975,521.5717636839925,511.62569695245924,514.4105834960938,6483110
2018-06-20,517.9414794694468,524.5556388233161,514.360919352242,516.3003540039062,4555002
2018-06-21,518.4388081352294,519.1847632548483,508.3435549203167,510.28302001953125,4856050
2018-06-22,510.23332334755725,524.9534928545937,507.7965243794566,522.8151245117188,5932446
2018-06-25,517.5436981180626,520.5275189448164,510.33279778674074,512.4215087890625,4882240
2018-06-26,513.7144023023857,515.9025493614234,509.28838998646427,511.42681884765625,4505122
2018-06-27,513.2171235670154,513.2171235670154,498.894791305511,505.111083984375,5659070
2018-06-28,505.26022742550487,510.73056453345816,498.0990467066249,501.8785705566406,4854274
2018-06-29,503.07210155482795,511.725192757225,496.06013583608546,508.0451354980469,7747444
2018-07-02,507.9954554277144,511.0289942195658,500.28725223718124,509.48736572265625,6799910
2018-07-03,510.1338016135353,517.096048525834,506.50346286973223,508.7910461425781,6658467
2018-07-04,509.18892920618646,513.4657260177783,504.9121020416059,511.97381591796875,3893493
2018-07-05,511.22790001796415,515.0571119516592,506.2548659710968,508.24407958984375,2692462
2018-07-06,510.2332979978164,514.1122888731753,506.75217413233423,510.9295349121094,2706424
2018-07-09,512.3219527430559,526.4453818397202,512.3219527430559,522.417236328125,6295104
2018-07-10,525.1026287907795,532.0151576205145,519.1847066788198,529.6777954101562,5281760
2018-07-11,529.528668330426,539.4249571215363,527.9372610757397,533.65625,6432494
2018-07-12,536.7893499615909,542.7569912936686,532.4130553690057,535.4465942382812,4128221
2018-07-13,536.7892658691248,538.0822424806555,516.6484795285827,520.1793212890625,4169212
2018-07-16,520.1793500790149,527.0421611980137,515.5544042328225,519.2841796875,5032325
2018-07-17,518.8863810930824,536.9384581379173,516.2009305846825,534.9990234375,4511522
2018-07-18,538.281156433037,539.474696610356,512.222448836472,523.7101440429688,4954888
2018-07-19,525.2021208336498,534.5017310538777,515.6042014136503,523.9588623046875,5276418
2018-07-20,523.9587839029222,533.5567625927257,522.1685040302987,530.8215942382812,2532288
2018-07-23,532.0152322085721,541.8618036714444,527.6886559560807,537.435791015625,6009401
2018-07-24,538.1319721541819,545.9396715973028,535.1481518919396,543.1547241210938,6171893
2018-07-25,544.0498427592179,544.5471460889795,526.644226217561,529.37939453125,3341114
2018-07-26,532.5124677010626,541.0660612995096,523.5610071280928,538.728759765625,7920089
2018-07-27,540.2703888039553,552.0067360968919,534.3524666091084,550.2661743164062,7678597
2018-07-30,553.0510705805361,568.1193871086504,547.82938514885,566.5777587890625,12949737
2018-07-31,578.8611286136215,581.2979272927955,545.0444991069838,547.4315795898438,21735293
2018-08-01,547.5310834240771,552.5041177876019,535.3471492334414,542.2099609375,6871812
2018-08-02,542.3093703380182,548.3267294770509,536.0930776931533,544.298583984375,6495837
2018-08-03,543.552567915483,575.4297008825974,542.8066128817471,571.6502075195312,15953749
2018-08-06,572.097817217525,600.7424796003179,572.097817217525,593.581298828125,22629303
2018-08-07,593.7802715804643,603.6269033815283,580.5520130147594,589.8515625,16424825
2018-08-08,593.5315695472743,595.6699983114862,583.8341538739003,593.083984375,7138029
2018-08-09,591.7910656637265,621.0325308377393,591.7910656637265,617.7005615234375,18227195
2018-08-10,617.9491882139679,620.5352022987885,607.9534020877097,612.1804809570312,16074351
2018-08-13,608.6993177664261,612.6777446799322,599.3499902372961,601.6376342773438,8445677
2018-08-14,605.3176892056113,617.9492080199884,605.3176892056113,614.7167358398438,10225641
2018-08-16,611.5837701443236,631.5753433441627,607.953430896251,620.087646484375,18777302
2018-08-17,626.602320775996,629.0391197202107,616.9546221085653,623.9168701171875,13411536
2018-08-20,626.6023057290348,627.1990455473357,618.7448874541662,621.0325317382812,6463139
2018-08-21,622.0270726635167,634.8077448501017,613.9707217341947,632.3212280273438,15522297
2018-08-23,641.1732862417081,641.1732862417081,625.160080629343,628.3428344726562,12699837
2018-08-24,634.6088545764936,639.9300373631254,630.5807091905264,636.4489135742188,15035968
2018-08-27,639.5321178494786,647.9862749283596,638.5375111343161,646.6932983398438,9819034
2018-08-28,648.4836011417888,659.2253419029418,638.5375336396141,656.4901733398438,9886447
2018-08-29,653.9539174831477,664.0491999593846,649.7268389290741,653.357177734375,13329261
2018-08-30,658.280506949383,658.280506949383,639.5819106639613,646.2457885742188,14868623
2018-08-31,645.9971258246444,649.9755530814551,637.7916196074723,645.7484741210938,10207700
2018-09-03,651.9149904325607,651.9149904325607,626.2043701523389,628.3925170898438,6494484
2018-09-04,627.5968218923163,640.9245758313734,619.3913166932488,638.3385620117188,9305124
2018-09-05,637.5429681166102,643.162520901123,627.9449880739593,634.2110595703125,8837398
2018-09-06,635.4541713208769,639.8304038704831,621.2312485932435,634.7579345703125,10026621
2018-09-07,636.5483647012095,644.5052192599746,628.6909465420358,642.0684204101562,6999943
2018-09-10,641.4716712167472,674.2936957915098,639.8305457056163,648.2349853515625,32430222
2018-09-11,648.1355870534568,662.1098013481278,643.9582260844558,646.6436767578125,19162102
2018-09-12,661.413506284042,661.413506284042,626.7017055064424,632.0228881835938,14448365
2018-09-14,638.3386135780819,640.5267606157913,628.5914793620809,632.9677734375,12083354
2018-09-17,630.2822988606498,630.5806687393625,618.6453879430339,622.5740966796875,6644742
2018-09-18,620.6346573396332,629.6358369435067,602.8809498375513,605.3176879882812,10724450
2018-09-19,608.301427117213,619.1426643169601,598.0569903548503,605.5165405273438,9373364
2018-09-21,615.6119303807769,630.580751537109,560.3615312477052,595.9684448242188,24788799
2018-09-24,596.3662222683823,602.4830784658642,584.6795921867085,594.1283569335938,11998797
2018-09-25,595.5704985631802,616.4572399205481,586.3703862986252,611.03662109375,17515392
2018-09-26,615.6615623635556,620.9826840563588,608.7490334882299,614.1199340820312,8725133
2018-09-27,614.0205194699921,616.4076002114543,593.7802941932041,596.913330078125,9683836
2018-09-28,595.2721169211648,616.4572277380662,590.8461049131372,609.9425659179688,16754620
2018-10-01,611.7826526869013,614.1697334230854,569.4124249145204,590.2494506835938,20117451
2018-10-03,589.4039819916688,589.4039819916688,566.0307215336188,569.1637573242188,18385327
2018-10-04,561.9528027760194,587.364992601067,550.8131952523613,583.0881958007812,16877024
2018-10-05,582.839578781195,587.3153093349755,561.952836196886,565.4339599609375,9860010
2018-10-08,566.9258744433715,571.4016050310823,543.1547477062481,553.5484008789062,12918017
2018-10-09,558.8696493409354,560.8588631692271,546.1884111855761,549.868408203125,8053297
2018-10-10,550.9624491572567,587.6136854652457,549.8683452533579,586.0223388671875,13695001
2018-10-11,552.0067258990194,582.6406005284365,547.1331287213043,577.71728515625,11223315
2018-10-12,586.4699882874116,599.0020110608345,577.6179625132083,581.74560546875,10689006
2018-10-15,581.8449296251031,581.8449296251031,566.3788073121609,573.4404907226562,5065325
2018-10-16,574.6340231700387,591.1444701721533,567.174472890895,585.6741333007812,13083651
2018-10-17,591.5423966807385,595.570542095754,563.5441908656636,572.9432373046875,9609195
2018-10-19,567.323752175932,573.4405476712508,551.5591977174327,559.5160522460938,12664549
2018-10-22,564.8869421743054,568.9150875586556,555.189525909101,559.0187377929688,10235243
2018-10-23,553.9960372429962,568.3184007288005,550.5149131310563,559.7150268554688,9513054
2018-10-24,571.4016133471915,573.8384121771619,554.2446458445996,561.0576782226562,9759225
2018-10-25,554.9905704189935,561.6544478322453,549.47051505871,558.0241088867188,13041860
2018-10-26,558.9691077209754,560.9583216274558,531.6671347133347,534.8001708984375,9229395
2018-10-29,538.4303583542855,573.8881144940668,535.64547149967,563.6436767578125,15917739
2018-10-30,561.8036514939173,568.6664629992135,555.9852257395022,559.665283203125,8522604
2018-10-31,565.2349811338291,582.8395320414645,554.9905441623501,579.2589721679688,12135088
2018-11-01,578.9108931525982,604.7706707277871,578.9108931525982,598.9025268554688,16048865
2018-11-02,609.1469084039231,614.5675272634334,601.8365124611414,607.3566284179688,12488669
2018-11-05,625.5082624934887,629.5861262325064,613.8713503887527,621.0325317382812,24201213
2018-11-06,622.623895336038,624.7125454629181,596.8138351373806,604.1739501953125,15354794
2018-11-07,609.5945068589332,609.5945068589332,601.3890010973792,603.5770874023438,1528117
2018-11-09,605.7154621098795,620.4356286866259,597.75860874883,609.892822265625,13927467
2018-11-12,609.2463884096345,615.1643110614463,601.5381856437069,603.2787475585938,7073703
2018-11-13,603.1793263707791,617.4021919498941,600.792245687774,614.9653930664062,8938939
2018-11-14,618.8940511842583,619.9383761322446,605.5165782340176,609.3955688476562,9840254
2018-11-15,609.9425940498081,629.088774132089,607.4560771560053,622.7232666015625,11005288
2018-11-16,623.2205277066541,633.2660916998038,613.224742612787,616.4572143554688,12204545
2018-11-19,616.4572589207614,616.9545623017408,605.317651045629,612.9761352539062,9046876
2018-11-20,611.3848180491084,616.2583549929321,606.2625686968836,609.3458862304688,6658508
2018-11-21,607.6053086408974,625.2595790572724,606.9090717508866,623.46923828125,7842430
2018-11-22,622.424984335538,626.0056055902527,608.7988576981256,611.2356567382812,6946666
2018-11-26,615.3135185990768,631.326663731537,613.175089705384,627.6466064453125,9528169
2018-11-27,626.5028757980374,635.2554038907471,619.6400642867853,621.8779296875,11251342
2018-11-28,626.6022862984703,628.3925664038411,619.1427352711077,624.5633544921875,9035388
2018-11-29,628.5914296745301,632.7687899243216,618.1480594030387,627.9946899414062,19643832
2018-11-30,629.586082150638,631.8239473715525,620.6346212669796,622.3751831054688,8984998
2018-12-03,628.5914787378734,629.5860855080283,618.247544045871,621.4302978515625,5914250
2018-12-04,621.57951553194,624.1654688618627,615.263726093661,619.888671875,8382005
2018-12-05,617.5514066822545,620.5849453806771,610.0918554372893,611.6334838867188,9728083
2018-12-06,606.9588450323403,610.5394054973715,595.023562540922,596.8138427734375,7519849
2018-12-07,599.151181605748,606.2128658509041,589.1553343505566,600.6928100585938,12262327
2018-12-10,591.7910582408578,598.2560025745814,582.1433599401043,587.1163940429688,11643401
2018-12-11,577.8664834618717,613.3242360324124,577.3691801198219,600.9910888671875,16429956
2018-12-12,601.4884706369168,618.6454381747205,599.7479087127917,616.6065063476562,7232578
2018-12-13,621.430318280734,622.5244221874601,612.8270058596531,615.7610473632812,7419355
2018-12-14,615.7610241288934,619.6400147960437,608.0031035005721,616.9048461914062,4165047
2018-12-17,619.19237281968,621.1318679753696,612.8269265290251,613.821533203125,4843342
2018-12-18,614.3188864211838,618.4464680302624,610.5393321879359,616.0594482421875,8492688
2018-12-19,620.8832711836644,648.1355207450827,615.8108009798138,638.189453125,16759139
2018-12-20,633.5148655155556,643.4112161308481,625.6077286639005,629.5364379882812,11004125
2018-12-21,629.8844533024934,634.4099019504476,613.3242870580921,617.5015869140625,10715457
2018-12-24,622.6238410267404,623.7676631001558,610.1912563417015,611.6831665039062,6191605
2018-12-26,607.7046570366097,620.2864553149282,600.1953890458459,616.1588134765625,6519211
2018-12-27,620.1870622274078,622.6238610452189,612.2799259722984,614.2194213867188,12304812
2018-12-28,620.5351937058532,624.6130572173964,616.6562029853276,621.678955078125,6372911
2018-12-31,627.0001338089368,628.5417621654663,615.4626588217259,616.5567626953125,6030093
2019-01-01,618.5460295055557,626.8012542888679,618.5460295055557,623.9168701171875,12179223
2019-01-02,619.6400348108589,625.1103721968296,614.1696974248882,616.7059326171875,12386281
2019-01-03,618.0486769359882,618.6454167211728,600.394406603511,604.6712036132812,13228602
2019-01-04,608.6993139750615,621.3805496828753,606.2127971696078,616.25830078125,8381367
2019-01-07,622.6238854704925,637.2446182449422,620.8336052892503,634.0121459960938,11735286
2019-01-08,632.5698622306516,650.2241311844158,627.1989617595106,647.3895263671875,11879875
2019-01-09,648.8316920215285,668.4254572265507,648.8316920215285,666.4859619140625,18003387
2019-01-10,665.2924648953908,665.2924648953908,651.0695401147834,659.6729125976562,12751327
2019-01-11,661.4134853903906,664.8946089977085,654.6501716659401,662.9053955078125,8330315
2019-01-14,659.4242688628211,659.4242688628211,649.0306162847983,655.644775390625,6856244
2019-01-15,657.7334683503741,660.6675705678598,651.5171758158629,657.0372314453125,5467484
2019-01-16,657.1366941322214,666.7843917816855,657.1366941322214,660.4188842773438,6598151
2019-01-17,666.2871363530927,676.3326410032478,662.0102784407858,673.000732421875,10448209
2019-01-18,671.2601231398787,672.4038844843847,657.8826501457667,661.015625,7037386
2019-01-21,657.9821501653645,660.9162525171341,652.9593977088014,656.7388916015625,6157956
2019-01-22,652.8101138963734,660.021012809752,650.3235970296912,658.0317993164062,7951640
2019-01-23,655.9431494307844,663.4027000308312,655.0479790763875,658.0317993164062,7596006
2019-01-24,661.4134956253158,661.9605172023064,651.4674280219276,660.07080078125,7013582
2019-01-25,661.6124297949962,673.1995621412025,661.6124297949962,666.1378784179688,6628922
2019-01-28,665.3918934188328,670.8125121656075,646.8424538714778,652.7603759765625,7792690
2019-01-29,654.948597036615,667.3811824017747,646.0468537739639,657.1864624023438,8302420
2019-01-30,683.3445810247568,699.5566595153998,680.0623907680961,687.2235717773438,46912230
2019-01-31,693.4895533142122,722.9298886992297,685.333765859748,718.8023071289062,35239544
2019-02-01,716.8628989346313,722.4824520120038,701.5957078182789,713.3817749023438,13792059
2019-02-04,707.4638021096359,720.5926239627835,704.1816118228444,716.6141967773438,8195956
2019-02-05,718.1060622844735,727.6542626529564,715.6195454483084,725.5656127929688,8665426
2019-02-06,727.3559319976123,730.5386858607341,711.7405932832187,721.8358764648438,8077340
2019-02-07,722.333167513432,729.8424364940626,720.0953022784507,726.212158203125,7203465
2019-02-08,723.079128844922,728.8478360260101,712.3871059631023,715.5201416015625,7341956
2019-02-11,716.0174756581893,716.0174756581893,701.4961796289784,707.0162353515625,7234953
2019-02-12,697.2193885239024,709.5525375105701,696.2247816929125,701.7945556640625,15856819
2019-02-14,702.1923835150629,702.5902505076617,688.864628440742,691.251708984375,10383603
2019-02-15,696.2248518879562,700.2032796130303,678.0235571869405,682.8970947265625,10866440
2019-02-18,682.3002348704691,693.9371460612049,677.0288312028988,689.5608520507812,7135564
2019-02-19,689.5609075684871,701.5956867131031,685.9306290390406,689.312255859375,6816325
2019-02-20,693.8376463715977,699.2085471183404,691.5500629816808,696.5728149414062,5772687
2019-02-21,696.7220093802595,702.6896497175636,691.351108794295,693.4398193359375,6674353
2019-02-22,693.6885656431788,700.6508136530919,687.472272777185,698.2637329101562,9822278
2019-02-25,699.1091118939896,701.9934350579307,692.34573739983,699.90478515625,11428024
2019-02-26,690.2571436871439,711.7406270468863,689.3122550524272,706.320068359375,9166951
2019-02-27,711.0941270970271,723.8747998944064,709.2043499390269,714.3265991210938,13284424
2019-02-28,719.5482636394192,719.5482636394192,702.590230735284,705.7232055664062,26230891
2019-03-01,709.6519272214875,711.094119172734,695.7771507008387,698.61181640625,7713824
2019-03-05,701.8940037904557,729.9419266082976,696.9209699825398,728.1018676757812,11298428
2019-03-06,729.9419418163211,729.9419418163211,708.7070505905127,716.713623046875,10510670
2019-03-07,716.8628364731952,735.461995394896,716.8628364731952,729.792724609375,11263734
2019-03-08,728.0521673305301,733.2738529568761,724.471607183428,729.4446411132812,7744794
2019-03-11,729.3450950496684,740.8825694159982,726.6596447666276,730.5386352539062,9421608
2019-03-12,734.7160153613335,744.9604527032398,734.5668000670523,738.5452270507812,8131901
2019-03-13,739.5895488618754,746.9496630330073,732.5278652780424,734.019775390625,12333789
2019-03-14,736.0090341264497,745.6567322555198,733.4230807213711,736.6057739257812,7100875
2019-03-15,738.9430751562807,744.910715479439,727.7537495503586,731.1353759765625,14560368
2019-03-18,737.0036118595476,749.7842844899699,736.2576567868152,742.9712524414062,8067253
2019-03-19,750.9281213798229,758.8849756460991,745.0101988780838,756.7963256835938,8818172
2019-03-20,756.6471061542497,762.8633985150306,750.2815984944181,751.674072265625,9758274
2019-03-22,760.5758070675824,761.7693473294945,731.58299551946,752.967041015625,10355078
2019-03-25,748.640531111081,750.9281145506353,737.1528350098135,741.6782836914062,7130411
2019-03-26,743.3690870109904,756.8459959294318,737.650098369447,753.0167236328125,7300104
2019-03-27,757.1941697204214,765.8472613075606,751.7735503400999,755.2049560546875,7456768
2019-03-28,756.9951732273555,783.4020310075946,753.0665251291985,776.489501953125,16643818
2019-04-01,776.7381981788459,778.7771299922908,756.4979132299143,761.470947265625,6021202
2019-04-02,765.001792249863,770.7704991546422,756.8957231011458,763.26123046875,6592678
2019-04-03,765.8472857910477,768.5824546688729,754.608240361545,757.3931274414062,5591613
2019-04-04,758.8849422274216,767.7369664912334,755.9011220089651,758.03955078125,7009879
2019-04-05,759.8298562861412,764.6039566547898,752.0221566954118,758.0892944335938,5343947
2019-04-08,760.1779716214779,763.8580289542508,744.5129143870646,750.5302734375,4918795
2019-04-09,750.9281157151052,761.8687902487027,746.9496886119787,759.2828369140625,5483424
2019-04-10,757.1444490454899,763.7586087448323,753.9119768492366,756.74658203125,5933250
2019-04-11,756.3984635983255,757.2438550872134,742.9712719368168,748.24267578125,5365803
2019-04-12,749.3368257159036,762.6148028924125,747.5464848195785,760.2277221679688,4671869
2019-04-15,759.8796009195959,766.0461752672078,755.9011736896502,758.7357788085938,3707106
2019-04-16,760.9736433409215,771.8148818137391,760.9736433409215,766.9412841796875,7088601
2019-04-18,774.2018909356134,774.7986306819895,764.8525635358793,767.0407104492188,6098041
2019-04-22,764.7532321625616,764.7532321625616,746.5021600196302,751.4254760742188,4185156
2019-04-23,753.3649216746566,755.2049199450888,744.9604821975865,749.1875610351562,5098170
2019-04-24,750.6297929610533,751.6243997992935,734.3679347322363,748.7897338867188,7825049
2019-04-25,749.9334991143354,754.4589477436571,734.5668124886349,736.9041748046875,10282068
2019-04-26,757.8904078825387,761.0234436935805,743.2199570737888,755.8017578125,23294204
2019-04-30,755.8514221182177,765.5488380630508,751.7237797669995,762.7141723632812,12434805
2019-05-02,761.2720870460223,763.6591069990104,744.0156222334216,748.2924194335938,7033021
2019-05-03,750.0827233258736,759.6806422769056,749.3864864424772,753.2156982421875,5970814
2019-05-06,741.9766922383648,749.3368070335782,740.0869149864637,743.4188842773438,5909936
2019-05-07,747.7951284597664,751.4254677085879,736.0090616867705,737.8490600585938,5071941
2019-05-08,737.8987716385027,740.7333765918102,729.3948353666237,731.5332641601562,6739894
2019-05-09,729.941878819331,736.5062587336215,725.4661486852307,727.0574951171875,4193451
2019-05-10,730.4392353831595,734.5170988533727,725.5656379330202,731.085693359375,3913815
2019-05-13,730.0413885235895,738.843634388927,726.0629613381748,728.151611328125,5891071
2019-05-14,725.4662050045455,734.5171023626411,718.603393983762,727.4056396484375,7049134
2019-05-15,731.8316764794987,733.7214536952692,712.2379102395967,718.056396484375,4849130
2019-05-16,717.0617765272209,731.0359897686777,714.8239112524188,727.9029541015625,5142617
2019-05-17,727.8532955290382,748.093581762809,723.2781282081487,744.9108276367188,9072242
2019-05-20,756.1000765151854,786.3858647155604,756.1000765151854,778.1803588867188,15866697
2019-05-21,785.4410367042639,787.5296867938879,766.8915947846647,768.7813720703125,9251548
2019-05-22,770.6213001768994,779.7716944468076,766.0461333949345,774.9478759765625,5928186
2019-05-23,783.750183522112,799.9622627405732,766.4440003649919,772.2127685546875,14776218
2019-05-24,775.2462757578185,791.6075696188086,774.3013871647192,788.922119140625,9323114
2019-05-27,789.717798462955,811.9970150445542,782.9544843704634,809.510498046875,9128216
2019-05-28,811.8974567949764,817.6661636539401,796.679986056442,804.0401000976562,13473187
2019-05-29,802.3990392291382,808.6153317549295,797.7740933075568,800.360107421875,5958128
2019-05-30,798.9178443770147,809.8088000550022,798.9178443770147,803.1946411132812,6414384
2019-05-31,806.6261243611526,814.284608953127,788.9221352524988,803.940673828125,11140585
2019-06-03,809.1623215790353,810.2564254441965,798.7686687428895,808.2672119140625,6427567
2019-06-04,803.1947336315735,823.2858037439297,801.1558017707465,818.3624877929688,9515354
2019-06-06,819.5560742448042,821.4955698141295,801.4542167744135,803.343994140625,14728937
2019-06-07,806.7255019256799,808.8639306974648,796.9783680221965,799.663818359375,6884094
2019-06-10,803.0455593338814,812.3451086862812,803.0455593338814,809.7591552734375,5923875
2019-06-11,812.7429409306746,817.0197378717619,802.6476580005682,810.4055786132812,5471529
2019-06-12,809.6595958451185,811.3504394261232,804.7362803938902,809.1622924804688,4707478
2019-06-13,806.8747816717864,818.9592788014056,806.3774782624356,815.726806640625,9056584
2019-06-14,815.6770615494739,818.6608821292758,793.14925259556,796.8790283203125,8919370
2019-06-17,795.7848936850868,796.6800641069259,770.9197231449206,773.5057373046875,10151212
2019-06-18,777.7327974300989,780.6171207192,765.946670456381,771.5662231445312,8347632
2019-06-19,776.5888993858646,784.7446864688142,759.2330003259359,766.5433959960938,6411258
2019-06-20,767.8364248369561,771.2678303274881,754.75732155637,767.2396850585938,9190732
2019-06-21,770.571659058348,774.0527830424774,758.6860950284808,766.8916015625,12610688
2019-06-24,766.8418485720005,771.0689275038176,756.8957804971367,758.7357788085938,4866859
2019-06-25,757.1444447507113,778.7771431721601,752.4697805368337,777.4344482421875,10044436
2019-06-26,778.6776528536564,787.7285500427153,777.4841126063353,784.3468627929688,8715757
2019-06-27,784.6950178306681,802.4984424652486,777.3846216988385,796.1329956054688,18439210
2019-06-28,796.8292770204828,808.5159071392777,789.0215770707197,804.1893310546875,9174348
2019-07-01,806.3774104066503,814.5829159704552,803.0952203223238,806.0790405273438,5896530
2019-07-02,806.7255197753954,808.1677117204179,796.4313640787485,798.2713623046875,7549027
2019-07-03,798.3211478554149,807.1233934834713,797.1773257880496,801.8519897460938,5535230
2019-07-04,806.6319979523396,809.8187044215118,800.9556865512158,805.4867553710938,5553273
2019-07-05,804.6403541356639,809.569784303042,797.9682004290069,802.7482299804688,5871202
2019-07-08,798.665209431892,800.3083728910253,775.4123252154676,779.6446533203125,7485169
2019-07-09,775.2629739103824,785.5201340486195,773.1717300852147,782.9309692382812,6448920
2019-07-10,783.3791276166432,786.7151739785606,761.3709831162682,766.0514526367188,5814417
2019-07-11,770.2838332179367,770.2838332179367,759.8274915905439,763.21337890625,7111401
2019-07-12,762.9145087656726,765.4041136902198,747.877319333956,752.6573486328125,8552548
2019-07-15,754.101383648065,756.4914288529956,740.906476638046,746.632568359375,6350785
2019-07-16,746.8815168894678,760.0266437429971,744.4416917780208,757.8855590820312,6170479
2019-07-17,759.9269827717799,762.366807753839,746.9312572233619,749.4706420898438,5757193
2019-07-18,750.8648996258588,751.8607416678029,731.5455396995933,737.3214721679688,11283488
2019-07-19,740.4582395499491,743.6947257553761,720.2924408853657,726.2177124023438,8091007
2019-07-22,726.9646779752655,735.4293351845666,717.006257729029,724.42529296875,7020071
2019-07-23,729.8526114402339,736.2259636432864,723.08083735127,724.9729614257812,7048354
2019-07-24,724.9729262849023,729.7529554008369,706.400449945963,709.3381958007812,6618279
2019-07-25,708.2428640589866,723.2302744577396,703.4129937435252,720.1431884765625,9972204
2019-07-26,720.5414542488408,728.9563311568573,716.2095659377111,726.8152465820312,5450010
2019-07-29,733.1388797674823,736.9230671451969,707.0478076663376,717.2551879882812,10314136
2019-07-30,722.9315130734407,724.9729770200387,698.0852429822075,704.6577758789062,14100900
2019-07-31,691.1142750922771,692.0105571102745,655.0647863389717,671.2969970703125,55836793
2019-08-01,671.1477798134054,677.9194937793475,659.894776501878,666.51708984375,17001210
2019-08-02,664.6249635400626,678.8157117929725,658.8490314155357,671.048095703125,14426295
2019-08-05,662.7328013215177,666.5667684215746,647.4964320199111,659.6954956054688,13042504
2019-08-06,655.9611169681095,680.010664044461,651.2806475587375,676.1766967773438,12419831
2019-08-07,676.1767103461779,676.6746313405419,651.5296211251648,657.2059326171875,10486156
2019-08-08,657.8532066488921,661.5378342374362,640.525592165961,657.3552856445312,17563795
2019-08-09,661.4382552082833,673.1393984721512,657.2557067364138,658.0523681640625,9289628
2019-08-13,659.4465577375382,665.9195304742918,642.3180638778549,646.7495727539062,7389394
2019-08-14,650.0856624639512,666.6664565106103,649.2890009993678,660.4424438476562,7148518
2019-08-16,661.239114170472,675.180902722259,654.1188192761167,672.8406982421875,7040117
2019-08-19,675.977501173448,686.1351011847057,673.5376762480848,682.1517333984375,9082914
2019-08-20,682.3012092715481,682.3509892180942,666.7162567759602,669.5543823242188,7602499
2019-08-21,671.1975371070696,671.3469377260973,656.9072280999065,661.9362182617188,7892687
2019-08-22,662.2349071968399,667.0647164179832,655.0150529454459,658.4009399414062,9262172
2019-08-23,657.0067577655489,668.7576811782528,642.5670488036687,661.1395263671875,7775604
2019-08-26,674.434045230112,683.7949850467794,657.8034704229059,680.8572387695312,8864341
2019-08-27,694.1018581516005,694.6495590828204,677.6704655267778,680.1102905273438,12015623
2019-08-28,682.2512776882668,686.4836058644505,670.6995356846418,675.3800048828125,5677087
2019-08-29,671.1974848882257,673.936050293927,656.1602955185598,658.4009399414062,8753540
2019-08-30,662.1353683645585,665.819935129734,637.4384382046591,661.1395263671875,17115901
2019-09-03,656.0606414936562,656.0606414936562,638.7828085796908,643.01513671875,8461431
2019-09-04,641.5214953341736,650.2848936901075,635.9447430848494,644.6085815429688,10786466
2019-09-05,649.2889095847185,657.006684200181,641.3719544358097,646.8988647460938,8108303
2019-09-06,650.3843541520002,669.9526728097145,650.3843541520002,668.3095092773438,11101456
2019-09-09,664.8739430550368,672.9900189770635,659.9942928878659,668.7576904296875,5607331
2019-09-11,671.7451841657155,680.6579818932323,668.2099573523905,678.865478515625,5966906
2019-09-12,677.2721102899919,678.8157139932156,657.8034116221526,660.1436767578125,8087081
2019-09-13,660.7909505534855,672.5917147867738,654.317977518125,671.4464721679688,12105997
2019-09-16,663.8282434335431,671.5958595480182,662.1851406257665,668.1104125976562,7659588
2019-09-17,664.2266424146153,665.5212249137212,635.3970031250524,637.7870483398438,17297040
2019-09-18,642.8160133689955,651.7785914020257,638.8824252982245,645.7039794921875,9702162
2019-09-19,645.5047448864661,647.2972481867098,629.9695744611648,635.5463256835938,9554331
2019-09-20,638.3844800286959,686.5832554866344,620.061024326543,677.5210571289062,38862975
2019-09-23,700.9731755151801,728.956310101331,692.9565991628774,722.4833374023438,31417887
2019-09-24,725.2219378011574,730.2011478100909,699.3300457547034,701.4711303710938,15683656
2019-09-25,699.0810372436965,700.5250202033936,680.8073620784348,692.0603637695312,17058681
2019-09-26,683.745120405908,716.657748455629,683.695340460179,696.9898681640625,15007372
2019-09-27,697.2885283119471,705.006303233693,689.6205333301971,697.6868286132812,10245068
2019-09-30,701.1225103242663,709.4378270469225,679.2637674408455,682.1517333984375,20073726
2019-10-01,684.2430060237609,698.3341944743662,653.52130498938,676.3261108398438,49442205
2019-10-03,672.1933211798741,673.0896032539952,644.0110059444586,665.6207885742188,17615854
2019-10-04,667.1145823776787,674.5833974030385,648.6915053151248,653.6707153320312,15317105
2019-10-07,658.2017557705575,679.0646569936583,648.9902176384263,670.6497802734375,21554138
2019-10-09,669.1062618157048,686.6330566429916,661.5378261728617,683.4463500976562,11537721
2019-10-10,677.1725907666086,681.4546994048872,662.5834804912192,670.1519165039062,8679981
2019-10-11,673.7369216523832,683.1476411096585,665.5212248023034,669.9029541015625,11042828
2019-10-14,674.9817083546811,691.0645812748609,670.5501992136415,680.6580200195312,11099352
2019-10-15,679.7616904175917,691.9607542989926,678.4671080395128,687.1807250976562,9260732
2019-10-16,690.516845703125,692.508529641373,680.7077658384316,690.516845703125,10404705
2019-10-17,687.6288982522532,709.437862277654,687.6288982522532,707.3465576171875,10617761
2019-10-18,706.898410850274,712.7241229487404,702.3175620181455,706.5996704101562,9500635
2019-10-22,709.4378565698705,719.993757330213,700.3756580101696,709.786376953125,9704016
2019-10-23,715.0145511027824,726.9646550209347,707.0975951007322,711.8776245117188,16158781
2019-10-24,716.9564495755765,719.9937554749017,698.6329327308866,704.7573852539062,8986203
2019-10-25,705.0561445935477,708.0436706299611,692.1101984357566,705.6536254882812,8226456
2019-10-29,703.5623534302881,739.8110255345737,701.321708992612,735.3795166015625,10422117
2019-10-30,741.9023132111139,746.7819634763272,732.4418139151333,744.2923583984375,10188947
2019-10-31,744.8897912346434,746.8814751684258,729.0060997064542,733.2882080078125,8775411
2019-11-01,732.9396934637081,746.8814811111156,725.0725175501227,745.1885375976562,8484197
2019-11-04,751.810891570494,751.810891570494,732.4915334469181,739.51220703125,7851370
2019-11-05,738.7155474547849,742.4997347141515,727.5621054418868,734.9811401367188,7306253
2019-11-06,733.8858439504911,747.7778533298202,725.7199266165067,744.1430053710938,7821243
2019-11-07,746.8815375526327,752.8565898530537,729.4543016764046,731.6949462890625,9871570
2019-11-08,732.840118033271,732.840118033271,719.794551971106,722.4833374023438,7427196
2019-11-11,720.3921314861886,732.4417954467957,718.2012669166131,730.6492919921875,6355142
2019-11-13,730.6493044033596,734.333932044593,704.9067516409725,708.2428588867188,9290616
2019-11-14,708.043628923996,718.7987098653018,704.3092215984475,712.9232788085938,8000528
2019-11-15,713.769727810797,720.4916610688687,707.6452754186726,713.9191284179688,9315652
2019-11-18,714.8154198307051,722.4834158631293,709.2387285969653,719.9440307617188,7907958
2019-11-19,721.9854280398516,747.0806578328212,721.9854280398516,744.6906127929688,14424251
2019-11-20,744.8898372287146,750.7154887821918,738.1679035371452,745.63671875,8798051
2019-11-21,745.8857283520127,745.8857283520127,731.2468374149968,734.333984375,5529542
2019-11-22,734.333919459466,736.9230843622438,724.4750592885573,729.055908203125,4889776
2019-11-25,728.9065697500102,753.6532193307659,726.964665678567,751.6117553710938,6888402
2019-11-26,753.653138807502,758.8315288509472,740.9063746261216,749.1220703125,14624880
2019-11-27,751.8606529083426,760.5742697466843,745.288120519969,749.7694091796875,8436862
2019-11-28,749.171886341266,752.5079933404168,742.649133729284,747.4789428710938,9235443
2019-11-29,746.781911500946,753.2050435297575,733.4376048996602,735.9769897460938,12674173
2019-12-02,736.1762101718538,742.898143778428,734.2840860293059,741.2052001953125,8285491
2019-12-03,741.8524874962908,741.8524874962908,727.6119594856244,730.3505249023438,5408215
2019-12-04,729.8027876193069,743.8939762749488,726.2675606647699,736.773681640625,8016237
2019-12-05,739.9105386560733,741.9022224747976,722.28412470409,726.2177124023438,8151690
2019-12-06,729.7529595057556,732.1927844084429,712.0269851778805,714.6161499023438,7458610
2019-12-09,710.4834430291231,730.848422823423,707.0477761857497,728.956298828125,8977174
2019-12-10,727.9604913138113,731.7446787019865,711.0311775623273,712.72412109375,7625748
2019-12-11,708.5416274168001,719.3963302098047,706.1018022075789,713.5706176757812,8266375
2019-12-12,716.0103265300671,722.2841183475623,712.1763595253107,719.097412109375,5519774
2019-12-13,722.5829163612798,751.7112942757085,721.9854354858398,748.8731689453125,14834140
2019-12-16,749.1222158453065,751.5620411339463,743.0973833277847,744.1430053710938,7286003
2019-12-17,744.4914036882354,753.3544211912681,738.2673916162653,742.549560546875,9788065
2019-12-18,742.6989076485388,745.4374729870522,734.532991573789,738.7653198242188,6678420
2019-12-19,740.0102254018362,746.8815600670034,737.5704609307189,739.4625244140625,8400708
2019-12-20,741.6035518242188,743.8939762749488,734.2342966891335,736.773681640625,7019925
2019-12-23,733.8359851347388,745.4872877670981,731.9438610453384,740.0599975585938,10250382
2019-12-24,741.4043407766582,741.6035213253504,734.7321874743753,737.5703735351562,3642916
2019-12-26,734.4334640554725,737.5703906212748,730.8484572214451,733.4376220703125,7919368
2019-12-27,735.9272956211582,758.8316634145095,733.238509854359,756.9893798828125,10736285
2019-12-30,757.7361290408165,762.5659379625087,747.9270498179247,750.96435546875,10034206
2019-12-31,750.7153949927583,762.6654978403589,748.2756309531328,750.96435546875,11660781
2020-01-01,751.7611465898424,756.7901365100024,744.0931510694996,745.5869140625,4917748
2020-01-02,746.8814982644955,755.8440762436694,744.4914531575002,753.8026123046875,5156046
2020-01-03,750.0184405893136,753.1055265342933,737.4210147420089,739.86083984375,8489729
2020-01-06,736.3753272014796,736.5246670221401,718.699132946219,720.24267578125,6356198
2020-01-07,724.9729442064244,734.9313637696995,718.0518304536744,722.7322998046875,9103360
2020-01-08,712.2759498190765,722.7322902218732,706.1514975563196,721.4874877929688,8973215
2020-01-09,730.4998514399865,741.9022539420816,727.9604666196801,739.7611694335938,7559853
2020-01-10,739.9106466081302,748.6740445328128,731.7447296036901,736.972900390625,8550490
2020-01-13,736.9231495066615,743.6450836406749,732.2924594573456,734.333984375,6423758
2020-01-14,736.92310680442,748.2757303299027,731.1472351506061,744.790283203125,7237665
2020-01-15,743.9437198446725,745.8856238119388,734.9313623140331,743.1968383789062,7911661
2020-01-16,743.3960109679507,747.2798188609067,732.0433884972858,734.2342529296875,6487613
2020-01-17,731.7944964521888,739.3629324009236,727.8111283048677,736.8235473632812,7678864
2020-01-20,739.8607800560793,743.0972663548537,721.9854051111906,724.17626953125,10677371
2020-01-21,723.3297668538213,726.5662531500844,713.0726070557843,714.6161499023438,8242803
2020-01-22,714.0186304553278,719.7447212853391,703.6618505545873,709.6369018554688,13321307
2020-01-23,722.0352383816453,734.4832635271166,716.4087674847159,719.9937744140625,20643257
2020-01-24,720.392195060009,738.6160932226145,717.4046687782253,734.333984375,9541490
2020-01-27,729.4045024762349,745.3379748567652,727.9605193854748,737.1720581054688,9170435
2020-01-28,735.3297634482253,743.3960594051765,731.9438763065034,734.0849609375,7836737
2020-01-29,736.9230594265343,742.4001902736235,730.4998665495831,732.1928100585938,7985274
2020-01-30,732.6907099927466,733.3380315686244,724.2758334131787,727.8609008789062,6041343
2020-01-31,731.6450878961921,734.1844726953244,722.1845894348756,726.2675170898438,8345819
2020-02-03,701.7698687703647,709.8361646487825,692.6578901680205,706.002197265625,11594991
2020-02-04,709.4875927824345,717.6036680156326,707.0477679059222,712.0269775390625,9653925
2020-02-05,716.4585189170947,722.6327512998155,712.2261905360627,721.0393676757812,7975101
2020-02-06,724.4253038466733,741.9023194849774,719.9937946142801,733.8858032226562,9627252
2020-02-07,733.6367820044263,746.0848064690686,730.9479965637897,745.0391845703125,8438354
2020-02-10,743.1968842911679,743.6948052991053,735.9272497315557,738.0184936523438,4713339
2020-02-11,739.9106724316994,753.9520215798307,738.9148303422893,746.831787109375,7845657
2020-02-12,748.8731936341443,757.5370313018777,747.8773516213329,752.1096801757812,6190440
2020-02-13,747.9768791367381,750.3171442343792,739.213481959563,744.6906127929688,5031706
2020-02-14,744.9893647856196,749.4208737758557,729.0558930230602,733.4376220703125,6155000
2020-02-17,734.3339309277715,740.0101818249223,727.1638562170764,735.3297729492188,4275465
2020-02-18,734.6824764548979,734.6824764548979,721.6867497867252,730.5995483398438,5215502
2020-02-19,737.570449642886,742.0018982063629,732.2924380740861,737.96875,4372673
2020-02-20,739.6616572271145,750.8648799047382,734.5330465332531,741.2052001953125,7529403
2020-02-24,734.8816187964147,735.3297598543601,719.9937686846282,722.43359375,6589087
2020-02-25,726.3671702374521,728.9563350932676,719.0476951580616,725.7198486328125,5419596
2020-02-26,722.284138091959,732.6906983939571,718.9978718864248,726.3671264648438,7136975
2020-02-27,725.6700496458042,736.3753507340606,713.5705454986223,732.790283203125,8867328
2020-02-28,715.9107961381305,721.6866672432122,688.1267816545806,694.4005737304688,16428944
2020-03-02,706.3506489315316,710.2842366007004,672.4920242635698,681.3550415039062,13854352
2020-03-03,687.0314121479399,692.906843411004,672.1933422074056,684.2928466796875,11198145
2020-03-04,687.1310202542415,693.1060726042784,665.5212354319998,679.3634643554688,14802724
2020-03-05,683.6455154963026,691.114330305075,672.4422932831438,675.081298828125,10508008
2020-03-06,647.2972512695665,658.0523319036181,638.3844538842735,654.9154663085938,12969235
2020-03-09,636.3430466561925,639.1811720822508,612.5423982198828,620.957275390625,14336369
2020-03-11,611.0984684555486,631.7621899840539,609.5548647283216,616.7747192382812,11021433
2020-03-12,589.5384459129084,591.5301298518034,525.9539604762349,540.9911499023438,29369378
2020-03-13,514.8004959253533,583.2148484142234,449.2242990044002,566.4348754882812,25599305
2020-03-16,540.0948654212513,542.7338709411276,500.26121721075253,506.4852294921875,21542970
2020-03-17,513.0080102661508,529.0908214594675,475.46475619887843,486.3194274902344,20590414
2020-03-18,487.9625564248057,503.94580759632396,390.46963541317024,471.48138427734375,36240904
2020-03-19,439.2161265081887,463.0167759518594,421.9880711009331,426.4693603515625,33243997
2020-03-20,429.6062375126545,447.83016455029184,412.4777731560565,426.3697509765625,30764236
2020-03-23,383.7476963626311,390.3700391631549,300.7442648654918,307.3666076660156,37622635
2020-03-24,330.56976364865596,336.09667458556646,289.79002164266615,301.8894958496094,50681510
2020-03-25,292.27963478264445,362.2375371454409,284.8108195837694,325.441162109375,51993973
2020-03-26,334.55314782854447,397.34097673235755,330.6195595868238,339.98046875,62971564
2020-03-27,368.4615620181658,407.7475434220535,352.5778690127292,358.2541809082031,71042591
2020-03-30,343.5654955813547,380.4116501799348,338.9348362842651,366.6192321777344,61772544
2020-03-31,382.8016742406497,388.17921518051804,371.1005302662851,377.42413330078125,34637148
2020-04-01,374.68554694197525,378.22077383325984,352.52806277065577,357.1587219238281,27744593
2020-04-03,358.70231240047167,360.7935563569748,322.6528186538584,324.0968017578125,41317365
2020-04-07,345.9555199421687,404.0629092767393,340.9265297771928,387.2331848144531,48093237
2020-04-08,382.1543430096188,425.92160826106567,371.9469631637593,389.7227478027344,64930598
2020-04-09,403.3159853204745,421.24114022360675,396.9923829292883,418.4029846191406,44090546
2020-04-13,416.21216583695104,426.1207752592518,400.3284741706714,417.2080078125,33431643
2020-04-15,432.1954232260935,449.77202825381016,410.73504051941313,415.5648498535156,48315019
2020-04-16,406.901022449657,425.22450805344863,399.0338772078354,420.7929992675781,42344330
2020-04-17,448.1288766025394,483.87959645780506,430.60205223950317,476.8091125488281,47831797
2020-04-20,479.9958081920569,481.43979114060943,449.37366897648485,454.05413818359375,42163627
2020-04-21,434.1871210377297,438.1207091758829,411.23297461620695,418.90093994140625,33572119
2020-04-22,416.80965409473794,432.74312598582907,410.28690119559684,429.3572692871094,36619611
2020-04-23,432.7929401639986,438.02111067469986,424.2784728121592,428.2618408203125,29418000
2020-04-24,414.27026961688296,417.9050868178362,399.58160020138047,402.2703857421875,35773252
2020-04-27,413.27441052792915,427.71411884757964,407.3989490828979,425.52325439453125,35986805
2020-04-28,436.1787891145286,456.4939595156983,433.4402236577593,453.5562438964844,43938246
2020-04-29,428.9589141907014,446.98365932130883,424.1788850512923,437.2742004394531,61499689
2020-04-30,449.124752280467,459.97942425079333,438.5688207607045,443.05010986328125,40382553
2020-05-04,422.2369833964066,422.2369833964066,398.0380363627447,401.1251220703125,37853978
2020-05-05,412.2785878316296,417.0088373296978,384.89293284281365,387.3825378417969,50981056
2020-05-06,383.39918686763923,392.80990633793806,366.5196520687501,387.2331848144531,67511628
2020-05-07,385.3908741421611,400.5774654358768,381.10876547463437,395.6978454589844,41339309
2020-05-08,401.82224894069134,407.7475210255832,378.0714110478441,380.46142578125,33505509
2020-05-11,389.3742042956337,391.8638091824344,375.28304671447853,377.9718017578125,30141935
2020-05-12,374.73530452640864,390.1708543764792,368.46151255007277,385.241455078125,38411107
2020-05-13,409.29103862375456,414.7183893700513,397.93844655028363,412.278564453125,48206058
2020-05-14,403.3657722756694,409.2910440724076,395.9965478765903,400.2786865234375,31604212
2020-05-15,401.075418673224,402.2206310469152,385.1917245111431,386.9344482421875,25435025
2020-05-18,387.3825136142595,387.3825136142595,350.8351023586457,357.3080749511719,47864748
2020-05-19,367.2665299034043,370.9511575846813,348.64430210604866,353.0260009765625,42889678
2020-05-20,351.53223750673493,364.776924384,348.54471140894395,360.99273681640625,30720803
2020-05-21,361.4906232779398,367.4656749023685,354.22098929115845,355.7147521972656,24794914
2020-05-22,350.63594934433536,358.2541340244673,331.46599220751534,335.5489501953125,48367892
2020-05-26,340.57799150515064,346.25430351984517,334.9514898288904,339.8808898925781,30692834
2020-05-27,344.6609358186292,390.8182204101206,340.0800563605257,385.390869140625,72430787
2020-05-28,388.3783703403028,405.95497512500253,385.3908444146081,389.3244323730469,72693713
2020-05-29,380.41161936831986,387.6314734008338,373.78927657525423,383.349365234375,51056390
2020-06-01,392.66049386274955,407.7973046279239,390.91777033869863,395.29949951171875,44252980
2020-06-02,396.3451117590009,413.2744255778527,389.9219187714564,408.3948059082031,37508638
2020-06-03,420.24528995015993,430.2037091432917,403.56493780166426,407.8470458984375,49055899
2020-06-04,405.90517151575534,412.1789634376394,389.9218905108011,392.71026611328125,45553578
2020-06-05,397.3409537176405,408.1956253225166,388.8762968088687,403.61474609375,39002875
2020-06-08,413.27443824958686,442.9007383409729,412.27859622970834,428.4610290527344,60387580
2020-06-09,433.1415069713015,440.660102208643,414.7682091975137,418.3034362792969,46273705
2020-06-10,420.4444980380841,430.9008388759784,413.57316403206215,425.67266845703125,36163051
2020-06-11,424.7265907411686,433.7389482125796,407.00061622641584,411.7308654785156,45562670
2020-06-12,388.3783721923828,410.78481674194336,387.53190043126233,406.30352783203125,47813512
2020-06-15,404.262063955789,404.262063955789,382.05476956636073,387.98004150390625,39577100
2020-06-16,403.21641763431376,403.31600791193534,358.9014488637431,379.9635009765625,96186227
2020-06-17,375.8805675244892,396.0961475631409,373.7394829548428,387.98004150390625,56949066
2020-06-18,384.3949969839991,406.35330006994576,382.4033130618022,403.7143249511719,43773580
2020-06-19,405.8056384748777,420.5440887711871,405.8056384748777,415.31591796875,52085319
2020-06-22,418.25359990720216,434.08748011126676,416.36150636671096,428.36138916015625,40454004
2020-06-23,428.7099816110351,443.1496906316159,428.61039133275597,441.8052978515625,30757220
2020-06-24,446.1371929188869,446.63511389312674,420.4444828043855,422.88427734375,33577082
2020-06-25,417.2578086136133,426.91748841559695,408.6437811726391,419.94659423828125,49853200
2020-06-26,424.2287083597763,426.9672739653852,416.26197205255045,423.08349609375,32610915
2020-06-29,413.2744216398585,414.0710830674684,400.6770266728288,403.1168212890625,36319455
2020-06-30,408.29524445844976,413.0752741885174,402.3699720472288,404.95916748046875,26951915
2020-07-01,408.295220816954,435.531505649588,404.95914403214164,431.44854736328125,53380512
2020-07-02,439.16634502544025,439.6642660515462,419.5482444405911,421.44036865234375,50362770
2020-07-03,428.2120610137861,429.8054142956956,421.8884582206779,426.66851806640625,31044457
2020-07-06,432.344804794446,435.78047190295007,429.30749880454675,432.1954345703125,18424079
2020-07-07,431.6975408569549,447.1330930675265,424.42790584309006,445.4899597167969,37991679
2020-07-08,448.1289044927936,459.4814973284738,439.1663264029377,442.30322265625,45877067
2020-07-09,445.98784999022513,455.09979829814483,444.1953161388841,451.8633117675781,29162679
2020-07-10,448.029316357357,449.5728897146296,435.1829604452345,437.77215576171875,25676354
2020-07-13,442.10408413268357,444.5438788869912,430.950641170832,438.22027587890625,21326370
2020-07-14,433.0916909271071,433.98794267215834,413.67277142468754,415.9632263183594,25685579
2020-07-15,422.2370013819996,442.60198211908016,420.9921989015102,424.8759765625,43250557
2020-07-16,430.1539705955522,434.336488824724,416.7101033911761,432.1954345703125,30183647
2020-07-17,432.19541551433036,438.0708770664573,422.8345070628944,431.2991638183594,33464985
2020-07-20,435.88006218260125,440.9588321472608,427.5149649428847,432.1954345703125,30400586
2020-07-21,438.1704938116071,449.12475615689726,436.67673076452206,444.3447265625,43147019
2020-07-22,476.0124645777551,482.58502769817915,458.186899283629,476.9585266113281,89611937
2020-07-23,470.9835020606416,472.7760055652778,457.29067409534923,458.9338073730469,40249567
2020-07-24,454.7014854341536,454.7014854341536,439.7140443694563,443.7472229003906,30566635
2020-07-27,445.1413867306695,446.13722875914976,428.11248196552,429.755615234375,21924237
2020-07-28,432.1954514597674,438.170503784096,422.63536166270416,435.2327575683594,33057573
2020-07-29,433.938161602103,445.1413843629146,432.49417851221256,439.0667419433594,24404819
2020-07-30,440.06256688080236,444.04593481887827,422.9838829244389,424.0793151855469,26861618
2020-07-31,427.2162188645933,432.6435699318515,419.54822329280057,429.8551940917969,27499638
2020-08-03,429.80543425104975,430.1041747093528,413.9715517565522,415.61468505859375,23824107
2020-08-04,420.09596593189474,429.4070949794114,415.614676802247,427.3656005859375,24746211
2020-08-05,437.1745965358077,444.9919615725004,431.34891531021213,433.1414489746094,36932321
2020-08-06,434.18708022472214,436.47750450082674,425.3240931514827,431.1995544433594,33465135
2020-08-07,429.65603816671745,435.1829490475459,425.3738993810373,431.4983215332031,15569399
2020-08-10,432.1954308581485,435.18295687790527,427.51496127092173,429.3074951171875,14888044
2020-08-11,433.4900017292239,448.0293007150758,433.4900017292239,446.13720703125,30469633
2020-08-12,442.95051184832715,450.86746794757954,437.1248604292508,449.2243347167969,23184137
2020-08-13,452.21189946806857,454.85087493030363,443.4982811743846,446.2368469238281,21885850
2020-08-14,449.62264015662305,449.62264015662305,423.8303397451552,434.0377197265625,36725538
2020-08-17,437.27421755064313,439.1663112260879,423.58139038656446,436.3281555175781,30198343
2020-08-18,437.67255767295313,445.3903331495524,433.49000912936043,443.94635009765625,21768516
2020-08-19,444.1455307825622,450.070802822595,440.61030384852694,442.35302734375,18127671
2020-08-20,436.0791643615677,439.4650207622961,431.4485055789036,433.1414489746094,16688938
2020-08-21,438.17048076911084,443.00032055572575,434.4360732625559,438.6186218261719,25087973
2020-08-24,442.1538466593656,447.58119769918403,440.46090310822433,443.94635009765625,18196776
2020-08-25,449.0749453627637,454.50226582660173,445.24094772714807,449.92138671875,26273592
2020-08-26,450.1205582302848,462.8673229442492,447.13303240132274,461.4233703613281,25914508
2020-08-27,462.07068053201033,472.52702136301485,462.07068053201033,471.0830383300781,19544214
2020-08-28,474.4689378428571,510.8669511537766,474.07057672628946,507.082763671875,59179945
2020-08-31,522.2693445981524,531.6302228494242,484.27794830990035,494.68450927734375,55830536
2020-09-01,492.9915795254518,501.30686646520394,477.6556185055211,483.68048095703125,33276725
2020-09-02,484.9750595656638,485.9211216327954,470.1370196735169,482.3858642578125,20750575
2020-09-03,486.36921503515595,487.9127883324779,471.132844957537,472.97515869140625,14045705
2020-09-04,467.0498886631357,470.9834766407732,450.7180862677644,453.3072814941406,29405304
2020-09-07,455.0998115055591,465.20760211622127,448.7762084841825,456.7927551269531,25967554
2020-09-08,457.8880888180024,460.4772838098691,439.41523391670086,442.5023498535156,21052285
2020-09-09,438.0709062081511,441.5065733937228,423.23286592787593,429.4568786621094,31657672
2020-09-10,434.6352536583225,446.8343181752204,428.9589420941854,444.99200439453125,34434841
2020-09-11,444.14552312190995,447.97952082340885,437.42358975627565,445.3405456542969,18620781
2020-09-14,450.12060425291264,453.10813038733465,436.17881562561,438.71820068359375,17622727
2020-09-15,439.2160986781688,450.020990375972,434.08751849443684,447.6807556152344,17328721
2020-09-16,447.6807345637024,448.72638684116936,438.17045613789236,444.1455078125,20016188
2020-09-17,439.1165370012971,444.593667938246,436.6767119731092,441.05841064453125,14306232
2020-09-18,442.7015534570682,447.4318030052931,434.236896370771,441.5065612792969,20809690
2020-09-21,441.1580111290581,442.1538531406361,418.8013458128572,421.5897216796875,19013877
2020-09-22,422.2370309181584,424.87600628325936,404.6106144051583,410.28692626953125,27558176
2020-09-23,416.36153600812,421.1415653339409,404.41143230288253,418.0046691894531,18612700
2020-09-24,412.2785738778639,412.5773143113565,399.4819985380589,400.776611328125,21177182
2020-09-25,405.8056236460834,414.967382397558,398.4861787119983,413.32421875,20460096
2020-09-28,418.25362612051794,438.7679767178994,416.3117221286844,437.423583984375,19387091
2020-09-29,440.56049577568854,441.45674749969515,423.033670455627,425.0751647949219,19996904
2020-09-30,425.22451200081406,426.3199442222786,417.0088159258569,422.88427734375,18485278
2020-10-01,428.411235691716,443.4484254084217,425.62285988896605,441.8551025390625,21083211
2020-10-05,442.20363237711433,454.5520976134648,437.2244223271944,442.30322265625,24252318
2020-10-06,447.6309947631116,450.81770143160435,440.8592810809233,447.7803649902344,19387351
2020-10-07,445.1413613129657,454.05415911521527,441.6559144123049,451.21600341796875,19873734
2020-10-08,453.6558133347705,459.7304556449248,445.3903368474808,450.02099609375,20909290
2020-10-09,451.41518133384733,467.8465748758438,448.2782850085127,466.1038513183594,28048230
2020-10-12,471.53117752075195,478.004150390625,460.37773518869653,466.0540466308594,21261504
2020-10-13,463.9627704942326,471.0332546012682,457.8383484205773,459.43170166015625,15582492
2020-10-14,456.095615660588,472.676378143038,452.11224783822485,469.3403015136719,13984621
2020-10-15,471.4315950781003,479.94606238282415,458.0873184027656,460.676513671875,28971494
2020-10-16,463.215875860179,473.5228460962468,461.07482175091957,470.43572998046875,16288157
2020-10-19,475.0664173633202,493.8380452765782,474.26975591386014,490.90032958984375,28131936
2020-10-20,483.82985273835476,496.57661847083335,483.08297122143557,491.89617919921875,21376064
2020-10-21,494.83389083483127,505.38982226470426,484.5767302436646,499.364990234375,27029535
2020-10-22,493.9376331443751,510.86694718359763,493.5890823654304,508.17816162109375,30022336
2020-10-23,511.7632178759388,513.3565407315193,502.40227895063333,505.091064453125,18810262
2020-10-26,506.1366843862645,507.73003762626684,488.8588200216509,491.29864501953125,17446937
2020-10-27,491.94595667921425,510.1200734998532,480.64314370166585,505.9873352050781,24239860
2020-10-28,508.6760519651049,515.348205134717,491.44799851977353,502.6014404296875,30343575
2020-10-29,503.8960751187843,514.2030159791186,487.315311136195,491.7966003417969,50934336
2020-10-30,492.94178392439323,499.46453678772457,479.59750736700136,490.4521789550781,23140833
2020-11-02,494.7840667300176,529.4891639095291,493.04134336050817,520.476806640625,37597227
2020-11-03,522.8170977044658,534.7672027948536,521.8212556136001,531.9290771484375,25991938
2020-11-04,522.9165899408661,531.6302071084863,508.8752425890202,522.9664306640625,28905623
2020-11-05,532.675948540226,540.244323973666,525.3564728433699,537.0576171875,23728389
2020-11-06,536.5099103405665,543.7297652825046,528.9913149366166,539.4974365234375,22256961
2020-11-09,547.7130907963995,565.6382464951907,545.9703673256836,562.7005004882812,26041462
2020-11-10,569.6215974938353,585.5550687524042,565.8871901676083,581.17333984375,34935409
2020-11-11,577.438906082609,608.6088064303345,574.0033001248561,606.1192016601562,50289937
2020-11-12,599.4471265175506,607.9117838347213,586.3517794143194,597.2064819335938,34244439
2020-11-13,592.5259835675573,609.8038177674408,581.8704621269588,607.8121337890625,28813262
2020-11-17,610.600534288079,628.2767294312995,606.4677657589467,626.1854248046875,25960060
2020-11-18,622.4012336909848,637.3388632995684,619.4634877116893,633.6542358398438,24928180
2020-11-19,616.4262744220474,630.3680641504944,606.5176331373397,608.9574584960938,26525371
2020-11-20,612.4428040767891,613.9365670135618,589.5384390462751,605.322509765625,29556191
2020-11-23,608.4096853732557,610.0527882133905,590.2355687741724,593.1234741210938,23728765
2020-11-24,600.492753005069,620.0112327702957,598.0529278390719,617.0735473632812,30742369
2020-11-25,622.4012234707939,627.3804332585602,593.521806701749,597.3557739257812,35115637
2020-11-26,599.745830518057,615.6295222040332,591.5799141521555,610.0029907226562,35476456
2020-11-27,609.4553537350656,611.098517481706,596.2604461582853,599.0985717773438,29921076
2020-12-01,608.4594286345213,612.4427964160893,593.7209799989932,601.1400146484375,21285697
2020-12-02,604.4760703234231,610.9490430698849,598.749979047707,605.5714721679688,19070722
2020-12-03,607.6130045871648,608.4594459522917,597.8537046194622,600.1939697265625,17746316
2020-12-04,604.0777696971247,613.8868504636675,600.6919431596316,611.9449462890625,20019707
2020-12-07,614.3847464086623,621.8037816140986,609.9034573185646,616.6751708984375,24658169
2020-12-08,616.5257322765248,621.2559815800267,609.0569175867847,618.0693359375,16005349
2020-12-09,616.5755788186642,634.0525932013263,616.4261782109115,631.56298828125,22000284
2020-12-10,621.9033031501071,629.8202588773072,617.77053470934,624.4426879882812,16126862
2020-12-11,623.7456407581623,629.0236522233272,605.8204839428469,610.7001342773438,17950692
2020-12-14,613.4386101703851,621.2061648312044,609.8536036442734,613.3390502929688,14567480
2020-12-15,613.1896797247657,613.1896797247657,599.7955933625673,604.5756225585938,22311290
2020-12-16,610.9988693122586,612.3432925303009,602.285251493255,603.579833984375,14860853
2020-12-17,604.7250347922557,608.4594421705528,600.6918869799687,602.8827514648438,14598759
2020-12-18,601.8869283610774,608.4594612403225,594.0197522583509,606.9656982421875,17301814
2020-12-21,602.7334099110616,604.7250940412922,571.0158644496883,580.0780029296875,18580262
2020-12-22,582.5676018042602,591.4804003471133,566.0366480143306,587.2978515625,19896386
2020-12-23,586.5509660800307,592.0280973422381,581.8704962996876,589.9866333007812,12247401
2020-12-24,592.5259706985245,611.4469680821749,591.679529338646,607.6627807617188,15488083
2020-12-28,611.4470004579242,618.2187140396201,611.4470004579242,615.0818481445312,8444506
2020-12-29,618.1191517232969,629.7705154712168,616.0278470200752,627.5796508789062,13765454
2020-12-30,629.6210261483563,631.3637494314873,615.6294599457768,622.500732421875,10262221
2020-12-31,619.8120822700249,623.3473091975376,613.4386691867053,617.8701782226562,12306502
2021-01-01,617.6710107903466,622.8494014328926,614.9822251892772,621.2062377929688,6047062
2021-01-04,625.1895637583376,630.3679540521647,618.716591086396,622.1024780273438,14068156
2021-01-05,615.4303241610204,665.1228617027507,615.4303241610204,661.6871948242188,37973963
2021-01-06,659.2474389956295,664.3760498804266,646.4508929288838,651.5296630859375,20829645
2021-01-07,656.2598459778549,673.6870801274945,656.2598459778549,668.3095092773438,17887570
2021-01-08,675.1809047701872,676.0273461937062,665.7204053670652,669.9029541015625,12272794
2021-01-11,673.1891765850129,673.836498182739,657.4051055589924,664.1768188476562,7928365
2021-01-12,658.5502929878865,682.1517602052776,656.5088290734733,672.8904418945312,13301893
2021-01-13,673.1892009124215,688.3260116690936,666.2680867645176,684.9401245117188,15645903
2021-01-14,675.6788140471871,684.9401327245731,671.844846563006,673.189208984375,9337503
2021-01-15,674.7825107958947,680.1103019324128,666.8157748442011,672.0439453125,12339771
2021-01-18,671.6456433861337,672.1933443252354,648.4425371382924,654.2681884765625,13460603
2021-01-19,660.7909696176007,669.1560670171831,657.0067820440274,665.9693603515625,9010539
2021-01-20,661.239042845912,678.1185757495322,661.239042845912,672.940185546875,9980614
2021-01-21,677.9194450600489,692.1101936345708,666.9651830025234,673.039794921875,15849438
2021-01-22,667.2140988275189,671.0979067004055,636.1438181885309,641.8201293945312,21392223
2021-01-25,651.2806853216944,665.2224736924952,636.6915753211284,655.6624145507812,21325345
2021-01-27,657.2059785144218,661.0399461262277,624.7913316738674,629.4717407226562,24462588
2021-01-28,619.4137363588885,671.8946229622909,613.438684239671,667.9112548828125,64303975
2021-01-29,668.2099725309582,673.0397818499673,650.2848167849712,660.1436767578125,31273252
2021-02-01,662.2350006324218,714.0187901555586,651.6292578886895,706.4005737304688,30648270
2021-02-02,716.2593364687275,741.8524872377875,701.2719269859965,711.2303466796875,28703320
2021-02-03,717.0062330220496,733.7363663029565,712.574724008903,730.7488403320312,23541361
2021-02-04,726.9646567156145,742.4002076458776,717.603717645358,740.806884765625,20490289
2021-02-05,745.8856270175063,763.1136807456154,714.0186843411909,716.6078491210938,31121503
2021-02-08,722.9812907332857,744.690634138975,722.9812907332857,733.089111328125,15662890
2021-02-09,732.6907859108665,746.8815350773359,723.1805065204901,739.4127197265625,22307807
2021-02-10,738.466623445978,743.2964936180862,723.0808523792393,731.7446899414062,15140744
2021-02-11,727.960506104423,741.0558527908066,727.960506104423,737.0226440429688,11897710
2021-02-12,732.4417763751333,751.5619545496297,731.4957143377491,747.2798461914062,15668442
2021-02-15,756.7403010893004,795.6776959397631,750.7652495553347,790.698486328125,20648115
2021-02-16,795.6777596486618,795.6777596486618,763.8108155826327,771.8273315429688,23968943
2021-02-17,770.7816450510788,781.7359061564559,761.1219662837002,774.5160522460938,16956357
2021-02-18,771.7775420946198,778.7484360232163,760.8232802068251,773.7692260742188,19685663
2021-02-19,769.686284844603,773.9683931700056,738.2674219876704,746.532958984375,15634787
2021-02-22,746.532934846607,746.732054609569,712.0269873032116,716.45849609375,18123202
2021-02-23,729.3048556311861,731.8940812689223,709.6369763673249,712.9730834960938,16804763
2021-02-24,718.9979610968085,751.7611888997809,714.0685307861993,746.2840576171875,11207286
2021-02-25,761.8191469730317,780.2422243834907,758.9810215223482,767.4456787109375,26635119
2021-02-26,742.898117013188,755.5453223143247,715.6618631751858,721.7862548828125,31306177
2021-03-01,734.9314101555029,740.4085412609978,719.2468983534037,725.5206909179688,14301187
2021-03-02,727.4128112014135,737.4210112847222,718.9979340277778,728.20947265625,14503453
2021-03-03,737.4209768587752,757.6365566406959,732.043405922274,750.8150634765625,13603791
2021-03-04,728.0600774822968,748.3254990851998,728.0600774822968,733.7363891601562,16896947
2021-03-05,728.9563503624273,741.0060143550495,717.5041672624711,727.7115478515625,16358252
2021-03-08,731.9438740959583,749.3711091934812,728.9563480792401,740.2093505859375,13898556
2021-03-09,755.5453088303595,755.5453088303595,736.9230519821053,742.3504028320312,18951683
2021-03-10,747.3794116202914,762.516221986597,746.0350492497122,757.5867919921875,13377990
2021-03-12,769.3874657568387,773.3708335542468,741.9022522672699,747.4789428710938,16343307
2021-03-15,750.8649302859486,750.8649302859486,713.6702528131145,741.3048706054688,22466579
2021-03-16,747.877402687913,748.8732447687224,732.8899915280058,734.6824951171875,11358574
2021-03-17,735.927234927235,738.9147609147609,721.6867065429688,724.8734130859375,12380976
2021-03-18,732.9396875,740.010141151107,704.3092309570313,715.7614135742188,12261544
2021-03-19,706.0519507718374,726.3173103777759,700.5748199830572,723.230224609375,20377672
2021-03-22,716.0104525899077,726.9647154250802,706.3507722971622,713.2221069335938,14802230
2021-03-23,715.0145846914919,736.4251885506383,711.130776423097,727.5123901367188,15949688
2021-03-24,720.2427433703328,721.9854669111529,700.3756828487099,703.4628295898438,14379147
2021-03-25,706.549923657723,707.9441268189278,677.1725836324899,691.7118530273438,21179280
2021-03-26,704.0602721720342,704.0602721720342,690.267885212188,695.296875,13143312
2021-03-30,702.0685783789392,710.334054450389,688.1267910068751,692.4586791992188,25965218
2021-03-31,693.1060657016383,700.6246610109486,689.2222574002428,694.550048828125,14924620
2021-04-01,703.3631858616326,714.0187073181922,692.6578844618131,710.0353393554688,13090326
2021-04-05,704.2595017358078,705.5043042838486,674.6332010924381,682.4007568359375,16239521
2021-04-06,687.230522291965,690.6164093178235,672.6912537767696,675.081298828125,12062011
2021-04-07,677.67046926258,689.0230921784986,665.6208055838321,685.3882446289062,14433515
2021-04-08,688.6247909751781,692.6081592526918,676.5252855196798,678.7659301757812,9026398
2021-04-09,676.4754526521907,683.9442675882476,664.2266083133316,665.421630859375,12509114
2021-04-12,648.2930819778234,652.2764496090235,624.0443558354391,632.9570922851562,14649541
2021-04-13,632.9571748441494,662.0855544466249,627.3804837456269,658.2515869140625,12737650
2021-04-15,663.6789243196687,668.5585137336577,649.5877354679762,666.0689086914062,15195951
2021-04-16,665.8697795234526,672.4423124297656,659.5959262803503,666.41748046875,12242522
2021-04-19,647.2973004786572,652.5752509262857,628.3763024646657,645.4550170898438,17292072
2021-04-20,653.2723676639815,659.2474198072497,640.3264213535673,649.0400390625,12296248
2021-04-22,638.3347055046817,658.2017650475678,631.7621727870724,655.9611206054688,19385102
2021-04-23,653.2723816339767,674.6829856052123,648.1936115161405,668.5585327148438,19167768
2021-04-26,691.1143436056602,700.8735829873332,681.6538446658133,697.5375366210938,21646184
2021-04-27,688.2264188781625,700.973245788375,681.2555245034916,696.6412963867188,46559967
2021-04-28,705.0561657873892,709.5374549767158,685.2887255647983,705.20556640625,54060587
2021-04-29,709.0394973974793,723.8775673718571,704.0602874438454,716.4087524414062,25939327
2021-04-30,702.0685696532428,726.8152176185437,702.0685696532428,711.9274291992188,23011654
2021-05-03,703.0644282853633,705.056112218183,689.2222006397182,699.8279418945312,13752878
2021-05-04,701.0727135411338,715.6618220204102,695.1972218849893,697.4378662109375,11980155
2021-05-05,706.0519789406587,716.0601788977181,697.0894009287181,714.2178955078125,11155033
2021-05-06,715.0145703261439,719.8443798103659,707.2967946715094,712.77392578125,9484934
2021-05-07,718.0020426233596,723.8775344136849,711.0311490056571,713.7697143554688,7131970
2021-05-10,720.4916358582418,721.9853987522118,711.0311375297645,712.2759399414062,7980462
2021-05-11,701.869489351246,710.7325082202908,700.0769857545226,704.4088745117188,12736700
2021-05-12,701.0728043566723,702.8155279470476,686.1849535283345,688.4255981445312,10856584
2021-05-14,692.1101528641082,695.695159559202,678.5667267033436,682.1517333984375,9377968
2021-05-17,688.6247087007347,707.3465252119573,681.5542551654512,706.3009033203125,12099197
2021-05-18,717.006235337283,722.981287298427,705.554052411757,708.6909790039062,19519055
2021-05-19,701.0728138016431,720.6909146395835,699.2803102408118,713.819580078125,20244016
2021-05-20,705.6536296085293,711.4295619377517,701.6204815920967,702.9649047851562,18840413
2021-05-21,704.0602541146745,730.3505057378691,704.0602541146745,727.8609008789062,15883692
2021-05-24,727.3629971919069,744.3918705193329,723.7281496988966,738.0682983398438,15716900
2021-05-25,741.3047844540998,741.9022653216767,722.8318673434775,728.5081787109375,11344261
2021-05-26,734.9314232508832,738.3173104889789,726.466765937018,732.04345703125,9081086
2021-05-27,734.13481526817,750.7155499222579,727.960582033091,747.2301025390625,23040846
2021-05-28,749.4706671794544,756.5411818699005,735.4293192490626,736.773681640625,17149692
2021-05-31,734.8318476376049,749.8690377608984,730.9480394641428,747.57861328125,9275086
2021-06-01,750.416671454819,750.864812477956,738.0682680367341,742.0516357421875,6660243
2021-06-02,741.7031022433187,742.2010232384849,731.1472014583435,733.935546875,9973043
2021-06-03,739.9105931138783,749.1221314534522,735.9272251832518,747.52880859375,8170508
2021-06-04,747.8773365657305,756.7403546138784,737.0226345320547,738.9645385742188,10336011
2021-06-07,740.0101320401712,750.8150537147889,738.416809225597,747.9768676757812,6986728
2021-06-08,747.8773326208817,747.9768925070842,736.4251497645033,743.2466430664062,6426815
2021-06-09,742.8981228593167,748.1262932949888,727.1140516660741,733.6865844726562,8004726
2021-06-10,736.375366147879,742.2507973760617,729.852613318495,741.1553955078125,7795125
2021-06-11,743.1470718292321,743.1470718292321,733.9355335854527,735.3795166015625,4840759
2021-06-14,732.8402002927605,738.3173316528517,721.9854974665747,733.188720703125,5190670
2021-06-15,732.93976092817,748.8732339918258,728.956392662256,747.77783203125,9686490
2021-06-16,745.6864090678764,753.7029242765262,743.1470243570002,746.6822509765625,8614096
2021-06-17,738.8650380767981,742.3007053842639,732.9397655873101,735.5289306640625,6674329
2021-06-18,739.064176618933,740.1097985796451,719.2468961844447,733.2384643554688,8143792
2021-06-21,721.9854859213091,737.8193988216506,717.5041966983491,736.4749755859375,6464497
2021-06-22,740.1097236436952,745.8855945964464,733.9852715517518,736.2756958007812,6727233
2021-06-23,740.1097928664143,740.6574938148095,727.761327648583,729.3048706054688,6154147
2021-06-24,732.8401127947354,739.8607863617929,728.0600228260957,736.0765991210938,5313822
2021-06-25,734.4832973594375,762.7652361052415,734.4832973594375,758.184326171875,11170037
2021-06-28,761.3709431359562,766.3999327771132,754.5992300996496,759.2299194335938,7672743
2021-06-29,757.8357217225494,760.3751065313118,746.9312402458263,748.8233642578125,7500655
2021-06-30,749.3710860481526,757.3378218466712,743.4458141417304,745.1885375976562,5459970
2021-07-01,746.88154061252,751.2632699633302,741.4044093146948,743.3463134765625,5695690
2021-07-02,744.4914419215504,749.7196123304977,740.906435096535,747.52880859375,3557647
2021-07-05,753.9519291336045,758.831579085944,750.2673624796743,757.1884155273438,4680089
2021-07-06,753.8524149189935,763.8108351953342,752.0599114255269,755.19677734375,5529485
2021-07-07,752.7570110976264,760.8233071885155,749.1221633934041,759.7279052734375,3573368
2021-07-08,756.8398741433112,763.9601683244437,748.5743982003883,751.26318359375,4188267
2021-07-09,748.873120862762,749.7694028997456,737.1719783492813,744.242431640625,5782119
2021-07-12,749.3710898339368,754.6490401708452,745.1885413623104,750.4664916992188,4475466
2021-07-13,755.8440233614782,769.7858103536531,751.8606556494283,767.545166015625,9810976
2021-07-14,767.7444266725364,770.2340317523608,760.8233123943496,766.84814453125,5621924
2021-07-15,767.2963045250137,775.014080462806,763.3129362990566,770.93115234375,4239868
2021-07-16,772.7734744535646,772.7734744535646,763.362754393183,767.9436645507812,2913553
2021-07-19,749.1719094335947,763.4622783161013,746.4831239311917,752.0598754882812,5554486
2021-07-20,751.8607701945136,752.0599507667346,741.1056878897284,742.6492309570312,5815740
2021-07-22,746.9810659457578,755.3461631261508,737.9189279848092,743.64501953125,7876163
2021-07-23,745.8856809298028,760.8233113890111,737.0226625447896,752.2590942382812,6604465
2021-07-26,750.8648490515743,756.8399009007911,741.9022712777492,753.1552734375,7890992
2021-07-27,747.3793473367459,752.8564777969086,726.0683063246574,728.6575317382812,15441543
2021-07-28,731.7446476941112,731.7446476941112,709.1390234275983,719.8941650390625,11102486
2021-07-29,717.0062657938306,725.4709230983411,713.0228976505315,714.2677001953125,6855673
2021-07-30,715.0643100797221,715.6618517269321,704.2096691411597,705.952392578125,10358450
2021-08-02,712.0270365885923,722.5331576295341,709.0395105609479,718.1514892578125,6823345
2021-08-03,720.9896607136039,737.7695753278824,716.3091908151271,735.5289306640625,9265839
2021-08-04,737.4209636413293,753.8523558088943,735.5786803472105,750.6656494140625,9744349
2021-08-05,749.8690147078194,751.8606986778268,740.4085158502837,746.1843872070312,7246991
2021-08-06,743.8939839444209,754.499725698748,735.728067278984,737.76953125,6522599
2021-08-09,737.9189333559109,754.250766719792,736.6741308367544,752.358642578125,6064688
2021-08-10,752.3585912263414,760.8232477788548,751.8606702526641,758.3834228515625,8309248
2021-08-11,761.8190839479703,765.8024517071754,749.3710597004545,757.6365356445312,6429468
2021-08-12,755.8440913760024,760.2258205660938,750.2175596638822,754.200927734375,3572081
2021-08-13,754.3503113443461,761.3212053105644,751.0640449165461,756.7403564453125,4239376
2021-08-16,752.8565520038755,762.6157914476513,752.8565520038755,758.8316040039062,3967629
2021-08-17,755.8440991525489,756.8399411804179,746.1844193259451,753.6034545898438,5576110
2021-08-18,760.6240613577542,760.6240613577542,747.3793757165199,751.26318359375,5370460
2021-08-20,742.6989691811905,745.8856758135712,733.1389100654218,737.1720581054688,6092036
2021-08-23,746.3836143858234,746.3836143858234,731.3464237854636,733.039306640625,3614761
2021-08-24,732.9397028082143,746.5827501933915,728.4584138644141,743.2466430664062,4537435
2021-08-25,745.0889680095336,748.3254543855335,732.1430225055342,735.9769897460938,6726509
2021-08-26,731.0475787193946,746.8814906333705,729.30485524125,743.2466430664062,6492155
2021-08-27,743.3961138518163,756.4416208071273,737.9189824034773,749.2716064453125,5841967
2021-08-30,752.8565607247463,786.2172681113586,750.8648767016649,780.7899169921875,12517507
2021-08-31,781.6364134339034,785.7193413387039,775.1634404063983,783.229736328125,12114870
2021-09-01,794.7815247961867,815.5946481895196,792.0927998558274,795.5782470703125,19972195
2021-09-02,792.1922913442843,802.7481919698246,789.1052055334293,799.3623657226562,6799617
2021-09-03,801.1548575112097,806.532428412397,784.4247247250494,794.681884765625,7509746
2021-09-06,797.5199947845667,802.5490452157931,792.0428641046215,797.47021484375,4539192
2021-09-07,794.6819173088844,796.0761204237297,778.7982252264487,784.5740966796875,6926921
2021-09-08,786.7152211170732,794.0346358870679,779.7443267527447,791.3956909179688,5903035
2021-09-09,785.7193204013837,790.3997898528245,780.9392910647216,786.8645629882812,4909325
2021-09-13,782.7317562285126,787.1632649690316,780.2421514059029,785.0719604492188,4814443
2021-09-14,787.7109758786672,797.669395295591,786.7151339369749,791.0968627929688,6301208
2021-09-15,792.6902238402973,794.1342068817079,783.7276459325553,788.109375,4075592
2021-09-16,789.2047765676705,804.0926264648743,785.8188894912985,799.2627563476562,15446511
2021-09-17,805.4868050434751,817.2875696174723,793.9350617594001,803.9930419921875,14641298
2021-09-20,796.6735397845544,805.1879760847283,788.2088834243435,792.540771484375,6306484
2021-09-21,791.9433478277285,795.6777553151275,769.0887618485729,792.0429077148438,7833561
2021-09-22,789.2047287672981,793.4868369059134,782.7317562285126,785.0719604492188,4359142
2021-09-23,791.047095491759,811.1133367918543,789.2545919866154,808.7731323242188,9043492
2021-09-24,809.171460479317,813.5531898925956,791.7940042303815,794.7317504882812,5184626
2021-09-27,799.5615635411248,805.4369948534058,789.5035229046485,793.6362915039062,7715259
2021-09-28,798.6652835021868,802.2502903874033,774.7650755170839,785.9185180664062,7369680
2021-09-29,779.7442685169102,786.2172413717759,775.2629796173877,778.8978271484375,14241004
2021-09-30,776.6571980316405,784.0761722866652,761.669727346699,763.3626708984375,9178187
2021-10-01,760.2258658571378,768.4913429395579,750.8649260212453,764.9561157226562,6089895
2021-10-04,767.8937491064602,777.902009925646,767.0970876552451,775.7609252929688,5845527
2021-10-05,771.1800912562479,780.7401504182071,767.9933846084703,779.345947265625,3945224
2021-10-06,778.9974482689938,790.8977729939036,772.7734354192894,775.711181640625,5092479
2021-10-07,786.7152843000546,786.8646849324105,770.8813700882989,773.868896484375,6622698
2021-10-08,778.6488894895244,781.7359753982935,772.7733973364022,778.6986694335938,4295686
2021-10-11,778.7484644480985,789.7027267357315,775.7609383696531,783.8770751953125,4417455
2021-10-12,784.723470897682,796.3748340812439,782.1840860351881,793.83544921875,5098502
2021-10-13,796.6238116202156,801.1548805159583,789.9018781913993,791.2960205078125,4381414
2021-10-14,795.6777210527802,800.6569308215711,784.7234595614403,798.7150268554688,7157116
2021-10-18,816.5904889168995,816.5904889168995,798.7151117898214,809.9183349609375,11014585
2021-10-19,816.5903866186638,823.5612801629695,795.1797850182965,798.3167114257812,10633732
2021-10-20,797.2710648093228,810.4161911005066,788.7068480945813,801.45361328125,9023067
2021-10-21,804.5905016766701,810.1174122468501,789.0055511174563,804.4411010742188,7405639
2021-10-22,808.6236688308849,821.5696142678325,803.4452784998319,813.3041381835938,10646970
2021-10-25,826.6483694466276,863.2954014355793,822.0177408980047,841.5859985351562,29193770
2021-10-26,844.8724486457061,848.1089354197311,820.0759564337027,838.3994750976562,16771909
2021-10-27,836.5072265625,837.3038879553335,782.3832416325807,784.2255249023438,39606414
2021-10-28,784.2255967618328,785.7193598032839,751.5122104666029,755.19677734375,19320926
2021-10-29,758.8315730750401,758.8315730750401,711.031159023069,738.9147338867188,21343427
2021-11-01,751.8607464631896,756.8399567046677,736.9231157387554,749.2217407226562,11694854
2021-11-02,749.3711069242947,758.1842843343771,744.9395978566407,752.7071533203125,11812106
2021-11-03,756.2921805916807,759.478886985881,745.3876990900021,747.4789428710938,10529505
2021-11-04,753.8524230012273,753.902202946868,748.275731899237,749.8192749023438,793433
2021-11-08,757.8357641072641,757.8357641072641,738.4168450532673,747.9271240234375,13872770
2021-11-09,746.8814561339452,750.815043959191,740.2590829103435,741.9520263671875,12120207
2021-11-10,739.6118789434885,750.2175599666315,728.9563571943457,746.2341918945312,10844883
2021-11-11,744.8897797102615,744.8897797102615,732.0433942235662,734.9811401367188,6195359
2021-11-12,739.7113739500334,739.7113739500334,730.450056151018,732.9894409179688,9372897
2021-11-15,734.931482969922,740.9065356769945,724.9730617914678,730.2012329101562,12849161
2021-11-16,730.2011299971876,730.2509099397881,718.3008062098648,723.1306762695312,8978763
2021-11-17,718.0021195869265,721.8859279027901,703.8113703440503,709.3880615234375,18083445
2021-11-18,712.0270213753964,713.0228633633341,698.9815156459622,703.4129638671875,13458109
2021-11-22,710.0353318315224,710.0353318315224,674.583381651501,683.5459594726562,16741079
2021-11-23,678.1683827842854,689.7699660681067,674.533535274729,682.799072265625,16575348
2021-11-24,687.1309566845052,692.2097263996253,679.2140008968663,682.3011474609375,11463429
2021-11-25,683.1476099157932,684.143451912755,673.7368908882298,677.072998046875,9760486
2021-11-26,666.2182672527272,672.0937590941106,657.7038307019594,658.9984130859375,10252753
2021-11-29,662.2847082153323,662.6830693268415,646.6499766998605,648.3927001953125,12084376
2021-11-30,645.3056125531434,674.6331714527666,645.3056125531434,652.923828125,24699809
2021-12-01,662.1354014884542,678.5667952670713,657.2557511446786,676.7742309570312,16184200
2021-12-02,672.1933554279223,675.977542902205,665.2722413157603,673.2887573242188,8612601
2021-12-03,676.2763335791044,684.4920307556707,668.2100370273902,670.2017211914062,9505985
2021-12-06,671.1975370550881,675.9277867598532,658.4009911136945,660.3428344726562,8022785
2021-12-07,669.2058627865721,688.674562858686,667.2141786711359,684.1434936523438,15123987
2021-12-08,692.1101721820118,698.6329249578127,684.7907579829948,694.201416015625,11670826
2021-12-09,695.2471237947947,696.9898473127979,685.1393030778271,691.0645751953125,7021395
2021-12-10,687.2304896734679,689.0728337076763,680.9069177480621,685.1890258789062,5549743
2021-12-13,696.0935440063477,708.939929860644,690.2180520119146,701.07275390625,13634563
2021-12-14,698.0852318279826,711.0311776393432,694.6993447647707,707.944091796875,8612512
2021-12-15,709.4379156913883,717.006291118421,704.608045178223,709.5374755859375,7692888
2021-12-16,716.0103779113722,718.9481238852242,702.1183702448566,706.6992797851562,7309187
2021-12-17,704.5582205288981,705.0561415328054,682.2513352412999,686.0355834960938,7844705
2021-12-20,678.1186140995156,679.0148354201765,657.3552721743207,671.5460205078125,9934646
2021-12-21,680.1600741790068,680.1600741790068,659.7453135338096,663.0813598632812,10116104
2021-12-22,667.214155123315,674.0356486653847,661.2391029878823,666.5668334960938,7489534
2021-12-23,674.1850356144819,681.6538506323676,669.80330649144,675.9775390625,6884683
2021-12-24,678.3177539418923,679.1641952686095,659.695497721802,664.7244873046875,6028893
2021-12-27,660.2930861494143,671.7950501418919,653.2226316172773,669.3552856445312,6996729
2021-12-28,674.4838240502902,678.0190512540227,669.2058732183848,672.6415405273438,4645547
2021-12-29,671.6954039844624,676.7741736827682,664.475549753347,667.7120361328125,3969894
2021-12-30,665.22246728959,670.3012372632337,661.7370202304379,666.0689086914062,5119705
2021-12-31,670.1518857750453,683.6455327131083,668.4091622757767,675.7285766601562,5586980
2022-01-03,677.4214974662981,695.5956133483413,676.1766950086239,693.4545288085938,8550860
2022-01-04,698.0852186395155,708.0934182483302,697.1391566148998,706.2013549804688,9705906
2022-01-05,708.9399336960422,727.8609314180345,704.8071651442165,723.8775634765625,11312955
2022-01-06,716.9564869601546,730.4501344102309,716.0104248683791,727.263427734375,7955578
2022-01-07,730.9480821877754,737.8194168097207,722.234464041804,727.5621948242188,10454143
2022-01-10,730.5995079459155,740.9064483380697,730.1513668894366,739.71142578125,9595787
2022-01-11,739.811025520687,743.9437332368342,734.2342740070868,740.1595458984375,7252279
2022-01-12,746.5329740755099,748.3254775059404,740.0600011235199,743.7445678710938,5294563
2022-01-13,745.8856546290267,745.8856546290267,733.9853306265348,737.6201782226562,5196538
2022-01-14,731.7446631332328,732.8899057046035,713.0726263046016,718.6991577148438,16302342
2022-01-17,716.0104626064722,717.6037856376907,706.54996275284,709.6868896484375,19680557
2022-01-18,714.5166357829792,732.8401529156072,711.2801492794325,722.1846313476562,24055886
2022-01-19,722.1846159372082,728.9065493011371,715.7116430682395,726.5662841796875,7746270
2022-01-20,728.0102865400066,734.0849592471822,719.1473291528737,725.8692626953125,8505400
2022-01-21,718.9979752604166,722.2344619911595,705.1059662137219,709.5374755859375,10689060
2022-01-24,712.0270697770632,713.4212729674985,685.3385148423938,701.6702880859375,8812501
2022-01-25,711.0312099639364,751.8607332251709,705.653638685273,749.0723876953125,38088158
2022-01-27,740.9064641820595,773.7692508998122,735.0309719411847,770.63232421875,34927774
2022-01-28,774.8646320065294,781.4372256424338,758.3336792018738,761.5203857421875,17765524
2022-01-31,772.2256773944843,774.5658817405338,759.1801109564559,769.8356323242188,12319200
2022-02-01,774.8646166151174,790.5989684488723,765.9020388380335,778.6488647460938,15457534
2022-02-02,786.7151228589685,802.5490338214619,784.0761174380971,800.7564697265625,13478899
2022-02-03,798.8644694960547,808.5241491120597,789.7524908271619,796.2254638671875,10802708
2022-02-04,793.6362913757429,801.1548862940741,787.8604199515255,795.2296142578125,10776387
2022-02-07,799.1632198473101,800.2586217551122,780.8397023943364,786.3168334960938,10939179
2022-02-08,790.6985453293908,797.6694393058464,772.9227900019778,795.2296142578125,12300670
2022-02-09,797.6695037872397,806.1341614429095,796.8230623342234,800.5076293945312,9399830
2022-02-10,804.1921559017477,812.5572526081872,799.7606470606145,806.4328002929688,12848281
2022-02-11,797.61963836871,806.5324361602936,795.179813384893,800.457763671875,9717894
2022-02-14,786.7151933070709,799.661139526048,766.7485730256154,770.1343994140625,8617389
2022-02-15,773.7692315115252,795.7773153281973,761.1220259959247,793.6362915039062,7426563
2022-02-16,791.6943759362891,804.9390621447352,786.018064480849,793.73583984375,7457765
2022-02-17,793.6861356706753,798.6653460575678,777.2547413939297,779.545166015625,6516308
2022-02-18,777.9020249191803,787.2629035187838,775.7609402452351,784.1260375976562,5466662
2022-02-21,780.2919351604464,793.4868407847799,772.8729005965287,785.5698852539062,5635224
2022-02-22,762.9145522829463,783.7276749519059,762.9145522829463,775.9103393554688,6923558
2022-02-23,780.242175983389,782.2338599042145,769.0389539287455,773.9683837890625,6303173
2022-02-24,749.2715732290566,765.9519273549889,722.2842175475296,727.263427734375,13085009
2022-02-25,739.2134988721236,761.669723646592,734.3339095777253,754.8980102539062,10066136
2022-02-28,746.7819252024416,746.7819252024416,733.1388779185617,739.3131103515625,14463418
2022-03-02,725.6701092821028,753.3047259902704,721.9854815647388,747.1304931640625,11691602
2022-03-03,752.8564998281435,756.2921666463311,729.3546545693358,734.5828247070312,8357181
2022-03-04,719.993712952087,729.4542112550536,707.0975478459801,712.0269775390625,11660648
2022-03-07,690.1185455355372,702.0686502201353,652.8740282893231,664.7743530273438,20147061
2022-03-08,662.2349167877082,670.9485341138623,634.3513413440153,667.6124877929688,24828458
2022-03-09,668.7079427993228,677.6705213327464,656.3594769518335,671.396728515625,20438651
2022-03-10,704.9565289632776,717.4045531307223,685.3882106595073,692.0603637695312,23224756
2022-03-11,689.0230997106047,703.7117691167635,684.5915906826417,687.9774169921875,14224356
2022-03-14,691.8115046453107,709.4379216051789,682.1518243198348,707.09765625,10720884
2022-03-15,710.0352987151276,715.0145083835366,692.1101439088551,695.2470703125,12157425
2022-03-16,708.043604576157,722.9812333646836,706.1514806170635,720.8401489257812,10038170
2022-03-17,733.9356248150575,743.6450852518917,733.387923818486,736.17626953125,13657428
2022-03-21,741.9022086334431,746.2839372654352,720.6907885160352,722.8816528320312,7495685
2022-03-22,725.9687806938647,732.939674335644,703.4129362404173,728.3588256835938,11117081
2022-03-23,733.039247491637,739.8110214913675,721.6369055962087,723.7281494140625,5886245
2022-03-24,716.109960582676,727.4128037940397,716.0104006948501,719.2468872070312,7559843
2022-03-25,720.2924403188133,723.6285471813724,712.5248855881715,718.2509765625,5430894
2022-03-28,722.9812774658203,734.8318213401362,712.07679562876,732.939697265625,7077669
2022-03-29,738.5662670600748,738.5662670600748,727.9605251108217,734.7322387695312,6174137
2022-03-30,743.8939230229128,762.665519123996,738.2176118556209,747.32958984375,16618114
2022-03-31,759.8274518586874,759.8274518586874,748.1760882125745,757.9851684570312,20449544
2022-04-01,756.8399178359851,772.5244292911387,752.0101084623437,771.3294067382812,9321859
2022-04-04,776.7567936155403,782.233924852573,763.8108470552813,780.8397216796875,10959783
2022-04-05,772.7734179454744,792.6902586141722,772.7734179454744,779.8438720703125,7334134
2022-04-06,773.7691763551528,776.7069221925688,766.0016214901004,770.48291015625,9954921
2022-04-07,766.300451672499,791.6944237552134,766.0017112160361,788.8064575195312,9820244
2022-04-08,791.5948486328125,797.3707202116711,785.7193563827998,791.5948486328125,8104237
2022-04-11,786.167442129292,790.9474713484954,780.7898712693325,782.7815551757812,6340427
2022-04-12,776.8563285454854,797.6694508899957,774.5659040762331,795.1300659179688,7672215
2022-04-13,802.4494882066423,802.4494882066423,787.5616378393654,789.7525024414062,7640132
2022-04-18,776.7567833948308,798.3167876567369,772.7734152748573,795.5283813476562,11478317
2022-04-19,801.6528015313107,812.8062439697597,782.2836626796526,794.4827270507812,8711816
2022-04-20,797.5200830692322,799.1134668213324,785.3210179316574,791.3956909179688,6676491
2022-04-21,791.7939112226644,800.6569289024153,787.2628425001994,798.466064453125,6851615
2022-04-22,792.6902393006682,794.6819233190115,774.9642636936865,777.354248046875,6255027
2022-04-25,768.7900199116738,785.5201532664306,758.0847184686031,777.453857421875,8023525
2022-04-26,787.711060672883,793.2877518341234,765.8025355972783,771.777587890625,11087204
2022-04-27,762.41659184877,769.7360668348151,745.8856393741215,762.7153930664062,11485697
2022-04-28,773.6696509077843,782.1840875961353,763.1634694977997,776.5575561523438,11037317
2022-04-29,761.8191065679225,763.6613898987086,721.9854277931292,725.5704345703125,34401710
2022-05-02,718.9978924052576,735.1305442526191,715.5124455584178,724.3256225585938,16136040
2022-05-04,729.9521713782924,732.093255947953,701.0727539567774,704.2594604492188,14548684
2022-05-05,713.0228945064621,718.7987661325022,695.9940200814971,699.4296264648438,12726146
2022-05-06,687.13098974294,689.6205947782404,665.3220253211583,670.6000366210938,15511195
2022-05-09,657.4549215410943,666.2183192645323,646.1022980661894,660.9403686523438,13999329
2022-05-10,660.9403016502521,669.3053374004301,654.8158494630809,657.0067138671875,9523698
2022-05-11,658.948700892127,673.1892301427171,652.7246880394762,669.5543823242188,9352398
2022-05-12,664.2266262089357,664.2266262089357,641.3222597879379,646.9487915039062,11166084
2022-05-13,653.6707689280064,656.6582951831044,630.7664009722546,633.3057861328125,9618627
2022-05-16,637.1894952793102,646.5006546803589,627.4302555921838,636.2932739257812,6159695
2022-05-17,640.2268014634527,654.7660693369427,638.4840780849894,652.2266845703125,8152237
2022-05-18,652.0274777362135,667.6124276334435,647.5959691676821,656.7079467773438,13013873
2022-05-19,640.6251260669496,655.0150546655143,638.533882246016,647.4964599609375,9216948
2022-05-20,657.0067424535753,672.9402140401721,655.2640189987912,670.3012084960938,9708672
2022-05-23,670.2016657306767,681.9525891696802,665.7701566761832,672.5418701171875,7919353
2022-05-24,666.9154111045085,678.6165548071242,658.4507539579354,661.2888793945312,8088546
2022-05-25,665.222450290766,669.8531398635722,657.3054943024384,662.2349243164062,5169619
2022-05-26,670.1518970058704,682.4007416497296,665.2224668690542,680.4090576171875,10114633
2022-05-27,686.1350897885424,690.915118896398,681.4048406209146,685.43798828125,5539060
2022-05-30,692.209730339595,695.0976963705883,687.2305204802069,690.7658081054688,3818060
2022-05-31,686.1351396009929,693.1060336172584,680.2098675308928,682.3509521484375,10410424
2022-06-01,680.1600210066633,689.5707391636876,677.6704162445599,683.1973266601562,6966674
2022-06-02,679.1642208915783,690.2678831263274,679.1642208915783,688.6744995117188,6347433
2022-06-03,694.4006043591922,695.097705905343,670.3510568772786,674.4837646484375,8475726
2022-06-06,674.1849974462752,681.1558910683195,667.5128442517592,669.4049682617188,6756864
2022-06-07,669.4049929222015,675.1808642655441,658.3511104454917,663.0813598632812,8312778
2022-06-08,667.2141963367413,670.7494235789666,652.7247061695846,655.861572265625,9282494
2022-06-09,654.2184046436244,659.994276004249,647.2972906869284,658.55029296875,5682743
2022-06-10,652.7744292815764,660.9403458163541,649.4881628465018,657.9528198242188,6758832
2022-06-13,644.2600248890577,649.289015073459,637.4384703937707,646.251708984375,6135431
2022-06-14,642.3180978828515,652.9736195698958,640.4259737470816,648.044189453125,5391833
2022-06-15,651.2806127197829,653.6208169085992,644.5088998508353,647.795166015625,4638336
2022-06-16,654.7660742888861,655.4631758018171,628.4260428703448,632.2600708007812,5960283
2022-06-17,627.3803869025398,638.1354670931676,623.9945001844881,632.5587768554688,6849201
2022-06-20,632.6086755846839,634.5007998320805,619.6129487147803,625.6875610351562,5305222
2022-06-21,629.3721048335624,642.6665703936861,625.5381376847027,633.8533935546875,10333886
2022-06-22,629.919878425449,631.0153411524986,618.6668753835999,624.1937866210938,5899024
2022-06-23,624.7913109726796,638.1853375875851,615.679332128826,626.733154296875,8450777
2022-06-24,631.7123509552741,639.778707656886,629.0236261694425,631.3638305664062,6918584
2022-06-27,641.3222003007019,644.2101661984539,632.0608825458006,634.4508666992188,4552114
2022-06-28,631.363820855087,642.0193422907768,629.3721368776262,639.6790771484375,10711123
2022-06-29,633.7039943727677,635.1479773424204,620.9074497529566,622.9489135742188,13620084
2022-06-30,621.4053954580756,636.6417655942831,621.0568750776588,634.1521606445312,10563138
2022-07-01,630.3679790022765,643.9114057393818,629.172956459268,641.2724609375,6549359
2022-07-04,638.8823856901697,652.4258725692654,637.8367638074149,651.629150390625,3933384
2022-07-05,653.3719026120401,657.1561507834157,643.3139228673742,645.8035278320312,5044787
2022-07-06,649.2889615470638,656.6582164047778,648.2931195815007,655.2142333984375,6684686
2022-07-07,661.6969945073649,662.7442079433337,649.9281855328095,656.4110107421875,11171714
2022-07-08,665.2376753500799,675.0117699495607,659.6524958286312,667.3820190429688,12669533
2022-07-11,664.7888038472906,680.1481377261227,663.5919623585436,678.0536499023438,14864123
2022-07-12,675.2112041120472,683.439405639262,671.2217730685492,674.413330078125,6446810
2022-07-13,678.2033491323923,683.1901384642482,675.1614198147389,678.1036376953125,9614674
2022-07-14,676.807004269972,678.6521527939327,663.841352380709,666.484375,8026311
2022-07-15,668.2297574493167,672.4186725812401,657.3585325681217,660.4503784179688,6015057
2022-07-18,666.2849180222244,686.1822198571037,661.6970961343652,682.6914672851562,12464664
2022-07-19,676.806969045998,701.9902531356498,676.806969045998,698.7488403320312,10171314
2022-07-20,704.4338395811476,712.6121861526394,700.8433756589768,703.83544921875,11620331
2022-07-21,706.0794678500154,716.5517247672976,702.4889432397564,713.6593627929688,8036515
2022-07-22,715.1056039753411,733.0580459161446,713.2105996431429,728.8192749023438,9713490
2022-07-25,731.5619363572848,736.8479204506648,720.5910007063917,725.4281616210938,6230411
2022-07-26,720.9899831615178,721.53851778069,700.1950363574366,704.5834350585938,14135744
2022-07-27,706.079418945668,718.6461020264596,701.74087628467,717.0503540039062,6106880
2022-07-28,723.0844092891822,731.7614343754302,721.1395493928678,723.9820556640625,6964838
2022-07-29,731.9609314477744,733.0081449882887,721.0897068156585,722.8350830078125,6624854
2022-08-01,724.0818348831959,730.3651774739322,718.4966549967404,728.869140625,5493105
2022-08-02,725.0791836822685,732.4097398004751,719.1947478007639,728.5200805664062,7275626
2022-08-03,728.0712063454505,736.5487477891988,725.5778118031716,728.5698852539062,9458761
2022-08-04,733.2574618897074,734.7534985798221,710.3182326412806,719.693359375,7466635
2022-08-05,722.0870849776938,729.2680736881621,719.2944951663708,726.5751953125,4583196
2022-08-08,728.0712366367144,745.3753711305094,726.176232356185,743.5801391601562,8191870
2022-08-10,743.0315711985421,745.8740166180007,734.2049788969476,737.0474243164062,9069541
2022-08-11,741.0867290440332,758.6402635098942,741.0867290440332,756.844970703125,12384073
2022-08-12,756.6954396058588,759.9867084519348,751.4094549895678,758.54052734375,4614341
2022-08-16,762.9787506028484,769.9602555103254,756.4460688999161,762.6296997070312,7051498
2022-08-17,769.3618347593822,771.7056012504579,764.2254177165278,770.0599365234375,7674390
2022-08-18,769.9602748524701,773.9497063283897,760.0864076000119,763.0286254882812,9449924
2022-08-19,769.9602854914398,770.608592464792,748.2677515413894,755.4985961914062,7553270
2022-08-22,751.4094243809856,752.4566379429115,737.2469308145875,739.889892578125,4994311
2022-08-23,736.0500954805387,748.8661195414492,731.8611803233507,745.076171875,6594634
2022-08-24,743.0315517940829,750.0629120221888,740.0394784311537,748.16796875,6875820
2022-08-25,751.9080991938424,756.5956323381675,738.0448008817768,741.3859252929688,6320890
2022-08-26,746.0236697425413,753.005174673287,739.3413599911919,742.931884765625,4613713
2022-08-29,728.0712111989751,732.9582888839766,720.1422043268931,726.774658203125,5904146
2022-08-30,731.0632845636851,751.558975660099,731.0632845636851,749.514404296875,9193270
2022-09-01,731.5619528755952,752.9054343369954,731.5619528755952,742.183837890625,9353805
2022-09-02,747.0209929366981,752.5563165573791,738.2941121780918,748.2178344726562,7767812
2022-09-05,748.2178591908524,756.7951122131144,747.3700685076752,754.1022338867188,5894055
2022-09-06,755.9972342122395,759.5378423296163,746.8215300127218,748.0183715820312,7606181
2022-09-07,741.1865406465258,755.9972809703313,737.0973367712941,753.4041748046875,10156460
2022-09-08,759.7373772095548,780.1333583556964,755.0996386440146,777.6898193359375,13410790
2022-09-09,785.8681520982968,785.8681520982968,777.9391447938881,782.7763061523438,8732302
2022-09-12,786.9153122348285,802.8730371977655,784.7211128776468,798.8836059570312,15521649
2022-09-13,802.8730352047573,806.812610719981,801.0279476100538,803.4215698242188,9887516
2022-09-14,792.3011136338723,809.2062807748498,792.3011136338723,800.92822265625,10494713
2022-09-15,803.3717667591723,804.3691246322438,785.5689530744016,787.9127197265625,5996899
2022-09-16,783.9730647789332,790.5057460130315,774.0493427692986,787.2144775390625,11467351
2022-09-19,787.2145351089238,799.8809919188258,784.6214290607388,795.9912719726562,11427799
2022-09-20,804.6682480720694,814.0434355925722,799.8809428829591,810.6025390625,8274079
2022-09-21,807.1118236272765,813.8439889772724,801.227388082909,804.4189453125,6567084
2022-09-22,802.8730485783998,806.6629961360414,782.2277294401771,787.1148071289062,7804275
2022-09-23,786.9153382162519,786.9153382162519,762.2307315992022,766.5692138671875,10278805
2022-09-26,756.9945706982912,761.4826808012455,739.042130286474,740.6378784179688,11090327
2022-09-27,744.3779839512251,752.1574236394794,728.5698868677172,735.5513916015625,11358306
2022-09-28,731.960912592734,731.960912592734,705.8301260999683,714.5570068359375,13170668
2022-09-29,720.3417550247468,728.8691530340611,709.121478466729,717.100341796875,12090981
2022-09-30,718.0976211190294,735.8007221952278,712.5124417487707,731.2627563476562,9536017
2022-10-03,729.0685336767123,740.0394692039952,719.1448116386197,720.84033203125,6405645
2022-10-04,731.462275033306,742.5329228716269,730.0659496870798,740.83740234375,5438934
2022-10-06,748.018357914177,758.3909034934762,744.0289266719681,753.1048583984375,9376433
2022-10-07,751.8083648013422,755.4986011666381,740.3387490740599,753.703369140625,7500540
2022-10-10,746.0236745860083,776.6425728701322,743.0316010248345,774.7974243164062,14106654
2022-10-11,777.9391025225146,793.3981487905902,772.4536344919071,783.4744262695312,15953495
2022-10-12,787.4140108474573,808.6577205612805,781.3800081196047,806.5632934570312,21228018
2022-10-13,804.8677706064428,812.7967775474184,793.4978669695091,799.8809814453125,13024911
2022-10-14,813.3951720065256,818.5315892179959,792.350945989795,798.3849487304688,8220645
2022-10-17,801.3770161317528,814.8413468321619,794.993901672373,811.9989013671875,9463827
2022-10-18,817.8334346909977,820.7257967973885,809.4057487075133,814.1930541992188,8470882
2022-10-19,816.2875062007095,836.2346622646335,814.7416137805332,827.6573486328125,10868663
2022-10-20,822.7205274770317,829.7020325344839,814.7915202727181,823.66796875,11813817
2022-10-21,857.827485971986,903.606236892592,853.5887149931851,898.0210571289062,58057724
2022-10-24,913.5797394826685,916.0232782532241,902.608803746523,907.0470581054688,3085307
2022-10-25,903.3070450596039,908.1940621525089,889.2442624121846,900.4645385742188,13187308
2022-10-27,906.5982805713661,917.5193611424662,898.8687572771659,912.7320556640625,11967044
2022-10-28,912.5824400423613,915.5246578981507,896.5250028786047,900.6640014648438,7320207
2022-10-31,905.6009168477511,915.5744952271316,899.71648125436,903.606201171875,9038777
2022-11-01,901.6115073621667,901.6115073621667,866.7039821877464,869.4467163085938,29191921
2022-11-02,872.6880694591467,874.6827850464819,859.3234506744454,861.268310546875,11029140
2022-11-03,855.6333146216878,878.0738660042765,853.7383103776014,861.7670288085938,10185978
2022-11-04,866.7039207759291,870.5936405121658,860.021611398391,865.8062744140625,7323879
2022-11-07,873.9348234455263,874.4833580928819,859.0243112872834,870.6435546875,9931261
2022-11-09,872.7379492363614,878.4229009917846,866.2052676825034,871.3915405273438,10190209
2022-11-10,841.4708251953125,854.4364771678939,838.7779468416134,841.4708251953125,18956575
2022-11-11,844.7621561086562,852.4418242480597,841.9197103933864,848.452392578125,19329819
2022-11-14,848.2528469565332,851.6438879782266,845.1111453960264,848.7515258789062,6985306
2022-11-15,849.0008751701187,857.5781283846885,844.9615880269072,856.38134765625,7124767
2022-11-16,855.7329985271361,859.3234622832887,848.3525264047356,853.139892578125,6521854
2022-11-17,853.1399053900328,859.124052322746,850.4470270955337,855.9324951171875,4909607
2022-11-18,857.02958204018,863.5124080176003,852.7409554914342,856.9298706054688,7065304
2022-11-21,857.7277257453736,868.6488060560957,856.7303679247394,867.7511596679688,7209207
2022-11-22,872.6382373386323,874.6828086961542,866.0556391981127,867.7511596679688,5535233
2022-11-23,871.590980937978,875.4806397228283,866.4545640647585,872.3888549804688,5861417
2022-11-24,875.6801641054085,878.4727538207161,870.7930864482026,876.2286987304688,4928778
2022-11-25,880.6669692241182,889.4437060065,878.5725421179889,885.4044189453125,7614047
2022-11-28,885.3546235597623,897.1234346522389,882.9609402405929,889.3440551757812,7928147
2022-11-29,892.0369210816006,899.5171052558966,887.6485220164558,890.1917724609375,5661158
2022-11-30,892.6352877676404,902.7085778387012,883.1105323466861,898.8687744140625,10452798
2022-12-01,907.0969491334744,907.0969491334744,897.1233708032547,901.4618530273438,7053100
2022-12-02,895.9266066509533,904.6036327228537,889.0448735327468,902.758544921875,7988851
2022-12-05,904.6035980468479,904.9027932363624,895.228409616099,896.82421875,5098164
2022-12-06,895.128632946124,904.5038206936671,893.3334010659682,902.259765625,5351099
2022-12-07,900.4146711757867,915.5745229461886,897.4724532900154,912.2333984375,9103656
2022-12-08,913.2307104046129,941.4559244793386,911.3357062008498,936.8680419921875,17466047
2022-12-09,941.5058058572178,942.5031637024055,925.1491128465822,931.2330322265625,8018981
2022-12-12,927.443041138466,938.6633163711525,919.5638901810682,936.169921875,7621788
2022-12-13,937.7158490600958,946.7917810130881,934.1253243281593,942.1041870117188,8136559
2022-12-14,943.1514470955915,947.6395572868431,936.0203143310465,939.9100341796875,8573479
2022-12-15,937.2670128133814,942.4532856602846,930.1358800396531,935.6712646484375,7359261
2022-12-16,929.7868270255402,942.7026229600187,926.6451255452462,932.6292724609375,6926928
2022-12-19,932.629303519984,945.5949556024393,929.9364860173571,943.7000122070312,4842336
2022-12-20,941.2564535961869,950.2326740808128,937.9651849266023,947.2406005859375,9511818
2022-12-21,950.5817624990193,956.3664868499249,925.5481042865168,929.8367309570312,8368960
2022-12-22,933.5269094651918,933.5269094651918,910.5378241365802,917.120361328125,9202717
2022-12-23,909.5902851094547,914.8264133954466,901.6114229593718,904.2045288085938,6371695
2022-12-26,905.6008968559764,930.4849865379754,902.7085348402504,926.2462158203125,4764440
2022-12-27,929.9863389741026,935.3221791195604,920.1623276318431,929.7369995117188,3346083
2022-12-28,928.490322634285,934.9731487989412,918.8657948248916,922.2568359375,5956496
2022-12-29,920.3617949883478,941.5057931967825,913.380290165914,932.0807495117188,12204113
2022-12-30,938.7630818684896,941.0071370442708,927.8918568895923,931.2828979492188,3704449
2023-01-02,929.7868500899776,942.5031626012645,929.3380268853891,939.1121215820312,3498198
2023-01-03,942.2538881291472,963.0487762617192,940.109544267043,959.7575073242188,6927819
2023-01-04,960.9542909190053,967.4371169604932,952.4767491724443,954.9202880859375,9059392
2023-01-05,957.4635394400373,959.3585437114026,935.7710061245989,947.0411376953125,6998980
2023-01-06,944.0490803274756,948.437479308072,931.831446411515,937.4166870117188,5787783
2023-01-09,944.2983589138793,957.4634941329857,938.8627466942838,956.216796875,7025747
2023-01-10,961.4529432194536,961.4529432194536,940.2590894399791,949.63427734375,7140150
2023-01-11,950.4820135387191,953.2247475756881,940.3089514813648,947.2406005859375,7100355
2023-01-12,946.841713099645,947.1908248945438,921.5587142814178,933.0781860351562,8661375
2023-01-13,933.0282324261028,934.9730923328219,920.5612597854548,931.6818237304688,9083608
2023-01-16,937.965223470109,939.2617765297222,909.2911846325942,910.7373657226562,10008273
2023-01-17,912.532534594739,917.2699841619227,904.3043327148935,915.2752685546875,6904960
2023-01-18,919.4641667501235,923.1543418571546,910.8369975564799,921.55859375,5730939
2023-01-19,921.159654434783,935.5216313335968,918.317209008965,926.2462158203125,7721730
2023-01-20,928.7894712435568,932.3799350512911,922.2069339714137,928.09130859375,4511360
2023-01-23,933.5269253901993,937.2171615221823,922.0074546715407,930.2356567382812,5236124
2023-01-24,932.5295668790604,932.5295668790604,901.3621348309634,907.7951049804688,18527897
2023-01-25,902.6087877221352,905.0523264493097,881.863758145951,889.9921875,11921748
2023-01-27,889.9921752526951,890.1418032666644,848.751456111968,871.4413452148438,17300736
2023-01-30,849.6491470072265,883.1603452440041,843.914339570577,869.54638671875,21233998
2023-01-31,870.6934445467299,876.9767871264119,858.8248612165235,869.297119140625,16856151
2023-02-01,873.9846395179304,892.8347265366547,831.0982535510395,854.9849853515625,12409819
2023-02-02,848.7016937743082,869.696064815547,834.8383949970716,866.1554565429688,9567053
2023-02-03,870.6934548264453,882.6617497381491,856.9797835734515,880.26806640625,7365732
2023-02-06,869.5464186317218,896.774336681514,868.2997213171303,880.3179321289062,10129098
2023-02-07,884.5068062386171,886.0527596424866,869.1973872217333,876.7772827148438,5055187
2023-02-08,879.7693458320437,884.1078890566288,865.9559637911517,869.4467163085938,6572818
2023-02-09,873.8350955880709,873.8350955880709,860.2709924440431,865.4074096679688,5993312
2023-02-10,869.7458624222388,870.3941693456012,862.8641300861638,864.9585571289062,4603464
2023-02-13,864.9585070868561,868.1500640557272,854.2369112941968,856.8300170898438,5707194
2023-02-14,860.27093388171,869.5962655722684,851.99287655064,868.4492797851562,7527755
2023-02-15,869.6960345142812,869.8955182566087,859.323488652169,866.0057983398438,7322266
2023-02-16,870.4938669607202,871.9899036457606,859.9717544507139,862.4651489257812,5843235
2023-02-17,858.725155250901,865.956000054117,847.7542183080905,852.6412963867188,8420479
2023-02-20,857.4285526319146,858.9245894013524,840.2739855009157,844.5127563476562,5992322
2023-02-21,846.7568188104417,846.7568188104417,835.1874920431541,841.8198852539062,9677064
2023-02-22,837.7805863154392,840.7726598379944,827.3581847037606,831.1481323242188,6984037
2023-02-23,830.8488877972475,846.0087382525302,828.006442469208,842.1190185546875,8437003
2023-02-24,847.8538987685147,852.3420091720334,842.2188633417659,849.1505126953125,7763814
2023-02-27,849.5992567522266,856.1818550600585,843.714881985254,852.0926513671875,8064267
2023-02-28,853.6884782219203,855.3340821777266,837.7806080724329,841.8697509765625,13012372
2023-03-01,843.8146246888036,866.4546608063794,842.8172668058611,862.8641967773438,12345125
2023-03-02,863.7118776816358,864.5097517679955,841.2713265871361,843.2161865234375,13900508
2023-03-03,847.5047937811358,856.3313859952318,843.3657345457999,850.3971557617188,7977804
2023-03-06,854.6858146198489,861.4678357686325,853.3393450092184,857.2290649414062,10781567
2023-03-08,856.2316930866406,860.2211243881509,850.7960807635548,858.6752319335938,8785735
2023-03-09,860.2211566155239,871.9401115027498,859.7224776841525,865.5071411132812,14746065
2023-03-10,857.3287766059132,859.3234922898487,843.2660553837247,849.649169921875,11198583
2023-03-13,843.365747946297,854.7356514398607,826.2610978636376,830.1507568359375,8315798
2023-03-14,825.8122531130239,833.4919202986354,815.2402848502629,830.6494140625,12573734
2023-03-15,835.835689825817,841.2713019957064,817.1850868421243,821.8726806640625,6652641
2023-03-16,819.3294536392584,835.6861463268352,812.1484651209591,828.3555297851562,8791383
2023-03-17,832.7938167758774,839.276642894492,820.8255224030504,835.1875,7762461
2023-03-20,833.7912045973819,838.7779940985624,823.3688023651356,835.3370971679688,10744023
2023-03-21,837.8803087329111,855.0847317131189,836.5338999796693,853.33935546875,11489951
2023-03-22,853.3393206214389,857.5282356116426,844.8119234933862,847.4050903320312,8018924
2023-03-23,844.7620800965633,858.8747177086536,842.8670758742992,846.5573120117188,9857892
2023-03-24,844.0141063949059,850.2475931481916,835.0378854701742,837.680908203125,8078718
2023-03-27,838.8277998735553,839.9747857400914,827.0091338090191,831.1481323242188,10602508
2023-03-28,835.1874828184127,835.1874828184127,823.867434765989,830.2505493164062,11002402
2023-03-29,830.3004281081028,846.2082983349227,827.8070334290995,840.3737182617188,17121194
2023-03-31,852.6412256465586,858.6253725734296,845.2607534205282,856.231689453125,12946752
2023-04-03,861.7171614119438,864.5097511491489,854.1871220026246,862.3155517578125,13266882
2023-04-05,868.6986979828679,868.6986979828679,854.7356879119607,858.2264404296875,11890015
2023-04-06,859.5229861540353,860.9691672166958,846.756817801303,849.6990356445312,19677316
2023-04-10,852.5414731343576,852.6911011605596,841.7201648732404,845.1111450195312,15656078
2023-04-11,846.0087653724299,853.439093258407,841.8198503806001,851.04541015625,23930907
2023-04-12,852.6412558734322,854.3866321223113,844.4130535572876,848.8013916015625,13480335
2023-04-13,851.3945429743361,865.4074084270142,842.76737332389,862.0662231445312,23934570
2023-04-17,879.6696543336656,879.6696543336656,858.7251387542925,862.2657470703125,22577380
2023-04-18,863.0636244684166,869.696078776534,854.8354218882487,861.0689086914062,17238709
2023-04-19,862.7145161360205,872.1894154461849,860.2709772970421,871.0923461914062,23494247
2023-04-20,872.488653826795,873.2865279492286,861.8668290194934,866.4546508789062,19444753
2023-04-21,868.4991631302372,871.5410922561947,855.2343165182021,861.9166259765625,15520786
2023-04-24,865.7066060820845,882.0632990258189,858.2264222737716,879.9688110351562,18201632
2023-04-25,882.6616283389361,893.43308010321,872.0896603038666,876.0291748046875,36394389
2023-04-26,875.0817699116577,887.0999193895163,872.8875705471868,885.3046875,19468723
2023-04-27,885.6538269401998,887.6485427666416,875.1815688513799,879.0712890625,15992383
2023-04-28,882.7613790119196,887.6983123782459,851.3945243829124,857.7277221679688,23004117
2023-05-02,867.7013634327463,874.0844782719244,861.9665555709781,868.3496704101562,12947953
2023-05-03,861.5675564094298,864.5596299665021,851.7934616311052,857.578125,15103015
2023-05-04,857.7276963008517,864.8588288231408,855.2343018348607,863.6619873046875,9756391
2023-05-05,864.8588814516036,882.6616946725612,860.4704825748612,863.0137329101562,14343308
2023-05-08,863.01374805145,879.0712461956198,863.01374805145,876.1290283203125,7007882
2023-05-09,879.8690735863491,887.8479360793128,877.6748742260062,885.903076171875,12117151
2023-05-10,889.6431942064683,890.1418731269875,875.2313612286815,887.5487670898438,11893027
2023-05-11,888.6458302181073,897.622050725361,886.6511145498288,893.582763671875,13816121
2023-05-12,892.8347664423467,911.1861145008119,891.637924838255,908.2439575195312,10533272
2023-05-15,908.2439536374151,917.0705462913144,906.7479168571682,913.3803100585938,7339579
2023-05-16,913.779312757632,920.0626553019887,909.5903974367628,915.3750610351562,12567615
2023-05-17,915.275357867754,916.4721995236615,908.8423872319096,912.3829956054688,10248327
2023-05-18,917.5691873556405,927.0440865728997,910.1887151947456,912.283203125,13614127
2023-05-19,918.4668189387249,924.5506771464437,906.5483810984672,921.6084594726562,8393002
2023-05-22,920.5612837744666,925.2987335013665,911.984030723741,915.1256713867188,9383158
2023-05-23,915.1256956371483,920.0626292371015,909.9893391635751,913.7294311523438,8273445
2023-05-24,908.7425871157698,918.4169091117494,907.7950850275552,915.2752685546875,6248545
2023-05-25,914.2779119411406,921.1097885552583,910.0391412702481,918.6163940429688,8149350
2023-05-26,915.5744897215402,925.4483566073094,912.5824162257182,924.5008544921875,4908462
2023-05-29,928.5401643564267,935.2224741694308,925.597946505116,927.3433227539062,7133871
2023-05-30,928.3406903665873,937.2171997318495,925.5979562325213,934.97314453125,7804403
2023-05-31,934.8733518090171,937.4166630132827,907.7951228373205,912.4328002929688,34757004
2023-06-01,919.5639303932444,928.4902952545949,913.6296390581192,917.27001953125,11817533
2023-06-02,920.2122403047441,928.0414750407,917.8185571264956,923.653076171875,11616991
2023-06-05,925.1491370131882,951.3796977259298,925.1491370131882,948.3377075195312,14520005
2023-06-06,948.5869905944751,968.1850959488153,948.5869905944751,965.641845703125,14457988
2023-06-07,970.3793637455273,978.6574219937272,965.5421414921007,974.1693115234375,15795824
2023-06-08,970.4790025315168,972.274234410458,957.3637838856253,959.5579223632812,10209982
2023-06-09,964.4450372391158,979.1062097524826,960.7548010335363,972.174560546875,12947464
2023-06-12,970.429135033108,975.316212580672,966.0407363832999,971.6259765625,7465375
2023-06-13,971.7257076265167,987.0850423372962,971.7257076265167,983.2451782226562,15233785
2023-06-14,983.394818048502,985.589017444078,973.4212397721479,975.1167602539062,8644423
2023-06-15,985.7385964089794,986.3869033542694,969.6313038239398,974.5682373046875,15978311
2023-06-16,980.2032402270959,982.8462627643449,974.6180608592621,978.95654296875,8860900
2023-06-19,981.2504969948915,983.3948407233075,958.4608944575036,963.0986328125,11025846
2023-06-20,963.3977830250602,974.4185745853573,956.0173109253186,972.2742309570312,7596593
2023-06-21,975.7151823757298,975.7151823757298,960.6052473193232,963.4476928710938,7805855
2023-06-22,959.6576827331883,970.8779579293866,956.1669304499264,964.0460205078125,10135883
2023-06-23,957.4635460788033,962.9490143115465,952.0279335643066,955.8677978515625,6188008
2023-06-26,956.9648713775646,960.9543028371896,950.5817566926072,958.0120849609375,5799528
2023-06-27,964.4450412674793,973.4212619204341,958.2614104206652,970.6785278320312,6921886
2023-06-28,976.4132915500627,981.4000805773868,964.4449978844848,975.6154174804688,10010996
2023-06-30,974.5183133320694,987.2346256905186,973.4212440663871,984.8410034179688,7096350
2023-07-03,987.3842168463997,987.3842168463997,975.4159233088675,979.5050659179688,5562743
2023-07-04,979.5050965987062,982.2478306203005,966.4397334272136,968.13525390625,7396806
2023-07-05,966.4397446918043,972.9225706365894,959.557951262399,963.9463500976562,8200047
2023-07-06,958.4609136389415,983.4945718412441,958.4609136389415,978.3582153320312,10221727
2023-07-07,974.6641831465856,987.8427533030938,970.2213995227613,975.1134643554688,6236524
2023-07-10,975.1134229796711,984.3983035132331,958.8399135165018,962.4839477539062,7138850
2023-07-11,966.3278064604591,970.1715283005711,949.055859137324,951.6516723632812,10616390
2023-07-12,955.1459770502267,955.9945719610037,945.4617212556537,948.4568481445312,10141257
2023-07-13,954.7466102990345,964.4308661734865,950.6033879635203,958.5903930664062,13079930
2023-07-14,962.8833651853291,965.4292107928754,946.2104803815384,955.495361328125,5383514
2023-07-17,958.4405566209024,967.3261236556458,948.906082020886,963.2826538085938,8472444
2023-07-18,962.4341238989889,978.3582276590016,949.75474099237,962.084716796875,14457717
2023-07-19,962.4340810493464,968.3245214799657,954.9462640287344,962.7335815429688,7574544
2023-07-20,962.3342650400326,978.3082746371382,956.0444500123637,976.3115234375,15329753
2023-07-21,970.0217295031625,983.3999872060559,966.427601640063,969.7222290039062,6230317
2023-07-24,971.868719566255,983.3500387247727,967.226248749494,969.921875,9167788
2023-07-25,976.0619382847129,976.0619382847129,952.2506434540315,960.9365234375,13448045
2023-07-26,965.2794076024823,978.408070887261,961.7351864716742,975.2132568359375,8298226
2023-07-27,987.7428718400173,988.3918403520264,954.1974761782315,958.3407592773438,17858061
2023-07-28,958.3407708775003,968.1747462458351,940.6695104216192,948.4069213867188,8504392
2023-07-31,953.1492132082983,957.0428415508311,946.7595848886385,952.3505249023438,6601991
2023-08-01,954.4470700773103,962.4340748478318,950.4535676920495,958.3407592773438,8409096
2023-08-02,949.9543860919007,957.3423899272404,935.0785652353426,943.7145385742188,9324465
2023-08-03,942.5664341596897,945.0623733042032,925.6440155086992,934.0303344726562,17076611
2023-08-04,945.4617140197354,953.2989382779123,933.1317994626262,950.7031860351562,12376086
2023-08-07,950.7031813527487,953.4487142996851,943.0156769141249,945.861083984375,10922609
2023-08-08,948.4567982683412,958.3407408562782,942.5164513972481,951.3521118164062,11512735
2023-08-09,950.453599403783,951.751475535094,942.7660948684616,948.4568481445312,7701831
2023-08-10,946.4600482280028,950.403643949488,935.7774173529954,938.2234497070312,13590891
2023-08-11,935.9771127935795,944.163804794016,931.4844226521703,935.6776123046875,9558237
2023-08-14,933.4811853346018,941.7676906214929,927.3911185533472,938.4231567382812,7172522
2023-08-16,934.4296152490268,938.4730240697854,929.7871445321507,931.5343017578125,7394623
2023-08-17,934.4296855182831,941.4682215409039,930.1366824853097,935.0286865234375,9336994
2023-08-18,933.3314350729253,944.4134411482146,929.5376198590476,941.5181274414062,6648744
2023-08-21,942.6662329755741,952.6998953477062,942.4166390810633,951.0525512695312,6822155
2023-08-22,952.3005472024149,957.5420191327795,947.1090428011483,955.495361328125,10860061
2023-08-23,960.4373227378255,978.8573646594484,956.8431949689281,977.6593017578125,12677151
2023-08-24,983.2002673424388,992.6349288407245,977.5095143009324,979.755859375,11899556
2023-08-25,972.4178579521714,986.5948040027422,969.2230437675902,981.5030517578125,6228241
2023-08-28,978.5079223942115,990.8878044769428,978.5079223942115,988.591552734375,8451441
2023-08-29,988.5915015078543,989.3901897765771,975.9121195828499,979.10693359375,8114141
2023-08-30,981.4032174251885,996.3788514652473,978.4080906171766,981.7526245117188,9023083
2023-08-31,980.2051453744111,993.0842149031694,967.0265753548468,971.9186401367188,21558300
2023-09-01,972.6674063929545,991.3869484713408,967.4259346110063,989.5399780273438,10946742
2023-09-04,992.1357999293365,992.9344882603159,978.4081347730815,980.6544799804688,6727188
2023-09-05,983.849276444457,984.5980581667087,976.311552627659,979.8557739257812,10548660
2023-09-06,979.8557450584462,981.5529957660837,960.2376401390118,963.4823608398438,16351052
2023-09-07,963.4823594503813,978.2083995329203,961.5355148454876,976.6110229492188,8686550
2023-09-08,976.6110161977904,985.6962097098066,970.9202631366767,978.7075805664062,6439351
2023-09-11,980.205140866197,1002.3690911240707,977.4097014048458,998.7749633789062,7130484
2023-09-12,1008.359363575727,1008.359363575727,996.4287628788912,999.274169921875,8958327
2023-09-13,1001.3208651433481,1015.3480307656412,992.0858904289113,1012.8021850585938,12254423
2023-09-14,1012.8021036052967,1020.7392015303601,1007.4108511825343,1019.2416381835938,7855558
2023-09-15,1019.3415327961677,1030.0740709720333,1012.9019977034457,1025.4815673828125,8986157
2023-09-18,1019.8906349456726,1028.22710820011,1017.344789220694,1023.08544921875,6397319
2023-09-20,1010.6555317748637,1045.7983624422236,1010.6555317748637,1025.6312255859375,13619788
2023-09-21,1024.932412581354,1031.9210420949819,1010.4559657316963,1012.8021850585938,8156588
2023-09-22,1008.3593486258594,1025.5813275999149,1006.3625974404616,1016.595947265625,7108110
2023-09-25,1013.5509522256357,1024.3333968473526,1003.5172893267603,1017.2948608398438,7123890
2023-09-26,1017.3447217274799,1019.0419724102037,1009.3577170426714,1012.5026245117188,6387615
2023-09-27,1008.3093799827367,1026.2800786094012,1002.3690333845414,1023.5345458984375,5158686
2023-09-28,1025.3316529177218,1036.263816047641,1023.534528243648,1029.225341796875,15818489
2023-09-29,1029.225485543987,1039.3090552697004,1022.8358569873276,1035.0159912109375,9528626
2023-10-03,1033.3186660572435,1043.0028598792167,1030.9225404282156,1039.35888671875,11589322
2023-10-04,1033.6681363421294,1035.31548042985,987.2436716941178,993.9328002929688,22584212
2023-10-05,998.3755796590767,1007.5606471791422,987.2936350992647,1001.6203002929688,7950412
2023-10-06,1003.3674445023389,1006.3625712023459,997.776565703396,999.3240356445312,5289753
2023-10-09,993.1840570274306,998.0761219518472,986.6447088875765,994.6317138671875,6823214
2023-10-10,998.275738170682,1013.3012780313192,994.881236921684,1010.6056518554688,5728499
2023-10-11,1017.3447668895379,1023.9839892029179,1010.3561374800906,1017.444580078125,7396783
2023-10-12,1020.3398755325106,1029.325256041114,1013.3013396546403,1016.795654296875,4920222
2023-10-13,1007.3609689365711,1009.8070013159382,990.6381778268708,992.4352416992188,12173162
2023-10-16,988.3918390260908,1007.8102565355731,988.3918390260908,1003.1677856445312,4646960
2023-10-17,1007.2112249339127,1013.0517589019271,1001.4705650900084,1006.4125366210938,6105067
2023-10-18,1008.359410492035,1012.4527262988346,987.74292886351,991.2372436523438,7818946
2023-10-19,978.108604901474,997.3772421369372,978.108604901474,989.7896118164062,4836625
2023-10-20,987.3934807466093,991.2871700097013,976.1617551061651,978.7575073242188,5664400
2023-10-23,978.4080906933191,983.30015552119,959.5387674269721,962.7335815429688,5896695
2023-10-25,958.4405458687386,972.4178038293244,949.854540353068,953.89794921875,6957048
2023-10-26,954.4470317750139,973.4161673437642,951.2023112172013,970.470947265625,17540495
2023-10-27,978.4080497382199,1003.1178448719147,971.7189212926039,1001.12109375,13443016
2023-10-30,1001.1211784924749,1001.1211784924749,977.6094442289194,987.5932006835938,5270567
2023-10-31,996.378856354625,996.378856354625,976.4113442032296,980.2550659179688,7816805
2023-11-01,976.2615959865412,977.7092528529108,966.4276202990195,970.221435546875,5703984
2023-11-02,976.4113609898953,986.7445243314878,972.4178584909591,981.3533325195312,5193982
2023-11-03,984.3983063600134,989.7895587814189,979.905616320845,987.24365234375,4268048
2023-11-06,993.3836824986804,1014.5492565642459,991.4867445597067,1007.7603149414062,6552178
2023-11-07,1006.3625690269995,1020.5395142302563,1003.6170362245946,1019.2416381835938,6559859
2023-11-08,1022.336595889503,1025.2817551073692,1013.9502166269431,1020.0403442382812,7643314
2023-11-09,1023.0853973586273,1027.1787129492586,1014.998579363083,1020.2400512695312,4407935
2023-11-10,1016.2465054827999,1029.3252009261782,1014.9985360345382,1027.528076171875,3294063
2023-11-13,1028.3767642900284,1030.1737671223318,1021.8373558142246,1023.684326171875,5985481
2023-11-15,1043.302420224086,1043.302420224086,1029.8743182054134,1039.6583251953125,7240388
2023-11-16,1041.1060904652536,1042.304092397363,1020.4896106234117,1024.6827392578125,6908825
2023-11-17,1013.2514705826267,1018.3431620183127,990.2388631234999,992.7348022460938,13268353
2023-11-20,979.4064896291164,993.1341544939486,978.7575210974649,987.093994140625,8215656
2023-11-21,988.3419333306163,995.8796568923234,985.0473060514076,990.1889038085938,7061614
2023-11-22,989.3901954825055,998.2757624803141,986.395068755515,996.4786376953125,6103988
2023-11-23,997.3772174309884,1001.7700944146982,993.783089670506,997.4271240234375,3112891
2023-11-24,1000.3723748528136,1009.1081615593627,998.0761231057231,1006.86181640625,6956281
2023-11-28,1011.4043930220315,1020.28996026832,1007.6105779156203,1019.4912719726562,6173384
2023-11-29,1025.481581791897,1061.7725125965069,1019.4913278421283,1058.427978515625,9422396
2023-11-30,1060.97371777571,1079.144227099871,1053.7354945637944,1072.5050048828125,24755589
2023-12-01,1073.6532244199786,1107.198622699033,1068.4615977908677,1102.855712890625,14428758
2023-12-04,1118.67979349121,1127.165985588198,1097.3145325432133,1123.771484375,14043213
2023-12-05,1134.953382736085,1149.9788617561794,1125.319034229928,1130.6103515625,15804808
2023-12-06,1133.2560683014217,1143.8388248118424,1116.1339031558173,1118.6798095703125,7342767
2023-12-07,1117.4319299515028,1127.7650934037656,1106.6993918706642,1116.0341796875,6439419
2023-12-08,1114.037385715821,1132.5073342632686,1109.6944762425824,1129.3624267578125,7300989
2023-12-11,1127.166096859431,1137.5492278833829,1112.0406815484266,1114.6864013671875,6924589
2023-12-12,1118.1807098253757,1132.0581555092208,1107.1985778538765,1129.162841796875,9044111
2023-12-13,1148.1319907660816,1149.130366410226,1109.6445609355035,1113.0390625,8184523
2023-12-14,1130.560544254832,1136.7504241736842,1116.084098177239,1118.6298828125,9421193
2023-12-15,1117.3818730335781,1126.0178459635727,1106.7991165190488,1118.530029296875,12048410
2023-12-18,1117.8810894625565,1118.1806508857087,1105.401394698207,1109.544677734375,7922468
2023-12-19,1121.974580081625,1125.0195526254015,1112.3900765501955,1118.4302978515625,6824641
2023-12-20,1120.1774467497467,1122.0244172741716,1100.908748515848,1108.446533203125,9848057
2023-12-21,1102.106797671874,1102.106797671874,1075.4500972753222,1093.62060546875,10914682
2023-12-22,1093.6206690285596,1104.5029875664939,1084.0362875341675,1086.5322265625,10600025
2023-12-26,1089.4273180263838,1098.862039807972,1084.9346281890596,1092.472412109375,5687517
2023-12-27,1094.2696605556087,1108.7461072242813,1087.8800321343413,1104.5528564453125,6132936
2023-12-28,1105.4512920325003,1111.1919512595825,1096.2163184932808,1106.05029296875,14097667
2023-12-29,1099.6606827129087,1105.0519349686435,1092.1728662110586,1100.5093994140625,8786731
2024-01-01,1093.221182919986,1102.2065625056298,1091.2244319009542,1095.916748046875,4083732
2024-01-02,1093.3210915732434,1097.5641878592241,1080.5419570586787,1091.47412109375,7895577
2024-01-03,1089.2277993642253,1100.8089321599628,1079.5436046173127,1096.8154296875,10225290
2024-01-04,1101.2083083004443,1128.164450026747,1098.2631489717503,1121.5751953125,11411683
2024-01-05,1122.1741127824732,1138.0483083252402,1117.1822350565724,1135.10302734375,8025466
2024-01-08,1143.14013040852,1144.1385060682653,1116.683175425266,1120.177490234375,4735538
2024-01-09,1126.7168353593506,1133.7054645793887,1110.543077469764,1114.736328125,6359362
2024-01-10,1113.4383808745924,1114.187162569868,1097.264745005451,1105.2017822265625,5934163
2024-01-11,1109.2451929528,1126.0677964347826,1109.2451929528,1123.9212646484375,4683035
2024-01-12,1124.520282630233,1127.6152224780649,1116.2338386422973,1118.530029296875,5616755
2024-01-15,1120.1774576314062,1128.6136829619059,1114.7862048512886,1117.6815185546875,6719079
2024-01-16,1114.8361330321468,1125.9680452958034,1113.288602110393,1117.2821044921875,5229753
2024-01-17,1080.2424307499423,1113.1888265121863,1077.4469302394873,1080.5419921875,24913719
2024-01-18,1064.2684519148634,1106.9490113138881,1064.2684519148634,1095.71728515625,11473135
2024-01-19,1105.3515730836875,1124.47049025291,1103.2050411631287,1114.736328125,12303696
2024-01-23,1124.071079875519,1139.7455275929765,1077.0476148511282,1087.4805908203125,18924087
2024-01-24,1033.1191433850806,1071.4566698090237,1019.2416978515686,1057.4295654296875,20884046
2024-01-25,1056.2814231061855,1061.9721154837507,1024.1337763691554,1040.5570068359375,20835434
2024-01-29,1034.3171387293876,1066.2651584584805,1034.3171387293876,1059.526123046875,11188604
2024-01-30,1058.3281032541713,1068.7111119938597,1049.0931289565679,1052.3876953125,9426983
2024-01-31,1046.4973318412135,1082.3390428815057,1041.006265638919,1066.015625,12600390
2024-02-01,1070.9075159113859,1085.8831485716707,1055.08328844142,1082.4886474609375,9756682
2024-02-02,1086.2826608428827,1094.419324788731,1063.2700536557943,1065.3167724609375,8667415
2024-02-05,1065.316667756493,1077.7463944696112,1056.2813203787389,1059.775634765625,12569454
2024-02-06,1059.8255564847861,1063.3697163722377,1046.4971461161176,1048.34423828125,8011171
2024-02-07,1059.326431157162,1071.955784427624,1055.7821491888565,1067.36328125,7281793
2024-02-08,1070.2586191313246,1073.8527468360933,1029.9741889516715,1034.21728515625,9869141
2024-02-09,1038.2606648365577,1053.1864533000291,1032.869534050738,1049.692138671875,8233454
2024-02-12,1049.6921945903678,1055.5326678341503,1033.6682164788338,1044.999755859375,8694379
2024-02-13,1049.292822824247,1073.80299412333,1043.1029424564933,1069.0107421875,8413609
2024-02-14,1059.5760583399278,1099.1117071774415,1058.827276650308,1095.0682373046875,16609115
2024-02-15,1095.7173279169422,1095.7672954506263,1067.513214464866,1070.4583740234375,11780823
2024-02-16,1071.2570122898392,1074.2521390716374,1056.2813783808479,1067.013916015625,8660907
2024-02-19,1067.2634875671906,1068.261863140219,1058.3779205928356,1061.2232666015625,7562645
2024-02-20,1057.2797713474754,1088.7286030731084,1055.9818343052273,1086.8316650390625,8722800
2024-02-21,1092.073192275301,1092.1730054669829,1071.3568973121146,1082.4388427734375,9177213
2024-02-22,1088.5289376206943,1108.8957018427773,1079.743183816331,1099.1116943359375,14633340
2024-02-23,1097.214810240105,1105.601189852014,1088.2294296284936,1095.0184326171875,6250943
2024-02-26,1091.673732347796,1093.021636882295,1077.8962224273082,1083.4371337890625,5354189
2024-02-27,1079.8929933996226,1086.7818094222255,1070.30861200262,1077.2972412109375,6546815
2024-02-28,1075.6499533390715,1083.2375839304461,1062.3216627406925,1072.455078125,7643191
2024-02-29,1069.2602002970518,1080.5418926157515,1053.635598766114,1073.353515625,13648997
2024-03-01,1074.2522427400784,1099.9104492314327,1074.2522427400784,1097.4644775390625,4819390
2024-03-04,1097.4643317550683,1107.098680260867,1091.3242977010711,1104.9521484375,5895441
2024-03-05,1100.4095913012502,1109.0955325685745,1092.7221475547015,1099.011962890625,4851446
2024-03-06,1098.4128425272306,1130.1112694478036,1093.5707449940842,1123.172607421875,13787638
2024-03-07,1124.1709452324976,1125.0695076625943,1105.75096383962,1109.64453125,6943879
2024-03-11,1110.4433420755754,1118.1807535398016,1100.1101782364663,1103.304931640625,6751641
2024-03-12,1103.2050222642006,1119.5784062450598,1082.488728859692,1095.218017578125,9817138
2024-03-13,1094.2196544723279,1097.7639365910056,1069.0106706443842,1078.64501953125,11503890
2024-03-14,1073.253797589254,1079.4936452496568,1053.8852860769593,1056.531005859375,10253613
2024-03-15,1054.5341700624665,1054.5341700624665,1028.5764058763134,1044.7001953125,17798175
2024-03-18,1042.3040632559666,1065.1668874853135,1041.904688665757,1059.6258544921875,7612407
2024-03-19,1053.835423795538,1059.2265545914659,1044.9997021501642,1049.0931396484375,6728886
2024-03-20,1048.294318808136,1055.7321678451594,1029.2752159895256,1033.069091796875,12619644
2024-03-21,1037.6616330283487,1048.8435126295615,1026.4798752991549,1033.917724609375,9903738
2024-03-22,1038.4104631578375,1045.5488732507845,1028.2769261899778,1031.62158203125,9891194
2024-03-26,1027.3284547052351,1042.5037145196154,1025.8308913601838,1038.8597412109375,9656767
2024-03-27,1044.1012953535724,1055.8322091493326,1042.5537643593636,1051.1397705078125,17027308
2024-03-28,1051.139625270263,1056.6806580676282,1042.4038396081166,1045.498779296875,10235318
2024-04-01,1050.6405005534539,1062.022006359109,1047.196153605961,1051.3892822265625,5484556
2024-04-02,1049.2926549618112,1054.1347517829988,1038.510150767158,1045.498779296875,13617893
2024-04-03,1042.1044710178305,1068.5614236812999,1042.054503490413,1061.5228271484375,11573590
2024-04-04,1068.261863140219,1078.9444330228139,1057.429512547266,1061.2232666015625,17964844
2024-04-05,1059.376267693954,1061.273205606129,1046.3973855934087,1057.3795166015625,9210187
2024-04-08,1065.2667760030004,1077.696503600243,1061.8224288968793,1074.3021240234375,4967186
2024-04-09,1088.229361074942,1088.229361074942,1069.6096324949904,1078.24560546875,11385226
2024-04-10,1084.4355825167183,1091.224585687004,1078.245702234185,1086.0330810546875,9064074
2024-04-12,1077.7465202937283,1094.619093248925,1069.3601404117105,1071.706298828125,18045983
2024-04-15,1061.3731041634073,1069.2602959872042,1053.5358798697455,1056.2314453125,8889435
2024-04-16,1048.244500543211,1056.131692820286,1042.6536210878774,1050.19140625,7107881
2024-04-18,1042.453901492634,1049.6921245535996,1012.2030722269628,1022.3366088867188,17832438
2024-04-19,1013.3512726046858,1035.2655691107254,994.082634977829,1027.4283447265625,21598007
2024-04-22,1037.3122485654899,1056.780572768596,1030.323619364375,1052.2379150390625,9410832
2024-04-23,1056.2813792679226,1058.527724356158,1047.046405016289,1054.0350341796875,8300012
2024-04-24,1054.2846042499411,1067.2135191612067,1054.2846042499411,1061.5228271484375,5641163
2024-04-25,1098.2131700761147,1132.1079732582912,1084.3357247343847,1125.1693115234375,46136295
2024-04-26,1128.1644278290491,1139.495966512928,1121.1757986301081,1128.4639892578125,10133766
2024-04-29,1128.4640177624838,1162.1092275784451,1123.472139637147,1157.366943359375,15183242
2024-04-30,1158.2655654461603,1180.9786120861486,1153.2736870637452,1164.0062255859375,18965164
2024-05-02,1154.1222121474534,1172.0929732362545,1146.1352072190973,1147.982177734375,12302236
2024-05-03,1149.0305070050233,1161.3604213398796,1132.257748109204,1139.645751953125,9993632
2024-05-06,1142.0418302187284,1154.1221501495231,1133.8052318288203,1141.792236328125,7490104
2024-05-07,1144.1884546124293,1146.9339876311676,1122.2241904625234,1125.8681640625,7115509
2024-05-08,1122.8231479726346,1133.6055313779955,1116.4335197294456,1126.816650390625,8175609
2024-05-09,1120.177429274663,1132.7070918714192,1110.3932995927955,1113.8377685546875,5226693
2024-05-10,1121.8746454678296,1138.1482169680246,1111.5414820829196,1118.280517578125,7242718
2024-05-13,1118.280560072801,1133.5557565245344,1103.255079409812,1130.1612548828125,5513160
2024-05-14,1128.114566096159,1134.2546009854527,1116.2838385028565,1121.026123046875,5471143
2024-05-15,1123.721712351589,1129.3624370292239,1116.7829287650115,1126.2176513671875,5436338
2024-05-16,1132.3078037555497,1142.0918123128274,1109.4949438034919,1137.449462890625,10750526
2024-05-17,1130.1611841531799,1144.1384426144384,1124.2707437129595,1139.4959716796875,9909986
2024-05-21,1134.1546578731836,1143.8888197695424,1127.3656551864028,1135.802001953125,8162017
2024-05-22,1140.1450314564138,1140.1450314564138,1116.1340475004847,1124.1710205078125,9094033
2024-05-23,1124.1709351031163,1167.7500547859142,1123.9213412010063,1163.357177734375,12818081
2024-05-24,1163.606703334204,1175.0880221573213,1158.714638765603,1172.0928955078125,8814997
2024-05-27,1176.9849597666077,1194.0571572899114,1166.1026419018533,1185.07177734375,10450046
2024-05-28,1186.0701643307336,1190.463041165621,1177.0847842979251,1181.4776611328125,4018776
2024-05-29,1170.0961898274143,1183.9736348832184,1154.122180409975,1157.8660888671875,9418064
2024-05-30,1153.3234454629503,1177.8835827438165,1153.1238190915699,1166.052734375,7232217
2024-05-31,1171.094557721878,1176.086435632031,1151.5264206884824,1160.26220703125,10057642
2024-06-03,1195.1055059768719,1240.1820647541408,1191.461410829416,1221.911865234375,22197339
2024-06-04,1222.0116868093924,1222.0116868093924,1099.7606480992038,1129.412353515625,24135989
2024-06-05,1136.151461174942,1191.0621205463144,1108.8957578654326,1182.575927734375,21039499
2024-06-06,1190.163519723218,1193.9573957244136,1161.3604082472602,1169.0478515625,12006879
2024-06-07,1176.0865596559486,1193.2585727289375,1164.8548331736656,1184.872314453125,8583998
2024-06-10,1183.0750259399415,1210.430540365614,1183.0750259399415,1198.0506591796875,9995057
2024-06-11,1202.4933987545712,1207.3854633903109,1188.5161408650388,1192.659423828125,9390212
2024-06-12,1190.1635879654755,1204.1908145964906,1182.176582765644,1185.970458984375,7199718
2024-06-13,1199.8478657463297,1200.0474921210014,1171.5438194952746,1172.741943359375,5321148
2024-06-14,1179.031656735811,1182.7257197064316,1168.099492287571,1179.131591796875,4451031
2024-06-18,1192.060431511735,1192.060431511735,1179.2313298016113,1189.9638671875,6837181
2024-06-19,1191.0621069336512,1241.3302947001598,1183.5742898322244,1224.657470703125,17987437
2024-06-20,1228.1018171293836,1239.4833234915477,1218.4176224324674,1237.486572265625,8206858
2024-06-21,1243.9761022531884,1243.9761022531884,1221.7622432843816,1235.43994140625,29311314
2024-06-24,1229.000416277566,1233.7427005808306,1223.0601299517614,1226.1051025390625,6676530
2024-06-25,1232.4447453162752,1276.6728343883735,1224.0085200079343,1269.3846435546875,17607952
2024-06-26,1279.0189479197,1290.8496743232877,1257.1544980568556,1283.31201171875,13956370
2024-06-27,1307.8720566322172,1307.8720566322172,1277.9207881597238,1286.856201171875,22311393
2024-06-28,1281.0156818707337,1287.8046845611411,1259.550606908322,1263.1947021484375,7167069
2024-07-01,1270.9321647383285,1270.9321647383285,1254.4089994723001,1259.8502197265625,5797015
2024-07-02,1262.9451463709113,1265.7904924843779,1236.2385988093129,1251.364013671875,9945447
2024-07-03,1257.9532642364502,1286.506782209,1241.579879914841,1277.9207763671875,15171347
2024-07-04,1285.90777835371,1290.8996563752694,1266.4394540696283,1278.8193359375,4817380
2024-07-05,1269.9337492225077,1293.2957623797786,1268.835560448999,1284.9593505859375,8593502
2024-07-08,1282.9125886119964,1295.2924698726165,1277.521336238757,1285.7579345703125,4216951
2024-07-09,1281.9141677392236,1292.896298459731,1277.1219164941974,1287.305419921875,6930340
2024-07-10,1282.1139084717208,1291.898038189819,1273.0786823324786,1289.5518798828125,9020489
2024-07-11,1298.9366185010135,1299.2860255853643,1274.8756691291196,1294.6435546875,7848846
2024-07-12,1292.7951283943742,1338.5060612393027,1292.7951283943742,1316.1751708984375,11278987
2024-07-15,1315.5755973520327,1323.2690953628965,1303.8856369793373,1306.33349609375,11537127
2024-07-16,1306.3334797626717,1317.3240865270145,1298.5900977241572,1302.886474609375,5433264
2024-07-18,1298.8899842960564,1317.4740781396913,1293.3946805163423,1308.281982421875,6787511
2024-07-19,1304.5351521039754,1307.882267202837,1287.0999791820136,1291.2464599609375,4496066
2024-07-22,1282.254157040865,1291.2464721792971,1277.108530096213,1281.4049072265625,6695557
2024-07-23,1287.3997027504545,1289.9974581222002,1249.9317253712213,1262.1712646484375,8789327
2024-07-24,1261.8216015091461,1266.2677527529374,1225.602556319145,1238.1917724609375,10344860
2024-07-25,1198.9752696285975,1198.9752696285975,1154.513270046537,1174.8958740234375,32979871
2024-07-26,1164.0051748855426,1182.139700501223,1154.263500675127,1176.3446044921875,18554648
2024-07-29,1181.3403267525803,1193.579866061191,1162.65634410464,1169.0509033203125,19598573
2024-07-30,1163.1059899797806,1178.992437900641,1159.2092956646895,1169.0009765625,18090045
2024-07-31,1156.0120428892758,1170.0000883520675,1153.0146045758206,1165.104248046875,17347076
2024-08-01,1167.0026950641445,1174.6461874515737,1164.454823612974,1171.299072265625,11190500
2024-08-02,1163.0060993620923,1166.8029034557203,1155.1128205144428,1159.8587646484375,10581445
2024-08-05,1141.0248463432538,1150.4667282030086,1123.3400091574642,1132.5321044921875,12013362
2024-08-06,1139.026583274535,1150.0171906570083,1122.1409893573368,1125.138427734375,8571122
2024-08-07,1137.8276379214865,1143.8225145765712,1126.0376650467224,1135.829345703125,8370312
2024-08-08,1132.1324857784152,1141.8242766781827,1125.038572458969,1137.17822265625,7903428
2024-08-09,1151.0162710566617,1154.713062724147,1138.9765121432943,1141.774169921875,6262086
2024-08-12,1145.0214849192898,1168.1017365309908,1134.880127129973,1163.305908203125,9078384
2024-08-13,1160.3582468075288,1178.592662314838,1154.413376565547,1158.6097412109375,6180463
2024-08-14,1158.0103428946786,1158.0103428946786,1147.6692050368504,1152.1153564453125,5021841
2024-08-16,1165.4040707231297,1169.000972398833,1148.6183669484067,1165.8536376953125,6107134
2024-08-19,1168.0018101230557,1170.2998949773084,1149.2178143474769,1152.2652587890625,6691823
2024-08-20,1157.0112241980148,1175.9950007608493,1153.6641090393628,1167.002685546875,6721749
2024-08-21,1165.603828347,1176.994118402172,1160.5082075756561,1173.397216796875,9480630
2024-08-22,1178.6926021829222,1179.9915408958257,1167.951781637088,1168.950927734375,5841326
2024-08-23,1169.0009361917578,1172.9475144975986,1162.506486546248,1164.954345703125,5121962
2024-08-26,1170.6994882789022,1174.2465058769608,1165.104294265047,1169.30078125,3392612
2024-08-27,1169.000939360119,1183.838234581859,1163.2558492735202,1180.2413330078125,8702113
2024-08-28,1175.994955914158,1180.69089378261,1168.351463880549,1169.9500732421875,5483503
2024-08-29,1168.0018028062877,1178.8925198005202,1162.4066089824673,1174.3963623046875,7290114
2024-08-30,1175.9949656447764,1181.9398361833976,1170.8493388105494,1174.2464599609375,10190506
2024-09-02,1174.9957934621327,1192.9804229539002,1173.0973915114537,1187.784912109375,6432362
2024-09-03,1186.985617809891,1192.5309276896276,1175.695217608263,1190.58251953125,7920246
2024-09-04,1181.6900665341032,1188.634205243029,1172.2981905853524,1176.6943359375,6527941
2024-09-05,1180.990705264549,1181.8399550671666,1172.4479572141481,1179.5419921875,4234766
2024-09-06,1174.9957675970875,1180.341174629591,1149.817335649293,1157.760498046875,9874576
2024-09-09,1157.0112163733215,1174.596163835175,1144.0223167076451,1169.8502197265625,7700940
2024-09-10,1177.8933180831702,1189.8330647497864,1172.3480086470006,1186.1861572265625,8723854
2024-09-11,1186.1861945137762,1193.8296865293353,1179.9915375147775,1185.087158203125,6000329
2024-09-12,1189.083702391641,1204.6703565446362,1175.7451268751188,1202.3223876953125,7592871
2024-09-13,1208.8669203308898,1218.5087048247742,1199.974495430322,1216.410400390625,6762566
2024-09-16,1220.9565800362964,1232.9463336864073,1213.9625570737317,1229.9989013671875,4039284
2024-09-17,1234.1451799941071,1239.5405931789464,1226.5516942361462,1231.0478515625,8030427
2024-09-18,1230.8481209839067,1249.3323240741963,1223.9539884110695,1239.3907470703125,8210034
2024-09-19,1247.3838839474913,1260.6225696046859,1237.9420022086015,1241.6387939453125,8449864
2024-09-20,1242.9377435523343,1248.9326201289532,1228.849807990495,1243.9368896484375,15009629
2024-09-23,1250.4312892398568,1251.3804292067466,1239.4906887117218,1245.7353515625,5462814
2024-09-24,1240.0401803989173,1246.035056902626,1234.2950904161967,1238.4915771484375,9225946
2024-09-25,1236.942817936568,1269.9146378007897,1230.0486857535618,1267.01708984375,6853324
2024-09-26,1266.4677489486294,1280.5556852451584,1261.1722255766892,1276.009521484375,7270078
2024-09-27,1271.9129699045366,1280.4557177425643,1256.1764190200147,1272.0628662109375,13372027
2024-09-30,1262.4211501734367,1273.9113308042197,1228.3002850375033,1231.1478271484375,8466919
2024-10-01,1227.0512520632726,1241.8885466631198,1223.6042469422223,1225.6025390625,11164280
2024-10-03,1206.4689403357831,1218.1090170312034,1172.0982894021524,1174.696044921875,17300892
2024-10-04,1174.4962507198202,1201.7729882724368,1172.997531556843,1177.393798828125,13064515
2024-10-07,1181.9398732684149,1183.8382753207918,1129.934390048423,1144.7216796875,20047013
2024-10-08,1152.0155149847044,1167.3523840477021,1141.5244803729618,1152.3153076171875,8464570
2024-10-09,1153.0146443687056,1183.988174676704,1153.0146443687056,1169.15087890625,9807734
2024-10-10,1175.9949603025386,1189.9830057097056,1174.046674192971,1183.23876953125,6806243
2024-10-11,1181.4903201137774,1187.1854043714447,1165.0044086703294,1171.4488525390625,4754158
2024-10-14,1170.5496378403072,1173.9966430270208,1155.6123307770424,1163.355712890625,9765296
2024-10-15,1165.104286275286,1170.999272878385,1148.5184847898495,1152.86474609375,8741516
2024-10-16,1150.017137372719,1161.956884234946,1147.1195893492861,1152.2152099609375,7739854
2024-10-17,1150.017218078076,1150.3668948371856,1123.040272041492,1130.883544921875,6595231
2024-10-18,1157.0112007686191,1202.8220257322612,1155.0629146314764,1195.8280029296875,20829666
2024-10-21,1195.8280254005576,1213.7627716752456,1184.5377472724651,1189.28369140625,7456038
2024-10-22,1193.2301736580623,1196.9769713563815,1172.347996759549,1174.7459716796875,7256246
2024-10-23,1174.0965788352514,1182.1397538713547,1157.6606739810497,1159.4091796875,6501834
2024-10-24,1164.005180524674,1174.196421730821,1153.6640430136567,1166.3531494140625,5046700
2024-10-25,1185.9863817213213,1200.7237862119612,1169.0008985795669,1188.3343505859375,12798716
2024-10-28,1192.9805076128803,1192.9805076128803,1166.0535675549525,1170.599609375,8572243
2024-10-29,1175.3955196864351,1190.1828090793306,1156.6115238483947,1185.8365478515625,9908946
2024-10-30,1177.7434804139418,1186.635905210707,1163.3058678710145,1169.400634765625,9686560
2024-10-31,1164.5048071730241,1176.9941337192813,1152.8647304386966,1158.5599365234375,8682294
2024-11-01,1163.0560879501725,1171.4988238645128,1163.0060818578193,1168.5513916015625,460781
2024-11-04,1170.9992572381775,1175.9449817651664,1134.480417622347,1138.2772216796875,9288653
2024-11-05,1137.9774273803207,1173.896803662119,1132.4821237068345,1170.699462890625,11701049
2024-11-06,1170.799429278286,1182.5393957578722,1160.4581697425565,1165.50390625,10353506
2024-11-07,1167.6020678828468,1171.8984447514144,1150.0671276109715,1158.9095458984375,6252889
2024-11-08,1155.0128937463028,1166.7528604431186,1150.1170534539897,1159.9586181640625,3786168
2024-11-11,1151.0163455380018,1175.795218429766,1141.9740242453897,1170.0001220703125,6620678
2024-11-12,1170.6496057768486,1185.9864747171694,1152.8148714727597,1157.1611328125,9606088
2024-11-13,1150.9164816548919,1164.5048449852266,1134.130777445248,1138.1773681640625,8079113
2024-11-14,1136.5787393829623,1149.7674196333846,1130.6337466753373,1139.7259521484375,5975873
2024-11-18,1130.2340117154433,1134.0308156556105,1120.5923494899985,1125.23828125,9474971
2024-11-19,1129.0351110813517,1138.0274261253624,1121.0919482455736,1132.981689453125,19225966
2024-11-21,1137.0283256912808,1151.0163718772894,1114.7973237170884,1138.1773681640625,8126248
2024-11-22,1135.6794703132584,1146.919864248595,1126.5872649454466,1141.424560546875,16687505
2024-11-25,1159.0094383509029,1163.5055956548504,1141.024809135113,1154.9129638671875,12385823
2024-11-26,1156.1119336772122,1158.609798939658,1141.674321246706,1143.822509765625,5127437
2024-11-27,1144.2220616490547,1154.463309144657,1132.5821071903288,1148.6683349609375,5989943
2024-11-28,1147.5192965947504,1153.464167107178,1128.43563046558,1131.532958984375,10731275
2024-11-29,1132.582060260801,1139.925759377213,1126.736958261915,1135.3297119140625,6406277
2024-12-02,1131.7327610004063,1140.4254054214641,1125.6379940634379,1136.1290283203125,4785858
2024-12-03,1143.422805606189,1163.9053003762572,1137.0282462603673,1159.509033203125,8382042
2024-12-04,1156.5116747211634,1167.0027093514634,1152.9147729554202,1158.4599609375,18379798
2024-12-05,1163.00607766556,1175.895086940121,1149.1179222761664,1165.404052734375,10640451
2024-12-06,1166.503084244846,1192.8305598686338,1159.0094884145792,1183.53857421875,7542210
2024-12-09,1183.2387822026365,1184.9872878972571,1160.008635116961,1162.2567138671875,6308112
2024-12-10,1156.0120320175192,1164.0552068694128,1150.2669419707597,1152.6649169921875,4714389
2024-12-11,1149.018037571162,1157.3608832768325,1143.572740005626,1146.2703857421875,7788242
2024-12-12,1144.022283571999,1153.5641776056896,1142.6234546399185,1144.6717529296875,4825283
2024-12-13,1140.0257583610694,1151.7157195420548,1112.6991355227563,1147.169677734375,8731618
2024-12-16,1145.5209692270178,1154.0137108218105,1140.7750253946338,1149.917236328125,3975202
2024-12-17,1144.2721002862004,1150.8664403216148,1129.035121871562,1135.27978515625,7292817
2024-12-18,1135.229787819368,1138.9267016920649,1114.997078620928,1121.291748046875,7222127
2024-12-19,1103.956540634929,1118.0944822195825,1100.1098525767634,1107.953125,11677610
2024-12-20,1103.0072568859084,1104.9056588150418,1064.0905661860045,1070.9346923828125,12623056
2024-12-23,1074.181925218324,1082.6247827661366,1071.4842795912562,1078.228515625,3886921
2024-12-24,1076.3801503868544,1083.8237401012339,1075.0812116606846,1077.978759765625,4343694
2024-12-26,1082.075186563399,1091.666964377949,1071.8339394144841,1075.780517578125,4775460
2024-12-27,1077.1793765790876,1085.3224416159574,1075.081194180686,1076.5299072265625,3801667
2024-12-30,1073.1828578787208,1095.5637560852615,1063.0415000388418,1069.036376953125,9452155
2024-12-31,1061.093125882966,1069.5358613844005,1057.5961146394723,1063.790771484375,5292136
2025-01-01,1063.2413952878649,1076.03039277255,1053.050031422574,1070.8848876953125,2985355
2025-01-02,1071.0846105910884,1087.7703015405455,1066.5884531772265,1085.672119140625,6557076
2025-01-03,1085.0726691338768,1092.5662649151882,1078.8780120744239,1083.9736328125,7357220
2025-01-06,1086.8211254988164,1089.0692041311972,1058.994932153449,1062.491943359375,5283413
2025-01-07,1063.6410686595937,1069.585939386801,1055.0983204039812,1066.5885009765625,4619462
2025-01-08,1062.8417164055375,1081.425810390834,1058.1956624176928,1074.0321044921875,8780098
2025-01-09,1078.6781174845069,1079.2276966322133,1053.3497879534912,1060.8433837890625,9054190
2025-01-10,1055.3480496665616,1063.940681583058,1036.114487577964,1039.811279296875,5612886
2025-01-13,1025.7233630583805,1062.0923055338462,1022.3762480127075,1048.404052734375,7180930
2025-01-14,1052.0508920133261,1060.094067323752,1044.607301966996,1050.7520751953125,6892897
2025-01-15,1042.1093350734811,1052.0009054084283,1013.7835688153692,1025.9232177734375,11418721
2025-01-16,1033.0171728612916,1045.5563831841841,1026.1730464981413,1037.1136474609375,10261727
2025-01-17,999.1461051896173,1010.8361268169435,973.7677697245856,990.2037353515625,33831617
2025-01-20,991.2028832561386,993.3510717794115,975.6661734888432,987.206298828125,33440507
2025-01-21,992.7515647509814,993.6008755464943,962.1777177393942,969.37158203125,11894500
2025-01-22,974.9168003898411,974.9168003898411,953.185372863857,958.4808349609375,17303146
2025-01-23,953.1854083200985,962.8771379807579,947.1905315382111,950.2379150390625,24649522
2025-01-24,947.1904904330852,960.978694236453,945.2920884746561,947.6900634765625,14421921
2025-01-27,942.2946747087996,948.9390207529837,932.7028964179103,947.2904052734375,12713296
2025-01-28,959.180235428942,993.0013057953831,957.3817846841201,982.9598999023438,21781371
2025-01-29,987.1563504180045,987.8058197786002,976.7652065467048,982.560302734375,11175206
2025-01-30,983.809246785376,990.5534830633907,973.9676209602275,983.8591918945312,10473118
2025-01-31,981.1614599961304,989.154628713003,977.2148207455668,985.2579345703125,9036312
2025-02-03,986.2570909647077,999.6456730985736,982.5102930895256,988.55517578125,7124605
2025-02-04,993.1512442533443,1016.2314952547484,986.9565261066653,1014.4330444335938,16058171
2025-02-05,1019.7285079133438,1021.1772819871264,1009.6371564724461,1012.4347534179688,7858373
2025-02-06,1011.135846962794,1020.9774115938708,1009.1874998832046,1019.8284301757812,5815563
2025-02-07,1018.6294771085081,1026.4727498171085,1006.7896198894281,1023.2255249023438,8638651
2025-02-10,1020.1281486117224,1025.8732385769695,1005.3407988108239,1010.8860473632812,3960565
2025-02-11,1008.1384042718065,1015.4821036361709,1001.743844906005,1006.539794921875,4808215
2025-02-12,999.1460897554412,1009.7870200045517,983.1597523193541,1006.0402221679688,7669283
2025-02-13,1002.1435394057845,1016.5812127633229,1000.195192312027,1007.339111328125,6348246
2025-02-14,1009.6870990599269,1015.1324576088659,986.8066895087635,996.6482543945312,5375755
2025-02-17,991.6025387766662,998.7964027455306,977.2148108389374,992.1021118164062,7166803
2025-02-18,992.1021599108303,996.4983662838368,985.7076002989517,993.3011474609375,3090004
2025-02-19,990.8032596729911,1012.5846325710227,987.3062483045857,1010.4863891601562,6401381
2025-02-20,1007.5389474515373,1018.7793410298854,1005.6405454762012,1016.3314208984375,5011212
2025-02-21,1011.1358844792248,1021.0274555684333,999.7956002866314,1008.0885009765625,5019937
2025-02-24,1000.4949167860066,1012.134993173767,997.6973199195476,1009.1875,4265454
2025-02-25,1003.1426606538377,1012.8343897910249,996.2485283338186,1008.23828125,5708975
2025-02-27,1006.7895881710506,1022.675974509891,1004.2917229306947,1015.8318481445312,9777690
2025-02-28,1013.9334407248853,1034.615777000597,1009.0876065778273,1014.6828002929688,15026849
2025-03-03,1016.1815119995523,1018.5295418855362,991.1529148051625,1006.389892578125,6763184
2025-03-04,1000.2451655910475,1010.2366268834685,997.7473002679423,1000.944580078125,5786420
2025-03-05,1002.1435659127035,1016.5312945423531,1001.6939379587069,1013.5838012695312,5133873
2025-03-06,1021.7267392253694,1038.612332076587,1014.2831498454004,1033.2169189453125,7861120
2025-03-07,1032.817337571361,1049.4531455409124,1029.8198990891383,1036.7640380859375,7597321
2025-03-10,1035.1153504084468,1049.6029687298005,1031.468442782615,1034.9654541015625,5995655
2025-03-11,1029.520113656347,1035.914672765481,1020.2280066108474,1024.774169921875,4771085
2025-03-12,1024.3245322593168,1028.9207018891527,998.3467946594548,1010.3365478515625,7504702
2025-03-13,1014.1332914267962,1015.132437526724,1004.2417206442948,1009.33740234375,4004140
2025-03-17,1010.2366012913976,1038.1128019842872,1010.2366012913976,1033.2669677734375,5938668
2025-03-19,1046.9053623518132,1057.646183234451,1042.6089852123262,1051.1517333984375,4822365
2025-03-20,1055.3481090881514,1057.9958707491392,1046.0061170837591,1053.44970703125,3742644
2025-03-21,1053.4496491429936,1074.6316193008408,1049.6529672039042,1069.2362060546875,6848565
2025-03-24,1081.0760349569089,1104.0063882058416,1072.783073887539,1096.9124755859375,8284863
2025-03-25,1109.002216272288,1122.5406953407569,1095.413853076155,1117.594970703125,11720528
2025-03-26,1114.047955120439,1117.8946433973692,1088.1201613639344,1095.31396484375,7127060
2025-03-27,1091.067555947459,1107.053893763539,1087.1708617115737,1097.412109375,8508917
2025-03-28,1097.462058532138,1106.0546902692902,1085.5721960050441,1101.0589599609375,4921190
2025-04-01,1092.2664595426536,1100.3096343737684,1069.0863189829122,1084.6729736328125,6638140
2025-04-02,1090.76773491548,1094.664429049867,1079.8271340440042,1083.52392578125,4065344
2025-04-03,1077.9787109284953,1091.017493860897,1074.381809497697,1088.9193115234375,5345660
2025-04-04,1080.5764837084853,1100.9590880995302,1074.5316011481896,1090.3681640625,6059991
2025-04-07,1034.1161611572818,1068.087126837811,1031.4683997330853,1047.0550537109375,9720457
2025-04-08,1060.093978570394,1084.0234781220995,1059.3946251089444,1076.9295654296875,8723357
2025-04-09,1072.1837048584816,1080.926233635811,1057.096622447392,1060.7435302734375,6690201
2025-04-11,1062.392153253822,1071.7840295190008,1056.6470628741667,1068.0372314453125,8144072
2025-04-15,1089.0692731441595,1116.0462184422258,1082.0752502891053,1111.849853515625,9320299
2025-04-16,1121.7413327534418,1162.5065444211673,1111.6499810412404,1160.3084716796875,12836428
2025-04-17,1154.613187862119,1198.1759326401855,1152.6148956982988,1189.783203125,13446336
2025-04-21,1200.9736202361637,1237.6422335650964,1197.0769260268742,1221.9556884765625,15166580
2025-04-22,1229.3493484820563,1233.9453960091998,1211.0649266211587,1215.760986328125,8461710
2025-04-23,1224.2538202977976,1228.9497583930292,1193.8797530955178,1205.8695068359375,9433911
2025-04-24,1198.0760451934377,1218.9582227468238,1198.0760451934377,1206.0692138671875,9078137
2025-04-25,1175.9950141977513,1178.8925624152441,1145.0214836623813,1165.30419921875,17243807
2025-04-28,1165.3041229955159,1194.9787128132273,1163.3058308336208,1191.781494140625,5523502
2025-04-29,1192.9804852009415,1208.966823361088,1183.3887066980697,1186.2862548828125,6074520
2025-04-30,1184.0880493990605,1192.8805840933246,1173.996697920787,1183.9881591796875,6288257
2025-05-02,1181.0905876428099,1209.4663614496308,1179.092295430584,1182.3895263671875,5249372
2025-05-05,1188.9838228735969,1188.9838228735969,1163.305817670235,1172.1981201171875,7236056
2025-05-06,1176.9941263517048,1177.7934920320934,1156.711411381114,1160.4083251953125,5348267
2025-05-07,1158.0103867504365,1167.6021653881123,1151.9156196344402,1160.3084716796875,4263817
2025-05-08,1169.000902041538,1177.9932166726269,1164.6046349397911,1171.198974609375,9912347
2025-05-09,1159.0094902220203,1171.1990240051655,1147.5193099310263,1150.1170654296875,5379571
2025-05-12,1183.9881482207568,1207.9676550201646,1174.1964674912338,1201.9727783203125,7616208
2025-05-13,1204.17088139939,1213.7627819342401,1188.983908829347,1192.580810546875,5569926
2025-05-14,1194.8788087975402,1198.3758200404661,1184.887348103466,1194.4791259765625,4084921
2025-05-15,1195.9778616685178,1215.960783333823,1183.9881086693347,1208.0675048828125,6705748
2025-05-16,1204.9701644737838,1212.2639795957512,1202.1725066819429,1207.767822265625,4016269
2025-05-19,1206.9684600284695,1217.959066866477,1200.0743277095955,1201.77294921875,4550022
2025-05-20,1206.9684640476505,1209.666109675897,1191.8813826402697,1194.7789306640625,4724482
2025-05-21,1196.0777462450546,1203.8711344442138,1181.6900183206467,1196.7772216796875,3712472
2025-05-22,1195.6780564317094,1195.6780564317094,1176.4945006220091,1187.485107421875,4795583
2025-05-23,1187.485119395582,1212.0640886389942,1187.0854365692512,1209.066650390625,3676469
2025-05-26,1215.1614996663016,1223.1546688717133,1207.6679035362279,1214.162353515625,3607612
2025-05-27,1214.1623415292133,1215.6610607404325,1189.3835904167063,1194.5791015625,7249163
2025-05-28,1194.5790654630853,1201.1734053999564,1190.6823712384548,1193.6798095703125,3525421
2025-05-29,1198.9753285293477,1207.9676434933178,1187.984721351162,1200.673828125,7788068
2025-05-30,1200.3741017035964,1207.767806945901,1188.584129401051,1191.181884765625,9998488
2025-06-02,1188.7840792835677,1199.8745766070429,1178.1930330443174,1193.380126953125,3761853
2025-06-03,1193.9795608940237,1197.8762549838802,1173.8967491583935,1180.4910888671875,8155665
2025-06-04,1180.7909490961636,1190.282837362319,1167.6021469572256,1170.0001220703125,4306355
2025-06-05,1171.498848863261,1174.4962872825274,1156.0120836970516,1158.0103759765625,10481600
2025-06-06,1157.9104875951884,1200.1742961943326,1150.216989127201,1193.5799560546875,14715421
2025-06-09,1211.4646926212756,1223.4544462802078,1205.1700231639036,1218.8583984375,9138108
2025-06-10,1223.3544631361597,1234.8446428531997,1217.3595867620518,1231.747314453125,7747558
2025-06-11,1231.547437255107,1240.73965439643,1227.051279882547,1230.3485107421875,4135775
2025-06-12,1229.9489006576741,1236.0436677299426,1209.766197378075,1211.8643798828125,3461744
2025-06-13,1196.9769975725644,1210.6652500104622,1194.5790225999053,1204.7703857421875,3906868
2025-06-16,1205.070075190406,1216.9599380589093,1194.9787240709816,1214.3621826171875,5697424
2025-06-17,1214.3621705402443,1225.9522406799451,1210.2656960037218,1214.0623779296875,4492946
2025-06-18,1208.7670098415024,1222.2554822950017,1202.872023413054,1219.9573974609375,3135662
2025-06-19,1216.9599001780673,1226.751580345239,1212.763535515606,1216.4603271484375,4243763
2025-06-20,1216.4603740469724,1224.9531158781012,1213.1631431378685,1219.6575927734375,4652390
2025-06-23,1211.5645133005319,1221.855766720184,1204.5704907342642,1213.063232421875,2312469
2025-06-24,1221.85584819293,1237.3426134794584,1214.5620325296159,1220.1572265625,6745788
2025-06-25,1225.2529376663326,1225.2529376663326,1209.9659532198973,1212.2640380859375,4229259
2025-06-26,1214.162353992752,1237.9420811746302,1210.1657693884756,1232.44677734375,8678448
2025-06-27,1235.8438054880892,1245.935156459947,1219.3578952382181,1224.0538330078125,6068274
2025-06-30,1227.850614406535,1234.9445270212907,1192.0811367630172,1198.1759033203125,6559872
2025-07-01,1200.973663276553,1200.973663276553,1166.003548289299,1172.2982177734375,8702198
2025-07-02,1178.9924468672707,1180.8908489291716,1170.999277735967,1174.2965087890625,5471100
2025-07-03,1176.9941080825224,1179.9915463883353,1167.0026470631462,1170.0999755859375,6237185
2025-07-04,1174.0,1179.5,1162.0,1177.5999755859375,3926186
2025-07-07,1177.5999755859375,1177.5999755859375,1167.5999755859375,1175.0999755859375,5783402
2025-07-08,1180.0,1180.0,1161.9000244140625,1165.4000244140625,9973619
2025-07-09,1160.0,1171.0,1158.5999755859375,1164.699951171875,8674795
2025-07-10,1170.0999755859375,1176.5999755859375,1163.0,1164.300048828125,4339755
2025-07-11,1162.0,1175.9000244140625,1160.5999755859375,1173.800048828125,4468654
2025-07-14,1179.0,1179.9000244140625,1163.0,1172.699951171875,4772502
2025-07-15,1174.0,1179.0,1162.300048828125,1165.9000244140625,4776756
2025-07-16,1164.9000244140625,1174.0,1157.0999755859375,1168.4000244140625,4388279
2025-07-17,1170.0,1172.9000244140625,1154.800048828125,1159.800048828125,5694428
2025-07-18,1090.0,1115.9000244140625,1086.0,1099.300048828125,38053695
2025-07-21,1086.0,1101.5,1071.9000244140625,1099.5999755859375,15905500
2025-07-22,1102.0,1110.5999755859375,1095.0,1098.0,9999957
2025-07-23,1099.5,1110.5,1098.0999755859375,1104.800048828125,6633979
2025-07-24,1104.0,1105.0,1089.4000244140625,1095.0999755859375,9901209
2025-07-25,1086.0999755859375,1101.0,1076.199951171875,1086.0999755859375,11779887
2025-07-28,1080.9000244140625,1092.199951171875,1067.4000244140625,1073.5999755859375,9029557
2025-07-29,1070.9000244140625,1078.699951171875,1055.4000244140625,1064.199951171875,15599773
2025-07-30,1070.5,1080.5999755859375,1062.0,1073.300048828125,8247433
2025-07-31,1066.0,1081.300048828125,1063.9000244140625,1068.4000244140625,7634413
2025-08-01,1065.0,1070.9000244140625,1060.0,1062.4000244140625,5545447
2025-08-04,1064.4000244140625,1070.0,1059.0,1068.5999755859375,4465845
2025-08-05,1068.0,1079.9000244140625,1062.5,1070.800048828125,5318081
2025-08-06,1074.0,1077.699951171875,1065.5999755859375,1071.0,4216651
2025-08-07,1067.800048828125,1079.699951171875,1064.5,1076.199951171875,5321131
2025-08-08,1073.0,1080.4000244140625,1054.199951171875,1058.0999755859375,5084903
2025-08-11,1058.0999755859375,1075.4000244140625,1052.5999755859375,1073.300048828125,5452775
2025-08-12,1071.0999755859375,1076.5999755859375,1066.300048828125,1070.0,4573025
2025-08-13,1071.0999755859375,1072.800048828125,1063.199951171875,1066.0,4966778
2025-08-14,1067.0,1072.4000244140625,1062.0,1068.199951171875,6761305
2025-08-18,1080.0,1090.0,1079.4000244140625,1082.5999755859375,7964987
2025-08-19,1078.0,1095.0,1075.800048828125,1083.199951171875,5661531
2025-08-20,1081.0,1083.699951171875,1077.800048828125,1080.199951171875,3034728
2025-08-21,1090.0,1090.0,1076.4000244140625,1078.9000244140625,6459262
2025-08-22,1076.0,1078.5,1069.5,1070.9000244140625,3853718
2025-08-25,1073.0,1074.5,1068.199951171875,1070.0,2711278
2025-08-26,1068.0,1069.800048828125,1048.0,1050.0999755859375,7197666
2025-08-28,1057.0,1059.5,1047.0,1051.9000244140625,8564803
2025-08-29,1052.0999755859375,1063.0,1042.5,1045.199951171875,4718016
2025-09-01,1047.5999755859375,1064.0,1047.5999755859375,1061.5,3190426
2025-09-02,1061.5,1064.9000244140625,1049.0,1056.199951171875,4933541
2025-09-03,1056.199951171875,1064.9000244140625,1045.0,1054.699951171875,8303296
2025-09-04,1058.199951171875,1062.199951171875,1047.300048828125,1050.4000244140625,8088417
2025-09-05,1056.5999755859375,1058.0,1047.800048828125,1055.9000244140625,2849589
2025-09-08,1055.9000244140625,1063.0,1054.0,1055.5,2260147
2025-09-09,1057.5,1059.0,1048.699951171875,1052.199951171875,4310419
2025-09-10,1058.0,1074.0999755859375,1055.0999755859375,1070.0999755859375,5241075
2025-09-11,1069.0,1093.0,1069.0,1087.4000244140625,5227539
2025-09-12,1088.4000244140625,1108.699951171875,1088.4000244140625,1105.300048828125,6014850
2025-09-15,1105.0,1110.0,1100.0,1104.4000244140625,3881807
2025-09-16,1105.699951171875,1127.0999755859375,1104.0,1121.199951171875,7965606
2025-09-17,1121.300048828125,1128.5,1116.0999755859375,1126.0,5590739
2025-09-18,1129.0,1134.4000244140625,1121.199951171875,1133.0,5713032
2025-09-19,1133.0,1144.0999755859375,1126.5999755859375,1135.9000244140625,8910732
2025-09-22,1136.0,1147.5999755859375,1131.199951171875,1144.4000244140625,7689900
2025-09-23,1146.0,1172.800048828125,1141.9000244140625,1170.800048828125,16079093
2025-09-24,1168.0,1172.800048828125,1154.0,1158.9000244140625,12812055
2025-09-25,1154.699951171875,1171.800048828125,1153.4000244140625,1166.5999755859375,11188302
2025-09-26,1161.5999755859375,1169.699951171875,1148.0,1154.0,5618932
2025-09-29,1155.4000244140625,1158.300048828125,1126.699951171875,1132.199951171875,9693881
2025-09-30,1130.0,1137.0,1125.4000244140625,1131.5999755859375,8165203
2025-10-01,1132.5,1164.800048828125,1131.0,1159.5,9655009
2025-10-03,1171.0,1188.0,1169.5,1181.0,11095015
2025-10-06,1185.0,1215.199951171875,1182.0999755859375,1212.800048828125,20128505
2025-10-07,1212.0,1212.0,1184.0,1186.800048828125,8620156
2025-10-08,1180.0999755859375,1194.800048828125,1174.0999755859375,1180.5999755859375,5160430
2025-10-09,1178.0,1187.300048828125,1163.0999755859375,1167.4000244140625,7194651
2025-10-10,1168.0,1191.699951171875,1165.199951171875,1180.4000244140625,6933035
2025-10-13,1171.0,1193.5999755859375,1167.5,1189.5999755859375,4138448
2025-10-14,1191.800048828125,1191.800048828125,1166.5999755859375,1176.800048828125,5742538
2025-10-15,1180.0,1181.699951171875,1164.0,1169.5999755859375,6328142
2025-10-16,1216.4000244140625,1216.9000244140625,1185.300048828125,1196.300048828125,17747171
2025-10-17,1196.300048828125,1212.9000244140625,1191.5999755859375,1200.199951171875,6404414
2025-10-20,1207.9000244140625,1231.699951171875,1207.0,1226.0,7418616
2025-10-21,1225.800048828125,1238.800048828125,1222.0,1237.300048828125,1940248
2025-10-23,1246.0,1276.0999755859375,1241.300048828125,1258.800048828125,14611221
2025-10-24,1254.199951171875,1256.0,1240.0999755859375,1241.9000244140625,4882046
2025-10-27,1243.4000244140625,1258.5,1242.5999755859375,1254.0999755859375,6185072
2025-10-28,1249.0,1258.9000244140625,1236.5999755859375,1246.300048828125,8146777
2025-10-29,1246.9000244140625,1251.0,1239.199951171875,1248.800048828125,4578825
2025-10-30,1243.0,1248.0,1235.0,1238.5999755859375,4017532
2025-10-31,1243.0,1245.4000244140625,1231.0,1232.800048828125,4106607
2025-11-03,1226.0,1241.0,1222.300048828125,1233.699951171875,6118907
2025-11-04,1230.0999755859375,1235.9000244140625,1222.800048828125,1226.5999755859375,3299345
2025-11-06,1225.0,1239.5999755859375,1225.0,1228.5,3733721
2025-11-07,1227.0,1228.800048828125,1217.0,1222.800048828125,3461466
2025-11-10,1222.0,1232.800048828125,1215.5,1217.0,4140568
2025-11-11,1218.0999755859375,1225.0,1209.4000244140625,1222.5,5615453
2025-11-12,1227.9000244140625,1232.699951171875,1216.5,1221.5999755859375,6782513
2025-11-13,1219.0,1234.800048828125,1213.199951171875,1225.199951171875,3345231
2025-11-14,1224.0,1246.0,1222.0,1241.5999755859375,5197740
2025-11-17,1243.9000244140625,1261.0,1240.4000244140625,1249.5999755859375,4088026
2025-11-18,1250.0,1273.5,1247.5999755859375,1265.4000244140625,10175969
2025-11-19,1268.0,1273.0,1257.800048828125,1270.4000244140625,4101288
2025-11-20,1275.0,1287.300048828125,1262.5999755859375,1285.199951171875,4617594
2025-11-21,1284.0,1284.5,1273.0,1275.800048828125,6363593
2025-11-24,1279.199951171875,1290.9000244140625,1266.5999755859375,1269.0,10491953
2025-11-25,1269.0999755859375,1276.699951171875,1263.699951171875,1266.300048828125,5290156
2025-11-26,1271.9000244140625,1292.800048828125,1269.300048828125,1290.199951171875,4842021
2025-11-27,1297.0,1304.0,1281.0,1287.300048828125,5924706
2025-11-28,1287.300048828125,1289.0,1275.0,1279.699951171875,3093636
2025-12-01,1288.0,1289.0,1268.5,1275.699951171875,4098016
2025-12-02,1270.699951171875,1281.0,1255.0999755859375,1258.0,8115347
2025-12-03,1255.0,1272.9000244140625,1255.0,1270.699951171875,3582794
2025-12-04,1270.699951171875,1282.800048828125,1269.4000244140625,1280.0,3216108
2025-12-05,1275.199951171875,1285.0,1267.300048828125,1282.5,2728214
2025-12-08,1284.0,1288.800048828125,1265.0999755859375,1273.800048828125,2969478
2025-12-09,1272.0,1281.4000244140625,1263.199951171875,1275.9000244140625,4239279
2025-12-10,1273.0,1284.0,1268.300048828125,1278.5999755859375,2928746
2025-12-11,1277.4000244140625,1282.0,1271.0,1272.699951171875,2017404
2025-12-12,1278.0,1291.0,1277.9000244140625,1286.0999755859375,2281078
2025-12-15,1285.0,1290.4000244140625,1280.0,1284.800048828125,1634472
2025-12-16,1277.0999755859375,1277.5999755859375,1216.9000244140625,1219.5999755859375,11542048
2025-12-17,1220.5999755859375,1236.0,1220.300048828125,1224.699951171875,5147181
2025-12-18,1226.0999755859375,1238.5,1220.199951171875,1229.800048828125,3441592
2025-12-19,1236.699951171875,1241.5,1229.0999755859375,1230.5999755859375,5055047
2025-12-22,1235.0,1236.9000244140625,1226.800048828125,1233.199951171875,2405809
2025-12-23,1239.0,1239.0,1223.5,1225.0,2920318
2025-12-24,1230.0,1235.4000244140625,1224.699951171875,1226.300048828125,3155506
2025-12-26,1225.0,1229.9000244140625,1222.0,1228.199951171875,1665983
2025-12-29,1228.199951171875,1233.9000244140625,1219.0,1232.0,2209655
2025-12-30,1233.0,1252.0999755859375,1232.0,1246.0,5673233
2025-12-31,1246.0,1271.5,1245.0,1269.4000244140625,3711090
2026-01-01,1270.0,1279.199951171875,1263.800048828125,1274.4000244140625,2022412
2026-01-02,1273.9000244140625,1281.800048828125,1264.300048828125,1266.9000244140625,5860547
2026-01-05,1274.199951171875,1289.699951171875,1270.0,1285.800048828125,6177100
2026-01-06,1304.5999755859375,1304.5999755859375,1285.4000244140625,1293.800048828125,6751769
2026-01-07,1293.0,1299.0,1284.0,1295.5,5440002
2026-01-08,1291.0999755859375,1303.199951171875,1283.800048828125,1286.800048828125,3949654
2026-01-09,1286.800048828125,1295.300048828125,1270.0999755859375,1272.0,5531427
2026-01-12,1274.699951171875,1279.5999755859375,1266.5,1274.199951171875,6489750
2026-01-13,1274.0,1284.0,1258.699951171875,1262.0,5163166
2026-01-14,1255.0,1308.0,1253.5,1298.800048828125,7776704
2026-01-16,1298.800048828125,1309.0,1286.5,1294.199951171875,5175495
2026-01-19,1307.0,1327.0,1297.0999755859375,1307.5,8833223
2026-01-20,1306.0999755859375,1310.9000244140625,1290.0,1293.5,6268527
2026-01-21,1290.0,1297.699951171875,1267.4000244140625,1284.9000244140625,3854702
2026-01-22,1290.0,1298.9000244140625,1281.4000244140625,1294.800048828125,5949677
2026-01-23,1297.0,1299.0,1248.0,1258.0,8885549
2026-01-27,1288.800048828125,1333.199951171875,1278.4000244140625,1315.800048828125,22715357
2026-01-28,1348.0,1369.4000244140625,1310.199951171875,1319.800048828125,15426403
2026-01-29,1318.0,1367.0,1306.0,1363.699951171875,16107684
2026-01-30,1352.0,1378.699951171875,1352.0,1370.4000244140625,14758482
2026-02-02,1339.0,1352.699951171875,1302.9000244140625,1311.5,8647298
2026-02-03,1403.0,1418.300048828125,1345.5,1356.199951171875,10384723
2026-02-04,1369.699951171875,1369.9000244140625,1336.5999755859375,1338.699951171875,6672251
2026-02-05,1340.0,1340.0,1317.4000244140625,1330.5999755859375,3766488
2026-02-06,1325.0,1346.4000244140625,1324.699951171875,1341.5999755859375,5876574
2026-02-09,1350.0,1350.0,1330.699951171875,1341.4000244140625,4077536
2026-02-10,1352.5999755859375,1360.0999755859375,1343.300048828125,1356.699951171875,5478998
2026-02-11,1358.0,1360.0,1344.800048828125,1347.300048828125,3866272
2026-02-12,1347.9000244140625,1357.699951171875,1336.199951171875,1340.0,4152620
2026-02-13,1341.300048828125,1346.5,1316.0999755859375,1332.300048828125,4624549
2026-02-16,1324.0,1361.9000244140625,1324.0,1358.300048828125,5082167
2026-02-17,1358.300048828125,1360.9000244140625,1350.4000244140625,1357.199951171875,4513065
2026-02-18,1363.0,1378.5,1353.800048828125,1377.0,5556076
2026-02-19,1381.0999755859375,1382.800048828125,1351.0,1356.5999755859375,2744704
2026-02-20,1351.0,1376.5,1351.0,1368.300048828125,3791536
2026-02-23,1380.5,1402.0,1380.199951171875,1386.699951171875,6160153
2026-02-24,1398.0,1398.0,1383.5,1387.5999755859375,7888492
2026-02-25,1394.0,1404.300048828125,1387.5999755859375,1403.0,4379373
2026-02-26,1403.0,1405.699951171875,1386.0,1395.5,8979547
2026-02-27,1387.0,1395.5,1381.0,1383.9000244140625,5840317
2026-03-02,1369.0999755859375,1384.699951171875,1353.5999755859375,1372.300048828125,5132511
2026-03-04,1344.5,1357.5999755859375,1327.0,1351.300048828125,5832353
2026-03-05,1354.9000244140625,1355.800048828125,1335.300048828125,1349.0999755859375,6057499
2026-03-06,1347.0,1347.9000244140625,1313.5,1315.800048828125,11629935
2026-03-09,1282.199951171875,1291.0,1260.800048828125,1288.300048828125,7926265
2026-03-10,1295.199951171875,1319.5,1284.5999755859375,1314.699951171875,6289277
2026-03-11,1310.0,1317.5,1252.699951171875,1255.800048828125,6859908
2026-03-12,1243.199951171875,1251.0999755859375,1231.800048828125,1234.5,9663320
2026-03-13,1224.0,1234.5,1194.300048828125,1197.300048828125,9098187
2026-03-16,1199.199951171875,1219.9000244140625,1180.0999755859375,1214.699951171875,8743794
2026-03-17,1219.699951171875,1232.300048828125,1210.0,1228.0999755859375,5707317
2026-03-18,1228.0,1260.0,1224.199951171875,1253.199951171875,6018952
2026-03-19,1221.0,1241.5,1202.0,1207.0,8264698
2026-03-20,1208.5999755859375,1231.800048828125,1199.699951171875,1203.9000244140625,7518686
2026-03-23,1181.0,1185.0999755859375,1165.0,1170.5999755859375,6697446
2026-03-24,1187.0,1202.800048828125,1169.5999755859375,1192.699951171875,8274701
2026-03-25,1200.0,1239.0,1198.0,1222.0999755859375,9645791
2026-03-27,1209.5,1213.5,1202.0,1205.199951171875,9479301
2026-03-30,1185.0999755859375,1188.800048828125,1153.9000244140625,1161.300048828125,18534887
2026-04-01,1175.0,1208.0,1175.0,1193.0999755859375,6595695
2026-04-02,1174.5999755859375,1202.300048828125,1150.300048828125,1197.9000244140625,9501543
2026-04-06,1202.0999755859375,1249.800048828125,1196.4000244140625,1245.300048828125,7847086
2026-04-07,1237.800048828125,1255.5,1221.0,1250.0999755859375,9248545
2026-04-08,1300.0999755859375,1335.5999755859375,1300.0999755859375,1333.0,13519723
2026-04-09,1322.300048828125,1338.5999755859375,1312.800048828125,1318.5,6542529
2026-04-10,1328.800048828125,1358.5999755859375,1326.0999755859375,1350.800048828125,6755589
