date,open,high,low,close,volume
2002-07-01,14.104372772772695,14.705000764693482,13.876549782794774,14.415042877197266,847376
2002-07-02,13.876551689025446,14.746425471009207,13.876551689025446,14.705002784729004,676474
2002-07-03,14.912113409366512,14.912113409366512,14.477176987418348,14.560022354125977,574661
2002-07-04,14.80855918315674,15.015670856853392,14.60144575619312,14.912114143371582,1148300
2002-07-05,14.518599731330726,14.684290465437094,14.083663307568399,14.166508674621582,903273
2002-07-08,14.187220737952684,14.373622834820686,13.980109050255322,14.083664894104004,572054
2002-07-09,14.207930858457683,14.228641322859152,13.855838937498108,13.897261619567871,657548
2002-07-10,14.166507035838189,14.270062856041873,13.814415143225638,13.85583782196045,840243
2002-07-11,14.083664770063612,14.083664770063612,13.46232620590973,13.503748893737793,1105675
2002-07-12,13.752283496162123,13.752283496162123,13.234501675972625,13.296636581420898,1212941
2002-07-15,13.255212458720122,13.400190966939219,13.110233073867624,13.172367095947266,613201
2002-07-16,12.820275566392878,13.255212857398627,12.820275566392878,13.151656150817871,490166
2002-07-17,13.089523240043539,13.234501764952599,12.86169934282444,12.944543838500977,490399
2002-07-18,13.2966367473976,13.358769900354467,13.048100629036107,13.089523315429688,246819
2002-07-19,13.213791374610434,13.23450184117372,13.048100629036107,13.089523315429688,273717
2002-07-22,13.172367002846354,13.213789683940009,12.840986430730494,13.027387619018555,430722
2002-07-23,13.048098943298834,13.048098943298834,12.654584350033069,12.88240909576416,485732
2002-07-24,12.923832247846223,12.923832247846223,12.633874346617288,12.75814151763916,250128
2002-07-25,13.048100070600407,13.255213493704229,12.903120674427733,12.923832893371582,393443
2002-07-26,12.675298534333413,12.840988407582367,12.488897317349151,12.633875846862793,437573
2002-07-29,13.04810096830194,13.04810096830194,12.530320004819771,12.633875846862793,491284
2002-07-30,13.048097354716786,13.048097354716786,12.571739210629506,12.613160133361816,467602
2002-07-31,12.633875599105565,13.089523399079829,12.13680423583949,12.985966682434082,948395
2002-08-01,12.840985642381268,12.882408320931853,12.385337931591504,12.530317306518555,616734
2002-08-02,12.46818510322918,12.55103047821194,12.343917917388566,12.488897323608398,280372
2002-08-05,12.55102904414764,12.633874409664598,12.468183678630682,12.50960636138916,132945
2002-08-06,12.571740936050276,12.571740936050276,12.385338868472378,12.42676067352295,270422
2002-08-07,12.613161864467441,12.654584546151419,12.3439161867884,12.42676067352295,294814
2002-08-08,12.571740936050276,12.571740936050276,12.364627527630388,12.42676067352295,182438
2002-08-09,12.406050209314365,12.509606036890903,12.364627527630388,12.42676067352295,225134
2002-08-12,12.426759733508751,12.551027769160507,12.343915253040919,12.530317306518555,165155
2002-08-13,12.488895739650435,12.633874250849216,12.42676083966036,12.571741104125977,70647
2002-08-14,12.488895108066883,12.633873611933867,12.488895108066883,12.55102825164795,82282
2002-08-15,12.55102825164795,12.55102825164795,12.55102825164795,12.55102825164795,0
2002-08-16,12.633875599105565,13.151657429067276,12.530319759093329,12.985966682434082,329959
2002-08-19,12.923832978686809,13.462325252411137,12.758142239109963,13.358769416809082,380885
2002-08-20,13.586591186379287,13.91797173717472,13.29663419064579,13.710858345031738,662703
2002-08-21,13.980108505045227,13.980108505045227,13.255214119840439,13.772995948791504,277827
2002-08-22,13.876552710947973,13.876552710947973,13.317348158250267,13.379481315612793,189859
2002-08-23,13.462326604081792,13.669439172714293,13.296637601136064,13.483037948608398,171919
2002-08-26,13.586592501404702,13.669436989646947,13.3380564067777,13.400191307067871,96891
2002-08-27,13.400192419478701,13.483036914598244,13.275924361849144,13.296636581420898,130388
2002-08-28,13.379480364400841,13.379480364400841,13.027389283388638,13.234501838684082,178874
2002-08-29,13.255212348508918,13.296635029550934,12.861697755243153,12.88240909576416,132889
2002-08-30,12.840987459830574,13.628015833783754,12.778853433210555,13.462325096130371,475193
2002-09-02,13.669436927809677,14.02152972693848,13.52445841656653,13.648726463317871,460012
2002-09-03,13.56588228566507,13.56588228566507,13.296636580748306,13.441615104675293,210570
2002-09-04,13.255213120368586,13.917973425733638,13.255213120368586,13.628015518188477,394284
2002-09-05,13.793704497223942,13.876549858857937,13.628014650589337,13.66943645477295,249955
2002-09-06,13.876551063630366,13.876551063630366,13.37947972730368,13.462325096130371,233069
2002-09-09,13.29663562495223,13.628015334860214,13.151656234813236,13.19307804107666,447204
2002-09-10,13.19307804107666,13.19307804107666,13.19307804107666,13.19307804107666,0
2002-09-11,13.503746959885413,13.503746959885413,13.13094457608841,13.213789939880371,85711
2002-09-12,13.255213427330569,14.20793166230367,13.172368058503878,13.462325096130371,563086
2002-09-13,13.648727037850009,14.290776009858224,13.46232495987655,14.104373931884766,2817563
2002-09-16,14.166509153920423,14.642868277326112,13.441614797579874,14.187219619750977,1095474
2002-09-17,14.39433114035517,14.518599186269642,14.083662778835812,14.43575382232666,2655073
2002-09-18,14.45646674588674,14.601445263233165,14.145796615929855,14.207931518554688,432522
2002-09-19,13.917973138192513,14.49788894130195,12.69600750807618,13.006677627563477,7152614
2002-09-20,13.048097193429667,14.145793710665004,12.840984692628657,13.959392547607422,1271550
2002-09-23,14.021530212788486,14.042240677997915,13.462324859664239,13.524458885192871,173040
2002-09-24,13.462324502550388,13.462324502550388,12.840986893646571,12.903120040893555,1048120
2002-09-25,12.840988617898049,13.503748998382386,12.799565929748988,13.110235214233398,752213
2002-09-26,13.04810071242153,13.296636832371322,12.923833529080145,12.985966682434082,336088
2002-09-27,13.213790101411128,13.400191295588273,12.944542665795865,13.255212783813477,298476
2002-09-30,13.255210731571951,13.255210731571951,12.923830200292667,12.965252876281738,205277
2002-10-01,13.048099844116614,13.317346412844637,12.985965818263965,13.275923728942871,404042
2002-10-02,13.275923728942871,13.275923728942871,13.275923728942871,13.275923728942871,0
2002-10-03,13.33805639535133,13.33805639535133,12.944542665795865,13.255212783813477,274210
2002-10-04,13.338056878162067,13.338056878162067,13.151656553871026,13.275923728942871,239927
2002-10-07,13.234500723973516,13.29663562495223,13.048099527571097,13.19307804107666,300287
2002-10-08,13.275923248381229,15.305626796395494,12.965254883630461,13.255212783813477,625859
2002-10-09,13.338057680524171,13.420903053311335,13.068811972232897,13.089523315429688,181819
2002-10-10,13.048099433528357,13.13094479872497,12.965254944965169,13.006677627563477,96323
2002-10-11,13.193075840955059,13.193075840955059,12.903117985664846,12.965252876281738,121059
2002-10-14,13.213789667466902,13.213789667466902,12.840986414722144,12.88240909576416,84089
2002-10-15,12.88240909576416,12.88240909576416,12.88240909576416,12.88240909576416,0
2002-10-16,13.027385516245188,13.048096853448962,12.509603839417323,12.592449188232422,493002
2002-10-17,12.571739482295214,12.6338726210029,12.364626097825244,12.406048774719238,296721
2002-10-18,12.426761384479597,12.50960675258728,12.32320555097845,12.343916893005371,331175
2002-10-21,12.302493491086945,12.42676065936388,12.219648127813384,12.281782150268555,146979
2002-10-22,12.219647618126588,12.302492977944633,11.908979272075657,12.012535095214844,189950
2002-10-23,11.971113503542428,12.053958870891549,11.391198561998927,11.51546573638916,309574
2002-10-24,11.598311181173575,11.598311181173575,11.39119863805145,11.411909103393555,229266
2002-10-25,11.287641830261128,11.391198539240634,10.811282722222291,10.976972579956055,421009
2002-10-28,10.976972043538051,10.976972043538051,9.98283206908323,10.314210891723633,772620
2002-10-29,10.459189644508253,10.54203500263189,10.044964607156778,10.397055625915527,807582
2002-10-30,9.899986160951794,11.184084835689754,9.899986160951794,10.790570259094238,850942
2002-10-31,10.976973297565829,10.976973297565829,10.50061415838544,10.749150276184082,301904
2002-11-01,10.562748503857573,10.873417783767156,10.47990312877941,10.728438377380371,128283
2002-11-04,10.769859083152035,11.059816965936776,10.687013723318291,10.831993103027344,62681
2002-11-05,10.687014571095059,10.707726789329916,10.479902031714293,10.542036056518555,152069
2002-11-06,10.542036056518555,10.542036056518555,10.542036056518555,10.542036056518555,0
2002-11-07,10.52132623204817,10.64559342294206,10.37634769656637,10.417770385742188,149218
2002-11-08,10.397056254858786,10.397056254858786,10.252077746005671,10.314210891723633,158651
2002-11-11,10.355634529781044,10.355634529781044,10.065677485293165,10.169233322143555,678927
2002-11-12,10.189946501891653,10.231369194752917,10.107101992802766,10.127813339233398,81242
2002-11-13,10.355634529781044,10.355634529781044,10.107100170686715,10.169233322143555,166349
2002-11-14,10.459190149907002,10.459190149907002,9.858563904387823,9.879274368286133,399921
2002-11-15,9.941410470558361,10.044966309125538,9.48576180030889,9.52718448638916,1118961
2002-11-18,10.148520214100932,10.148520214100932,9.299358014497274,9.465047836303711,817245
2002-11-19,9.465047836303711,9.465047836303711,9.465047836303711,9.465047836303711,0
2002-11-20,9.713583007329994,9.77571701924488,9.423625161693788,9.465047836303711,674304
2002-11-21,9.444339524830287,9.568607588473771,9.175093806869816,9.216516494750977,697310
2002-11-22,9.030114627543023,9.506473796950393,9.030114627543023,9.299361228942871,485796
2002-11-25,9.340782966781234,9.734296718264122,9.32007162442598,9.589317321777344,875616
2002-11-26,9.734298043217123,10.086390034546854,9.71358669804281,9.962121963500977,990327
2002-11-27,10.024253916577855,10.044965257449578,9.817141384494027,9.920697212219238,490652
2002-11-28,10.044966540795379,10.107100571348798,9.962121166724152,10.003543853759766,308593
2002-11-29,10.044963978208859,10.459188989624359,9.630738090160065,10.334921836853027,1327261
2002-12-02,10.459190530016656,10.728437090080392,10.35563382359467,10.50061321258545,586172
2002-12-03,10.707727189508706,10.707727189508706,10.27278987625745,10.376346588134766,528863
2002-12-04,10.293502106613946,10.293502106613946,10.024255509139522,10.086389541625977,194617
2002-12-05,10.272790442857731,10.272790442857731,9.962121166724152,10.003543853759766,325432
2002-12-06,10.272791264482082,10.293502609656395,9.941411494960253,9.962121963500977,421954
2002-12-09,10.003544105193072,10.107100825384943,9.73429750932775,9.796431541442871,306480
2002-12-10,10.127807202116504,10.127807202116504,9.755004068905162,9.899983406066895,231620
2002-12-11,9.941411107208445,10.127812329873336,9.755009007910001,9.837854385375977,206955
2002-12-12,9.941407717684571,9.941407717684571,9.36149202641216,9.465047836303711,655730
2002-12-13,9.52718490059261,9.610030276354932,9.133671118988655,9.216516494750977,637123
2002-12-16,9.48576180030889,9.630740324956337,9.423627771188485,9.52718448638916,494939
2002-12-17,9.48576086364751,9.817141442934348,9.48576086364751,9.672162055969238,647098
2002-12-18,10.231365786301607,10.459189644508253,9.899986107073765,10.397055625915527,1805559
2002-12-19,10.397056979876202,10.852705632259864,10.355634295420101,10.624881744384766,1655431
2002-12-20,10.728438153501582,10.728438153501582,10.148523169956572,10.252079010009766,767909
2002-12-23,10.272789285696994,10.272789285696994,9.630739462234633,9.81714153289795,444261
2002-12-24,10.459191993006353,10.459191993006353,9.568607699739632,9.941411018371582,673374
2002-12-25,9.941411018371582,9.941411018371582,9.941411018371582,9.941411018371582,0
2002-12-26,10.04496252608667,10.065673861326696,9.630736697919284,9.713582038879395,702938
2002-12-27,9.899988040952671,9.94141072810606,9.133670958515536,9.320072174072266,1651282
2002-12-30,9.423628730472412,9.651453527105458,9.320072881363705,9.382206916809082,954506
2002-12-31,9.46504918510503,9.527183205874222,9.320070679943631,9.444337844848633,758433
2003-01-01,9.672163995620329,9.672163995620329,9.340784226512165,9.382206916809082,186612
2003-01-02,9.527185456214706,9.630741305323411,9.320072881363705,9.382206916809082,609537
2003-01-03,9.610030678743813,9.941411319035055,9.320072728068176,9.340784072875977,593553
2003-01-06,9.423627533330526,9.527184245917367,9.154380957238212,9.19580364227295,298014
2003-01-07,9.175091105467075,9.27864691804672,9.133668429781904,9.154378890991211,373857
2003-01-08,9.465047867494293,9.465047867494293,8.926555725690545,8.967977523803711,429934
2003-01-09,8.740156716033585,9.112959164585769,8.740156716033585,8.90584659576416,392757
2003-01-10,8.926557275654808,8.947267739990826,8.553754014838484,8.595176696777344,500997
2003-01-13,8.760866489699975,9.009401703048674,8.698732467204449,8.843711853027344,824368
2003-01-14,8.98869117038087,9.07153654115678,8.740155934686623,8.802289962768555,1506564
2003-01-15,8.802289185136898,9.092247080602986,8.802289185136898,8.988690376281738,669464
2003-01-16,8.885134855596698,8.967979345282767,8.615887415058305,8.822999954223633,548957
2003-01-17,9.092248537852145,9.092248537852145,8.69873387499472,8.864423751831055,303369
2003-01-20,9.00940168214539,10.35563357329121,8.864422296658871,10.314210891723633,6911047
2003-01-21,10.542036779036197,11.287642497888458,9.692875221712884,10.065677642822266,6954990
2003-01-22,9.920696569971325,10.645590823653084,9.920696569971325,10.397055625915527,1637705
2003-01-23,10.562747537625704,10.562747537625704,9.98283259502712,10.044965744018555,673168
2003-01-24,9.692870943897532,10.065673200475763,9.692870943897532,9.899983406066895,852102
2003-01-27,10.086387603579544,10.935549044531662,10.086387603579544,10.479901313781738,3174689
2003-01-28,10.7491488166172,11.266929695157286,10.562746753578715,11.163372993469238,2481158
2003-01-29,11.391198958300544,12.343917209426857,11.391198958300544,12.033247947692871,5032156
2003-01-30,12.012536279909769,12.426761366584778,11.598311193234762,11.805423736572266,1544540
2003-01-31,12.88240991448241,12.88240991448241,11.266930510975246,11.51546573638916,898966
2003-02-03,11.391198463869026,13.048099660143865,11.391198463869026,12.69600772857666,1939068
2003-02-04,13.04810005637446,13.04810005637446,12.074670475381673,12.240361213684082,1432663
2003-02-05,12.820278955204806,13.110236933642714,12.012539060263562,12.053961753845215,666406
2003-02-06,12.21964867441896,12.261071357908646,11.991824791859123,12.157515525817871,358057
2003-02-07,12.261072247753402,12.302494934249331,11.805424449565187,11.867558479309082,398496
2003-02-10,11.867559229382564,12.75814353879924,11.867559229382564,12.364629745483398,1914199
2003-02-11,12.385338551391406,12.530317933573665,12.219647828897397,12.44747257232666,583152
2003-02-12,12.69600894079811,12.69600894079811,12.053959917970554,12.198939323425293,408529
2003-02-13,12.198939323425293,12.198939323425293,12.198939323425293,12.198939323425293,0
2003-02-14,12.426761109160454,12.426761109160454,11.619022294540102,11.722579002380371,413963
2003-02-17,11.888268227927195,12.033247621906865,11.598311193234762,11.805423736572266,1024626
2003-02-18,12.0125349306232,12.0125349306232,11.701865712195584,11.971112251281738,582608
2003-02-19,11.950403130551937,12.05395896390396,11.743289710580978,11.805423736572266,500356
2003-02-20,11.991823545386755,12.012534884978788,11.57759850681278,11.68115520477295,466088
2003-02-21,11.598311111504293,11.99182485340921,11.598311111504293,11.764001846313477,365631
2003-02-24,11.991826162802566,11.991826162802566,11.598312377929688,11.598312377929688,383113
2003-02-25,11.660443700138728,11.701865502103159,11.474042523082103,11.639732360839844,295132
2003-02-26,11.681157754380207,11.681157754380207,11.391199813436932,11.598312377929688,203438
2003-02-27,11.619022445575562,11.639733787412842,11.45333171087732,11.51546573638916,384680
2003-02-28,11.846846274848572,13.130946051359874,11.246219949776277,11.329065322875977,3278435
2003-03-03,11.577599092277808,11.577599092277808,11.184085373396359,11.204795837402344,851215
2003-03-04,11.184085373396359,11.32906388123863,11.059817329560072,11.204795837402344,232983
2003-03-05,11.18408489227295,11.494753235232363,11.101239533279314,11.18408489227295,1318072
2003-03-06,11.18408489227295,11.266929374633225,11.14266221277613,11.18408489227295,199578
2003-03-07,11.142662299526483,11.30835214217036,11.01839426006855,11.225506782531738,676559
2003-03-10,10.811282118520895,11.287641199959868,10.811282118520895,11.204795837402344,297819
2003-03-11,11.349775221878012,11.349775221878012,11.03910598892069,11.204795837402344,260280
2003-03-12,11.32906388123863,11.45333104844152,11.101240010838834,11.204795837402344,697514
2003-03-13,11.184086964274675,11.225508774812077,11.08052936971384,11.121952056884766,201400
2003-03-14,11.121952056884766,11.121952056884766,11.121952056884766,11.121952056884766,0
2003-03-17,10.976971494788861,11.225506695136406,10.976971494788861,11.18408489227295,728331
2003-03-18,11.18408489227295,11.18408489227295,11.18408489227295,11.18408489227295,0
2003-03-19,11.184084979345794,11.329063482080015,11.163372762802773,11.225506782531738,865624
2003-03-20,11.142662323658845,12.074669115078377,11.142662323658845,12.012535095214844,502606
2003-03-21,11.908978944596996,12.178224603335064,11.805422247672091,11.929689407348633,710562
2003-03-24,11.639734670439228,11.639734670439228,11.39119942617066,11.474044799804688,112635
2003-03-25,11.391197327117826,11.8054223656918,11.225506610381554,11.68115520477295,300391
2003-03-26,11.846844310285741,12.240359767252622,11.619021325308482,12.11609172821045,781574
2003-03-27,11.867556325050593,12.509605219289043,11.867556325050593,12.323204040527344,634562
2003-03-28,11.929690929100413,12.406050919086132,11.929690929100413,12.343916893005371,369703
2003-03-31,12.178224725081707,12.178224725081707,11.225506610381554,11.68115520477295,476163
2003-04-01,11.784715122198133,12.178228957956513,11.598313877714356,12.053961753845215,212776
2003-04-02,12.323207262804479,13.772997022913035,12.012537965878817,13.420904159545898,1450189
2003-04-03,13.628015563870877,13.66943737083037,12.67529734776706,12.840987205505371,2131291
2003-04-04,12.799565231350629,13.524459604505257,12.716720736206396,13.338057518005371,2104271
2003-04-07,13.503747147849706,13.669437001106523,12.799564175716455,13.545169830322266,757091
2003-04-08,13.565883417601073,13.565883417601073,13.006679741536935,13.379481315612793,353053
2003-04-09,13.358768505927776,14.270064004928916,13.151655972212371,13.897261619567871,700197
2003-04-10,13.876551075847495,14.18721945595418,13.66943765359842,14.000818252563477,779866
2003-04-11,13.462323250613087,14.187217498572252,13.358767430409403,13.85583782196045,363680
2003-04-15,13.98010959531895,13.98010959531895,12.923834511751851,13.420904159545898,525472
2003-04-16,13.2966356467685,13.772994747597057,13.2966356467685,13.586592674255371,607029
2003-04-17,13.58659128681752,14.849979481695886,13.358767430409403,13.85583782196045,1303179
2003-04-18,13.85583782196045,13.85583782196045,13.85583782196045,13.85583782196045,0
2003-04-21,14.0836632999902,14.27006449912612,13.607304192957601,14.021530151367188,723061
2003-04-22,14.207928600528565,14.415041101329575,13.876548073266983,13.959392547607422,836455
2003-04-23,14.083662079688697,15.077802891119271,13.71085883708555,13.835126876831055,3097965
2003-04-24,13.669436989646947,13.91797308427395,12.675296994306045,13.400191307067871,1246907
2003-04-25,13.462325825737494,13.462325825737494,12.882410842421846,12.985966682434082,256206
2003-04-28,13.06881071300291,13.462324442558375,12.840986836423417,13.255212783813477,416329
2003-04-29,13.420901760156026,13.420901760156026,13.151656077807607,13.255212783813477,316983
2003-04-30,13.400191957941551,14.290776167078716,13.400191957941551,14.000818252563477,2067019
2003-05-01,14.000818252563477,14.000818252563477,14.000818252563477,14.000818252563477,0
2003-05-02,13.917974231731794,14.58073457547769,13.917974231731794,14.125086784362793,1596560
2003-05-05,14.104371678951422,14.27006238846156,13.876548706641614,13.98010540008545,739564
2003-05-06,13.835128075597824,14.125085983494502,13.835128075597824,14.021530151367188,2269094
2003-05-07,14.083664181971164,14.083664181971164,13.731573103401983,13.876551628112793,207811
2003-05-08,13.731572318220952,13.980107543966275,13.690149634491156,13.917973518371582,135359
2003-05-09,12.488896106368317,13.835128058825465,12.488896106368317,13.628015518188477,263365
2003-05-12,13.379482472049245,13.669440445792883,13.29663883949445,13.565884590148926,189379
2003-05-13,13.46232487397728,14.12508606038711,13.234500990096855,13.917973518371582,1376952
2003-05-14,13.876550545794593,14.497889035541164,13.876550545794593,14.373620986938477,1577107
2003-05-15,14.497890899399355,14.497890899399355,14.083664894104004,14.083664894104004,214637
2003-05-16,14.352909873857802,14.539311949727466,13.710860032462515,14.166508674621582,490441
2003-05-19,14.352910035849376,14.373621377846428,14.08366346652117,14.104373931884766,358663
2003-05-20,14.456464919494108,14.477175382241272,14.12508436603932,14.394330024719238,451265
2003-05-21,14.477176021448797,14.705000764693482,14.311486175722408,14.415042877197266,778008
2003-05-22,14.684290721220911,14.705002063344976,14.29077609749715,14.497889518737793,451116
2003-05-23,14.53931220298592,14.58073401060059,14.394331931484011,14.497889518737793,1921628
2003-05-26,14.497887759070679,15.906252716133896,14.497887759070679,15.47131633758545,1128008
2003-05-27,15.657719739719553,16.48616988879389,15.098515275450978,15.160649299621582,2012413
2003-05-28,15.637007220499493,15.740563919650274,15.284916196653562,15.512739181518555,396956
2003-05-29,15.740566094815655,16.69328435212411,15.740566094815655,16.23763656616211,2077934
2003-05-30,16.5275907854258,16.5275907854258,15.409183731022551,15.781984329223633,673292
2003-06-02,16.05123526994022,16.444749047144438,15.45060980891292,16.19621467590332,657306
2003-06-03,16.527597206898374,17.314624893921813,16.527597206898374,17.169647216796875,2109120
2003-06-04,17.397468258183242,17.521736326915622,17.190356563563086,17.31462287902832,1133904
2003-06-05,17.39746554505609,17.39746554505609,17.024663150264463,17.356042861938477,874320
2003-06-06,17.086797787495474,17.35604348414542,16.71399537933904,16.94182014465332,776062
2003-06-09,17.35604316928468,17.397465853135817,16.983240767891353,17.1489315032959,307326
2003-06-10,16.9832391014144,17.169641160453853,16.32047973136315,16.444746017456055,342670
2003-06-11,16.589727485905986,17.190354665183037,16.527593458401434,17.0246639251709,579878
2003-06-12,16.98323920140711,17.27319620835338,16.527591474339122,16.589725494384766,684448
2003-06-13,16.87968776304342,18.22592177714508,16.87968776304342,17.438892364501953,1599667
2003-06-16,17.397466094153906,17.397466094153906,16.98324100317092,17.0867977142334,428523
2003-06-17,17.501026201025457,17.60458293218155,17.169646414593227,17.211069107055664,680902
2003-06-18,17.35604453771782,17.35604453771782,16.838262702021133,17.12822151184082,977170
2003-06-19,17.16964438441249,17.16964438441249,16.403326417735972,16.63115119934082,1087056
2003-06-20,16.631153665866503,16.776133093843857,16.07194905407831,16.216928482055664,303356
2003-06-23,16.40332299515558,16.465458766804684,15.20207056622905,15.284915924072266,849404
2003-06-24,15.657718862916521,15.740564223838142,15.264205151805589,15.34704875946045,414875
2003-06-25,15.32634122879555,15.906255326519062,15.119227798703585,15.637009620666504,673237
2003-06-26,15.71985412444605,16.05123384102305,15.71985412444605,15.823409080505371,771693
2003-06-27,16.030522982262333,16.279059092135277,14.912113994367997,15.947677612304688,831664
2003-06-30,16.07194227183299,16.29976699108557,15.947674243149768,16.175498962402344,719874
2003-07-01,16.36190367230838,16.36190367230838,15.947678551395152,16.19621467590332,225323
2003-07-02,16.154788640749175,16.299768016668384,15.740563605675268,16.071943283081055,376767
2003-07-03,16.237637363321348,16.320482738157406,16.09265795735825,16.19621467590332,398807
2003-07-04,16.15479143633853,16.15479143633853,15.471318870568197,15.88554573059082,417736
2003-07-07,15.533450411576588,15.844120506833482,15.222782069586406,15.326338768005371,1477651
2003-07-08,15.42989498442734,15.533451691378346,14.912113202939167,15.160649299621582,1636351
2003-07-09,15.53345160117424,15.53345160117424,14.953535798883085,15.015669822692871,572888
2003-07-10,15.243493648766494,15.740564055720473,14.932823548628544,15.305625915527344,556453
2003-07-11,15.139936657088228,15.657718394077657,15.139936657088228,15.47131633758545,293740
2003-07-14,15.699141107853931,15.844120485444767,15.492027711295595,15.719852447509766,705263
2003-07-15,15.94767687585283,16.27905834038047,15.492029115394194,15.595585823059082,3713376
2003-07-16,15.7405637871656,15.864830071833891,15.492027711295595,15.719852447509766,1689803
2003-07-17,15.657719286060484,17.459598921733786,15.657719286060484,16.4654598236084,7074847
2003-07-18,16.569015912187936,17.4388887785789,16.258347532267425,17.0867977142334,6907177
2003-07-21,17.728849774802924,18.163786262099112,17.128222529196893,17.31462287902832,8180412
2003-07-22,18.22591321823312,18.64013819987179,17.086793203776935,18.267335891723633,7010302
2003-07-23,18.557298768442376,18.930101195429597,17.211066710658685,17.62529182434082,11611439
2003-07-24,17.811691391894446,19.79997305859273,17.5010212856811,19.53072738647461,8781432
2003-07-25,19.67570468607668,19.67570468607668,18.702275209469594,19.4478816986084,3947678
2003-07-28,20.7112676367741,20.7112676367741,19.365035827728125,19.717126846313477,4608027
2003-07-29,19.84139415612791,19.84139415612791,19.075076375218675,19.261478424072266,1548993
2003-07-30,19.675704487940646,19.675704487940646,19.075077385317954,19.157922744750977,1822265
2003-07-31,19.344324004909794,21.829675918967443,19.13721061487722,20.980514526367188,13612714
2003-08-01,21.06336241397913,22.161060097920295,20.60771461648286,21.933237075805664,6609473
2003-08-04,21.498302124977215,22.098927613725902,21.33261136765778,21.705413818359375,3474614
2003-08-05,21.788255277280925,23.48657997447271,21.788255277280925,22.4924373626709,7784465
2003-08-06,22.36817271896417,22.36817271896417,21.291186417293517,21.47758674621582,5452187
2003-08-07,21.871100854406812,22.03678983026786,20.752691939327264,21.20833969116211,4179523
2003-08-08,21.415452444511796,21.726120798813437,20.52486655608243,21.042648315429688,5352041
2003-08-11,20.297044735938318,21.871101445385257,20.297044735938318,21.51900863647461,4468937
2003-08-12,21.37403337496127,22.05750422056073,20.980519592151417,21.394742965698242,2831828
2003-08-13,21.47758673540568,21.933236269416728,20.752693256012908,20.897672653198242,5381233
2003-08-14,21.14620405687568,22.782394622572237,20.8148243771304,22.078210830688477,4916860
2003-08-15,22.078210830688477,22.078210830688477,22.078210830688477,22.078210830688477,0
2003-08-18,22.55457429109337,23.983649875825346,22.368172213119507,23.61084747314453,5727507
2003-08-19,23.859383787234712,26.386158766798683,23.652270365439747,25.557706832885742,9215193
2003-08-20,25.68197365294252,26.303312135229344,24.025071617933275,25.08134651184082,4831945
2003-08-21,25.143484977447393,25.82695580311148,23.258757987853592,25.536998748779297,5249402
2003-08-22,25.723397042817897,26.46900359272287,25.723397042817897,26.324024200439453,4268130
2003-08-25,26.510426329602634,26.655403968911028,24.1286290360762,25.681974411010742,7119008
2003-08-26,26.51042636101018,26.613981316848317,25.26774935828356,26.469003677368164,3100788
2003-08-27,26.51042709152025,27.52527760891369,26.34473635238649,27.359588623046875,3671213
2003-08-28,27.587412348346195,28.37444162628428,27.338877986495792,28.250173568725586,3058915
2003-08-29,28.540131243912324,28.995780798312126,27.3803012743321,28.705821990966797,2732722
2003-09-01,28.995779670878523,29.285736713682518,28.001638733740606,28.374441146850586,1117270
2003-09-02,28.58155281756919,28.76795490074605,27.338877522857636,27.587411880493164,1908356
2003-09-03,28.188038887561827,28.850800092602263,26.510427162414054,26.717538833618164,5526967
2003-09-04,26.38615887295399,26.924652018520415,26.34473618842835,26.779672622680664,1335971
2003-09-05,26.92465560653179,27.111057711737345,26.676119466257713,26.84181022644043,1311166
2003-09-08,27.090344452916323,27.235323867217087,26.054782467712336,26.116914749145508,1509065
2003-09-09,26.427580114093153,27.028207253643785,25.992641950328778,26.365446090698242,2273091
2003-09-10,26.63469385102802,26.924650877148924,25.806241948901263,26.448291778564453,1806301
2003-09-11,26.51042924551022,27.02821109410639,26.116913708094145,26.220470428466797,1447300
2003-09-12,26.510425663253844,26.63469371090914,25.060637033742594,25.51628303527832,2059440
2003-09-15,25.267747772290907,26.55184737805985,24.812100034095508,25.76481819152832,2173323
2003-09-16,25.64054702063998,26.13761737924226,24.894942359369836,25.930505752563477,1761075
2003-09-17,27.380301029739236,28.871512480107164,25.889089579371312,26.179046630859375,2104100
2003-09-18,26.427581715810945,27.463145328622357,25.868377224631427,27.069631576538086,2029800
2003-09-19,27.46314605832553,28.167329964923745,26.531137379417984,26.883230209350586,2171273
2003-09-22,26.924655446982605,26.924655446982605,26.096203404245397,26.116914749145508,588500
2003-09-23,24.087205199285957,26.46900237878164,24.087205199285957,26.13762092590332,636175
2003-09-24,26.510427933075366,28.043062058914202,26.510427933075366,27.753103256225586,2882397
2003-09-25,27.753099113492446,27.96021251306829,26.96606994837098,27.67025375366211,1722305
2003-09-26,32.18530812834811,33.09660352454725,28.995774241651127,31.3154354095459,12749939
2003-09-29,31.72966838243862,33.92506370031658,31.5225549549909,31.833223342895508,5710671
2003-09-30,32.10246532099404,33.096606150875495,31.56397397863613,32.91020584106445,5873579
2003-10-01,32.723811201327464,33.7593748913256,31.8125155749132,31.97820281982422,5555483
2003-10-02,31.97820281982422,31.97820281982422,31.97820281982422,31.97820281982422,0
2003-10-03,32.351005323678756,32.55811875218557,30.466278384067618,31.04619598388672,5225724
2003-10-06,31.066896438598633,31.439700500292066,30.756228140453903,31.066896438598633,3099800
2003-10-07,31.4811321143769,32.08175929774871,30.96335030157596,31.543264389038086,5915709
2003-10-08,31.688240509269253,32.10246378981829,31.129036099974694,31.56397247314453,4503373
2003-10-09,31.06689939304726,31.481126167654974,30.321294705286643,31.17045783996582,4495686
2003-10-10,31.377572138476726,31.72966669973234,31.066903767047666,31.481130599975586,3678308
2003-10-13,31.853922701082194,33.821494370062275,31.853922701082194,32.66166305541992,4030285
2003-10-14,32.827362376403464,32.93092083736355,29.037200900966656,29.969207763671875,5011896
2003-10-15,29.989921316749765,32.72381174821618,29.741388691962623,32.28887176513672,8359861
2003-10-16,32.35100114354062,32.41313341079745,31.27401496099867,32.04033279418945,2100432
2003-10-17,32.0610391912105,33.11731568175132,31.895348486299536,32.35099792480469,4389059
2003-10-20,32.723804722576475,32.723804722576475,30.67338733919118,31.02547836303711,3483311
2003-10-21,31.791800658069786,31.791800658069786,29.120046210273255,30.17632293701172,3850414
2003-10-22,30.445567736795713,30.859794579418992,28.995779047415,29.285736083984375,3846661
2003-10-23,29.824224657894014,31.89535166245889,29.617114762664333,31.398283004760742,8421981
2003-10-24,31.522550341445985,32.43384578230758,31.522550341445985,32.01961898803711,4470499
2003-10-27,32.5166948359849,33.759371853466384,31.48113123917263,31.646821975708008,5987850
2003-10-28,31.646816413398337,36.84534307255592,31.4811257059851,34.35999298095703,18031781
2003-10-29,34.380708880501594,36.16187729925806,33.82150439354465,35.74765396118164,6740889
2003-10-30,35.91334857206525,37.86020793862294,35.66481243849595,37.197444915771484,8980474
2003-10-31,37.23887042638415,38.64723845012492,35.70623783297713,37.44598388671875,7406158
2003-11-03,37.61166774886016,37.777358486704266,35.540540538876506,35.74765396118164,3608982
2003-11-04,36.16186912909496,37.19743250011875,35.51981941827624,35.87191390991211,4320466
2003-11-05,36.16187521825815,36.32756594656729,34.38070690200221,34.815643310546875,3118456
2003-11-06,34.96062532150357,36.32757049465727,34.62924732993154,35.12631607055664,5921558
2003-11-07,35.45769436567759,35.99618925145642,35.00204484694166,35.2920036315918,1950517
2003-11-10,41.42254917473567,41.42254917473567,34.60853897814395,34.877784729003906,1795329
2003-11-11,35.41626993204286,37.01103790901167,35.41626993204286,36.2240104675293,5737094
2003-11-12,36.20329760356551,36.55538864506941,34.401416207774695,35.2298698425293,6705008
2003-11-13,35.0020392123835,35.76835698090311,34.17358918185054,34.35999298095703,3884848
2003-11-14,34.3807090999607,35.47840498538395,33.96648225270633,34.89849090576172,5440752
2003-11-17,35.4162797372584,35.4162797372584,34.58782938493991,34.877784729003906,2297927
2003-11-18,35.002045850646255,35.002045850646255,33.98719533506999,34.31857681274414,2020129
2003-11-19,35.62337983595631,35.747647868158474,34.090744278662875,34.23572540283203,4265186
2003-11-20,34.19431171802294,34.587825503551386,33.8629302116688,34.00790786743164,2389852
2003-11-21,34.21501528518959,34.38070600919603,33.24158754145207,33.78007888793945,1971539
2003-11-24,33.94577625428886,34.13217660200323,33.24159404600411,33.593685150146484,1046214
2003-11-25,34.3807100472276,35.188450668361774,33.490124054359974,34.07004165649414,1781684
2003-11-26,34.07004165649414,34.07004165649414,34.07004165649414,34.07004165649414,0
2003-11-27,33.655810441953534,34.33928291702971,32.30957858532076,33.759368896484375,4518818
2003-11-28,34.277156241460816,35.4162748813995,34.173597770035606,35.12631607055664,3428124
2003-12-01,35.395567880935516,35.58197175899295,34.2357394508666,34.33929443359375,1266013
2003-12-02,35.10560537701817,35.478406044138424,33.759373343067736,33.92506408691406,966454
2003-12-03,33.96648696499676,34.29786848877398,33.5522635668096,33.635108947753906,1208718
2003-12-04,33.84221595587231,35.126312102922434,33.365856859418145,34.1114616394043,2897785
2003-12-05,34.7949305723781,35.416267240746755,33.552253729107456,34.98133087158203,3491253
2003-12-08,34.919205191599225,38.0051868523837,34.64995945793643,37.52882766723633,9561689
2003-12-09,37.28028047019502,39.30998467977778,37.28028047019502,38.39868927001953,10690372
2003-12-10,38.108733021499795,38.44011446732392,35.726937645972754,36.058319091796875,3373853
2003-12-11,36.61752691927322,37.238863681197934,35.871922103656786,36.18259048461914,2473611
2003-12-12,36.16187499031675,37.694510710981874,35.374847542342906,36.94890594482422,7156429
2003-12-15,37.65308450436259,38.52295723453774,36.803921359890026,37.11458969116211,5106817
2003-12-16,37.13531104451924,38.10873893282276,36.36899308544859,37.28028869628906,6986003
2003-12-17,37.65308702270474,38.10873300396977,37.07316949277928,37.3424186706543,6507036
2003-12-18,37.46668442729812,39.16501088518096,37.40455215747654,38.543670654296875,9892600
2003-12-19,39.10287457622505,39.35141066519349,37.77735578146054,38.0880241394043,4677982
2003-12-22,38.377981221805356,40.428395099273224,37.943041331974676,39.74492263793945,10739603
2003-12-23,40.17986534937676,41.69178813575297,40.17986534937676,40.552669525146484,13302705
2003-12-24,41.153295103315266,45.274836438391695,40.59409061491924,44.508522033691406,24542459
2003-12-25,44.508522033691406,44.508522033691406,44.508522033691406,44.508522033691406,0
2003-12-26,45.97902679831445,46.39325017999963,43.162290971490904,44.11500930786133,12829672
2003-12-29,44.322119400557206,45.44052840764697,43.74220530743442,43.99073791503906,5487367
2003-12-30,44.446392525064795,44.79848364030358,43.49367415211242,43.88718795776367,6743242
2003-12-31,44.28069622782749,45.02630456204243,43.493668714912324,43.535091400146484,4225532
2004-01-01,44.177138147980074,46.35182020285099,43.90789246624057,45.99972915649414,6902785
2004-01-02,46.600360162093494,46.97316433379474,44.96416933498341,45.41981887817383,6018197
2004-01-05,45.95831062391367,45.95831062391367,43.61793762848805,44.42567825317383,4292215
2004-01-06,45.31626317311025,47.635926703150034,45.10915323829549,46.82818603515625,13046248
2004-01-07,47.80162070539303,48.29868949188298,45.27484356225463,46.227561950683594,6109170
2004-01-08,46.57964555767291,51.36394982685031,46.57964555767291,50.39052200317383,8906906
2004-01-09,52.192398749768756,54.035702901463225,49.29282143106313,49.914161682128906,8119903
2004-01-12,50.038430756181114,50.61834482917439,48.44366267228232,49.52064895629883,5561308
2004-01-13,49.499939046207786,50.328389278023124,47.82232548585134,49.35496139526367,4322506
2004-01-14,50.28697076916156,57.991562586424045,49.852030797453,50.53550338745117,8214127
2004-01-15,52.606627594045506,52.606627594045506,46.848895420021066,49.417091369628906,10838800
2004-01-16,49.70705648524786,50.82546561558571,46.807478687034106,47.345970153808594,8597232
2004-01-19,45.97902338073598,47.96730528333354,44.98488242943721,46.579647064208984,8759410
2004-01-20,49.29281171311819,51.778165214332994,48.15369340387237,48.98214340209961,20325159
2004-01-21,49.6449165562295,52.17169343795453,49.35496125516434,51.073997497558594,15758603
2004-01-22,51.571061145796456,53.849301682002825,49.541356705874506,50.597633361816406,9660810
2004-01-23,51.15683824825302,52.606625142167644,50.121274678370966,52.337379455566406,4462987
2004-01-26,52.337379455566406,52.337379455566406,52.337379455566406,52.337379455566406,0
2004-01-27,53.14512620515676,62.67231285783381,53.14512620515676,60.932559967041016,22266008
2004-01-28,60.4354887649575,60.89113478012004,56.35536668445397,57.82586669921875,10913907
2004-01-29,58.364359524221946,58.364359524221946,55.29909136757388,57.45306396484375,7061493
2004-01-30,57.37021979916887,58.675032644931164,55.340515213746805,55.77545166015625,4826027
2004-02-02,55.77545166015625,55.77545166015625,55.77545166015625,55.77545166015625,0
2004-02-03,56.21039398386072,56.91457616364571,52.668762974885205,53.124412536621094,7646293
2004-02-04,53.227964240945255,55.69260506336705,52.46164637417872,54.159969329833984,7009559
2004-02-05,54.65704568463912,55.0505594419443,52.60662802093254,53.16583251953125,5291991
2004-02-06,54.014988778068506,58.405775317625306,53.4350712590955,57.90870666503906,12294673
2004-02-09,58.40578059589992,58.612894014250486,55.54762594226347,57.53590774536133,8330489
2004-02-10,57.950129731009554,59.85556600726155,56.5417621106551,57.204524993896484,10562781
2004-02-11,58.15725103969931,59.39992810821098,57.37022000883707,58.654319763183594,6843175
2004-02-12,59.23422570214376,61.429617099534774,58.94426345185697,61.0775260925293,13099773
2004-02-13,61.20179635661491,63.790704891269236,60.68401464968405,63.43861389160156,17150217
2004-02-16,63.376509187322114,66.37964596213209,63.376509187322114,65.65474700927734,11508691
2004-02-17,65.44761223415722,66.27605884960025,62.817277223437664,65.71685791015625,7402738
2004-02-18,66.44175447149632,66.44175447149632,64.20493652275141,64.90911865234375,4456532
2004-02-19,65.01267967483659,66.27606276664918,64.45347168927508,65.15765380859375,7620503
2004-02-20,65.65473663809783,65.65473663809783,62.34093541816178,63.37649917602539,7427162
2004-02-23,63.99781942308147,65.03338291225495,61.65744677911741,62.19593811035156,5088722
2004-02-24,63.2936439816973,63.2936439816973,57.18381735496829,61.574607849121094,8704631
2004-02-25,61.80242655903478,62.133800977340854,60.684017734684765,61.13966369628906,4407966
2004-02-26,62.11309146523789,62.11309146523789,58.447196649169676,59.00640106201172,4715745
2004-02-27,59.027125512213345,60.47691613474626,58.05369757106965,58.9857063293457,5648950
2004-03-01,59.56560692093196,69.46558828068416,59.52418073686054,67.49801635742188,24146721
2004-03-02,67.49801635742188,67.49801635742188,67.49801635742188,67.49801635742188,0
2004-03-03,67.9329523013022,68.30575990339037,62.6930064173575,63.769989013671875,13342265
2004-03-04,64.12209111987966,66.27606369852927,62.96226296817651,63.749290466308594,8350312
2004-03-05,63.397202796158886,64.86770291328435,61.926702679033426,63.72858428955078,8767234
2004-03-08,64.2049286937824,64.61915548805287,62.962255324037876,64.03923797607422,8489775
2004-03-09,63.583601545781306,64.61916518024768,63.065819728548114,63.81142807006836,7372605
2004-03-10,63.79070644865649,66.00680743953936,63.397189256032476,64.92982482910156,11729600
2004-03-11,63.99782742720354,64.20493734571443,60.89113657113343,61.90599060058594,8558446
2004-03-12,61.719587376248526,63.7907145164788,61.118960225059055,62.38234329223633,12170320
2004-03-15,62.96227342446787,64.30850913959677,61.761018882279615,62.568756103515625,9719608
2004-03-16,62.13380721083875,62.92083468277346,58.571470492327016,59.93841552734375,9689131
2004-03-17,60.89113277835007,62.23736820402001,59.56561395369508,60.18695068359375,5364013
2004-03-18,60.6840262186661,60.6840262186661,57.99155872540572,58.73716354370117,5056456
2004-03-19,59.44133747237338,59.58631860212262,55.506196993980716,56.14824676513672,6863001
2004-03-22,57.10097286780014,57.10097286780014,53.165831838613485,55.29909133911133,6694337
2004-03-23,55.50620162303542,57.991555556940654,54.88486489282596,57.183815002441406,4724877
2004-03-24,57.991556142164654,58.79929670481525,56.76959225737215,57.494483947753906,4493338
2004-03-25,57.99155146219407,61.05681922742261,57.80514765106613,60.166236877441406,6946282
2004-03-26,60.70474163553436,61.761014937312815,60.06268820758151,60.82900619506836,5890906
2004-03-29,62.1338017679393,62.548028562426055,59.73129337298303,60.45619201660156,3883091
2004-03-30,60.89112289924459,63.74927700351938,60.14551473649482,63.25220489501953,8359342
2004-03-31,63.79071463446993,64.8262782065005,61.71958749040878,64.53631591796875,5976118
2004-04-01,64.90911661372516,70.16977984454026,64.20493450624926,67.24949645996094,13806179
2004-04-02,67.8915341666362,72.03378793210564,67.58086232899936,71.37102508544922,12070440
2004-04-05,72.07521889941066,73.42144725468293,67.74655753627252,68.38861083984375,10532353
2004-04-06,68.78214063626173,71.78527707345211,68.20222995485668,68.84427642822266,8700077
2004-04-07,69.56913772154522,70.54257232000452,68.63713631694841,68.98922729492188,5189193
2004-04-08,70.41832397983123,71.24677773791619,66.85598684620248,69.27920532226562,6978355
2004-04-09,69.27920532226562,69.27920532226562,69.27920532226562,69.27920532226562,0
2004-04-12,70.41831113058315,71.82668226234173,69.61057412363952,69.94195556640625,4442558
2004-04-13,70.19049115256128,73.25575545036229,70.19049115256128,72.2201919555664,7529758
2004-04-14,72.2201919555664,72.2201919555664,72.2201919555664,72.2201919555664,0
2004-04-15,72.34444764585159,74.06347621841562,68.84424071486504,69.6519775390625,8578103
2004-04-16,70.16977387079729,70.81182715864853,69.38274646396908,70.0455093383789,4237626
2004-04-19,72.07523760582288,72.26163796392609,69.50703775112136,70.356201171875,4814747
2004-04-20,70.41832195276824,71.24677568700531,68.82355728069697,69.34133911132812,5277361
2004-04-21,69.58985294269414,70.6046996757546,68.26432739246684,68.65784454345703,4792471
2004-04-22,69.27918995814481,71.35031688097287,68.98923471365292,69.56914520263672,5625920
2004-04-23,70.83253602154986,78.28859023021822,70.35618047023465,73.29718017578125,33288215
2004-04-27,75.8032412329451,76.21746099974958,68.36788982019219,68.94780731201172,13382462
2004-04-28,68.98925222094773,71.24678001762894,68.76142567691743,69.36205291748047,9971601
2004-04-29,69.75554579243695,71.45386493655757,69.13420216503084,70.72897338867188,7961258
2004-04-30,71.2053604135379,72.26164083994428,69.61059549689968,70.33548736572266,7247699
2004-05-03,74.02207789396563,74.02207789396563,67.35305053527006,69.38275146484375,5287395
2004-05-04,70.41832542014943,71.55744410101427,68.84427026066099,69.32063293457031,6660389
2004-05-05,70.21120922964244,72.15806490796558,70.12836385951798,71.68170928955078,7821027
2004-05-06,72.44803033188349,73.25576746560334,72.17878462064353,72.24091339111328,4646244
2004-05-07,72.05450720559989,72.05450720559989,68.69928036288793,69.42417907714844,9256943
2004-05-10,70.83254448059783,70.83254448059783,64.61916289366346,65.44761657714844,9365789
2004-05-11,63.376494224674786,63.58360415483934,59.13068455175577,62.485904693603516,11139931
2004-05-12,62.589465046414055,64.61916615375077,61.036119571312966,63.56289291381836,6447748
2004-05-13,66.85599841906391,69.65201806372582,58.219396301561254,66.25537109375,15199067
2004-05-14,66.79384518850317,67.49802731442891,55.71331747346965,58.57147216796875,12593822
2004-05-17,58.82000694611961,61.26393474284198,47.22169418628551,55.941139221191406,9098922
2004-05-18,57.20453763565332,62.13381662989239,56.41750653787643,60.58047103881836,9663671
2004-05-19,62.13381129533734,65.59259328679313,61.678165258068056,64.1220932006836,12185788
2004-05-20,65.75828008656485,67.06308935122568,61.51247082605249,62.237369537353516,6179704
2004-05-21,62.87942511520199,62.87942511520199,59.73130773331346,61.28466033935547,5390243
2004-05-24,62.13380055547941,64.20492747443095,61.636735424861754,63.977108001708984,3768628
2004-05-25,64.20494424314828,64.20494424314828,61.51247994792064,62.32021713256836,4148486
2004-05-26,64.20493340887272,65.53045924788235,62.548033123178065,64.34991455078125,8980079
2004-05-27,64.61915679130921,64.61915679130921,63.003675767606374,63.645729064941406,5455512
2004-05-28,63.83214429776658,63.997835057557445,60.476916931604634,61.326080322265625,5502273
2004-05-31,60.145525202142,60.435487489088366,56.6039015922179,57.34950637817383,6768329
2004-06-01,58.07440157593857,59.85556992826308,57.01812491484509,57.34950637817383,6944332
2004-06-02,58.40578190524502,59.33779055544951,57.49448635060683,58.44720458984375,6205078
2004-06-03,59.60703131701247,59.979831941001784,55.58904526973338,56.97669982910156,7091229
2004-06-04,55.71331334255094,56.6867445972727,52.81373617878153,54.967708587646484,8838313
2004-06-07,56.27251595771009,58.820002001883985,55.15410710841097,58.19866180419922,7715288
2004-06-08,59.39993159357719,61.30536824071647,58.71645899046546,60.66331481933594,11893995
2004-06-09,61.22251805120509,62.27879125913265,59.855572952443396,61.90599060058594,8665503
2004-06-10,61.18109624620291,62.54804144297137,60.12482296254304,62.071685791015625,8821645
2004-06-11,62.009547462889635,62.07168324557694,58.48862964867438,58.820011138916016,6752759
2004-06-14,57.95013962576067,58.32294030470465,54.82273550280755,57.43235778808594,8684235
2004-06-15,57.7844465608196,58.69574213782086,56.56248259497106,56.914573669433594,5216821
2004-06-16,57.825866157175376,57.825866157175376,55.96185241713975,56.376075744628906,4167482
2004-06-17,56.500338965106245,56.707452364413356,55.50619815496557,56.04469299316406,4260574
2004-06-18,56.417496973458576,57.142392161042345,55.92042829198041,56.16896438598633,5759094
2004-06-21,56.50034210576388,56.50034210576388,53.76645560254314,54.159969329833984,4253822
2004-06-22,54.96771017189864,55.92042836021688,54.263524571355916,54.884864807128906,7357617
2004-06-23,55.38193253016403,55.38193253016403,53.165827827284204,53.99427795410156,4669337
2004-06-24,54.59491255797941,54.59491255797941,51.32253077791946,52.254539489746094,8650202
2004-06-25,52.793029414198436,55.50620659115397,51.92315651143318,55.361228942871094,7067313
2004-06-28,55.73403176725372,57.39093216030561,55.11269148995882,56.74888229370117,5562227
2004-06-29,57.121678977618004,57.37021154944637,55.71331137343448,57.03883361816406,4651859
2004-06-30,57.10097231709359,58.71645350190104,55.96185375607678,56.56248092651367,6096498
2004-07-01,57.16310505984179,57.970842102796134,56.086118829369006,57.743019104003906,4077466
2004-07-02,57.9915563340384,60.041970376432516,56.955992765456756,59.50347900390625,8907949
2004-07-05,59.93842112670251,61.51247621761784,59.48277507682031,61.16038513183594,6980479
2004-07-06,61.26392866856784,62.32020172889024,60.22836519458898,61.8852653503418,6265371
2004-07-07,62.13382033551658,62.755164219457605,59.855582804629364,60.26980972290039,6333567
2004-07-08,60.476908472315976,68.47146196823584,58.9028534875445,61.574607849121094,28856916
2004-07-09,62.1338128588057,66.15180296293684,59.23423880595912,65.46833038330078,14067592
2004-07-12,63.79071674666264,65.19908100707538,55.09198105096598,64.1842269897461,9356578
2004-07-13,63.79071445729344,65.17836907891486,62.258078691808834,62.941551208496094,5928644
2004-07-14,63.749301861724824,69.58988388139095,61.34679274688148,62.00955581665039,5423206
2004-07-15,60.89112935174429,62.73442984976229,60.72543863135312,62.21664810180664,4057997
2004-07-16,62.09239378789278,62.65159480145216,61.34678542341214,62.1545295715332,4528229
2004-07-19,62.75514485423884,64.51559994730665,61.346773766717796,62.858699798583984,5394186
2004-07-20,62.85870499496279,64.92983210534796,62.63087848811617,64.34991455078125,5844375
2004-07-21,65.15764983614035,66.37962068918102,64.2049316716638,65.28192138671875,8348197
2004-07-22,66.69027454531218,68.96851813735496,65.86182806798702,68.16077423095703,11893926
2004-07-23,68.5750187989933,70.72899142076793,59.23423657920059,63.08652877807617,30998045
2004-07-26,61.719581640118356,64.05995424949955,61.719581640118356,62.44447326660156,11969882
2004-07-27,62.54803769087531,62.75515462487939,60.68402736324595,61.512474060058594,7809206
2004-07-28,62.11310497246034,62.734441785609185,61.76101387790705,62.071685791015625,5264596
2004-07-29,62.54803695842393,62.54803695842393,60.062682870954276,61.90599060058594,7005100
2004-07-30,62.858710283202385,63.52146624539681,61.84385623059884,63.10724639892578,6339000
2004-08-02,63.00367708621905,63.376484722917326,61.595312940886224,62.69301223754883,3598959
2004-08-03,62.85871174256418,62.85871174256418,61.761012292568054,62.1545295715332,3323335
2004-08-04,62.38234329223633,63.728578738612995,61.92669728504456,62.38234329223633,4609196
2004-08-05,62.54802412669352,62.837979355737986,60.99467901732729,62.29948806762695,6304867
2004-08-06,62.962266641204884,62.962266641204884,61.30536617936993,61.7195930480957,4625607
2004-08-09,62.05096772064497,63.2522221371062,61.80243861171409,63.0244026184082,5060654
2004-08-10,63.37648367404054,65.61330140494239,63.210792952265066,65.24049377441406,12726102
2004-08-11,65.19907999900123,66.15179822156196,64.70200779251712,65.15765380859375,9181788
2004-08-12,65.19907953048624,66.6074437590032,65.0333887961822,65.69615173339844,7099342
2004-08-13,65.03338947757098,65.4476163176712,60.973980470724044,62.423770904541016,18911039
2004-08-16,62.23736994028328,63.64573416908568,61.553897414407395,62.258079528808594,8290438
2004-08-17,62.54804651111521,63.459345720491044,62.19595538803268,62.568756103515625,4435381
2004-08-18,62.548035831016854,62.548035831016854,57.432353610555495,58.57147216796875,17771813
2004-08-19,57.78444616422119,60.62189134305545,56.16896844938256,60.207664489746094,20226484
2004-08-20,59.64845659777507,60.39405783441702,58.15724360489061,59.08924865722656,9558993
2004-08-23,58.820007603658794,59.60703508914596,57.370217177522406,57.82586669921875,6439630
2004-08-24,57.95013156180615,58.61289095945235,55.77544604226658,56.127540588378906,14081266
2004-08-25,60.062680294263,60.062680294263,55.982561775320484,56.64532470703125,10774448
2004-08-26,57.16310922116235,58.88214539749413,56.334659023535956,56.603904724121094,19564881
2004-08-27,56.91457069757001,57.99155696079605,56.686747691849234,57.95013427734375,7627276
2004-08-30,58.19866244558884,58.19866244558884,56.168961630383606,56.35536193847656,8812657
2004-08-31,56.7488799637608,58.17795728306452,56.7074572803085,57.95013427734375,7225246
2004-09-01,57.9915561705468,58.1158242192103,56.479633504941404,56.76959228515625,4536571
2004-09-02,56.955993553203356,57.370216882444815,56.334656806074285,56.52105712890625,3806511
2004-09-03,56.54176692527824,56.74888034392721,55.50620333856715,55.67189407348633,5691555
2004-09-06,56.33465718202941,56.85243547040323,55.775449196734016,55.96185302734375,3757934
2004-09-07,56.18967408921813,56.45891977167702,55.17482012321109,55.464778900146484,4207495
2004-09-08,56.04469802103162,56.74888013531574,55.40264817884689,56.52105712890625,6373736
2004-09-09,56.9767053830676,57.05955075348161,54.20139599380009,55.02984619140625,7521872
2004-09-10,55.29908876884056,57.86728809356197,54.71917471522842,57.494483947753906,8525190
2004-09-13,57.763733543202676,58.73716490321593,56.5003468900229,57.92942428588867,6459041
2004-09-14,57.99155928349103,60.84971754310803,57.26666404730893,60.621891021728516,13271047
2004-09-15,60.684023882572006,61.92669736304847,58.467915595552576,59.379207611083984,9495903
2004-09-16,60.47691967550143,60.78759161747194,59.027128968087304,60.26980972290039,5190258
2004-09-17,60.476895951340346,62.13379596137898,60.31120524902986,61.80242156982422,8085007
2004-09-20,62.050972136549156,62.444489444319615,59.91771587711196,61.326080322265625,6408201
2004-09-21,61.305373955687124,62.3409377523242,61.0982569885183,62.03026580810547,4295011
2004-09-22,62.340929909386325,62.837995139305285,61.30536624303062,62.1545295715332,5354661
2004-09-23,61.88527183600221,62.050962570248785,60.89113444359031,61.26393508911133,4932323
2004-09-24,59.441339941501646,62.133803668419304,59.441339941501646,61.96811294555664,3297382
2004-09-27,61.55389690694388,61.80243300640136,59.44134356808906,60.083396911621094,4445128
2004-09-28,60.891134981175675,60.891134981175675,58.03298030978996,58.69573974609375,5465274
2004-09-29,58.82000657625419,58.82000657625419,57.88799796051243,58.21937942504883,5294548
2004-09-30,58.4886239284296,61.09824238925712,58.30222361166582,60.60117721557617,5794913
2004-10-01,60.47690344984485,60.82899448264369,58.73715787294069,59.234230041503906,3566364
2004-10-04,59.669173407637004,60.66331084785404,59.64846381812721,59.79343795776367,3248089
2004-10-05,60.06267344196021,61.92669046820497,59.85556355596266,61.6988639831543,4154048
2004-10-06,61.7195930480957,63.35578391976139,61.30536617936993,61.7195930480957,7069612
2004-10-07,62.548033251661835,65.1162325569511,62.361632933435054,64.0599594116211,12644738
2004-10-08,63.85284452637369,65.61330683773798,63.85284452637369,65.15765380859375,8167980
2004-10-11,64.20493792772831,66.0689552634947,63.99782800733998,64.95054626464844,5861602
2004-10-12,65.17836949631493,65.24049826145347,62.5894605568498,62.96226119995117,4537161
2004-10-14,63.169375689318684,63.70787411769696,60.93255764241824,61.40892028808594,2677812
2004-10-15,62.092382246530654,63.16936489308477,61.719581640118356,62.44447326660156,2777992
2004-10-18,62.58946362804186,63.707872625292524,60.93255621502765,61.20180892944336,2474922
2004-10-19,61.67815830314504,62.92083172396023,61.222512317255095,62.69301223754883,3431100
2004-10-20,62.96226074893569,63.376487578896395,61.55389654013676,61.94740676879883,2150786
2004-10-21,62.13379596137898,62.40304159936696,61.388194814048006,61.80242156982422,1020671
2004-10-22,61.80242156982422,61.80242156982422,61.80242156982422,61.80242156982422,0
2004-10-25,62.09238841849014,63.376488095297624,61.30536094168571,62.403053283691406,4943099
2004-10-26,62.94155267753457,64.3084977428132,62.61017120558004,64.14280700683594,6062087
2004-10-27,64.61915848514647,65.69614820020142,63.79071187124833,65.28192138671875,4138398
2004-10-28,65.9653909719343,67.89153680350674,63.480037213509526,66.3174819946289,12451476
2004-10-29,67.04240607755018,69.13423640786053,64.63988975351899,65.09554290771484,7239670
2004-11-01,65.4476119886022,65.86183880130316,63.64573061315341,65.5718765258789,3695448
2004-11-02,65.86184208975105,66.02752581003676,65.03338842298486,65.84112548828125,4819758
2004-11-03,65.86183238231202,66.46245944892362,65.26120531570041,66.19320678710938,4805395
2004-11-04,66.69028922614993,66.69028922614993,65.13694384952096,66.13108825683594,3407508
2004-11-05,66.27607088696989,66.27607088696989,64.2049434525937,64.57775115966797,3051241
2004-11-08,64.45345845797652,66.13107505720473,64.45345845797652,65.77898406982422,2970374
2004-11-09,66.27605897156536,66.37962093512012,64.619158724563,66.15179443359375,1972604
2004-11-10,66.06894748180513,67.76727387600255,65.57187531573754,67.51873779296875,4824189
2004-11-11,67.85012801845517,70.6254374519239,67.6223014929212,68.14008331298828,12121666
2004-11-12,68.63713900032646,68.92709422497396,68.05722153796516,68.24362182617188,970726
2004-11-15,68.24362182617188,68.24362182617188,68.24362182617188,68.24362182617188,0
2004-11-16,68.3264908353443,68.3472004271897,66.27607292900005,67.41519165039062,4933370
2004-11-17,68.26435112081789,68.26435112081789,66.2760691174258,66.81456756591797,4058301
2004-11-18,67.22878743127893,67.72585968539401,66.42105027814311,66.81456756591797,3494374
2004-11-19,67.06309622916788,67.43590392378266,66.27606867197618,66.52460479736328,2821627
2004-11-22,66.50388324670497,67.43589179602596,65.71685583105328,66.79383850097656,2890684
2004-11-23,67.93297297045031,69.56916396118783,67.53946267632467,67.95368957519531,6129390
2004-11-24,67.93294661240944,69.11349106287135,67.31161001171694,68.26432800292969,5345767
2004-11-25,68.55430623048987,69.7969797219828,67.29091613745362,69.42417907714844,7895064
2004-11-26,69.42417907714844,69.42417907714844,69.42417907714844,69.42417907714844,0
2004-11-29,69.50702793928181,70.31476504806254,68.78212918856975,69.83840942382812,5607692
2004-11-30,70.31475992170006,72.28233208294525,70.06622382641008,71.9509506225586,9794743
2004-12-01,72.07520810297257,77.46013474356579,71.88880080810335,75.96892547607422,21539026
2004-12-02,76.21748518682386,78.70283964169329,75.55472914177584,77.27376556396484,12008846
2004-12-03,77.46014047151927,77.83294106269317,76.21746014582865,77.04591369628906,6776919
2004-12-06,76.17604995193123,76.21746912780209,73.40074075042779,74.08421325683594,1931568
2004-12-07,74.10491812023815,74.64340945063222,72.77939938086809,73.7735366821289,1943675
2004-12-08,75.18189590180685,79.53126647512116,75.18189590180685,78.01934051513672,17219336
2004-12-09,77.87437257027376,81.9752003927207,77.87437257027376,79.82122802734375,10387229
2004-12-10,79.94549590823424,79.94549590823424,77.04591542946234,77.95721435546875,4589357
2004-12-13,78.28856855780427,80.19400426172214,77.75007738345029,79.19986724853516,2350614
2004-12-14,80.13190192282947,83.63210272248907,80.00763037206886,82.7622299194336,11205621
2004-12-15,83.25931182714355,88.64424000046745,82.92793033714182,87.87792205810547,16792787
2004-12-16,88.68564553130444,91.12957293107985,83.6942287804549,88.39568328857422,21248261
2004-12-17,88.51997078021124,88.51997078021124,81.20888983506416,82.24445343017578,10424290
2004-12-20,82.5965499539895,83.2593129428744,80.46329385638538,81.00178527832031,5653191
2004-12-21,81.20887307915548,83.0107542044339,81.20887307915548,82.45155334472656,3260804
2004-12-22,83.19717862769566,85.91035940152545,82.84508753690375,84.23274230957031,5918316
2004-12-23,84.91621875359384,86.92521042392642,84.52270846394477,86.53170013427734,4699155
2004-12-24,86.9873266305897,88.51996228744734,84.91619963907407,86.51097106933594,3527345
2004-12-27,85.95178032728013,87.44299009579089,84.81266165670847,86.8837890625,2314564
2004-12-28,87.40156585575347,89.0170471024372,86.98733899595406,87.98148345947266,4969653
2004-12-29,87.98147371971558,89.05845642290156,86.05532078814498,88.33356475830078,2833244
2004-12-30,89.26559279807772,101.48524088860076,86.53170224307523,88.20931243896484,6178661
2004-12-31,101.48522303981592,101.48522303981592,88.02289660422935,89.61766815185547,2679654
2005-01-03,90.50825593816512,95.37540220935114,90.09402908223979,94.56766510009766,4627273
2005-01-04,95.27185340630007,96.3074171065106,91.12959860545796,93.6563720703125,5934092
2005-01-05,93.98774453987332,94.85761740336942,84.52269799886717,87.13231658935547,11066278
2005-01-06,89.05846046900885,90.25971477748692,86.86306877496784,87.48440551757812,12118801
2005-01-07,88.64424130123503,88.64424130123503,82.63797625255583,87.04947662353516,11304796
2005-01-10,86.98732881259262,86.98732881259262,82.92792008791785,84.3155746459961,7152097
2005-01-11,84.41912883117227,84.91620100023994,81.58169097881203,82.43084716796875,4378261
2005-01-12,83.07291715303197,84.06705467771155,80.35973627856256,81.16748046875,3387851
2005-01-13,82.3480128281606,89.01704778975407,80.48400246427285,85.99320220947266,9331244
2005-01-14,86.15889586946216,91.33670728636322,84.41914298601513,86.84236145019531,17419297
2005-01-17,88.22999885430744,88.80991636792692,86.65594404469286,87.33941650390625,6613412
2005-01-18,88.14718152385032,89.22416443570224,87.44299229717575,88.996337890625,8330498
2005-01-19,88.85135468879619,88.85135468879619,86.987337361262,87.79507446289062,1845457
2005-01-20,87.60868043969022,87.81579738714203,81.3331694788919,83.404296875,4774783
2005-01-24,83.0521932628471,85.6618117055407,81.29173103361363,82.22373962402344,5805259
2005-01-25,82.24445093010958,84.91620520480434,81.70595956015683,84.29486846923828,2868830
2005-01-27,85.74467236392971,87.50512789411304,82.01664435037947,86.8216552734375,15764060
2005-01-28,87.07017406621281,91.75091949547422,86.98732870405478,90.9017562866211,9539957
2005-01-31,91.66807039343449,97.86074167616421,91.54380586180076,95.47894287109375,14172920
2005-02-01,96.10029947510131,96.10029947510131,90.79820982734516,92.20658111572266,8110274
2005-02-02,94.44338214703035,94.44338214703035,89.92832749462393,90.7153549194336,33408274
2005-02-03,94.40197660986048,94.40197660986048,90.6532392537059,91.06745910644531,9020913
2005-02-04,91.75092710600735,92.57938079630613,89.09988932318673,90.46682739257812,8675409
2005-02-07,91.12960175874235,93.20072923082897,90.71537486171131,91.46098327636719,7655982
2005-02-08,91.37812389346196,91.37812389346196,88.95490568351904,89.07917022705078,5588271
2005-02-09,89.51410069106176,89.67979141345425,86.26243604350991,86.69737243652344,8403203
2005-02-10,88.1678685231738,88.37497841066981,83.94276931110777,85.1233139038086,8006164
2005-02-11,85.37185590185564,86.78022719469703,85.37185590185564,86.49026489257812,4015113
2005-02-14,87.17372554689527,90.38397092991227,87.17372554689527,89.0377426147461,8049732
2005-02-15,88.89277457952787,91.12959258525952,88.25072821356225,90.54967498779297,10697682
2005-02-16,90.79821101650316,91.12959250046141,88.2714377209234,88.95491027832031,5126749
2005-02-17,89.47268598230855,89.47268598230855,86.38670489007015,87.15302276611328,5154798
2005-02-18,88.2300072687072,91.33669801120726,86.46955198651752,90.38397979736328,14380211
2005-02-21,91.12959250046141,91.12959250046141,88.64423838384248,88.95491027832031,4651224
2005-02-22,88.8099161246102,89.84547960384579,88.64422540688714,89.0377426147461,2187073
2005-02-23,89.41055431097446,90.30113676937764,88.23000955406404,89.01704406738281,3916990
2005-02-24,89.84549041674352,89.84549041674352,87.21516222919739,88.43712615966797,7955171
2005-02-25,89.05844219754256,91.44024073747131,88.89275149843102,90.94316864013672,8959723
2005-02-28,91.5438010185246,93.61492786533405,87.50510226463287,93.2835464477539,8553715
2005-03-01,103.55635332131129,103.55635332131129,90.11473606677265,93.03502655029297,4755882
2005-03-02,93.82205131830543,99.62120592573964,93.82205131830543,97.65364074707031,23558778
2005-03-03,98.54422412977868,98.54422412977868,95.27184264567222,97.40510559082031,6496730
2005-03-04,97.71576268746782,99.3726698993579,96.55593465221176,97.69505310058594,6328707
2005-03-07,98.79276080007315,99.37267837368906,94.44338951755529,95.41682434082031,6391777
2005-03-08,96.51451991235949,96.72163684494409,94.4848188566646,95.25113677978516,5120058
2005-03-09,95.68608311180759,96.51452988857478,94.02918254520463,95.33399200439453,3188168
2005-03-10,95.35468894069197,95.35468894069197,92.22728857199094,92.55867004394531,6799022
2005-03-11,95.27183100507868,95.27183100507868,91.54380396350372,92.68292236328125,4673378
2005-03-14,92.78649160634454,96.92874607161356,88.8927732505598,91.77164459228516,8475508
2005-03-15,93.11786983102043,93.11786983102043,88.64423404280065,89.22415161132812,3870985
2005-03-16,89.47268611926714,89.47268611926714,86.57310534131773,86.86306762695312,3156266
2005-03-17,86.94590117806828,86.94590117806828,81.60239336480414,82.2858657836914,5785588
2005-03-18,82.07877016556623,86.53169683512449,82.07877016556623,85.8275146484375,4300838
2005-03-21,94.98189105941672,94.98189105941672,86.7388012500529,87.79507446289062,2083287
2005-03-22,88.62352486415304,88.62352486415304,86.36599737113751,87.52582550048828,2211510
2005-03-23,87.40155489733712,89.67979182098635,87.19444499993887,88.7270736694336,4645790
2005-03-24,88.64424344414239,89.05847032273653,86.98734294283409,87.85721588134766,3541534
2005-03-28,88.02290652313386,88.87206986992697,86.46956099014206,86.98734283447266,2039619
2005-03-29,87.60867591257738,87.60867591257738,84.54341117152822,85.26830291748047,1547859
2005-03-30,86.1588921184357,86.1588921184357,82.53441937525277,83.52855682373047,2577472
2005-03-31,84.08776347728866,87.36013807764002,84.08776347728866,85.91035461425781,1230083
2005-04-01,86.92518462757091,90.52894701767553,84.99903890768273,89.70050048828125,2990744
2005-04-04,88.47854692398121,90.52896457953558,87.81579097450997,89.34842681884766,2070072
2005-04-05,93.20071284730865,93.20071284730865,86.98733152328357,89.86619567871094,1888479
2005-04-06,90.67395723133129,90.67395723133129,87.04948409311072,87.77437591552734,975925
2005-04-07,87.94004346085552,88.54067056000252,86.57309854465427,86.90447998046875,982125
2005-04-08,87.27728358570144,88.41640906368978,87.00803791312494,88.14716339111328,989997
2005-04-11,88.14717002607345,88.23000838103962,85.37185370347439,86.40741729736328,854015
2005-04-12,86.94591063833964,86.94591063833964,85.76536596579875,86.34528350830078,836380
2005-04-13,86.59384436222312,87.96078272658251,85.12334400442823,85.70325469970703,933786
2005-04-15,85.57897144646913,85.57897144646913,82.84508128834098,84.56411743164062,1765744
2005-04-18,85.33044079730887,86.57311439607815,79.73839557671073,84.48127746582031,6864333
2005-04-19,86.158893530655,88.02290390700392,85.33043979912122,85.88964080810547,4018268
2005-04-20,85.99319718371359,86.90448921598131,84.08776073835276,85.10260772705078,1429702
2005-04-21,86.32456808264567,86.69736868536519,84.5848155727988,85.1233139038086,1016091
2005-04-22,85.47541255976218,86.44884033890041,84.95763078167862,85.84821319580078,1910291
2005-04-25,86.42813404211066,86.94591583991144,84.97834360565494,86.11746215820312,1534054
2005-04-26,86.71808686547392,86.71808686547392,84.9162054186475,85.16474151611328,833994
2005-04-27,85.33043047507016,85.33043047507016,83.05219348189716,83.8185043334961,1777039
2005-04-28,83.65283114066814,86.32458570265486,82.51370548772893,85.93106842041016,9916116
2005-04-29,85.95178562004007,86.98734938670403,84.64697611561174,85.49613952636719,3389824
2005-05-02,85.74468089969508,86.94593550330998,85.33045396516077,85.70325469970703,1633573
2005-05-03,86.03461627416843,87.77436198225669,85.78608017114615,87.38085174560547,1640190
2005-05-04,87.40153946705804,89.92831202933712,87.40153946705804,89.55551147460938,2489173
2005-05-05,89.92833756254734,90.69465548611835,89.55553690197091,90.21829986572266,1116970
2005-05-06,90.30114227874634,91.1295960206437,88.23001493707106,90.52896881103516,1386705
2005-05-09,90.30115137331643,92.7657962438837,89.28630420361826,92.31015014648438,2852912
2005-05-10,91.95805034100816,92.99361401836006,90.9639058444776,91.68880462646484,2699979
2005-05-11,90.71536184039444,91.29527941299631,89.05846150317096,91.10887908935547,2239429
2005-05-12,91.12957855540533,91.5438053469663,90.09401508303633,90.88104248046875,1173842
2005-05-13,91.04674075377153,91.04674075377153,89.05845900232272,89.72122192382812,1397414
2005-05-16,89.05846269949149,92.74507108380986,89.05846269949149,92.16515350341797,1734643
2005-05-17,91.95803358139091,92.78648016444471,89.88690660415597,90.92247009277344,1734914
2005-05-18,90.71535393535599,90.71535393535599,88.27142632624467,88.78921508789062,3548908
2005-05-19,89.05846421827931,90.5496738659359,88.8513542997126,89.92833709716797,1400097
2005-05-20,89.05846865628136,90.71536912658587,88.3957056629323,88.9342041015625,873888
2005-05-23,89.47269263331037,91.12959305002576,89.05846577586455,90.83963775634766,1024428
2005-05-24,90.71536184039444,91.937332764501,90.09402509056908,91.10887908935547,1477018
2005-05-25,91.23314373101645,91.91661626047072,90.15616096525069,91.54381561279297,928134
2005-05-26,89.47267950642787,96.10028721399541,85.01975371506002,94.36053466796875,3769001
2005-05-27,94.44339531887931,94.5676668845358,91.99946734240613,93.20072174072266,5188740
2005-05-30,93.20071715884038,93.57351781134635,90.77749889141619,91.44026184082031,792295
2005-05-31,91.17101306117941,93.11786863958186,91.12958687170944,92.76577758789062,2176464
2005-06-01,93.15929792694693,93.20071710472679,91.64737170276355,92.16515350341797,1651466
2005-06-02,92.37227998660117,93.07646218624164,90.83964401499045,91.233154296875,1061550
2005-06-03,92.12371639198216,92.12371639198216,90.61179046212429,91.50237274169922,442177
2005-06-06,91.12958197506237,91.95803558927219,90.50824527093853,90.86033630371094,954235
2005-06-07,93.1178726096708,93.1178726096708,90.6325185406001,91.48168182373047,1395146
2005-06-08,91.54381442986745,91.95804126252766,91.12958759720725,91.64736938476562,928795
2005-06-09,91.99947473597325,92.78650233379793,90.71537486171131,91.46098327636719,1078755
2005-06-10,91.8545007654072,92.14445608737417,90.30114814516888,91.17102813720703,782910
2005-06-13,91.21243503689492,92.62079928688263,90.11473565866278,92.02017211914062,2065288
2005-06-14,92.62079699325061,94.6090787729063,92.06159603009783,94.21556854248047,5947034
2005-06-15,94.44340084358379,100.24256324906624,94.2362909061316,99.31055450439453,9069086
2005-06-16,100.24256178684064,101.07100853763336,96.22457155171696,97.23942565917969,3114214
2005-06-17,96.55592256748676,97.9021577553889,95.89315976568065,96.80445861816406,1769880
2005-06-20,97.71577549423984,99.7869027674804,96.51452111471488,97.46723937988281,3465043
2005-06-21,97.71576819714028,98.48208607258127,95.7689126329971,98.04714965820312,1331233
2005-06-22,98.5856444078276,99.51765304577212,97.36368048804002,98.75133514404297,2910835
2005-06-23,98.999871248366,100.15970640187356,97.77790732857842,98.75133514404297,3445542
2005-06-24,98.58563715946113,98.95844479506938,96.20384527435144,98.60635375976562,1443514
2005-06-27,98.56491778226962,100.03541755220657,98.15069101332968,99.2483901977539,3593466
2005-06-28,99.82832298757296,101.17455142680129,99.1241408788893,99.97329711914062,5536545
2005-06-29,99.41409892757302,101.4852261346697,99.06200786341199,100.78104400634766,5093000
2005-06-30,100.86389478703067,102.27225911924087,100.24255799417723,100.69820404052734,3310202
2005-07-01,102.6450621716128,102.6450621716128,97.3429791998103,101.65092468261719,2555470
2005-07-04,101.89943620350047,102.9349996365691,95.18898347407973,102.5829086303711,2981639
2005-07-05,102.29296409928823,102.83146250768978,99.86974580721842,100.09757232666016,1453260
2005-07-06,99.82830834376023,101.69231829689113,99.45550074268085,100.9881362915039,2831271
2005-07-07,101.89945400459129,102.27225466144026,98.41996250582021,99.8076171875,1720913
2005-07-08,100.24256168037745,107.67790790412751,99.62121785160737,104.88188171386719,8496794
2005-07-11,104.79901646688785,109.76972407615489,104.79901646688785,106.12454223632812,4722456
2005-07-12,106.87014937023844,108.94127648629527,103.18354815306579,107.05655670166016,6065098
2005-07-13,108.07140607729619,108.73416901344895,104.42622395459108,105.29609680175781,2211384
2005-07-14,105.2960924654749,106.45592755597814,104.38480047886105,104.84044647216797,1390761
2005-07-15,104.7990225957099,107.24295736950731,103.76345903430669,106.08312225341797,1727067
2005-07-18,105.66890632644548,109.68689644491255,105.62748714598915,106.78731536865234,1592592
2005-07-19,106.4559394922581,107.69861307263514,105.23396848877006,105.5860595703125,988607
2005-07-20,106.37309317442417,106.37309317442417,102.93502074936936,103.51493835449219,1400277
2005-07-21,105.62747379237221,105.91742905811431,102.76931927096958,105.13040161132812,1775295
2005-07-22,105.02685472937252,110.59818306081556,103.9705815233013,110.45320892333984,8707103
2005-07-25,107.74003227685583,112.25509458112289,107.74003227685583,110.76387786865234,4391607
2005-07-26,111.42662880826106,115.52746380470818,111.05382817697216,114.03624725341797,9670164
2005-07-27,115.15466045907516,115.15466045907516,112.64859687205079,113.33206939697266,2491379
2005-07-28,125.74886322021484,125.74886322021484,125.74886322021484,125.74886322021484,0
2005-07-29,113.0835281760883,118.88268256805857,111.84085473961868,117.28791809082031,8405504
2005-08-01,117.28791507223285,129.65254840829843,116.41804228647821,118.61343383789062,3350299
2005-08-02,119.66972082975693,120.12535982280241,117.30863140712154,118.572021484375,2500799
2005-08-03,119.62830669246485,119.62830669246485,116.08667240932635,117.47432708740234,2638218
2005-08-04,117.68144429555997,119.2969326059807,115.79672429722824,117.7228775024414,2834185
2005-08-05,118.9034260479932,125.26178281982475,118.9034260479932,121.6166000366211,9493267
2005-08-08,124.26762735996668,124.26762735996668,119.50404285584791,120.22892761230469,5203215
2005-08-09,121.57517473261328,123.81199292177652,118.8827034586834,120.4981918334961,3951091
2005-08-10,122.7556833052694,126.29731009072749,122.19647538489875,125.71739959716797,5611931
2005-08-11,126.3387551273195,130.04607338791905,124.51617090236509,128.98980712890625,5089414
2005-08-12,128.4098736269856,129.85967109681505,126.54587034970353,128.65841674804688,2947282
2005-08-16,130.02536010176914,133.38057998227515,128.40987191481764,131.9100799560547,3890427
2005-08-17,132.34501893870006,133.5669898968784,129.65256195207326,132.57284545898438,2349788
2005-08-18,133.71195541103452,134.31258255026006,130.68811714012048,132.0964813232422,2310718
2005-08-19,132.5520764474138,134.41609302492404,128.40982362011556,129.5075225830078,2916268
2005-08-22,130.43955281312415,131.599387727181,125.75880801406021,126.8979263305664,2667047
2005-08-23,128.40988325707306,128.4305998607603,124.76470075926673,125.73812866210938,1733840
2005-08-24,126.52515811989245,129.65256566041714,124.78541231688523,128.82411193847656,2167441
2005-08-25,130.3567717613596,130.68815331100373,128.07852010102158,130.1703643798828,4006658
2005-08-26,130.89524086173626,131.28875813782983,127.16720607960548,128.90695190429688,1787913
2005-08-29,130.43960532264646,133.9812332309153,125.3860579162508,131.45445251464844,3652490
2005-08-30,131.72368034766265,132.51070078859485,130.17032801439618,130.7916717529297,1124908
2005-08-31,131.26802847109715,131.72368148503173,124.72326567672309,130.5845489501953,1362816
2005-09-01,130.81234830082775,132.38640289564793,130.60523843790202,130.95733642578125,766979
2005-09-02,130.93663763527195,133.48412015318385,125.15819312748775,132.6349639892578,2040959
2005-09-05,133.79482036777614,135.14104890084016,131.41301416172624,132.01364135742188,2276686
2005-09-06,131.3301723395193,135.65882013405212,131.3301723395193,134.74752807617188,2028641
2005-09-08,135.2032136476435,137.89567129057178,134.7061413075324,136.860107421875,3142259
2005-09-09,137.8956277793536,138.51697151497012,135.94877224782812,137.5228271484375,1606731
2005-09-12,137.52283669144884,139.17974408397964,137.50212008924137,139.01405334472656,861671
2005-09-13,138.9312078476579,142.990624147481,136.7979447338478,142.16217041015625,2719731
2005-09-14,142.49355807781683,143.30129524689804,138.35130323788954,139.65611267089844,1723421
2005-09-15,139.65607063706528,142.70062506439945,138.82761711320128,141.91360473632812,1890576
2005-09-16,142.70064475221886,151.37867031296702,141.2508614050357,150.5502166748047,5604379
2005-09-19,151.17155603365669,152.12426717036217,148.70691179127382,149.3696746826172,1730085
2005-09-20,149.49392671146626,151.6064868565234,147.11213493109565,148.62405395507812,1654220
2005-09-21,149.94960549689736,149.94960549689736,138.8069484628347,145.41383361816406,2648646
2005-09-22,146.22153787500596,146.22153787500596,136.09373016579875,138.74478149414062,1901133
2005-09-23,140.40170931733545,144.5232614402293,135.74167979268958,140.50526428222656,3353834
2005-09-26,144.62677613447158,145.5794871566465,141.25084033539824,144.87530517578125,2711567
2005-09-27,144.87530389980344,146.5943466806963,140.71234781813735,142.84559631347656,5804566
2005-09-28,143.73619679969804,144.54393377251617,140.6916421957733,142.53494262695312,2299028
2005-09-29,142.9077460105117,144.5232340137385,141.66507264150675,143.6326446533203,4239710
2005-09-30,144.27470644449625,147.02931316781337,142.742070648269,144.50253295898438,2959676
2005-10-03,144.50253076434254,145.7659208495692,143.01131416808784,143.69479370117188,1112987
2005-10-04,143.94329904164044,145.5587869276152,143.79832493405442,144.66819763183594,1039982
2005-10-05,145.35168738555524,145.35168738555524,142.49353976790385,143.54981994628906,1460606
2005-10-06,142.86633618080933,142.907755356387,137.52282772111312,139.697509765625,1975180
2005-10-07,140.3809877631189,143.73620744520917,138.351279868132,141.4993896484375,1832020
2005-10-10,142.07932182696396,145.84876151484403,142.07932182696396,144.93746948242188,2126196
2005-10-11,146.18018958355384,146.18018958355384,142.07936711737406,144.79254150390625,1844958
2005-10-13,145.31026042431634,145.31026042431634,141.6650785119862,141.9964599609375,1779052
2005-10-14,142.94916987793027,142.94916987793027,135.45168292819287,136.13516235351562,3744648
2005-10-17,137.10859176571208,137.9370453103717,128.6169744917502,132.38641357421875,5459273
2005-10-18,133.27704543154547,136.2801817232388,132.1379267038187,133.67056274414062,2636858
2005-10-19,132.55213193113775,133.79481952039592,127.99565752431084,129.5489959716797,3535128
2005-10-20,130.48099275618222,132.09648086449897,128.2441749360114,130.3567352294922,2321252
2005-10-21,133.38057093503903,138.33056206488007,132.55211730896778,137.1500244140625,4092962
2005-10-24,137.52283980382188,138.68267500484245,133.48414021599407,134.10548400878906,1801603
2005-10-25,134.62323151515542,138.66193028400738,134.04332104530855,136.50796508789062,1563551
2005-10-26,135.8659516238586,140.40170958895538,135.8659516238586,139.49041748046875,1798527
2005-10-27,140.27745434685124,141.02305571819093,126.40089243113333,128.63771057128906,12831972
2005-10-28,129.2383207230156,137.43999082892464,129.2383207230156,136.0109100341797,15682001
2005-10-31,130.48101908559568,138.72410994051467,130.48101908559568,133.67056274414062,4713317
2005-11-02,134.62324215702947,137.10860299455297,132.7385224614415,136.34228515625,2186456
2005-11-04,136.34228515625,136.34228515625,136.34228515625,136.34228515625,0
2005-11-07,137.06718734846348,140.33956901736136,135.4517131167807,139.90463256835938,1759533
2005-11-08,140.87807099975456,142.86634584952463,139.59396426086494,140.75379943847656,2143290
2005-11-09,140.7537925592749,144.56466535903917,139.30399515158385,142.2449951171875,3219582
2005-11-10,142.90777582667195,143.73622958756775,140.62953850381103,142.47283935546875,1416751
2005-11-11,144.1504488233891,146.94646069616672,143.32199514673323,145.9523162841797,2327912
2005-11-14,146.2215719264363,149.4732510753256,145.45526800278353,147.73350524902344,2578249
2005-11-16,147.87846408080617,149.53537137531288,146.407964116732,149.1832733154297,2477368
2005-11-17,149.32824792890992,150.57093541689352,147.2364182422026,149.47323608398438,2921620
2005-11-18,149.94958669699264,151.19226011760475,147.25711593055453,149.017578125,2529395
2005-11-21,149.1211055989743,150.36377879062385,144.58534915076007,146.13868713378906,1716843
2005-11-22,145.18600083491984,147.8991884249892,144.17115383023676,146.18014526367188,2637002
2005-11-23,146.26299081938663,147.65063841355328,144.6268001165643,146.2215576171875,2325606
2005-11-24,146.2215632935705,149.55608060582645,146.2215632935705,148.27198791503906,2759085
2005-11-25,148.35481217320222,151.19225700536134,148.35481217320222,150.7366180419922,1178953
2005-11-28,155.12739082412034,156.16295425566258,153.0769805595973,154.09182739257812,1779316
2005-11-29,154.0918734379309,154.9203272359478,150.26028338843844,152.2071533203125,2416595
2005-11-30,153.26338638947362,153.88473010972032,146.53223054644985,147.8577423095703,2285440
2005-12-01,147.0499891939214,150.36378927816088,144.97886238800515,149.51463317871094,2380527
2005-12-02,150.28095531153747,152.2278106384337,147.73347291292504,148.2305450439453,2352240
2005-12-05,145.3931158090958,149.53536998059295,143.34269129800128,143.9640350341797,2216610
2005-12-06,143.96404291592762,144.97888991357416,140.42241568592314,141.39584350585938,2699362
2005-12-07,142.07931270791298,144.89604100523323,141.1058709327381,143.30126953125,2610848
2005-12-08,144.93749080257857,146.2215836723287,142.700672556774,145.62095642089844,3075929
2005-12-09,138.82762860469904,147.79561595038913,138.82762860469904,147.25711059570312,1790702
2005-12-12,146.7600850911789,148.292707045227,143.54983897970436,145.31028747558594,1446244
2005-12-13,146.84291753217894,146.84291753217894,143.77764569546093,146.36656188964844,1962558
2005-12-14,146.22155164743896,147.381386712832,144.25399359029603,144.9581756591797,1834823
2005-12-15,145.80734176045854,146.84290534697394,143.5498212770134,144.2125701904297,2773458
2005-12-16,142.5349336305735,145.8073145134989,142.5349336305735,145.02029418945312,1291480
2005-12-19,145.06174188175834,149.78390683292946,145.06174188175834,148.85189819335938,2755614
2005-12-20,149.94961773698842,150.94376228972257,147.15359144222512,148.0027618408203,2217357
2005-12-21,147.8784709496744,151.44081478526525,146.4286875192405,147.69207763671875,3757191
2005-12-22,147.5056543297654,148.8725992567183,147.05000134540316,147.9820098876953,1251844
2005-12-23,149.05902916956353,149.07974577435456,144.19188939602282,145.62095642089844,2198599
2005-12-26,146.84287181690792,146.84287181690792,136.69434818114152,137.97845458984375,1665901
2005-12-27,136.6943375321684,143.92257784864933,135.6794908581047,142.7006072998047,2352908
2005-12-28,141.39581909504065,144.33681864903295,135.2859935097788,141.64434814453125,7577871
2005-12-29,141.66507468920878,145.80732866318877,140.0081674891632,142.5556640625,2243872
2005-12-30,141.62369580353004,144.54397979494485,140.91951354972494,143.11489868164062,2317107
2006-01-02,143.1563146979553,143.32200544519227,138.35129705422005,140.85736083984375,1954278
2006-01-03,142.0793103757133,144.3368306861419,140.42240315382014,143.5083770751953,1404704
2006-01-04,145.39313350031563,145.39313350031563,142.4728358189146,142.88706970214844,894874
2006-01-05,144.7303814153751,144.7303814153751,141.2508894698945,141.8515167236328,908577
2006-01-06,143.321977479516,145.6002142898813,142.49352390498314,143.83975219726562,1574993
2006-01-09,144.5646629999052,147.05000990662472,143.75692595652808,145.55880737304688,1921586
2006-01-10,145.60022001501574,145.60022001501574,140.85733889372074,141.3336944580078,856237
2006-01-12,140.00817075739857,142.03787861830077,138.3926967192443,138.8069305419922,1304846
2006-01-13,138.35127903410685,140.33955371584327,137.93705923303432,138.454833984375,1265121
2006-01-16,138.84836451529077,139.8010757594986,136.797939835564,138.51698303222656,1066075
2006-01-17,139.55253291660196,139.96675271657043,135.47241458760217,137.1500244140625,1225956
2006-01-18,137.93705599834817,163.57760051590915,133.691233006249,137.06716918945312,1761290
2006-01-19,137.93707292866424,144.15045471847915,137.52283906032844,143.44625854492188,1481179
2006-01-20,141.2508879467505,144.5646890959443,141.2508879467505,142.6385498046875,1599978
2006-01-23,134.0433375538964,144.1504440200409,134.0433375538964,142.5970916748047,505793
2006-01-24,144.15045080823003,147.36069657660585,142.57638178784256,144.00546264648438,3643175
2006-01-25,144.41969563520544,151.39938109656313,142.07932274683435,147.40211486816406,4062367
2006-01-27,148.29266159300724,149.0796959460874,146.11797986230226,147.33995056152344,2077138
2006-01-30,149.5353651451299,151.10941999626309,148.08556781630662,148.4998016357422,1791814
2006-01-31,148.70690853750784,149.90816274525025,146.47009084123346,147.9820098876953,882777
2006-02-01,147.87846065677633,148.66549510997743,145.02031317259923,145.4759521484375,788147
2006-02-02,145.47594193430714,151.19225052744335,144.97886979236483,150.633056640625,2103497
2006-02-03,150.77806787799216,155.9144672498737,147.4849693866446,152.0414581298828,3621070
2006-02-06,152.8491749293593,155.27238611559457,150.36381393896218,153.0355682373047,1644595
2006-02-07,153.263395705441,156.34938386786163,151.08871359159298,153.61549377441406,1833110
2006-02-08,153.15983689761808,154.92029914593138,150.15670119066854,154.17469787597656,1153936
2006-02-10,154.50606312969245,154.71318705832266,150.1566990727449,150.6951904296875,2264636
2006-02-13,150.77805685045357,151.1715741175299,148.10630239145127,150.46739196777344,1388147
2006-02-14,151.6065448499836,154.46469327451797,150.34315440477494,152.22787475585938,1518634
2006-02-15,153.26337285436392,156.57717300871562,150.32237328878347,151.48220825195312,2354430
2006-02-16,151.6065210699876,152.7456397448909,149.1211597579048,150.44668579101562,1110280
2006-02-17,151.17158668368182,152.64208688719341,150.59166202310962,151.25442504882812,918483
2006-02-20,150.79875942695074,151.6065105637364,147.87847586703148,150.46739196777344,644550
2006-02-21,151.93790563278156,153.26341766640329,150.48810799838608,152.7042236328125,719190
2006-02-22,153.26338540881167,154.4853562412288,150.98514849270822,151.3993682861328,829006
2006-02-23,152.31067254831405,153.22196449920673,150.38451967321149,152.3313751220703,2159745
2006-02-24,152.22780185443094,153.42905592854734,150.36378497719758,150.79872131347656,597454
2006-02-27,152.18644754302716,152.18644754302716,148.37557382715795,149.43185424804688,747775
2006-02-28,149.90817411463104,150.446665486372,147.4021105628408,149.5560760498047,871478
2006-03-01,148.29266545854696,157.4056263933209,148.29266545854696,156.32864379882812,2684017
2006-03-02,157.81990594144088,165.8972917684629,157.81990594144088,164.3646697998047,4888808
2006-03-03,164.61317822718667,170.53659749595676,164.61317822718667,169.04539489746094,4409548
2006-03-06,170.24664605208065,171.90353935574302,166.64288312937254,167.65773010253906,3093050
2006-03-07,167.34704935796685,170.5987139047327,165.89725207543574,166.9328155517578,1932995
2006-03-08,167.7613077960177,168.3412324531182,160.30525185359377,162.18997192382812,2637750
2006-03-09,160.71938986552823,162.12776758244993,155.3551806895375,158.3997344970703,2555605
2006-03-10,159.06256517854675,163.5362011829753,158.04770412477524,159.80816650390625,2895086
2006-03-13,160.76086602798208,163.82612322247812,160.76086602798208,161.2786407470703,1554168
2006-03-14,155.70731870580505,161.75500926115063,155.70731870580505,160.03598022460938,1197114
2006-03-16,161.50649349684466,162.95627697217765,159.91172185568328,161.98284912109375,1058945
2006-03-17,162.58346945191076,162.9562700997807,159.06255885965558,160.13954162597656,1209270
2006-03-20,161.00943374832454,161.2372602898808,157.94416179168428,159.14541625976562,604120
2006-03-21,159.2697355864401,161.85865265814772,159.2697355864401,161.5479736328125,1255521
2006-03-22,161.9621271644752,162.56275428009673,159.26965643116466,160.22238159179688,971740
2006-03-23,159.9945510369346,161.13366946509794,156.57718172631084,157.6748809814453,1338945
2006-03-24,158.234091036157,159.43534525308058,155.33451044087928,158.0476837158203,1003211
2006-03-27,158.64832945615342,163.45334688815547,158.64832945615342,162.62489318847656,1827083
2006-03-28,163.61903553454746,165.2345237347847,161.0922693155269,162.25209045410156,1365545
2006-03-29,161.94144771832822,164.59249988578583,161.94144771832822,163.5155029296875,734402
2006-03-30,164.82028631684537,177.66126912870845,163.6397486017441,171.42718505859375,6620697
2006-03-31,171.69642579424476,173.76755289937327,166.72571793670943,170.97152709960938,2103337
2006-04-03,169.74957001568677,176.02508709949092,169.41818855721868,174.65814208984375,1782955
2006-04-04,176.8742535242232,176.8742535242232,169.93597312321873,172.89768981933594,1552125
2006-04-05,172.77341437892622,175.7765501857696,171.48932170172054,173.45689392089844,1426651
2006-04-07,174.80314383996694,175.196661137347,167.5541978362576,169.6460418701172,2489624
2006-04-10,170.24663785960976,170.66085765905888,164.4474765105164,167.47132873535156,1715610
2006-04-12,167.7612702816488,170.18449528478274,163.6190163481233,164.2610626220703,1232773
2006-04-13,164.86170044689928,166.5186077385417,161.56861649069515,163.6604461669922,651598
2006-04-17,165.27594767993816,165.69016752335756,158.31696454322292,163.72259521484375,1086464
2006-04-18,166.3529380743891,168.96255686957684,164.24039152963758,168.46548461914062,1425515
2006-04-19,170.16381164519404,171.90355751216546,168.17553666557092,171.07510375976562,1244907
2006-04-20,171.98640868073238,171.98640868073238,168.17553547285664,170.8472900390625,616436
2006-04-21,172.8355510056856,173.39475899256328,166.89141514175887,170.06024169921875,1174374
2006-04-24,171.4893311204849,171.4893311204849,168.03054209569186,170.53660583496094,454835
2006-04-25,170.4537484069378,171.03365893359663,139.53181667132435,165.5244598388672,1104903
2006-04-26,165.73156682279097,171.69641881458202,162.37634722037572,170.5780029296875,1828736
2006-04-27,173.14624678798546,175.1759551584088,165.02742733242982,166.14584350585938,3143803
2006-04-28,166.31150851754174,170.24665306838682,155.74876242663638,168.05125427246094,2735463
2006-05-02,170.64015168813145,172.11065170436407,168.817567625662,169.33534240722656,846834
2006-05-03,171.07510242556904,176.21150162425332,168.58975521388896,175.92153930664062,1837153
2006-05-04,177.45418211844162,179.1525088570071,172.73201662249176,175.880126953125,1558376
2006-05-05,177.2056213903192,177.2056213903192,173.14620561477906,174.2853240966797,927890
2006-05-08,174.28535266707652,176.21150592007447,171.90356036230656,174.7824249267578,1040814
2006-05-09,176.00437552756676,176.00437552756676,168.2376416587348,172.00709533691406,960205
2006-05-10,174.96881051720086,174.96881051720086,171.5721575116693,172.79412841796875,2016041
2006-05-11,173.104807586665,174.38891437707642,170.51590545502506,171.77928161621094,1105886
2006-05-12,171.86213285351198,172.69058657950745,168.48619619294948,171.9864044189453,854291
2006-05-15,170.66085665025764,172.21419491514408,162.79056829817253,166.8914031982422,1329571
2006-05-16,167.76128247457578,169.00395593972445,159.95312959558717,166.99496459960938,1105473
2006-05-17,165.71084817011183,174.59598250833338,165.27591181843943,172.37986755371094,1660404
2006-05-18,171.48933694558968,171.90355680702226,163.61904736927966,165.85586547851562,1896812
2006-05-19,167.76129733905725,172.06924268577677,151.2544147153016,161.63076782226562,1487750
2006-05-22,169.7495685322787,171.6550048887516,144.9788818719963,149.53536987304688,2181454
2006-05-23,156.16293177228627,159.47673147089438,142.9077189517229,153.11837768554688,1714933
2006-05-24,154.09185536791935,162.37636432430796,145.62093906903505,153.42909240722656,3949613
2006-05-25,151.19225830063598,166.02152887285922,144.97887724611118,163.1219482421875,7159227
2006-05-26,163.12195651269724,164.42676575873506,157.4056473358457,160.84371948242188,1016839
2006-05-29,165.64873597345067,165.64873597345067,156.37008313334434,158.23410034179688,1127822
2006-05-30,159.06259517375537,159.47681509348084,153.2634321407684,155.1688690185547,1350449
2006-05-31,153.263390420172,154.48536129254472,149.5353700790507,151.8550262451172,1869537
2006-06-01,153.01485384620196,156.12154432469754,141.06444749212736,143.5705108642578,2596550
2006-06-02,144.1504611016647,152.84919038214326,138.3512988972547,151.58580017089844,1866130
2006-06-05,147.09146060618153,153.26340943150396,144.27471788053867,145.93162536621094,1285987
2006-06-06,136.69437495368064,151.15084551812132,136.69437495368064,143.177001953125,1320430
2006-06-07,141.66507190273649,149.1211261040173,138.7654913727568,146.159423828125,2239726
2006-06-08,144.56471069637948,144.9789306421188,134.2090717915039,136.07308959960938,2757576
2006-06-09,138.7240446975519,141.66504381712065,134.64392738599224,139.303955078125,1627359
2006-06-12,140.42240948665176,140.42240948665176,133.5876844207746,134.2711639404297,1139687
2006-06-13,131.72371074377074,135.86596588682102,127.29149325234285,133.11135864257812,1146658
2006-06-14,134.6439576374019,143.32198285725084,132.65566898391833,135.32742309570312,3709173
2006-06-15,138.76548785969342,144.15042900452767,136.7564967363483,141.437255859375,1800467
2006-06-16,144.97887815883507,154.09183990140284,143.77762391968565,151.5443572998047,1563318
2006-06-19,148.29269085672743,153.2633989475888,147.1121531202753,150.01173400878906,783015
2006-06-20,147.05001890070886,148.25127325186088,142.92848105424008,145.89019775390625,1484972
2006-06-21,144.15044723878952,153.65691274877537,141.25086641543575,152.74562072753906,1682946
2006-06-22,157.03284668239877,159.06255462919162,149.12113882843317,151.06800842285156,2266855
2006-06-23,147.05001994976192,154.92030906878534,143.7362191724336,153.42909240722656,3720151
2006-06-26,151.19226513475053,154.09184589648763,147.8991811621579,149.47323608398438,1224487
2006-06-27,150.3638094858428,153.26339020903234,145.18599177519528,149.53536987304688,2730492
2006-06-28,149.53538680447028,152.02073397653533,145.39313216693773,150.05316162109375,2257615
2006-06-29,146.42868499421115,156.99143073330936,146.42868499421115,148.91403198242188,4624892
2006-06-30,154.63032688211925,155.3345089307665,151.71004374150573,153.2633819580078,1899748
2006-07-03,153.28410538009925,154.05042323569558,149.63892342893877,153.2219696044922,1578206
2006-07-04,151.2751223152243,154.50607061337465,149.5353766081787,150.94374084472656,1094999
2006-07-05,152.43492836367759,154.09183555233807,149.1211280124905,153.2633819580078,1624042
2006-07-06,152.02074152573465,153.8847590104168,150.94375863276696,152.0414581298828,1154773
2006-07-07,154.05045879461488,156.68079442103624,149.53540299503018,153.6776580810547,2530662
2006-07-10,154.29898212722574,162.16927210523468,153.26341839465283,161.4029541015625,3965245
2006-07-11,159.8910141555125,161.13368766971004,157.40565310098208,158.33766174316406,1524386
2006-07-12,154.92032810650306,161.96216439001168,154.92032810650306,158.5862274169922,1338090
2006-07-13,158.8140225668087,159.0625656934903,151.60651033735004,153.80189514160156,2442820
2006-07-14,150.6330644513484,153.26338538624867,148.29267773521482,149.9495849609375,2410665
2006-07-17,149.9495931348865,149.9495931348865,145.393119054971,147.23641967773438,1581197
2006-07-18,148.70692415173656,151.150851997103,145.39312344571198,149.28683471679688,1296408
2006-07-19,151.17155062679208,151.54435123330546,143.0734361237652,146.5943603515625,1311512
2006-07-20,149.07974220422784,153.26341625925903,148.4998315714762,150.96446228027344,2497255
2006-07-21,150.77802744255774,150.77802744255774,146.7393286508845,148.2305450439453,753975
2006-07-24,147.87846657050125,152.84917451157395,144.19186531082428,151.2958221435547,1532954
2006-07-25,152.02072126589357,155.2516835403423,151.21298420381515,153.0355682373047,1538271
2006-07-26,154.09182234602758,159.0625294598649,152.0206955507731,158.48260498046875,4830065
2006-07-27,159.06258499819089,165.6901874466473,159.06258499819089,163.8883056640625,4195270
2006-07-28,163.72261218187774,164.861730895467,157.9234636423449,159.7460479736328,1509300
2006-07-31,167.6784440282372,167.6784440282372,157.40564679969125,158.66903686523438,1433801
2006-08-01,158.64835962617985,162.7491956998413,156.20443126696898,162.04501342773438,1345458
2006-08-02,162.3763429145349,164.36463153445186,161.5478893229028,162.811279296875,1734634
2006-08-03,164.03329474587161,167.76131588374196,161.56864989971695,165.33810424804688,2467417
2006-08-04,165.27593569940188,169.00395609834692,165.06882579270518,165.98011779785156,2653570
2006-08-07,166.51860827280757,166.93282808397984,161.54790040806674,162.50062561035156,884564
2006-08-08,162.58345900212984,168.05123888915037,159.89100225938057,167.61630249023438,2144382
2006-08-09,169.04538762232127,170.03951796982273,166.1458068789499,167.34706115722656,2520210
2006-08-10,163.88829976211548,169.83243636745956,163.88829976211548,169.4389190673828,2163994
2006-08-11,169.21107846546366,171.90353527987702,165.73157315538884,167.78199768066406,1181447
2006-08-14,168.5897565287026,171.69644758059962,167.13997298160527,171.07510375976562,1488127
2006-08-16,172.73201171682496,173.97468533561013,169.87384977009617,171.3650665283203,1692011
2006-08-17,171.36505334955444,173.0633799092775,169.024680439218,171.73785400390625,2252342
2006-08-18,168.4033474143016,171.6757291824726,168.4033474143016,169.6874542236328,740778
2006-08-21,172.1106412347683,172.1106412347683,165.6901501771191,169.79098510742188,1404284
2006-08-22,170.24662515525603,173.93322597887678,167.98909094877368,169.5838623046875,1818466
2006-08-23,169.58387070595938,171.8621075980537,167.42989133490246,168.17550659179688,1225818
2006-08-24,166.1043679456102,172.31774850257017,165.77298652714836,172.0277862548828,2883707
2006-08-25,173.93326677246378,173.93326677246378,171.5307578887451,172.9598388671875,1109960
2006-08-28,172.73198334129697,173.14620313746727,170.2673390861347,172.6077117919922,966243
2006-08-29,173.5604477211345,173.7675576320612,170.72300266826048,172.00709533691406,1423116
2006-08-30,171.90358172085524,173.5190702720737,169.0868525921604,171.40650939941406,1015812
2006-08-31,171.48932015657596,173.10479428936975,169.21108308946623,170.26734924316406,1626232
2006-09-01,171.48934049082632,171.8621411790499,169.83243295856963,171.157958984375,431321
2006-09-04,171.48930857860023,173.9125196141896,170.86796486309484,173.39474487304688,1310669
2006-09-05,173.56043994394983,174.30604120032982,171.84139690279073,173.12550354003906,1738058
2006-09-06,173.35331809569288,177.70268183506482,172.11063071918645,176.977783203125,3022344
2006-09-07,176.8742569152299,179.23534648175723,174.8031296536826,175.5901641845703,1634427
2006-09-08,177.24703411548614,178.90394131584927,175.88008918172002,178.30331420898438,1963554
2006-09-11,178.94539014312235,179.7324106741149,171.63430870243747,174.5338897705078,2455294
2006-09-12,175.631610641311,176.87428438601498,171.48935547487247,175.21737670898438,1376430
2006-09-13,176.04580074779747,184.66169115764788,176.04580074779747,183.5432891845703,3415513
2006-09-14,184.74449833341436,186.31855296190787,181.2235744838273,181.88633728027344,2587654
2006-09-15,182.2591913954199,185.38659900019883,178.53117060929708,184.7445526123047,2103499
2006-09-18,183.08761462047337,186.81564881140756,183.08761462047337,183.87464904785156,825846
2006-09-19,182.30057679205535,185.57295793491676,179.5667009993259,182.0520477294922,1226244
2006-09-20,180.83007840615238,195.1001406863878,178.53113897384003,191.53781127929688,2610799
2006-09-21,195.70078370110005,195.70078370110005,190.5436824630099,192.84263610839844,2592833
2006-09-22,192.90476985336147,197.08844325722106,190.95790026745334,194.35455322265625,2857095
2006-09-25,195.9285997872288,197.75119774122635,193.1740072952471,196.19784545898438,2413459
2006-09-26,200.48508392906845,200.48508392906845,193.07044875444666,198.6417694091797,2078139
2006-09-27,200.89933765266983,201.18929996819872,196.15645577065774,197.27487182617188,1882483
2006-09-28,197.58550525520133,198.82817865422678,193.44325124102713,195.68006896972656,2066610
2006-09-29,197.12985186118624,197.3369617562447,193.52608919308682,194.37525939941406,877594
2006-10-03,200.89933123983374,200.89933123983374,192.614822156701,193.62966918945312,645156
2006-10-04,194.0853107938129,194.6445187707449,189.7152299854463,191.18572998046875,886867
2006-10-05,189.3838611313233,193.81607801296573,185.57298804610895,190.52297973632812,1212961
2006-10-06,192.61481270415763,192.61481270415763,189.38385039297683,190.68865966796875,1497572
2006-10-09,191.84848517984594,194.23027709696166,188.47254890517192,192.30413818359375,1295059
2006-10-10,193.4432719769035,195.9079164652807,193.29829783975268,194.18887329101562,896421
2006-10-11,195.51439794234048,197.15058872327597,191.37214351091572,195.8457794189453,1648013
2006-10-12,195.3072799323859,197.5855169700314,192.656228229408,197.10916137695312,760806
2006-10-13,199.6566880384817,199.6566880384817,196.46714426294528,197.75125122070312,1400527
2006-10-16,196.4464080885501,202.55623482405974,193.50540798087945,201.35498046875,1512884
2006-10-17,199.71876950786108,202.41122622123422,163.6190207394332,201.91415405273438,1116788
2006-10-18,202.97042211386298,205.04154901325072,199.61520270835354,204.316650390625,1521516
2006-10-19,204.6273753679862,205.000176049726,201.00289546401288,203.30184936523438,1345695
2006-10-20,202.97044288571834,207.48549774426982,202.97044288571834,205.93215942382812,1835160
2006-10-23,207.07130381672178,208.76963050450036,205.4558154912073,206.34640502929688,775456
2006-10-26,204.95871449612943,210.84071387810909,204.64803563712798,208.4589080810547,1492330
2006-10-27,212.08342796801287,220.34722070804006,210.4265204888949,218.42108154296875,3428730
2006-10-30,221.19638043977014,225.75285474955928,218.56604520265256,224.5308837890625,3592658
2006-10-31,224.55160351602515,225.95996781224352,218.296802541109,219.622314453125,2448259
2006-11-01,221.3827681490699,225.66999665110552,217.46834029597622,224.1373748779297,1890219
2006-11-02,223.26749634107907,229.4808637089171,223.26749634107907,227.078369140625,1749063
2006-11-03,228.23818975046333,228.23818975046333,223.72313485795004,226.7884063720703,804420
2006-11-06,224.32375082090084,227.61684867949907,224.3030482468674,225.21434020996094,1379594
2006-11-07,226.5813397011662,228.65246722330582,222.85330455085983,225.2558135986328,1183724
2006-11-08,224.09591951178456,226.5398471030475,221.65199192052162,225.19361877441406,909505
2006-11-09,227.34762602434083,236.48129123239124,222.27336290004538,222.7911376953125,1772457
2006-11-10,223.6817460276739,226.56061059995815,221.61061861976825,225.33865356445312,877119
2006-11-13,226.16705336372445,236.0670496018194,224.4894435453508,233.62310791015625,2557345
2006-11-14,234.0787755503233,238.78022385068596,234.0787755503233,236.0049285888672,2064433
2006-11-15,237.72400041081949,241.43130475000942,234.0373846235046,239.69155883789062,1675974
2006-11-16,240.2507100824464,241.90761733520853,236.75051630345476,239.1944580078125,1697486
2006-11-17,240.66498001922847,242.90178397651394,238.20033551437947,240.60284423828125,1666693
2006-11-20,240.25076203247963,255.94990904906336,237.39262796224568,250.6063995361328,3711046
2006-11-21,254.3344015813565,259.20155478312597,251.84905451405984,258.4145202636719,3094472
2006-11-22,260.9619594804881,266.7197152241486,256.8197057101269,264.3586120605469,5391386
2006-11-23,265.93268951510976,268.0038164678825,256.17768184807295,257.66888427734375,2933759
2006-11-24,257.6482150044684,260.13356205856763,253.50596056354593,255.43211364746094,2211060
2006-11-27,281.6732591092899,281.6732591092899,256.09486312691564,261.1690979003906,3121716
2006-11-28,260.96195391980984,264.2757680863933,256.8197002377134,260.1335144042969,2102556
2006-11-29,260.13352917051276,261.7075980020568,256.529766579389,257.3789367675781,1580964
2006-11-30,260.13356762600205,263.0331345757965,253.71307591038658,261.2519836425781,4833008
2006-12-01,263.44739556435076,267.17540238443996,261.4176733515696,262.3289794921875,1435962
2006-12-04,263.03313580606965,264.6486380830231,260.3821119702863,261.47979736328125,875521
2006-12-05,262.20474242864384,266.3469977092127,259.2223085278146,264.8143615722656,2940021
2006-12-06,266.76114213263554,270.03352343923706,261.16909067075136,268.1488037109375,2769269
2006-12-07,270.48915842932206,270.861973056197,262.20465076437006,264.2343444824219,2975676
2006-12-08,265.5184970365432,266.71975135371383,261.1691047414602,262.78460693359375,1222352
2006-12-11,262.7846281145864,262.7846281145864,234.07879374600174,251.37271118164062,3291504
2006-12-12,246.5055449642463,253.9201809919093,232.64970074115809,238.5731201171875,4072055
2006-12-13,252.20117199963903,252.20117199963903,230.45434721281973,247.7068328857422,3447435
2006-12-14,251.80762303463416,255.57709089203055,248.94948931641184,252.84320068359375,2546930
2006-12-15,256.40555640956757,257.9588949872788,252.26330150082143,255.1421661376953,3472988
2006-12-18,256.4262863904401,257.6482434502645,247.29260620463853,256.5091247558594,1735488
2006-12-19,256.5091156077664,256.819766480078,246.4641296037735,250.8135223388672,2665376
2006-12-20,251.02056220698077,255.9498221034869,246.87830861263367,250.48207092285156,1977950
2006-12-21,250.6063334127034,255.16283515388045,243.56451298914013,253.40235900878906,2982355
2006-12-22,253.9201342069948,256.8197005672768,250.62705066065936,254.70716857910156,1156513
2006-12-26,254.97644457925873,260.34065560784836,252.67747695824227,258.6216125488281,1578457
2006-12-27,258.8908999279242,267.5896575498778,258.8701973498906,261.5005187988281,1439384
2006-12-28,265.0628566876971,266.47122098357113,259.3672637225981,261.2519836425781,2825679
2006-12-29,264.6278544224669,264.6278544224669,260.13351671164,260.9412536621094,837356
2007-01-02,258.47668690354294,263.4474096838569,258.47668690354294,262.763916015625,615821
2007-01-03,263.4474027377616,265.9327500362523,261.08629895976276,265.3321228027344,1730509
2007-01-04,267.1546553615888,267.1753579356172,261.37622471257856,264.1515197753906,1814596
2007-01-05,264.1514576098565,265.10416852270976,258.4765692187878,263.571533203125,1649861
2007-01-08,263.57160556722187,263.57160556722187,256.4262437067877,257.6896057128906,2161240
2007-01-09,257.6482055002991,260.96199209943495,253.17456974703623,258.145263671875,1482322
2007-01-10,258.47662009378433,258.89083987200974,251.16555404607766,254.18939208984375,2025219
2007-01-11,254.29303810176313,264.69008111510954,252.82253780696962,263.61309814453125,1464605
2007-01-12,267.175379025056,277.0339567764897,264.31724538825557,274.96282958984375,2427551
2007-01-15,279.6021029742061,287.88661056017565,273.3887222847289,273.9893493652344,1157802
2007-01-16,275.6670209419235,279.0636743029472,265.99487776453793,277.4689025878906,1848047
2007-01-17,277.406814651705,279.6022139607559,274.6936544522087,276.74407958984375,828677
2007-01-18,278.1523291736041,283.74435206487385,277.11675171638655,278.8772277832031,1361253
2007-01-19,282.9159664084206,285.8155333466313,276.30906737439176,283.76513671875,1042139
2007-01-22,285.8154937337314,285.8154937337314,278.77367325846166,280.1820373535156,871498
2007-01-23,281.21766487167883,290.78626700063126,281.21766487167883,285.7741394042969,3510112
2007-01-24,289.83350661601133,289.83350661601133,281.79754098378896,284.59356689453125,2234602
2007-01-25,280.6583909937808,305.6983217746386,278.5665614651053,298.6979064941406,5698257
2007-01-29,297.786600646167,297.786600646167,286.3125780680592,295.44622802734375,1168698
2007-01-31,295.13559607542163,297.70378132207884,292.02889141663906,293.78936767578125,1251336
2007-02-01,297.7866133974488,304.0414277325603,291.20044566534966,303.0265808105469,1399112
2007-02-02,304.4556837520427,322.246687100442,304.4556837520427,319.2021179199219,5515124
2007-02-05,321.8531893122601,330.2619424985317,317.29668655401275,323.57220458984375,3693214
2007-02-06,323.57211131855365,326.8237896824879,317.54513816465163,319.2227478027344,2170667
2007-02-07,320.40331905453036,323.5099954488018,317.79370078452604,320.1755065917969,1457009
2007-02-08,322.6815525012637,322.6815525012637,314.8112645751255,317.56585693359375,1207737
2007-02-09,318.12506735102886,319.78197444159866,309.8405599504458,311.4974670410156,1119853
2007-02-12,318.53937801019407,318.53937801019407,295.36345885774676,300.76910400390625,5285740
2007-02-13,299.8991479355502,318.0629342081009,293.31298076801926,306.6717224121094,4260903
2007-02-14,308.5564596390076,318.33216914671453,294.7006042515221,315.8053894042969,2485794
2007-02-15,316.5096480759962,330.13766566272744,316.5096480759962,328.625732421875,2173130
2007-02-19,330.9660714081891,336.26814641735774,328.5428603977927,331.3595886230469,2100035
2007-02-20,331.38029738786565,334.07278216865467,326.40960372717103,327.9215087890625,2195408
2007-02-21,328.4807354272246,340.0790301510214,328.0250824238635,334.5284118652344,3748645
2007-02-22,335.52261597040837,343.39290582337054,328.10797920194807,331.6910400390625,6487779
2007-02-23,331.6703337682518,334.69417249206293,309.01217578687147,313.13372802734375,4619659
2007-02-26,311.49754296869656,316.0125843322436,295.8605328411804,303.1716003417969,6128223
2007-02-27,306.1126354011163,309.84067067407005,297.4760409237758,299.56787109375,3589856
2007-02-28,282.9987251453668,306.5267196714754,277.5309462381487,297.78656005859375,6574038
2007-03-01,306.52682318425013,306.52682318425013,289.9578041984921,301.94964599609375,4022394
2007-03-02,300.72763744140104,305.9883078521022,290.3720294363673,292.71240234375,3403993
2007-03-05,289.0464850456353,290.76550004304414,278.4216039719623,284.4485778808594,4554717
2007-03-06,287.8659718944748,306.11260081762674,281.7768613943047,298.53228759765625,4894205
2007-03-07,301.5560956262484,305.28413009950253,290.64126594616795,299.4021301269531,3950452
2007-03-08,301.5561120991037,316.4682227544417,297.8695106272472,314.1071472167969,2692252
2007-03-09,316.4681109394254,317.71079807674846,305.2426057221572,310.83465576171875,3262728
2007-03-12,312.7401510913262,322.93010946625924,311.0832438695158,318.70501708984375,3533674
2007-03-13,318.95353885667095,319.36775865778725,311.601039203916,317.0066833496094,2147344
2007-03-14,298.2423204812697,311.1661712936632,291.05552432237545,302.3431701660156,2353885
2007-03-15,306.5268353555595,310.58625190080363,299.5678515935834,301.57684326171875,1722218
2007-03-16,299.07079698458483,309.01218644987307,292.85741454264246,297.10321044921875,3891133
2007-03-19,302.3431459472177,304.8698981948047,298.28372979591734,303.896484375,1780641
2007-03-20,304.86990249230377,310.25484465073345,304.45568264602576,305.511962890625,1415189
2007-03-21,308.1836660819933,318.4978675783721,303.29581099430646,315.4740295410156,2665580
2007-03-22,318.5393564219691,324.75273832438364,316.9238821767503,323.26153564453125,2583344
2007-03-23,323.4271766068214,329.3091763687283,323.0957951532378,324.8355407714844,2562737
2007-03-26,322.35020698116006,327.0723858733501,260.13355395031624,319.2435302734375,2665214
2007-03-28,319.7820457098609,319.7820457098609,311.91175631484083,313.8586120605469,2779565
2007-03-29,310.2133734874736,323.0957886649665,308.0387055344706,316.2610778808594,3562978
2007-03-30,313.1543765102293,318.5393180647987,313.1543765102293,316.4267578125,1609354
2007-04-02,310.93832364764,310.93832364764,299.8163828380183,301.94964599609375,2211386
2007-04-03,302.3845698639992,307.02391091116573,300.2720373257607,303.9172058105469,2267392
2007-04-04,308.39082681510547,312.30526887662734,306.568242662927,309.6335144042969,1610696
2007-04-05,306.4853544205082,312.69873525062786,306.11253978874873,309.0328369140625,1199393
2007-04-09,310.23411924135894,317.29664284174237,308.61864512840793,315.2462463378906,1855536
2007-04-10,315.6604813916758,318.0836926780788,314.397091255933,317.1309814453125,1358553
2007-04-11,317.2966080037801,323.07506637211713,316.0539486928431,320.65185546875,1698609
2007-04-12,320.486223480001,320.9833097590283,314.81133279216874,318.53936767578125,1685933
2007-04-13,316.882382615805,325.39473059047066,316.882382615805,323.7378234863281,2035423
2007-04-16,324.3385449893238,333.4514946369392,324.3385449893238,332.37451171875,2189971
2007-04-17,333.45146263979257,337.1380641334388,329.84769950445633,331.27679443359375,2060166
2007-04-18,330.5104895141672,340.4104736318577,330.5104895141672,337.4902038574219,1835012
2007-04-19,335.43974533133894,341.3217455508696,327.75586357756026,339.0020751953125,1408192
2007-04-20,340.2032837435717,351.57376539160003,340.2032837435717,350.2896728515625,2016463
2007-04-23,352.15368532931484,359.52688709103984,347.12085615366556,348.6741943359375,2102718
2007-04-24,347.94929117144534,365.3674765367897,345.87816427130423,361.7430114746094,2952584
2007-04-25,356.79304393790335,362.44720307048925,354.30766905410394,357.22796630859375,2728282
2007-04-26,360.37611579703014,364.2698271977774,354.2041672116582,357.55938720703125,4617451
2007-04-27,360.29324960462964,360.29324960462964,336.45457131344693,342.295166015625,7988535
2007-04-30,340.4934107024547,344.63566644361487,331.3804312405344,336.0819091796875,8672438
2007-05-03,345.464022668178,347.9493699002414,338.42220083528633,345.9818115234375,2757447
2007-05-04,349.5648136567028,349.8133567738757,336.35104407925326,338.0907897949219,3998536
2007-05-07,342.56442821449326,345.04977524806867,338.4221738077774,340.6382751464844,1923453
2007-05-08,341.73594114981165,343.80706823588486,335.1083400848312,337.65582275390625,2821684
2007-05-09,335.5640655573797,342.9165668980801,331.7945971764033,341.98455810546875,3037623
2007-05-10,343.8070345029077,345.6710515027106,337.17943408820105,339.2298583984375,1811385
2007-05-11,335.5225781652163,339.1470437501771,331.8774100044708,337.1587829589844,3337218
2007-05-14,339.5819531892885,343.80704543209436,337.987181791994,341.52880859375,2004812
2007-05-15,342.1501952195589,346.08533988239105,338.42218853311914,345.4225769042969,1899206
2007-05-16,346.29240607041146,352.4229488173702,345.46396647856017,351.3666687011719,1479178
2007-05-17,352.63007860560003,357.8907488569381,350.0204600813495,351.9673156738281,1671076
2007-05-18,351.61528150712724,354.9912324229651,346.7067226529797,352.92010498046875,1243935
2007-05-21,354.9911862802356,357.06231345352114,350.22757414508953,352.7129211425781,2150422
2007-05-22,352.09157230276054,357.642190581823,348.7777858366627,355.9438781738281,2282129
2007-05-23,355.81966556821,359.1334806355457,351.05608095465413,352.1744689941406,2286729
2007-05-24,352.05017351379206,354.1213006121192,344.63553794073533,346.7066650390625,2197960
2007-05-25,341.7359508091821,347.1208926060887,338.6292741183948,345.5882568359375,3217827
2007-05-28,350.60034605495883,350.60034605495883,341.7359138577789,343.1650085449219,968422
2007-05-29,344.2212696286087,350.7038962196632,333.49284816697997,346.3959655761719,3317805
2007-05-30,344.2212975653825,346.2924247087526,342.6886617961525,344.7183837890625,2058029
2007-05-31,345.87818406939243,355.4053795762856,344.6355246895378,351.7809143066406,3470860
2007-06-01,351.5738591763541,353.7485556817852,345.878265546332,348.4878845214844,1242211
2007-06-04,345.9403254949763,350.0204438247957,341.75666624127837,342.4815368652344,609319
2007-06-05,341.7359764184487,348.7778260692086,337.3037735346009,346.87237548828125,783669
2007-06-06,345.0704491786506,348.736347671073,339.934050774437,341.44598388671875,866684
2007-06-07,339.6647862727065,347.9078887932425,338.836346726967,340.2032775878906,1389292
2007-06-08,340.14118463641057,344.9669325598742,329.30919314568797,337.8008117675781,3085680
2007-06-11,341.7358937505331,343.39280080003,333.96917526808124,336.0610046386719,1469227
2007-06-12,337.1794978051079,339.2091918740038,331.38033582677036,333.88641357421875,1395430
2007-06-13,333.8242245489153,335.10831708264,327.23802908533287,330.7382507324219,2958591
2007-06-14,331.38035787395813,340.86612198214203,330.9661380020051,338.7742919921875,1122545
2007-06-15,339.66490818685,342.9787236637523,335.10843294531713,336.7239074707031,684745
2007-06-18,338.836331098363,341.3216776732135,333.47212076690647,335.0668640136719,1125911
2007-06-19,334.6941079502005,338.29787063036576,333.18217485371684,336.28887939453125,1944805
2007-06-20,345.8782281378666,345.8782281378666,337.1794991615031,341.71527099609375,3535221
2007-06-21,341.32177618463555,343.35147039524435,337.22095455517683,338.1322326660156,2045640
2007-06-22,342.5644119673459,343.80707139906133,337.179470273104,341.94305419921875,1147445
2007-06-25,341.3217307855724,345.8782048905326,340.07904327864236,344.7183837890625,4543446
2007-06-26,345.8781738856868,354.162681716536,344.63551454241986,353.25140380859375,2355536
2007-06-27,354.1627571067455,355.77823142823706,345.1326461372536,347.3073425292969,1099923
2007-06-28,350.02048356877845,353.33429845000484,346.08533891692406,351.5738220214844,2012209
2007-06-29,351.55310142594567,351.55310142594567,344.0141939967665,346.271728515625,1509571
2007-07-02,347.94932446669725,350.807486033888,345.5882491123758,346.7066650390625,1426498
2007-07-03,347.12090423265005,363.44137882422194,346.727386976243,358.9677429199219,3353881
2007-07-04,364.06277038180605,365.51256809341805,354.9912535251952,356.3581848144531,1757484
2007-07-05,360.37607196567114,360.37607196567114,349.0262925758455,353.2306823730469,2095710
2007-07-06,350.16546051006736,364.5598107034235,350.16546051006736,358.8227844238281,2912839
2007-07-09,356.25455477764126,368.6192103146045,356.25455477764126,365.9888610839844,1950872
2007-07-10,368.5364101016367,370.23475098984255,356.87597667824855,361.225341796875,1698527
2007-07-11,361.2252485059128,364.93255217602973,358.0978413336633,362.1572570800781,864696
2007-07-12,367.4179258238812,371.91226392838865,361.9915510961143,364.8290100097656,2552589
2007-07-13,364.4355306242363,370.5246408291941,362.2815650106703,365.7403259277344,2398955
2007-07-16,364.9326118800167,369.48911457265274,362.4886978339876,363.9591979980469,959448
2007-07-17,364.51839046100423,367.3765524140289,356.6895340218896,358.1600341796875,1301912
2007-07-18,357.0623728245771,370.9389075563417,356.233904986146,366.46527099609375,1260095
2007-07-19,368.6606010085871,372.80285526769785,366.5894738790317,371.3530578613281,2843001
2007-07-20,374.8739462170413,390.57308890494494,374.04550666608225,382.6820983886719,5189406
2007-07-23,380.2175306465104,393.0585145798731,380.2175306465104,389.7861328125,1595819
2007-07-24,391.50512554319545,395.99946372923205,383.98692106400136,386.285888671875,1950131
2007-07-25,381.9573034465927,395.58532290447266,381.9573034465927,392.2301025390625,2661976
2007-07-26,397.24209546678844,397.24209546678844,378.2084372007471,383.42767333984375,5113838
2007-07-27,376.5309089712186,376.9451288078634,367.83218019259283,369.6961975097656,2518535
2007-07-30,367.0037809927309,373.58997861331216,358.30505058990775,366.8381042480469,2951747
2007-07-31,370.73173421541014,374.8739885424234,362.28154885339296,373.2585144042969,2403595
2007-08-01,368.6606289611922,368.6606289611922,352.56796629757315,357.43511962890625,5095368
2007-08-02,359.5476653118722,365.3053938820383,354.24556172312697,361.929443359375,1599958
2007-08-03,367.8321188560502,367.8321188560502,359.5476112955229,361.4530334472656,982613
2007-08-06,354.82548455723054,363.27569808376745,352.15373020029375,359.0920104980469,1765058
2007-08-07,364.0006070513673,364.91191321010814,360.60398166465745,362.9650573730469,969936
2007-08-08,365.2225934040946,368.66065201074883,363.6899574330557,367.02447509765625,1020507
2007-08-09,369.48908694249457,372.3886538461868,357.5800843201098,360.35540771484375,1769412
2007-08-10,352.71295951204996,353.33431736821854,341.73599271520095,347.3073425292969,3437378
2007-08-13,351.6773812203195,355.40541584485993,345.87821936573107,352.7543640136719,1105901
2007-08-14,352.9614283320803,356.6480292758818,349.2541248148568,354.6390380859375,843756
2007-08-16,340.49330118103074,344.22130770711857,329.30919744595496,331.8774108886719,4575053
2007-08-17,330.92464987373563,334.40414110432374,310.66903219502075,330.1169128417969,7884465
2007-08-20,341.7359709660205,347.9079476134259,333.4514618989104,342.9372253417969,1895250
2007-08-21,347.05883080849,347.53518650649806,333.45151331053296,337.0967102050781,2478297
2007-08-22,352.50586812306454,352.50586812306454,335.97828127264324,351.0975036621094,2144606
2007-08-23,354.1627577126186,359.96192004904816,350.02050290835086,352.5265808105469,2151217
2007-08-24,356.9586766656327,361.163065992421,350.55888902486834,358.5327453613281,1798756
2007-08-27,360.37607976394355,365.32607090407123,359.17482551017747,363.25494384765625,1298901
2007-08-28,362.0330112979032,364.4769531703195,358.3464099396649,362.5715026855469,902086
2007-08-29,354.5769222448641,366.5480597637636,349.60622847641304,364.3526611328125,1930054
2007-08-30,368.4120873168621,368.4120873168621,358.7606470264909,366.13385009765625,4756885
2007-08-31,364.4147969088383,367.8114217543274,360.4382194522622,364.3526611328125,2069972
2007-09-03,364.3526205514518,364.9325169934122,356.23378984134695,360.18963623046875,2339511
2007-09-04,360.603925855063,362.44721241287544,352.92004463772463,355.5296630859375,1817390
2007-09-05,356.2338324959649,358.71917940096387,348.57065382430466,351.63592529296875,2410235
2007-09-06,349.9790864467269,352.9200867017032,340.90754254693445,348.77783203125,2417700
2007-09-07,351.57380591149536,352.5058145508663,347.949340337173,351.2010192871094,1945679
2007-09-10,350.0204610332194,355.3225645018134,345.96104507814465,352.5472412109375,1493464
2007-09-11,354.1627136838082,355.8196210099865,347.9907654525976,350.5796813964844,1490686
2007-09-12,337.69724830545573,354.1212904948396,337.69724830545573,348.6949157714844,1184245
2007-09-13,348.6949585766705,351.65668940125886,346.70669769473045,347.5144348144531,1563518
2007-09-14,350.02047691682145,352.0501990126008,342.9579248648308,343.64141845703125,1804670
2007-09-17,345.81606973110524,346.3752917337455,334.279910316921,337.34515380859375,3479454
2007-09-18,337.5936810115803,347.0380383106222,334.7148169375192,344.86334228515625,1830966
2007-09-19,354.1627686517199,370.31756849779555,350.02051371950944,367.3558654785156,2583930
2007-09-20,368.66053879118436,376.9450459112619,365.34675277451237,370.25531005859375,2580508
2007-09-21,371.9536659785019,383.1584713112635,368.764151120857,381.6051330566406,3078048
2007-09-24,385.64388229397014,393.7212818351325,384.8154425676039,391.401611328125,3196641
2007-09-25,399.7275269417083,403.8697813976044,389.41332400638987,399.23046875,2420369
2007-09-26,400.39030933211626,403.37274278393403,395.6267248923124,397.22149658203125,2153440
2007-09-27,401.38440442648414,408.01200545162664,391.8986418682416,397.718505859375,2766810
2007-09-28,395.626661203051,401.17727930561773,385.6438128165692,389.3304138183594,1719943
2007-10-01,387.3421825585187,399.0647493343068,386.61728384750836,389.9725036621094,2501663
2007-10-03,397.6563526005269,405.94086053079343,389.3718446702603,402.0471496582031,2873903
2007-10-04,402.00574239242803,414.6396149958798,394.7982166618603,398.33984375,2263054
2007-10-05,401.7986385756817,421.2672225419012,395.6473929110673,411.9057312011719,5022308
2007-10-08,414.22538552642226,434.0460808234114,403.04131058070516,408.28125,2767234
2007-10-09,393.9697296996307,436.6556569598951,393.9697296996307,430.29730224609375,4987514
2007-10-10,434.5224212113157,490.52566038446645,434.5224212113157,443.5939636230469,17524680
2007-10-11,451.50568855362746,457.7397725500098,437.8776714087894,454.0946044921875,8627953
2007-10-12,447.2806373198881,458.9410693318884,437.1114080102703,442.64129638671875,6066409
2007-10-15,454.40522843933826,469.73158520266185,443.2211537639485,466.2727966308594,7623379
2007-10-16,469.690202401127,469.690202401127,451.6092512159858,459.2724304199219,6959437
2007-10-17,430.7944043914839,466.0035647354445,410.08313360091887,457.9468688964844,14053554
2007-10-18,459.7902417145872,459.7902417145872,413.81122034835573,420.1281433105469,12389623
2007-10-19,420.4388219726588,420.4388219726588,387.3007845322701,404.4082946777344,10233675
2007-10-22,393.5141305388414,398.2777145692633,376.3237836055423,385.33319091796875,15169670
2007-10-23,401.7986060149198,427.43916419544854,392.27141068726496,415.50946044921875,11007585
2007-10-24,418.36772964591006,430.6702231479342,403.86983705240857,412.7549743652344,18347926
2007-10-25,413.6661992457093,427.48059544372614,405.94088476029384,422.074951171875,27081723
2007-10-26,416.29654127012765,429.5103390449949,408.1156014119407,410.37310791015625,8246107
2007-10-29,418.36770355682023,423.2969929027245,410.1246272275544,412.3407287597656,7941472
2007-10-30,414.22537827108755,424.9952332250411,406.76930973635973,414.0389709472656,6107084
2007-10-31,414.2253994848546,427.48060194513465,412.154272347169,416.95928955078125,10274420
2007-11-01,420.4387728276883,444.8780781937259,381.19092694542036,389.4132995605469,14084832
2007-11-02,352.1951852608473,383.15852606460777,352.1951852608473,370.7110595703125,19492318
2007-11-05,371.9744047438711,393.5141150395694,366.17524334048494,390.1174621582031,9856104
2007-11-06,393.51408560796796,398.4433738347896,375.1017838933344,380.1346130371094,8708825
2007-11-07,399.72754407432427,399.72754407432427,366.796616933279,372.7407531738281,10839160
2007-11-08,368.6192103146045,370.7317426771913,352.50581761188084,365.9888610839844,10833426
2007-11-12,355.281121731395,357.352248829973,342.5644108838975,345.48468017578125,17654586
2007-11-13,347.9493439806466,356.6480726710153,342.9993524627398,345.56756591796875,18223378
2007-11-14,356.23389471208867,367.99789642896246,350.02051233829167,355.9853515625,14877265
2007-11-15,358.30494860899734,381.85367783877246,358.30494860899734,373.6520080566406,10038461
2007-11-16,370.3174655366048,380.21744702263777,368.70199161161025,378.1670227050781,4690847
2007-11-19,390.61457942209745,390.61457942209745,373.7348826501138,376.3652038574219,2914619
2007-11-20,371.5187125584852,377.152168615068,368.24633157368015,374.8739318847656,7493187
2007-11-21,374.87399330255295,379.8447153894489,364.9325771810317,372.84429931640625,12983451
2007-11-22,364.5183762111823,379.4304871387783,357.0623347735203,375.4746398925781,4582611
2007-11-23,380.2589170948006,383.1584838014345,374.93611121342195,380.072509765625,4693518
2007-11-26,384.40114452099925,394.34253142450507,383.1584571319274,392.2507019042969,4701403
2007-11-27,401.1358678799172,401.1358678799172,377.3593253197957,379.3683166503906,7330157
2007-11-28,381.0873720862893,386.05806608457976,374.48047331335476,376.9658203125,4762049
2007-11-29,383.1585460418383,385.22967346937406,372.03660494054003,378.9127502441406,9664157
2007-11-30,379.451218812808,393.4727262463073,379.1198373222923,389.164794921875,5137887
2007-12-03,389.786095432034,393.5141299073688,379.9275459208427,382.72357177734375,3716097
2007-12-04,385.2296116484409,388.5434262216128,378.2084933205354,379.7825622558594,3155529
2007-12-05,380.25895666063457,383.1170904629721,375.9509972757224,381.2738037109375,7268153
2007-12-06,382.7443264299924,394.46689477386013,381.0874188763696,389.64117431640625,10396951
2007-12-07,395.5852420339472,412.5270732363465,392.7478111346491,397.1385803222656,14910029
2007-12-10,399.72752291738874,409.8346158333847,395.5852685031954,403.1241760253906,5641428
2007-12-11,405.1124233941584,432.2441842236673,403.8697359762404,429.1996154785156,11088214
2007-12-12,414.8674795964536,443.0969289598649,408.84047717745244,438.5611572265625,7349570
2007-12-13,439.90735632703735,439.90735632703735,407.1835706215676,409.31683349609375,8689561
2007-12-14,407.1007554277223,413.8112237784041,391.44304269658613,395.29534912109375,6864177
2007-12-17,393.47268669501227,393.514119896764,370.33820462391077,374.7911376953125,9867630
2007-12-18,376.945068359375,384.3390006616206,374.87394145601434,376.945068359375,5124601
2007-12-19,382.7442598005831,383.1584796038116,373.2170640649838,375.2053527832031,7283480
2007-12-20,375.20535785462164,384.9810687729289,373.63131697062437,380.6524353027344,5136659
2007-12-24,383.15850977341495,408.0120365512973,381.08738254192474,402.7099609375,7673238
2007-12-26,397.24213951722965,410.0831214153583,393.92832506830115,407.36993408203125,4526006
2007-12-27,412.15427720662166,412.15427720662166,392.76853145768223,399.8932189941406,8538927
2007-12-28,395.58533170593176,403.3313503811923,386.9280068151316,389.9518737792969,5588459
2007-12-31,409.130429035723,423.91826708088155,397.65637753913103,412.73419189453125,9956733
2008-01-01,414.22538047965986,414.22538047965986,398.9611873598245,400.8044738769531,2945314
2008-01-02,401.79866927684395,407.059339927218,394.3425997549824,400.2453308105469,5287686
2008-01-03,395.5852994997005,399.66541845372404,388.9991307353839,393.141357421875,5097441
2008-01-04,395.50244294066243,397.2007555234628,389.7861193211721,392.8306884765625,4499385
2008-01-07,389.3718591738229,392.6028072881588,383.1584779946831,388.14990234375,5724909
2008-01-08,396.3515628852792,406.1479759737568,390.22102020056496,404.2425537109375,8578334
2008-01-09,407.18356826666314,407.18356826666314,395.19172813234786,403.5176696777344,5854734
2008-01-10,405.1124964211415,405.1124964211415,395.70957087516615,400.7424011230469,6064761
2008-01-11,401.7986683572087,407.18361056092505,388.1292169491732,399.6654052734375,5761107
2008-01-14,377.50432196996786,401.79865476940216,374.0041278898968,375.8474426269531,12253051
2008-01-15,376.94515309674966,378.6020606023648,350.0204973003909,355.3226013183594,23642084
2008-01-16,350.0203977452389,362.8613781699606,339.76833280841703,358.5327453613281,17633859
2008-01-17,358.30497363873684,371.3116612895647,350.8489326314423,361.183837890625,11180714
2008-01-18,358.34644196748235,368.66064566209934,354.1627539991746,361.6395263671875,7200791
2008-01-21,367.8321583192012,368.66059794322706,332.29161594945464,343.3928527832031,9506786
2008-01-22,335.5225627885405,372.72001230812805,290.3720143641236,348.96417236328125,13027061
2008-01-23,354.16273892324807,418.7404996776977,335.93681314095403,351.28387451171875,7687900
2008-01-24,348.36353433255874,359.9618569730475,344.3248492296182,352.81646728515625,6481352
2008-01-25,356.2338460914898,383.0963635908807,350.0204645657265,379.05767822265625,6583824
2008-01-28,372.7821739603092,372.7821739603092,350.0204768117078,360.0033264160156,5403360
2008-01-29,371.97445100627255,371.97445100627255,350.0204901245677,352.3194580078125,8065841
2008-01-30,356.2338562011719,359.96189083288306,350.1033128558931,356.2338562011719,7348853
2008-01-31,357.0622694319301,371.1459100321078,352.0915479975142,355.7574462890625,11642382
2008-02-01,357.0623814229634,382.7443520395475,352.6094473344562,376.7173767089844,5664881
2008-02-04,391.31872411501604,391.31872411501604,361.4323691802192,382.3300476074219,6577788
2008-02-05,387.30078125,392.064365676004,376.94514463763977,387.30078125,5234634
2008-02-06,372.82353842798483,374.7496913270527,360.43820949807287,372.4921569824219,6120545
2008-02-07,374.87399749276335,379.84471963522026,352.5472511865065,358.0978698730469,4098494
2008-02-08,362.03302188532916,368.66062349367843,352.09160544666946,365.7403259277344,2850477
2008-02-11,364.9326248597652,391.31879038839867,341.7360029137391,351.3460388183594,7647667
2008-02-12,339.6648558959442,360.3761293074208,339.6648558959442,355.73681640625,5362843
2008-02-13,366.48597039255634,366.48597039255634,340.49332366376683,355.73681640625,4123271
2008-02-14,364.5183318839175,372.80284006428536,358.71917054720626,363.31707763671875,4164677
2008-02-15,353.4377991831634,368.57774887450233,353.4377991831634,364.7668762207031,3179953
2008-02-18,369.4890576401248,370.3174972462599,357.5386508132393,364.414794921875,2702105
2008-02-19,368.24640291007614,370.29682758546124,362.4472409948676,368.12213134765625,3299348
2008-02-20,359.5476289994225,364.10410277161714,356.2338145911349,359.21624755859375,3614756
2008-02-21,361.4116927004469,365.82319292092814,353.33429358442504,359.9411926269531,3092424
2008-02-22,356.23384249627543,359.5476571641467,350.8074955233726,352.5472412109375,3509963
2008-02-25,359.9619203762429,359.9619203762429,345.0705112556144,352.1744689941406,7483856
2008-02-26,356.7517018260996,356.7517018260996,344.6356153961404,347.6594543457031,7638677
2008-02-27,351.18027166336145,354.99114408716844,345.6710588890026,348.6741943359375,6024575
2008-02-28,349.5233819398053,352.0915671144942,344.84263653425387,350.4967956542969,5519489
2008-02-29,351.26316131897096,351.26316131897096,333.9692447434694,342.2537536621094,7638600
2008-03-03,335.4190336066902,335.4190336066902,323.0958114779121,328.1700744628906,4997354
2008-03-04,328.48072145432644,330.55184842964604,311.0832380302813,317.66943359375,6484781
2008-03-05,314.811276985279,316.7788630705111,306.56820215797353,311.1039733886719,7153695
2008-03-07,306.5267574743335,318.82924750666484,302.42593681431214,311.1246643066406,16904813
2008-03-10,310.6483892092624,342.9786914719818,303.7101079916615,333.5343322753906,10229645
2008-03-11,329.7234222047094,329.7234222047094,318.14582909427156,326.4717712402344,7127332
2008-03-12,331.38032607490214,340.7832509168511,328.1700802969087,338.8363952636719,6480848
2008-03-13,331.38031413782215,335.93678823248194,314.8941353813203,323.36505126953125,4843782
2008-03-14,323.3650546295123,325.16693610046184,307.0031472586383,311.87030029296875,8146648
2008-03-17,302.3845529365185,314.68704497545673,292.5260028546493,307.6037902832031,6123170
2008-03-18,302.90237504988517,321.0247336147963,302.90237504988517,314.2107238769531,11204920
2008-03-19,320.9004281961832,329.7234287096959,316.71676849065017,322.163818359375,7744072
2008-03-24,330.9660350010379,334.69406879294974,321.4802738449472,331.54595947265625,5217535
2008-03-25,335.8332193163472,350.64175888986506,334.69410088761504,345.29827880859375,7035249
2008-03-26,345.87821861604937,350.8489407887531,328.99854996172127,332.9129638671875,7086449
2008-03-27,331.8567042268387,345.0498003393041,321.5425006639537,342.564453125,9338878
2008-03-28,342.5644671929032,350.0205091420087,331.9395842723017,342.9993896484375,8073277
2008-03-31,342.02594116827794,347.90794137842147,334.3006262223059,342.2537536621094,4628567
2008-04-01,343.8070996227482,346.7066946393222,329.3506419020594,332.6644287109375,6424625
2008-04-02,338.4221311896049,347.5350785158599,337.6765019263872,340.9488830566406,5289373
2008-04-03,341.3216754183092,343.3928022257129,334.6940752450706,339.5404968261719,4557209
2008-04-04,337.59372051550963,342.93722948946845,322.66090704809653,324.7113037109375,5526255
2008-04-07,327.2380213514083,345.0289932439571,322.3915995654259,339.167724609375,5005085
2008-04-08,339.2505671634319,345.46394792543276,330.42756816452675,343.1650085449219,5173714
2008-04-09,343.1650614036752,343.39287389860976,336.4545934378111,340.4518737792969,3459114
2008-04-10,340.4519053417421,340.4519053417421,327.27953936450666,330.8211669921875,6428921
2008-04-11,333.0372058881028,339.20915381296186,330.55185904833326,333.49285888671875,4370385
2008-04-15,331.8981234525175,349.17130970872734,327.03097016788706,338.29791259765625,5995761
2008-04-16,347.120922762297,348.4464487383691,329.3092165503052,334.50775146484375,6291990
2008-04-17,338.4221878154391,342.9786622409698,334.38347417297547,341.0732116699219,5428072
2008-04-21,343.8070722479299,360.35538655496833,341.73594513768774,354.5355224609375,6221297
2008-04-22,358.30487678376,359.52683335295785,350.84883779194035,354.57684326171875,5102851
2008-04-23,364.4562201293365,364.4562201293365,346.830922484032,350.0411682128906,6251069
2008-04-24,351.3459820799919,361.3495336723789,346.0231761090857,349.1920166015625,7150171
2008-04-25,352.92002741730863,389.3097097893869,350.02043280370907,382.08148193359375,18853249
2008-04-28,383.1585457805165,393.5141829111324,377.6079265226882,384.42193603515625,13385640
2008-04-29,381.1494845234751,384.81538304492847,372.11937508330095,373.2999267578125,8271027
2008-04-30,376.9451564984861,380.34180990258193,368.68134952559166,372.0780029296875,9531034
2008-05-02,372.80277259570244,380.19670406580076,368.05989224026956,372.9063415527344,6983329
2008-05-05,376.11674023672407,376.8416390754785,366.7552472266327,370.296875,5885706
2008-05-06,374.8739851303625,405.85805394695245,347.9493322498419,350.5796813964844,19753039
2008-05-07,352.0916352321949,352.0916352321949,330.5519211698193,338.0700988769531,23160308
2008-05-08,335.5225806278559,345.8782166982302,333.534291769799,343.4757080078125,12010102
2008-05-09,332.2087658595356,356.2338226823711,332.2087658595356,348.6949157714844,14521081
2008-05-12,341.8394864975301,350.72462136311026,339.6855212094543,347.1001281738281,6268762
2008-05-13,348.7778236510561,350.39329788430825,337.6558552604158,339.6855773925781,11809835
2008-05-14,339.6648269868881,352.09158997612565,337.5936998220152,351.615234375,8278661
2008-05-15,351.6773871958777,356.8137861799447,348.26003141607305,354.6598205566406,9753022
2008-05-16,358.1807083891239,358.1807083891239,348.0529128640819,353.1064453125,8127355
2008-05-20,352.0916041651593,352.0916041651593,333.45145893011886,343.64141845703125,9909849
2008-05-21,341.3217478869995,343.35144192933444,337.59371323169165,340.6796875,4334800
2008-05-22,339.6648695246887,341.6945917928632,335.5640478845382,338.712158203125,4996455
2008-05-23,339.6647968795298,350.02043178598706,337.5936698982384,346.97589111328125,8013077
2008-05-26,356.2338689128252,362.03303098550214,353.14789455393134,357.6629638671875,7757081
2008-05-27,345.19476518139385,361.59807879551204,345.19476518139385,357.37298583984375,6214096
2008-05-28,348.4671314494658,367.2936836472599,348.4671314494658,366.27880859375,6578534
2008-05-29,368.7020564618304,371.4773518346952,349.1506050801006,355.5918273925781,8958875
2008-05-30,358.7192375096121,364.4769947726332,353.7485428944153,362.8407897949219,3323501
2008-06-02,364.5183162103224,367.6250206705123,358.30493534221006,363.4620361328125,4174390
2008-06-03,356.2338505694915,359.8169110070622,345.1533158347531,348.5292663574219,10133894
2008-06-04,348.7777661418362,354.16267936477,331.7945027595563,335.6675109863281,10806090
2008-06-05,335.66756964588234,344.26275778365823,321.06613756804455,340.72113037109375,14337715
2008-06-06,344.635564829024,346.2924441951392,330.1583765860108,332.20880126953125,8743729
2008-06-09,335.39827653441813,335.39827653441813,310.6690239243934,323.63427734375,13504481
2008-06-10,323.5100269792695,327.1759256794342,314.8112985647788,321.56317138671875,10674769
2008-06-11,321.3974527990956,340.86603423995257,315.34974884758765,334.2384338378906,10163914
2008-06-12,331.7945574684422,340.8246959969691,318.53935406238793,339.6855773925781,9749708
2008-06-13,332.3537204324568,341.11458364592323,332.3537204324568,338.173583984375,4176831
2008-06-16,352.09164112939396,352.09164112939396,338.83643656934674,348.0943603515625,6685749
2008-06-17,340.1825968364868,347.9286136846463,340.1825968364868,344.86334228515625,3643421
2008-06-18,356.1923980386868,356.1923980386868,333.53424534551925,336.3717041015625,6336113
2008-06-19,339.66487427119193,339.66487427119193,328.6879071849573,333.5964660644531,6715904
2008-06-20,334.94272929022173,334.94272929022173,312.7195209044222,317.1724548339844,7918704
2008-06-23,314.3970895162228,319.3677836227142,304.4556732509689,314.2935485839844,9625644
2008-06-24,321.0246741370485,321.0246741370485,306.982437374563,310.9590148925781,6642192
2008-06-25,308.5772248900691,326.3267944076674,302.4259790155441,323.0544128417969,6828367
2008-06-26,325.9954001053548,325.9954001053548,312.7401695987192,318.7257385253906,9188355
2008-06-27,313.9414705475679,313.9414705475679,297.62099413946737,309.8199462890625,13935971
2008-06-30,313.8999891665112,313.8999891665112,296.5853724232948,298.7600402832031,4756395
2008-07-01,306.46466891758047,306.46466891758047,284.9456593322681,292.8159484863281,10525593
2008-07-02,306.4025119245148,314.39707208733597,286.33330121807853,307.4795227050781,16112067
2008-07-03,308.804974669512,308.804974669512,289.6263422065711,293.16796875,9836319
2008-07-04,293.16796797606776,300.6861714161911,290.8690287381934,297.06170654296875,7604357
2008-07-07,278.5872437333367,312.3258996570301,278.5872437333367,301.41107177734375,4580809
2008-07-08,298.6564967532909,298.6564967532909,287.88664135012993,294.53497314453125,6542642
2008-07-09,300.3134524914917,313.8586333213329,299.6921226715662,309.1778869628906,7879066
2008-07-10,309.2192953345089,313.9414464702864,302.3845556552151,307.251708984375,8912425
2008-07-11,310.648317598954,318.8292565786892,304.4556392081346,308.5564880371094,6892702
2008-07-14,298.7600950498534,311.2696973376055,298.7600950498534,304.80780029296875,5014281
2008-07-15,297.78659781098196,304.8698513723548,288.03159022115676,294.1207275390625,5956607
2008-07-16,295.2390790096909,305.2426284560144,289.9577073741796,302.7779846191406,8271407
2008-07-17,314.3971009041414,315.9711699911656,307.04460041032445,310.4412536621094,10672433
2008-07-18,331.21465925492225,336.7652781081444,303.62724170573284,332.6644287109375,12461243
2008-07-21,333.94847255901936,343.3513674630518,320.29972704339775,330.7796325683594,7583159
2008-07-22,315.74323107597843,339.6647424757989,315.74323107597843,322.3501281738281,11049204
2008-07-23,331.7945418242573,342.9786454697875,325.2290762130162,338.0907897949219,14672957
2008-07-24,346.29240410187833,357.0415564220673,327.48658422424836,331.2353210449219,18834014
2008-07-25,322.97148614322873,339.3748241147461,321.0867666174304,330.0754699707031,6233008
2008-07-28,291.01409185193893,337.59374232426705,291.01409185193893,329.3713684082031,6173706
2008-07-29,329.72342667044325,329.72342667044325,316.0747061398006,322.2259521484375,6724905
2008-07-30,347.82506735304514,347.82506735304514,325.1669398840369,335.4811706542969,7063035
2008-07-31,341.73595461132373,341.73595461132373,326.45102994250715,330.8418273925781,11328265
2008-08-01,327.19665544023906,341.611679037951,319.20209512929097,339.7269592285156,10261436
2008-08-04,337.55230957678253,341.6116976794628,333.51359599818994,338.0079345703125,4027245
2008-08-05,321.02466804204363,350.0825828199167,321.02466804204363,347.9907531738281,5649410
2008-08-06,352.0915977539735,367.37652273988533,351.3045632424364,360.1275634765625,12155386
2008-08-07,359.1333900239169,359.1333900239169,346.5409239974735,351.8222961425781,9175681
2008-08-08,358.28430278601763,358.28430278601763,344.67698676841434,348.30145263671875,4102500
2008-08-11,357.8907702279529,357.8907702279529,348.81922660336517,350.2483215332031,4369045
2008-08-12,355.4054280528812,355.4054280528812,339.00208636236385,341.0110778808594,6193927
2008-08-13,339.64415060774644,343.0200732791665,336.3924714508491,340.0169372558594,3702563
2008-08-14,339.72693215371794,345.62963422343637,335.72965231681013,339.08489990234375,5371107
2008-08-18,343.3100797566106,343.3100797566106,331.75318770968414,335.14984130859375,4005156
2008-08-19,337.55231265366604,337.55231265366604,323.96569977484245,328.0251159667969,5799356
2008-08-20,329.72342554499295,339.25062214501907,328.41863024120903,338.0079345703125,5689485
2008-08-21,337.4694324891332,338.297900196815,329.84768667117606,331.0696716308594,2359164
2008-08-22,334.56978442265415,338.1735465429295,327.9421846314711,335.3982238769531,3010636
2008-08-25,336.3510983677845,341.23895483157145,336.3510983677845,338.215087890625,2996150
2008-08-26,327.75585105541523,336.72382517950496,327.75585105541523,335.0255126953125,3880068
2008-08-27,337.1380190001589,337.1380190001589,329.3091640118172,333.3892822265625,4950184
2008-08-28,340.0790035723366,340.86603796642555,329.86837123106005,333.2442932128906,8616660
2008-08-29,335.60541270580984,349.4612706206588,334.2799148775052,346.9137878417969,6224717
2008-09-01,346.7066800182976,346.7066800182976,335.62614535567957,338.0907897949219,3588631
2008-09-02,351.5530482281642,351.5530482281642,333.7413739935599,345.7331848144531,4512966
2008-09-04,347.94935260779886,347.94935260779886,337.6144469073559,342.0673522949219,6555047
2008-09-05,341.611728019068,341.611728019068,330.61405842310444,332.7887268066406,7173585
2008-09-08,345.4639699219685,345.4639699219685,337.0137850126915,339.58197021484375,5106415
2008-09-09,341.7359637235834,347.82507383154433,335.9368018890541,346.6652526855469,4889979
2008-09-10,343.3928337544064,345.83677539348525,335.3154356586774,336.35101318359375,6008086
2008-09-11,335.1083615872613,335.5225814206008,320.6726068347109,321.8324279785156,13976428
2008-09-12,321.8531115088881,326.8238048861249,308.59788241581185,322.6194152832031,9549990
2008-09-15,316.8824157714844,319.7405773186488,306.52678035240746,316.8824157714844,9621370
2008-09-16,314.8112613296394,324.71124288053085,301.6596012824895,320.65185546875,13255100
2008-09-17,322.84738211546045,322.84738211546045,311.18691983202115,319.0157775878906,8700845
2008-09-18,310.62765310239297,318.87072886587816,289.5435659963974,315.3291015625,27756252
2008-09-19,329.3092195880035,339.54058473831407,321.708175784787,333.8035583496094,28706651
2008-09-22,337.59369802307083,337.59369802307083,330.9867993165829,335.0255126953125,7899544
2008-09-23,331.3803259244763,332.37447035267905,323.1372502791677,328.3357849121094,7948585
2008-09-24,331.3803623148636,337.46947306054136,322.74376846503407,335.7504577636719,6966257
2008-09-25,331.58741982986146,341.73594548560715,322.32949762744715,327.6108703613281,16228427
2008-09-26,331.3181840774133,331.3181840774133,317.93870982419486,321.43890380859375,8288634
2008-09-29,321.8531163835006,321.8531163835006,293.7686170251862,310.7725830078125,14631069
2008-09-30,308.5978580741492,330.9660326118858,269.66069756846707,325.104736328125,15376472
2008-10-01,339.25058108469017,339.25058108469017,311.6010313513381,327.52801513671875,6191785
2008-10-03,331.2560370238369,331.2560370238369,307.8109040153763,313.2786560058594,9322230
2008-10-06,315.63978522172476,315.63978522172476,295.8190879595145,301.4525451660156,11935890
2008-10-07,314.8112749569757,318.1250893674538,303.689336186544,309.9441223144531,11273276
2008-10-08,304.33141078357534,307.3552773734408,292.0496492868768,303.772216796875,13030039
2008-10-10,289.9577644707932,295.21843457158735,268.95654532153725,286.76824951171875,26682432
2008-10-13,310.02698761869954,313.941401071714,286.68536881168785,306.4646301269531,9696978
2008-10-14,316.8410284333466,325.1048066062503,311.49751969567365,317.5451965332031,12035482
2008-10-15,314.27282932791286,314.27282932791286,287.9695323218743,296.1090393066406,12783592
2008-10-16,293.95507939651355,312.32597970099096,270.63418728569746,302.65380859375,11997828
2008-10-17,312.74016730416497,318.12510904114384,276.14337266634504,280.49273681640625,11211857
2008-10-20,326.24391501081794,326.24391501081794,279.60213527913965,293.3130187988281,13267381
2008-10-21,296.85464392653665,307.35525366556465,278.35947395929367,300.0441589355469,9671249
2008-10-22,295.92266073139973,295.92266073139973,273.3887755126547,275.9776916503906,11269215
2008-10-23,269.12217188170393,269.12217188170393,251.80755712825962,254.769287109375,13063970
2008-10-24,250.60636259936658,250.60636259936658,209.1838327161404,222.48046875,16792639
2008-10-27,227.5754097786004,244.3308468974241,200.0708486427481,233.87164306640625,17223115
2008-10-29,271.6904319388773,271.6904319388773,238.78021139609868,255.34922790527344,20221249
2008-10-31,264.54508093161365,276.28837955530935,247.33400157030985,270.7998962402344,22309516
2008-11-03,285.8155013867953,290.16486533390207,275.0456464676611,286.4368591308594,7743127
2008-11-04,295.0734898286526,302.798776968684,274.44505523093056,296.9789123535156,12132034
2008-11-05,306.6096653556667,309.8406137036042,282.0875203177709,283.8893737792969,9958830
2008-11-06,280.8447719931136,280.8447719931136,256.322632262094,264.8556823730469,12227634
2008-11-07,262.6189171562815,273.30593506327926,256.8197551509164,268.43878173828125,9885616
2008-11-10,273.8030203485458,300.23058868796375,273.3887724514197,294.7835388183594,6259289
2008-11-11,297.97300959994317,297.97300959994317,269.70213070174816,273.1609191894531,9594041
2008-11-12,269.2465168365881,279.22936654047726,252.71893189481213,261.7697448730469,11050511
2008-11-14,265.104263079739,279.06366259279525,262.7017543192643,268.2109680175781,13859938
2008-11-17,273.26450917427934,279.1879142422473,256.840466290374,275.21136474609375,8281138
2008-11-18,261.4797849296774,273.38875917855876,254.99715771039325,258.02099609375,11138144
2008-11-19,262.3703556297429,264.73145908232016,249.42583205228357,253.6509246826172,15758115
2008-11-20,247.41682242339553,248.41096674282483,238.80093304060955,245.24212646484375,11047766
2008-11-21,242.3218781391935,261.1691347044136,240.70640381399295,256.3434143066406,11367460
2008-11-24,254.7486051217042,268.3352168444352,247.31326697154063,264.1929626464844,10251341
2008-11-25,273.3473562308428,275.4598885749748,255.8670326257551,260.05072021484375,9719551
2008-11-26,263.86162508604957,272.850303042784,258.51811572067163,270.4892272949219,9573619
2008-11-27,270.4892272949219,270.4892272949219,270.4892272949219,270.4892272949219,0
2008-11-28,263.0331317368295,280.761998885517,260.96200449439567,277.9659729003906,16764083
2008-12-01,280.72051172696206,287.8244675458966,267.27890383694427,269.53643798828125,10134249
2008-12-02,265.10421377330056,279.6021019981362,257.64817380331635,277.8830871582031,10510375
2008-12-03,287.34814524777886,287.34814524777886,267.7967235294447,275.045654296875,11010844
2008-12-04,277.1168151045226,285.81554430493975,270.9448663033391,284.0343933105469,9906181
2008-12-05,281.6733269149048,288.3009577088948,273.3888164746936,275.3771057128906,6616175
2008-12-08,285.31845425870716,296.9581824166216,280.84481859008014,290.4755554199219,9709908
2008-12-10,294.5142803016464,306.52682473765213,292.8574008364924,304.7870788574219,12807661
2008-12-11,298.6979054260168,310.54474259138783,296.60607590482147,307.5209045410156,11136720
2008-12-12,304.45572365017625,304.45572365017625,294.1208164688639,299.692138671875,10487140
2008-12-15,310.5862281648324,310.5862281648324,300.43770160344127,305.4498291015625,5581198
2008-12-16,308.53574773904523,310.6276052875812,300.0027250129312,308.5150451660156,6012427
2008-12-17,313.9828497749257,313.9828497749257,291.4489949074212,293.78936767578125,7524115
2008-12-18,299.4021071597939,299.4021071597939,289.1914463443883,294.1621398925781,13057166
2008-12-19,298.2008708960864,303.21299794557996,289.99920080084166,298.94647216796875,8182926
2008-12-22,302.7573481986997,303.6272210339943,295.0113310338689,299.1121520996094,5324524
2008-12-23,301.846053796389,301.846053796389,290.4755707215673,294.4521484375,6126916
2008-12-24,293.68582081238185,296.99963562431094,281.7354129654686,285.5670166015625,12617680
2008-12-26,289.9163930276523,289.9163930276523,281.01052587101356,284.3243408203125,3905086
2008-12-29,285.7741340721658,296.9582102664835,275.4599027301593,294.94921875,3210406
2008-12-30,297.41379179741233,304.0413919502745,292.02885089381255,299.3192138671875,4812284
2008-12-31,300.2926453686831,301.94955236391974,294.7213254027308,296.3782043457031,4301735
2009-01-02,298.88433458146267,299.0707419113721,289.5435460338959,291.98748779296875,8615724
2009-01-05,294.2035689376872,295.7569071430281,280.5341197947917,284.01361083984375,12192769
2009-01-06,289.70934614816116,289.70934614816116,269.76437243279986,272.14617919921875,17544468
2009-01-07,275.8326863291447,277.0753737894251,253.50594161115419,269.2464904785156,16811443
2009-01-09,267.5896205799526,270.9034071689053,251.70406898179726,264.64862060546875,16301687
2009-01-12,261.9147423967231,263.9858696281822,251.9111902946626,258.4145202636719,9123665
2009-01-13,256.8404934676855,260.547797671216,245.9877704659462,251.45555114746094,10885779
2009-01-14,256.6955002451535,263.0331253276218,252.67748936778352,257.9588623046875,8419957
2009-01-15,254.74862874712875,254.74862874712875,241.9076451530605,250.04718017578125,9480078
2009-01-16,255.49422748204887,264.69001359757095,251.8490315441421,262.9295654296875,7023213
2009-01-19,262.6189352007664,270.8206065410774,260.96202764934895,267.9417419433594,4537967
2009-01-20,263.86161655171327,263.86161655171327,252.67751188697292,255.307861328125,6729270
2009-01-21,229.21165184917962,252.139027807547,229.21165184917962,241.51414489746094,11134576
2009-01-22,242.32186335050883,258.3523901572137,240.250736073562,256.4883728027344,18118227
2009-01-23,254.74857303263724,258.89082670881453,249.88144880755488,253.98226928710938,7197028
2009-01-27,255.01789224072172,269.2051334079554,254.5415365773496,268.1695556640625,10275290
2009-01-28,269.909213948591,273.38870466628225,263.1159372414278,270.1370544433594,11667696
2009-01-29,275.45985020106076,275.45985020106076,256.9439796051845,259.8849792480469,14019282
2009-01-30,256.81977618205224,263.44740647507996,253.5888274534068,262.5982360839844,7192976
2009-02-02,260.8377117036801,260.8377117036801,251.4554910782809,255.0799560546875,7424854
2009-02-03,258.0624294905159,263.8408605702488,254.2515566059273,258.890869140625,5874635
2009-02-04,262.22540573448873,265.1042701986023,259.38797447684044,262.7431945800781,6579151
2009-02-05,267.5896248588771,267.5896248588771,255.9913014814035,260.4028015136719,5033191
2009-02-06,263.03308177392665,268.99794729675057,261.83182764044676,268.0245056152344,4605069
2009-02-09,268.79091310324395,277.116827988332,264.7729017597945,275.7705993652344,4085372
2009-02-10,274.5486020943435,276.28834776044107,268.45949226300183,274.8592529296875,6268449
2009-02-11,269.3086455595051,281.2590532315994,267.1753825653335,278.9601135253906,4992536
2009-02-12,277.5309670548637,279.3949840063322,267.1753329090753,269.59857177734375,6403605
2009-02-13,272.8917024986476,275.4598878679878,266.5747519536462,269.9714050292969,7390648
2009-02-16,269.97137171279024,269.97137171279024,260.1749589984102,264.1722106933594,7323092
2009-02-17,260.1336000527268,263.94447357288686,258.4766924239018,262.05975341796875,9814436
2009-02-18,260.1334940067542,269.9506361466787,259.51216441883906,265.456298828125,5833053
2009-02-19,263.9444486871334,269.70217760869764,263.55093140912265,268.6044921875,5122333
2009-02-20,261.3762939160164,269.8471835222563,261.3762939160164,266.22271728515625,4259833
2009-02-24,261.3762106829699,265.9326842788995,259.7193035429227,263.7165832519531,4023137
2009-02-25,265.9327057751068,273.3887464296149,263.5923330169436,265.4149169921875,7779938
2009-02-26,265.9327137601709,273.3887546385588,261.521213790137,270.1578063964844,8792543
2009-02-27,268.2937519282216,268.2937519282216,258.9115593413857,264.4828796386719,7242156
2009-03-02,262.08036871954613,262.08036871954613,253.5059131677018,255.49420166015625,8230395
2009-03-03,258.8287281949288,258.8287281949288,246.19485546933848,249.01161193847656,10934309
2009-03-04,250.19213550966634,251.43482301179026,244.02018730615623,248.80447387695312,7653361
2009-03-05,251.43481860531767,251.43481860531767,238.17958833995405,244.2894287109375,9606111
2009-03-06,241.49338010259024,250.8134651939275,236.12916955799687,249.4672088623047,7335492
2009-03-09,244.47584304754355,248.82520727500196,241.09989259474932,243.46096801757812,4815861
2009-03-12,258.3523793242907,258.3523793242907,224.13737553619998,227.1819305419922,33009169
2009-03-13,231.4277495579405,236.06707634093456,225.77357573928418,230.99281311035156,32665014
2009-03-16,232.7946944400607,238.92523790531473,231.75913080277883,236.64697265625,13876996
2009-03-17,238.17960089089053,242.23901695151028,233.8302505850301,236.7505340576172,9378660
2009-03-18,238.07605576054237,239.71223248055333,230.72355570370894,236.0049285888672,20671784
2009-03-19,237.8689374595055,238.55240295003188,233.93379316687918,236.3984375,7336575
2009-03-20,236.1084698973493,237.35115742325544,229.0666487232688,235.85995483398438,8864762
2009-03-23,236.93696835794037,248.5352652122539,235.44576557508088,245.71853637695312,12652729
2009-03-24,248.51445689091645,257.52386164608765,246.7540091309939,250.0677947998047,10180112
2009-03-25,246.46411507851622,251.43483731755882,241.16203940914218,244.80723571777344,10544301
2009-03-26,245.22152012926907,258.89094676843547,241.7627302536402,257.5861511230469,15475940
2009-03-27,258.93237998427276,263.38531456948664,252.263343423481,257.5861511230469,9128188
2009-03-30,241.3484262255682,256.15696659246447,241.3484262255682,252.53250122070312,6964763
2009-03-31,256.1776696548259,264.0686598835543,254.2308143392011,259.2015075683594,11743064
2009-04-01,259.4707923563691,259.4707923563691,246.04988495051498,254.6864776611328,17640328
2009-04-02,258.8908452376306,269.0393702758214,257.08896391796486,264.56573486328125,10125823
2009-04-06,267.3824269035651,278.1523082172392,265.95336041672016,273.28515625,9043792
2009-04-08,267.1754008080626,278.35950535916123,258.621645671389,274.3415222167969,13215926
2009-04-09,276.70263471244584,285.81558506932544,273.3888192814297,275.8948974609375,7569590
2009-04-13,277.1167513515246,281.4661149511262,270.2820411310459,274.75567626953125,6653381
2009-04-15,273.38876980754856,284.9870936649344,270.15782138620483,283.76513671875,9501824
2009-04-16,285.69123511492603,291.98748270670575,275.45987135015366,276.6197204589844,9970294
2009-04-17,279.60218548012233,286.6440358374884,276.78545655808585,281.9011535644531,12809279
2009-04-20,282.33599547965,288.09372325873306,276.0190738123904,285.06988525390625,6874108
2009-04-21,277.53099571843046,305.28411492686155,277.53099571843046,298.03515625,13155868
2009-04-22,302.34315371392563,302.34315371392563,289.1293553194858,295.1770324707031,10457355
2009-04-23,300.31338683288647,300.31338683288647,285.06989660707876,293.2301330566406,12515265
2009-04-24,292.65027457830854,315.5155128864828,292.65027457830854,310.5655212402344,15447223
2009-04-27,306.5267632230278,313.32006865504377,302.4673756853216,308.0386962890625,7696273
2009-04-28,310.6276350791749,310.6276350791749,295.34271074822703,300.0441589355469,9842727
2009-04-29,312.74017513456,313.9828626595218,295.75693792294777,311.80816650390625,15083642
2009-04-30,312.32598876953125,312.32598876953125,312.32598876953125,312.32598876953125,0
2009-05-04,317.02745445824127,328.3565339762518,310.7933693626453,314.5007019042969,18471260
2009-05-05,328.8949504404363,328.8949504404363,305.9261457505672,310.9797058105469,8989087
2009-05-06,308.5565196571775,319.3677806404542,306.38182347322544,313.7757568359375,10613513
2009-05-07,313.7757608972224,325.9539811386218,313.7757608972224,324.152099609375,9878968
2009-05-08,323.09580026814433,325.8503928652643,313.15438455552385,318.27008056640625,5499788
2009-05-11,318.9535975848806,324.2349711522328,308.59796038886907,310.1098937988281,5763257
2009-05-12,308.1837290470197,330.5519101687609,306.56825475394703,328.8121643066406,7205148
2009-05-13,326.40962731480226,340.4932977742025,323.51003242630395,329.619873046875,6653070
2009-05-14,325.0426059595798,325.0426059595798,312.9058215027259,316.7373962402344,8471889
2009-05-15,320.9832417031183,335.8953500235815,316.88239297971063,331.3181457519531,9267529
2009-05-18,393.5141650531987,429.13754955545005,364.51838240332194,415.55096435546875,137064
2009-05-19,422.5099156996312,422.5099156996312,368.6606091430163,379.05767822265625,26531196
2009-05-20,378.56058691965677,378.56058691965677,348.1978758412479,356.0888671875,25273955
2009-05-21,355.40541307074864,364.51836159092005,345.898919241919,353.1064453125,8578704
2009-05-22,353.1064455566113,358.63636167352087,349.5648182989478,356.06817626953125,9999679
2009-05-25,358.3049332526885,381.0873296362406,325.5811219276784,335.6675109863281,26313636
2009-05-26,338.42224437191544,343.80715939208767,313.7758227077243,319.4507141113281,30124836
2009-05-27,330.42765465424554,330.42765465424554,310.6690913656728,318.45654296875,34801161
2009-05-28,322.2673710021167,334.1556426477476,316.88242913617614,329.6820068359375,39072044
2009-05-29,335.5225894638646,346.2924456502246,330.61403102180736,340.03765869140625,16474570
2009-06-01,360.3761475034244,360.3761475034244,323.0958534804211,333.36865234375,19007984
2009-06-02,327.238001209126,343.33065983921796,327.238001209126,331.54595947265625,9095924
2009-06-03,324.91838710578736,339.2505709704577,324.91838710578736,330.7382507324219,11484241
2009-06-04,321.85311173053265,339.25056661510905,321.85311173053265,338.173583984375,7496079
2009-06-05,338.83638049504447,345.8782014924115,334.1142016778279,342.4608459472656,9453061
2009-06-08,336.20606448278375,346.706703313909,332.97511595152827,337.11737060546875,6210100
2009-06-09,336.35103527005356,338.2978908482869,328.97780472110935,336.53741455078125,8487294
2009-06-10,336.5581728107235,351.26317386113755,334.52845066077555,345.7125549316406,15876614
2009-06-11,345.71251226243885,358.6777658996874,345.71251226243885,353.9141540527344,14104172
2009-06-12,356.1924963355893,357.7251043144952,339.7063147240818,343.04083251953125,9373112
2009-06-15,340.07904402271475,342.97863886113896,335.56400311060594,339.43701171875,5415445
2009-06-16,333.90709598781785,342.93720586987615,325.87113050363797,335.3154602050781,10640730
2009-06-17,333.3685657101922,341.86018322568276,328.89493046791875,332.60223388671875,8028085
2009-06-18,334.1141808823425,337.3451288943435,328.48072443507886,333.3892822265625,5683660
2009-06-19,334.27992409441947,338.38074535478165,327.7765660700684,334.3627624511719,6630985
2009-06-22,338.75352294633063,338.75352294633063,325.2083450357486,327.52801513671875,5914575
2009-06-23,326.285348061371,329.18491482921553,311.08326198772437,325.7468566894531,6648838
2009-06-24,331.29753833933665,332.7887411840298,325.7469188037844,330.67620849609375,5890560
2009-06-25,331.8153194135493,336.76531156827343,326.1196978017787,328.8328857421875,10368684
2009-06-26,331.7945277688801,337.7593940147226,329.309180859247,335.5639953613281,5987520
2009-06-29,339.0227629763339,339.0227629763339,331.44242311349524,334.3834228515625,2783458
2009-06-30,335.52258604214126,336.7652736115476,328.93641766542015,332.27093505859375,5616815
2009-07-01,332.6851315483295,343.72423255069,331.4010389165047,341.42529296875,6374370
2009-07-02,342.73011680594243,343.5378539185467,329.43348026052024,332.6644287109375,6577782
2009-07-03,334.27990484391506,340.8453702185352,330.0962174154595,339.27130126953125,2958180
2009-07-06,341.3217505853902,342.5644381644076,319.59563092105356,324.31781005859375,6290448
2009-07-07,325.20844663998236,341.1561099294453,324.56638612724663,336.49609375,6564826
2009-07-08,334.0314299988612,335.46049705860617,325.24983353515074,328.2944030761719,3931226
2009-07-09,331.42176626036223,334.6734172587089,325.9954190187245,329.59918212890625,3593843
2009-07-10,329.72342133939054,329.72342133939054,317.29665795991383,322.1224060058594,4375374
2009-07-13,321.02468271529403,323.8828443762079,315.30838744573646,317.441650390625,4177876
2009-07-14,323.1786290443884,324.7526979402589,316.1368083182356,320.32049560546875,5208466
2009-07-15,324.7526672887682,328.8949209843113,321.02463335232613,323.22003173828125,4615376
2009-07-16,305.1805031403205,331.3802523519381,305.1805031403205,325.104736328125,6252951
2009-07-17,326.4510397152362,346.2924391364243,326.4510397152362,342.2537536621094,9635184
2009-07-20,348.3635117230365,353.33423312589366,343.84847134090796,351.6980285644531,5471907
2009-07-21,351.2631553663151,358.09786669268783,343.24789228179293,347.0794677734375,7319435
2009-07-22,341.77734343955524,347.8250193967308,331.33887060239203,340.907470703125,12827076
2009-07-23,360.37610242445277,360.37610242445277,329.4748993868477,337.2209167480469,17067160
2009-07-24,348.55707656894566,353.7061247324016,332.32098747300097,345.4427490234375,10702531
2009-07-27,345.5673410688582,355.78236734101455,345.5673410688582,351.7129821777344,6234346
2009-07-28,353.9968039813274,362.26017942897937,344.3215678452055,356.7374267578125,10188768
2009-07-29,356.94509055188234,360.4331512191932,344.81992058424055,352.7095642089844,6226819
2009-07-30,352.6265171857372,356.1145778069994,343.9063656325817,352.12823486328125,6570965
2009-07-31,355.74080031812775,357.94160537822813,335.518343027919,340.5843200683594,7394894
2009-08-03,347.14531366119724,347.14531366119724,337.5946810240169,340.8751220703125,5432710
2009-08-04,347.1452802988738,347.80967549412213,330.5354566603808,332.86083984375,12170534
2009-08-05,335.4352940506457,337.0962535004548,325.88463660749096,333.40057373046875,9926834
2009-08-06,332.1964369961203,333.0269450317282,327.21350126790094,331.6151123046875,9956093
2009-08-07,328.6253172279911,339.67085137929627,305.24699387542677,318.8255310058594,11900405
2009-08-10,324.76353304681265,331.19983659808867,303.1707745600387,309.7731628417969,17644350
2009-08-11,311.4341313038921,322.47966507454925,307.4062534456486,317.6213073730469,12589146
2009-08-12,314.5069186801363,340.0030015189652,309.02567355062314,336.7640686035156,11286303
2009-08-13,337.17944090288665,344.65384538318096,333.8574646085156,343.075927734375,7835126
2009-08-14,341.24876364038107,343.57414661665115,335.7675459497771,339.4632263183594,3856741
2009-08-17,336.1827340259074,337.1793265763065,328.0439089249903,331.15826416015625,4906786
2009-08-18,329.62191543692956,345.0275254148897,329.62191543692956,341.37335205078125,4575832
2009-08-19,338.8818960071248,344.57076216103155,332.6116770402761,336.7226257324219,5346929
2009-08-20,340.41827891616396,341.24875876371476,331.3659304681704,332.2379455566406,4815127
2009-08-21,333.0269115467734,343.6571771143112,326.67365085321484,341.91314697265625,3895271
2009-08-24,343.6571806894203,347.68505852889007,342.1623057299801,344.07244873046875,5419603
2009-08-25,340.5844227216037,344.5707941726532,334.9370912873097,338.8819274902344,7160970
2009-08-26,340.5012878151885,342.7436281773858,334.77091556323796,336.6810302734375,4112624
2009-08-27,329.7049826858969,350.4257273632958,329.7049826858969,345.8995666503906,6321833
2009-08-28,347.14525066066136,364.7932008305103,342.6605975363001,361.4297180175781,11711706
2009-08-31,355.49178816848,362.84164369722333,347.97584787319545,352.6265869140625,4387399
2009-09-01,347.6850571764729,359.9763387282733,340.9165565234546,350.6748352050781,2958827
2009-09-02,347.9757443865041,352.9171724812997,340.5013134450416,342.66058349609375,4056317
2009-09-03,345.3597218816712,347.768147288105,334.8124698875105,336.307373046875,5618925
2009-09-04,337.5116131469622,339.5878411444441,331.4074786499975,336.3489074707031,11568168
2009-09-07,340.4598363666055,354.2044587168567,336.3488877375335,349.3045654296875,11764763
2009-09-08,351.3807973189189,355.2010555289374,347.22834152014417,352.12823486328125,10710142
2009-09-09,352.95870181983145,352.95870181983145,338.38359993632423,339.9615173339844,7100468
2009-09-10,344.65381860644567,352.12825062739915,342.660632984677,345.8995666503906,8508459
2009-09-11,352.1282088774228,353.78919669862887,341.4563797020208,349.8028259277344,8074699
2009-09-14,343.823331545461,348.80626737544367,342.70216114123974,348.22491455078125,5593017
2009-09-15,347.14522624583515,351.21463915275456,342.9927709827794,345.1520690917969,7045512
2009-09-16,350.4672051516097,353.3739126157944,347.06218730299963,348.7231750488281,5677853
2009-09-17,350.4671281493206,364.41936590608066,350.4671281493206,359.4364318847656,6687321
2009-09-18,357.11118556822026,372.9735718850119,353.0002648409331,367.8660583496094,11148444
2009-09-22,371.2295515648205,372.4337643921017,354.0383743711725,355.906982421875,7616680
2009-09-23,357.11116822783066,357.11116822783066,340.12764043277366,343.4080810546875,9601413
2009-09-24,356.69593920738095,402.78819405947246,338.9649452080739,348.22491455078125,12303239
2009-09-25,344.65385613611335,348.68173494285475,340.7920902099533,344.2801513671875,9426300
2009-09-29,347.14522657304826,355.45013710698777,345.9410139831999,348.05877685546875,9157580
2009-09-30,348.39101789037375,351.92061374429375,345.5258172118118,347.7681579589844,5990275
2009-10-01,353.7892932853095,381.1955013925328,353.7892932853095,361.34674072265625,37656710
2009-10-05,356.8619793417762,364.5855654706621,327.79479168341265,332.4040222167969,44017078
2009-10-06,332.40406620302537,332.40406620302537,290.09056221861977,298.4369812011719,77269674
2009-10-07,292.33286640792164,305.08089617817126,290.71341370452507,297.9386901855469,42258326
2009-10-08,299.0183613518017,302.2988023980751,274.1451587490088,277.342529296875,46199665
2009-10-09,281.5365017956037,292.3328818429823,277.8408209929218,285.10760498046875,31135993
2009-10-12,286.51940790123746,293.1633312282149,286.0626608453506,291.7099914550781,15772589
2009-10-13,292.0007019042969,292.0007019042969,292.0007019042969,292.0007019042969,0
2009-10-14,291.9176602357588,296.4853565292596,277.1764432223551,282.4915771484375,30222975
2009-10-15,286.51936411442307,286.51936411442307,268.7053317738588,269.99261474609375,24954805
2009-10-16,270.6985994832234,274.80954858288897,267.9164689968758,270.9062194824219,19346671
2009-10-20,278.9619536918794,280.7060121598222,270.8231547816003,272.94091796875,11806324
2009-10-21,270.44940361362694,282.2839105185343,269.99265655681035,276.30438232421875,18473074
2009-10-22,276.5535398254955,282.8652656451936,275.39083424936024,279.9170227050781,13014264
2009-10-23,283.19745544027177,284.60928806848415,273.5222188854595,274.9340515136719,9479900
2009-10-26,275.72306867685506,278.75435438573805,268.4562844008722,274.6018981933594,9631164
2009-10-27,274.0620154060633,274.89252331986717,251.47266696505505,254.91921997070312,15788469
2009-10-28,254.0472478807197,267.75033550045913,253.2997821955491,263.3487243652344,14537011
2009-10-29,259.11319775697075,264.0546259324881,255.37598222518946,258.9471130371094,15888375
2009-10-30,259.9437204268512,267.210503819679,240.9254722522503,243.20932006835938,36731565
2009-11-03,242.5033864819262,256.5386988955463,232.53750139864758,249.47950744628906,30481485
2009-11-04,256.6217612542973,258.5734116169794,244.99487332685584,253.798095703125,12540550
2009-11-05,254.54551731104257,266.83677154901756,252.09555663924957,265.1758117675781,12716777
2009-11-06,261.6877850698929,270.4079375354328,261.6877850698929,265.7987060546875,8387848
2009-11-09,269.03760261964726,269.57742022428135,253.38286396389884,255.4175567626953,10095095
2009-11-10,257.4522371135334,259.48695793530885,241.6729216009836,243.66610717773438,12684056
2009-11-11,245.28557640925763,249.97785019424097,239.34755452468676,249.1058349609375,14278520
2009-11-12,246.65587672748674,257.0370172672416,245.61777673419112,248.27532958984375,11626097
2009-11-13,249.06433013419726,254.79473272231644,246.86352415821997,250.8914031982422,7602198
2009-11-16,253.21675093709428,255.66671184059538,250.22700055065906,251.43121337890625,8652013
2009-11-17,253.2166917297345,254.37939716046898,244.6626263124623,246.57276916503906,8946584
2009-11-18,245.82533264160156,249.977787774881,244.45500726208908,245.82533264160156,8613135
2009-11-19,246.4897726841192,246.5312798077864,241.92207682841683,243.66610717773438,6371625
2009-11-20,243.66609944754484,243.66609944754484,235.07051152668586,239.80430603027344,12249965
2009-11-23,240.01190364075697,240.8423834666568,227.92825625792602,228.5926513671875,20750998
2009-11-24,230.8765231634374,235.44423298713272,227.9698153473422,234.61373901367188,10419025
2009-11-25,235.19508804311502,237.3543584077979,230.2951944765815,233.99087524414062,7273696
2009-11-26,233.7832241856216,238.89073706060364,231.0426013480169,232.9112091064453,12155100
2009-11-27,230.87652839926562,236.23321113439744,227.55456649076518,235.5688018798828,6419252
2009-11-30,236.68995765292087,251.2235532706397,236.60691528423112,248.77362060546875,13076572
2009-12-01,253.21673351196065,254.8777214575452,249.64563051997155,252.9260711669922,9552284
2009-12-02,254.21325686428665,258.6979090321152,251.38959218849627,253.0920867919922,9522994
2009-12-03,255.7913164518359,258.2827847438893,253.29982003842073,254.7947235107422,7100896
2009-12-04,253.299782436656,260.27593198871875,251.30662497170997,257.5353088378906,6980719
2009-12-07,256.6217238330123,266.58762230022774,256.6217238330123,262.7673645019531,13279082
2009-12-08,262.43520222381005,276.01371223765403,261.60469416912093,272.85784912109375,12958937
2009-12-09,269.99270652715,279.7094521867996,269.99270652715,275.0586853027344,15171544
2009-12-10,275.8060715347775,286.43636573816576,273.3561390426828,284.3601379394531,23151817
2009-12-11,287.34992677772607,289.6752817513712,273.563769182251,275.3493347167969,14492380
2009-12-14,279.0450342858561,279.62635900819566,264.5114381642728,265.3834533691406,8341673
2009-12-15,265.7570664408311,268.6638015354142,261.10632965938646,263.1410217285156,7548579
2009-12-16,262.9334408149261,271.9857886918893,262.9334408149261,270.3248291015625,7121866
2009-12-17,249.1472947918243,273.31458961381924,249.1472947918243,269.3282470703125,7003095
2009-12-18,267.41817511638095,268.9130504520305,262.2276185712102,263.9716491699219,4339469
2009-12-21,264.09619030178857,265.63260067606126,256.6632936590525,257.5353088378906,5708111
2009-12-22,259.1132427287295,268.08255031317805,257.45225463506137,267.37664794921875,8390822
2009-12-23,266.21388485460216,271.5705527264849,263.76395255058486,270.94769287109375,5566266
2009-12-24,272.2349723200705,275.3077928773652,265.1758089596339,266.71221923828125,4909397
2009-12-29,271.5705624405622,273.2315502357055,268.2486149716299,270.69854736328125,3377250
2009-12-30,272.6087300592714,273.9790276139808,269.16217636724264,270.490966796875,2812028
2009-12-31,272.1104008637961,275.0586438811674,271.2383857195222,273.85443115234375,4335161
2010-01-04,273.9374456926927,275.8060250876358,268.95448294212537,270.0756530761719,3275801
2010-01-05,272.6086616793026,275.7229888613806,270.3248142467517,274.3526916503906,4773358
2010-01-06,276.511989613762,278.339062121321,270.823124011237,271.44598388671875,4893074
2010-01-07,272.69173613250155,277.3840091366985,272.4010738102192,273.5637512207031,4292821
2010-01-08,273.85444204005,275.26627480017845,269.6189437596647,269.9511413574219,2946669
2010-01-11,274.8925868142279,274.8925868142279,270.3248906580006,273.1900634765625,3487591
2010-01-12,274.1451373963753,277.30100057059417,266.0893525376331,267.6257629394531,7220708
2010-01-13,267.0028854122169,267.3766182372714,261.8123017114721,264.4283752441406,4770795
2010-01-14,265.0927834807096,267.9164774256352,263.4318234348672,264.1377258300781,4349517
2010-01-15,264.09624146198956,267.83343000857263,262.43525315163987,263.5979309082031,4890287
2010-01-18,263.26565008582014,267.9994582446615,262.55974785275373,266.3384704589844,4348367
2010-01-19,266.5876305091654,270.57397314598927,264.17920520643787,266.2138977050781,4310517
2010-01-20,267.04436480516335,275.97213428249637,267.04436480516335,275.3077392578125,10115597
2010-01-21,274.0619994532205,276.5534949282521,266.75368209246074,267.7502746582031,4388678
2010-01-22,264.67755394034566,274.062102304611,261.60473273979403,267.5427551269531,9648877
2010-01-25,267.54266814871806,275.51538095341414,264.42834083066384,274.8094787597656,5990411
2010-01-27,273.64680379791344,275.5569468879047,265.75713246862716,268.1655578613281,5597033
2010-01-28,269.07909364360427,272.2764916202434,258.2827152039448,260.4835205078125,8455790
2010-01-29,258.28273680886707,260.69116227252033,252.59387073511218,254.4624786376953,7595735
2010-02-01,253.29977349922453,260.5250499036203,253.29977349922453,258.4488220214844,4288766
2010-02-02,261.1893991414774,262.1859917241994,254.21327918377477,255.5005340576172,5096874
2010-02-03,257.45224509208975,259.7360930907184,254.54553712693286,256.62176513671875,4049198
2010-02-04,254.96074772638684,256.6217355670974,249.56257239577138,252.5523223876953,2861509
2010-02-05,250.80832610924503,252.84304703483693,244.49659958218533,249.18887329101562,4344729
2010-02-08,250.89135577111747,257.86750529224867,248.6490430874863,256.0819396972656,5335407
2010-02-09,257.45219223671734,262.8503952024437,254.96072476074843,260.0682373046875,6797505
2010-02-10,261.60469608798934,264.4283897490149,255.9573650086538,261.8538513183594,6011378
2010-02-11,262.0199611762631,264.013118632308,258.07512526649646,261.189453125,3742244
2010-02-15,263.2656921780177,263.2656921780177,236.19168536749578,237.1882781982422,21051251
2010-02-16,237.52047301337313,240.42718097782526,223.69279334669744,225.5614013671875,49980391
2010-02-17,227.05627401136147,233.99087436043428,227.05627401136147,231.83160400390625,17899829
2010-02-18,231.70702245012262,236.19167594896925,229.21555453328727,234.11544799804688,7785215
2010-02-19,232.99427672239136,235.7764208734812,227.80370717771962,231.54090881347656,9762722
2010-02-22,233.3680003698034,235.02897422249504,229.21554464705704,229.96298217773438,6283372
2010-02-23,228.38506140558877,233.53411011793665,228.38506140558877,232.6205596923828,4149060
2010-02-24,232.53750826668366,232.53750826668366,228.3850525108379,229.17401123046875,5771589
2010-02-25,230.04601663888536,232.537498423335,228.8002827769994,229.42315673828125,7132567
2010-02-26,230.87651034695946,234.1984719957147,229.04943776744906,231.9976806640625,7128286
2010-03-02,232.53748952392726,243.16776921538266,232.53748952392726,241.0084991455078,6950115
2010-03-03,243.33391399418267,244.9118315133726,241.09157314933648,242.46189880371094,5656398
2010-03-04,240.8424357151875,244.91184961189697,240.8424357151875,243.83221435546875,3663476
2010-03-05,244.16430593552388,252.26159496324112,243.33382629015713,247.8599853515625,9062775
2010-03-08,247.61092333695626,251.4727170073143,241.67292977231355,243.0847625732422,6942247
2010-03-09,242.50341335358954,244.28897903498498,238.39249250730575,241.92208862304688,4200362
2010-03-10,242.5033744711714,244.5796021849407,235.8594514113805,239.18142700195312,5975112
2010-03-11,239.92890059171444,245.45165420575944,239.47212536409117,244.12286376953125,4471626
2010-03-12,243.33387901454833,249.43798447037557,243.33387901454833,248.3998565673828,4487902
2010-03-15,240.84241433884523,250.22698942977885,240.84241433884523,248.73208618164062,3477760
2010-03-16,247.90155546596955,248.31679534708363,242.96012776519734,244.8287353515625,3042667
2010-03-17,245.8253978213192,250.3930940547643,245.53470732482154,247.52789306640625,3695915
2010-03-18,249.10584534634438,252.05408878763527,246.73892667058544,249.2304229736328,4981590
2010-03-19,249.1472658166734,259.8190934671103,249.1472658166734,259.0301208496094,8505632
2010-03-22,255.3760064359165,265.59106131645893,254.960766475542,262.7258605957031,7411728
2010-03-23,263.4317394829399,266.5876019342172,253.75650406819153,255.5005340576172,6234799
2010-03-25,257.452271270316,262.4352358732942,251.6388547488832,261.1064453125,11381437
2010-03-26,261.48011051885544,262.35212558348456,253.29974926163072,257.5767822265625,7975896
2010-03-29,258.2827346447935,261.5216399840763,257.6183394796037,259.2793273925781,3102927
2010-03-30,258.6979901965291,262.43520619579925,257.24462216984443,258.1581726074219,3700172
2010-03-31,256.37260889020865,265.5080289700435,254.96077609883238,259.57000732421875,7532934
2010-04-01,259.6115257369243,262.8504310857107,249.6040911077375,250.8083038330078,14419348
2010-04-05,254.96074627053835,264.22071476276125,251.22353068061818,262.4766845703125,10741491
2010-04-06,263.6809140777132,264.7605492066427,258.94713360800057,262.80889892578125,4129617
2010-04-07,263.2656898671004,270.57400910706366,260.5250666369443,266.08935546875,5770421
2010-04-08,264.92669404602213,267.0029221880193,257.45226148628825,259.8606872558594,6877157
2010-04-09,259.1131781129517,262.85039336140534,254.9607229749704,255.70816040039062,6484250
2010-04-12,253.71497859158075,259.0301105267539,253.71497859158075,255.95729064941406,5891860
2010-04-13,254.9607391357422,259.1131945369283,254.25483690307183,254.9607391357422,3395835
2010-04-15,255.79129797363873,258.2412308373209,251.51426412259238,252.63540649414062,4931669
2010-04-16,252.05409273574702,254.67013858569936,250.55918930623068,253.13372802734375,4153955
2010-04-19,285.4398039393593,285.4398039393593,247.69399478048416,254.04725646972656,4812139
2010-04-20,256.62179905537937,256.62179905537937,251.22359426789185,252.88458251953125,3760929
2010-04-21,254.1303045343874,255.9573773621142,252.05407646426542,253.8811492919922,5619463
2010-04-22,253.29981098653568,253.29981098653568,250.39310276990741,251.72189331054688,4209007
2010-04-23,251.97101931728207,253.216739213502,246.8634777544363,247.65245056152344,15927170
2010-04-26,249.23037775097455,252.38624062466374,245.82535966791752,246.988037109375,4766960
2010-04-27,247.48634654578896,250.39305419857305,246.1575562629087,247.7354736328125,3428228
2010-04-28,247.44486269786518,248.81516038584712,242.50343335258503,243.9983367919922,6709386
2010-04-29,244.16436245775952,247.90157796974324,242.58641702066262,246.1160125732422,5816167
2010-04-30,248.31686336134365,251.14052907194667,245.3686200280141,247.94313049316406,8104084
2010-05-03,247.48633068816955,249.06424795696873,245.16094784212734,246.65582275390625,3323969
2010-05-04,248.31682832488312,248.31682832488312,239.30601484688665,240.0119171142578,4732234
2010-05-05,238.5170647651796,248.9812471360168,235.19508871664803,246.0745391845703,9873530
2010-05-06,245.74233957942442,246.65586189431605,241.09157314933648,242.46189880371094,5682148
2010-05-07,239.1814576682757,240.75937518509247,236.85607445672903,238.7661895751953,3387727
2010-05-10,242.50342676467346,247.48639122506017,238.14335043768537,244.49661254882812,3783329
2010-05-11,244.57962519664008,244.57962519664008,235.94251596986814,236.44082641601562,5255746
2010-05-12,235.85950961705652,236.2747496380129,215.80314382765826,216.96583557128906,29314603
2010-05-13,217.17344731924177,225.8936139736866,211.36001694362537,214.5989227294922,30486003
2010-05-14,212.19045341515667,222.36397206085877,211.4014947551042,219.70640563964844,14945387
2010-05-17,215.92771713370445,222.1564016873886,214.39130658984737,221.4504852294922,5537427
2010-05-18,221.74111639818466,225.72747313615469,219.54031103493404,222.5300750732422,6000553
2010-05-19,221.32585823558853,221.74111221628831,214.34973759087552,215.67852783203125,5247052
2010-05-20,215.9276949564102,220.53692611458095,214.93110215561455,216.13531494140625,5075402
2010-05-21,215.0971939021841,221.90723042362444,209.28376420953717,221.0767364501953,3757974
2010-05-24,222.6131670531571,225.35377632396776,218.66833086572936,220.95217895507812,5489050
2010-05-25,220.57844933057603,224.56480650978696,217.63020614658336,219.74795532226562,5279757
2010-05-26,221.74114405517747,223.90041444641892,215.9276999760702,218.95899963378906,4305026
2010-05-27,218.50220543639088,220.08013690699093,213.93449575348527,216.46749877929688,8180587
2010-05-28,219.24965636834816,220.74454556592775,214.30824168253696,216.509033203125,5791244
2010-05-31,216.75814358845057,219.62332971519086,215.92764976161425,218.33607482910156,3907631
2010-06-01,218.50219474601764,219.24963223218612,211.77521518846936,213.4362030029297,5454164
2010-06-02,213.43619957779185,226.26728454138842,211.2353942741189,224.52325439453125,10798027
2010-06-03,226.22579359373097,230.04605219297142,225.3953135979064,227.09780883789062,6895147
2010-06-04,225.8935581133498,231.2086907320098,222.15634274836626,229.46466064453125,4975708
2010-06-07,220.9106220006558,226.97320648604503,220.9106220006558,222.90379333496094,4627876
2010-06-08,223.40207031622865,225.18762153226368,213.64380633279944,214.55734252929688,5214643
2010-06-09,216.55057242353683,228.3020099926716,215.09720438404247,225.93511962890625,14047214
2010-06-10,228.38505350167011,238.2678965561776,225.1461340610687,236.85606384277344,12899743
2010-06-11,242.50341997822008,242.50341997822008,225.68597515294172,227.13934326171875,11104323
2010-06-14,229.25704582866837,230.7103995805635,220.24621882129384,223.48513793945312,9492508
2010-06-15,222.57163268129094,226.26732769889384,220.12168577249068,223.85890197753906,6886077
2010-06-16,226.72406818962233,226.72406818962233,219.6649045409715,221.0352020263672,6180984
2010-06-17,220.99367900403115,223.81735850067682,218.75135231644586,221.8241729736328,5452641
2010-06-18,221.1182551179524,224.23259693736975,219.24964721416634,220.0386199951172,6030460
2010-06-21,220.91065331736368,222.57162732130118,219.54034167922455,219.95558166503906,6940466
2010-06-22,220.0801829032303,221.99031235218797,217.1734605085519,217.58871459960938,5014986
2010-06-23,217.5886580236843,220.82756316409723,216.05224781368864,219.29115295410156,4377083
2010-06-24,218.5022076696981,220.91063311277728,217.75477013932118,218.6267852783203,8286439
2010-06-25,218.33611574683385,220.8275836335855,217.67172056085244,218.460693359375,5918882
2010-06-28,219.2496315316397,221.53347922371728,219.12505393078388,220.41232299804688,5496212
2010-06-29,220.91062087679677,221.7411147871478,218.91743549195428,220.74452209472656,3571629
2010-06-30,219.29118101614486,220.49539381804223,216.38447306596694,218.25306701660156,7007284
2010-07-01,218.41913410464971,221.11823573582623,216.84120274173995,220.12164306640625,8278079
2010-07-02,220.49537474360727,220.7860511377511,218.50220334846097,219.83099365234375,2459569
2010-07-05,220.41235889755487,222.53010815364405,218.54375082307868,222.1148681640625,3790109
2010-07-06,222.5716086625437,226.1427256717544,221.741128760536,225.5198516845703,11519800
2010-07-07,225.0630989469951,232.03922037245803,225.0630989469951,229.34011840820312,10778118
2010-07-08,231.91462911614343,234.61373092162697,230.3366976513314,233.3264617919922,6207032
2010-07-09,234.1984809524204,257.86749551428005,234.1984809524204,256.3310852050781,52219871
2010-07-12,256.1234902308307,259.6945935126056,252.75997882257292,253.8811492919922,16195352
2010-07-13,253.21675999557507,254.67012811513706,247.23723088743637,249.02279663085938,10693831
2010-07-14,251.63882566209625,255.6251687623385,248.06769441240655,250.4761199951172,11630355
2010-07-15,251.63879890405852,252.88451868732636,246.07451075660583,247.48634338378906,4120377
2010-07-16,243.33382629015713,249.1472400504201,243.33382629015713,247.8599853515625,3389876
2010-07-19,245.82537083751203,251.30661696452358,244.74573570966987,247.0710906982422,5124736
2010-07-20,249.02277957773288,249.77021714989556,245.41014121114824,247.1956787109375,2600132
2010-07-21,248.02614035888604,248.31680265995547,244.24738983822027,244.9948272705078,2393379
2010-07-22,244.41359102898394,251.6388690221069,242.5034474591566,250.8914031982422,3905944
2010-07-23,252.84299777877206,262.85040322590646,250.8082772495618,260.6080627441406,11429835
2010-07-26,260.7742218727835,267.2935682801616,257.16158343854863,266.08935546875,10405199
2010-07-27,267.5843030182925,269.41137610012396,263.3903110472397,267.9580078125,7389473
2010-07-28,268.6638692813164,268.6638692813164,265.0096959362618,267.4181213378906,2807219
2010-07-29,266.58763524019986,267.33507274028415,262.01993975640835,263.1826171875,3343255
2010-07-30,261.6047330928398,265.67414723863203,253.38289054119988,254.7947235107422,8503156
2010-08-02,255.79130598709372,265.75717874759084,255.79130598709372,264.1377258300781,9071713
2010-08-03,265.5910098452372,273.8959199286749,263.55631756090855,272.7747497558594,9834399
2010-08-04,273.23161695239673,274.06209699207477,267.04446754125615,268.37322998046875,4303422
2010-08-05,268.66387032931476,273.23156593743374,268.5392927223507,269.577392578125,4929011
2010-08-06,269.0790928210604,271.4459828358109,265.96473721300055,268.580810546875,2514528
2010-08-09,267.37666797491545,273.89601509431276,264.2623115508619,272.73333740234375,6603816
2010-08-10,273.23153650598726,273.7298187588147,268.6638413898828,270.3248291015625,4591762
2010-08-11,266.75377233263595,278.837436673865,262.2691183303564,266.2969970703125,12509844
2010-08-12,263.4732795149341,268.24862308558454,261.81229166954944,263.1826171875,5817079
2010-08-13,264.0961973309539,268.1655828596039,261.60470122108205,263.22418212890625,3741099
2010-08-16,264.09619521398525,266.71224079915817,259.6945839927007,264.71905517578125,3101836
2010-08-17,263.680896411701,266.5876321376342,261.02334401136943,262.5182189941406,4343972
2010-08-18,264.26785250842204,266.0174179211564,260.1438567422576,262.6015930175781,4100030
2010-08-19,263.30972851766194,264.80937612399214,261.0186323589589,262.1850280761719,3480455
2010-08-20,259.93557006403586,261.43518945567575,256.6863853119475,258.5192565917969,2806623
2010-08-23,259.93554465266055,266.76719358778877,258.7691772632546,264.3927917480469,4312015
2010-08-24,264.7676250396275,271.0993807129783,263.97614852780936,269.2665100097656,6968253
2010-08-25,268.1002009113255,270.39129683896465,261.6018038342273,264.0595397949219,4686350
2010-08-26,264.934307268429,269.84975069867056,262.14331961151976,267.89190673828125,5251096
2010-08-27,267.4336767419786,270.34960909665335,262.43489929176343,263.3513488769531,4548409
2010-08-30,266.51725016823656,271.8909187595618,265.89241351198586,268.9333190917969,4584547
2010-08-31,269.0999243174871,273.51547561200357,262.643166862353,272.7239990234375,6308685
2010-09-01,274.0986676707718,283.0964382973736,273.9320276610796,281.3052062988281,8793789
2010-09-02,283.1797631784052,284.1795186717743,277.51451025991486,278.3476257324219,3804773
2010-09-03,279.26408732536663,284.4294768245173,279.0974472973412,282.63824462890625,3897016
2010-09-06,283.2630486593968,287.2204032896699,281.59681783452316,286.095703125,4531861
2010-09-07,288.17851656435084,289.3449120952969,284.1795227441686,286.2206726074219,4297798
2010-09-08,284.0962067535968,294.67690279925495,281.5968321783752,293.2605895996094,6403109
2010-09-09,294.9268884215388,298.2177400482487,289.6781926438402,291.6777038574219,6075974
2010-09-13,295.26013050254846,295.7183553334629,289.2199582100476,290.5946044921875,5698570
2010-09-14,292.55246588894533,299.5090593734826,287.5120493578892,296.968017578125,6917596
2010-09-15,294.92683375575876,300.7587262757736,291.6776497938901,296.75970458984375,5198040
2010-09-16,295.84330998774897,299.9256097307828,287.92860001106436,289.5531921386719,7141945
2010-09-17,290.8445699187641,299.92564839106217,290.8445699187641,298.9675598144531,9154009
2010-09-20,299.0925548217534,310.7563150666248,299.0925548217534,304.8827819824219,10622651
2010-09-21,305.00775492457484,308.96511071381906,302.46671267762133,304.5495300292969,6546264
2010-09-22,308.13196650112036,312.4225741902437,298.8426084578263,302.2167663574219,5277333
2010-09-23,303.34141358496663,304.00791721458444,295.0101464253437,296.176513671875,2753259
2010-09-24,295.8433248987886,307.7153622515861,294.1353985678353,306.7156066894531,9082847
2010-09-27,308.3402423279422,313.58893813024184,304.2995528192469,310.8812561035156,7205540
2010-09-28,309.131730498776,314.0471750612523,308.25694775282165,310.9646301269531,4070115
2010-09-29,312.4225464192522,313.8388598340592,301.59190280753813,302.7582702636719,3497950
2010-09-30,298.50927777191566,308.2568581374241,297.92610825122193,305.1742858886719,8294465
2010-10-01,308.3401941721478,308.3401941721478,303.2997780497797,304.174560546875,4035625
2010-10-04,305.7158274554238,307.17380773030015,296.71808451413784,299.8006286621094,4414660
2010-10-05,299.8007078450762,305.7575752692159,292.2192761187635,294.6353454589844,5686066
2010-10-06,296.5931150036949,299.38407441341013,292.0109234700184,293.3439025878906,3917799
2010-10-07,295.5101260173949,300.34223645132903,294.4270361396457,295.63507080078125,3629608
2010-10-08,297.38462540110584,299.84236170154117,291.30281346063623,294.0104675292969,2592663
2010-10-11,295.01017454984043,296.50979375414533,284.0128918233315,285.63751220703125,6777705
2010-10-12,284.9293877712609,287.8453489554881,281.26364507360177,282.4716796875,5190130
2010-10-13,282.8465360338117,290.427994695611,280.3471611875469,289.5948791503906,9103035
2010-10-14,290.9695901899079,293.26068665969206,285.3043355163041,287.470458984375,4074495
2010-10-15,288.92842690449385,289.553263674728,275.18182048508265,277.9728088378906,6206683
2010-10-18,279.0974463521558,279.0974463521558,269.51650519651207,272.6407165527344,7847094
2010-10-19,274.22368281497023,279.51404551438833,269.09996015088205,272.5990905761719,6006847
2010-10-20,270.76617913753796,274.6818953708217,265.600789642855,267.6419677734375,6109985
2010-10-21,270.5163232747594,282.0967781738058,269.47490044149947,280.8470764160156,5318157
2010-10-22,282.34670595317874,284.7627751745983,276.1398928443905,277.80615234375,3670603
2010-10-25,279.30576877829765,284.51282613136317,278.3060413000611,280.9303894042969,5036992
2010-10-26,282.4299446729175,283.1797542165647,273.3905066714037,273.9320373535156,2595183
2010-10-27,273.26563727096055,274.0987529468182,264.93436766995194,268.2252197265625,4852021
2010-10-28,270.6828573282227,280.3471320595613,270.14132663797363,275.47332763671875,12385094
2010-10-29,273.8904483903109,276.3481563304018,266.8921870942339,271.3077392578125,3083767
2010-11-01,274.09868640268303,279.8889122917562,273.5154886448033,279.3473815917969,3512389
2010-11-02,279.3473617637268,279.8472253702854,273.057244468486,274.30694580078125,3343836
2010-11-03,275.7649694228218,278.014398322545,272.47411788038346,273.5988464355469,2177828
2010-11-04,275.09843070730744,276.43143797932396,270.9744359331813,271.7242736816406,3182032
2010-11-08,275.76495633912594,278.84752884888906,272.84899564635435,273.3072204589844,6053124
2010-11-09,275.3483771475979,279.5140107752789,274.3486216916824,278.7225341796875,6948271
2010-11-10,279.097431848256,287.9285911585025,271.22438917226503,272.4740905761719,11337057
2010-11-11,271.141089547993,272.22415095818303,263.26804668965656,263.89288330078125,7845177
2010-11-12,262.43485476587915,263.2679983048606,252.7706097563447,254.5618133544922,15715053
2010-11-15,255.89487467744223,259.6439508708698,254.3119495759387,257.9776916503906,10986583
2010-11-16,260.7269969595583,266.4339168220415,259.1024048942252,261.1435546875,9850158
2010-11-18,266.6005531070129,273.14061723645875,261.81008237464295,270.72454833984375,10415307
2010-11-19,271.5993527847816,284.72109273904516,271.5576857205692,273.6405029296875,17594387
2010-11-22,278.3893134252438,283.1797841684438,278.26434045298424,280.7220764160156,6280409
2010-11-23,276.59806503263985,277.306235763917,266.7671781754142,274.2236633300781,8499425
2010-11-24,276.4315185546875,281.0970171560635,274.9318708312456,276.4315185546875,6740358
2010-11-25,277.5978234528305,283.0547976464562,277.1395986466814,279.0974426269531,8374470
2010-11-26,282.42996068062,282.42996068062,273.30721625954885,278.0976867675781,7089599
2010-11-29,279.0974506387066,284.09622838027974,277.4312196021183,282.1800231933594,3571716
2010-11-30,280.76371407098446,302.34169406459415,280.3471563056281,300.05059814453125,14357045
2010-12-01,297.842745826658,298.1759976113473,286.76215924898366,292.0525207519531,7293186
2010-12-02,294.9268563462079,295.7599718226244,286.8038676087423,288.34515380859375,4692175
2010-12-03,290.3446883147307,295.75999577113276,286.2623600864098,287.9286193847656,4375447
2010-12-06,291.469385025399,292.7607535971627,286.2206894589247,287.7203369140625,2008761
2010-12-07,289.0533662282562,295.55173558714375,287.63702457707757,290.63629150390625,4279168
2010-12-08,289.9281486716049,294.3020619716566,287.5537184440016,289.63653564453125,4719168
2010-12-09,290.76126492422856,291.26112864081824,279.93062109913564,281.9717712402344,3620606
2010-12-10,280.1388353969837,281.5968155676102,270.7661460295261,275.7649230957031,9232424
2010-12-13,276.97296128178624,278.0976614533257,268.26677539988907,276.63970947265625,5454691
2010-12-14,275.7649489981194,280.7636983232267,272.7240154182543,279.222412109375,3829572
2010-12-15,279.5140530738264,284.92936068294415,278.1393785349397,283.01318359375,4696849
2010-12-16,285.34587274371677,288.6783909004159,283.30472300436344,286.84552001953125,5014784
2010-12-20,284.92933571941046,284.92933571941046,277.9310752927024,279.0974426269531,2716161
2010-12-21,279.09744788526626,281.1802648710563,274.93181391368614,277.3062438964844,2579684
2010-12-22,278.26430314158836,286.59557020949103,277.72277247481065,285.9707336425781,3806784
2010-12-23,287.1371185950467,289.88643915395875,283.3047366357452,286.01239013671875,4486098
2010-12-24,282.4299922039546,293.0940240464876,282.4299922039546,290.4280090332031,2150395
2010-12-27,290.7612068538457,293.30224841464656,284.1795046713712,284.84600830078125,1406861
2010-12-28,285.7208086065792,288.5117680445128,284.38780126462825,285.2209167480469,2087889
2010-12-29,286.5956116113669,295.6350224521595,286.5956116113669,294.9268798828125,4157002
2010-12-30,295.7599997317195,299.9256339280903,292.46914815237454,297.8011779785156,6336195
2010-12-31,295.3017995739263,299.75904715558426,293.3023164326079,298.9259033203125,3120012
2011-01-03,300.6754652434858,304.09129004443116,295.5517421473708,299.3841247558594,3283719
2011-01-04,300.1338781690637,301.4668854717151,294.2186794214984,296.9263610839844,3833685
2011-01-05,295.75997988471164,296.6347624430351,289.55319606865567,290.76123046875,2954082
2011-01-06,290.88621853511194,296.00994118402605,290.88621853511194,294.2603759765625,3224930
2011-01-07,294.76028013796366,295.59342400535087,278.5976332800627,282.0134582519531,6786239
2011-01-10,283.26308475534483,286.5539361907789,279.1391178013108,282.5132751464844,3068961
2011-01-11,284.09625550960254,289.0116996002567,278.2643616928278,281.9717712402344,3709562
2011-01-12,283.38811747053495,292.6358370875371,279.93065348670234,290.8446044921875,2132019
2011-01-13,288.42848683571606,294.9268840788682,287.512065367605,288.80340576171875,3563055
2011-01-14,287.51205763873173,292.80239204830673,284.304512060058,286.3873291015625,2474877
2011-01-17,283.6796272505882,293.26056708859375,282.97145659982516,290.3446350097656,3716294
2011-01-18,291.6776334230918,292.71902763039526,285.8457412303997,286.9288024902344,2208607
2011-01-19,287.4287471912855,290.2613740873463,284.67942621320157,286.9705505371094,2966214
2011-01-20,282.42996954625147,285.76248804550863,281.5968540267385,283.5130310058594,3853851
2011-01-21,283.22147241143193,283.22147241143193,275.76498626396767,279.9722595214844,3220549
2011-01-24,280.097207050342,281.51352036216906,277.0146344861881,277.5145263671875,2928676
2011-01-25,280.472128366002,283.9712587205902,277.51452874673794,281.3885498046875,3866285
2011-01-27,283.26311170881246,283.26311170881246,270.14137177866814,271.3077392578125,6439857
2011-01-28,273.18224727342897,276.80635050143223,268.6833614804111,272.6407165527344,4096337
2011-01-31,268.3917423790256,269.641443688089,259.1023871959233,265.76739501953125,4756969
2011-02-01,270.7662441594177,273.1406747053568,258.26933928080103,264.1845397949219,6445397
2011-02-02,258.26928782119245,271.43269392740325,253.64545707009225,268.9333190917969,11730023
2011-02-03,266.975489907884,285.30428674345416,266.975489907884,283.09649658203125,7437162
2011-02-04,285.762502900134,286.1790606815442,275.3484173118594,277.0146484375,7238103
2011-02-07,279.0974929302125,286.80392548459633,276.5981177859982,278.139404296875,4770975
2011-02-08,279.097465727783,283.5547129813202,276.68139674138473,277.68115234375,3653369
2011-02-09,271.9325222769779,280.5137062669957,270.47454220915,276.7229919433594,4358336
2011-02-10,274.9318098622654,276.09820541190527,260.935288951403,268.7666931152344,6903674
2011-02-11,268.84995995770873,268.84995995770873,261.6017546218962,265.68408203125,3167685
2011-02-14,269.51648203443773,273.64044856920873,262.4348880038777,272.7239990234375,4306568
2011-02-15,271.18275795476194,277.5978205417715,269.4331928664319,274.2236633300781,3129682
2011-02-16,274.0987101208397,277.0146427413557,270.97447040329774,273.5988464355469,2808369
2011-02-17,276.598086499054,284.30451818173725,271.26608491381035,283.13812255859375,5499423
2011-02-18,282.4299731518332,284.3461501554165,273.3488953886792,276.0565490722656,5044655
2011-02-21,274.6818687041404,277.1812431948968,272.3074389589122,275.5149841308594,4256319
2011-02-22,272.6407069531365,278.680878787136,269.39152274337175,275.348388671875,4981445
2011-02-23,274.0986936220804,280.97198109210547,271.47434595840167,273.43218994140625,4760426
2011-02-24,271.59933434130903,280.2638544712845,267.85025797736324,270.2663269042969,8685403
2011-02-25,274.9318812234322,277.26464471760073,270.3913554449325,274.7236022949219,4632115
2011-02-28,274.9318006653984,278.2643189663176,270.4745821221949,276.0148620605469,6420348
2011-03-01,275.8483350244171,282.3467336029947,268.4335147894032,281.263671875,5446370
2011-03-03,279.51400927195465,281.93004968083926,272.51572111818564,275.0567626953125,3517302
2011-03-04,275.390077449505,277.9311196073588,270.0580753719967,272.3908386230469,3625974
2011-03-07,270.7662105720281,271.7659662235751,265.8507664432095,270.3080139160156,2565177
2011-03-08,269.59978138103827,279.3056944345314,269.09991777497044,278.9724426269531,3472743
2011-03-09,278.5559347972009,280.5971130630773,275.3484173118594,277.0146484375,1786515
2011-03-10,275.80656846515836,276.0981814325425,272.5573844532174,274.5152282714844,980737
2011-03-11,274.01539922978975,276.1815221777083,267.47533511466213,268.72503662109375,3574256
2011-03-14,266.68391680940414,269.9331015987961,266.017413025333,268.0585632324219,3023582
2011-03-15,264.9343216976086,267.39202944128334,257.3945020127578,261.7267761230469,4819267
2011-03-16,262.4766080697808,268.5167808172422,262.4766080697808,266.9754943847656,4186534
2011-03-17,265.6008051837411,269.8497735108015,263.51801629287377,264.8093566894531,5273043
2011-03-18,268.1835451950736,269.7664705772725,264.5177742599794,265.47589111328125,4664167
2011-03-21,266.30891775530927,267.55861902722694,263.2680127867135,264.017822265625,2006096
2011-03-22,265.1009514367136,272.68241048416695,265.1009514367136,272.0992126464844,3750136
2011-03-23,271.76593140744177,276.2231783092267,270.97445475837134,275.43170166015625,2316550
2011-03-24,276.43149181796707,278.59761495157466,272.09921734014637,277.6395263671875,2046780
2011-03-25,278.34765742678235,284.09624511557354,276.6813980814367,283.01318359375,2701811
2011-03-28,284.4295033138032,291.59437634231637,278.68091549709374,289.7615051269531,8030083
2011-03-29,289.0949721474036,304.0496098032056,289.0949721474036,300.4255065917969,9452816
2011-03-30,299.9256449592836,301.30031952837226,295.30178575333895,299.42578125,5630729
2011-03-31,297.84285792683033,299.5091174774131,292.7608015608127,297.7595520019531,9325109
2011-04-01,295.42672045212595,300.1755520226925,294.0937131192931,296.0099182128906,4942781
2011-04-04,295.3434632435992,301.59191498856575,294.0937616103635,299.3841247558594,2368243
2011-04-05,301.17533378136375,302.6749530562497,297.8428151587242,300.1339111328125,2105888
2011-04-06,300.17555141122887,302.5499530863748,291.80261675055436,294.3436584472656,4845107
2011-04-07,294.34375713463686,298.46775347120354,288.0119984042725,297.42633056640625,7589768
2011-04-08,299.34251311001134,356.9115633894285,297.50961345325135,301.5086364746094,6809750
2011-04-11,301.50860252997626,305.17434500958035,299.0925334458987,301.9668273925781,4044750
2011-04-13,296.8430907493455,312.4225675779405,294.09376964955777,306.1324768066406,8758584
2011-04-15,307.75703385448725,313.2556754220712,306.13244162102,310.25640869140625,6629599
2011-04-18,310.33973735984193,314.1304810598335,305.1327084186607,306.8406066894531,3912057
2011-04-19,306.5905967455389,314.9218638813611,304.5077799615833,313.6305236816406,5014397
2011-04-20,314.3387632866881,322.0035284753659,312.75580977114106,317.0464172363281,8298620
2011-04-21,317.421283139551,320.337215504873,309.17332147453027,313.46392822265625,6009147
2011-04-25,311.9643110699709,315.75505454343397,310.5896647647242,312.7974548339844,2384536
2011-04-26,312.42250154080415,318.9625651159301,311.2561342522152,317.921142578125,6007245
2011-04-27,319.92063477756955,323.4197646487333,318.00442983304697,320.87872314453125,5856456
2011-04-28,320.75387228916185,324.7945343589593,318.46277582093876,322.21185302734375,4969685
2011-04-29,322.25343612148345,324.08630717630876,313.42227627344755,316.62982177734375,3474612
2011-05-02,315.7550877177997,320.712199128969,315.7550877177997,319.6707763671875,2567365
2011-05-03,317.1713199695816,319.5873885620011,310.46464486230684,311.9642639160156,3721992
2011-05-04,311.9643026340594,313.58892305624255,304.17459343063217,308.0486145019531,3163786
2011-05-05,299.80064809721625,307.7986642828677,293.42725231118055,298.1760559082031,9934784
2011-05-06,297.42631249445805,301.2170566564331,288.01198090434934,292.3858947753906,7345483
2011-05-09,293.92709513332665,305.63251968663644,293.2605914809118,304.25787353515625,4569883
2011-05-10,305.67425878251794,306.2157896014031,302.42504565859923,304.8827819824219,2801287
2011-05-11,304.9243916022891,306.50731669365365,302.8832134913006,305.09100341796875,3230479
2011-05-12,302.30003679026066,305.4242480506262,302.30003679026066,304.6744384765625,2725663
2011-05-13,302.50830353954245,311.7559921965994,302.50830353954245,306.38232421875,3580151
2011-05-16,306.59060770826966,312.3808617073994,303.8413154088939,309.2566223144531,2523797
2011-05-17,309.006699710784,311.13118378672965,307.0072168158618,308.840087890625,1985073
2011-05-18,309.2566635664442,312.42254222828575,307.4237923855053,309.8815002441406,2227649
2011-05-19,310.71455533058923,311.4643647719105,303.67462921326836,304.7576904296875,1817420
2011-05-20,305.42424470865006,315.25513139098376,304.34118331234225,311.46441650390625,4732033
2011-05-23,308.34022009995493,312.75577180240833,305.0493686950553,306.9655456542969,3331442
2011-05-24,308.25688303212104,311.3811225892065,306.1740660642648,308.75677490234375,3517512
2011-05-25,306.29901192713714,310.33967253773216,302.883187888426,307.96527099609375,2306477
2011-05-26,305.9241098737893,311.33941638295005,303.92459906551517,306.0074157714844,5773192
2011-05-27,307.59040091891177,311.7977022090961,307.4237890908867,310.6729736328125,2481609
2011-05-30,310.7563063359427,311.5061442585085,305.75755611580996,309.4649658203125,3936916
2011-05-31,309.75651158755863,312.8390556871235,307.6320276895635,311.71435546875,3215081
2011-06-01,312.63078040624504,320.46218423134457,312.42250154080415,317.921142578125,4608558
2011-06-02,315.755002135606,321.5035605633368,315.33844442803985,317.5462341308594,2260188
2011-06-03,318.2544135266466,320.42053642585944,314.21375251523733,315.29681396484375,2711559
2011-06-06,316.8797782909457,318.75428825761594,312.83908892865577,316.5881652832031,2818802
2011-06-07,315.75505508291315,318.12945698267043,314.08879576264314,314.7969665527344,2198037
2011-06-08,314.9635689901154,316.0049916132149,309.0900367981883,314.713623046875,2901623
2011-06-09,314.1720920128058,316.3798820179316,312.9224187189933,313.7138671875,2342963
2011-06-10,314.50529816839855,314.8385499737804,310.13138585438634,311.5476989746094,1977670
2011-06-13,312.6307791511106,316.2132433277525,311.50607892436545,314.588623046875,2850479
2011-06-14,314.88033711952386,317.0047935047979,314.08886025355855,316.00506591796875,3194917
2011-06-15,314.88021806592394,316.0882523380886,312.50581657637935,313.8804626464844,2573491
2011-06-16,312.422489321278,316.4215110867739,306.29901192713714,307.96527099609375,5994787
2011-06-17,307.59041962910067,318.212784735264,307.59041962910067,317.0464172363281,5130753
2011-06-20,316.58816874499,326.5440293345007,312.8807594111819,324.7944641113281,8848136
2011-06-21,324.96107063533185,331.9176637488739,323.3781174011338,326.2524108886719,5559217
2011-06-22,327.41882569828056,329.0850850785746,314.5886707859238,318.08782958984375,8541584
2011-06-23,316.713135254953,322.50336155580726,316.00499269415377,318.37939453125,3273163
2011-06-24,319.54578841234655,328.46025512166614,319.54578841234655,326.5024108886719,5471448
2011-06-27,324.08634942555886,332.33431256341544,323.2532055934061,329.9182434082031,4959702
2011-06-28,330.58467807517013,337.37465924514976,330.12645329487697,333.5006103515625,10719216
2011-06-29,334.54204614732265,336.5415573216883,332.7924809224036,334.458740234375,4263304
2011-06-30,334.91696949724303,336.4165887925321,324.71116281348327,329.00177001953125,13125165
2011-07-01,329.00170336117566,329.91815286184135,318.54595284308436,319.46240234375,5799385
2011-07-04,321.17038173797226,323.50314492527895,319.0875645162427,320.170654296875,4410181
2011-07-05,321.5869164413756,321.92016827210597,315.1301869052504,318.4626770019531,2594353
2011-07-06,317.046404914332,323.91969307810626,317.046404914332,319.4208068847656,4248866
2011-07-07,319.5457057891681,332.334218804088,319.5457057891681,331.5843811035156,8972726
2011-07-08,333.12569430242917,341.4986287462244,329.6265642568074,331.7093811035156,6220607
2011-07-11,331.626130200075,333.167416614896,324.71117486531676,325.96087646484375,1889284
2011-07-12,322.50334276965407,328.8350994401481,320.9620565551862,322.33673095703125,2729874
2011-07-13,322.5033727222719,331.0012812203194,321.92020311332845,329.00177001953125,6051451
2011-07-14,329.75159762088214,332.5009186190048,327.9603652129916,330.3764343261719,3835596
2011-07-15,331.7927158529154,332.0009947169251,326.00246187528415,327.37713623046875,1920350
2011-07-18,325.1693732661202,329.50161913216465,325.0444002952762,327.50213623046875,1082795
2011-07-19,325.7941755607406,334.08380392751445,325.7941755607406,331.9593200683594,3797711
2011-07-20,333.25073043462595,334.08387425760253,328.0020343712362,329.376708984375,3221108
2011-07-21,327.4187699621067,331.0012340725508,326.7939333798386,329.1683349609375,5572151
2011-07-22,331.25117179031054,343.706434605917,330.04313739858685,342.5400390625,11423101
2011-07-25,341.5819453367491,365.07612913008126,341.20705465476055,360.4522705078125,15650804
2011-07-26,358.2445839773859,360.4523744903554,351.78785250901205,353.7456970214844,7871857
2011-07-27,355.6618084605393,360.2440001325946,351.9960381965338,357.8695983886719,5289506
2011-07-28,351.9960857580883,361.1604985510924,351.9960857580883,358.9110412597656,4924393
2011-07-29,358.6611136976004,365.95098852547176,355.0370098171732,364.28472900390625,7995295
2011-08-01,373.1158078824514,373.1158078824514,364.74290084666427,367.70050048828125,4307734
2011-08-02,364.5345639011193,366.3674347110117,358.2444467029584,360.24395751953125,3038663
2011-08-03,356.57822186794897,359.8274343089737,343.8314026643337,355.1202697753906,15342713
2011-08-04,353.2457146699239,357.4113482972386,349.7049176235264,353.287353515625,3936601
2011-08-05,340.6655339696708,350.7046999317146,340.5821998506878,346.4140930175781,5985715
2011-08-08,333.25074409460876,345.6226750669549,329.33505541899245,340.2073669433594,8689189
2011-08-09,327.6271342619732,343.58150089904706,326.71068454608496,339.2908935546875,10113344
2011-08-10,342.41513335660187,344.45628347445535,332.58421707664604,338.9576416015625,7288802
2011-08-11,338.24947187054613,338.99928148206965,329.0850600803848,330.8346252441406,7416538
2011-08-12,334.08377520701447,334.3336928902655,320.75373188699,324.1695556640625,7043295
2011-08-16,327.2105646924634,335.5835009046072,323.08659718503503,329.79327392578125,12588424
2011-08-17,329.1668018759718,334.84640311321573,320.3968210590365,331.0878601074219,5418918
2011-08-18,332.17366983362666,335.93224118111175,325.8258485054528,326.6611022949219,6516533
2011-08-19,323.2366244523971,329.7932238276179,315.0513183803428,320.4385681152344,8120797
2011-08-22,319.227516286288,329.4173979416313,318.30874556936027,327.99749755859375,3679094
2011-08-23,329.6679146731575,338.1038274870714,327.83040171064334,335.4310607910156,9573967
2011-08-24,334.0946441618418,337.56089166075174,330.1690396795989,332.1736145019531,5267076
2011-08-25,335.68168170911207,341.94595822467056,328.12279426905627,336.0157775878906,8509606
2011-08-26,334.42877487993553,341.02714648085424,330.21084673484796,332.96710205078125,6279865
2011-08-29,336.60037035950216,343.03170792744294,336.39156400389925,338.3126220703125,3645172
2011-08-30,339.9413179316304,347.83429974077893,334.97165329111397,337.978515625,5582539
2011-09-02,347.4584374836801,349.9223692145886,339.5236835975435,341.2776794433594,5725538
2011-09-05,336.18274755265423,341.8206038307694,334.6793305246421,338.730224609375,2947636
2011-09-06,336.68398216636837,339.10617030923663,326.4523273064631,332.6330871582031,4929940
2011-09-07,334.0946833974843,338.93905897940147,332.4659767688154,335.47283935546875,4690977
2011-09-08,335.4728623199612,337.68624389584,330.9208096832604,333.6770935058594,3950839
2011-09-09,337.3521535493765,339.9413753403961,330.4196854314854,334.2200012207031,6006553
2011-09-12,331.63080441181273,332.298996204744,319.5198635175,322.234375,3285687
2011-09-13,325.65874831401385,327.28745469061266,316.88876914613996,318.68450927734375,4165475
2011-09-14,319.89566093712403,320.73091470759556,311.1256801804958,315.17657470703125,6358228
2011-09-15,319.06036835646677,325.6587388300485,311.2926767885701,323.320068359375,5017504
2011-09-16,324.7400800824656,325.5753339646564,318.7681548209657,322.234375,6904041
2011-09-19,320.7309128709889,325.65880544496855,316.972341630514,323.111328125,3371857
2011-09-20,324.7400448961547,327.83042453309895,322.2343400851878,326.91168212890625,4068649
2011-09-21,329.8768096762569,330.2944224784149,326.99523609008094,328.4569091796875,2724946
2011-09-22,324.6565433167249,324.6565433167249,307.4089038162417,311.37628173828125,5455410
2011-09-23,308.20236608491655,319.2275010330444,301.2281257079592,313.2137756347656,7868621
2011-09-26,314.6754429060861,321.8584895288987,307.3671068044621,318.14166259765625,3952985
2011-09-27,322.8189591704609,325.282890967682,318.7680652404842,323.7377014160156,5324327
2011-09-28,325.57527213619557,325.57527213619557,314.8424611767377,316.7635192871094,2039546
2011-09-29,314.88426554705325,318.0581621400937,312.04446482075656,313.5478820800781,4224977
2011-09-30,314.75899786180906,324.48952297837087,310.4992964773394,315.7195129394531,3532661
2011-10-03,311.62687169890194,319.8539511186925,309.91461966815206,318.1834716796875,3565880
2011-10-04,316.1371177115579,319.9792058630028,305.15375548068545,308.9540710449219,5282999
2011-10-05,312.2950058358686,312.2950058358686,304.9031533588293,305.7801513671875,4972635
2011-10-07,310.0398842323974,313.9654893868792,290.82944293359776,296.3420104980469,15009037
2011-10-10,294.0033205948926,307.3670976102792,286.94556366200817,303.6502990722656,11169676
2011-10-11,306.7406931820231,317.76582813015096,306.5318868076169,313.2137756347656,6990486
2011-10-12,314.04905939507404,315.6777662401567,309.1629105777735,311.71038818359375,4115359
2011-10-13,314.04902571007585,314.80073430548146,305.78017459651517,308.9540710449219,5213981
2011-10-14,306.69895023879144,321.4826282739533,306.69895023879144,320.4385681152344,4098263
2011-10-17,318.601053530462,323.1113334367685,315.00954429690216,317.4317321777344,2744407
2011-10-18,312.83793509309453,316.9305739649377,310.16516825266643,312.4620666503906,3313805
2011-10-19,313.46431795928146,322.9024894203323,310.4992281944019,321.3572998046875,4284200
2011-10-20,318.22520150638644,327.3710221770191,317.3899477581041,325.7840881347656,2774385
2011-10-21,327.3293239013506,327.3293239013506,314.4666745639312,315.7195129394531,3257674
2011-10-24,321.0650100206788,321.3991058718969,314.9260235013392,319.8956604003906,2446054
2011-10-25,322.4014342347989,328.7909722397962,318.9769583968589,324.44775390625,3540580
2011-10-28,333.426533468174,341.86244748890954,324.9906477294909,327.3710632324219,4732927
2011-10-31,328.9161783008138,330.41962358125426,324.364154723768,327.2457275390625,2421868
2011-11-01,323.0695812807451,330.75375748520605,323.0695812807451,329.54266357421875,1820597
2011-11-02,325.7841233115431,330.50320992581663,320.104521650979,321.1067810058594,2944231
2011-11-03,320.2714976823882,329.75144179168876,319.9374018636713,328.58209228515625,3647871
2011-11-04,326.5775505618989,334.5122768820663,321.6078857895811,331.83953857421875,8406519
2011-11-08,331.58897444126427,336.01573723291943,330.04378472274493,331.7142639160156,4424674
2011-11-09,330.4197014313397,336.1828201377294,328.2480640217215,330.1273498535156,3521903
2011-11-11,325.74233564516413,333.17596153786167,324.8653375386934,330.419677734375,3732083
2011-11-14,332.96707429218566,339.6907348073034,332.0065594420392,338.4378967285156,6553674
2011-11-15,338.2708612645507,341.19420690887375,334.1781943317274,335.4310607910156,6318187
2011-11-16,338.18734437581105,344.1175242711485,330.58668529543877,335.4310607910156,7013063
2011-11-17,336.09934501255816,341.4448515945475,328.03929840164966,330.46148681640625,4380305
2011-11-18,327.0786993195735,335.7651629636122,327.0786993195735,332.006591796875,6292013
2011-11-21,320.73095476726076,330.58674120265636,319.8957008924651,324.44775390625,10344432
2011-11-22,323.2366679721718,324.74008538981144,311.20927206694745,316.30419921875,7128770
2011-11-23,312.378542664795,312.378542664795,296.3419985504251,304.6943664550781,11163073
2011-11-24,306.531929439985,321.1485756556485,303.35803251271597,316.30419921875,13372340
2011-11-25,314.0072419722791,319.2274859316349,309.4551896922336,313.33905029296875,5145884
2011-11-28,315.7194209435716,325.5752326822611,315.26006397562827,323.6541748046875,6559205
2011-11-29,326.4105399444535,327.5381170625037,307.4506767353412,312.12799072265625,7609984
2011-11-30,314.04900934025363,324.9070815255726,306.74067357498916,322.4848937988281,52303883
2011-12-01,328.16450898426746,330.4614073379697,313.088479772253,316.63824462890625,9331900
2011-12-02,318.47574806166966,328.9579802505119,310.95863411655813,326.24346923828125,10460760
2011-12-05,327.4963566999613,332.2572160456678,322.1090781684168,326.15997314453125,5113184
2011-12-07,326.159936946437,326.57757797269755,314.04902595407157,315.17657470703125,8320600
2011-12-08,314.46667237985395,314.46667237985395,304.10972814746367,306.74072265625,6636511
2011-12-09,304.36025425202405,305.613092401168,293.7109885740622,299.5993957519531,9838610
2011-12-12,301.8127089282448,303.0238025014754,284.3562694129387,285.9014587402344,8782284
2011-12-13,283.6463939309614,293.00104968480764,281.433040686203,288.86663818359375,6780262
2011-12-14,288.32370180101543,295.50671948334735,285.56741836596586,291.3305358886719,5910234
2011-12-15,282.3100416685897,285.81803407692803,277.2986037409275,281.1824645996094,10973531
2011-12-16,282.01768036505786,294.5044880230736,275.2105021620723,281.09893798828125,7910102
2011-12-19,278.96908812256464,286.8203268776337,268.3198212204691,280.9736633300781,12067526
2011-12-20,283.8133624126681,283.8133624126681,266.64924637486655,269.9902038574219,8932351
2011-12-21,277.29852316554945,288.28188254439215,273.7070149058569,285.2332763671875,5158308
2011-12-22,283.1452711021537,285.65097595964954,270.03204369578907,279.97137451171875,6559119
2011-12-23,280.63955609549663,282.1847458867809,273.6653157409339,276.1710205078125,3595847
2011-12-26,278.9691179709515,288.6578708952003,278.1338923528144,287.9479064941406,4068563
2011-12-27,288.24018122129996,290.6205962238499,284.14751456329856,286.5697021484375,2796709
2011-12-28,286.2356059046725,288.9501167177247,283.64635627510654,287.0708312988281,2156133
2011-12-29,286.4862387917711,293.0010659700811,280.89012578160475,284.77398681640625,5623529
2011-12-30,285.73445905839475,289.1589342141393,282.43527337301305,286.90380859375,3812196
2012-01-02,287.73907556411103,291.4141301911888,285.85978980143,287.9896545410156,2178980
2012-01-03,290.2447371795381,301.06106477807725,288.36545169726554,299.5576477050781,2346402
2012-01-04,296.6342897734886,298.17947936588564,288.57427428216516,289.2842102050781,3242474
2012-01-05,289.82712631564203,291.3305433982234,285.73445949967316,287.655517578125,3215175
2012-01-06,285.6509871490613,285.6509871490613,274.2082386268132,276.0875244140625,8772101
2012-01-09,275.6281107457726,275.96220659102767,267.2757428964447,267.651611328125,8372999
2012-01-10,268.152749609051,278.46794855843456,268.152749609051,275.92047119140625,9865514
2012-01-11,277.29857261744127,277.29857261744127,269.94849276388004,271.99481201171875,6875226
2012-01-12,273.91586075395344,275.5863398188551,270.86725413678687,272.6629943847656,4734619
2012-01-13,275.6281566421516,282.72768746549224,274.3335456319837,279.4702453613281,8236860
2012-01-16,279.92957444300015,286.31913958570794,279.80428497011695,283.98046875,3766280
2012-01-17,287.90616301734013,290.2448060677271,284.23110806636146,288.198486328125,5172743
2012-01-18,290.1613304521036,293.7528407264559,286.90391612992767,288.5326232910156,2394995
2012-01-19,283.145291057254,287.8226052354172,280.84839241916774,284.6069641113281,4665303
2012-01-20,285.7762645481585,289.7436423442665,282.01769313268244,285.94329833984375,3440022
2012-01-23,284.0222375913917,296.1749203522115,284.0222375913917,294.12860107421875,3367453
2012-01-24,296.25846992752855,302.0215877155778,294.21212233705137,297.8871765136719,3954176
2012-01-25,300.68520191350956,304.40200036265827,295.75730961043223,300.1005554199219,4730488
2012-01-27,305.65493800274805,313.8820179525871,299.682984229318,312.8797302246094,5182957
2012-01-30,310.7080405170906,312.29500274606005,296.55078305337184,298.3047790527344,2818227
2012-01-31,302.1886621339308,309.4134530275389,296.50903271957105,305.4460754394531,5104196
2012-02-01,304.69440321747584,304.69440321747584,297.80370734936633,301.77105712890625,6292396
2012-02-02,306.53187205672043,330.29436439243085,299.51588771173425,322.2760925292969,28098827
2012-02-03,328.6656215745487,334.888124080258,322.0672506851723,323.7377014160156,17943219
2012-02-06,329.08329236120704,329.08329236120704,321.7749559952038,324.9488525390625,6714609
2012-02-07,325.74234781984626,326.15996059433576,312.87969901684824,316.345947265625,6895811
2012-02-08,309.0375745240557,309.0375745240557,293.50218880782734,295.6737976074219,25849826
2012-02-09,294.6297656679817,295.63205327482257,287.6555532915344,292.4164123535156,15203006
2012-02-10,293.168105251388,298.51361058555085,290.66240050981327,292.2911071777344,9889723
2012-02-13,292.6669298472796,293.9615405868358,286.98732900145416,290.41180419921875,8476202
2012-02-14,291.49763856721523,291.49763856721523,284.8574938477375,285.94329833984375,8190882
2012-02-15,288.99191447279026,294.83854930524154,287.19614578048015,291.9987487792969,11796765
2012-02-16,295.256238731223,297.9289776327814,288.9919618561725,292.625244140625,8826660
2012-02-17,296.5090285211057,296.96841384072445,289.9524294161438,291.9987487792969,10426697
2012-02-21,292.3328835790691,301.10286527849223,289.1589867869947,299.7665100097656,9187206
2012-02-22,302.77333053356637,302.77333053356637,284.10579085297337,290.2030334472656,12379451
2012-02-23,284.481646227607,287.11264049314985,278.6767554646814,282.8946838378906,12869967
2012-02-24,288.1566155545674,289.99415654500325,282.5187879725865,286.1520690917969,3965967
2012-02-27,287.90613919848363,290.2030377470496,281.8924134125874,284.77398681640625,3870487
2012-02-28,286.48623145927627,292.24934983735756,283.31230656804047,286.6950378417969,2964510
2012-02-29,286.77856469538904,294.29567957327964,286.77856469538904,292.49993896484375,5114844
2012-03-01,291.4976469023716,292.49993452729495,287.32146260621687,289.24249267578125,2324193
2012-03-02,291.4140929918503,294.2121208425907,287.4049430013562,292.66693115234375,4132978
2012-03-05,290.6624305466555,296.425549219629,288.28198675642403,291.5394287109375,3840271
2012-03-06,288.99193937117775,293.168123629617,279.26141477670654,280.2637023925781,3841064
2012-03-07,280.6395769056013,281.43305815386555,273.6653360338818,275.3358154296875,5000176
2012-03-09,279.63728595354326,283.81347025253086,276.5051335882768,283.0199890136719,5413888
2012-03-12,288.0731662450675,288.0731662450675,281.1824707608505,283.2287902832031,2884585
2012-03-13,284.14755724172414,285.9850703568406,280.8901154898692,283.1870422363281,4203990
2012-03-14,285.1915925561541,288.82487452306003,281.8088895613247,282.4770812988281,4905479
2012-03-15,282.3100168380306,282.64408438844146,275.71164535850585,277.0062561035156,3429106
2012-03-16,278.13383939483015,280.0548692635939,273.12240179404716,273.581787109375,4878841
2012-03-19,276.46339469903035,276.75571798979166,269.1968304825161,271.6190185546875,5258224
2012-03-20,271.45194809510105,272.66304209380934,267.8186660989761,269.5726623535156,5366154
2012-03-21,270.24085351571074,278.9690904620058,269.02975951960474,278.0085754394531,6464855
2012-03-22,278.1338315424894,278.80199492168146,269.90672524872963,270.5331726074219,4048201
2012-03-23,270.61673893467724,283.98051803686394,268.19455079067495,280.63958740234375,8527858
2012-03-26,280.6395553138301,281.30774702074325,272.45422104516894,274.6676025390625,3827163
2012-03-27,278.7184997704844,283.4793586575835,275.62812016675787,282.8946838378906,5723670
2012-03-28,282.3100004014043,284.7321596931477,279.9295571279615,282.1011657714844,3519817
2012-03-29,279.47020860769186,281.0989435866029,271.4519363229493,277.42388916015625,7029001
2012-03-30,279.67908449287916,283.31236723443374,277.4657307077993,282.2265625,4383397
2012-04-02,283.0617880875591,286.3609745580775,282.10124468020376,284.2311096191406,2022608
2012-04-03,285.65101892834474,287.1962090079431,280.263739947431,281.30780029296875,3901123
2012-04-04,279.72076102517406,280.6395316151061,274.8763857001639,275.7116394042969,3796571
2012-04-09,275.46108411094656,277.96678887434507,273.4982815749169,275.4193115234375,2665160
2012-04-10,277.79976714195743,277.79976714195743,273.9994231034313,275.50286865234375,4930749
2012-04-11,275.6280855213167,275.6280855213167,268.3197784630083,268.9461975097656,5161454
2012-04-12,269.7815041766009,273.5400474774254,268.98802292562885,270.6167297363281,2900039
2012-04-13,271.9112895504924,274.8763793249937,267.60981650601093,270.1990661621094,2257838
2012-04-16,268.94624022987455,268.94624022987455,262.6819639211281,264.81182861328125,4308696
2012-04-17,264.72830056522145,270.61670816893354,263.1831107772318,269.1968078613281,3755386
2012-04-18,272.28715989261235,272.62125571248987,267.73510788203737,268.48681640625,2092070
2012-04-19,269.44734288268654,272.1200809941854,268.5285723643945,270.3243408203125,1457198
2012-04-20,269.9067091499536,274.33347157111837,267.5680667571519,270.90899658203125,2477742
2012-04-23,269.44741938109263,272.7048331364979,259.2575087537267,261.0115051269531,3988935
2012-04-24,255.66596185012799,258.67282445839646,241.34164136799978,256.71002197265625,15317269
2012-04-25,254.74722050772817,263.6424915964154,254.74722050772817,261.42913818359375,4544523
2012-04-26,263.0995944730769,264.7283296147491,255.1648665711835,257.5035095214844,6731235
2012-04-27,257.50347861204324,261.42911192279377,253.0767439490173,256.75177001953125,5027621
2012-04-30,256.50120491417107,261.0532575841821,256.50120491417107,259.3410339355469,3450482
2012-05-02,260.5938122711053,267.23395551952905,256.8770142679935,265.5634765625,7512577
2012-05-03,263.0995788574219,265.14592667004507,261.51264468405304,263.0995788574219,1950314
2012-05-04,261.76322688940684,263.517223160711,258.6728471195754,260.38507080078125,3612635
2012-05-07,258.3386741507107,265.7722697903474,257.0440353465803,263.97650146484375,3084053
2012-05-08,264.77000749362287,266.6075202884115,261.5125945916732,263.4336242675781,2742403
2012-05-09,261.3455585977661,261.5961375481381,257.29466421631207,258.4222412109375,2045925
2012-05-10,258.63108952129477,262.8907909582298,257.54528493631443,259.0069580078125,3164471
2012-05-11,256.50123264439185,261.0115132127034,255.58249011884487,256.58477783203125,1971879
2012-05-14,257.2529630997032,258.9234142971522,252.24152466119625,257.04412841796875,2241859
2012-05-15,253.99541309394147,257.8375001228503,243.93082446581278,254.0371856689453,8060721
2012-05-16,250.57103887286644,254.5801895227304,246.6872059981199,248.52471923828125,4051033
2012-05-17,250.94687181061306,255.5824409872158,248.3576502608252,249.48519897460938,2934167
2012-05-18,247.18831046267312,249.69401522210373,244.4320267426845,247.68946838378906,3078743
2012-05-21,248.39940136392312,253.07674325434678,244.51556893293042,246.18601989746094,2227203
2012-05-22,250.32047032734627,250.32047032734627,245.4343218563385,246.52012634277344,2618788
2012-05-23,246.43661524618037,247.60593665553657,233.9498209352804,235.62030029296875,5562593
2012-05-24,234.3256813811561,251.90740177903896,234.3256813811561,248.73350524902344,4201709
2012-05-25,251.40627939114225,253.03498615044856,248.06532069355154,249.77757263183594,3265783
2012-05-28,250.77983268237958,254.32956909117408,250.57099803993475,252.53382873535156,2315698
2012-05-29,253.0766858112868,254.24600687745686,249.73572807645385,250.57095336914062,2888729
2012-05-30,251.3227381607632,256.41766432872663,249.90280964022847,252.45028686523438,3960239
2012-05-31,251.782080869295,257.1693582648506,250.57098706282054,252.7008514404297,6266388
2012-06-01,250.6546018903229,254.45491813410246,249.86112056582465,251.28102111816406,3502027
2012-06-04,250.5710370681094,251.28100142967898,242.7198261917537,246.01901245117188,20886524
2012-06-05,248.0653109472381,248.69175835470563,238.3348150811426,239.8800048828125,10476966
2012-06-06,243.05391390829834,250.15341587513245,238.2930547763911,248.31590270996094,9941772
2012-06-07,250.5709861540633,252.6590779410309,246.10247934584854,251.8238525390625,3087966
2012-06-08,248.06531866074005,257.2529408627995,248.06531866074005,254.12078857421875,3644528
2012-06-11,257.7957924080397,257.7957924080397,252.15793636668138,253.95370483398438,2115165
2012-06-12,251.4062812363745,258.8398790405099,251.4062812363745,257.8793640136719,1650770
2012-06-13,258.92336910034396,261.7631978608134,255.9165348441562,256.6682434082031,2865283
2012-06-14,254.91423036605497,257.5034517234567,253.70313657067916,255.5406494140625,2676816
2012-06-15,253.53614341334801,261.13680406621677,253.0767862892196,260.34332275390625,2429484
2012-06-18,262.2643382032443,262.89075731856366,256.417674947448,258.25518798828125,2093745
2012-06-19,257.5034009579404,263.93473706494586,257.5034009579404,263.0577392578125,2559497
2012-06-20,263.80949440056634,264.6864923632031,258.0881213524985,259.2156982421875,2673145
2012-06-21,259.17396711938994,262.2643467739035,258.1299352264059,260.3015441894531,2361473
2012-06-22,259.0069181780389,260.92794806157406,255.5824428616841,259.67510986328125,1940490
2012-06-25,261.80497915908006,262.68197732140214,256.75179657788607,257.962890625,2068218
2012-06-26,258.29700054886325,259.3410608513546,253.74497568846957,255.58248901367188,2258635
2012-06-27,257.0023482331314,257.2529271905925,252.99319804195025,254.62193298339844,3589018
2012-06-28,255.33186168858035,256.1670871468449,252.53383377775523,253.57786560058594,2628799
2012-06-29,253.91198807007967,257.12765732933855,252.65912146923617,254.7889862060547,5579822
2012-07-02,254.789010428506,260.176289244807,254.74723783442104,259.0904846191406,2734478
2012-07-03,260.92798291128656,269.44741389496284,260.59388702404334,266.1899719238281,6949954
2012-07-04,267.27576906172,273.9576866209557,266.1899645288571,273.0806884765625,5072314
2012-07-05,272.28724960302037,274.2500525857173,269.7815442694085,270.7002868652344,3040875
2012-07-06,270.7837295053152,271.7442727167498,266.6910908385226,268.3615417480469,2057780
2012-07-09,267.6515976013225,267.6515976013225,261.9719968053197,264.56121826171875,1519925
2012-07-10,265.43826637393227,271.3684472307961,263.9765933147734,268.44512939453125,2490482
2012-07-11,266.4404934885736,267.6515872835682,262.8489846862625,263.7259826660156,2591870
2012-07-12,263.01600992544786,264.1018142192675,255.20654524416454,255.83299255371094,3852007
2012-07-13,257.6287638584647,258.7981134560934,256.00005722110575,257.2111511230469,2767466
2012-07-16,261.84675030797143,268.9045081590363,258.92340426163395,266.8999328613281,6441229
2012-07-17,269.9484927588905,274.62580601759856,267.31749874798334,270.7419738769531,6572092
2012-07-18,270.9925671751672,272.4959843233357,263.099556442161,271.1178283691406,4247618
2012-07-19,272.37069259614043,272.9971116890251,263.3083606319097,264.3941650390625,3350900
2012-07-20,264.7700535756655,266.77462876361994,261.7214464869332,262.8072509765625,5293352
2012-07-23,263.8513130249314,263.8513130249314,250.52927921527828,254.12078857421875,3707009
2012-07-24,255.91653985804572,258.6728235015843,251.15568114974297,257.7122802734375,2961184
2012-07-25,258.83984596284597,258.83984596284597,249.3599015471088,251.15567016601562,3489272
2012-07-26,252.95143456202157,254.28781785777707,248.9005403730423,250.98863220214844,4312792
2012-07-27,256.41761919213536,260.59380228363,254.7889128772203,256.7934875488281,4378451
2012-07-30,258.923406540221,262.09730331516386,257.25295539281603,258.2134704589844,3053459
2012-07-31,259.75865828261306,259.84217518289336,249.31819728601204,250.61280822753906,8820008
2012-08-01,251.40625581298846,253.20199619773513,246.85420354969207,248.48291015625,4767852
2012-08-02,249.73576354089337,251.82385535117868,247.31357590968054,249.10934448242188,3613842
2012-08-03,248.90057164582234,249.9863761395363,245.39257919473079,247.647705078125,3347571
2012-08-06,249.31815503530063,251.74034270731804,245.97719676974305,247.39712524414062,3396186
2012-08-07,248.90061472407913,249.2347106478184,244.8496910429697,245.39259338378906,4931355
2012-08-08,245.60138892396455,245.60138892396455,227.51849589307423,229.147216796875,37089348
2012-08-09,230.23301682190072,230.44182320162224,212.4007172526628,214.44703674316406,37229419
2012-08-10,215.57460320694148,220.2519309311633,211.23137133023724,213.48651123046875,13379337
2012-08-13,214.65584496498022,218.74849785251524,214.65584496498022,217.20330810546875,7545768
2012-08-14,218.8320595061764,219.95962253446677,216.6186777597592,217.8297576904297,4964990
2012-08-16,219.1712729251129,220.30317595156546,217.787826429145,217.9974365234375,7206557
2012-08-17,217.99743334817887,221.938162684391,217.3266696998487,219.9258575439453,9890407
2012-08-21,218.4166519168932,221.26739740123375,214.2663267155614,216.7816619873047,15559811
2012-08-22,214.2243989089615,214.55978073936518,207.936010882075,208.4810028076172,12333644
2012-08-23,207.13948410624647,211.0801992142416,204.20490026692676,208.7744598388672,10399188
2012-08-24,207.93603844818915,210.0321680683689,205.0014683363034,207.8941192626953,6921485
2012-08-27,209.61291981377067,212.7990330038016,207.7683197484891,208.9002227783203,6584318
2012-08-28,208.77447192625658,209.61292652824255,205.75604955456296,208.60678100585938,4620671
2012-08-29,208.56482814026114,209.44520178129727,201.06068550649465,203.1568145751953,6701956
2012-08-30,201.22838912505478,204.45643547662428,199.92879526627647,203.61798095703125,10284093
2012-08-31,201.3960844490254,208.6906176363965,201.35416527098937,207.768310546875,6760809
2012-09-03,206.76222320857022,209.1098822180925,205.00147540256407,206.9718475341797,5546369
2012-09-04,205.63029661513045,209.8225558128813,202.31841128108897,209.40333557128906,8178551
2012-09-05,207.55873194311775,216.9913149864896,207.51681275872355,216.19479370117188,6808889
2012-09-06,215.5659479137514,216.2786308261822,206.34297504084714,211.3737030029297,15648001
2012-09-07,213.72135324872673,215.39824830642638,212.88289862214876,214.64364624023438,6097758
2012-09-10,213.09250624977454,219.46473294668908,213.09250624977454,218.8778076171875,4420962
2012-09-11,217.1590071163588,219.9259004289369,214.43404718386293,219.3389892578125,3955135
2012-09-12,218.1232089930113,219.92587568363697,216.3624614822943,218.62628173828125,6122223
2012-09-13,217.49437348715318,217.99744625318166,210.40946397202782,212.5894317626953,6689510
2012-09-14,216.73978500186303,217.87168814968243,212.6313642532069,213.88905334472656,7590436
2012-09-17,218.165114587344,224.70503147768852,215.3563025810888,221.98007202148438,9452826
2012-09-18,223.02815683970888,227.22041564038696,222.6508558189208,224.8727569580078,9405233
2012-09-20,223.02813844893842,228.60384332970733,222.31545564722703,224.91465759277344,7192292
2012-09-21,227.2204009615731,235.14376447262816,227.0107908741715,234.1376190185547,11562728
2012-09-24,234.76647889211037,237.2818284970091,228.89731088673886,233.9280242919922,10168554
2012-09-25,234.26338348479052,234.76645619622724,229.44228064677955,231.0772705078125,4482301
2012-09-26,229.73576337988098,231.03537154700905,219.67435085710648,222.35739135742188,9012463
2012-09-27,223.36355317543413,226.21428480235852,217.99745758758522,219.17127990722656,5964535
2012-09-28,222.06388397560858,223.86656453511816,219.84199749750007,222.5669708251953,5781818
2012-10-01,222.31543518461967,224.36963084994312,220.17737278082475,222.23158264160156,2748599
2012-10-03,223.4473686257081,225.9627323286502,221.64470195185774,222.44122314453125,3448153
2012-10-04,224.2858136158874,229.1907548828542,224.2858136158874,226.17233276367188,3896945
2012-10-05,227.47190942028348,227.84921038218522,180.9378496736332,222.81851196289062,3215936
2012-10-08,223.90851662576134,231.91573270587875,223.02814290046047,226.75926208496094,6777685
2012-10-09,228.5200010156555,228.68769192918498,221.56084939736536,222.44122314453125,4605682
2012-10-10,221.77047187918626,223.44736680536462,219.00357892621847,219.71624755859375,3166031
2012-10-11,220.51278493518643,225.92079915706134,219.67434456223955,224.1181182861328,3026901
2012-10-12,223.86659857482755,225.5434934814654,216.48821272107392,218.2908935546875,3950912
2012-10-15,218.45858827235847,221.77047316012266,215.06285083030068,221.39315795898438,4836463
2012-10-16,218.08126832642756,226.13040359072477,218.08126832642756,224.4115753173828,5531155
2012-10-17,225.75309483681582,228.05884831185625,223.11197374978596,226.84307861328125,5558825
2012-10-18,224.9566118648511,226.21428675846025,220.68050019203173,222.94432067871094,5613056
2012-10-19,220.51278389987735,224.66312334739078,219.00357987929448,223.95045471191406,4471993
2012-10-22,223.028174327618,228.43618917235995,222.02202872965276,227.9750213623047,3479900
2012-10-23,228.01693760467813,230.32267711345926,226.42388095869381,227.3881072998047,2610262
2012-10-25,227.63963845406485,229.44230521649322,225.12428882298082,226.0885009765625,3685328
2012-10-29,223.57312651593404,227.2203930127676,223.11197298341907,226.2142333984375,3389531
2012-10-30,227.0107761641315,230.15496985777975,225.37578635834384,226.5496368408203,2160230
2012-10-31,226.38196363852285,229.10692337295455,223.8666140074388,226.0885009765625,2174299
2012-11-01,227.0527166182242,236.35952684889077,225.7111893073334,235.73068237304688,4457307
2012-11-02,237.32376388168373,238.12028511194376,230.15500183206362,230.5323028564453,3185959
2012-11-05,230.99343857141105,232.67034775917628,227.2623333729531,229.31654357910156,1504611
2012-11-06,229.23269090787636,231.95766478777446,226.88503224162943,229.52615356445312,2133681
2012-11-07,227.22039244602615,235.56297581922908,225.83694604738633,227.3042449951172,13581248
2012-11-08,224.7050329801047,233.00571152247534,224.45350371917894,232.2930145263672,7712289
2012-11-09,231.3288171555462,234.34723945561666,230.53229594915186,231.24496459960938,2626268
2012-11-12,229.4003693231544,237.28181368123987,228.64576732789294,234.76646423339844,3828795
2012-11-15,239.16834805266922,248.22360042428878,239.12641467851572,243.4025115966797,11744545
2012-11-16,244.95364642625236,254.84736744192517,244.95364642625236,252.7093048095703,13159619
2012-11-19,254.63780098997083,260.75851310167315,254.512029238173,259.5008239746094,9327675
2012-11-20,260.7584519479238,262.0161123891232,256.1469735483768,259.08154296875,8426669
2012-11-21,259.08160931398476,260.08775495914136,254.47012973353696,257.7400817871094,5267416
2012-11-22,257.65621923804144,261.2196478480767,255.85353824408716,258.075439453125,5838235
2012-11-23,259.87807962886427,261.59689359710325,254.3862275356673,256.10504150390625,4043569
2012-11-26,258.2011840115783,261.1776869725732,257.153105193302,260.1296081542969,4285590
2012-11-27,262.0161373578522,277.9886649668071,260.33925660978866,273.9221496582031,12978506
2012-11-29,273.33521666107043,278.65936343680147,272.91599652940914,276.98248291015625,10961665
2012-11-30,279.74942940326054,285.66050253627355,272.3291237583344,282.5582275390625,11038178
2012-12-03,282.97740629852467,285.07353544437234,276.98249567939985,277.65325927734375,4346318
2012-12-04,276.6890616498411,279.791336672359,274.7187039227635,278.7432861328125,5032537
2012-12-05,276.6890627279339,279.4559559103954,273.8383311801646,277.0244445800781,4389614
2012-12-06,280.3782436366255,280.3782436366255,269.26876669084294,272.2452697753906,5776097
2012-12-07,272.4129299636584,276.6890267289656,268.51411998860567,270.3587341308594,5173212
2012-12-10,272.91601656145303,273.3352367238851,264.6153381034801,266.54376220703125,3677246
2012-12-11,266.7114798096649,269.1429909348481,261.59691409368367,263.4415283203125,6083673
2012-12-12,266.2083784112553,266.2083784112553,257.99156675984693,261.5130615234375,6887188
2012-12-13,261.17765819230505,268.30448548579227,260.2134462271963,266.45989990234375,6986904
2012-12-14,266.6695294911342,267.67567489875387,258.62039462108555,261.9742126464844,4032024
2012-12-17,259.0816134632287,260.8423612727226,251.15824832050612,251.99668884277344,7937945
2012-12-18,251.61940078350446,263.5254151329643,251.5355340189387,262.77081298828125,7377327
2012-12-19,262.6868755501007,267.3402873130879,262.6868755501007,264.99261474609375,5210100
2012-12-20,262.5191791276333,266.96298048361535,259.37497148416503,265.7052917480469,3384499
2012-12-21,263.3157129243937,263.986476460867,256.4823342386148,257.6980895996094,3786915
2012-12-24,257.1531448559126,261.1357938759984,254.38627994454686,258.7462158203125,2180920
2012-12-26,259.08155265148633,267.3402977428024,258.83000919748224,266.1245422363281,3520174
2012-12-27,266.6695814597255,269.60417990157146,264.95076713106374,267.17266845703125,3829434
2012-12-28,265.57960375694694,271.2391622647706,263.1900256360705,267.508056640625,4906816
2012-12-31,267.4660871502096,269.0591579429974,264.657260770582,265.8730163574219,1901073
2013-01-01,267.0887136150467,270.8198463115461,266.2083400510096,270.0652160644531,1907995
2013-01-02,270.23298489125665,273.58677486452274,268.30453223412667,269.1849060058594,3117675
2013-01-03,270.819917638796,275.76677856860357,267.7176426644785,275.0121765136719,4080508
2013-01-04,274.2994777949048,276.52137895994946,273.1256555377298,274.1737060546875,3642504
2013-01-07,276.3956204865602,277.65330955818973,272.7483534088392,274.00604248046875,3678613
2013-01-08,274.0059824217823,278.9947474539429,272.24523514198273,276.9405517578125,3582034
2013-01-09,278.32407827040504,282.1390221509584,277.77905789655495,279.8332824707031,5683351
2013-01-10,279.66555737116107,280.00093921293444,274.0479328146413,276.7309875488281,2808174
2013-01-11,276.5213975287119,277.5694481160475,271.5745362964773,272.6645202636719,3081315
2013-01-14,273.7545045060586,276.6890745444622,271.07144957432007,275.5990905761719,3629642
2013-01-15,275.43139065263045,293.9611733355596,273.5867763468826,289.43353271484375,10145407
2013-01-16,289.26581338444316,292.284249780218,285.7443184514943,287.50506591796875,4544189
2013-01-17,285.995861605577,299.32723932170796,283.6481888558521,296.3926696777344,8244694
2013-01-18,295.0511796464971,296.3088403423214,289.47545971075186,292.493896484375,5941208
2013-01-21,291.15232928356545,301.00414534386437,289.0981333929271,298.1114807128906,5710906
2013-01-22,297.3568715957168,297.56648167805105,292.61962127496304,294.8415222167969,5712140
2013-01-23,294.2965242206745,309.01133339716307,293.6676655958055,308.00518798828125,9453028
2013-01-24,309.3467729028978,309.8917648855031,301.50724663842374,303.4356994628906,5379301
2013-01-25,301.8426510723748,310.7302569777069,299.49500622911984,302.2618713378906,5253508
2013-01-28,299.99807334080896,304.19033289617886,298.06962031769876,299.6207580566406,3187540
2013-01-29,299.6207163268627,304.8610542366836,292.0327338344637,293.03887939453125,4969870
2013-01-30,295.721925675928,295.93153577935425,287.21163623499336,288.9304504394531,3826717
2013-01-31,287.7146928934183,291.3200547865835,282.8936037648234,284.7381896972656,4743578
2013-02-01,282.09701551203705,290.77500838740656,273.92210950006046,276.1859436035156,17723635
2013-02-04,278.3659323068145,280.6297665838001,274.8444375567556,277.56939697265625,4477981
2013-02-05,276.3117522921965,279.37209368734574,270.69412804169804,272.28717041015625,6984046
2013-02-06,274.55104551585777,277.40177724277237,272.0356956621634,273.8383483886719,4258648
2013-02-07,273.83828539674124,274.0898288415217,265.0764821096059,268.38836669921875,3664561
2013-02-08,268.1368421223484,272.6644824924512,265.9987794730823,269.8137512207031,4097563
2013-02-11,268.388388072959,269.1429900764868,263.8188142864433,265.118408203125,2525668
2013-02-12,263.31575310574374,271.2391166496515,263.31575310574374,270.23297119140625,2750476
2013-02-13,271.23913889288247,276.98253527704,270.7360519270487,273.2933349609375,3380578
2013-02-14,273.67069192781446,273.7545303046037,260.08776764220835,261.3454284667969,4873234
2013-02-15,261.345403909109,266.8372855228765,257.1112397835801,265.4957580566406,3411604
2013-02-18,264.9506996615224,266.2083600526961,261.5968818365788,263.0222473144531,2790086
2013-02-19,264.0703638789369,264.1122688634379,255.39236965972137,257.8658142089844,5057227
2013-02-20,261.01001132772603,261.0938780841084,254.09279255368673,254.8893280029297,8055927
2013-02-21,253.9669736740271,258.0753935104714,244.40863522986768,248.34934997558594,8843988
2013-02-22,249.27168162775666,261.00998867486004,248.30746953125785,259.6265563964844,7111174
2013-02-25,257.8238527131112,261.4292140961554,256.146972134104,257.4046325683594,4017917
2013-02-26,261.5130680921126,281.3843766948769,253.71547640414656,261.4292297363281,11939183
2013-02-27,265.78917157355903,272.4129412734278,264.40573930034185,269.7718200683594,10651675
2013-02-28,273.6706517417509,274.84447401718495,265.9988025964526,270.7360534667969,10650518
2013-03-01,271.1971905900474,273.58676837351004,258.1592610461432,260.8423156738281,8427935
2013-03-04,260.7584515203936,266.7533620736124,257.61424364073434,264.99261474609375,4000021
2013-03-05,264.9506797543308,271.6163531430808,259.58457163760613,270.0652160644531,6147752
2013-03-06,271.0294963781668,274.13177099346916,267.34029650321276,268.68182373046875,5266181
2013-03-07,267.4661095921974,269.39453398641945,265.11843658144113,268.51416015625,5579844
2013-03-08,270.86182520897063,273.29333651522967,268.7237907647545,270.7360534667969,3345446
2013-03-11,270.90379223967403,273.7125907304646,267.4661349598948,269.4364929199219,4047760
2013-03-12,269.1430308361544,269.1430308361544,263.19002387345176,263.7350158691406,2719091
2013-03-13,262.60302380305984,268.59796244137186,260.67459987172583,266.0406799316406,4611608
2013-03-14,264.6153547548634,266.1664921661973,259.0815687679916,263.7768859863281,5960918
2013-03-15,261.8485097955731,265.99883585161774,257.57241198163075,260.1716003417969,6735913
2013-03-18,255.72772342581072,260.2134584661687,252.49970560067473,257.8238525390625,5817743
2013-03-19,259.9200308593233,261.5131017789878,238.12029531083002,246.0017547607422,17744473
2013-03-20,243.98943245449587,249.35551309421348,231.07727518591366,234.80838012695312,23077903
2013-03-21,238.95869181943974,254.55390272757876,238.95869181943974,249.77471923828125,12231265
2013-03-22,251.32590902703365,251.32590902703365,242.18678867580329,246.5467529296875,7059864
2013-03-25,249.02013206806737,249.43935223968475,241.13870199074958,241.97714233398438,5721358
2013-03-26,240.55174804155533,249.85857101843055,239.33599265424027,248.93626403808594,7365237
2013-03-28,248.64286829114778,248.93631676026763,242.10293647930908,244.6182861328125,4956778
2013-04-01,241.4740967082475,247.2593978456788,241.4740967082475,246.21131896972656,1611104
2013-04-02,246.50481860265904,247.3432590681888,243.40254345473693,244.6602325439453,3001840
2013-04-03,243.52827970102018,245.5824755766542,234.4310798952895,235.43722534179688,6268041
2013-04-04,235.60495633064733,238.58145980300304,228.1008117742213,229.40040588378906,7232391
2013-04-05,228.89732287646171,234.43110933164763,223.48930816674547,226.59158325195312,4795154
2013-04-08,226.38195633274577,238.4556597241285,226.25618459661365,235.26954650878906,4399187
2013-04-09,236.44337267507322,236.86260707069388,229.73576429970086,232.25111389160156,4871185
2013-04-10,234.0118993310076,237.23993210725652,230.07116942959829,236.1499481201172,3875709
2013-04-11,235.31145714348654,235.81452987428992,227.76539457234568,230.7418975830078,4592096
2013-04-12,228.8973091844324,233.42494979594278,227.22041419212292,229.31654357910156,2235706
2013-04-15,227.2204071302458,237.9525830120263,227.0946353962084,234.47300720214844,3361243
2013-04-16,236.27569862957168,239.75526039947488,233.42495297158763,238.95872497558594,3446789
2013-04-17,238.9587374953098,241.89333586530267,237.70107681466718,239.839111328125,3440184
2013-04-18,238.95867874331987,253.21236168915675,238.5394586195113,251.24200439453125,6751606
2013-04-22,252.37399305595423,255.72778338901114,250.69708369396852,252.1643829345703,3617448
2013-04-23,252.1224371520457,258.03351042250125,248.60094186055505,251.0743865966797,6475297
2013-04-25,253.21236682603575,259.75229741920606,250.3197024876232,254.7635040283203,5591278
2013-04-26,260.7585187571717,269.1430374103401,259.165447721067,267.0049743652344,7871847
2013-04-29,268.89141715092615,271.78408150661005,262.39341988855205,266.7952880859375,3679145
2013-04-30,271.65833838736353,271.7002717616226,263.1899828871039,267.2564697265625,3790188
2013-05-02,258.24312105754376,272.32910070349214,254.13470086383882,265.5795593261719,13188695
2013-05-03,273.3352502014153,277.94672899736753,265.03457133415503,266.3760986328125,8632202
2013-05-06,270.0233487268892,271.11333249230245,266.7114640585533,268.7237548828125,5561415
2013-05-07,270.19110619830195,279.03677908202263,267.38230759188616,277.69525146484375,6640496
2013-05-08,277.5275414953785,277.5275414953785,270.69416085520277,271.8260498046875,4053323
2013-05-09,269.98144603360043,274.8444685493725,269.98144603360043,272.4967956542969,3679327
2013-05-10,272.4968113005837,274.1737206076372,270.5264535113885,271.86798095703125,2559143
2013-05-13,269.8975873457041,272.3290984204811,260.08770469009903,261.3872985839844,3260879
2013-05-14,263.6930701878006,267.3822706249926,261.68077904024125,265.9988098144531,2737174
2013-05-15,264.36387158213364,272.1614654016371,264.36387158213364,270.5264892578125,3669284
2013-05-16,269.2687768770343,274.8864014297785,268.76568991925654,269.5622253417969,2848840
2013-05-17,270.3168214591982,271.2391286009558,262.1419140927999,264.57342529296875,2969012
2013-05-20,268.0530282048586,268.13686656969276,257.23699902295795,258.075439453125,4133045
2013-05-21,257.40463568296764,260.758453663379,253.8412360185522,255.2666015625,3532737
2013-05-22,257.1531194088193,263.1899924114466,256.5662224934139,261.63885498046875,4259201
2013-05-23,259.28369357390903,259.7883695130221,251.5871790065515,252.5545196533203,7114423
2013-05-24,256.29757519138184,256.29757519138184,247.8440339749046,251.08245849609375,3215243
2013-05-27,252.3441666012163,261.5126962809497,252.3441666012163,260.0406799316406,3515446
2013-05-28,261.26033551905607,266.98012797187937,260.7556311954627,264.79315185546875,2858211
2013-05-29,265.76046092825976,265.97074490006366,260.4191682943216,264.96136474609375,2289709
2013-05-30,257.6434048294079,268.4100693550952,257.6434048294079,265.2978210449219,2848487
2013-05-31,264.12021785797424,266.2651541560944,249.82070899560168,253.98440551757812,3290263
2013-06-03,254.27878361304286,259.4518314849042,250.99831978838588,255.2040557861328,1784790
2013-06-04,256.76021623994484,259.4939364816494,254.4891036682316,255.87698364257812,1453418
2013-06-05,257.13871905331575,257.39107122697493,252.42830654406887,254.40499877929688,4573757
2013-06-06,253.98442548786736,254.3629252582362,245.86734425091376,248.22256469726562,6559786
2013-06-07,246.5402518837955,249.73660808647458,241.15691961857567,242.5027313232422,4529987
2013-06-10,244.35327442561598,245.11030240584978,236.36236972346651,238.67552185058594,4940861
2013-06-11,236.82499442128668,238.21288856228585,230.68461989244784,234.427734375,9030024
2013-06-12,232.3669135650498,236.95116379884965,230.9790194633004,233.62863159179688,5786891
2013-06-13,231.48372098827124,242.9653741138085,231.48372098827124,241.99806213378906,5118975
2013-06-14,243.93268516790323,245.90940579043672,241.49335689211495,243.47007751464844,2862901
2013-06-17,243.47006039557704,252.34414030935588,243.47006039557704,248.9795684814453,4389186
2013-06-18,251.58715237719454,253.56384469296557,243.63831492272425,245.57296752929688,3783624
2013-06-19,245.61499463585423,253.8161838534586,245.61499463585423,251.96566772460938,3808832
2013-06-20,248.13839693156396,248.13839693156396,241.07276496845734,242.92330932617188,7898653
2013-06-21,242.92335504447342,248.6010798078449,240.4419583608192,245.57296752929688,6272944
2013-06-24,243.0915610779554,244.77386143298975,236.867078246515,238.42320251464844,5307277
2013-06-25,239.30638445450137,249.9469018043594,235.64740622569616,248.39077758789062,4755952
2013-06-26,246.45617150753608,247.29730747713188,232.53517468363012,233.58660888671875,10110244
2013-06-27,240.48398118198355,240.48398118198355,233.83890288681263,236.15206909179688,6356748
2013-06-28,237.4138031639724,247.38138568052207,236.614706999472,245.40469360351562,4512772
2013-07-01,245.40468308411374,253.18530346407354,244.9000072810113,249.10574340820312,3514414
2013-07-02,248.01228224361773,257.09664705678153,245.61499359372584,254.741455078125,5586795
2013-07-03,254.0264858860617,257.9378308856479,237.87645847424338,247.75994873046875,4859432
2013-07-04,246.54019088594487,255.3722293242418,246.54019088594487,253.3114013671875,3413730
2013-07-05,256.2133861837261,257.47511827163345,246.28785916374497,248.85336303710938,2146899
2013-07-08,246.6243858649592,258.82102824583154,244.01684158872536,246.96084594726562,5044558
2013-07-09,247.80195507456222,249.8207153497654,244.01681516128693,245.32058715820312,2830695
2013-07-10,247.29729473536187,247.29729473536187,243.21773422507997,244.01683044433594,3123772
2013-07-11,246.4561688486154,253.1853419793466,246.4561688486154,252.38624572753906,2979503
2013-07-12,253.18535109650807,258.1901842955192,249.6525343636034,256.97052001953125,3779448
2013-07-15,255.79285590591454,265.9286968319047,254.0685159984764,264.4987487792969,3822989
2013-07-16,260.75563153229837,272.15317674715874,259.3256834172454,270.0923767089844,4192610
2013-07-17,273.3727800834423,275.43360814542643,262.52198131185816,265.8445129394531,6912776
2013-07-18,264.7510441487683,273.3727997287408,264.7510441487683,272.23724365234375,3838679
2013-07-19,272.2793463070122,280.8590632740275,267.8212862820008,277.4524230957031,6293753
2013-07-22,276.65334202535576,283.71897492379463,274.25605337610955,282.7095947265625,3923614
2013-07-23,283.00398405922846,283.8030802684604,276.6112713497444,277.6627197265625,3129509
2013-07-24,275.0551076573408,285.1488796085693,275.0551076573408,283.80303955078125,4830763
2013-07-25,283.46661435683853,286.6629706456286,280.27025806804846,283.5507507324219,5327831
2013-07-26,284.2236409106993,285.94800936857297,278.46178028629873,283.6348571777344,2934628
2013-07-29,283.4666124296108,291.70986949901373,278.8403080557675,280.94317626953125,5566137
2013-07-30,279.6814455656077,280.8170018129744,266.8119125301308,270.0923767089844,3557068
2013-07-31,264.12019403794005,292.7192091834446,263.53138190520554,289.7751770019531,15423344
2013-08-01,292.50895616231907,297.76614127855146,285.3592151650051,288.72381591796875,14825967
2013-08-02,288.6817572705815,293.8968743689759,285.2330485053379,290.4060974121094,7003400
2013-08-05,289.4808486916943,291.37343308585343,281.7843350244889,282.9198913574219,3784135
2013-08-06,284.2235913826505,284.2235913826505,267.52682463413316,271.60638427734375,5974287
2013-08-07,273.37283754746534,279.6814421481496,269.58769757280277,274.4242858886719,4690771
2013-08-08,274.9710307443247,286.074183989445,272.5317024853872,283.7189636230469,4966485
2013-08-12,287.8405493577984,289.73313331063025,280.0599296052877,287.50408935546875,5109950
2013-08-13,284.30772080147307,293.9388274108337,280.60666094212235,291.37335205078125,4174860
2013-08-14,291.03692036052195,295.9155764083731,286.9994001213973,288.76580810546875,3284156
2013-08-16,291.7098679478312,292.7192481029326,279.09265873234114,282.3310546875,9362242
2013-08-19,281.7001778089039,281.74224599245804,258.90508965216156,267.1483459472656,8009204
2013-08-20,261.59680556392357,272.32143106361224,253.47972422842682,267.86334228515625,7301715
2013-08-21,272.531689647263,272.99432575771385,247.7178402819099,251.292724609375,5402958
2013-08-22,250.66187451640727,266.6436551587883,248.8113300613548,263.2790832519531,5759879
2013-08-23,263.2791074465936,264.0781751905069,255.33024185732958,259.8724670410156,6355217
2013-08-26,259.99860144352334,266.2230981780745,256.54989302351026,258.2742614746094,2872961
2013-08-27,256.54992687582256,258.021943361058,244.8579883442422,247.2131805419922,6931145
2013-08-28,246.45616481469577,246.45616481469577,234.8483207045922,242.08218383789062,4976641
2013-08-29,246.7926518675964,253.1012576044253,243.93272667519426,251.7974853515625,9465005
2013-08-30,254.0264579935382,254.19470226174425,244.01682122411324,251.587158203125,6036400
2013-09-02,255.54049814876856,255.54049814876856,248.2225146004603,252.59646606445312,2835899
2013-09-03,257.3910373828982,258.9892011474966,238.0446428191494,239.7269287109375,5196862
2013-09-04,239.89518002459974,251.67122433691878,235.94178171654377,249.98895263671875,3793874
2013-09-05,254.8675883060562,259.91445996273796,247.2972523388522,249.14779663085938,8318190
2013-09-06,254.82554980120736,267.3165828160616,251.1244892683468,263.9099426269531,10362269
2013-09-10,272.53167819502204,295.5791185208406,270.5129180608958,284.6021423339844,13540881
2013-09-11,284.85451091060975,290.0695988347981,276.94771417006194,281.8684387207031,6307373
2013-09-12,284.9806588100963,285.90593104650776,272.99433033375414,276.4009704589844,3496522
2013-09-13,271.77467882248544,279.4711634795629,266.1389942175068,274.00372314453125,5393254
2013-09-16,276.73737913884804,285.73766223381784,275.0550792404174,282.4151306152344,3984483
2013-09-17,283.21425930344043,286.6629677194057,277.83092694814417,283.7189636230469,3677563
2013-09-18,285.99007602656314,286.2424282114364,280.5646749449151,283.9713439941406,2487066
2013-09-19,290.19574260207094,301.76153032840335,288.55551076186555,298.0184020996094,9473616
2013-09-20,298.01843527044116,298.01843527044116,286.9152834356278,289.5228271484375,11382598
2013-09-23,285.90591350008384,286.24237352156774,277.62061751349864,281.91046142578125,5865483
2013-09-24,281.70011622922135,282.6253882076876,276.400893404572,277.8308410644531,6043060
2013-09-25,277.57858726918596,285.06481664986774,273.45698704539996,282.62548828125,3677757
2013-09-26,283.8871878927006,285.3171360373474,276.90566295957296,281.57403564453125,5735740
2013-09-27,284.7283678050349,284.7283678050349,272.15319720956836,273.6252136230469,5590554
2013-09-30,270.6811959827707,271.3541161111829,262.4800068396595,268.03155517578125,6173039
2013-10-01,268.57830726108995,272.7840435024834,259.91448262880783,271.3540954589844,4654219
2013-10-03,270.6811591053609,274.0457308068491,261.59676709163307,272.7840270996094,6084930
2013-10-04,267.7371630420487,279.42912890028856,267.7371630420487,276.1907043457031,4172051
2013-10-07,271.90081787109375,273.96161764250843,268.6623938170007,271.90081787109375,2690157
2013-10-08,278.5879731739447,281.4478695648929,271.69058437288913,279.3450012207031,4468155
2013-10-09,280.69083819508677,281.8263944928742,271.816728760871,281.0693664550781,5809880
2013-10-10,278.6300034841052,282.8777793029245,276.8215272700221,280.01788330078125,3673190
2013-10-11,282.33103595547783,283.9712964000557,279.05057203068833,281.4057922363281,2296597
2013-10-14,283.3824518643569,284.72829182816344,279.2608240957443,280.18609619140625,1859046
2013-10-15,282.6255183058691,289.35469188797276,280.9432177897958,285.2330627441406,4620627
2013-10-17,286.83115084768883,294.4014576884842,285.56941879980013,293.26593017578125,6505452
2013-10-18,294.4015018072957,301.9718382647556,293.3500820116392,300.0792541503906,5157142
2013-10-21,298.22874420392213,302.4344804352921,294.4015077137089,296.8829040527344,2595830
2013-10-22,294.8220811909038,299.3642486245904,293.9809169207465,296.2099609375,3184462
2013-10-23,295.87354282960723,298.5231551156057,290.6163864458398,292.59307861328125,2669052
2013-10-24,293.5603726965143,300.1213292111517,292.5930607659116,294.10711669921875,3339071
2013-10-25,292.8874663097851,293.64449431182527,287.6723497063928,288.93408203125,2612230
2013-10-28,289.35459671817665,292.9715202764726,283.5506689672045,285.4853210449219,2300715
2013-10-29,287.5882323625574,290.111668447161,282.7936838642815,286.9994201660156,2519191
2013-10-30,286.410639325645,306.59815668722985,281.1113864679624,302.81298828125,21918676
2013-10-31,301.00456335911576,311.6450526243756,299.5325469820569,308.78515625,11596552
2013-11-01,307.01877890479534,314.42087276092013,304.7476945490002,308.86932373046875,5959996
2013-11-05,303.3176963509428,307.4392963726109,299.4484200058645,302.4765319824219,5977214
2013-11-06,303.0653224299568,306.80842242686697,296.7567182888842,299.1119384765625,5858839
2013-11-07,297.7660922587791,301.5512603621828,291.7098403826426,292.92950439453125,3727390
2013-11-08,291.0790154216815,296.8829447487213,288.3873632325247,289.35467529296875,3403437
2013-11-11,286.8312072753906,291.4575115574741,285.56947497928394,286.8312072753906,4793478
2013-11-12,286.62090707627334,289.312558816201,282.6674946295026,284.0974426269531,2929093
2013-11-13,285.8218154855341,285.99003126099376,276.0224348227785,279.6814270019531,3578940
2013-11-14,281.82638441813015,289.94346552438,281.82638441813015,285.90594482421875,3268860
2013-11-18,288.00883709774433,291.8781138504643,286.66299675206994,290.4060974121094,4041879
2013-11-19,291.45756104224586,297.72409843569534,291.0790327444905,295.7474060058594,5518304
2013-11-20,296.1679213199789,296.96701748493587,287.58823291928087,289.69110107421875,4265438
2013-11-21,286.78911388967043,289.31254977797465,283.1301218828656,284.8544616699219,2478236
2013-11-22,285.6535689617466,291.7939573966147,281.78429285285137,282.54132080078125,3655653
2013-11-25,285.5274362241349,287.4199919513104,277.5785711519478,282.75164794921875,3516569
2013-11-26,282.62549836012545,286.45270684217866,273.3728604158041,275.09722900390625,6876493
2013-11-27,275.8962978891045,277.0738938093588,267.9474328602883,270.7652893066406,7019318
2013-11-28,274.80276478545494,274.8869011535381,270.2605686784616,272.1952209472656,6444942
2013-11-29,274.9710373691061,277.3262577922477,272.2793568855157,275.0551452636719,6981001
2013-12-02,275.8962577215446,282.2889691845306,275.8962577215446,279.7655334472656,3836570
2013-12-03,279.26081343856464,280.3963694249637,277.24205356989495,278.419677734375,2866368
2013-12-04,276.8215184113537,283.25629845134586,276.8215184113537,279.47113037109375,4480939
2013-12-05,284.30777966811,285.99005147031755,280.943179099324,282.0787353515625,9374944
2013-12-06,282.45724744140796,282.62549171828266,278.4197550648428,279.59735107421875,4762438
2013-12-09,289.35467260112534,289.35467260112534,281.4478749437009,282.9198913574219,5918717
2013-12-10,283.4666146947246,287.0414992313447,280.14408232078455,281.9945983886719,3421539
2013-12-11,284.8545480698721,284.8545480698721,274.4663536058439,275.9804382324219,3164053
2013-12-12,275.09718510938023,276.3168491425746,265.4239807297258,272.1952209472656,4530513
2013-12-13,273.6251492770989,277.28414111379357,268.74649349483934,269.8820495605469,5027068
2013-12-16,269.8820597165049,272.11110375078215,262.017331804813,263.5734558105469,4972532
2013-12-17,264.2463935706186,277.1159543773603,264.2463935706186,275.3495178222656,4711304
2013-12-18,275.85418784212663,279.2608274905622,272.1951960768647,275.6859436035156,3996392
2013-12-19,274.2980733090735,277.2420770047685,267.9894695478576,272.15313720703125,3503368
2013-12-20,272.5317001856215,277.49446455415745,269.1250599857655,275.8121643066406,3807279
2013-12-23,275.81217754158183,277.788869746447,273.9195932325822,276.1065979003906,2997246
2013-12-24,276.7374118876684,279.1767399085157,272.74195983689503,273.9195556640625,2657958
2013-12-26,274.76068248344734,279.0084576079209,272.4895705409828,277.1999816894531,5657339
2013-12-27,278.8402940145223,278.8402940145223,275.77011398239694,276.9056701660156,2806661
2013-12-30,277.0318275306417,280.6908198763481,276.73743566909684,277.2841796875,3614597
2013-12-31,277.1579969820761,280.3543531245106,274.2560326941474,277.7888488769531,2339127
2014-01-01,278.4197188214401,285.14889089453374,277.74679876591244,284.0974426269531,1883623
2014-01-02,284.30776572246543,285.1489015823105,274.6345609233274,276.4850769042969,5276461
2014-01-03,275.89630208305033,279.17676622074424,272.57376975813537,277.0318298339844,4701341
2014-01-06,276.3168700265211,278.12531787988235,274.0037178552469,277.0318298339844,2704888
2014-01-07,277.9991323529767,281.3637039238727,274.63453229989955,279.00848388671875,4110547
2014-01-08,280.10205542265606,280.94319136046937,275.64396659499755,279.59735107421875,6305970
2014-01-09,279.59725460038953,280.1019587746809,275.26534335454767,277.2420349121094,3730440
2014-01-10,275.05515676749485,280.2282054913386,275.05515676749485,278.0412292480469,3787879
2014-01-13,277.5785135480065,280.77486909897755,276.7794460218979,278.419677734375,2555309
2014-01-14,278.4196909059169,279.26082664989923,274.2139552216452,275.85418701171875,2474603
2014-01-15,277.4944309610061,280.270218912829,276.90561882510997,278.84027099609375,2800811
2014-01-16,280.0599491102944,280.0599491102944,263.7416805840771,265.4239807128906,10508913
2014-01-17,265.8025087591194,267.94741650012674,257.6013205581102,261.5126647949219,6504517
2014-01-20,261.68091674433987,263.11086493009793,258.3583842134518,259.5359802246094,5217898
2014-01-21,261.59679857193424,261.59679857193424,254.57320552412835,256.4657897949219,7842351
2014-01-22,256.71811082017086,262.2696868768111,256.71811082017086,260.5453186035156,5951157
2014-01-23,259.9144514780844,265.7183793277681,257.72747573039277,264.66693115234375,5278619
2014-01-24,263.2790648184987,264.75105246372254,258.8630164362812,263.40521240234375,5058323
2014-01-27,258.989237750868,262.5641224782085,255.58259730168527,258.1481018066406,5568181
2014-01-28,258.14808022905885,260.33505628699896,254.15262786356882,257.39105224609375,5757925
2014-01-29,260.75563284915995,264.7510853468104,253.14325609895468,253.94235229492188,8611443
2014-01-30,254.02644217695357,261.3023583541268,252.42827838052222,259.6200866699219,9410790
2014-01-31,260.7556283456449,266.01281308729847,259.9986003507137,264.96136474609375,3675441
2014-02-03,263.36321349957944,263.36321349957944,255.54055253372834,257.264892578125,4028120
2014-02-04,254.7835171398049,267.2325121857819,251.88158085982317,266.0128479003906,7637040
2014-02-05,266.55959398859136,267.23251418433557,261.9332890044914,264.3725891113281,5097413
2014-02-06,264.5408278492524,268.70452503330705,262.8585273951995,265.0455322265625,7592592
2014-02-07,264.7510606613652,267.69509300733466,258.61070079392425,265.4239807128906,9224604
2014-02-10,264.7931028335657,264.7931028335657,256.8021993683214,258.2321472167969,10467267
2014-02-11,256.54993056095145,258.27429926435383,252.00773342549024,256.2134704589844,11167787
2014-02-12,256.6340507612132,259.4939472064545,253.73208612505837,259.03131103515625,7256213
2014-02-13,258.61072982495244,260.83977418558476,253.26943699718703,254.7834930419922,3673969
2014-02-14,255.70872622035424,267.0642017836673,254.02642616003854,256.8863220214844,14159920
2014-02-17,261.4706095777109,261.51267776381013,254.86761329118218,256.2554931640625,3867756
2014-02-18,258.2321615491028,259.62006977688316,251.88151799721467,254.23670959472656,7408301
2014-02-19,254.0264233764522,257.1386713333872,253.47967942311342,254.4890594482422,2544886
2014-02-20,255.70870025284242,255.70870025284242,249.1057052290994,249.73655700683594,4785876
2014-02-21,250.24130295918187,250.99835948353717,240.65223362140236,242.37660217285156,6257760
2014-02-24,243.84857897654766,245.61498715532963,237.11940631843467,237.87643432617188,7194628
2014-02-25,238.71755810697616,243.427984143917,238.71755810697616,241.4933319091797,5895280
2014-02-26,241.61955911892943,245.53090411741124,239.81111105131217,242.4186553955078,8052633
2014-02-28,243.93267216791835,245.90939268510581,238.29700215532395,241.9139404296875,5039929
2014-03-03,244.26912548216274,244.6897218781451,239.81106572083308,241.11483764648438,3743907
2014-03-04,242.670986312637,244.68974668213363,240.44194196492438,241.70367431640625,4211396
2014-03-05,244.2691633426867,244.2691633426867,237.11942225337336,237.8343963623047,8474738
2014-03-06,238.88583125383127,240.9886996371336,238.46526327360831,240.44195556640625,8311773
2014-03-07,242.25041515332896,257.1807767845665,241.8718869082333,253.94235229492188,14249287
2014-03-10,253.9844041068623,260.67150814824083,253.1012000741038,256.6760559082031,10134303
2014-03-11,258.0219164217528,258.0219164217528,251.33481185240254,254.90966796875,4448609
2014-03-12,256.5499283311662,258.2322288263801,250.7460272254145,252.47036743164062,4115516
2014-03-13,253.18534996769804,255.66671821883838,250.66191352432932,253.1012420654297,2283999
2014-03-14,252.84880642217396,254.27875421752634,244.22705147171618,248.13836669921875,4199008
2014-03-18,250.24129659766692,251.5030289573305,247.04494023299668,248.22256469726562,3444084
2014-03-19,249.77869038039148,253.94235877171053,248.64313409832766,252.0918426513672,5211552
2014-03-20,251.54507789385318,255.79285383131338,248.13840932815026,248.5590057373047,3582627
2014-03-21,251.75536006443735,252.34414376512953,245.2364717962668,245.99349975585938,5050188
2014-03-24,248.1384072792895,250.45158782289565,245.78321551482742,247.2552032470703,5319891
2014-03-25,247.29724935695907,249.31600938816229,243.55414960046633,248.01223754882812,7649439
2014-03-26,249.4001413096658,251.92357735082408,248.13840904799474,251.12448120117188,7887921
2014-03-27,253.60589887001666,265.38197269549676,251.96566672941154,261.3444519042969,14322728
2014-03-28,261.5968304585177,269.0830320778473,260.41920586788467,266.98016357421875,5662000
2014-03-31,268.74649115214237,275.2233390061367,265.67631146557414,267.27447509765625,6532401
2014-04-01,267.4847811828534,270.3446768627788,262.4378813222381,265.2557373046875,3162658
2014-04-02,269.16707486244286,276.3168431343438,268.36800724049067,274.0877990722656,6702502
2014-04-03,276.48509313038375,276.48509313038375,268.70450052364527,269.75592041015625,4881760
2014-04-04,270.597008813221,270.84936093455485,264.96132515724264,265.9707336425781,2500822
2014-04-07,265.9707683629158,268.9148011922515,264.12025215848513,267.022216796875,3700298
2014-04-09,267.6109299223446,270.00821804738945,266.72772600316495,269.2511901855469,4273679
2014-04-10,270.00826596992573,273.1625540344734,266.01281353456295,268.9568176269531,7003435
2014-04-11,267.4848362875378,272.48964051735953,265.9287120702094,271.0596923828125,5656050
2014-04-15,269.6717535465006,277.9149804936302,269.6717535465006,273.58306884765625,7037546
2014-04-16,274.21404111998135,277.5786136320527,270.4288721219857,272.2793884277344,2618016
2014-04-17,273.3728740612695,274.97106663907124,270.00830158081715,273.83551025390625,2780516
2014-04-21,274.21399636997876,282.96192904525896,273.6672523579103,281.6160888671875,2331487
2014-04-22,282.62547879537186,284.013358725741,278.92441817741184,281.9945983886719,4003481
2014-04-23,281.9945797352303,287.2517642049878,281.4057960375045,284.98065185546875,10125384
2014-04-24,284.98065185546875,284.98065185546875,284.98065185546875,284.98065185546875,0
2014-04-25,285.3592132815132,290.61639836304585,283.76102081385744,287.4200134277344,5253995
2014-04-28,286.28438697789204,288.89193028428764,281.61601575304473,284.0132751464844,2061766
2014-04-29,286.7891652474646,287.3359093131376,278.1253396133386,281.7843322753906,4881096
2014-04-30,285.40127606687395,289.0182004223033,271.98497007005403,275.9383544921875,6630619
2014-05-02,275.9383636521685,278.88239645410533,270.9335306746257,273.8775634765625,4679457
2014-05-05,273.3728485112987,275.55985317370806,267.98951595639863,269.4194641113281,2753659
2014-05-06,270.63911890980324,271.69056725675176,263.57348627560054,264.87725830078125,4024013
2014-05-07,264.5408059470198,265.8025383036435,256.7602132747627,261.5968017578125,6526369
2014-05-08,262.4379054747778,265.213693533031,258.2321694449617,259.0733337402344,4040554
2014-05-09,259.0733959913785,263.9520247546128,258.65279950158833,260.2930603027344,4855275
2014-05-12,260.88179621217796,268.9147690038115,260.88179621217796,267.1062927246094,3154170
2014-05-13,270.13446233767,274.003738983897,264.66699320439426,268.49420166015625,5869623
2014-05-14,271.26995247469756,273.3728205441308,269.5876808048976,271.8587646484375,3047032
2014-05-15,273.7093604007028,274.2140648345843,267.8633905895192,270.34478759765625,3376603
2014-05-16,274.2139898853264,291.0369347490196,274.2139898853264,278.2094421386719,15301025
2014-05-19,280.01792427267696,289.60702225020316,279.5132483970011,284.47601318359375,5477382
2014-05-20,285.99002591686155,294.3173902189106,284.60214610761153,292.3406982421875,8561464
2014-05-21,292.71919811269936,294.35942990380295,282.37307465144727,285.4012145996094,3802119
2014-05-22,285.90589279187105,286.41059702863225,278.16734134042895,279.7655334472656,4212270
2014-05-23,280.6067287609182,292.71926274586514,280.6067287609182,289.06024169921875,7182794
2014-05-26,290.2378301991246,293.6024304673269,282.7936699070913,285.5694580078125,6913231
2014-05-27,285.99002899218027,285.99002899218027,280.1020211828664,282.54132080078125,4371841
2014-05-28,283.88710788262586,289.3545752351155,281.15338844747004,287.3358154296875,6017145
2014-05-29,287.84057403851386,293.4341900144125,282.2048898778991,283.9292297363281,8026940
2014-05-30,285.14887692099444,291.79394078205576,285.14887692099444,289.438720703125,4834916
2014-06-02,290.1957940623826,307.01874029685035,287.04150588451296,304.1588439941406,6886379
2014-06-03,306.76640008473527,307.9860641906736,299.06988721670365,302.9812316894531,6487420
2014-06-04,302.81295588035056,303.8223359127541,294.9482280497817,297.6819763183594,6266080
2014-06-05,297.76613249918404,302.81300499764,294.82212828878244,298.7755126953125,8150401
2014-06-06,302.64478099908337,308.82720961080526,295.57914829997264,299.3642883300781,7173403
2014-06-09,302.26624955850406,305.75702616547863,297.3455533303108,299.7848815917969,9484266
2014-06-10,304.9579572549349,308.2804898916311,299.6587323126884,304.1168212890625,9441767
2014-06-11,305.3364244766263,307.0187247111087,294.6117996448051,298.90167236328125,5407848
2014-06-12,295.2427006232562,296.6305806121245,285.6956710487051,287.67236328125,6972595
2014-06-13,288.00878378714947,288.93405597407923,276.94769965655956,280.3543395996094,6868987
2014-06-16,279.681471612266,282.1208001207984,275.8542630471767,279.8076477050781,5279321
2014-06-17,280.1020459182017,286.1582985186414,280.1020459182017,284.51806640625,4378378
2014-06-18,283.46665784673377,290.1117236061894,282.91991373248675,286.20037841796875,6554028
2014-06-19,285.02268050644125,290.02751213601596,282.9618808858773,284.4338684082031,4779752
2014-06-20,282.70961513180106,285.8639035539069,280.3543945015991,284.93865966796875,3061729
2014-06-23,283.4665869179172,289.0602312434868,283.4665869179172,287.2938232421875,4876509
2014-06-24,288.51352256346,290.53225446750514,284.9386379397821,286.7891540527344,3514105
2014-06-25,284.3077475401874,284.8965312115509,279.302915440504,283.4665832519531,6295558
2014-06-26,282.204881048892,286.8311849712314,281.91046072945676,284.6862487792969,4760973
2014-06-27,285.90589975443635,285.90589975443635,276.86357627479055,279.00848388671875,6976862
2014-06-30,279.2608787489757,284.30777960096276,279.2608787489757,283.38250732421875,5137323
2014-07-01,283.6769134376075,287.46208214611926,281.48993719968934,282.2049255371094,2348339
2014-07-02,284.0553687239055,285.90588441270853,282.6674605956685,284.4338684082031,3235504
2014-07-03,285.99006709586286,287.8406117508955,282.62549482543335,283.4245910644531,4085387
2014-07-04,287.0414921338248,290.3640244256104,283.84513592025934,285.35919189453125,4634232
2014-07-07,286.4526619159995,291.79395415905117,285.3171057656125,289.733154296875,6165692
2014-07-08,289.77519938088676,292.17245931428806,284.13951519061834,286.4526672363281,4422166
2014-07-09,286.7049955541217,290.02752742255154,284.34977551921196,287.2517395019531,2913994
2014-07-10,289.35469656713985,290.6164290951457,276.737485215841,280.98529052734375,6605423
2014-07-11,280.10205719706806,283.38252155394525,277.8730127691181,282.2049255371094,4222483
2014-07-14,280.1440974575764,281.7843296392508,274.7186965599229,279.3450012207031,3951757
2014-07-15,280.18612819010895,282.2469280686793,277.20005611020576,281.4057922363281,2791094
2014-07-16,280.1020491419155,283.88718925938764,277.57858442068596,282.793701171875,4598577
2014-07-17,283.4245167255447,285.82177633164423,282.20485283289804,283.1300964355469,1603948
2014-07-18,282.2889799211205,285.1909439463298,281.02724776340904,282.8357238769531,2182944
2014-07-21,283.4666129096121,285.9900490739646,281.02728463822814,283.6348571777344,1682610
2014-07-22,285.99005378048486,300.12134780135017,285.99005378048486,297.8923034667969,10834823
2014-07-23,297.89223956964213,300.0371470675796,294.1911797079494,298.0604553222656,5618523
2014-07-24,297.76613712347256,299.4484374764793,295.3688769218046,298.27081298828125,2281668
2014-07-25,299.0278401566839,301.0466005744192,295.3688760625452,298.4390563964844,3469073
2014-07-28,299.8689657675692,300.28953367962754,295.41087754251186,297.7240295410156,3800382
2014-07-30,301.1307273857838,314.8414249434528,301.1307273857838,313.87408447265625,12472425
2014-07-31,314.58902947947706,315.59840951734566,311.26649753564436,313.66375732421875,9190997
2014-08-01,311.6450656666786,325.6081165326871,311.26656587074604,319.67803955078125,9349848
2014-08-04,321.78089255788507,325.1875329690441,313.7479190585519,317.0284118652344,7246998
2014-08-05,319.3415380726843,319.8041741919152,314.1684898353386,315.21990966796875,3432741
2014-08-06,315.4302007216869,317.448961024316,307.31314828841596,309.2477722167969,5823989
2014-08-07,308.7009693142567,312.0235009977832,305.5466818649514,307.69158935546875,7882178
2014-08-08,306.05140182971405,315.7246064709731,303.864425844064,314.58905029296875,5987141
2014-08-11,317.0704397779466,319.6359441588324,313.2432315417366,316.6498718261719,4623445
2014-08-12,319.21537886730414,319.21537886730414,310.21509360626516,311.18243408203125,3758284
2014-08-13,312.7386170258655,317.95370622207804,307.6076072578738,310.04693603515625,5088251
2014-08-14,309.50016418220434,311.18246465076805,305.50471125018635,307.18701171875,3085046
2014-08-18,306.9345835491987,316.6918953693503,305.33639137913326,316.5236511230469,2941081
2014-08-19,315.7246219882194,323.16875434233,315.7246219882194,317.2386779785156,5532857
2014-08-20,320.05646979569315,324.64073391763134,314.21050198524154,315.0516662597656,4836047
2014-08-21,316.30809202525523,318.34548144394495,312.7425958653442,315.0346984863281,2560698
2014-08-22,314.14337351602353,316.1383349548301,309.26208366594676,309.94122314453125,3123067
2014-08-25,311.46929473636516,314.440508607281,309.85633117372834,313.3369140625,3003476
2014-08-26,312.657727642224,318.9397529507143,309.9836269358411,313.7613220214844,2818960
2014-08-27,313.676469158235,317.15705188425267,310.3232286807268,313.25201416015625,3472892
2014-08-28,312.53038598001643,316.81745001498086,312.53038598001643,313.9311218261719,4787890
2014-09-01,314.10094148236277,320.8923080625263,313.97359922682915,319.0246887207031,3447961
2014-09-02,321.4016192525712,334.8994647289221,319.0670883090035,332.4375915527344,6636891
2014-09-03,331.41887593411064,347.12393855867003,331.41887593411064,343.388671875,13661124
2014-09-04,344.5771514470919,346.31745693151777,338.1253559207226,343.388671875,6719459
2014-09-05,344.28001399450113,346.10520458600996,335.7483438984241,340.5023193359375,3055188
2014-09-08,343.2189261224273,345.9354551608133,340.884366311072,342.75201416015625,3569223
2014-09-09,339.39877713143284,348.86424372385864,339.3138918862435,344.7469787597656,3943462
2014-09-10,345.46853513045437,349.58579995949884,342.6670921676794,346.1476745605469,5147073
2014-09-11,346.147723633357,351.2412700811544,341.35131869424146,344.7045593261719,7838854
2014-09-12,345.4685478386897,352.8117396035093,344.831865379092,351.4534606933594,4618781
2014-09-15,348.5246253320387,351.87786513034985,346.4872072594242,349.37353515625,3619408
2014-09-16,349.3311449922582,354.4671189776147,347.5908394193255,350.0102844238281,4342129
2014-09-17,353.1513464042364,355.1038509834771,349.7981057723218,351.7506103515625,4378000
2014-09-18,351.41101455663755,355.698078906092,349.20382563215423,353.06640625,3643270
2014-09-19,352.72674028791084,356.5468916122556,347.3361116922091,352.2598571777344,3862700
2014-09-22,351.8778598558711,354.933986918983,347.54836807552937,352.4296569824219,2386534
2014-09-23,352.30233743222436,352.42967966122626,344.19515047639516,345.0865173339844,2182556
2014-09-24,343.8980675491297,346.78442482503027,335.49376645905915,342.24267578125,3474338
2014-09-25,342.28511298714795,354.84913564246165,339.01675789365413,344.87432861328125,6393950
2014-09-26,343.8131033137875,346.9965726129729,340.8843184574383,343.8555603027344,4018112
2014-09-29,342.8369159198816,345.4261315891287,339.2289910326309,342.32757568359375,2435380
2014-09-30,342.3275491026452,347.1663815806529,340.41747306038013,343.9829406738281,4148252
2014-10-01,342.9642346469416,345.8505628606444,341.0117015933039,342.28509521484375,4642350
2014-10-07,339.56856655871456,344.28008599273664,339.56856655871456,342.45489501953125,5427769
2014-10-08,339.5684984721464,345.08649853760096,337.10662550000217,339.3138427734375,6679826
2014-10-09,338.80448778083456,346.3174492274683,338.80448778083456,343.77069091796875,3174456
2014-10-10,340.29013796632523,341.2663901320608,331.5037822384261,333.0318603515625,2947378
2014-10-13,332.5225143661498,334.093020836882,322.59013529914836,332.3951721191406,4680304
2014-10-14,333.2864894209329,339.82319882347565,333.2864894209329,338.2102355957031,2715018
2014-10-15,338.2102355957031,338.2102355957031,338.2102355957031,338.2102355957031,0
2014-10-16,338.21022996023555,341.47858460704754,326.07066394476385,329.5087890625,4298043
2014-10-17,331.0793130219099,339.56852691338,331.0793130219099,336.1304016113281,5080864
2014-10-20,339.56852418211383,342.41242403577735,338.1678171241831,341.0116882324219,3650660
2014-10-21,342.8792984878629,352.30230640443995,342.7094992823401,348.6094970703125,4542123
2014-10-22,351.3685439724837,352.30233908049286,345.6807443593833,347.5908203125,2854861
2014-10-27,348.99159427377674,353.8728840516503,348.9491372774578,351.9203796386719,2755722
2014-10-28,352.30236665259775,352.30236665259775,339.6958873717511,346.1052551269531,3408381
2014-10-29,348.90670142925313,349.33115640149066,342.36999137325853,343.8980407714844,2572044
2014-10-30,344.3224903211551,348.05772820070047,340.79945116124463,345.9354248046875,6382703
2014-10-31,349.92539478323147,351.45347298329875,336.25777744911704,338.634765625,16904947
2014-11-03,340.79946471264924,342.83688295273845,334.05055631731324,335.96063232421875,5739253
2014-11-05,338.71963792757396,338.9743224087557,324.75487963931715,326.4527282714844,11873813
2014-11-07,328.0232385524183,332.90452827552787,321.7412129116273,331.8009338378906,8290910
2014-11-10,332.77715481746253,335.4937124063151,327.59872410006847,332.1404724121094,3727030
2014-11-11,332.8620577077082,333.96565210034794,325.0944399651183,326.834716796875,4608206
2014-11-12,326.28290133231906,330.27282372007534,325.5613336908049,328.7872314453125,3122243
2014-11-13,330.4426461364457,332.73472019707975,319.194445825143,331.8433532714844,5146041
2014-11-14,328.99947994614394,334.7297081799797,328.53256798891323,329.6786193847656,2872915
2014-11-17,329.21166120795453,335.32388655199946,327.0044727150247,333.79583740234375,2310461
2014-11-18,334.4749814767632,343.3037643187876,331.92822327617245,339.14404296875,8324287
2014-11-19,340.5872262587815,346.19011186567997,335.6210517972744,341.05413818359375,6340864
2014-11-20,341.6908266950551,343.68578791364007,333.6685248284551,337.658447265625,3294101
2014-11-21,338.2102378091174,341.52104952320656,335.11168230674446,340.88433837890625,3186377
2014-11-24,340.4174741429818,343.1340031099369,336.25775233225505,339.10162353515625,2850647
2014-11-25,344.57713791980734,346.19010111079075,338.2951418620243,342.6246337890625,6439812
2014-11-26,341.6059501333857,342.2850895542522,332.39513970377527,333.9232177734375,4162084
2014-11-27,334.64479089449236,334.64479089449236,325.4764373088432,327.1742858886719,5302552
2014-11-28,327.6836764679045,331.3340295964508,321.8685626639881,324.54266357421875,6057648
2014-12-01,326.6224714965502,327.25915390092956,319.2793091140167,320.72247314453125,3176480
2014-12-02,320.5951871036164,327.51389576250295,320.1707320929715,326.282958984375,3677823
2014-12-03,328.53257682995365,328.8296895628114,320.04336236415793,321.2318420410156,7485703
2014-12-04,322.59005875161637,324.79724718822126,312.48791158269773,314.0159606933594,5866566
2014-12-05,316.6476229872082,318.9821825258497,309.89871505639104,312.2332458496094,4821637
2014-12-08,311.5541105338497,318.26059030734103,311.12965561055,313.8886413574219,4263114
2014-12-09,310.87499885526614,316.01097287379014,299.3296859348705,300.6455078125,6530448
2014-12-10,305.6116288594801,307.01236447936327,295.97639370382603,299.9238586425781,5831543
2014-12-11,299.41453489808373,303.4893422746496,290.3310676018848,291.4346618652344,5011388
2014-12-12,292.9202682647194,298.18358362183164,292.9202682647194,295.38214111328125,4315126
2014-12-15,292.45341367695664,298.3534125227491,289.4822001290997,297.0800476074219,3772552
2014-12-16,294.57570155895144,298.6080810664555,289.4821846786439,297.1649169921875,3775593
2014-12-17,292.96278123282605,296.6555624658863,288.71817404459466,290.3735656738281,6079742
2014-12-18,292.15632609337655,296.4433619209189,291.6469570870599,295.5944519042969,5392525
2014-12-19,295.891497105087,296.14618155009754,285.06775313721334,291.264892578125,5594541
2014-12-22,292.83546374363766,296.82538678908895,292.028981985715,296.1037902832031,3422665
2014-12-23,297.12248911047146,302.6404902259665,296.31603612629647,301.5368957519531,5122234
2014-12-24,303.40444163701005,303.40444163701005,297.5469009408355,299.75408935546875,6101722
2014-12-26,302.21596048959424,302.810185831448,296.6555037520989,300.7727966308594,1285099
2014-12-29,299.6691929840361,305.1447361006913,297.1224347602152,298.1411437988281,1342543
2014-12-30,300.0088035852743,300.5181725467709,294.6606019621199,296.9102478027344,1135504
2014-12-31,296.95264741332124,300.0936595841425,296.95264741332124,299.4145202636719,2422916
2015-01-01,300.8577567900254,309.7714265920639,298.52322559165475,308.0735778808594,2460188
2015-01-02,308.83754612825174,311.5541035693214,307.30949694036144,309.8987121582031,2795887
2015-01-05,310.9174495337549,310.9174495337549,301.87643831485207,303.0224609375,1605267
2015-01-06,302.3008994081074,302.3008994081074,295.7641895233898,300.6455078125,3916948
2015-01-07,298.77781975439683,303.9138218266798,297.54691203109815,301.3670349121094,4899318
2015-01-08,302.6829144269849,308.11600095931135,299.796557562967,306.58795166015625,7096620
2015-01-09,307.7339746171767,309.7713928486863,300.47569731967076,302.04620361328125,3831782
2015-01-12,301.96130688004433,301.96130688004433,294.6605728677288,296.2310791015625,2276975
2015-01-13,297.0375726664163,299.07499090236047,292.2836255279716,293.9814453125,1604173
2015-01-14,294.5333183803944,295.59445591557187,292.5807850720665,293.5570373535156,3415213
2015-01-15,293.81166241468026,299.32966271746227,291.4346745732054,296.5706481933594,4966049
2015-01-16,294.57571458543157,298.82032175519777,287.869234107384,291.0527038574219,9779165
2015-01-19,291.94405727299727,299.07499238881894,290.24620873460515,297.5044860839844,3385131
2015-01-20,297.5045008257007,303.0649299122139,295.46708247867355,301.2821960449219,2891041
2015-01-21,301.36710174137835,314.10092415631385,300.9426467432995,313.25201416015625,5052826
2015-01-22,316.9447602491186,317.4541003946587,306.5879281628052,314.1008605957031,2502844
2015-01-23,316.6052424062382,329.1692650892985,315.79876069378815,326.0707092285156,6269436
2015-01-27,324.8822264406889,335.32394537060395,323.948402493531,334.6448059082031,5268554
2015-01-28,334.220325981301,335.91817451056016,315.45916441019403,317.1570129394531,4490563
2015-01-29,318.175778677719,323.0146119154168,308.2009419455046,319.0246887207031,7542171
2015-01-30,323.2692538401687,323.2692538401687,310.83257387257726,317.2419128417969,5409140
2015-02-02,314.1008642470305,316.9447639335054,302.6404377576372,305.0174255371094,4157252
2015-02-03,305.7389662757259,317.4965331700697,305.6965380349966,315.41668701171875,4242370
2015-02-04,318.3455077723173,320.29804086076416,309.8562934651775,313.20953369140625,5535031
2015-02-05,314.10085525383647,315.71381838722385,305.6540991614412,309.6015930175781,8259274
2015-02-06,309.77142575100976,314.10091839375525,304.7627936256264,312.6153259277344,3318996
2015-02-09,309.8562624310128,310.45051657153056,299.8814567409651,302.3008728027344,3030260
2015-02-10,301.6217872934616,307.1397885240735,299.6692540518692,302.3433837890625,6847286
2015-02-11,303.0224404240412,306.16345285254084,295.4246225506409,302.3008728027344,3489433
2015-02-12,304.76272085331203,305.4842884154238,296.5281925243824,299.4145202636719,4361948
2015-02-13,300.34832589536563,302.64042836939456,296.5282030143544,301.3670349121094,3377769
2015-02-16,299.66915454065133,310.2382414945043,298.82024482342194,306.7576599121094,2355833
2015-02-18,308.2008620041478,308.62531691554443,297.5469172482319,298.8202819824219,3408770
2015-02-19,301.32467969293356,304.2534364872359,297.29229963730336,302.8102722167969,3057263
2015-02-20,301.36705212187405,304.5929498197351,295.6368531004193,296.5706481933594,4072136
2015-02-23,295.42460689222355,297.8864510686293,293.0476192015638,294.8303527832031,2410807
2015-02-24,293.81169117230166,296.99513219076186,288.71817404459466,290.3735656738281,7390936
2015-02-25,294.4908567238165,297.54698451857206,292.5807804452729,295.93402099609375,2882686
2015-02-26,297.1224453490952,299.32966271746227,293.939004642223,296.5706481933594,4571845
2015-02-27,296.2735791290544,303.9987691925763,294.8728431652026,301.5368957519531,3711112
2015-03-02,302.4706638250169,308.15843492794613,293.30233911443776,296.3160095214844,4619840
2015-03-03,297.12246123492406,297.63183017232853,291.7742598647288,296.48577880859375,2293482
2015-03-04,298.8203066873106,304.25339324229674,296.5282327290185,298.1836242675781,3694564
2015-03-05,298.31096376874615,298.73541871134745,292.0713956253177,295.3397216796875,3879220
2015-03-09,294.36348525039114,294.36348525039114,287.86923229712806,291.5620422363281,3823862
2015-03-10,290.37356559119024,324.54265057218583,289.2699711720154,312.3606262207031,12896222
2015-03-11,314.10092523429495,334.47505266628633,307.52178650520847,330.6973571777344,14318713
2015-03-12,330.6123906188949,339.4836309277601,328.57500119595414,337.7008972167969,18411651
2015-03-13,338.67713692003554,341.86060628482517,330.5699502799543,339.7807312011719,12653947
2015-03-16,339.48364642846343,339.48364642846343,327.8534197847955,329.7210388183594,15605904
2015-03-17,332.9470072696545,333.11677777338775,321.7412341695299,328.15057373046875,13158523
2015-03-18,327.59867716023206,331.3339433096983,323.8634397561861,324.5001220703125,4777244
2015-03-19,325.13681966068447,326.79223974786396,322.3778340910881,324.2454528808594,4636137
2015-03-20,323.439079409697,329.2117364005916,320.552722168821,322.8023681640625,7256601
2015-03-23,325.9858035263207,330.9944352358133,320.8922578294782,325.34912109375,3546841
2015-03-24,324.11816593857776,336.5973018775897,323.9483667190154,334.34765625,8101985
2015-03-25,328.53254833961466,337.40378876013665,328.4900913477053,335.32391357421875,11374656
2015-03-26,331.0793517211494,342.53980906148024,331.0793517211494,339.2714538574219,12656646
2015-03-27,340.41747696500056,343.38869042847875,315.0347196794429,319.618896484375,9357286
2015-03-30,322.59007322393967,333.54115941429546,320.5526551547054,330.5699462890625,5166621
2015-03-31,330.27287335379725,335.9182168316415,326.8347476147816,333.88079833984375,6709861
2015-04-01,333.88081286026,343.68585025349125,333.6685853513132,341.5211181640625,6096908
2015-04-06,341.5210742996202,347.29373079057234,338.25271933984897,340.2476806640625,4825167
2015-04-07,341.2663299612073,348.0576944202334,336.3425842606936,343.6008605957031,4691848
2015-04-08,345.51100364921837,358.96642171813954,345.51100364921837,355.8254089355469,6392808
2015-04-09,355.867818115087,356.97141248030243,344.0253640674112,345.6807556152344,5176227
2015-04-10,345.51098478345665,351.36855505719456,340.8419228598417,349.713134765625,5103339
2015-04-13,347.2937333820602,362.48942815142044,346.3599094593214,361.3858337402344,4307880
2015-04-15,360.79152785816956,360.79152785816956,347.33614062265775,352.4296569824219,3883730
2015-04-16,353.2786147330477,359.0512999689331,351.8354506104329,354.84912109375,3429760
2015-04-17,356.50454031472356,360.53689119912144,342.8793520638917,344.61962890625,6165372
2015-04-20,342.794483217743,346.0203815973354,338.5074472934168,341.5211181640625,3642501
2015-04-21,337.573569027235,348.0153160152921,334.475013399873,338.1253662109375,4315761
2015-04-22,337.0217250959147,340.6720774006461,332.0979793732708,339.05914306640625,4659581
2015-04-23,341.0966129457916,342.03040809864143,337.0217763846902,339.4411926269531,6374398
2015-04-24,339.5685219934941,342.28507959794126,335.28148686257845,338.8469543457031,8213565
2015-04-27,338.6771304379398,342.70950955860354,326.11310992396,331.92822265625,16825758
2015-04-28,330.2303959827029,347.63327833442554,325.4764202089471,340.2052307128906,5756976
2015-04-29,334.4750243985697,341.6908450171239,325.90092489995214,328.8296813964844,12480808
2015-04-30,328.91455309630015,329.38143624904586,315.628936220158,323.5238952636719,9124401
2015-05-04,317.15702450295953,334.55990788516624,317.15702450295953,333.54119873046875,5025010
2015-05-05,332.77719307572625,332.77719307572625,324.71243336571047,328.5750427246094,2710648
2015-05-06,333.8807586703942,343.81313670602424,327.68364742592746,331.2491149902344,15076384
2015-05-07,330.9944459515496,339.9930005224887,327.13186549197616,334.1778869628906,8782001
2015-05-08,337.02173498922946,339.5684931543936,334.55986205563886,337.8282165527344,6371723
2015-05-11,337.0217908231329,341.9030805104922,335.06925770093306,336.3426513671875,4799566
2015-05-12,336.59735128872893,339.01676774561764,330.18798315879104,332.3951721191406,6930590
2015-05-13,336.1728194557042,339.5684873696014,323.1843156655865,324.75482177734375,6440531
2015-05-14,324.2879274246861,332.9469400013492,323.354103606535,327.6836242675781,5484794
2015-05-15,329.38149380517865,335.32394980709364,328.5325838386598,332.7771911621094,4322623
2015-05-18,334.4750536135526,339.3988006111379,332.77720486517336,337.4038391113281,4866514
2015-05-19,338.63468928683574,343.8130907137185,335.40876311692733,337.8706359863281,6042689
2015-05-20,337.2340183559806,342.83690449558196,336.8944486279615,340.03546142578125,5645720
2015-05-21,340.4174797596693,341.8606438818265,334.0505690752957,336.55487060546875,2829064
2015-05-22,335.7483538253855,338.46491129856986,331.6310893709799,335.239013671875,3589617
2015-05-25,335.23897534905166,347.208769415165,333.03178702711557,339.48358154296875,5979086
2015-05-26,341.26639809667205,345.4685483286596,338.04050005320425,340.03546142578125,6978361
2015-05-27,339.695848186692,350.68939157091665,339.695848186692,346.99658203125,5615442
2015-05-28,349.7555996357261,350.392282072715,339.5261086682312,342.11529541015625,8018965
2015-05-29,341.9030609486113,369.28077887054474,341.5210629923897,361.3009338378906,75197864
2015-06-01,353.10881685504665,357.3534236500518,348.22752766441795,353.6606140136719,4727277
2015-06-02,356.84412768255504,360.3671385358863,350.3923027084802,354.9340515136719,4759119
2015-06-03,354.9764443928451,359.09370905935145,347.37859747087504,357.1412048339844,4054895
2015-06-04,356.9713981639969,360.2822098722887,351.4534265592174,353.4908447265625,3630919
2015-06-05,354.00021672564844,358.5419366464783,351.2836589249288,352.8117370605469,5527337
2015-06-08,354.29731454122447,354.76422648674657,346.40235469700895,348.524658203125,3158812
2015-06-09,349.7555689493428,349.7555689493428,341.98795191422056,346.31744384765625,3013310
2015-06-10,347.88795339605343,355.3160008169169,346.44478940436414,352.34478759765625,3796042
2015-06-11,354.0850870651554,354.5944560040615,347.2937215946692,348.524658203125,3434353
2015-06-12,348.9915860949298,357.6930279930532,345.9779155534515,352.1325988769531,2529220
2015-06-15,354.67938129321266,355.18872154420427,349.41606455429854,351.1563415527344,2604882
2015-06-16,350.64693332536206,352.55700920079374,347.33615047217273,351.7080993652344,4285319
2015-06-17,352.8117403298578,360.36713085133766,352.09014387781997,358.49951171875,4864718
2015-06-18,354.9339835908711,367.9649157984524,351.3685164233841,362.0224609375,6872461
2015-06-19,362.0649440263539,371.23329704522575,362.0649440263539,368.4318542480469,3747410
2015-06-22,369.1959105461009,370.1297344737414,359.518216527299,360.36712646484375,4135774
2015-06-23,364.1448116566274,368.60164619691756,363.593014463326,365.2908630371094,5811630
2015-06-24,364.18724011688164,366.22465824579245,359.3908362376272,360.7491149902344,2864319
2015-06-25,361.21600161914614,364.6116985331902,358.669243306325,362.2347106933594,4373706
2015-06-26,361.9800319332315,363.7203085249696,354.212386516528,354.806640625,2623558
2015-06-29,350.64696437056375,353.15129459986656,344.66208051097146,351.3685607910156,3194613
2015-06-30,354.4671130023822,358.24480806091844,351.45344260512655,356.58941650390625,5214359
2015-07-01,359.68799404806697,363.7203738210855,356.8016657094789,360.3246765136719,3142082
2015-07-02,363.33831697197695,371.9548730229365,361.2160135171493,367.71026611328125,4975741
2015-07-03,368.3894399320637,371.65779503162645,367.15850323836554,369.3656921386719,3975749
2015-07-06,365.46059885286274,371.9973080554763,364.8239164776266,367.6678161621094,2229083
2015-07-07,367.5829722144791,370.2146449419373,365.5880107289866,366.6067199707031,1311090
2015-07-08,364.1023834081739,367.58293705264754,359.2635221592478,365.2908630371094,3088205
2015-07-09,367.0311342727367,375.9872602108744,365.2908574769888,368.34698486328125,6238280
2015-07-10,370.12974302111235,370.12974302111235,354.5520210931038,355.9527282714844,5725932
2015-07-13,358.24482413509395,362.40454608362677,356.16497753354093,359.68798828125,2771223
2015-07-14,359.6879913948645,361.2160407992156,357.3959172883379,358.49951171875,1532422
2015-07-15,358.2448183710452,362.31962626362133,357.01388172982695,359.0513000488281,2387269
2015-07-16,361.13112821348864,361.9800668425232,356.03761142098017,360.49444580078125,2347739
2015-07-17,360.7916175957482,365.0362251997621,358.37220103490637,361.5132141113281,3436416
2015-07-20,360.87643474148393,367.15845970873426,360.87643474148393,364.5692443847656,2266929
2015-07-21,373.52537393541735,384.0944340652845,368.34697197714087,377.9822082519531,6657689
2015-07-22,375.6477267075575,380.9535003380821,371.7002320463009,373.0160827636719,3125401
2015-07-23,374.3742952315267,374.5016087100308,365.7152827132879,367.4980163574219,2619973
2015-07-24,367.9649581604602,372.5915631149939,365.1635152427151,368.34698486328125,2156436
2015-07-27,366.73397856474134,368.2620277060441,353.5757041652222,354.806640625,2565851
2015-07-28,355.69798084939174,360.7914967702688,347.2936537090667,348.05767822265625,3535491
2015-07-29,348.90671783456673,356.50456567839984,343.0491469569046,354.5520324707031,3834817
2015-07-30,354.5520178837562,361.5980681987622,350.26495364993644,353.957763671875,3646699
2015-07-31,355.4858615423515,361.76785875677257,351.4534815678765,355.5282897949219,3222836
2015-08-03,356.54698490737803,359.09374354152686,354.38225300379383,355.6131896972656,1546763
2015-08-04,358.9239600475259,361.64051782312373,347.37861824666163,350.8167724609375,5116932
2015-08-05,361.6405251234632,363.0836892845257,352.9390544160255,354.4671325683594,6127568
2015-08-06,356.5045471059908,358.24482398150064,351.45345822389703,352.3023681640625,4021215
2015-08-07,353.151282342455,354.0001922237097,348.14262205769325,349.416015625,4145596
2015-08-10,350.349811825899,352.68434256043156,346.7843446134912,348.2275085449219,2977050
2015-08-11,348.906616858882,349.7555265975925,341.90299653284075,343.68572998046875,3210336
2015-08-12,342.964226750433,344.40739082405656,332.1829100731816,338.4649353027344,4155754
2015-08-13,345.7382340934443,354.0615655377815,321.96340287335346,328.4940185546875,7871377
2015-08-14,332.933100728335,338.7381082859946,327.2134826086591,337.2868347167969,3612439
2015-08-17,338.0551978212408,340.31741110535785,329.73186591168366,333.1038818359375,1642969
2015-08-18,336.4331959043896,337.7990801343258,328.02450363352165,329.13427734375,1956234
2015-08-19,329.5183955017906,329.8598665099258,318.3352416651459,326.5732116699219,4410748
2015-08-20,332.9331720831655,334.64052761310654,318.7621645442301,324.39642333984375,4434974
2015-08-21,319.1889504361912,319.1889504361912,306.0423592907029,315.4754638671875,6592108
2015-08-24,304.9752897774599,312.99984544505963,288.4993757390235,297.33489990234375,7423096
2015-08-25,299.25563970598404,313.72542053845496,283.8468063056138,297.3775634765625,8827955
2015-08-26,298.78612615041226,299.554428781252,287.2615288750588,289.5664367675781,7620596
2015-08-27,296.6518916975707,299.72513063386293,292.29815821760366,296.4811706542969,8545234
2015-08-28,304.6764959821801,311.4631933429853,300.0666512682991,309.4570617675781,6812371
2015-08-31,311.5912079743775,312.4448999397934,298.7860886505109,302.4569091796875,8370962
2015-09-01,299.6398480744323,302.71305890395837,292.93848170804307,294.8592529296875,4459476
2015-09-02,297.0787919735657,298.61539719467066,290.03595541301684,293.0238342285156,7030063
2015-09-03,293.0238382819692,297.03610136278854,293.0238382819692,296.0116882324219,3675760
2015-09-04,294.5177289920462,301.0483441923386,292.17012656610217,298.7861022949219,5305451
2015-09-07,298.70072178821147,298.70072178821147,292.8957437345988,296.3104248046875,2898337
2015-09-08,297.9324643141823,298.31660117812777,289.5664380601851,296.8653564453125,3089268
2015-09-09,298.78614326623676,312.1888465251643,297.0788168360687,302.627685546875,6374276
2015-09-10,300.92030911674067,300.92030911674067,295.371440794893,299.1702880859375,3357167
2015-09-11,300.3227690071947,302.1581506488624,295.62753473821755,297.6763610839844,3354447
2015-09-14,298.7007617177596,303.05449583996506,295.49949597996607,302.3288879394531,2811019
2015-09-15,302.20088084015157,302.20088084015157,297.9325065720162,299.6398620605469,2361340
2015-09-16,300.0666647404129,309.1156045965501,300.0666647404129,306.89605712890625,2974270
2015-09-18,307.36558750223656,309.8412455276215,301.51791350801284,304.676513671875,6783352
2015-09-21,302.20084805268607,306.4692218577216,299.98130061159867,300.7496032714844,2792725
2015-09-22,303.05453936455064,303.05453936455064,290.5055273074004,293.4933776855469,4558449
2015-09-23,290.2494115325079,292.810459132074,287.04814539262276,288.4566955566406,4087837
2015-09-24,288.45666652192614,289.05424808919264,283.4626849088448,284.2309875488281,9967481
2015-09-28,283.5053622328174,286.3224912980378,276.07841714055985,279.6638488769531,5295350
2015-09-29,277.4443032802516,278.9809376994719,269.41977570612033,275.43817138671875,7126332
2015-09-30,281.712605860216,289.1822735079726,277.44423260617674,288.4139709472656,7251836
2015-10-01,289.7371819888247,290.6335398611545,286.4932215416493,289.7798767089844,5093796
2015-10-05,291.8713523329677,296.60925193590776,289.60911041950754,295.5848388671875,5969834
2015-10-06,297.93246810019883,299.2983523146476,295.02997859768453,297.8044128417969,4610836
2015-10-07,297.80441409738046,297.8897746345487,290.54819031050147,292.5116271972656,3635620
2015-10-08,293.2372618595287,295.115338195229,287.6456986675066,291.5726013183594,4770259
2015-10-09,293.66406550718244,297.8470782760207,293.0238181845073,296.7373046875,5548083
2015-10-12,297.0788191323202,300.5788614663221,296.7373480623712,298.35931396484375,2441453
2015-10-13,299.72520797460356,300.2374001429642,292.68239944795295,294.9019470214844,2590061
2015-10-14,296.6092803102427,298.9141882555739,291.8713802540641,295.6275329589844,3464048
2015-10-15,297.07880670599894,301.688622597919,293.66409614934076,299.8532409667969,5514188
2015-10-16,296.3958432065354,300.8776324222534,291.10305667883586,298.4873352050781,4598180
2015-10-19,301.3471469111772,312.14613636097454,295.3714468884279,310.4814758300781,4334115
2015-10-20,309.75588328370196,313.2986203144901,306.89605948125586,308.9021911621094,2588064
2015-10-21,310.7803010333445,319.1036042225994,310.65224576791275,317.1401672363281,4434717
2015-10-23,319.2743256022351,319.87190715190764,304.3350181114434,306.5545654296875,4452331
2015-10-26,311.5912302114874,311.8046459914784,296.0970364582283,300.6642150878906,7353435
2015-10-27,300.0239572108245,302.79842033333045,297.1641624587498,301.0483703613281,2855148
2015-10-28,300.74957600963126,307.1094414182113,299.63980238968446,305.8716125488281,3806874
2015-10-29,304.3350181677772,306.42651023245156,297.9324578133956,303.3959655761719,4560952
2015-10-30,301.347145552815,308.0911770883894,294.13361661811325,297.97515869140625,3988476
2015-11-02,296.65194246833175,300.2373740544511,293.36531611864154,298.9141845703125,2857066
2015-11-03,299.68248827299294,302.03009091955244,295.2860593109849,296.7799987792969,1670964
2015-11-04,297.9324377945176,299.0422113792764,292.98112247397773,295.712890625,2412413
2015-11-05,293.10917763155754,295.37141951764823,285.2126783888591,287.30419921875,3467567
2015-11-06,284.27367888704225,292.08478935802145,270.7002264188188,289.5664367675781,3373067
2015-11-09,285.1700128218298,289.0542203706433,273.81613757080635,286.19439697265625,3630757
2015-11-10,283.97481778338533,286.57853039690593,279.621084460946,283.12115478515625,2421896
2015-11-13,277.48693333103995,286.8346773191776,277.48693333103995,285.0419616699219,2780378
2015-11-16,286.5785821353002,289.6518215152331,282.13948749288613,286.62127685546875,2697681
2015-11-17,287.2615239104072,288.24324231582585,282.5663187647934,285.5541687011719,2173068
2015-11-18,286.83473647798405,292.0848292612809,283.80419135508816,285.0846862792969,2486993
2015-11-19,286.1091131928238,291.1031245730247,283.59078904474353,289.86529541015625,1983013
2015-11-20,289.01155806719606,293.96287394579673,285.12735008275274,291.40185546875,2315668
2015-11-23,291.6152688367368,295.54217151052626,287.6457003476192,289.3957214355469,2146374
2015-11-24,289.82255133427464,295.115338195229,286.1090644779529,291.5726013183594,2882252
2015-11-26,291.95672258088143,295.0726277021439,290.2920621286882,292.08477783203125,8126680
2015-11-27,293.5787165897807,294.30432446956837,289.6944799699611,292.1274719238281,1460049
2015-11-30,292.81042470045526,293.6640878623405,284.4443985259157,285.4261169433594,7110699
2015-12-01,286.79201468027037,286.79201468027037,274.41372480971006,275.52349853515625,9058372
2015-12-02,277.7003458955199,277.91376166973635,270.1453176440282,275.6515197753906,6804758
2015-12-03,274.88327090416385,278.7248134032405,271.895420575094,272.7917785644531,4408535
2015-12-04,271.4685446582911,275.31005762431545,270.74290787747833,274.28564453125,2941586
2015-12-07,274.2856758074029,276.59061275622105,272.0234624886025,273.26129150390625,2685214
2015-12-08,273.1758968094111,273.56006259562844,268.9929124157366,271.34051513671875,4590607
2015-12-09,270.8283156723448,271.04173149068066,263.01720422082974,265.36480712890625,5188413
2015-12-10,267.96844436447054,268.437970593817,263.3586004055328,266.9013366699219,2341048
2015-12-11,268.90751547223476,268.90751547223476,262.5049548917916,264.2550048828125,2355955
2015-12-14,262.07814705126214,265.49285789950034,259.6451836383809,261.3525390625,3826300
2015-12-15,261.35255315051666,264.63917999942987,260.02933455900876,263.95623779296875,2623471
2015-12-16,265.49281051991807,274.8405545056972,264.2549816716311,273.47467041015625,4587498
2015-12-17,274.02953637063644,276.846664876852,273.21853913728853,275.22467041015625,4000133
2015-12-18,275.1393635317415,276.0784161856937,271.46857126822067,272.36492919921875,4544383
2015-12-21,272.70635456156225,275.9503146774142,270.61483380215935,273.9441833496094,3305363
2015-12-22,274.02954718156997,279.4076939311475,273.3466051587942,275.9076232910156,3705221
2015-12-23,278.29793711434394,284.1456104696981,276.76130301746025,283.71875,3980119
2015-12-24,283.63336144216805,290.0359209784639,280.5601513648255,288.9261474609375,2858615
2015-12-28,287.90174773040684,288.54202394799677,281.71260366954084,283.20654296875,3336594
2015-12-29,284.18826557552586,287.0480889735129,282.139468367497,286.19439697265625,2788729
2015-12-30,289.39571557909875,289.6944919058653,283.4626814199627,284.3590393066406,1726114
2015-12-31,285.1273429551955,291.7433192331727,283.80415348087575,290.5908508300781,3275719
2016-01-01,290.2067127102676,293.66408899820516,288.2432469614075,290.6762390136719,1387248
2016-01-04,288.542056560198,289.353025016845,274.029580187783,278.98089599609375,3498169
2016-01-05,279.1516078839028,280.6455473028062,274.02957117105933,276.1210632324219,2351113
2016-01-06,278.2126163839283,283.8468458572753,272.8771343599923,275.05401611328125,2678635
2016-01-07,273.94426921264886,278.1272542297882,270.27344750737666,275.1820983886719,3135368
2016-01-08,276.84669016169505,277.4015769706909,271.895374692885,276.4625244140625,1999282
2016-01-11,274.0295680387016,276.59058636584905,268.6514208797788,274.1576232910156,2795794
2016-01-12,274.8832198333445,277.8284037958735,267.71235725075314,269.24896240234375,3262399
2016-01-13,274.0295737157879,275.35276317314924,257.85243718431286,263.4440002441406,5044083
2016-01-14,261.9927823903321,266.3465169736456,256.52927402537284,263.57208251953125,3633282
2016-01-15,266.0903801875625,266.0903801875625,258.74879606302,261.309814453125,3572695
2016-01-18,262.76111506486944,263.5294178546943,250.85234955662267,256.3158874511719,4574694
2016-01-19,257.639039597566,266.6879795553149,254.7365499678424,264.895263671875,3707778
2016-01-20,263.3586447466109,267.9257947604325,258.49268949669215,264.29766845703125,5629713
2016-01-21,267.2001646743432,267.5416356969953,259.2183048129318,264.04156494140625,3422136
2016-01-22,265.57820415864086,265.6635646986599,248.88887443825308,254.9926300048828,5904068
2016-01-25,255.97436113815937,256.9133848315193,249.7425217975288,253.96820068359375,3479687
2016-01-27,253.96819369608608,255.67554887300835,249.10226757482923,254.22430419921875,5644966
2016-01-28,251.23646106911028,252.55965052688236,246.15709012119552,248.76080322265625,7080505
2016-01-29,247.0534540549664,253.79748567050302,240.99236454528506,247.48028564453125,7373584
2016-02-01,249.44376773291225,254.3950838708671,248.5900755915934,253.19992065429688,4425387
2016-02-02,253.19993447077186,259.5171352544458,252.43163173612706,257.98052978515625,4808715
2016-02-03,256.6999737809215,257.6390263979959,252.81576586792733,255.93167114257812,5232930
2016-02-04,259.34639290251204,261.05371932560615,257.4682875869007,259.73052978515625,3411138
2016-02-05,257.8950777154918,263.3586138911098,257.85241190560436,262.24884033203125,2647351
2016-02-08,263.23058629710624,267.6270151853118,260.8829836899558,265.4928283691406,2753109
2016-02-09,263.785411430586,268.01108935371605,262.07805659575564,266.5598449707031,3145945
2016-02-10,265.4928502583042,268.86486628399575,263.35866326617514,265.7489318847656,10180024
2016-02-11,260.370758009947,269.3343656026604,259.90126062201614,263.52935791015625,6520711
2016-02-12,266.7733518199749,281.7126611406508,262.50497772835314,277.0601501464844,4049410
2016-02-15,280.4747885644519,281.62725690606055,270.14532602144544,272.2368469238281,5615585
2016-02-16,275.182059172378,277.3589119227015,267.84044571447356,269.16363525390625,2910959
2016-02-17,267.6270464442047,274.54179981743744,263.4440328584016,272.7917785644531,3974587
2016-02-18,275.7369516626779,275.82231220423137,269.8038881630512,274.2003173828125,2569038
2016-02-19,273.60267580738986,279.9625399488208,270.4013819284399,278.3405456542969,5961801
2016-02-22,277.0174031528227,285.8956207444873,274.8832165096954,280.9443054199219,3455165
2016-02-23,284.2736649620442,284.2736649620442,271.55390518945234,274.28564453125,5437598
2016-02-24,271.5965366913659,277.9137355140368,271.169705183104,276.5478515625,2523354
2016-02-25,277.401578874226,277.8284104369399,271.4685449959225,275.3527526855469,9556967
2016-02-26,277.3161812712006,277.3161812712006,270.61484499605285,271.42584228515625,7064596
2016-02-29,270.61490656285383,275.1820861263364,267.24289029933993,269.33441162109375,3988625
2016-03-01,269.3770390828751,275.139352219394,264.85255489095454,273.7734680175781,4830530
2016-03-02,274.8832236156573,279.79184434982926,274.0295604988889,278.5967102050781,3289694
2016-03-03,280.34673922535774,285.9383015998773,276.59055819674273,284.6151123046875,3265002
2016-03-04,283.41999033787704,287.3895877040062,279.23697717754914,281.0723876953125,2167900
2016-03-08,281.2857481035583,285.12728945548224,278.93814592324327,282.99310302734375,2393678
2016-03-09,280.90168546678416,286.7066648337248,280.26140913485636,285.6395568847656,3430173
2016-03-10,283.4626621626456,289.13958542381243,282.5663043368626,287.09075927734375,1837525
2016-03-11,285.9809929680126,289.2249533294643,285.1273298384011,287.9017639160156,3018179
2016-03-14,286.10902386319793,291.9566967410993,283.2492294973427,290.8896179199219,2633043
2016-03-15,290.24934849297205,294.09089015159145,286.8346672791579,292.7250061035156,2309456
2016-03-16,291.31650535135515,294.3470502539781,286.3224945720566,288.9689025878906,4361912
2016-03-17,291.3591152574151,300.23733245638493,288.58468141597916,290.8896179199219,7155690
2016-03-18,295.2006912680137,297.29221225174257,290.29207030515033,293.9201965332031,3951904
2016-03-21,294.51776108251414,303.0545086184241,292.9811557760917,301.9020690917969,2813415
2016-03-22,302.9691540030415,304.50575933950154,294.2189904983234,299.554443359375,4425316
2016-03-23,300.49346832598826,308.5180231460449,300.49346832598826,305.7862548828125,5116641
2016-03-28,306.3838311480804,308.17654681340287,296.09703452523445,298.6153869628906,4630593
2016-03-29,296.22512471460465,305.4021199022781,295.41412731644675,302.627685546875,4073263
2016-03-30,303.0545034877628,306.68262980101474,299.72518241141927,302.03009033203125,4229163
2016-03-31,301.77399187408156,304.46306541784713,295.84095797147387,299.46905517578125,7926944
2016-04-01,298.95684672325484,298.95684672325484,283.59070889867706,286.3651428222656,4517171
2016-04-04,286.450486573774,299.5543817754145,286.450486573774,297.5055847167969,3434762
2016-04-05,295.7982481350268,295.7982481350268,280.90163651452616,282.13946533203125,5289842
2016-04-06,284.65781082962053,289.8652369911939,283.0358450606304,285.5541687011719,3037097
2016-04-07,286.92013517747307,287.0908562941825,281.0724599748028,282.7798156738281,2415746
2016-04-08,283.3773435332231,288.0298544090744,277.95650105905844,285.6395568847656,2319546
2016-04-11,291.48722811184297,298.7861469730559,291.1030912228415,297.292236328125,4524262
2016-04-12,297.2495262633656,300.9203184132518,293.79214990888386,298.87152099609375,3089585
2016-04-13,299.68249098577445,311.16442271286127,298.4446620222832,299.8532409667969,6614377
2016-04-18,303.0972124389154,309.88391016798727,300.66424914631716,306.8106994628906,2828391
2016-04-20,310.73760998372927,311.03638633568244,302.28622252272856,304.4631042480469,3250868
2016-04-21,305.487532372055,306.4692509246652,299.63985797015346,304.9753112792969,2218219
2016-04-22,299.6397795743329,305.5728129706195,298.5726718478661,301.4324951171875,1460160
2016-04-25,302.4569452858122,310.73758200997094,302.4569452858122,306.426513671875,3431082
2016-04-26,305.146043801897,310.5668573472312,303.395993710383,307.66436767578125,2605766
2016-04-27,311.59129116455046,325.59157719658947,309.1583276716187,318.46337890625,8618572
2016-04-28,327.3415452487393,328.66473469083144,316.2864456052454,318.16455078125,10016684
2016-04-29,317.43892612437986,318.0792024163206,307.7497102722581,310.3961181640625,5411248
2016-05-02,309.8839193268146,311.1644430960383,304.2496898988205,305.44482421875,1745061
2016-05-03,305.6155267781351,316.2864312711794,305.6155267781351,314.4510498046875,4349238
2016-05-04,312.40224148724315,315.2193703780097,306.72531789163014,308.5606994628906,1883272
2016-05-05,309.45704971152344,312.4449285040744,300.1946948299211,302.54229736328125,2375047
2016-05-06,304.7618496870476,311.12171532013247,302.5423023688035,306.5545654296875,3196077
2016-05-09,307.5362768571127,314.06689231609175,305.7862558742909,313.12786865234375,2070741
2016-05-10,313.7254307819391,315.2620649347088,307.6216756104304,314.8778991699219,2932396
2016-05-11,311.16441586539787,322.21951575621944,304.76185539234234,306.38385009765625,5316307
2016-05-12,309.88390324504746,310.3534295662756,303.6520925273049,309.1156005859375,3224321
2016-05-13,309.0302674238089,309.0302674238089,301.34718233932176,302.96917724609375,4006032
2016-05-16,303.05448211756453,304.03622938906506,292.68235384664393,301.7312927246094,2996171
2016-05-17,303.9081995516011,306.46921802128725,297.59099946169727,299.810546875,2749594
2016-05-18,298.78613307794905,301.0057093929664,296.43853041013864,299.8532409667969,2421651
2016-05-19,299.85321765898266,301.17640705694305,293.15188123211715,294.3470153808594,2741126
2016-05-20,295.28604765358403,295.79826866541396,289.6518188680986,291.9140319824219,4199413
2016-05-23,295.968985566925,297.71903545754714,291.52989102754646,295.2433776855469,1842701
2016-05-24,295.2860603742723,296.1824471835903,291.7860182057513,294.64581298828125,2293594
2016-05-25,296.310465404702,300.92031005137375,296.225104870188,300.1947021484375,2157455
2016-05-26,300.49347939938474,303.9081898542598,296.8653531543774,301.2191162109375,5273432
2016-05-27,301.3044857267819,305.27408313559965,298.4019962068119,299.8532409667969,3075870
2016-05-30,301.43254641507326,304.9326175720932,300.7069095688218,303.82281494140625,2845695
2016-05-31,304.676498005428,304.76185854175344,296.3531664138046,299.9812927246094,24281872
2016-06-01,301.8166850048119,311.03637481975375,300.7496059970722,310.09735107421875,3081625
2016-06-02,308.4753432151339,314.1522668896372,307.1521537390893,312.61566162109375,2604662
2016-06-03,311.5912341750078,312.18881571041004,303.35329246216094,305.7435607910156,3677399
2016-06-06,304.7618632047679,306.5119132112976,296.395865670167,297.71905517578125,5264582
2016-06-07,297.7189843465988,300.57877847473276,296.4811556731031,298.0604553222656,4463323
2016-06-08,303.5667229696135,305.82896506367837,300.15201246793475,301.0483703613281,2654000
2016-06-09,303.4813384135698,304.2496699686022,298.61541200330566,299.8532409667969,1549979
2016-06-10,298.5300853492734,301.81671211341404,296.73736933014857,299.7252197265625,2180603
2016-06-13,297.33492530890686,299.21303080191035,291.572640273941,292.2982482910156,2180335
2016-06-14,292.9811535112594,294.09092721358326,287.98714294442277,292.5116271972656,3358585
2016-06-15,297.0787906393647,301.2191088989089,296.22509859318,300.4081115722656,3259569
2016-06-16,300.1093472116893,300.45078935611406,291.31648933328586,295.79827880859375,2614007
2016-06-17,297.07884546029237,306.3838968080674,294.04830028581205,304.76190185546875,5592177
2016-06-20,303.90820477113994,312.44495242096275,302.03009947558564,311.1644287109375,3205939
2016-06-21,309.2436545854092,311.3351756611886,307.4509387526722,309.20098876953125,1615514
2016-06-22,310.69490790170966,313.29862118426837,308.04852880209984,309.9266052246094,2399688
2016-06-23,311.3351716895162,312.2315295944499,309.03023484461283,311.4205322265625,1405739
2016-06-24,304.7618392210609,307.3228574931146,297.6763370276736,303.7801208496094,2445195
2016-06-27,302.20087729448085,305.5728935048721,298.57275053721924,299.7679138183594,2697253
2016-06-28,300.79230108471177,306.04242281411405,300.32280361944566,304.8472595214844,3541398
2016-06-29,306.0423228145557,307.5789277956984,302.41419720790816,304.078857421875,2469054
2016-06-30,305.61553481047383,315.8596080180564,303.4386533553551,313.12786865234375,4076692
2016-07-01,312.2741684067826,318.29259160975425,309.58509492451117,314.4510498046875,2907785
2016-07-04,316.3291545135013,320.8963045921183,314.92060447469794,318.7194519042969,1855655
2016-07-05,319.27437097473955,319.27437097473955,310.3961515336898,312.3595886230469,1559936
2016-07-07,311.59125879867884,316.9694063231787,309.5851271576079,310.1827087402344,2606039
2016-07-08,307.9631537539083,309.2436485199597,301.34714850379424,303.0971984863281,1746867
2016-07-11,312.3595558509621,312.3595558509621,305.65821892687205,307.19482421875,2437511
2016-07-12,309.37171198714367,311.1644278322891,307.32288561944046,310.1400146484375,1333227
2016-07-13,312.3595521541885,312.4022468753828,306.554573203459,310.4814758300781,1609500
2016-07-14,310.3960953224138,313.89616613740174,308.902155959661,313.2558898925781,1097465
2016-07-15,311.9327693854959,324.3537554952685,311.9327693854959,323.4573974609375,2814751
2016-07-18,324.14025237005615,324.396333949194,308.2191989602427,309.5850830078125,3592796
2016-07-19,306.51192367058195,314.3230346175528,305.27409466035994,310.99371337890625,3552577
2016-07-20,310.9083144306968,313.2559171153921,308.47535120806583,310.2253723144531,2845114
2016-07-21,312.3595719319309,315.6035615694928,309.45708227278845,314.0242614746094,2198453
2016-07-22,314.1522684363016,315.68890261878886,310.8229473692734,313.5973815917969,2559958
2016-07-25,310.73753470409895,318.2498676584707,309.96923219493436,317.52423095703125,1850765
2016-07-26,315.8595921098362,318.3779444721298,313.17051869232404,315.7315368652344,1862583
2016-07-27,316.45719905700815,322.0487621137701,314.49373332588874,318.0364990234375,2593217
2016-07-28,325.93301551574416,325.93301551574416,310.39612556707175,317.48162841796875,8216550
2016-07-29,317.48169210893684,317.48169210893684,307.7071135259824,309.072998046875,4178023
2016-08-01,310.2680530486561,313.29859771296765,309.1155846661548,310.7375793457031,1775282
2016-08-02,308.944895542006,311.42055363115924,303.6094135610182,305.44482421875,3557285
2016-08-03,306.5972665190935,307.6643454802716,301.56059022830016,306.3411560058594,2491473
2016-08-04,307.15215312091675,314.7925425399628,301.38984001590825,312.6583557128906,3301158
2016-08-05,313.46934768752016,317.14013971705333,306.93873206185003,310.7375793457031,4259304
2016-08-08,309.8838602851881,311.50585482341035,298.18854313015964,300.10931396484375,5372323
2016-08-09,301.261773425429,303.09718385582863,294.30432636530685,298.31658935546875,5734542
2016-08-10,299.63979062287586,301.6885878142726,294.5177253784449,295.75555419921875,1704178
2016-08-11,296.7497522798554,297.17826599462614,293.10732766370825,296.83544921875,2758046
2016-08-12,295.03566752333404,299.10660584214907,294.90710760522546,298.0781555175781,2615030
2016-08-16,298.6780971436969,301.1206485678793,291.13615699050575,293.4930114746094,4152972
2016-08-17,294.3928894254107,299.53511189648026,294.3928894254107,296.2355041503906,3575486
2016-08-18,298.59239141512006,303.30612972301526,297.26398718284685,302.663330078125,2093475
2016-08-19,303.3918077595314,304.2488352055695,297.64964841830084,301.16351318359375,1895295
2016-08-22,300.8207043839255,302.5347593214872,296.6212059422417,300.13507080078125,983587
2016-08-23,298.24958540817715,304.59165236128655,295.4213542043683,303.17755126953125,2546554
2016-08-24,303.39173848580145,307.1198592613585,299.96357144380937,302.19189453125,1809971
2016-08-25,301.0350058975253,303.3918608065159,294.9071657219677,296.5355529785156,3583163
2016-08-26,297.8210834529737,298.33532320789396,292.7217230119289,294.7785949707031,1250748
2016-08-29,294.3928819627499,298.0352773623016,287.322289968893,293.6215515136719,2828305
2016-08-30,293.7501073888003,294.90711767097076,281.7515778998684,284.40838623046875,4487274
2016-08-31,284.75117962158026,288.73642081034785,281.83725168539803,284.2369689941406,7103241
2016-09-01,282.82290099716454,284.83693901171927,258.3972959219588,266.4106140136719,39290697
2016-09-02,264.0965334626722,275.0666406377452,262.6824324814229,273.3097229003906,17010250
2016-09-06,273.309760707147,276.6522027763093,267.9532517795767,275.5380554199219,7841855
2016-09-07,272.96694131700764,276.30938335449724,270.9100405153373,274.38104248046875,3788590
2016-09-08,274.38104313348873,280.42318562523815,273.3954557129551,278.0234680175781,3819474
2016-09-09,277.25205802877235,280.0374256018809,272.8383038619749,276.05218505859375,3280689
2016-09-12,272.4526778765241,275.92370855963753,269.19593306768314,272.58123779296875,3494956
2016-09-14,271.76704841506455,277.03785996692636,271.76704841506455,274.1239318847656,2224288
2016-09-15,273.43834287143954,278.537703335659,271.595698775105,276.5665283203125,2301243
2016-09-16,276.05225935303355,279.8232440994574,275.1952318753596,277.33782958984375,3584872
2016-09-19,276.82355588739387,278.537610452531,275.15230625391695,277.80914306640625,1697274
2016-09-20,277.68066584350066,277.68066584350066,272.28132270707636,273.5668640136719,3040194
2016-09-21,274.5952750144097,276.82359852886214,273.22400793483814,275.8379821777344,1845538
2016-09-22,277.33784164442574,281.0659635708903,276.5236480930667,280.25177001953125,1642721
2016-09-23,279.3947298254335,282.822868749862,277.6806458530697,280.20892333984375,2369838
2016-09-26,279.39472878297056,281.7087203718035,273.4811463554545,274.5524597167969,2391218
2016-09-27,275.8808437901595,275.8808437901595,269.1530973621677,269.7958679199219,2490305
2016-09-28,268.72452971469767,277.209222175414,266.6247953419224,275.75225830078125,3263576
2016-09-29,276.3951181241628,277.42356866574147,269.195993353416,270.5672607421875,6941546
2016-09-30,270.6100564533167,271.2528269993879,264.0537040184421,269.1102294921875,6355157
2016-10-03,269.1102605292208,274.2524835314461,269.1102605292208,273.1383361816406,1672721
2016-10-04,272.1098980420789,278.4091316608383,270.9100536928917,277.6806640625,2908344
2016-10-05,275.96656198970277,279.52328986129993,274.7667177187238,275.7094421386719,1439691
2016-10-06,278.49482081462213,278.75191162812536,273.48112915699903,276.2236633300781,1741337
2016-10-07,276.4807992810757,278.0663233147766,271.8527871043675,273.7811279296875,1477152
2016-10-10,272.6240946280294,274.16675555000523,269.96725746207494,270.7386169433594,2687189
2016-10-13,268.2103122484035,269.0245056040333,261.8253833443454,262.89666748046875,3440146
2016-10-14,263.8822825775695,263.8822825775695,259.1685738398822,261.73968505859375,5431236
2016-10-17,261.73966536784934,262.12534508077476,253.89777238768218,258.225830078125,3779712
2016-10-18,258.8257031811603,263.96795356811725,254.58337200467503,262.8109436035156,5102965
2016-10-19,262.81096492152005,265.2106819634205,260.539807777258,263.0680847167969,5073975
2016-10-20,263.19662192382634,266.11057862635903,261.3968413541908,264.91070556640625,5290430
2016-10-21,266.8819339750971,266.8819339750971,261.91110545678123,265.4678039550781,2362713
2016-10-24,262.55382382909517,263.96795356811725,260.23983292018244,262.8109436035156,2185144
2016-10-25,260.111305941925,267.7389420389202,258.56861612051347,267.2247314453125,4024793
2016-10-26,269.96726009177746,276.73786945571754,269.79586621890905,272.2812805175781,6538988
2016-10-27,269.5815888176122,279.0947025643443,268.767395432811,276.9092712402344,5615716
2016-10-28,276.7807409252726,276.7807409252726,272.75266556602605,273.2668762207031,1566275
2016-11-01,272.5384238406076,274.85241544558284,271.0385967323852,272.0670471191406,2398681
2016-11-02,270.3958498675813,270.4815468189281,264.52512986534657,265.33929443359375,2221637
2016-11-03,264.8250590267519,270.2672647448038,261.6540109397074,264.7821960449219,2989059
2016-11-04,265.467794883369,266.1534283811066,260.5826924873577,262.85382080078125,2376146
2016-11-07,267.31044444371105,267.31044444371105,260.2827154467334,261.9111022949219,1847168
2016-11-08,262.768151826778,262.89671174881937,257.96874585226044,261.3111877441406,1527704
2016-11-09,246.82721862808555,261.3968579651355,242.58487222572262,257.9687194824219,5669889
2016-11-10,261.39690171413304,269.195962323556,259.89710357330966,264.5251159667969,3190980
2016-11-11,260.53984847476613,263.92515323363733,255.6975796822299,258.3115539550781,1886129
2016-11-15,259.68282583788795,261.31118377833525,251.96946279485942,259.3828430175781,3114405
2016-11-16,261.43976237024464,266.8391052778622,259.9399352224731,265.38214111328125,2746958
2016-11-17,266.8819752733634,270.4815373063534,252.95507486738475,254.66915893554688,4236589
2016-11-18,255.74044307648063,260.92552865125015,253.04077186087162,260.3255920410156,3641254
2016-11-21,260.88266471962476,261.8682520597503,254.92624867932167,256.68316650390625,1826207
2016-11-22,257.96873051096856,261.7825488834279,252.82647903661606,260.4969787597656,3327374
2016-11-23,261.78256725806807,264.1822847812032,256.38322459623805,257.58306884765625,1970256
2016-11-24,257.9687045375892,261.13975203909126,255.7404102998722,259.1685485839844,4795418
2016-11-25,259.5970772811296,262.2539143510355,255.95468195701483,257.9687194824219,2099139
2016-11-28,257.9687258115081,275.2808995757076,257.9687258115081,273.2239990234375,4886483
2016-11-29,274.93808654344974,279.39470446710567,271.5099479301648,278.4090881347656,4516337
2016-11-30,278.53764097340024,280.08033087947416,277.5091907094495,278.19482421875,4993485
2016-12-01,277.68063720449464,278.3662707720856,268.7245668655242,272.7098083496094,7124295
2016-12-02,269.96726139548593,275.366603721366,269.3673538172528,273.0526123046875,1836012
2016-12-05,272.10982640117345,281.66583177524376,272.10982640117345,280.0374450683594,2481220
2016-12-06,280.1660289527521,284.4940868702804,278.3233852614744,281.8372497558594,3142493
2016-12-07,282.56576837648356,287.06522051429715,278.62338988333744,281.2373352050781,2899591
2016-12-08,283.50847738652374,286.25101150092866,281.45160582101664,284.922607421875,2061325
2016-12-09,286.37960071126184,289.2078320509914,282.0515422467501,284.5369567871094,2646396
2016-12-12,282.39434467070794,282.82285839303216,279.86609629681624,282.0943908691406,775144
2016-12-13,279.39470681686817,283.63703890634457,279.39470681686817,282.8228454589844,1063869
2016-12-14,281.19451365090913,282.60861480505423,275.53805099372966,276.4808044433594,1481398
2016-12-15,274.9380792970821,276.2665123577676,272.1098483289934,272.9240417480469,3073256
2016-12-16,273.39540656268815,273.9096171617363,264.35364045209207,265.89630126953125,4401700
2016-12-19,266.0248779839647,266.96763133213415,260.62553576145916,261.8254089355469,4126010
2016-12-20,262.2539099346406,262.89668044801965,256.3403283466094,259.297119140625,3596096
2016-12-21,260.62556535106086,262.5539062237855,257.11170040565815,258.56866455078125,2651665
2016-12-22,256.68317099367135,257.9258781904525,248.75558013445195,250.46963500976562,3156188
2016-12-23,253.16926114812307,254.66908791705217,249.52686616685637,253.29782104492188,2047449
2016-12-26,252.39798940122148,254.54058713142064,247.42716034553547,253.76925659179688,2719536
2016-12-27,253.68350781756777,257.7972795285127,249.52687313306234,256.7688293457031,2548216
2016-12-28,256.25465279257315,259.76851746203977,254.36917505052918,256.68316650390625,2899350
2016-12-29,258.311533307295,260.9255073711987,254.96906277464137,259.68280029296875,3551526
2016-12-30,258.2258865533621,263.19668681189626,257.1974361142617,261.9539794921875,1955045
2017-01-02,259.76851411829335,267.3961509467907,259.76851411829335,266.53912353515625,1643255
2017-01-03,267.3532988027211,269.0673535093982,257.1116594166732,260.9255065917969,3286354
2017-01-04,259.1686052600994,270.1387140128957,256.3832368538367,269.0245666503906,5776206
2017-01-05,268.38174829724545,276.8236079145415,265.7249400057194,275.1952209472656,4268281
2017-01-06,273.52399735070554,282.8228553005984,272.7955008144814,274.0382080078125,2656936
2017-01-09,274.76670193991146,275.4523354897545,270.995717415775,272.49554443359375,2635116
2017-01-10,273.3954423886434,275.1095263105766,271.72422144737044,274.33819580078125,1058176
2017-01-11,275.1952432815886,278.2377315818545,273.2240393728175,276.6093444824219,2609766
2017-01-12,277.2092671449963,278.837654162138,274.25247594141206,275.795166015625,1680284
2017-01-13,276.3093669395252,278.53766149880653,270.8243274812255,274.42388916015625,2614161
2017-01-16,274.25245648145074,277.16641351695625,271.9384650647723,273.0526123046875,1871694
2017-01-17,273.3097051615896,274.0810355576903,271.7670153490941,272.9668884277344,2050997
2017-01-18,272.5384316507606,273.22403624127895,266.75340894209177,269.0245666503906,3670155
2017-01-19,269.11025097409237,276.4807974345271,266.53913956427056,271.7670593261719,2526854
2017-01-20,269.1531099668672,280.680262669119,269.1531099668672,274.7238464355469,3784887
2017-01-23,275.1095249174206,275.96655236389796,270.31008996031204,273.9525146484375,1985278
2017-01-24,272.5384389621917,273.39546648855645,269.6673445123283,271.25286865234375,2393587
2017-01-25,261.3969053139212,269.71020575949495,261.3969053139212,266.839111328125,14931206
2017-01-27,265.9391883666948,281.10879418855825,265.9391883666948,277.46636962890625,3540993
2017-01-30,276.90929239535865,317.061571904905,276.0522359699825,296.2355041503906,23241046
2017-01-31,299.1494865626204,302.53476251218706,294.00723463480546,298.4209899902344,11732135
2017-02-01,296.5355212316083,299.8779633220891,291.52182907558694,295.7641906738281,4103983
2017-02-02,295.6784138693366,308.36260447956107,295.03564335175207,302.7918395996094,6964972
2017-02-03,302.79185373324884,310.2480965583329,301.84912940084627,303.2203674316406,2662623
2017-02-06,303.3918503078382,305.9200990403964,302.2348398771867,304.463134765625,1504449
2017-02-07,303.56322056067137,307.50559929469824,300.64929223816887,302.663330078125,4062008
2017-02-08,304.248840107013,304.97733666412,297.3068364254339,301.8491516113281,4888372
2017-02-09,301.72062914150945,305.9629620268288,300.6493156634204,304.463134765625,2043938
2017-02-10,305.96288848047965,308.8768163295821,304.2916677158734,306.43426513671875,2203893
2017-02-13,302.9204146933915,308.5340138104297,302.83471775747637,306.86279296875,3669035
2017-02-14,306.3914606839107,317.01875288607584,304.2488628538113,316.2045593261719,4739203
2017-02-15,317.0187335870408,319.2470282298209,308.6197656949086,313.07635498046875,3974478
2017-02-16,309.6481743696644,316.1616931652796,308.7911469330218,313.4191589355469,4049974
2017-02-17,314.5333057118108,318.9899238280492,310.505230333511,316.6759033203125,2551827
2017-02-20,317.2329573544628,324.817759965147,317.2329573544628,321.6895751953125,3876138
2017-02-21,318.9042147931364,323.8750438302955,308.1055292380525,310.97662353515625,7028108
2017-02-22,311.01941001501393,319.24698285143324,307.76266545687866,309.39105224609375,7531248
2017-02-23,317.9614717835554,343.6726429473026,311.705072870634,313.8905334472656,39500561
2017-02-27,314.5332921739719,314.9189719154273,302.1490837535149,304.8487548828125,10077345
2017-02-28,305.96294773787355,319.76128824781836,305.4487370262108,312.94781494140625,13488220
2017-03-01,315.8617597342602,316.11887961357525,309.77678272581903,310.89093017578125,3826413
2017-03-02,311.9622206465718,313.6763046817239,301.8491683696248,305.8343811035156,4657721
2017-03-03,305.8343741862439,309.81961585029796,302.79188597527565,305.2344665527344,4021692
2017-03-06,308.5340099741961,311.9621775711423,306.13432167663,309.819580078125,3302817
2017-03-07,309.391048675524,310.6337557307534,305.40580769970717,309.47674560546875,3171320
2017-03-08,308.70545843792564,312.0479003566201,307.2484943436,309.13397216796875,3024515
2017-03-09,308.4054920102948,310.1624390253162,305.66298658000557,308.7054748535156,1304223
2017-03-10,309.262488636182,314.1047569499327,308.49115822642534,312.7334899902344,2319807
2017-03-14,313.6762434162947,316.93298793684505,307.33414823508343,309.47674560546875,5921380
2017-03-15,308.53404640912277,313.8048583393972,305.27730131758153,311.2765808105469,7389777
2017-03-16,311.96215826542743,313.3334252193453,307.7626604741275,309.091064453125,2670827
2017-03-17,309.5196238293963,311.1051186825156,294.8213952775292,297.2639465332031,6378625
2017-03-20,296.5355344225888,301.9348775875326,290.7505114514484,299.449462890625,4737850
2017-03-21,299.106599216233,301.50631658707243,295.7212945221244,299.8779296875,2511084
2017-03-22,297.3925573796857,298.67812769355214,279.2233241893716,289.8506164550781,8955493
2017-03-23,290.3647873444752,292.8502016621847,287.57941923679977,290.1076965332031,4762081
2017-03-24,292.59313840838513,297.9924812580841,289.8506040008048,291.8218078613281,5308761
2017-03-27,291.39323046755936,292.9787543559905,287.2365953877064,290.2790832519531,3212610
2017-03-28,292.1645416260175,294.39286493034956,290.1933671502286,292.0360107421875,2316105
2017-03-29,293.53585844745805,296.87832946168834,292.4217111161478,295.5498962402344,9825597
2017-03-30,295.54989030565946,302.020546314047,293.2787617268533,300.9920959472656,4345156
2017-03-31,299.963667777319,301.93487171459066,295.6784721087816,300.00653076171875,5787371
2017-04-03,296.5354744681296,296.5354744681296,288.17934153938495,292.9359130859375,7333921
2017-04-05,293.92147401872035,297.6067320034239,290.6218667073722,295.2498779296875,4693744
2017-04-06,293.96436334089174,293.96436334089174,289.33635170374544,292.9359130859375,2412374
2017-04-07,294.8642520927081,300.3492910691887,292.8930485262929,295.42132568359375,6347228
2017-04-10,298.50667592403954,298.5923728646008,293.15019634463374,296.27838134765625,1532435
2017-04-11,293.964397572782,304.89164290123233,293.83583764840506,300.13507080078125,2327556
2017-04-12,297.39251668150774,303.3060986875982,295.9784156480453,300.6492614746094,2529238
2017-04-13,299.96367870541627,302.9633331948546,290.75051638850266,291.6075439453125,6554985
2017-04-17,293.7929553930387,294.2214690993172,290.02197093313464,292.50738525390625,2089233
2017-04-18,291.3932268792916,294.26432083822664,288.22217914147825,290.3647766113281,6170878
2017-04-19,290.87905661718196,292.8930944554628,285.17973088559575,291.3504333496094,2779410
2017-04-20,293.1073209952019,294.64998194139866,289.7220162930557,293.7500915527344,2097176
2017-04-21,293.1073047343057,296.53547222488635,291.6503408058828,293.7929382324219,1500170
2017-04-24,294.8214358423087,296.92117062992463,290.2362864798168,295.3785095214844,1487606
2017-04-25,293.96435361770403,308.3625986702349,292.5930866564545,303.3489074707031,4747068
2017-04-26,303.34891440339516,308.533999581435,301.6776936387889,306.43426513671875,3272330
2017-04-27,303.6060376872233,310.205223889058,303.177524002219,306.7342224121094,4978376
2017-04-28,304.50591327133196,306.73420754156257,300.39214146631355,304.67730712890625,2985691
2017-05-02,304.6773494794259,305.06302924301923,297.13540927164144,297.9067687988281,2436068
2017-05-03,298.33527624074543,299.963634160934,294.69285162459835,296.83544921875,2616848
2017-05-04,297.13546068751475,301.1635658409689,294.56434887955254,296.5355529785156,1345900
2017-05-05,296.9211976937195,299.10665864679373,294.0929660569244,295.4642333984375,1708526
2017-05-08,295.46421979609875,304.46312503511575,295.07856901174165,301.07781982421875,2955948
2017-05-09,299.9637004611764,300.82075710044876,294.4786598551102,295.89276123046875,3126657
2017-05-10,288.3936222160673,326.0176259728611,288.3936222160673,319.4612731933594,27085852
2017-05-11,317.10443904819954,317.83293563499217,310.6338118139823,313.6763000488281,8059693
2017-05-12,310.4623876747526,317.3615576493626,309.81961705621933,312.90496826171875,4070508
2017-05-15,313.6762832741139,317.06158812988826,309.73390477247153,312.09075927734375,4132180
2017-05-16,313.5905933183246,323.6608121010399,313.2049425301437,320.83258056640625,6500818
2017-05-17,318.13291841059055,326.44619033959344,318.13291841059055,322.203857421875,5842838
2017-05-18,320.27544053610444,327.0460496230183,315.9045487132387,317.7471923828125,3683713
2017-05-19,319.67553005331195,325.2462954729723,315.518894733696,319.4612731933594,6026064
2017-05-22,320.5325630660291,324.47494123730223,318.30426866928696,319.28985595703125,3037325
2017-05-23,318.86137852876203,322.460940354464,317.9614880723365,318.7328186035156,6451328
2017-05-24,315.39029431795484,319.67548900738836,313.3762568767622,315.6902770996094,7704006
2017-05-25,314.533328052452,322.5466454186353,309.1768481608872,317.7043762207031,15733429
2017-05-26,316.24741012371044,326.0605083878182,315.81889637826373,320.1897888183594,3171630
2017-05-29,321.1325281275882,324.7320898632468,315.30464277723274,319.7612609863281,2214859
2017-05-30,321.218241191476,322.9323252040847,316.54736588465477,317.7043762207031,2172819
2017-05-31,320.53256531137094,323.01797954677716,315.4331769290312,318.4328308105469,17087943
2017-06-01,317.10440952099077,320.01833755623073,313.5477109245265,314.4476013183594,2467620
2017-06-02,317.7900980977566,326.83186658085646,316.93307053436604,319.8898620605469,5747881
2017-06-05,319.8469494704699,323.7893278872026,318.26142550784823,319.16131591796875,2588187
2017-06-06,317.10440288531294,319.2470003981887,314.5332916739213,316.24737548828125,3666864
2017-06-07,320.0611934845624,321.6038544056367,317.9614589519726,319.5041198730469,4307736
2017-06-08,319.6327536916557,320.7897641601324,314.2762441666993,315.13330078125,3858535
2017-06-09,315.17607012642355,318.0471642150215,313.8905289986342,315.21893310546875,3205017
2017-06-12,314.4476257519244,318.64712425622423,311.5765314521614,312.99066162109375,2462371
2017-06-13,311.9622144109029,315.81889615783064,310.3338273549824,311.2765808105469,1257634
2017-06-14,311.5336564443559,315.8616852844136,309.862435663326,313.2477111816406,2338631
2017-06-15,313.24774886669843,317.5329442660289,312.347858413245,313.07635498046875,2823152
2017-06-16,313.6762596268781,314.9618007033685,309.04824790686143,312.6906433105469,4962261
2017-06-19,311.9622276635818,316.0331664560236,311.31945701855443,314.96185302734375,1888109
2017-06-20,316.03307315024983,317.83285364119905,313.4619623089356,314.1904296875,2553936
2017-06-21,314.01907482730945,315.56173571956555,312.3906879808089,314.7904052734375,2945763
2017-06-22,315.1760603154834,316.20451059787916,310.67660846768706,313.84765625,7013343
2017-06-23,313.59053642432696,315.86169383708057,311.31940803186967,313.84765625,5681037
2017-06-27,312.8192048236173,322.1609252458457,312.8192048236173,318.34710693359375,4226917
2017-06-28,321.30394258749635,327.08896532756813,314.96184616314804,323.275146484375,4209925
2017-06-29,323.7464623067319,331.1170084267588,323.7036283477307,327.7745666503906,4698010
2017-06-30,327.7746098729208,329.01731721318015,319.33277836020727,325.4177551269531,3628132
2017-07-03,326.9174925351378,329.2315128862306,322.9322804064938,327.4317321777344,1687712
2017-07-04,329.01733023280957,329.01733023280957,324.04650067507004,325.074951171875,1836644
2017-07-05,323.10369026807143,324.38926041790506,319.9755053618428,322.5037536621094,2338530
2017-07-06,322.7180323872564,328.1174041662291,320.4897377288132,326.7889709472656,2399488
2017-07-07,329.1029653600454,332.1454532922472,328.2459089302312,330.7313232421875,4849963
2017-07-10,336.00213891816315,351.51453256430966,334.37375199516345,347.7007141113281,2101702
2017-07-11,346.37235109229266,350.44328986243545,337.20202311341626,338.9161071777344,6175288
2017-07-12,340.9301368584479,344.7868186551896,338.0590424923357,340.3302001953125,2894251
2017-07-13,345.61429538773643,347.89118684968736,342.5641260713345,346.3875732421875,2879273
2017-07-14,348.0200554815813,351.0702246589856,345.57133753848154,349.69549560546875,2424013
2017-07-17,351.84350753247844,352.27310309448285,348.79333831125814,350.94134521484375,2517635
2017-07-18,349.00808408088795,369.45710326435466,349.00808408088795,350.8124084472656,4039652
2017-07-19,352.2730726539823,363.2708751962003,349.9102681735683,361.9391174316406,5104135
2017-07-20,362.5835362385024,364.73154310765733,357.51424468226685,360.69329833984375,3406260
2017-07-21,358.2875099663022,358.2875099663022,345.9149780316274,353.3900451660156,12143745
2017-07-24,349.69548042882195,363.01311664305035,348.8792314520258,360.9080810546875,5425590
2017-07-25,363.14199654811193,370.831861303741,359.70517410677314,367.56689453125,7134553
2017-07-26,369.4571335318473,369.5001047225898,362.3687199537307,366.2351379394531,5764897
2017-07-27,366.0203373152816,366.6647306100172,353.51892119861714,357.47125244140625,15443045
2017-07-28,354.8937226990021,356.9987586814843,350.7265928396593,355.1085205078125,1940125
2017-07-31,356.56910032836544,362.1109584639028,352.27308672087236,359.96295166015625,2953735
2017-08-01,360.9939904300627,363.4427082403438,355.49510360781875,358.3304748535156,2448373
2017-08-02,361.59542122902775,363.14197669630414,354.6358634391638,357.2994079589844,2195053
2017-08-03,357.38537124119705,365.2470632422127,355.06553771573095,364.4737854003906,2812811
2017-08-04,363.74343125919575,363.74343125919575,353.64779125229404,361.63836669921875,3004061
2017-08-07,361.5954791727172,363.09906369268145,357.8149740881074,358.6741943359375,1299253
2017-08-08,358.71708456919134,365.16110457510905,355.7958001548117,358.974853515625,1994391
2017-08-09,359.9629414266578,359.9629414266578,353.9914879188479,357.47125244140625,1360936
2017-08-10,356.6549618906002,361.29465707751694,354.2492155666864,357.64306640625,1661135
2017-08-11,353.9915170040815,359.14672197265986,352.27310565003415,356.1824951171875,2538665
2017-08-14,354.8507300300439,356.09657470190643,348.10599777949005,351.02728271484375,2234285
2017-08-16,349.69551142226044,353.2182475078405,346.90311108948066,350.33990478515625,4181433
2017-08-17,353.1322795934733,360.86508603290434,348.79329512985225,357.72900390625,3282886
2017-08-18,355.6669086393285,362.9271774361578,354.63586196756927,361.72430419921875,3062360
2017-08-21,363.8293892509333,365.84851168171485,358.71712638307736,360.13482666015625,2075746
2017-08-22,363.1849409511288,365.1610918889715,357.9008232006181,362.6694030761719,3456653
2017-08-23,364.5167253937294,372.8939546346175,364.4737542031425,371.0896301269531,4754764
2017-08-24,372.0347328683239,373.1946640735363,367.73871938355944,371.9917907714844,2773039
2017-08-28,372.893958133624,376.45963599182403,369.6289913316692,373.2376403808594,2806489
2017-08-29,374.182723569874,374.182723569874,367.18022363551177,367.82464599609375,2102533
2017-08-30,370.745937600303,370.91776417076176,367.30911525551886,368.5979309082031,2389197
2017-08-31,371.0036634345683,371.0036634345683,364.4307882256151,367.48095703125,7912495
2017-09-01,369.45717157286117,369.8438250486697,361.8961904923109,363.0561218261719,1996184
2017-09-04,363.4427167037121,365.11818586930127,355.45214069443534,357.7720031738281,1409182
2017-09-05,355.79580247338663,356.4831669393153,341.87671567867216,349.265869140625,7204076
2017-09-06,345.01288293883493,348.4497061158759,345.01288293883493,345.8291320800781,2064288
2017-09-07,345.9149283388755,350.0820859410846,339.4279667908596,341.3611755371094,2642421
2017-09-08,341.8767117334769,347.8481650054571,340.7597517626225,346.6882629394531,2013742
2017-09-11,349.69549347177093,350.0391757330531,342.39228178647807,346.2157287597656,1612161
2017-09-12,349.6954813566583,349.6954813566583,341.9626452924925,348.14892578125,2583110
2017-09-13,350.03916173429985,350.2969306933436,343.50922812464603,345.0987548828125,1877714
2017-09-14,349.26589574420916,349.26589574420916,341.10346390974433,342.7359619140625,1667328
2017-09-15,343.68108691685603,346.21574736673006,337.96740174622255,340.2442932128906,5339372
2017-09-18,342.82185662796064,344.755065594182,339.55688988981564,340.802734375,1309340
2017-09-19,342.8218754956298,342.8218754956298,335.60457714108895,339.2132263183594,1103781
2017-09-20,318.76423234446884,342.73599201790114,318.76423234446884,340.974609375,11779464
2017-09-21,336.80740873238625,345.74311727591237,334.8741998995194,343.7669372558594,6557075
2017-09-22,341.96265324039865,344.49731352514823,336.163055151042,339.685791015625,5273742
2017-09-25,341.0175775351089,341.0175775351089,332.85514505637747,334.874267578125,3002284
2017-09-26,332.72618999153036,337.1510875786507,329.1175412978709,332.8121032714844,4203146
2017-09-27,333.32769479073676,335.08904823431726,330.1916122723793,331.6092834472656,2714173
2017-09-28,332.9409994075113,334.14390174326456,324.34897286554815,328.25836181640625,16167139
2017-09-29,328.1724348686913,336.67854852759854,325.7666882712003,334.616455078125,5337179
2017-10-03,336.80741443672804,337.5806921642595,329.07457897429344,330.4922790527344,1842563
2017-10-04,331.65226149469356,332.12479916704507,323.1461469889014,324.0483093261719,3138906
2017-10-05,323.70462498692825,327.0555053344116,320.6114845244761,324.5208740234375,3371352
2017-10-06,324.9504695359462,329.5471944877613,324.9504695359462,328.47320556640625,1065853
2017-10-09,326.8406931831744,327.87173995867005,324.39197527484896,325.5948486328125,1192143
2017-10-10,326.0244125637904,332.9839703500382,322.2009659922793,330.4493103027344,1502210
2017-10-11,331.8240392055712,349.17994793629305,331.65221263976645,346.731201171875,7774168
2017-10-12,346.430503652078,347.8052326063958,339.9864834988842,343.8958435058594,4023386
2017-10-13,369.4571299439212,375.47155463068555,361.55246747339487,370.23040771484375,45960026
2017-10-16,371.34737480700545,393.3429805218833,371.34737480700545,389.4765625,21145098
2017-10-17,391.796463256673,403.2668048703502,391.0231563018402,400.34552001953125,18843801
2017-10-18,402.10683674597243,402.96605691932825,393.08521403389085,396.9086608886719,9015866
2017-10-19,399.5292034707432,410.5270055455918,398.24038785730534,407.0472412109375,2646228
2017-10-23,408.1212559800503,430.8041969294067,408.1212559800503,427.3244323730469,29564820
2017-10-24,424.1453729290176,433.6395621089924,424.1453729290176,431.3626708984375,17646810
2017-10-25,432.09301364602,445.0669675460372,424.36017764155895,443.1337585449219,10080877
2017-10-26,439.56810222301107,446.2269206225434,431.7063813542506,439.3103332519531,11031934
2017-10-27,439.5680979371288,439.65401122878933,414.9948890663671,416.9710693359375,8904315
2017-10-30,421.4389134998876,427.6251942404592,417.615466503428,423.5010070800781,7211306
2017-10-31,421.0093051811532,432.52261701451215,418.1739338677364,427.195556640625,12690735
2017-11-01,445.49660382516726,468.0077203103609,438.1933917813446,463.1961975097656,35708310
2017-11-02,468.22254822986565,471.3156889323125,455.89298571126614,466.7189636230469,10951971
2017-11-03,466.7188956670217,485.27764989877903,461.6495752027321,465.0434265136719,18131291
2017-11-06,463.88352580312375,467.92177043558326,452.92869404697444,457.5683898925781,8295950
2017-11-07,460.4466575182712,461.04810867162644,439.99763833334634,441.93084716796875,7054590
2017-11-08,426.1644713845615,437.33412904953457,415.0807851887932,425.56304931640625,50336608
2017-11-09,431.53457930716326,436.4749866698362,425.56312509519455,433.25299072265625,10980638
2017-11-10,435.6157513183833,439.69696710607843,426.68004195785653,432.5655822753906,10487687
2017-11-13,432.17891749615814,435.4009421255066,426.72297285868405,427.8829040527344,7079805
2017-11-14,429.38653932953434,433.81143747446055,425.13349685973947,428.0118103027344,6449030
2017-11-15,427.88293535332605,428.7421555610014,415.42448963732176,418.2169189453125,9690914
2017-11-16,420.15009260514216,425.21938375663774,413.4053323727558,420.9233703613281,10682218
2017-11-17,425.3052951424482,434.71357083673723,421.91144399344114,424.0164794921875,11712737
2017-11-20,424.57498046804824,426.7659584537018,420.1501114924277,423.28619384765625,5804375
2017-11-21,425.5630629007312,437.5489407684513,424.87569843498983,432.3937072753906,10087242
2017-11-22,433.46775993399314,436.0453623405066,425.69198152181184,428.82806396484375,3621523
2017-11-23,432.17889414898826,435.61571635548773,424.0164632287217,426.4652099609375,5918577
2017-11-24,427.0237538761982,430.67537438071,425.3053425156301,426.8518981933594,3900017
2017-11-27,426.07857957023884,429.4294886759886,421.86847941322884,427.8829040527344,3499938
2017-11-28,427.83998483965985,427.83998483965985,421.18116655555707,422.72772216796875,3346897
2017-11-29,422.7277416919002,427.23855334773776,421.009330324542,425.9497375488281,5898170
2017-11-30,423.02844203819984,429.0858383177561,421.6966841723726,426.5511779785156,14879534
2017-12-01,428.6562161993767,428.6562161993767,414.0068214015939,415.9830017089844,6127500
2017-12-04,416.71326758768816,422.7276921213874,414.56526090376417,416.11181640625,3040197
2017-12-05,417.271735777105,422.6847089762568,409.7107559547869,421.5677490234375,4264268
2017-12-06,418.00213499502036,423.58693560863,411.5581141453108,415.3815612792969,8331495
2017-12-07,416.71325678548817,445.4965339665139,416.0258923369658,442.2315673828125,6949368
2017-12-08,442.6182392422207,456.1077307397253,442.57526805231214,451.21026611328125,14197096
2017-12-11,456.06479667899015,462.25104838359204,450.5229383141108,457.697265625,12378453
2017-12-12,458.04086542511914,458.72822983449436,447.25789080346664,450.09326171875,3625294
2017-12-13,453.6590220461978,457.955035843153,441.8020274578289,444.5085144042969,7920791
2017-12-14,444.9810279793366,451.0813656782221,439.0525168468838,447.0431213378906,3350247
2017-12-15,453.48715977493396,455.2485130737904,442.2745594103438,445.0240173339844,6986672
2017-12-18,433.9832652327402,456.92397592236836,425.3912378855069,452.1553955078125,10462828
2017-12-19,452.58498403216527,464.1412371989859,446.95718387586646,461.0481262207031,6870721
2017-12-20,463.9694110532623,464.69971760963745,452.32721549811606,454.4322509765625,7494558
2017-12-21,454.088611786796,456.88104108451887,448.5038113784768,450.3081359863281,5651594
2017-12-22,452.71392061756586,463.0673017172386,449.7496646775258,454.131591796875,9484716
2017-12-26,456.23659322792156,469.4683159791728,451.29618642818645,466.50408935546875,6436620
2017-12-27,467.835915988966,470.4135186510452,455.8929780747457,459.3727722167969,6700159
2017-12-28,459.2438096974524,461.8643831112167,455.4633051000683,456.5373229980469,8699172
2017-12-29,456.92395727634914,462.6376709396197,448.50378594832097,455.0766906738281,7502053
2018-01-01,456.2366052400809,462.33694341041485,451.42508279183596,453.5730895996094,4807939
2018-01-02,457.8691087310065,457.8691087310065,439.78289177354503,443.8211364746094,5242199
2018-01-03,446.05501988545507,451.51096435818687,442.27454446178797,445.2388000488281,6333269
2018-01-04,445.92621302304724,452.97165584044393,442.05979480133584,449.3630065917969,5953924
2018-01-05,451.08138109559985,466.1174281019052,445.5395231885475,463.96942138671875,8008838
2018-01-08,458.94311065292806,458.94311065292806,441.80202668848005,443.6493225097656,12287843
2018-01-09,445.0669571453906,447.6875305787101,433.63955907588456,438.0215148925781,7541257
2018-01-10,442.48937362427097,444.6373804335808,433.2958951704847,435.1002197265625,6667296
2018-01-11,436.47493965785674,443.95000668995056,432.35078179844464,442.2745666503906,5905519
2018-01-12,443.348559748015,444.5084909763851,433.4677459919265,437.80670166015625,4847824
2018-01-15,438.02152541861136,439.86879203909785,431.7063604942203,433.4677429199219,2834570
2018-01-16,436.4749458821228,441.3294394937696,422.212176106706,427.238525390625,6420450
2018-01-17,425.3053413461074,432.35081335828085,422.255172099573,429.51544189453125,6824337
2018-01-18,430.4605331858088,437.1623227223278,423.58691706573023,425.3053283691406,7912892
2018-01-19,415.85411966089833,429.8161500069922,415.4244950047281,427.7970275878906,9966300
2018-01-22,425.82078861939254,428.3124774515993,419.29085550518164,421.6107177734375,4532165
2018-01-23,424.4460964876088,428.5702541260222,419.97822752797066,422.8135986328125,6150836
2018-01-24,418.3457804670539,418.4316937550364,391.06608587512727,394.8036193847656,29348889
2018-01-25,398.2404222325107,398.2404222325107,381.8726167248859,388.9610595703125,20580178
2018-01-29,381.4860125471772,383.5480770847351,373.7961471713202,378.5647277832031,27139736
2018-01-30,381.0206604003906,390.10081130627213,378.1236445349242,381.0206604003906,10679523
2018-01-31,382.66376380344866,385.6905006401805,377.38861396730096,380.3721008300781,7069368
2018-02-01,380.54506177902954,386.55525604358854,371.9405133539278,379.1181640625,8096718
2018-02-02,378.5993104426909,380.93419404620437,359.57421254974867,365.2384948730469,6668088
2018-02-05,361.2604858095773,386.339025404208,355.59620405771307,380.67474365234375,15080352
2018-02-06,363.2062318656445,387.20378547754626,361.95230490222565,379.7667236328125,9331070
2018-02-07,384.78246218490335,388.63071403565004,369.34617552826677,372.0702209472656,10982569
2018-02-08,375.3131827121176,377.04274248692803,367.5301783666269,371.6811218261719,6173490
2018-02-09,366.6654022107464,375.26992157123294,362.9468414849667,365.36822509765625,5393964
2018-02-12,371.6811187334595,372.71885458971093,364.3737470471345,367.0113220214844,3987231
2018-02-14,368.6543532734651,379.2046523535608,368.6543532734651,376.0049743652344,10468199
2018-02-15,379.89644516656534,379.89644516656534,369.0002634938368,370.9460144042969,4583095
2018-02-16,376.1346812286915,376.1346812286915,361.82260146587595,362.9468078613281,4403814
2018-02-19,363.076549089138,363.20626972402084,348.6780271341069,358.3202819824219,6457099
2018-02-20,358.9688478294045,365.1087625275176,358.9688478294045,361.5632019042969,8022411
2018-02-21,363.20622637685665,365.36816837482786,360.9145637594842,362.903564453125,4731875
2018-02-22,362.16853225179926,362.5576941546475,357.45551513928433,359.8336486816406,10769504
2018-02-23,362.341515893687,370.29746130255865,360.69842684340836,368.00579833984375,7504250
2018-02-26,371.8540521205197,371.8540521205197,363.94135664890416,365.9303283691406,4071745
2018-02-27,368.22196437993665,374.1456876975602,366.92478736175343,372.2864074707031,5188255
2018-02-28,371.85405532384397,374.88079218653684,368.3084651808014,370.6001281738281,25920217
2018-03-01,371.0325011579068,377.5615780198582,368.17873498427264,369.9082946777344,5837005
2018-03-05,369.2164413767976,369.3461620037584,361.13077607624797,364.4601745605469,3863655
2018-03-06,366.40598207122264,369.8218517410479,355.07741647373274,357.9311828613281,4204736
2018-03-07,355.1205854943225,360.0065729822754,338.34393085685895,348.6780090332031,12064643
2018-03-08,355.85568237235935,358.10409531993537,341.58685158522167,347.0349426269531,8664079
2018-03-09,350.1481224100338,353.26132959476814,343.79201669655447,347.7699890136719,5093353
2018-03-12,350.2345810045743,367.0977347637375,349.36981590197405,364.546630859375,8387164
2018-03-13,365.80056152988345,371.681063846928,363.33595753668214,368.6543273925781,5712773
2018-03-14,368.3084475072462,368.3084475072462,361.95234139582993,365.4546813964844,4194515
2018-03-15,365.45464879082493,366.9247670461379,360.8281027475437,363.59539794921875,3636202
2018-03-16,359.09860530018364,369.0435521879994,357.7149574602462,360.3957824707031,8030364
2018-03-19,361.4767027705349,364.5899100979882,343.0569586349666,345.6080627441406,6000592
2018-03-20,345.045945267184,348.93744694511076,339.5978546310099,346.2566223144531,8280683
2018-03-21,348.5050348764933,363.33596778722205,347.81324033727867,361.649658203125,9266412
2018-03-22,358.0176278754131,363.42246899278416,356.37453884060415,359.4012756347656,5382163
2018-03-23,356.8501521286009,362.29824292482124,350.40757553996946,356.8934020996094,5696201
2018-03-26,356.2880620188831,365.8005962765707,351.61826555292674,364.5034484863281,4884776
2018-03-27,364.9358390937212,365.2817510351744,353.00192103705336,357.3258056640625,6746611
2018-03-28,355.4232681703424,357.1960483870058,341.93273311974633,344.7864990234375,11413279
2018-04-02,345.4783096288303,347.4240603652538,337.6953066831363,341.67327880859375,5533293
2018-04-03,338.34394938902415,349.3698519978788,338.34394938902415,347.8132629394531,5059176
2018-04-04,349.3698502817568,350.06167414483895,339.8140661155339,341.6300964355469,4025117
2018-04-05,344.2676808585504,346.68903516458494,338.25745722004643,340.6356201171875,9747139
2018-04-06,340.8950090203394,342.8840098680447,331.29600454650154,332.8958435058594,9425575
2018-04-09,331.12307742617384,334.4092264352562,325.71823594404106,328.8746643066406,13296149
2018-04-10,329.5232015375448,334.40918917160764,323.8589193936248,333.4147033691406,13281396
2018-04-11,335.5333696772651,337.9547529626125,331.5121768066948,333.198486328125,7693575
2018-04-12,332.0743263379399,333.37147417444095,327.9233829835888,328.7881774902344,4967973
2018-04-13,331.16629830960494,333.9768144621187,324.9831334917643,326.7991638183594,7738347
2018-04-16,326.02086263774703,328.87462870449593,323.8589204224712,325.71820068359375,4140008
2018-04-17,326.0208660405647,331.5986775998405,323.5562618454115,330.38800048828125,6356203
2018-04-18,331.8148947435577,338.8628252310097,330.64743823077885,332.29052734375,6360948
2018-04-19,336.18199432718575,343.57583599666316,333.3282283071848,341.8895263671875,3848720
2018-04-20,340.3328882058703,349.1103770429091,338.51685805215936,347.6402587890625,7492919
2018-04-23,347.2079097758281,351.53179430067513,343.18668721173486,348.3753662109375,4195101
2018-04-24,347.5538012037765,353.3478037826462,342.97047567880344,351.3155822753906,6982218
2018-04-25,358.40674178322683,369.6056146284388,356.28804956384243,363.0765380859375,22192116
2018-04-26,363.20623005191544,363.20623005191544,350.62373979497744,353.86663818359375,13874130
2018-04-27,351.3155968380128,356.07186387542265,346.7755210948207,353.4775390625,5013031
2018-04-30,351.96414997474216,357.36901985853433,349.542766626994,354.1693420410156,3633132
2018-05-02,357.0663611431166,357.0663611431166,351.0994168101534,353.2181091308594,6754394
2018-05-03,351.3587883156792,352.8289065635208,345.0459327718254,349.7157287597656,4124205
2018-05-04,355.29357888472765,361.77940573206564,340.722086144103,343.1002197265625,15994662
2018-05-07,347.20788534345223,349.84545998882356,342.01920670936727,344.3973693847656,6553080
2018-05-08,347.1646536682967,348.4618307157516,343.1434604575754,346.90521240234375,3955811
2018-05-09,348.6780233479519,354.12611426001104,343.4893444205313,348.0294494628906,9019801
2018-05-10,350.1049065684658,357.7581900088648,349.2833913255445,356.3745422363281,9023511
2018-05-11,346.04044974355276,348.24564195557923,329.9123682469291,334.3227233886719,25555353
2018-05-14,333.80383610949787,340.7220447156773,327.1450394624064,331.3392028808594,9823967
2018-05-15,331.20949826073814,335.66310313573774,327.1883052363889,330.3014831542969,7078344
2018-05-16,331.1662603096948,331.1662603096948,323.42650732353627,324.5939636230469,6766242
2018-05-17,326.2370451740763,327.70716349841763,316.03268756222235,317.8919677734375,9999816
2018-05-18,318.28109357952314,318.28109357952314,307.03900045844586,312.4870910644531,12433574
2018-05-21,312.4870668586453,319.31880457170496,307.16869729079554,311.3196105957031,5482372
2018-05-22,308.6820807791096,320.918689761332,304.055534306947,312.91949462890625,7236788
2018-05-23,312.87628332362465,316.33537346782515,306.3472063869505,308.5523986816406,6604278
2018-05-24,310.4548812660694,323.3400637608105,308.63885099570587,321.6105041503906,4997302
2018-05-25,321.95640705861024,328.6151747694133,317.37308153989505,325.97760009765625,4145304
2018-05-28,326.5397127310399,329.3070081102019,320.6592393326303,324.4210205078125,6609989
2018-05-29,325.1128619418252,330.0853204732555,321.04841859551914,327.8801574707031,3858054
2018-05-30,327.6639792682362,327.6639792682362,322.56177061229675,324.983154296875,3737750
2018-05-31,325.2425389451377,331.38245311436464,321.04837552332015,323.0805969238281,11979616
2018-06-01,323.9021849768008,333.7173814071443,322.17262527024985,331.81488037109375,4548210
2018-06-04,332.0743396448004,334.452473389327,320.0539502768569,321.9564514160156,3958335
2018-06-05,321.17812268440616,321.9131672199453,309.200955283228,315.0382080078125,5535807
2018-06-06,313.1357002098542,330.2582977150641,313.1357002098542,328.3990173339844,5566018
2018-06-07,328.3557691600681,334.02005121335696,324.2912967900321,328.57196044921875,4036551
2018-06-08,328.182769436053,331.5986383531998,321.91313476013124,326.4964599609375,4298662
2018-06-11,326.6694060930947,338.8195430515366,326.6694060930947,336.2251892089844,6040503
2018-06-12,337.2197212209214,340.20317851048424,328.22604081787813,329.1772766113281,6132581
2018-06-13,323.4265556016683,331.123059769187,322.8212023778,324.8534240722656,7432828
2018-06-14,322.9941457335468,332.0742969137328,322.9941457335468,325.5884704589844,5218952
2018-06-15,327.4910003137384,328.8313981241447,320.1404080612591,327.10186767578125,6339567
2018-06-18,326.8423907468576,329.39346544933454,318.2810929755319,320.7456970214844,3120256
2018-06-19,320.83224664844835,325.0696315797955,319.2756281783881,321.00518798828125,3962117
2018-06-20,322.12935739236184,325.5884766132016,320.3565770931249,321.6105041503906,2785850
2018-06-21,324.2480396338306,324.29126031741424,314.6057569541592,318.8431701660156,4261882
2018-06-22,320.78895340661074,325.5884702508724,316.767731051252,323.90216064453125,3404583
2018-06-25,321.696933376885,326.84236157430473,321.52399207927203,323.55621337890625,3337617
2018-06-26,323.42655696535326,330.9933405252108,322.73473307296143,328.7881774902344,4792013
2018-06-27,329.6961912985897,329.9556032954092,322.648261046587,324.8534240722656,3786049
2018-06-28,323.16706650031006,329.8258631305598,318.71346185172627,326.8423767089844,6498784
2018-06-29,324.5507305742718,331.46893951466666,324.5507305742718,330.3014831542969,3820380
2018-07-02,329.5664406385778,329.82588189407596,316.1191552750111,318.2810974121094,4872211
2018-07-03,323.94542807238224,323.94542807238224,316.59483541405575,320.6160583496094,3092637
2018-07-04,320.7024499270968,321.6104649516071,313.65452099567796,317.7189636230469,4355428
2018-07-05,315.6435047518203,317.156872946265,311.0169587979894,314.2598571777344,7104382
2018-07-06,313.04915908321175,315.98939533873573,311.23312908525253,313.2653503417969,8008826
2018-07-09,316.5083606074586,316.8542725681723,312.703329039608,313.1357116699219,5248262
2018-07-10,313.48161536817486,319.7945011642323,313.48161536817486,318.06494140625,1879352
2018-07-11,319.01619854747736,319.01619854747736,312.09795969004017,313.0492248535156,2085140
2018-07-12,315.6435286873384,315.6435286873384,311.6223355628164,313.1789245605469,2299214
2018-07-13,314.7787243593271,315.5137687958914,309.0279430693383,310.4115905761719,5311215
2018-07-16,307.8605847991259,311.1034837448243,298.1750793725098,300.4234924316406,3618410
2018-07-17,300.0775610180609,303.2772390634726,294.02411685869583,296.22930908203125,5420158
2018-07-18,297.5696917639869,298.4344861899869,286.24112782654987,291.2568359375,5322210
2018-07-19,293.15934241757583,300.50993412615406,291.94866533684217,298.3479919433594,5027938
2018-07-20,296.61846641693506,300.68290958723225,294.3268035666114,298.69390869140625,4212334
2018-07-23,298.7803659467517,311.3196055922432,298.34795413913696,310.4115905761719,4145242
2018-07-24,312.5303713809735,316.8974767143444,307.2119716024228,308.5523986816406,4350541
2018-07-25,307.0822414469197,307.68756530834474,297.0508256597899,304.6608581542969,5175174
2018-07-26,305.3094422206772,311.3196360443627,304.7040890566478,309.28741455078125,3816677
2018-07-27,311.2332117288461,323.3401011182582,304.09881045418155,315.3841552734375,9016962
2018-07-30,310.4548727393781,336.31170767864205,307.2551948685584,331.42572021484375,7476176
2018-07-31,330.3447084242247,339.4681087762394,327.49094269131234,337.78179931640625,8096298
2018-08-01,337.2629502818732,345.04595383089344,330.90684438191767,332.5066833496094,9444961
2018-08-02,333.72530025557734,334.90039712459753,321.3651050414429,324.6727600097656,6186750
2018-08-03,326.23953271564375,328.06744789444576,322.4095997594202,325.9783935546875,3647704
2018-08-06,326.28306167556224,337.4681892363975,326.1525215588616,335.7708435058594,4039536
2018-08-07,335.7708350458533,336.6847926834189,330.1129866126651,332.4196472167969,2430919
2018-08-08,330.85286542393834,337.6422781369935,325.0209434377081,335.379150390625,3321970
2018-08-09,336.24953157825695,336.24953157825695,317.2740284340929,319.49365234375,12249927
2018-08-10,320.49468707383147,326.2395724712668,317.79634699494943,321.88739013671875,4489796
2018-08-13,321.10398580986856,327.0664770754059,315.9683861564394,322.1920166015625,4235777
2018-08-14,322.1920379403224,324.41166216591085,316.8388612479619,319.4501647949219,3215464
2018-08-16,319.0584165177011,325.5431857694378,317.8833492250453,323.80230712890625,3012465
2018-08-17,323.8458722620669,326.41364272178276,318.7103018686859,323.28009033203125,3362891
2018-08-20,324.15053146770447,325.4126649871203,319.7113123740887,322.54022216796875,2837782
2018-08-21,316.8388141554159,322.4095961925279,316.0554261551598,320.5381774902344,3451323
2018-08-23,324.0634808610065,327.93691782814847,320.4076500628995,321.97442626953125,4746745
2018-08-24,322.06144911565076,322.75780061646304,317.70926697254805,321.1474914550781,2318341
2018-08-27,322.061431147934,334.0734496558765,319.79830363352744,330.02593994140625,6589318
2018-08-28,332.81136722973656,335.7273431070443,326.76183876816197,327.98046875,4072000
2018-08-29,329.0249083480003,332.8983743143594,324.4551204104402,326.3265686035156,4481303
2018-08-30,328.4156689334719,335.1180156892397,326.9794328239824,333.4642028808594,7796683
2018-08-31,330.6352770579429,335.9884834429678,327.2841182815028,334.1170349121094,8709625
2018-09-03,336.85889248173953,337.0764986532469,331.1575400507659,334.073486328125,4176986
2018-09-04,332.767814148706,333.7688083266947,327.022929300685,329.32958984375,3202349
2018-09-05,326.4136260413882,328.8943892761103,318.79732214967095,323.8458557128906,6639329
2018-09-06,325.49968315387036,326.1525311262652,320.40764581288545,324.0634765625,2611929
2018-09-07,325.45617709451363,340.60174888010914,321.0169288122687,339.12200927734375,5463110
2018-09-10,338.86087110832403,345.998429335827,332.680774029296,338.07745361328125,5613805
2018-09-11,338.16453790284515,341.55922933546833,328.54621603646495,329.6342468261719,5815679
2018-09-12,331.54917137487973,332.6372315488591,323.6282253515858,327.8933410644531,4065958
2018-09-14,329.0248931366696,337.9033589148538,324.6727115426828,333.89935302734375,3596796
2018-09-17,330.8963897170677,340.3406387175453,328.2415532505121,332.55023193359375,3424364
2018-09-18,330.9398916155197,334.9438977130212,324.28104930114233,325.28204345703125,2955053
2018-09-19,325.97838636617337,331.1139560660362,313.6181926727574,322.1049499511719,2182182
2018-09-21,317.62224236862124,330.6352562666129,310.9633993124753,322.4966735839844,6106651
2018-09-24,322.4096337454676,324.58572487695017,305.08797073906754,310.0494384765625,7884016
2018-09-25,312.66076394970446,316.53423060505924,299.4301430863995,313.7923278808594,6854558
2018-09-26,315.9683563649126,317.70923494142977,310.8763196867884,314.4886169433594,4398347
2018-09-27,314.66272845632244,316.36007406380423,308.70023758397497,310.5716857910156,4483893
2018-09-28,310.57173563135416,312.48668769013517,291.726769377376,294.6862487792969,12408231
2018-10-01,295.07794995839606,295.948374651538,280.019384659809,284.41510009765625,10867591
2018-10-03,283.76223525944,284.89379896540004,275.36251455111136,277.1904296875,7389608
2018-10-04,274.4921048552428,276.3200200905561,263.00233510530404,269.9658203125,8969681
2018-10-05,268.529588461217,274.9708241957606,254.0803410738683,259.9122619628906,7954131
2018-10-08,260.08640158083665,260.08640158083665,253.29698917847202,256.95281982421875,10015308
2018-10-09,257.8667891730527,258.43257110939726,249.81524299359276,251.55612182617188,9499251
2018-10-10,251.55611085215918,264.43858417730354,247.37803131018555,256.86578369140625,11334821
2018-10-11,251.51254974076213,256.60461585097477,245.68064339979964,248.37899780273438,5194191
2018-10-12,250.68569514671037,254.6897016927208,247.76971944116232,252.47007751464844,9995231
2018-10-15,252.47006031104593,255.03786007788327,247.2474536848022,253.38401794433594,2892892
2018-10-16,254.5156068390811,257.5621522332238,251.73023011814666,255.90830993652344,3341220
2018-10-17,258.08438085110015,259.6946899965712,247.7697075054447,251.1208953857422,4302545
2018-10-19,249.81521581550453,255.21192487240214,247.72616144368357,250.07635498046875,4139025
2018-10-22,251.94783718366435,252.42655308539622,240.98032972647945,248.7272186279297,7247010
2018-10-23,246.3770242638263,252.94881583170766,246.33349124184008,248.85777282714844,7364748
2018-10-24,252.4265417880452,286.1559690643379,249.51059558767534,274.9273376464844,13531404
2018-10-25,267.2239433655678,270.18342232273983,254.29796733189045,257.2574462890625,16981629
2018-10-26,258.606612117403,266.3535145911482,249.8152119478646,259.34649658203125,8719999
2018-10-29,260.34752850434876,264.22096556619914,252.42655175679337,255.99534606933594,6271130
2018-10-30,256.30000646067793,258.6937037420365,251.86075818169758,254.689697265625,5334354
2018-10-31,254.9508075529962,256.77872291647856,242.76471495443002,254.4720916748047,8163543
2018-11-01,255.03788640343018,259.39006886585713,250.11992198932472,255.4730987548828,5268238
2018-11-02,255.82128821353402,267.92034549558156,255.47311241895952,262.91534423828125,4910534
2018-11-05,264.0124374374153,268.0498609094785,261.55489599872305,266.1189270019531,4841471
2018-11-06,266.82105989880307,270.28797910187444,265.8555781946808,267.7426452636719,2943744
2018-11-07,271.20954226268714,271.20954226268714,266.77714171837624,268.7958679199219,307017
2018-11-09,254.3577075752104,266.2944506180787,253.39222587764812,263.0908203125,9425801
2018-11-12,264.188016117313,267.6988026442246,258.0441025452955,259.97503662109375,6792319
2018-11-13,259.7994821082533,266.8210841101104,254.79657693646047,261.159912109375,4317488
2018-11-14,263.3102565512628,273.6671480208177,261.5548784187347,264.4512939453125,5418605
2018-11-15,264.45128981928946,269.1908463670876,261.5548743379021,267.1721496582031,4493893
2018-11-16,265.8555926262023,295.609674232743,265.06566651628236,292.0549621582031,25046229
2018-11-19,289.11467322096183,297.45283810152756,279.98658224896207,295.6535339355469,13062401
2018-11-20,292.3621926702367,297.9356017978807,288.14921356652434,291.35284423828125,11910774
2018-11-21,290.51898871457377,297.9355679269512,289.77292927146516,292.0110778808594,9406787
2018-11-22,291.3089550925719,298.242794415483,282.09310022539535,287.7542724609375,9903933
2018-11-26,287.9297588629729,297.4528273979777,287.9297588629729,293.63482666015625,6623860
2018-11-27,293.0643180382709,294.8196960517087,284.4628350047286,288.01751708984375,7734474
2018-11-28,291.39666847912616,292.0988315609497,272.9649618810849,275.6858215332031,10180878
2018-11-29,281.7420292710787,282.61971844590477,273.8427078178969,278.4067687988281,9217365
2018-11-30,279.98655903465436,284.63838195621304,272.70163945332047,275.1592102050781,6595578
2018-12-03,277.79234762010054,281.74200804918786,276.0369396827357,280.6448669433594,3368628
2018-12-04,281.74199957308514,283.9362519987943,272.3066933385821,279.59161376953125,7156660
2018-12-05,280.6009798340495,281.61032817936933,272.26281503026166,274.5448303222656,5027352
2018-12-06,272.9649881364,272.9649881364,265.0656675660492,266.8210754394531,6566491
2018-12-07,267.6987766223316,270.1563477562358,262.388686140105,266.7771911621094,5298884
2018-12-10,261.9498099083302,264.75846229318506,255.2792902142313,258.87786865234375,5748768
2018-12-11,252.7778555320999,258.3951306435042,247.51163225272248,254.752685546875,9994368
2018-12-12,258.04407845329524,272.9650015294229,255.84982593386283,268.1815185546875,10299827
2018-12-13,270.7707450079858,274.58874611856413,264.6707284437104,266.0311584472656,7666679
2018-12-14,267.87430245193167,292.62547753057146,267.87430245193167,280.20599365234375,22730782
2018-12-17,280.2060191267417,283.6729386176987,274.54484716960854,276.6513366699219,6809035
2018-12-18,275.7735852152633,281.4786528401329,273.4915700532878,278.9333190917969,6272518
2018-12-19,280.425417397549,284.37507744257044,279.15275048170565,283.23406982421875,5789644
2018-12-20,278.2311908848987,282.2247476388861,275.5980938510227,277.83624267578125,5987582
2018-12-21,280.86429104764875,285.033373781036,268.22541325627094,270.2441101074219,12363968
2018-12-24,271.9117940990323,274.1060469198312,267.04054748726975,271.2973937988281,5225655
2018-12-26,270.5073780707548,283.4973647391389,265.5922664545654,281.25921630859375,8367166
2018-12-27,283.67290203699775,284.1117465296555,275.59805638034635,277.96783447265625,8764732
2018-12-28,278.14342791842085,281.74200674335634,276.0369384033463,277.83624267578125,5184819
2018-12-31,279.98659287724195,281.65423780463186,273.05275399376524,274.2815246582031,4210832
2019-01-01,277.30960760289946,282.6196980553307,274.98369579349713,280.4254455566406,6117146
2019-01-02,278.14341545774107,281.74199412146214,271.29733970041656,274.4131774902344,6218991
2019-01-03,274.28149150519954,276.914617884905,270.2879650385324,275.1592102050781,6230813
2019-01-04,274.2376392971349,284.98947846607535,274.2376392971349,283.0146484375,11361086
2019-01-07,284.7261824492543,287.7981240040163,282.7074559213167,285.20892333984375,5511088
2019-01-08,284.15568269092046,291.17728471730294,283.71683813675924,288.9830322265625,7194973
2019-01-09,292.44993472048577,296.5751208411951,287.27150389918273,293.5909423828125,8018192
2019-01-10,295.3902865847024,297.2334576305164,291.7478111199186,296.0485534667969,5748158
2019-01-11,295.91682800782564,296.0484872988055,288.7635677173827,294.1175537109375,5922578
2019-01-14,293.23984551010886,293.8542456500361,288.01751862055556,291.04559326171875,3674704
2019-01-15,289.6413016354744,297.84780780707376,286.5693600090728,296.4434814453125,5706902
2019-01-16,295.5657556424928,303.0262013634135,290.8700659581425,293.1081848144531,7705383
2019-01-17,292.27437409510725,295.565737388736,289.81680341884396,291.4405517578125,4569576
2019-01-18,290.08016472769276,291.7916762701161,267.08439574042933,273.0966491699219,16359865
2019-01-21,272.70165195461306,276.9146305793305,268.5764660078592,273.27215576171875,8621248
2019-01-22,273.84268104213294,273.9304440070469,264.6707230702429,267.567138671875,8770625
2019-01-23,269.2786287122195,269.8052361795616,265.3289686873932,266.5577392578125,5617992
2019-01-24,269.1908553581465,270.15633712416724,258.4829118474513,264.75848388671875,10389592
2019-01-25,266.821094184353,273.84269645132156,265.06568618762697,269.8930358886719,6040052
2019-01-28,270.3318810895065,271.5167553548579,258.65845631728376,267.8304138183594,4546062
2019-01-29,267.6987585215187,271.7800780207967,264.8023430252461,270.2002258300781,3210022
2019-01-30,271.2095623857159,274.6325852232685,263.3980350138968,266.5577392578125,6553462
2019-01-31,267.25993677259646,272.4822643791722,266.0750326685971,268.9275817871094,9493241
2019-02-01,267.78653824664303,281.6542148851191,267.69874556923645,273.71099853515625,9243929
2019-02-04,272.0872798831746,272.7455764361686,265.2412334915138,269.0592346191406,3895812
2019-02-05,259.27283515737446,273.5354906230903,257.034716134831,270.5074157714844,14678663
2019-02-06,269.4541876486416,272.5261590310459,264.1879934501416,270.99017333984375,5202682
2019-02-07,270.85850040217827,275.9491684072941,267.874321858476,273.0966491699219,3852519
2019-02-08,271.209551202074,275.77358146394096,268.66421748836194,274.9397888183594,3413931
2019-02-11,276.4757909638882,276.8707689043808,272.96500472367387,274.01824951171875,3303611
2019-02-12,273.5793659317481,277.00241880657785,271.78009138826224,273.1844177246094,2226134
2019-02-14,271.20957801564765,271.99950412215037,260.2383160477023,264.0124206542969,8573394
2019-02-15,264.1879219563659,268.6202924533131,260.98432184789306,267.3476257324219,6727458
2019-02-18,269.3664017497833,269.58582401271417,263.35414852966426,265.54840087890625,4440252
2019-02-19,266.73329489354757,275.15922241054216,264.67070192323274,266.5577392578125,7593977
2019-02-20,268.1815196984457,272.8333433810637,267.65491216830736,271.2095947265625,6216966
2019-02-21,268.4887256229157,272.9649934980698,265.9433915864671,271.99951171875,5805770
2019-02-22,271.38511100104313,277.7923424225609,270.37576260091885,275.4664306640625,6199607
2019-02-25,275.59807294733696,280.86426661565633,273.4915835920363,278.4505920410156,4154758
2019-02-26,277.0901497887976,281.30312831154555,275.07145320326237,276.8707275390625,5562215
2019-02-27,279.9426660241199,285.47217799133165,275.9052431725083,280.99591064453125,4527145
2019-02-28,285.16499328895463,286.9642973302879,277.3095698195449,279.1527404785156,7687680
2019-03-01,278.9333265608502,278.9333265608502,265.1534128246715,270.024658203125,29577827
2019-03-05,270.33188513262684,271.38510011315066,266.46998789761903,270.2002258300781,11396759
2019-03-06,272.92109893783237,274.9398254750669,270.59518715968716,271.5606689453125,7093395
2019-03-07,272.08725117167415,274.0182145634492,269.4541543973546,270.024658203125,6466583
2019-03-08,271.8678439528989,273.8426740728402,270.0246731369448,270.9462585449219,4441514
2019-03-11,271.25348935066285,295.87297819723193,270.9462743834231,292.9765625,17059011
2019-03-12,292.0988763491004,310.70614143065495,289.07080130942643,308.77520751953125,30070085
2019-03-13,305.8787880434204,312.9442864760724,295.3463700501458,296.4434814453125,13993813
2019-03-14,295.78522402908123,303.64064886043843,293.63486779410397,300.5248107910156,6931287
2019-03-15,301.929109598116,302.67513935840896,290.69452909309,296.39959716796875,11536718
2019-03-18,296.6629196311445,301.6219282902547,289.02691768456424,290.2117919921875,5844953
2019-03-19,291.39671310658844,297.9356040925112,291.39671310658844,295.5657958984375,5639437
2019-03-20,295.91682501461855,298.3304994050217,291.703846625597,293.1520690917969,3309504
2019-03-22,294.9074723999099,304.913251346217,289.02687910866854,291.001708984375,9113700
2019-03-25,292.1865783452621,293.94198595266874,283.67288859925134,287.0081481933594,5253505
2019-03-26,288.3685938926477,290.87006101652173,286.34989732243076,287.7103271484375,4247229
2019-03-27,290.519008781519,292.27441666308573,281.21536186918206,283.05853271484375,5951916
2019-03-28,283.14631440014983,292.27440530978566,278.88943930773223,289.597412109375,13616927
2019-04-01,293.06436294033574,302.7629587182539,292.44996270953806,299.1204833984375,7080411
2019-04-02,301.0513918179577,315.0945938197556,301.0513918179577,312.8564453125,22251488
2019-04-03,312.46153619858785,318.60541926703934,305.0010600555719,307.1953125,12250809
2019-04-04,308.9506872644576,315.5334438917389,308.9506872644576,313.1636657714844,12168154
2019-04-05,314.74355503271994,315.75290344095674,310.31115375317154,313.03204345703125,3728070
2019-04-08,314.5679926698754,319.3075790890941,309.43345805234986,311.5399475097656,5656181
2019-04-09,314.69965635970897,316.85004218908415,299.7348671190513,308.5996398925781,10073980
2019-04-10,307.89744594859246,311.0571798628399,296.66289591557484,298.41827392578125,4759411
2019-04-11,299.9103797343468,308.29244096662364,295.9168529312781,303.99169921875,18189273
2019-04-12,304.56222311939587,307.50253513955545,297.5406210657956,300.12982177734375,8349759
2019-04-15,302.71903424967036,306.31761289013355,293.8542618114138,305.1766052246094,10210051
2019-04-16,305.43990828758433,308.1607680100038,299.07657376910015,306.0981750488281,9519380
2019-04-18,306.75646007390895,307.5902825197545,291.9671971952335,304.5183410644531,16138821
2019-04-22,301.9291448080508,314.69968266408495,295.434149874289,306.6687316894531,15339393
2019-04-23,310.67255329727647,311.05490025820154,300.3486503934737,302.5472717285156,11627154
2019-04-24,302.5472541472195,311.91521480449194,301.686921525247,310.1945495605469,7161510
2019-04-25,308.56951520684925,318.224243252384,306.8488500067019,314.0182189941406,11517967
2019-04-26,315.452084025467,320.90081748394385,308.0915267794258,311.1026611328125,5000316
2019-04-30,309.71659814213035,312.39317535201866,300.205238668311,306.1797180175781,6139942
2019-05-02,308.66509634247717,314.87855346448754,307.4224168060481,309.90777587890625,7925814
2019-05-03,310.1467821150737,319.13239647702017,310.1467821150737,316.83819580078125,9901409
2019-05-06,316.8381761284834,321.56994615447377,312.106406102493,318.75,14870120
2019-05-07,325.0112218416177,325.8237647561873,307.27900330758547,310.62469482421875,17735230
2019-05-08,310.5291365668398,313.01452540813096,305.9885251952436,310.1945495605469,4864438
2019-05-09,307.0878620077813,311.81963239260466,298.81918152851125,301.5435485839844,7998137
2019-05-10,304.8414472946844,313.92267070384463,301.30456696265816,309.8122253417969,7855974
2019-05-13,307.326814337662,312.91891695075464,300.7787997961706,304.6024475097656,6620278
2019-05-14,302.06927549642563,324.7244837896294,301.304551881276,321.7611389160156,10954653
2019-05-15,321.18758385391715,323.0994076340162,314.2094032806101,316.64697265625,7782551
2019-05-16,317.36390252384734,318.6066117409988,306.89663179746157,310.8636779785156,4591691
2019-05-17,309.4297871472132,316.12119951441275,307.948129790732,313.97039794921875,4117918
2019-05-20,317.4117275121597,326.87526715837,316.40799624670404,325.1068420410156,7858379
2019-05-21,325.0112503347867,325.1068593613167,314.06602289262014,316.0734558105469,4316609
2019-05-22,316.40801455434513,323.05163827133106,314.16163335962744,320.37506103515625,6791987
2019-05-23,322.6692458628749,333.61447282129694,319.4669231543578,323.8641357421875,5449864
2019-05-24,325.0590505433651,340.30588084226,325.0112311729526,337.62933349609375,9756740
2019-05-27,334.2836260739509,336.38663826199803,331.0813032794444,334.0924377441406,4004333
2019-05-28,333.3755144436695,336.19549038854467,326.63631135222136,330.3643798828125,8643505
2019-05-29,328.6437249793701,329.93422388098713,322.95601348992346,323.8641357421875,4581547
2019-05-30,325.0112479025182,334.1402604114998,324.5810815861865,331.4158935546875,14152211
2019-05-31,333.61443739303775,336.86454940759455,329.2650446382112,333.42327880859375,11028688
2019-06-03,336.0042678867866,340.06689330218103,333.4710895633329,337.19915771484375,5214139
2019-06-04,335.5263042435754,340.2580737979095,334.33138472305205,336.86456298828125,6749428
2019-06-06,337.2469689357849,340.2581033830669,333.1365238884011,338.202880859375,10510811
2019-06-07,338.20288867827674,345.9936126435557,336.29106478689715,341.357421875,5879853
2019-06-10,339.1588398573214,348.5746211634624,338.0595588245753,347.4275207519531,5992522
2019-06-11,346.9973196172978,350.77317780524476,342.45673780494076,347.2362976074219,5668149
2019-06-12,346.4237448960209,346.4237448960209,341.3573883061402,344.033935546875,2868026
2019-06-13,341.30964764646427,348.86136424667086,341.30964764646427,347.7142639160156,3839377
2019-06-14,346.56716060960616,346.949537289853,336.14767841225955,337.7249450683594,5170880
2019-06-17,339.9235566289979,339.9235566289979,327.0186858208582,328.8349304199219,7087101
2019-06-18,330.1731820630984,332.03721610706435,326.15831664537893,329.9342041015625,4977568
2019-06-19,331.2246801052954,332.65854790437817,319.5625196755049,326.062744140625,4008250
2019-06-20,324.2943219458749,334.57043497851095,324.24653229175584,333.1843566894531,3563847
2019-06-21,332.18064876363087,334.4748495223708,327.592247246151,328.6437683105469,9764198
2019-06-24,329.9342634686529,333.1843762183258,328.35699675073664,329.8864440917969,3310679
2019-06-25,330.2210126402611,336.48225978448835,329.3606799841269,333.2321472167969,2848907
2019-06-26,334.57040231797913,336.4822260555841,327.44882323148323,330.3165588378906,4732848
2019-06-27,331.94158831211996,335.3828885955161,325.8715306005414,333.2798767089844,13137225
2019-06-28,333.04094891538267,334.5704258449782,327.4010566048782,331.36810302734375,8737050
2019-07-01,331.702667708546,334.4270346188784,329.93424247547114,333.13653564453125,3469130
2019-07-02,333.6144454872905,338.8719902454322,332.0372088077849,338.01165771484375,3816212
2019-07-03,337.3425361533462,340.7838367869301,334.3314018139517,337.62933349609375,8473243
2019-07-04,337.77271752989617,348.9091331458821,337.4381602416611,346.7583312988281,8565250
2019-07-05,346.7583126143187,354.78801401855924,344.6075108831572,348.7179260253906,6878479
2019-07-08,346.0414184344973,348.33561909911634,338.8242591320202,340.68829345703125,3543845
2019-07-09,340.3058867345161,347.2362777721615,338.48964222534937,346.3281555175781,3931858
2019-07-10,346.9017036590832,348.8135273780916,338.05948923873825,342.74346923828125,5299464
2019-07-11,342.4567168271806,346.4237631082056,340.5926529544784,344.84649658203125,3513505
2019-07-12,344.8942810737083,344.8942810737083,338.5374551329275,340.4014892578125,4750306
2019-07-15,341.83539562127004,343.55603126898785,333.7579035962889,335.14398193359375,3524295
2019-07-16,335.52633149515344,339.3021895156899,334.23583257374,335.287353515625,3651688
2019-07-17,335.09613187101354,337.8204983987271,329.5996091684188,330.9856872558594,4765414
2019-07-18,332.65857774666586,335.71750193644,323.67299351169186,327.40106201171875,3711155
2019-07-19,328.3569817442644,330.7467616804139,321.28319152535335,324.9634704589844,2517348
2019-07-22,324.0553111238304,328.35694423747725,320.8051988939394,327.4488220214844,3120156
2019-07-23,327.83119052469874,333.1365255022717,322.52588526705887,328.4525451660156,3682410
2019-07-24,328.8348849155538,329.5518187812481,320.9485826729872,323.959716796875,4840787
2019-07-25,320.2317108620663,328.3092029780672,319.80154451530575,324.05535888671875,7600173
2019-07-26,323.0994227102455,323.959755339407,313.7314619746937,320.1360778808594,5089100
2019-07-29,319.94488181568136,321.61772750549426,313.6358162336421,319.8014831542969,5072884
2019-07-30,322.14349278383645,332.94535053801684,320.3750379715358,330.50775146484375,12960949
2019-07-31,328.0701953180957,338.1550898473634,318.03306072089595,322.717041015625,11065547
2019-08-01,320.23167172064746,323.8163413056106,306.992244501626,309.6210021972656,9957404
2019-08-02,317.3639184012543,339.3021921992651,312.7755471020043,328.4047546386719,28586783
2019-08-05,325.10684183166774,345.70679664660537,324.1031105668584,341.9309387207031,15513355
2019-08-06,338.4896483961382,358.85065557862526,338.4896483961382,352.2070617675781,17339262
2019-08-07,351.77684609404866,356.5086153944612,346.5193015336457,349.9606018066406,12759435
2019-08-08,349.864997297393,362.0529322060781,349.2914621044787,355.743896484375,16351434
2019-08-09,355.6005381377352,357.2733839799563,348.096611813527,354.78802490234375,7844936
2019-08-13,345.2766873673424,348.90914690832636,330.8901587270364,336.1476745605469,14292351
2019-08-14,339.350012738327,347.8098816024329,331.98945457677627,345.2767028808594,7813907
2019-08-16,344.12954861113525,348.9091079257755,339.3499595765639,345.6112060546875,5827109
2019-08-19,347.4274698752152,350.1040172968293,343.93837949279845,345.0854797363281,4606667
2019-08-20,344.6075235848387,346.3759487410024,341.6441788140553,342.2655334472656,5364922
2019-08-21,342.21767875870887,344.32072042024356,337.58151833374757,339.2543640136719,4122882
2019-08-22,339.3499594053467,341.45297144671355,335.5263119555637,337.19915771484375,3171984
2019-08-23,338.3940927924122,343.1258630882296,335.04840082647155,340.68829345703125,4676421
2019-08-26,342.16991694963184,346.66273851943646,331.6070667353794,344.7508850097656,5024254
2019-08-27,346.5193588506282,351.96806289418134,329.55186234632146,332.94537353515625,32805677
2019-08-28,334.09248359446434,334.09248359446434,325.4892453317708,330.55560302734375,5628194
2019-08-29,327.25768392716697,334.331444703716,326.11058356881637,328.35699462890625,6040518
2019-08-30,329.790808695721,334.1880210633936,323.8163298783526,331.5114440917969,4855098
2019-09-03,330.2688021690678,330.69896849697153,320.7096528065355,322.0001220703125,4305439
2019-09-04,321.1875800499191,332.03722742537406,320.32724747109114,330.4599609375,5241168
2019-09-05,329.790827552642,333.94906219417834,325.91936054019334,332.3717956542969,3325608
2019-09-06,334.76157685242435,338.3940659027467,329.88640825748615,333.85345458984375,6392799
2019-09-09,335.4785082578167,341.64417572252796,334.1402494198367,340.7360534667969,3782198
2019-09-11,345.8024132822852,345.99360160931263,335.71748908100034,339.4455871582031,4900745
2019-09-12,342.6000852258389,342.6000852258389,331.46366997835986,332.2283935546875,5639186
2019-09-13,332.2762112306227,334.283614323234,325.87156586674536,327.9267883300781,5012583
2019-09-16,327.87901846671656,330.1732190423829,323.4818056500117,328.8349304199219,5104088
2019-09-17,333.42333719367315,333.42333719367315,317.8897082522799,324.8678894042969,8486044
2019-09-18,326.5407073427682,328.97827671148536,319.8492944114934,320.8052062988281,7631530
2019-09-19,323.48179432736816,327.4488406822876,319.94491428032103,322.717041015625,11891538
2019-09-20,324.7244978356859,349.0047634362915,320.27949519296214,340.68829345703125,15819981
2019-09-23,340.3058632578579,346.28034197745086,329.7908032985213,332.6585388183594,5854791
2019-09-24,332.65852215616974,336.48219904436394,330.17316338476877,333.2798767089844,4811334
2019-09-25,333.6623218156011,335.47853676144393,323.09944084880675,326.5885314941406,4697149
2019-09-26,326.0149548285554,331.75042603081954,325.4413898763703,328.8826904296875,4958745
2019-09-27,328.8349144512498,339.25439584311107,324.2943031740889,333.7100830078125,3416220
2019-09-30,337.4381583485931,358.37270087031277,329.0738992703745,350.8687744140625,19984719
2019-10-01,353.68872107095814,354.31007571219095,331.55928860779755,335.478515625,7344343
2019-10-03,335.4785126342545,339.92354466816005,326.25395072243276,329.69525146484375,5037665
2019-10-04,332.9453419953358,333.3276889060729,319.51472691227605,324.53326416015625,4794009
2019-10-07,323.0994391231021,331.46369869614335,322.2391064502373,326.4929504394531,3566103
2019-10-09,327.9745821643194,344.9420779660244,324.05532551075174,343.5559997558594,8848384
2019-10-10,346.90172646965823,368.0274572256475,346.04139385156077,360.6191101074219,48555442
2019-10-11,358.4204841847554,368.36200965414344,356.17410308479725,366.02001953125,11113337
2019-10-14,367.50168488954455,379.498433108885,363.4868488389017,376.2005310058594,10930620
2019-10-15,372.8070277101178,374.6710619570704,364.7295360666787,366.7369689941406,8746356
2019-10-16,364.29937227168875,369.7480759253156,360.71467300594105,368.26641845703125,9079900
2019-10-17,368.0274221341745,370.41720171220953,362.3397110745351,368.8399353027344,4877679
2019-10-18,367.9796459540973,369.3657242160188,363.7258318619659,366.5935974121094,4053714
2019-10-22,364.9685299912207,379.02050165719027,351.01216735641026,357.6080017089844,11570680
2019-10-23,357.0344257637569,361.33605931606036,339.3499950130369,344.4641418457031,13588127
2019-10-24,338.34624042271986,359.75873636367106,311.1504542366564,355.9350891113281,74062675
2019-10-25,353.59309669384197,361.7184071697013,346.6149161458061,358.6116638183594,28275934
2019-10-29,346.99728011906024,349.5304584140006,337.53371117946523,344.033935546875,36912144
2019-10-30,348.23994442902523,354.9791464661083,344.7508544342224,351.7290344238281,17185921
2019-10-31,350.53418402093075,360.18894193881806,347.7142379205397,357.7513427734375,13034332
2019-11-01,347.33192608444324,359.8066016433915,347.33192608444324,356.6042785644531,13938891
2019-11-04,361.57503756116785,364.87293977895837,357.5123819966929,361.3360595703125,7763797
2019-11-05,360.3801186031212,368.50539935820586,358.03812853723787,367.0237121582031,6766429
2019-11-06,368.02745867899665,368.409805617491,353.9276983286354,355.0747985839844,8335534
2019-11-07,358.2771582338617,358.9463025949955,352.7806343730794,355.3616027832031,4906572
2019-11-08,353.6887331842129,359.28083598702904,350.43862062941713,352.8761901855469,6094415
2019-11-11,354.88361112920546,357.46457928011677,352.01587534373357,355.1225891113281,2826663
2019-11-13,355.6961240187299,356.9388034766862,350.0084128613075,352.35040283203125,6544841
2019-11-14,342.12213549088295,350.9165607981796,334.8571870839594,346.51934814453125,21487581
2019-11-15,342.07436864291583,380.9323214579131,341.5008036220651,375.72259521484375,56210391
2019-11-18,378.5425107032925,402.010231155017,374.81444239087705,391.16058349609375,43462375
2019-11-19,408.08027709162087,426.00368417761325,402.87055143182624,419.9814453125,63965674
2019-11-20,428.5368808569733,432.9819128711853,414.0069840799673,418.0218200683594,56689066
2019-11-21,422.99258418836433,422.99258418836433,403.5875180672594,407.50677490234375,22595291
2019-11-22,404.3522459034912,410.9958697029965,398.61674441182964,402.1058349609375,17090583
2019-11-25,402.77494843057235,435.56286887013744,402.77494843057235,431.5002136230469,34112216
2019-11-26,425.38239748565724,427.2942214062377,410.9480793333803,413.2900695800781,23906748
2019-11-27,414.3893101102177,417.7350313650463,407.60231802175275,414.2459411621094,13586924
2019-11-28,414.2459786745865,424.3308735618277,409.60978786729197,417.4004821777344,22352772
2019-11-29,420.220426210364,429.8273643916021,415.96658267544575,422.94476318359375,20386454
2019-12-02,450.3795617670977,464.19255482968697,434.9893318188277,438.3828430175781,56782244
2019-12-03,442.397658805229,444.54846059400194,425.62135135692205,438.86077880859375,24319749
2019-12-04,440.5336111012356,444.30946895832216,434.6547411713474,441.0593566894531,16851755
2019-12-05,442.87558231406103,443.1623499209029,425.7168994723453,427.62872314453125,17642464
2019-12-06,431.97818600227885,432.4561419648346,423.32715930407403,425.2389831542969,11629491
2019-12-09,427.8677004469236,431.69137750535776,422.22780873465814,426.1948547363281,8012971
2019-12-10,425.81256238121784,431.1178677990181,423.7095501316578,427.2942199707031,7274085
2019-12-11,424.9044132018892,429.25380638750227,421.1763449171168,423.2315673828125,6931352
2019-12-12,423.37497332769584,424.28309565281387,417.25712476683884,419.3123474121094,7527779
2019-12-13,420.6027734144589,421.27191767568297,407.2199773497723,408.94061279296875,13320154
2019-12-16,411.4260303451648,412.0473552798899,401.91467079121486,403.2529296875,7093336
2019-12-17,406.0250958443842,422.0366808050261,399.19031336097595,420.5550231933594,23423482
2019-12-18,427.29422242379763,427.3898017320806,415.01070615292167,418.9777526855469,17986000
2019-12-19,416.77914877152784,436.662170499903,411.2826254296307,429.6361999511719,14236801
2019-12-20,430.06633491635915,440.10343921432184,426.0514991411603,433.7944030761719,21689127
2019-12-23,429.2538124897512,438.9085703347083,426.76845341119264,434.7503356933594,10630886
2019-12-24,434.4635562380795,439.7211013210249,432.45612344933346,436.9967346191406,6974012
2019-12-26,435.228262295869,436.3753624547383,426.33825835457964,427.8199157714844,5997570
2019-12-27,429.20602880966686,436.90114356981906,429.20602880966686,435.037109375,5997611
2019-12-30,439.72114069479795,444.2139328967468,435.03713043497197,440.1990966796875,12141748
2019-12-31,439.72110338934567,442.11088311104726,434.4635582816703,435.70623779296875,5212590
2020-01-01,435.945225034925,440.1990686939243,429.92295623223606,433.31646728515625,5154996
2020-01-02,434.0811695494636,439.14752619432306,433.50763432020034,435.1326904296875,4933053
2020-01-03,435.6106743610621,438.95636609332547,431.5958383383594,435.037109375,5154587
2020-01-06,433.8900183393128,437.2835295157813,425.04780313914694,429.827392578125,7538915
2020-01-07,432.0738312706289,435.2283349441209,423.56617281557845,425.4779968261719,4353883
2020-01-08,423.0881973601392,440.43807078640543,420.9373954471114,438.621826171875,14118818
2020-01-09,447.75080439615203,454.01205145203596,435.2283102843843,439.81671142578125,18180867
2020-01-10,444.3095310104821,445.40884171022856,434.1768458700119,436.8533935546875,37724966
2020-01-13,438.7651599810213,449.56701777468317,434.2245785284127,448.2287292480469,15206224
2020-01-14,448.22873872807065,451.8134380916676,446.03014729060953,448.6589050292969,8238486
2020-01-15,448.8023031503368,451.1920829098369,444.5006698633042,447.22503662109375,10875259
2020-01-16,448.51550964853055,455.92385668642765,447.3684391300821,453.0083312988281,16290593
2020-01-17,454.1554556261133,481.59022405933644,454.1554556261133,478.00555419921875,61915666
2020-01-20,477.001818816019,490.0978779777431,472.46123703172117,486.2742004394531,45298836
2020-01-21,487.5168819580584,492.29644145847203,482.1637277657035,489.1897277832031,65202963
2020-01-22,492.0574899507657,500.6607569541365,484.3623749652409,491.8185119628906,20285793
2020-01-23,492.2964441256539,502.8115048034651,489.7632656887375,500.5650939941406,15772863
2020-01-24,497.5540332291751,504.1020481899804,491.4839742631759,501.13873291015625,23824625
2020-01-27,498.1753365578996,500.99528274879066,489.3331213180115,491.7229309082031,11856786
2020-01-28,491.675086995125,491.72290636609046,464.670486649221,469.59344482421875,31674769
2020-01-29,471.36190952966496,479.2960022448026,466.7257188838404,468.6375427246094,20037283
2020-01-30,470.3103790696423,471.17071166855465,458.9349858393154,468.2073669433594,15337903
2020-01-31,471.4574959935896,477.3841856538995,465.53083605321297,474.5642395019531,18356252
2020-02-03,474.1818705203734,490.71920075790734,474.1818705203734,487.564697265625,15212799
2020-02-04,491.3405254559648,499.56138555999587,481.2556312183495,496.0245056152344,14646591
2020-02-05,495.16416841970954,513.8045393021409,493.0611563326566,509.83746337890625,30647706
2020-02-06,511.4625849464129,528.4300517777565,510.5544626499845,522.694580078125,17180298
2020-02-07,524.7019524414599,524.7975911827259,514.5214491651474,515.6685791015625,8967847
2020-02-10,516.3855281213225,519.6834898248455,512.4663009047648,514.95166015625,8570467
2020-02-11,515.7164139332125,520.6394022252092,509.2639783652011,510.7456359863281,6622800
2020-02-12,512.370679736531,518.4407381247338,511.4147678379099,515.8119506835938,5160923
2020-02-13,515.9075377119893,518.8231225423267,508.30803206015145,516.1465454101562,5729055
2020-02-14,520.8783475265493,542.5298547409566,510.6978434164507,540.09228515625,37517890
2020-02-17,540.0443708015861,543.6290699834749,531.9669096699881,539.9487915039062,23354434
2020-02-18,538.5149445860964,543.7724600006919,513.6133268230427,524.0806274414062,21865560
2020-02-19,524.8931916861811,529.1947953817986,514.9994259144347,519.4444580078125,22088140
2020-02-20,519.7312408428498,527.6653334357114,514.8560425721303,521.5474853515625,16010058
2020-02-24,518.1061943055333,518.1539839604607,503.86303450126445,506.53961181640625,9834434
2020-02-25,509.50303615294996,514.2348068505602,507.5433629106126,511.65380859375,9804202
2020-02-26,509.2161326716696,515.6207778799695,497.36278384729695,512.3228759765625,18965240
2020-02-27,511.1278967523591,512.2271774452216,503.7673405309602,508.2123718261719,11381143
2020-02-28,501.76001096042006,505.1057026112645,490.8625736897643,500.4217224121094,16934165
2020-03-02,510.45887231814896,512.3706961767349,489.28532203653776,495.498779296875,10096159
2020-03-03,500.8997140375446,509.8375087733317,491.48396331759557,497.8407897949219,10563605
2020-03-04,501.8556024041265,509.3117391823445,485.03150500095416,493.96929931640625,18066379
2020-03-05,499.7526175037594,507.3043335493963,493.87371759589996,503.6718444824219,14344961
2020-03-06,494.925200218644,500.5650923288987,488.9029314595838,496.26348876953125,9503868
2020-03-09,487.5168953007312,489.4287191532207,469.40226919460775,474.373046875,15664232
2020-03-11,465.5308418798955,486.0830081773819,465.5308418798955,472.03106689453125,21401999
2020-03-12,457.4055720775573,460.27330799004187,438.9563878247566,444.4529113769531,14471096
2020-03-13,433.79443124081575,486.608773227108,401.48449518469886,470.1670227050781,24254296
2020-03-16,451.4310580624552,471.2184997312132,436.04082895563585,444.3094787597656,14936276
2020-03-17,444.50070225891574,459.79535327426925,424.7610486789633,434.65478515625,12629709
2020-03-18,439.7210827661377,457.6922789263502,389.4877132764116,406.789794921875,29342689
2020-03-19,398.09098179457465,431.73920624369913,345.8024154426463,425.1434020996094,24017236
2020-03-20,425.3823852396203,451.19209658424086,417.4004730490881,442.2542724609375,19758966
2020-03-23,398.04320841269083,426.0515417837546,381.8882249566302,389.3921813964844,14907385
2020-03-24,392.78565500878796,418.54757692299125,382.5095719229185,386.2376403808594,12947855
2020-03-25,388.62745044773084,418.92998615760837,387.71935780911036,410.183349609375,14093189
2020-03-26,407.69796895880626,471.6964890257152,401.7234894551358,449.9494323730469,22302573
2020-03-27,449.94940687140826,453.8686635393693,418.2130065951914,429.1582336425781,16378409
2020-03-30,424.2830899586882,429.492845844444,409.1318377249441,412.04736328125,10210726
2020-03-31,421.5586835478546,427.2941845346081,405.3081221853293,421.4631042480469,17059457
2020-04-01,420.6028239618169,420.6028239618169,394.2195755824964,402.7749938964844,9646905
2020-04-03,412.9554600966426,412.9554600966426,397.27846319282645,405.2603454589844,14419445
2020-04-07,414.05475779151607,464.3359187539566,414.05475779151607,449.471435546875,15553539
2020-04-08,453.4385175618857,469.45010223244446,433.02972007063954,441.2983703613281,13639333
2020-04-09,450.23614805294096,470.597153781686,450.23614805294096,467.1558532714844,11962829
2020-04-13,469.35450504089744,497.93637423615417,469.35450504089744,489.61993408203125,24416550
2020-04-15,510.4110719022965,512.3228957205665,482.7850869605922,487.9948425292969,26277115
2020-04-16,477.9577121112105,490.38462647559066,475.424533642471,478.38787841796875,17401120
2020-04-17,488.47284474537145,489.90671274487045,476.2371176537633,480.29974365234375,16430317
2020-04-20,485.3182720255458,485.3182720255458,465.4352208286028,468.6853332519531,11688508
2020-04-21,462.6630628416246,481.5902020540232,458.0268722024202,478.4356689453125,15781695
2020-04-22,493.2523826291096,494.2561139597056,470.3582258796936,479.2960205078125,18447565
2020-04-23,479.7261971376987,484.9359233582051,469.40229428651173,474.13409423828125,12767355
2020-04-24,473.08253706401496,477.0017937034544,463.0932220005434,472.4612121582031,12161869
2020-04-27,476.0936671134724,480.87325631118244,469.45007349537457,472.27001953125,10074370
2020-04-28,475.5201399837747,475.5201399837747,462.7586684083098,464.2403259277344,11729091
2020-04-29,469.3067149767513,476.42829487187834,465.57864637713965,474.13409423828125,8371711
2020-04-30,480.92106990869513,493.2045859301146,473.369353669807,491.6273193359375,20170888
2020-05-04,480.29972715506347,516.1943641653057,477.8621575836276,509.0250244140625,34658164
2020-05-05,514.2825070033607,529.2903595768794,502.8592943539224,504.7711181640625,30498970
2020-05-06,508.3080350119214,527.1395949099259,506.6830085264375,521.9298095703125,26074684
2020-05-07,521.308477337585,521.308477337585,501.3298471937832,504.7711181640625,15823732
2020-05-08,516.1943746405793,521.738687936667,505.01016873775455,506.68304443359375,13847608
2020-05-11,509.55078469832495,524.3196903942578,508.6426623597443,512.5618896484375,14490804
2020-05-12,509.5029971007282,539.1363284838839,507.1131576654314,535.1693115234375,23041211
2020-05-13,543.3423924644902,544.6328320062803,525.0843669844073,531.4412231445312,21509772
2020-05-14,526.8049407523747,537.7023471219746,511.51029256637173,516.0509033203125,13428330
2020-05-15,519.5400757429339,532.3493679118804,515.6208484183322,529.6727905273438,14758117
2020-05-18,532.349403018732,534.3568064695814,511.60601608041435,514.3303833007812,21991328
2020-05-19,533.8787676951438,576.8949823228535,532.4448998182067,572.4021606445312,73259076
2020-05-20,578.3288735741761,585.020257270329,562.6518461582049,567.861572265625,36412918
2020-05-21,564.4681010236345,577.8509280990583,559.5929618443705,568.3395385742188,20673544
2020-05-22,570.6814405052777,571.0638171236417,561.1223222454756,567.0490112304688,11630640
2020-05-26,546.7836091553336,551.037422909617,532.9706172863622,534.595703125,77933211
2020-05-27,536.2685384308701,540.6179910799832,529.4337861648889,538.2760009765625,22948762
2020-05-28,539.7576507253165,542.9599733823289,531.4889712855576,537.94140625,16574283
2020-05-29,533.4008280039391,539.136299686609,519.8268426910328,528.2388916015625,55206200
2020-06-01,534.3568123909338,536.8900210021004,525.8969726801803,534.4046020507812,40024637
2020-06-02,538.180317709953,547.0703808771058,531.5845142451735,533.496337890625,32573015
2020-06-03,542.9599865320976,543.2467244415465,525.036549036802,527.3307495117188,29783799
2020-06-04,527.9520210069892,559.5928684989764,525.3232932370079,547.2137451171875,30007267
2020-06-05,558.2546447973164,563.9901163493918,542.4342489369624,558.5891723632812,48771843
2020-06-08,562.078309774022,567.5270435798786,553.6662607964897,559.3539428710938,20813563
2020-06-09,554.4309604609533,565.567376457203,540.7613955903032,542.768798828125,15219451
2020-06-10,545.8277388652895,550.6072985667765,538.2282329959385,542.0996704101562,19489440
2020-06-11,544.871750930272,548.5042395727161,522.5989226119799,527.5218505859375,27803048
2020-06-12,516.1943264438481,537.2244476172312,516.1943264438481,535.408203125,19224358
2020-06-15,531.4889641364736,538.8973108893416,524.7975810099502,526.422607421875,13838935
2020-06-16,533.4008515453248,534.6435609073633,513.3266403301467,520.8783569335938,19430678
2020-06-17,522.7423493653268,540.5702075848737,517.1502468440971,538.6105346679688,20916747
2020-06-18,539.3753578221539,547.6440385456564,533.5920959454096,536.1730346679688,19692591
2020-06-19,537.1289426526448,552.7103919456272,536.2686099383241,547.2616577148438,41924711
2020-06-22,550.4161251116528,562.078286132709,545.2541888852749,555.4346923828125,12954502
2020-06-23,555.4347060924083,558.8281875287258,549.0300604431254,553.2838745117188,9944839
2020-06-24,555.3868381578004,556.3428095033493,530.533069170152,532.7794799804688,12619809
2020-06-25,529.4814903932312,538.8494492955542,525.7534226896596,534.3566284179688,15881470
2020-06-26,535.3126916641518,541.4305404681077,532.5883245805422,535.695068359375,11317405
2020-06-29,534.2611568357975,543.8681253316665,526.9005992315873,542.0996704101562,13162970
2020-06-30,546.7836839091183,551.5632438999708,532.8273211839328,535.1693115234375,13182057
2020-07-01,549.6514269083533,549.6514269083533,533.6876606715426,535.4561157226562,13894655
2020-07-02,539.9010523408244,542.004094285744,533.0184506663611,533.8309936523438,13795692
2020-07-03,537.0333056366233,557.7288998945617,535.8861756608237,555.8170166015625,21005887
2020-07-06,561.6960004048607,563.3210865865277,549.6992504397595,551.180908203125,16114629
2020-07-07,553.4750352802521,556.9163658227661,541.0959696894505,542.1474609375,12759442
2020-07-08,546.7835901418717,548.6954138103565,534.356676856861,536.5552978515625,9581306
2020-07-09,539.13632747222,545.1108071695099,535.5994768615741,543.5813598632812,8611659
2020-07-10,544.0114682666672,553.4750079108738,540.7135662864175,549.3645629882812,13532330
2020-07-13,549.1734120994461,563.0341942052614,544.8718085134615,560.93115234375,16660491
2020-07-14,558.7325233513319,570.4902621800768,553.0447827996696,563.3687133789062,32935464
2020-07-15,562.986475514173,562.986475514173,534.9781104239478,538.7540283203125,20062926
2020-07-16,540.9525108654792,541.2393082078473,528.9079735238352,537.94140625,11528871
2020-07-17,538.2760149831574,548.5998875672897,536.9855160501744,541.7650756835938,12189475
2020-07-20,545.8276752258677,556.8207206974479,542.5775631198219,550.3682861328125,9789671
2020-07-21,554.4308972169441,558.0633860442582,541.3826587797797,542.720947265625,12005925
2020-07-22,542.9599842753369,550.1293235797373,537.9892066937002,544.0592651367188,11034525
2020-07-23,544.8717673457958,550.36829012142,539.136236891298,542.1951904296875,9718786
2020-07-24,540.0922296296184,542.3863705747516,530.9154280896341,534.786865234375,9960443
2020-07-27,533.5920059877096,538.8973109517959,520.1613906434688,534.8346557617188,10895560
2020-07-28,533.8787290379707,548.9344298154531,530.81983489794,539.7098388671875,14210206
2020-07-29,540.331196592146,544.0592649169009,535.5516370578101,541.2393188476562,9979767
2020-07-30,550.6073679216505,554.8611825357739,519.1099406976936,528.3345336914062,45326361
2020-07-31,526.6137919954557,534.6435234711744,522.2166090405424,530.3897094726562,13917435
2020-08-03,530.0551491104334,531.9669730512621,522.312214598182,523.2203369140625,9392745
2020-08-04,523.8417564225299,528.9559036390739,521.7865039404411,524.7976684570312,12035116
2020-08-05,527.6653658643718,535.7906175617704,522.4556397144058,534.3089599609375,12920232
2020-08-06,538.865891882363,538.865891882363,530.1837691501286,532.72607421875,10620956
2020-08-07,533.3976240007299,540.4967867412223,529.6082064544761,538.0025024414062,7346008
2020-08-10,541.3601478801068,542.0317248892165,532.2463742191738,536.1317138671875,9594610
2020-08-11,535.3162053609983,537.7145666369921,527.8332943185742,528.6967163085938,8290695
2020-08-12,527.6414527732928,538.4341084134174,523.1804590130755,525.4349365234375,12613101
2020-08-13,512.2919017046406,526.0105527139445,502.93826245890796,513.5869750976562,37464752
2020-08-14,520.7821405088858,520.7821405088858,503.65776192859823,507.1114501953125,18550546
2020-08-17,508.9821451090397,510.85287291440176,497.0382400502004,500.2040710449219,19369462
2020-08-18,500.82769335415867,507.59112649424503,499.0049266775389,504.9049377441406,13771669
2020-08-19,507.49512224883983,517.9520495523949,505.67235565146154,514.066650390625,17395288
2020-08-20,509.41388793914524,511.9081719510174,501.4512443002596,504.1853942871094,13690809
2020-08-21,508.26262507850976,508.26262507850976,495.0236163563457,499.1008605957031,22244899
2020-08-24,496.8463985779416,510.75692507327483,487.5407201869077,505.48052978515625,29714401
2020-08-25,512.771607745089,513.8748361609088,504.617118830536,507.159423828125,19881871
2020-08-26,506.9195571877986,506.9195571877986,491.18626369983537,493.5846252441406,26386996
2020-08-27,493.4886883175213,497.42201903143774,487.34884118588394,490.37078857421875,22268191
2020-08-28,491.28216764531487,508.0228260365565,491.28216764531487,502.1707763671875,22217757
2020-08-31,497.4220186512216,501.0675519507617,487.8765041986451,492.24151611328125,190329697
2020-09-01,496.46266776482946,532.8699517416219,493.2968364364072,524.0439453125,75732733
2020-09-02,527.6415558311855,536.2756581683572,522.9407548502835,528.169189453125,35680638
2020-09-03,528.1691001500606,530.4235777195747,513.8747948914233,516.1292724609375,25084656
2020-09-04,509.89353914214234,516.1292787405151,498.38134484568116,501.8829345703125,28610361
2020-09-07,503.6577359562878,506.5357695945944,489.55533533659906,494.4959716796875,16450037
2020-09-08,495.02362829248705,495.83908909068356,473.91798764099264,477.851318359375,33745174
2020-09-09,473.19849165236405,486.0537512651052,471.1358887971372,483.7513122558594,32068518
2020-09-10,487.34880526982084,487.34880526982084,471.23176366202927,477.1317443847656,21400064
2020-09-11,479.0025112842905,482.024458696732,468.68952703569033,471.66351318359375,15888599
2020-09-14,475.8366837614774,477.0358645174973,449.26274276277303,454.82696533203125,53032505
2020-09-15,455.83426735667655,467.82610464237865,450.941592017392,465.8114929199219,31436333
2020-09-16,467.2025434947976,470.75212442959554,461.0147351209016,462.16595458984375,13379581
2020-09-17,460.4870850304136,462.7415626233673,454.73098789236997,459.5277404785156,13750507
2020-09-18,463.3651638509277,477.41963449011496,455.97820411596507,474.4456481933594,55830089
2020-09-21,475.8366811481309,475.8366811481309,442.49933700724074,448.7350769042969,23162880
2020-09-22,449.45459255985355,459.04806789914824,442.25947859871866,451.80499267578125,18950065
2020-09-23,448.01555754246687,448.01555754246687,406.6676691064613,416.16522216796875,86810146
2020-09-24,407.9627754260476,415.8773980658001,399.23272182106297,402.2546691894531,36458719
2020-09-25,407.72290569443334,426.86192400211826,404.9887857876105,421.7773742675781,34232784
2020-09-28,427.86925422147067,429.4521846748334,416.40505094689604,425.6147766113281,21445626
2020-09-29,425.9505648586724,426.4781984006053,412.04000910476225,417.89202880859375,18187111
2020-09-30,420.1944637077568,422.4969025574419,401.1513968490343,403.83758544921875,27686374
2020-10-01,408.68231391786304,416.9326952357397,406.4278362496104,414.774169921875,13593932
2020-10-05,414.7741765923284,419.7148132097372,405.80425686558476,407.1953125,15282146
2020-10-06,409.64163056322127,412.5196641187518,405.9001750103698,409.40179443359375,11078299
2020-10-07,410.40915358316784,414.1985708893977,403.9815086812998,405.2766418457031,10393534
2020-10-08,408.68232049034634,417.7961240110009,402.06280099738615,407.1953125,17018635
2020-10-09,410.6010142085766,417.3164563047278,406.09205874992756,407.9148254394531,20948615
2020-10-12,410.60100730762616,413.09529132085385,395.1075205337145,398.17742919921875,14326607
2020-10-13,404.02948046320944,410.1213365527643,396.30670276606725,398.4172668457031,28303313
2020-10-14,399.4725700181496,402.44655621241964,394.5798945991857,396.45062255859375,14374547
2020-10-15,396.59453014693776,398.6091418715511,378.9425179643506,382.9717712402344,28378188
2020-10-16,388.0083320951088,390.74248189661165,382.1563125767965,385.3221435546875,23786283
2020-10-19,387.14489805555894,388.2001948998245,377.9831342342275,381.53271484375,17237471
2020-10-20,381.5327710113377,396.40267257939536,380.81326253159216,388.5360107421875,26395238
2020-10-21,389.2075512520142,403.1181079408316,387.14494838160425,401.9668884277344,23929199
2020-10-22,401.966873818614,414.7741717946899,401.0075292303424,413.1432800292969,27014551
2020-10-23,417.22048649388176,419.81072279765897,409.92944986744766,416.7408142089844,18512271
2020-10-26,416.69285722301447,421.58553247518296,410.6010012462933,416.4050598144531,11956996
2020-10-27,416.4050371247228,421.0578759784496,410.1213066091397,415.7334899902344,13021129
2020-10-28,427.86926164770733,468.1618829672372,424.03185351759873,433.4814453125,125905730
2020-10-29,429.5001654466887,438.51804647022306,426.9099290538276,432.4741516113281,25537340
2020-10-30,436.4074565776012,436.4074565776012,412.9993482428485,416.1172180175781,23483928
2020-11-02,417.316456320784,441.3001610498711,417.316456320784,438.80584716796875,28703578
2020-11-03,439.3814122902152,441.97164852728696,429.26030347820057,436.11962890625,16337850
2020-11-04,434.58469864918345,437.03102132496673,428.97251504710357,434.6326599121094,10191499
2020-11-05,438.4220414862292,443.1228414062779,434.20091380999554,438.7098388671875,9407770
2020-11-06,438.42208216356977,441.635904391305,430.50745957963983,431.6107177734375,12195207
2020-11-09,437.75052220645915,455.4504947470225,434.1529801491581,452.62042236328125,24953555
2020-11-10,454.7310087486504,454.874922368698,446.0968775589075,447.4399719238281,9800899
2020-11-11,448.9269507327271,461.7822100937159,445.1854948726383,459.1440124511719,16032885
2020-11-12,457.4651668449268,463.5570230327663,455.73835250705815,460.34320068359375,14785276
2020-11-13,457.60906161758936,458.56840619096084,450.89361977733296,456.40985107421875,8428163
2020-11-17,470.9440292581942,474.8293989412656,461.6863116539993,464.8521728515625,19050384
2020-11-18,464.2765040682778,465.2838397136354,451.9488787981777,458.9521179199219,10504589
2020-11-19,456.64968650231657,461.87815021098925,448.01555552884076,449.5025634765625,11541941
2020-11-20,451.37329780728686,466.19520744645706,446.4326612608968,464.03668212890625,12090462
2020-11-23,466.96267981261605,466.96267981261605,455.78627428345277,457.848876953125,10193531
2020-11-24,458.9521478111726,461.6862978704717,452.044860591177,454.9708557128906,9346208
2020-11-25,457.129372819172,458.4724372773861,440.004995253726,445.2334289550781,14497115
2020-11-26,449.6464705168141,450.5578538725468,441.3960888761349,449.3586730957031,11535113
2020-11-27,449.26271306295047,453.43587971401473,443.21881859083356,444.4179992675781,18491882
2020-12-01,448.7350752639344,462.8854677088412,441.779826942643,459.95947265625,18534936
2020-12-02,461.44641068112577,468.0658997487451,454.7789305265528,465.1878662109375,20948620
2020-12-03,467.2984612325972,469.2651414757644,454.7309995576884,460.39117431640625,20094168
2020-12-04,467.05864204553876,477.5635013316825,463.74889717109005,473.67816162109375,31622330
2020-12-07,477.75533450222247,489.7472007501503,474.4935511778244,488.26019287109375,22541162
2020-12-08,493.10491046927075,495.2634356732541,479.3382686678843,483.127685546875,19661141
2020-12-09,484.3748724802148,486.2935616105384,478.81065014095157,482.6000671386719,11826802
2020-12-10,481.113066105761,488.0683441296547,474.0139042910218,484.6147155761719,13441906
2020-12-11,487.8285027465075,487.8285027465075,477.08380778589094,483.8951721191406,14019094
2020-12-14,486.3894841363921,491.1862367888572,480.777300534202,482.6000671386719,14147649
2020-12-15,485.2862393031063,486.1976226304079,477.85131871861233,483.7033386230469,13320211
2020-12-16,483.7033499420966,497.7098290291056,481.6887083567083,495.21551513671875,17707777
2020-12-17,495.9829846726362,501.2594098742568,491.186261604488,494.1602478027344,20023766
2020-12-18,493.00898229366476,493.9683268177688,484.51873553269644,489.8910827636719,11000487
2020-12-21,486.8691365820452,490.41871729385144,460.6309862446079,470.9439697265625,15539470
2020-12-22,473.9179586139945,484.4707782933921,465.811461526038,479.96185302734375,21632475
2020-12-23,479.96190052387374,488.7878770576353,478.1391338019044,486.5813903808594,13326963
2020-12-24,498.86101873913714,501.7390524092514,489.69922453462624,496.2707824707031,21241048
2020-12-28,498.9569487196128,505.5764381904471,495.59924272097487,500.3959655761719,13124256
2020-12-29,501.73905815686277,503.6097860291981,494.1602241414144,499.1008605957031,11457626
2020-12-30,502.1228196083254,502.1228196083254,492.433391526309,495.16754150390625,10691466
2020-12-31,496.07892809848965,497.37403137290937,485.717952769847,488.979736328125,15816475
2021-01-01,491.4260493641731,495.40734104933705,487.540680200263,494.2081604003906,10377082
2021-01-04,495.98296610326616,499.34070195191543,490.80249345295755,496.07891845703125,13489114
2021-01-05,493.1049499511719,495.88706125639266,490.32283864595115,493.1049499511719,10689423
2021-01-06,494.06425425604414,510.1333348480027,492.24148771144587,503.945556640625,30837593
2021-01-07,510.37318908583387,531.9105389902629,505.6723293949427,523.0845336914062,39444841
2021-01-08,526.9699041753314,527.4016151964311,515.4577097015273,518.287841796875,14538362
2021-01-11,519.4870098846723,531.8146655458463,519.4870098846723,524.9073486328125,19892197
2021-01-12,526.6821683863027,545.8691205651879,522.844730227873,542.751220703125,25857074
2021-01-13,564.0967432104779,577.2398007341314,543.9504458662902,554.7431030273438,85239439
2021-01-14,559.0121579383903,561.0267696515594,546.8764070884642,556.9495849609375,16974338
2021-01-15,584.7706123767297,585.8259391050469,569.6609058780044,578.151123046875,57451072
2021-01-18,578.1511001076736,578.4868885830567,560.2592831914147,563.08935546875,21359539
2021-01-19,567.0707354164466,573.1625922359814,562.6577616702169,568.2219848632812,11034273
2021-01-20,568.2218500757982,578.0071996127715,565.055989414626,571.9153442382812,13333007
2021-01-21,575.8487259198762,579.4942593376593,551.0495899404577,557.717041015625,17380638
2021-01-22,560.163336657322,561.7462969610498,549.4666029045735,553.3999633789062,12662954
2021-01-25,555.4625356286857,563.9528126436778,546.3967234542322,557.1414184570312,12503932
2021-01-27,556.4218922800779,558.1007751448693,539.4894184524311,547.5958862304688,15567653
2021-01-28,543.470705624369,552.4405948951204,539.8731338024901,547.6918334960938,15201598
2021-01-29,554.9827795690611,554.9827795690611,528.2169984555323,531.0950317382812,25521965
2021-02-01,536.2755519427019,557.4771730803315,526.8739518431702,555.6064453125,14212955
2021-02-02,561.1226359050754,581.0291236788659,555.7023573981699,574.9852294921875,21711996
2021-02-03,584.6267546547767,597.1942165506853,575.0812103320161,584.09912109375,30641248
2021-02-04,589.903161083638,597.6739001597336,571.4357474849079,576.1845092773438,51976676
2021-02-05,579.2543291047465,581.269000306183,552.8243340640802,557.4771728515625,35465208
2021-02-08,565.0560320368514,579.1104715566557,560.9308265797117,573.0186157226562,21646080
2021-02-09,574.5535402035587,583.0438168639026,570.8120845968448,574.6015014648438,20927436
2021-02-10,580.3576984320059,583.0438873083792,556.6617901753963,566.207275390625,31642664
2021-02-11,567.9340831118093,579.0145667746046,565.0560493521176,573.7861328125,19253595
2021-02-12,573.5462920965447,573.5462920965447,560.8349459381446,562.4178466796875,15905053
2021-02-15,568.0300033863429,578.4869309223815,566.0153916932136,569.5650024414062,17972742
2021-02-16,570.8121154183088,577.143837396162,568.8934262500657,569.8048095703125,15064854
2021-02-17,572.6828798094347,574.4576852991299,566.0633898265922,569.7089233398438,16436661
2021-02-18,572.7307992442063,573.6901438193793,561.4105093958402,565.10400390625,22193564
2021-02-19,566.0154137369859,571.7714814577074,552.1048570919269,557.717041015625,19465126
2021-02-22,558.3406380620002,561.1226896444498,544.9097541771671,547.1162109375,20227667
2021-02-23,551.6252000839853,553.5438893774503,541.0723493166104,542.5593872070312,23764401
2021-02-24,545.0056692170823,550.7617366657897,542.2235580195445,549.6585083007812,8888950
2021-02-25,556.3259238714227,560.6909950985688,553.5917741102368,555.6064453125,16230241
2021-02-26,551.1455333440923,562.1300952791096,529.320352929848,533.6854248046875,198547005
2021-03-01,535.3162368137155,536.3715039064936,499.8203685368163,510.5650634765625,55091122
2021-03-02,518.5277027245752,521.8854090675248,507.3512955685766,519.1992797851562,30622757
2021-03-03,526.4422580116764,528.3609471024429,518.0479634129173,524.0918579101562,24669015
2021-03-04,518.0479953779627,523.8040630054282,516.1293061688075,517.6642456054688,17678275
2021-03-05,513.2513106321971,516.6090169986288,503.0822093426345,511.1407165527344,16658703
2021-03-08,509.4138959891977,513.6829854620996,503.4179623597729,504.329345703125,15293359
2021-03-09,508.5504917859808,510.3732585367535,493.3927629251648,500.5398864746094,20181762
2021-03-10,499.05289685517863,508.93413988804605,495.35940239189716,504.47320556640625,19013738
2021-03-12,508.9821435893666,511.0926776951095,500.3479831616923,502.8902282714844,11624491
2021-03-15,506.34394599587046,506.34394599587046,495.4073759497052,501.5951843261719,10875944
2021-03-16,502.6983786402922,512.0520175538363,502.6983786402922,507.7829284667969,13252045
2021-03-17,507.3032722290637,509.4138660355232,497.90167175781505,501.64312744140625,8482758
2021-03-18,508.31061694347903,510.56509470928137,494.40009004779586,505.76837158203125,12465338
2021-03-19,506.53576632247916,513.0113717934934,504.1374049727166,508.406494140625,49597558
2021-03-22,511.38057183765653,512.2919552262168,501.7391043565685,506.53582763671875,13581706
2021-03-23,508.16672691062774,510.80489477158795,500.9236213893662,507.7350158691406,15239339
2021-03-24,506.5357765924721,511.7642700596035,500.30003695666005,502.36260986328125,10801499
2021-03-25,502.1228233180278,502.36262964065173,479.24234730065837,487.1090087890625,17572322
2021-03-26,491.28214397305004,503.561807711635,489.8431271702447,501.2593688964844,11148490
2021-03-30,506.34394355680433,506.43986608435364,495.26345994534006,500.300048828125,10691124
2021-03-31,501.11549634338684,504.5211635543576,495.26344682483847,496.2707824707031,7712521
2021-04-01,498.81304871785005,502.60249566887194,493.6325759621795,499.6285095214844,7111516
2021-04-05,499.628482116349,507.4951133474215,493.6805101478262,506.775634765625,9376649
2021-04-06,507.0154527875477,515.9854020360987,503.226035783498,510.5650634765625,13115141
2021-04-07,515.1699734253468,524.667497159996,513.4910905020247,519.5829467773438,21391503
2021-04-08,524.5715587227451,526.2504415951628,518.5276638966814,520.926025390625,11367448
2021-04-09,517.5682729229572,527.4015839936803,514.6902393881079,523.0845336914062,11641539
2021-04-12,515.697607909544,516.9447797877235,497.42203905151973,501.2114562988281,9869735
2021-04-13,505.00085262200105,518.047986749601,501.83499161829826,514.3544921875,6657701
2021-04-15,518.0479945725741,523.948005638874,508.6943548658271,517.4244384765625,9989813
2021-04-16,518.0959400960993,522.0293005718968,516.1292896848569,518.7675170898438,6273393
2021-04-19,510.6130507570735,513.251278276758,501.9789492162585,505.048828125,7368743
2021-04-20,507.4951435083362,515.1699599745896,504.5211871739852,508.6463928222656,7369109
2021-04-22,508.4544976733868,511.7162813108991,504.66508046039223,509.26995849609375,6675147
2021-04-23,507.4951334210851,510.80487819621015,497.99761012318817,501.3553161621094,7123670
2021-04-26,501.49927709416676,507.0154788095173,501.49927709416676,506.1040954589844,5929161
2021-04-27,506.0081832642224,516.6569564420116,504.8569935628316,512.5797119140625,9875033
2021-04-28,514.1626120736713,525.7227672660614,513.8268235945627,522.1731567382812,12195400
2021-04-29,527.3536201017414,527.6414473151135,517.1845206067076,518.8634033203125,8846896
2021-04-30,511.812153160673,524.7633027341357,511.812153160673,514.9299926757812,8331737
2021-05-03,508.45448507320566,539.6333037461833,507.54310174178096,536.1317138671875,14556346
2021-05-04,542.9430340217376,542.9430340217376,524.4756212189897,529.9918823242188,14196229
2021-05-05,534.2608950938493,541.9836118122386,531.4787843081839,537.1868896484375,12095639
2021-05-06,537.1870173684129,541.4561070745322,530.1358162151616,536.0358276367188,9169742
2021-05-07,538.3862254795514,549.610593750513,534.2610195960384,545.3894653320312,12894499
2021-05-10,548.7471467017602,553.5438697654757,545.9650353941423,549.2747802734375,8365615
2021-05-11,542.5114067585849,551.481296784383,541.1203511046742,545.2935180664062,8033470
2021-05-12,544.9097518350457,546.0129802104702,535.5081510520664,538.913818359375,6815070
2021-05-14,541.0723421306121,546.2048538184613,533.5414688577845,537.6187133789062,7697716
2021-05-17,541.0243145073039,541.0243145073039,523.6121697786473,527.3056640625,13677009
2021-05-18,525.2430607740416,530.4235930339753,512.8195426321055,514.54638671875,34968901
2021-05-19,516.0333698582725,518.5756150965178,504.8090024924743,506.7276916503906,19583966
2021-05-20,509.4138826089363,509.4138826089363,498.86103253993184,499.4845886230469,14036583
2021-05-21,501.9789456179431,511.6203529707429,500.7797350303241,509.3658752441406,10492773
2021-05-24,509.41386542522974,511.3325545269972,504.6170830174998,505.38458251953125,6386039
2021-05-25,508.3586073776761,509.22202952078516,503.1781341723412,504.71307373046875,9412913
2021-05-26,507.4951288569466,509.22197295132963,503.6577505612623,504.3772888183594,6908901
2021-05-27,504.71302386014133,505.57644591793627,497.6138619952801,498.6691589355469,22783169
2021-05-28,501.01953365013316,507.0154671893806,499.2447580818692,502.3146667480469,10248988
2021-05-31,504.1373639128902,514.2105404147865,503.75361419752085,513.1552734375,12803471
2021-06-01,515.6016744375572,516.5130577804827,508.74231873308275,511.2366027832031,8435896
2021-06-02,508.3586033154202,512.8675590697059,506.5358365063821,507.974853515625,10567595
2021-06-03,508.4544326712642,511.7162158917817,507.01541592573955,510.421142578125,6290021
2021-06-04,512.2439493117048,514.0186950133517,509.6057219109105,511.04473876953125,4878809
2021-06-07,512.2918729540787,519.0072844678194,511.33252845211575,514.6422729492188,9674473
2021-06-08,516.225199818249,525.7227824561999,512.2918990901934,524.571533203125,12822963
2021-06-09,527.5454967501335,529.0804957756774,513.5869796514575,518.0479736328125,12674395
2021-06-10,521.7894978067526,525.5789152981572,518.3838301220699,522.9887084960938,7018193
2021-06-11,523.3243373810747,527.401581361752,518.0959038535259,518.8634033203125,7777365
2021-06-14,518.8634553811917,518.8634553811917,507.78297152756386,517.4244384765625,5714387
2021-06-15,519.0073332095689,521.5496381358429,516.5130492008801,520.4463500976562,7264778
2021-06-16,521.6934244743396,521.6934244743396,513.1552472693222,514.9299926757812,10045600
2021-06-17,517.5683308399346,519.2472137497882,505.6244247151221,507.159423828125,10214732
2021-06-18,509.79755455126315,519.8707319696543,497.9016702123159,516.8487548828125,15000348
2021-06-21,513.2512723550748,519.870762057323,511.33258314591956,517.6642456054688,5742834
2021-06-22,525.7707666136325,526.6821499420122,513.7309382874855,514.5943603515625,9114558
2021-06-23,516.129322055207,517.2805117548078,511.0447716331181,512.3399047851562,4767421
2021-06-24,513.2512433247209,513.6829543376939,505.9601770196746,507.25531005859375,6419922
2021-06-25,509.7016348011741,514.114667473496,507.83090695500346,513.34716796875,5504204
2021-06-28,515.1699660242505,515.1699660242505,508.88620512188334,509.6057434082031,5265796
2021-06-29,509.65366619469086,510.61301073514335,502.6983884497547,503.6097717285156,8713975
2021-06-30,505.57644411723584,508.8382276276696,503.0341988701729,504.28131103515625,5760552
2021-07-01,507.4951150520253,509.4138638009862,500.77970321725087,501.40325927734375,6575188
2021-07-02,504.2333096166211,511.33253054416224,498.8609923143101,503.65771484375,13309063
2021-07-05,506.53579127282006,507.01546356639966,502.0268955744968,502.65045166015625,6373586
2021-07-06,502.2187894918465,506.2480729419156,499.9163503279955,504.71307373046875,10494366
2021-07-07,501.93086341564845,509.0300842377307,501.93086341564845,508.07073974609375,6669192
2021-07-08,508.45445208745895,511.1406406430049,502.26667388008127,503.945556640625,5400962
2021-07-09,504.1373949915168,515.6495888957627,501.7390336892384,514.4503784179688,7303645
2021-07-12,517.0406722831455,517.0406722831455,507.1593993238676,508.1187438964844,8932790
2021-07-13,511.8602392226644,513.7309672491892,506.7277274664727,508.5025329589844,8138019
2021-07-14,507.49516739189494,509.79760647479605,505.24074922931754,508.5025329589844,6666859
2021-07-15,510.8528488331744,510.8528488331744,503.6577055189186,504.08941650390625,6886797
2021-07-16,505.57647664709725,521.3098003928728,504.56917073621645,519.1512451171875,11251138
2021-07-19,517.0886076442714,522.5569072262547,507.7829299640442,516.5609741210938,9130551
2021-07-20,514.6423115513027,514.9780403948562,501.7390614134201,504.3772888183594,7646460
2021-07-22,509.50982322021906,525.7228188364644,502.3626402027326,524.4756469726562,20220601
2021-07-23,525.4350252406111,537.8586044488627,511.09275667489237,526.0106201171875,33200836
2021-07-26,522.8447329744588,531.3350105109347,520.0626216129732,521.933349609375,5214592
2021-07-27,523.6122114972549,523.6122114972549,514.354494419775,518.5756225585938,5835018
2021-07-28,517.5683233688662,547.499970493946,515.985422666411,544.8137817382812,32532037
2021-07-29,550.761750240828,553.2560939193979,542.0317263257755,544.0942993164062,15844335
2021-07-30,542.8950555612336,545.3893990873551,535.124376719537,538.81787109375,10125413
2021-08-02,542.9910589311802,546.7804759766144,537.2349318144198,542.1755981445312,6372299
2021-08-03,544.9097302793779,558.3406135751804,539.2495855279512,556.61376953125,21680353
2021-08-04,551.6252164564913,563.0414896754295,547.1162606910301,551.0496215820312,21816567
2021-08-05,554.0234948345604,593.8364718288001,554.0234948345604,574.3616943359375,72423461
2021-08-06,570.3323951750824,591.8698045497946,564.5763281542991,583.1876831054688,29055626
2021-08-09,585.2022649422313,587.7925307621534,573.2584205147378,574.8892822265625,10078649
2021-08-10,577.7194801768686,602.4706560166278,574.0739465932377,596.9064331054688,34514358
2021-08-11,596.9064015953932,603.6698348058818,588.7519723838623,595.611328125,18731287
2021-08-12,597.6738042156428,603.3819097032974,591.9177374704421,597.8176879882812,8430316
2021-08-13,597.8178087585039,612.8315943092779,592.9731242345749,611.1527709960938,21079044
2021-08-16,612.783615106274,617.8202042050438,606.3080090726154,608.2747192382812,10506327
2021-08-17,608.2747460645254,612.064163458853,597.673933822006,600.8877563476562,11311229
2021-08-18,600.4559879860515,608.2267267583115,595.6113038525518,597.6259155273438,7136872
2021-08-20,594.3161755604162,607.2673870672172,582.3243086353551,588.751953125,12770173
2021-08-23,593.2608295636071,604.8689463489603,582.8998845554062,597.3380737304688,12790616
2021-08-24,602.4226577115103,602.4226577115103,591.9657895887118,594.8917846679688,5885050
2021-08-25,597.05037920748,597.05037920748,586.1617396762036,587.5527954101562,8127668
2021-08-26,585.2024141862865,586.641431235467,560.547159965014,563.04150390625,26316897
2021-08-27,564.8641987268874,580.789366429486,561.266626736086,570.9560546875,16444274
2021-08-30,571.7714981778346,599.5926122815164,566.1113528229442,595.2276000976562,40506274
2021-08-31,600.5998423758666,640.9404527335275,599.5925365877798,637.0550537109375,60781970
2021-09-01,640.8445693722518,645.9291195377247,627.4136855193037,639.3095703125,30796359
2021-09-02,642.7152621833476,646.3607356179087,637.0550578528942,639.405517578125,18951106
2021-09-03,640.844471301904,642.3794104734461,627.4135895043239,631.6826782226562,7920313
2021-09-06,637.3908582763106,638.685991316524,626.8380682122955,627.9892578125,10223448
2021-09-07,631.2030441367671,652.8363162283679,621.6575007746226,643.2908325195312,28185127
2021-09-08,650.438011809454,656.002234238517,637.9664726077632,640.7006225585938,20876941
2021-09-09,640.7005650669507,660.2233030805486,639.9331252632873,658.2566528320312,19784500
2021-09-13,663.8689170107858,668.665640068769,657.968905892146,665.1160888671875,19704664
2021-09-14,666.7469320631694,671.2558874026442,661.0867870835337,665.9794921875,11694600
2021-09-15,668.6656393695804,705.072892613565,667.8502382078964,696.007080078125,56796797
2021-09-16,705.120896049818,707.0395852234345,686.3176347724132,689.3875732421875,45001991
2021-09-17,691.6900204248157,704.8810384772969,691.6900204248157,698.54931640625,26649321
2021-09-20,695.5273924164829,703.8737261363591,691.0184370542565,695.4794311523438,14330899
2021-09-21,693.5127174367667,710.6370346914357,692.649295454407,697.1102294921875,14216876
2021-09-22,697.4461051569226,702.290849185106,694.6639938229766,697.206298828125,16348622
2021-09-23,703.5858735571933,710.0135178667405,693.800523305637,697.2542114257812,26497345
2021-09-24,699.4128069377361,722.3892375866465,698.405500976313,709.3421020507812,72175065
2021-09-27,714.4500478490968,715.3296955723421,701.8909976818836,706.1913452148438,11282248
2021-09-28,707.9995155199855,710.3451434220631,670.4688725536182,680.3890991210938,21944239
2021-09-29,681.2197431018664,686.1065418328698,673.547492955513,678.3853759765625,16729859
2021-09-30,680.0470577122863,693.7300973429292,671.2508179497302,672.7168579101562,13911568
2021-10-01,671.7882565312298,671.7882565312298,652.5343155672796,660.5975341796875,14952128
2021-10-04,659.7178955895786,670.6643377878012,654.5379003400559,665.9730224609375,8917898
2021-10-05,668.9051739104867,687.5238690348152,664.9957341089136,683.4189453125,25598885
2021-10-06,689.7717334451634,691.9219371060128,672.6190795281992,675.7466430664062,10406502
2021-10-07,679.9981359158182,686.3021190669724,675.648872522956,676.8217163085938,8121590
2021-10-08,679.4117320892324,683.7120796910492,673.3032329503063,679.7537841796875,6297352
2021-10-11,677.4081051276938,680.2913286880167,669.4915140058836,675.2090454101562,8792050
2021-10-12,675.3556602761828,682.5881470695534,668.7096251882083,670.8109130859375,8579567
2021-10-13,673.4009308944751,681.0243257286561,667.6344839674362,674.2805786132812,7062149
2021-10-14,677.3104410257359,678.2878009694961,666.4128537914843,670.2734375,9820591
2021-10-18,684.1519691147391,686.0578329593651,664.2627178739448,665.191162109375,8574445
2021-10-19,683.1745131480538,683.1745131480538,660.157701352483,665.6797485351562,7328862
2021-10-20,667.9277316851874,697.7372065002706,665.973012025182,692.4105834960938,21217306
2021-10-21,694.8540066227389,696.2222746391333,673.5964295996674,680.2913208007812,8908979
2021-10-22,682.685867694061,689.3319028647867,668.7584895771814,678.7764282226562,6587256
2021-10-25,677.3103767187831,688.0613350793986,659.7178994014121,675.453369140625,9540441
2021-10-26,679.2650835165542,693.7788531663393,673.4009245221667,680.4379272460938,10953878
2021-10-27,683.5655055876232,698.4702433576061,678.287738515944,686.4486694335938,11878571
2021-10-28,686.8396505125626,690.0649261616816,668.9051207105571,674.1339721679688,8884507
2021-10-29,676.5285696164802,685.1293252495776,661.7215425061789,669.8336181640625,8602343
2021-11-01,674.3295027946641,706.4357529747642,673.9873910235417,696.3689575195312,17121001
2021-11-02,696.3688880744598,706.7288785479977,693.4856646072087,697.7860717773438,7725455
2021-11-03,709.3189428607549,715.916122143304,680.2424860228527,683.2722778320312,23261507
2021-11-04,688.0612959789923,688.8431718846705,683.3699808916152,685.2269287109375,1064714
2021-11-08,691.4332243099346,698.7145669808971,688.0613209626234,692.9481201171875,7565546
2021-11-09,695.5870607191639,700.2295202972803,689.1853652315823,697.0531005859375,5278131
2021-11-10,701.2556950999174,721.2915721027721,691.3354687225452,718.79931640625,15180490
2021-11-11,718.3594970823585,721.8779687169474,707.8528785876166,712.1043701171875,7421118
2021-11-12,716.4048349038017,728.1331541655284,708.8302953806033,726.6671142578125,9207508
2021-11-15,723.2462891691912,729.110448270563,719.5323336689846,720.8517456054688,5454742
2021-11-16,724.5658072067622,725.2499711327694,710.5895712325585,713.7659912109375,4639931
2021-11-17,708.1460439843404,715.7694386317436,700.0339694280868,703.7479248046875,8002927
2021-11-18,704.2854395949066,707.0709507835747,691.9707301235228,698.1769409179688,4469597
2021-11-22,723.2463351352454,738.83523766781,716.5025278787394,725.2987670898438,36884348
2021-11-23,728.133178401035,743.7709379371646,719.0437426013234,741.718505859375,18240414
2021-11-24,746.7030178501889,764.1000134034693,739.1284780748762,741.718505859375,21653712
2021-11-25,741.865034038544,751.1010971969378,735.7565345493041,747.8269653320312,8483653
2021-11-26,745.7256368311125,745.7256368311125,716.502550661463,722.024658203125,11142921
2021-11-29,734.974649626739,737.9067293459947,710.6383640955917,722.6110229492188,15885643
2021-11-30,723.2463076349553,733.2153902924781,706.2891376618663,711.7623291015625,14272616
2021-12-01,716.404812367493,720.7052198228394,701.9887537284474,705.898193359375,10488561
2021-12-02,707.5108989924188,719.0437345911748,697.9816393812457,715.9650268554688,11507427
2021-12-03,713.4727539427089,718.0175015106569,700.0829108764085,702.0864868164062,11024093
2021-12-06,701.7443783521873,705.5561056613859,678.1411139097967,681.8062133789062,8804487
2021-12-07,686.4487138108994,689.7229053246825,678.3854944960339,683.0279541015625,10238693
2021-12-08,689.0387571308672,702.7217962795653,686.3998733643836,698.958984375,8296393
2021-12-09,700.5715234683173,707.559670206459,694.9028483100926,697.7860717773438,9069515
2021-12-10,694.9028762097641,702.6240431400868,690.9934366811578,694.6096801757812,4251339
2021-12-13,698.812307990128,702.1353554139237,682.5392422714106,687.1817016601562,9896899
2021-12-14,685.1292226207099,690.3092176513746,672.8145129513329,675.9420166015625,9275631
2021-12-15,676.0886907053196,679.1673981600261,668.6118638314963,669.9313354492188,7674319
2021-12-16,674.2805811461395,674.2805811461395,662.2590073260808,665.9730224609375,9633006
2021-12-17,665.5820617942825,670.1756650471667,646.1325768026991,650.9705200195312,13850460
2021-12-20,644.2267546403264,646.1814742967899,630.4948013310214,643.3471069335938,11812939
2021-12-21,648.9181121121394,655.7107752910306,644.2756526259401,651.8990478515625,8084499
2021-12-22,651.8990541355764,670.4688922593784,651.8990541355764,669.2471923828125,8522226
2021-12-23,673.4009340289767,673.4009340289767,660.2065761053321,663.3829956054688,5602466
2021-12-24,666.6572135488924,667.3902335284521,657.4212095290952,661.7215576171875,3756020
2021-12-27,659.6691127371676,662.9921007880426,653.5117569589919,660.4509887695312,3658572
2021-12-28,664.4580805494065,668.0254679190041,659.7667651267241,664.653564453125,3892590
2021-12-29,664.5558523510236,668.0254679422266,659.7179090870562,661.5260009765625,3847574
2021-12-30,662.1612685717674,670.2733430309886,658.9359931425962,663.9693603515625,5701612
2021-12-31,665.0933889231097,678.3854592415854,664.6047089900288,668.3186645507812,4598628
2022-01-03,672.2281052084564,676.9194206436965,667.6345018986812,675.6488647460938,2939833
2022-01-04,676.5773846044389,687.3283434063874,674.7692926672548,681.65966796875,6473875
2022-01-05,685.0315642578794,686.8396561758859,676.0886974879674,684.1519165039062,4586105
2022-01-06,686.1066206130769,704.1877779939058,684.1519008962305,694.3164672851562,21642414
2022-01-07,697.7372057555272,698.9589055417265,685.5690639543191,688.7454833984375,4315015
2022-01-10,689.4296920463602,695.2449356842152,687.7193122344466,688.9898681640625,3565324
2022-01-11,687.0839798443861,693.4856749805527,678.8741331798,687.5238037109375,10642484
2022-01-12,691.9219550552933,716.1116126474038,688.2568554201251,713.668212890625,12366953
2022-01-13,712.4953379165026,718.994804846613,709.7098861769192,715.23193359375,5829874
2022-01-14,713.423811521728,714.352315280065,702.184173607765,704.2854614257812,5344096
2022-01-17,703.6990991827186,718.1151571173646,703.259275315067,712.1043701171875,4340924
2022-01-18,710.5405661014139,714.1568092488226,696.417705229672,698.1769409179688,4312058
2022-01-19,697.8348598771786,698.8122196249057,685.8133469107958,687.76806640625,5879490
2022-01-20,690.0160407961223,703.3570263527254,689.2830209227553,699.2032470703125,4812496
2022-01-21,693.5345509459607,697.8349583038363,673.7430132629737,679.5094604492188,6704622
2022-01-24,674.6714867579535,690.993408044113,662.0146648779685,674.2805786132812,11091633
2022-01-25,668.5141337311744,704.1389119988268,666.7060418799217,695.7335815429688,14128764
2022-01-27,690.5047120694012,699.7896303491738,685.6179129747841,691.2377319335938,8937312
2022-01-28,698.7145891623347,736.9293359028696,685.7645709916278,699.5941772460938,21450677
2022-01-31,711.5179573333035,718.359476153816,703.2592548264513,712.7885131835938,10745370
2022-02-01,716.4047965082539,718.3595162804455,702.0375942519822,706.6800537109375,4814511
2022-02-02,709.6609815633582,715.1830887198898,704.1877901232397,708.634765625,3286577
2022-02-03,709.563320515373,712.4954003522133,702.233120923272,705.3118286132812,3651578
2022-02-04,704.7741192672178,706.8754666727459,700.2782881037296,703.89453125,3284198
2022-02-07,701.7444614807258,703.7968935652333,683.6633019578937,690.5048217773438,6833983
2022-02-08,695.0983184957164,698.5190778784184,685.1292363640371,692.8504028320312,7167684
2022-02-09,691.0911236183185,709.6609607023423,686.2532401006558,703.0637817382812,10185173
2022-02-10,706.5823376605576,710.4917771832351,692.557187580965,707.6574096679688,6074014
2022-02-11,705.360680046049,708.9769237517254,694.8052046334309,698.958984375,5646980
2022-02-14,688.0613165699782,688.0613165699782,669.4914799011863,674.0850830078125,7441445
2022-02-15,680.2424950688517,696.9553256122347,671.0552880844695,695.4404296875,4650249
2022-02-16,701.1579655305535,711.7134397582796,691.9707592721138,705.4583129882812,5433910
2022-02-17,708.0483717917305,711.0293074731547,698.8123090629631,700.7670288085938,5107708
2022-02-18,695.9291056939487,703.259304952687,695.2449418324703,696.4177856445312,4099366
2022-02-21,692.0196403447637,700.3271991956092,687.0839849581591,693.8766479492188,4307430
2022-02-22,678.4832894936774,686.5953651512782,671.9349658953789,683.4189453125,9148804
2022-02-23,684.2496362862022,692.8993071193354,683.6632442125348,688.4523315429688,4124469
2022-02-24,666.5593629418271,672.9610575027626,630.836875289609,655.710693359375,14139461
2022-02-25,662.1613125044205,679.4117380863403,662.1613125044205,673.0588989257812,6452099
2022-02-28,665.5820404964038,674.3782789170612,651.3614669803364,670.95751953125,8301523
2022-03-02,668.5141215934372,668.5141215934372,650.9216447093993,658.98486328125,10220908
2022-03-03,659.7179404673583,664.4092561133521,653.46281317049,656.834716796875,6517030
2022-03-04,649.9443008692351,652.8275243601444,635.2839031052674,638.900146484375,7094874
2022-03-07,625.5103231103818,663.9694105215466,624.5329632305219,660.10888671875,12615451
2022-03-08,659.7179250870756,671.2996159106123,652.4854380470179,667.5368041992188,8462985
2022-03-09,666.5594414457927,682.1971996028788,659.0337584020324,675.8443603515625,9896395
2022-03-10,684.1030233759675,691.4820781449441,674.964673194363,681.9528198242188,5989327
2022-03-11,680.9266207563014,686.4975838428502,675.8443375957075,679.1184692382812,3353880
2022-03-14,672.5703087344572,688.8921730329898,672.5703087344572,684.54296875,4016137
2022-03-15,683.1745500490903,693.4368286978963,679.7537904994882,687.1817016601562,6006439
2022-03-16,693.9254683591007,699.3009473393472,689.0386692861492,695.8801879882812,3843706
2022-03-17,703.6990798880851,711.4691024925113,698.8122807221955,706.533447265625,8168953
2022-03-21,705.6538138052006,707.9505855982281,690.7979321102183,692.166259765625,6317305
2022-03-22,692.459446180103,704.676444171989,689.869418744499,702.966064453125,3000133
2022-03-23,702.9661026964646,703.5524947706524,687.0840044429818,688.9898681640625,7974713
2022-03-24,682.1972228419685,692.8015540921543,682.0505949929255,690.358154296875,3597143
2022-03-25,696.1733845186554,698.2747319829076,689.8694017792078,693.2901611328125,2930336
2022-03-28,699.0566797465607,720.314257914317,694.0232523190763,716.4536743164062,7960258
2022-03-29,723.6372748790021,745.7255841794807,720.3142274446623,737.8578491210938,15833573
2022-03-30,745.4812066483449,752.4693532596336,727.7421019601874,732.5311889648438,9938988
2022-03-31,735.9519854353198,741.8161446818164,722.9531110362483,737.8578491210938,7371181
2022-04-01,742.5980095002817,749.2929603314922,732.2868749106802,741.3274536132812,5920139
2022-04-04,740.6921278187525,757.4538728667407,739.0795198814095,750.4168701171875,5783224
2022-04-05,750.4169234069421,756.2810828391192,743.7708879811375,749.2440795898438,3990794
2022-04-06,746.702966655519,763.0248889829714,745.7256067515196,758.0892333984375,7490027
2022-04-07,757.4538701843751,760.2393218456646,742.3536488416504,745.13916015625,5818505
2022-04-08,750.9544465695792,750.9544465695792,740.447827766778,744.845947265625,5583587
2022-04-11,739.8614183490016,747.8757811785568,738.884058483283,740.8876342773438,4927865
2022-04-12,742.7446208596283,742.7446208596283,723.3439922822746,724.8589477539062,3904026
2022-04-13,725.2010037239972,739.3727214517573,721.2427082893196,723.881591796875,6343030
2022-04-18,719.9721555603825,723.392915026814,707.0221375803208,712.9840087890625,8950327
2022-04-19,722.268951184023,722.268951184023,700.6204059847734,707.119873046875,9957060
2022-04-20,713.5215877501893,727.6444503286,707.5597161823621,722.6110229492188,6632292
2022-04-21,727.0580361534696,727.0580361534696,713.472710005734,719.092529296875,6111830
2022-04-22,714.4501186416032,724.1260059428093,712.4953987547589,722.024658203125,5182247
2022-04-25,713.4238756208732,726.1784104689723,712.6419996264013,722.6110229492188,3571031
2022-04-26,728.1331517907964,741.7184787526492,722.3667043112608,739.1773071289062,4987848
2022-04-27,733.0199181439473,744.3084129527012,729.5014463981818,735.4633178710938,4571399
2022-04-28,733.9971966376639,737.2224719891653,727.7420701685102,730.4298095703125,6101866
2022-04-29,734.9745988032814,743.7708373527888,718.8970175237976,722.2689208984375,7219115
2022-05-02,717.3822239207764,726.1296076553788,713.8148361394068,724.5657958984375,3938533
2022-05-04,720.3142301637016,722.6110020159242,700.767032601593,706.0447998046875,6785271
2022-05-05,709.5632879675043,716.5025194017286,698.0793091333195,702.6729125976562,4836692
2022-05-06,695.1472818494808,707.5109093879906,691.7265219387979,694.169921875,5912312
2022-05-09,690.1137734209767,704.187779269081,688.5011654436453,695.3915405273438,4819274
2022-05-10,694.9028689109239,712.0066666689283,694.0721368811458,703.3570556640625,6746893
2022-05-11,703.3571150093587,718.3595664473054,700.6693751348961,706.484619140625,6919703
2022-05-12,699.0567204039637,706.4357762664491,685.3736807875282,689.4297485351562,6754953
2022-05-13,696.8575670939923,696.8575670939923,669.2471515674772,674.2805786132812,11938252
2022-05-16,670.322228691617,682.1971747203517,664.2626453494147,677.505859375,5412233
2022-05-17,679.2651226353031,693.9255209655614,675.2090552359396,691.0422973632812,4847812
2022-05-18,704.6764680920681,710.687255169435,673.5964360763676,680.3890991210938,18992703
2022-05-19,669.4914814203281,677.310360035456,652.7297365278238,658.98486328125,7322668
2022-05-20,672.9122587496586,675.8443383084807,667.5367795584849,672.3258666992188,5577407
2022-05-23,666.3639699484315,678.1900605669632,664.2137662311245,670.322265625,3788601
2022-05-24,673.6452733438094,673.6452733438094,660.5486275560331,662.845458984375,4053608
2022-05-25,665.826416510923,674.2806033121666,664.1648927886001,672.6190795898438,4188088
2022-05-26,674.3782914239647,679.7537705585036,660.5975415040167,677.9456787109375,5780597
2022-05-27,681.2687185309978,684.1519422181516,660.6953041992435,668.9051513671875,7131633
2022-05-30,671.8860383153474,687.81699188046,667.536775068354,683.223388671875,4675033
2022-05-31,681.7085284556581,690.6024796609224,676.9194410969378,684.347412109375,44593174
2022-06-01,685.6667817516261,690.2115288552319,675.5999873606753,678.9230346679688,3749781
2022-06-02,673.3032284634954,681.1709633713401,667.5856375155748,680.193603515625,3466993
2022-06-03,681.2686537492475,684.933753091188,669.7358197506031,670.95751953125,6673615
2022-06-06,666.7548951586448,674.1828060855537,661.1839321368078,667.4879150390625,6407024
2022-06-07,662.7965810972584,671.6905315349055,658.0563502118655,669.78466796875,8349903
2022-06-08,667.0481597113303,672.2281554678026,645.4973849436276,648.2828369140625,13904149
2022-06-09,645.057483234395,664.0182876635178,640.2683962399674,661.0372924804688,6774925
2022-06-10,652.8764338752698,661.135137222469,652.8764338752698,658.1052856445312,3221484
2022-06-13,645.1552418325427,658.1052604213077,643.1028099175358,656.1016845703125,5982102
2022-06-14,653.9514543295577,673.7919070847504,653.9514543295577,666.6082763671875,8878530
2022-06-15,666.5105363122435,669.4914718108123,658.2518339628936,666.6571044921875,6005970
2022-06-16,667.6345201425303,668.4164557808643,635.2839314924701,639.3888549804688,9525587
2022-06-17,641.1480681636502,646.7678873586823,623.5555906835501,629.0776977539062,11085830
2022-06-20,630.3483105078939,632.7917103783383,619.8416910649833,626.3900146484375,3883001
2022-06-21,627.5627695246385,643.2494436821829,625.9990175419874,639.486572265625,3515991
2022-06-22,633.915595689446,635.625975483177,626.9275083241906,628.2957763671875,4348884
2022-06-23,633.4758163545553,649.5533383094707,633.0848485497032,645.2529907226562,4336533
2022-06-24,647.1099565323132,660.4020867712933,647.1099565323132,656.0039672851562,5621332
2022-06-27,659.7179487797297,671.4462678691472,656.003992998744,668.46533203125,5284297
2022-06-28,667.5367906270649,669.3937982397681,660.9884675731208,665.7286987304688,3216376
2022-06-29,661.6725539237806,673.4985830941833,659.7178344144046,672.22802734375,5011798
2022-06-30,674.1828597308378,675.9420956531621,663.6273845435766,669.4426879882812,6505666
2022-07-01,669.3448694279805,670.2733732161661,650.9216601163424,658.2030029296875,4488771
2022-07-04,655.3198043813914,669.9802026896999,650.9705409525972,666.4617309570312,4229588
2022-07-05,667.8299308401304,673.6940895648848,664.6535115308883,668.9539184570312,3494504
2022-07-06,669.0028891322066,679.2163125916234,668.7096930763987,678.2389526367188,4697006
2022-07-07,676.3330155677864,680.7311348886752,669.9313204869328,671.250732421875,3485283
2022-07-08,672.4235357665212,680.8288061022797,671.1041239108605,679.4116821289062,2732170
2022-07-11,659.7179557569722,665.5821153637008,644.0313407396363,645.5950927734375,18687521
2022-07-12,648.2339029441592,651.8012901613008,645.057483517746,647.9895629882812,7416645
2022-07-13,654.8311284798101,654.8311284798101,626.4876915754602,628.9310913085938,12030163
2022-07-14,635.2839169111465,637.4341205605853,614.515019627513,627.1229858398438,11379990
2022-07-15,634.2577000850195,642.6141150496798,628.6867368908083,637.0431518554688,5567877
2022-07-18,642.1254973230783,654.8311768743721,634.4532454553552,648.0385131835938,8982417
2022-07-19,659.7179593559753,661.6726792355486,648.0873522111877,657.66552734375,7836419
2022-07-20,664.6047217264762,664.6047217264762,653.0718870154147,655.4664306640625,4458819
2022-07-21,656.2971739646428,664.555877064332,656.0039779248076,662.9920654296875,3550107
2022-07-22,664.3115045583417,666.4617081673633,659.9133852162428,663.480712890625,2415220
2022-07-25,664.604706508539,671.006401677334,661.2328030522084,663.0409545898438,2913348
2022-07-26,667.1458985065188,669.8336384515989,655.0755266144874,668.6119384765625,5016687
2022-07-27,668.4652728218061,668.4652728218061,654.5378951367431,659.6201782226562,6237523
2022-07-28,663.4319044277844,664.0183561741272,649.1624733998453,651.75244140625,7374170
2022-07-29,657.5676474947034,665.2399575531695,655.8084118228593,662.60107421875,7669970
2022-08-01,665.5462084682874,685.0330080132875,664.6626509411503,681.7443237304688,8812526
2022-08-02,687.1927569006475,687.4872560984857,668.6876616286328,674.2342529296875,6236599
2022-08-03,675.4124007512831,684.1004578110045,674.4306966804238,680.4682006835938,5237250
2022-08-04,685.4257153011358,685.720214504777,668.2458960400999,681.5970458984375,6352142
2022-08-05,685.2294102962354,697.0098586107839,683.6095746856015,690.7760620117188,5811092
2022-08-08,694.9973661895152,696.8625678583164,686.2111033121982,691.4631958007812,5918607
2022-08-10,700.8385418656821,704.8635044837906,693.0830559408861,702.163818359375,12201239
2022-08-11,705.648874236473,706.2379326301376,692.7885748740242,696.8135375976562,7142902
2022-08-12,696.8626127263797,699.4641524889864,693.7212076254089,696.7153930664062,4540159
2022-08-16,701.9183091952183,702.9000131241627,687.6836022255251,691.2177124023438,6679663
2022-08-17,694.064769701303,711.3918703097453,689.4507486403886,709.7229614257812,8812954
2022-08-18,711.7354154323878,722.5341596665343,707.7104529124982,719.785400390625,10354897
2022-08-19,716.8403009551149,724.1048748895344,712.7171320093852,718.90185546875,13743828
2022-08-22,718.4600840034419,720.96347726215,711.1464367761102,714.287841796875,8118490
2022-08-23,711.7354717539449,729.0134399284485,709.3302847277735,724.1049194335938,8229797
2022-08-24,709.6247679306166,740.4012266886416,704.8635271256345,725.23388671875,14922081
2022-08-25,731.1731513276063,740.2539136270551,721.7978898021373,727.4426879882812,9849958
2022-08-26,727.9335039133153,727.9335039133153,714.6805001333696,717.4783325195312,5928897
2022-08-29,704.5689878449049,711.6372687796913,702.0165214392679,707.4158935546875,5878942
2022-08-30,708.7903375951543,716.7421165841697,698.7769441108103,713.30615234375,8894800
2022-09-01,713.2079443852264,732.351172073474,713.2079443852264,721.6015014648438,11869518
2022-09-02,711.7353893461682,727.3445066799011,706.4832969921686,721.5524291992188,5693707
2022-09-05,721.5524729212148,728.3753280162025,719.8344908428309,726.8536987304688,3660135
2022-09-06,726.8536992098409,751.0035947602371,726.8536992098409,747.3222045898438,10166270
2022-09-07,741.6773414978292,747.9602708068206,673.6452690794029,739.3212280273438,126794211
2022-09-08,745.1133676112315,761.8023363192565,743.199032746325,755.7157592773438,10648073
2022-09-09,758.8572224496511,760.624277736864,748.9420356191805,751.7398681640625,4627905
2022-09-12,752.9670100685984,757.2865318773147,750.5127499314777,755.0776977539062,2654087
2022-09-13,759.8389011197003,774.4663147856409,755.9120850932419,769.9013671875,8335652
2022-09-14,761.8023216656852,773.9754755153552,761.5568956599939,769.017822265625,6645392
2022-09-15,773.5827443478147,776.1842838894634,767.69252040608,770.7357788085938,5485310
2022-09-16,773.5827636379693,773.5827636379693,762.2440942510789,765.3855590820312,20211162
2022-09-19,759.3480706886528,771.6193711199496,758.0718674274897,768.4288330078125,5760313
2022-09-20,772.3065614799156,782.369027645336,770.6376526687884,777.6568603515625,7936714
2022-09-21,777.6568509083098,782.418091361382,764.7474192854662,765.9254760742188,9966193
2022-09-22,776.7242237692295,780.258334233631,762.1458832870437,769.7540893554688,7721133
2022-09-23,773.5827614905697,773.5827614905697,754.6358860418146,757.2373657226562,9271829
2022-09-26,755.8630093195823,757.041066107226,739.4194672644148,741.235595703125,13144297
2022-09-27,744.9660999309376,751.0036038508482,743.3463241874337,746.68408203125,5965026
2022-09-28,741.6774036545104,756.8938163039412,741.1865516335611,747.5185546875,5546932
2022-09-29,749.9727683740435,754.9303614950991,745.4078208943696,750.6599731445312,5413233
2022-09-30,751.936211961228,794.1985583678136,747.5185438368087,785.2650756835938,7469164
2022-10-03,788.7010496406699,800.6287177746458,783.4488970760119,788.6519165039062,12619046
2022-10-04,798.125368035496,801.8067581094604,792.7259959270148,793.904052734375,5772140
2022-10-06,795.7201677828828,800.9231870159736,772.2574780582787,774.1717529296875,6503205
2022-10-07,777.509566073964,782.2217332785997,770.343138875408,778.5894165039062,6025982
2022-10-10,770.5885756812567,780.2583362255252,765.4346296217468,777.8531494140625,3519416
2022-10-11,782.9089414197812,782.9089414197812,761.8023053815049,766.0236206054688,3699862
2022-10-12,766.0236287258572,767.054405954962,755.1267381579642,761.3605346679688,5984299
2022-10-13,760.8206461867753,764.7474624251587,753.6051453161302,754.832275390625,2842056
2022-10-14,765.6800747639609,765.6800747639609,749.0892525902992,751.9362182617188,3608210
2022-10-17,747.0767703541887,756.8938107004988,745.9477867469794,751.9852905273438,4566333
2022-10-18,755.7648217009248,771.2266601360432,754.5868248025399,768.821533203125,4391263
2022-10-19,773.5336968872532,774.2209016870277,765.2382859094183,769.0669555664062,5219180
2022-10-20,767.6925298482612,779.4729778766232,764.0602130558248,778.3931274414062,4756732
2022-10-21,775.5461565302794,788.1610289064589,775.3007305313774,782.85986328125,4807736
2022-10-24,785.3632501233106,792.7260305932167,785.3632501233106,787.4248046875,522406
2022-10-25,791.4006900364527,791.596982898331,784.0869833778071,787.62109375,3184277
2022-10-27,791.7442909605968,807.1570560355239,789.4863837016234,802.1503295898438,8159181
2022-10-28,804.0155948434127,809.3168205350383,796.4564618825607,801.9049072265625,3905093
2022-10-31,807.9424345309918,818.5448263054221,804.9973223759579,816.7777709960938,5487233
2022-11-01,812.85096369513,826.0548953185559,806.0281084775233,820.2628173828125,10488759
2022-11-02,814.8143810695069,814.8143810695069,792.4806133956138,795.0330200195312,11729925
2022-11-03,794.9348679451705,809.3168564885311,789.4864223591243,803.6720581054688,5897840
2022-11-04,800.7759909945963,806.7643616232242,794.3949147857317,801.4631958007812,3768226
2022-11-07,802.0521634317738,808.9731646086626,794.1985314765055,807.6478881835938,7171570
2022-11-09,809.1204971351324,810.3967004277043,799.5488825631517,804.064697265625,3969171
2022-11-10,804.8009389747174,815.5015366984395,802.5921049424456,810.64208984375,4425290
2022-11-11,815.5505935408582,821.5880970752302,808.7277387944719,811.7710571289062,4325441
2022-11-14,803.0338792262891,815.5996785556739,802.0521752174549,806.862548828125,10406576
2022-11-15,807.5988153507167,823.40422570081,807.5988153507167,819.96826171875,6229710
2022-11-16,822.1771313201261,828.6072807813857,812.900016183031,825.8094482421875,3445345
2022-11-17,826.3984358198002,833.8594223568892,823.0606780876585,830.6688842773438,4545534
2022-11-18,834.3993538966938,836.2645556062275,815.8941969443124,821.9807739257812,7405949
2022-11-21,821.686255925598,837.1971672915174,819.7228479066598,835.62646484375,5527122
2022-11-22,837.7862162822815,844.8053639204405,829.6380251600146,832.09228515625,7601660
2022-11-23,836.264591518731,836.264591518731,826.2021247596388,827.8219604492188,4596816
2022-11-24,830.5216327133195,835.4301530012232,822.4225742382782,832.82861328125,3455310
2022-11-25,836.4118176923758,844.2654497833842,826.2020720066821,831.3560180664062,2991065
2022-11-28,824.8768120130362,836.9517596101363,820.7536430993179,822.0789794921875,3668846
2022-11-29,823.6496424932342,829.3435136161709,819.7228265576288,820.5572509765625,2680296
2022-11-30,819.5265299782925,836.4118516430412,817.3667690819071,833.2213134765625,6874390
2022-12-01,837.3934960947137,837.5898488746756,826.2020467398991,833.073974609375,4506664
2022-12-02,835.8227938594199,836.3627190655815,823.7477869515849,833.1231079101562,3505272
2022-12-05,835.4301540434544,836.0191525113535,825.4658338791947,828.6563720703125,3311316
2022-12-06,829.4417567960588,829.5399032314247,814.5198435944765,818.10302734375,5567349
2022-12-07,822.2261871778288,826.2020764616485,816.7777418690048,818.7411499023438,3771882
2022-12-08,817.7594658375385,824.8277469137038,811.182036781684,817.3667602539062,4822179
2022-12-09,815.1088204662198,821.2935436920121,808.8750240240435,819.6246948242188,4615843
2022-12-12,817.3667000406972,821.6371482538832,810.2984794036884,813.2435913085938,3149823
2022-12-13,806.9607034967344,824.631375836079,806.9607034967344,822.717041015625,3832999
2022-12-14,825.2694529213788,826.5947292919356,812.9981534960235,814.0289306640625,7491333
2022-12-15,813.8326799083945,815.7960880625764,809.2677319825369,811.2311401367188,2996482
2022-12-16,809.9057944340389,817.4649271657812,804.8991280358292,807.6969604492188,4309644
2022-12-19,807.6478754409914,829.5889354024661,806.9606706720564,825.0240478515625,6397169
2022-12-20,824.3859608981825,824.3859608981825,806.960714329629,813.7835693359375,2828863
2022-12-21,817.759494116031,817.8085673360672,797.4872810087952,799.1071166992188,5079337
2022-12-22,804.0155984965888,809.6113234368502,794.6894102356393,801.6594848632812,3626834
2022-12-23,799.1070730131855,802.984815879435,790.2717368250791,793.85498046875,2804496
2022-12-26,790.3208362032854,800.2851563126455,786.4922263461145,796.1619873046875,6023206
2022-12-27,800.0887478002287,804.4573425173077,790.2717079499191,799.8923950195312,1782053
2022-12-28,798.1253780432439,799.0089356394576,786.7867084569486,789.0936889648438,2907741
2022-12-29,792.2842243662966,809.6603976577076,746.1932082358582,805.7335815429688,6110313
2022-12-30,809.6113551115242,809.7095015507273,790.2226998104757,791.3516235351562,3113243
2023-01-02,791.4988568756722,801.266823744217,790.860725302746,798.6162109375,1626846
2023-01-03,795.5238202464974,803.8192311116688,793.7076917960417,802.6411743164062,1717603
2023-01-04,803.9665345044845,805.4390905625847,791.4498080106325,796.9473266601562,2970216
2023-01-05,809.9057770219532,809.9057770219532,789.044567613812,792.333251953125,5297349
2023-01-06,792.7750708354946,797.3890917217311,777.5095852799152,781.4364013671875,3199618
2023-01-09,788.0138555224498,806.4698797397402,786.3940198672135,804.4083251953125,4340729
2023-01-10,810.9856522122543,810.9856522122543,775.8406609188231,778.343994140625,8392344
2023-01-11,760.820633255602,765.3855810225194,737.8978678210268,751.5435180664062,28389020
2023-01-12,751.0035976792288,755.2249131073286,739.7630743315797,743.0518188476562,12732671
2023-01-13,743.1499180940611,751.9361807606347,738.2413981594901,750.3163452148438,12279288
2023-01-16,752.3779741606388,754.0468230360615,740.8429520902176,745.2606201171875,5779293
2023-01-17,745.2606464159657,754.8322608121636,744.8679408323276,751.6907958984375,6594428
2023-01-18,754.1450197432637,765.7291148821483,751.9852589740073,762.3422241210938,5800899
2023-01-19,761.8023042827073,762.2931562828894,751.6416918463194,757.87548828125,4169463
2023-01-20,761.6550125207739,761.6550125207739,744.4261195739152,750.463623046875,6289718
2023-01-23,753.8505766052888,761.8023555762649,749.8746272013396,758.562744140625,2685320
2023-01-24,758.8572006373812,763.3239419045307,747.0767525032951,761.458740234375,5012125
2023-01-25,760.7715226474331,766.219967834119,753.9486679008371,762.2931518554688,6560514
2023-01-27,760.7714906767867,764.6492332764369,751.788875535727,760.3297119140625,6745926
2023-01-30,757.4828091700936,760.7715536372532,749.0401784394701,756.1084594726562,5420851
2023-01-31,760.8206249388401,764.7474410675567,754.3414022938413,756.2066040039062,8537557
2023-02-01,761.7532731784574,770.2941104374823,742.7572637701757,755.028564453125,4472974
2023-02-02,751.1017445100825,766.7108628687771,751.0526712912862,763.5203247070312,2841909
2023-02-03,765.6309754106807,780.40560866256,764.1584194071354,778.3931274414062,5493687
2023-02-06,775.2516542682598,780.1111010111111,764.5510567908078,774.8098754882812,2407975
2023-02-07,779.3748110122416,781.2890858319015,768.6742136996157,771.5211791992188,4126502
2023-02-08,763.7656665699154,766.7107783947351,751.0035153290299,760.918701171875,9951783
2023-02-09,755.9120975951042,760.9187641442599,747.3712606126107,752.6234130859375,5913945
2023-02-10,754.8813040108374,759.0535460176199,747.0767452144588,757.826416015625,2954992
2023-02-13,756.893772222126,765.3364025233691,752.6724570715045,754.5376586914062,3705892
2023-02-14,754.9303908698588,763.3730214687704,752.181631599408,761.0169677734375,3502010
2023-02-15,760.8206492791339,772.7483776190879,758.0718898847854,771.0303955078125,3602838
2023-02-16,775.2025900854295,776.0370145207571,766.318120921805,770.0977172851562,3399428
2023-02-17,771.5702619489032,773.0428179320419,756.2065705574408,762.587646484375,3093216
2023-02-20,766.9562688387239,779.2766423576574,762.8821731712691,764.8947143554688,3381774
2023-02-21,768.7232635410193,773.5827100612623,763.912950152878,764.7964477539062,2769616
2023-02-22,762.7840065367651,767.348954095391,752.4761145565385,758.0227661132812,3261898
2023-02-23,759.8389062295378,763.2748702757954,747.9111785015747,748.9910888671875,4062194
2023-02-24,761.5078390836892,761.605985520727,741.186553384682,743.2481079101562,4357223
2023-02-27,739.2230853939284,740.5974949118436,724.9393046917207,739.1249389648438,6719439
2023-02-28,741.1865259043975,743.2480803534373,726.1173933517374,728.6697998046875,10562614
2023-03-01,728.817085888614,739.6649032883136,727.4426762979957,736.474365234375,3744982
2023-03-02,737.2597411733232,738.04509242923,722.337827637255,726.5591430664062,4910541
2023-03-03,731.3695289737326,751.887167915011,729.9460460947224,750.4146118164062,5759333
2023-03-06,752.6724861384948,761.7041751304351,751.1017237512027,752.5742797851562,4597345
2023-03-08,750.0218742423356,755.8139519505957,746.7822629472319,752.5252075195312,3546995
2023-03-09,780.4547225536338,780.4547225536338,756.1084740098667,759.2499389648438,5240056
2023-03-10,758.8571668486218,764.6983174387154,754.1449997884921,759.5934448242188,4113931
2023-03-13,763.2258238497783,763.5693962990811,749.1874679516965,751.298095703125,3447889
2023-03-14,750.0218589372971,762.5385849863162,750.0218589372971,757.6791381835938,3753502
2023-03-15,744.1316729899942,751.5435266145797,738.7323006925733,742.806396484375,8101060
2023-03-16,736.2780133116287,745.1133494713682,729.8969371962612,732.3021240234375,7465693
2023-03-17,736.2780314382841,745.5551466180983,725.6265665508607,743.3953857421875,9306857
2023-03-20,741.1374529084437,745.8986933804077,735.099949291167,740.9901733398438,3566109
2023-03-21,746.0950151948872,751.9852389990573,741.3337749205649,743.100830078125,5332221
2023-03-22,747.0767841934193,749.2365450933078,739.3704313461932,742.85546875,2680654
2023-03-23,744.1316934935986,751.78897334269,743.0027098329189,749.5801391601562,2454948
2023-03-24,749.5800945982828,752.9669854605127,744.9660737075972,748.500244140625,2336818
2023-03-27,749.040118225919,755.6175467130353,745.456874820104,747.81298828125,2258853
2023-03-28,751.5925972089484,751.5925972089484,729.2097568378593,734.7564086914062,4166723
2023-03-29,737.2596895776147,741.0883590701005,725.3319622435639,729.9950561523438,4891868
2023-03-31,738.3887173758151,739.2231418421177,728.4734706244667,735.2963256835938,5796532
2023-04-03,741.1865642242252,747.9603461957778,738.2905252677364,746.635009765625,2120667
2023-04-05,753.9486748268059,753.9486748268059,742.168226782637,749.48193359375,3197932
2023-04-06,748.6474737904638,754.6359043603734,745.2115096649032,751.9362182617188,1777379
2023-04-10,754.8813357611016,762.0968365089319,752.4270756538859,755.6666870117188,1701065
2023-04-11,761.8023957411709,761.8023957411709,754.0960423805049,759.9862670898438,3485481
2023-04-12,759.838908975374,760.3788342009026,751.1017192587907,756.991943359375,3794841
2023-04-13,755.9120910722048,757.0410746561244,751.4453497904697,753.0160522460938,4292170
2023-04-17,774.5644531711364,774.5644531711364,740.548385727987,745.75146484375,9083437
2023-04-18,751.0035553430405,751.0035553430405,738.7813286351388,745.849609375,4051481
2023-04-19,747.4203020720113,752.8196739682701,742.1682097403054,750.6599731445312,3429794
2023-04-20,750.0218517401264,759.5934656857628,748.6474421805498,758.1699829101562,2355441
2023-04-21,755.5194130415359,761.0660648923665,750.4636731342493,751.199951171875,4524208
2023-04-24,751.1999622403409,753.3597231662242,741.8247004067945,746.3405151367188,5271105
2023-04-25,750.9545384090085,762.7840604385525,747.8130734093531,758.4645385742188,5773233
2023-04-26,765.6309528073118,765.6309528073118,753.0650940132692,759.2989501953125,5057352
2023-04-27,757.8755208747218,774.7608423908557,757.2373892796585,772.1102294921875,4129769
2023-04-28,775.3988499366408,787.3756502492918,772.7973703900296,784.6759643554688,6572656
2023-05-02,785.6086674477704,792.0388170033259,774.122718058094,775.7425537109375,6301210
2023-05-03,779.9638442468628,779.9638442468628,762.9803766767839,765.0419311523438,3908267
2023-05-04,765.0419707764087,778.1968292991446,759.4953787246694,774.6626586914062,2457671
2023-05-05,774.6626241134201,776.4788125153248,765.9745674376467,772.8955688476562,1438467
2023-05-08,775.4480634220472,780.7492294117925,770.8340423417138,779.2276000976562,2489174
2023-05-09,782.3199323269688,783.7433551753904,776.0370028337971,779.0802612304688,2486331
2023-05-10,782.4181655440915,782.9580908139112,773.6319018896089,781.4855346679688,2737334
2023-05-11,780.0129037322193,780.0129037322193,769.3614392652462,774.1717529296875,4808171
2023-05-12,773.0919153832868,779.1784922880913,770.1468033246839,777.4605102539062,2576010
2023-05-15,778.4912738601289,787.8174618824129,775.1043830683449,782.4671630859375,7569060
2023-05-16,786.1976454678745,786.5903510457644,769.6559565926731,772.9446411132812,4846217
2023-05-17,773.5827628244319,783.0562305243732,769.5578003354951,777.7550048828125,6529233
2023-05-18,783.3507479561426,788.3083413570749,780.111136619189,784.72509765625,11383252
2023-05-19,784.7250660571056,793.5604020303593,778.7366956426163,791.0079956054688,3432240
2023-05-22,786.3448968640175,789.290008837291,784.8723408773808,787.1793212890625,9996762
2023-05-23,794.1494841873458,794.1494841873458,783.3507398963017,785.3141479492188,6516636
2023-05-24,788.2101658638351,788.2101658638351,780.4546802935354,786.7376098632812,9104329
2023-05-25,784.9704899616826,810.3966473842463,783.2525079714676,807.6478881835938,9570396
2023-05-26,812.7527690719038,814.1761919432759,798.518061010525,802.9848022460938,6150206
2023-05-29,814.2253379983717,814.2253379983717,803.0338882051465,806.2244262695312,3684829
2023-05-30,806.2244674198897,811.2311342090853,797.929056045393,803.4757080078125,5148256
2023-05-31,804.0156022056248,872.4894584374225,803.0338981736277,834.3502807617188,47342125
2023-06-01,822.6188586068683,822.6188586068683,807.9423721831552,812.8018188476562,9713155
2023-06-02,817.5631176160166,823.9441939157261,811.820172913662,821.1954345703125,6834131
2023-06-05,823.1588106606805,825.9566431159367,816.9250141776218,819.2319946289062,5298053
2023-06-06,819.2320073961848,822.9133974833456,811.0348027694902,814.2744140625,2722174
2023-06-07,813.7344566733483,831.9941268166318,812.1146211316327,828.8035888671875,4110739
2023-06-08,832.1905392690352,833.8594481459502,819.2811069805442,820.70458984375,4050621
2023-06-09,823.2078985203891,824.4350285521464,813.7835638438763,818.2503051757812,3332436
2023-06-12,819.5756006659927,827.6746590635796,816.5323420839804,821.0481567382812,1569715
2023-06-13,822.766168143948,828.558246202082,817.5140752663316,819.0847778320312,3224345
2023-06-14,816.7777079664461,818.6920427031835,804.0155562794703,812.8018188476562,5108720
2023-06-15,811.8692235911873,818.5447989356941,809.1204643220914,814.5198364257812,3865201
2023-06-16,807.4514991605663,824.6313182916422,805.7825904612853,822.4715576171875,4907797
2023-06-19,824.631337054231,824.631337054231,812.3600373956859,812.9981689453125,3017364
2023-06-20,812.9491130849568,818.4466918056181,811.7219830024602,815.992431640625,2691557
2023-06-21,816.7777301847437,825.3676402077203,815.2070277479253,823.649658203125,3022724
2023-06-22,821.3917564645106,828.0673317432424,819.4283484461508,827.380126953125,4380046
2023-06-23,828.5582523381042,846.965204034004,825.956712531032,839.16064453125,7667340
2023-06-26,841.6638975644546,841.6638975644546,830.8651536012538,836.3627319335938,4431992
2023-06-27,840.8294681734377,855.4077484703582,837.9825026325549,849.0758056640625,5533649
2023-06-28,853.5916357274691,857.6165981965239,847.7995581076513,856.2422485351562,6272649
2023-06-30,863.8995543652205,866.8446664823747,851.1864750758132,862.6724243164062,5217511
2023-07-03,863.8994878781538,867.973583294052,858.5982625078832,863.0650634765625,3333167
2023-07-04,857.8129315608896,857.8129315608896,837.6879998343345,849.3212280273438,7397493
2023-07-05,852.1190997179135,855.0642118137127,847.259652776153,850.7938232421875,4284477
2023-07-06,848.5358732272798,861.8380110642725,847.6523755317137,853.7389526367188,6365222
2023-07-07,849.173993000573,867.4336641427969,846.7197329051955,854.5242919921875,18763997
2023-07-10,851.1373670810265,873.3238534896889,849.1739590831463,869.2007446289062,4310681
2023-07-11,873.7165256153984,876.808917061082,870.0842089746548,875.581787109375,3353977
2023-07-12,873.66748046875,879.312278427949,866.9427721662826,873.66748046875,3033186
2023-07-13,875.0418399403195,876.9561747316848,867.0900614758267,868.8571166992188,4228714
2023-07-14,868.8080835745823,873.9620298330756,863.5559908785493,870.2806396484375,3860080
2023-07-17,869.7897261307073,880.2448974832952,859.9726863323924,862.0342407226562,5614592
2023-07-18,861.0035639116006,864.0959557759929,847.357912952075,859.432861328125,4731911
2023-07-19,859.4328075592721,860.954436826528,851.3337492880989,854.8187866210938,6641825
2023-07-20,855.0641900723869,870.4769549655347,852.1190780514717,868.6607666015625,3779959
2023-07-21,862.0342484095111,875.5818113867556,858.7946372308703,869.7897338867188,7001587
2023-07-24,868.8080600215098,876.2689866260627,864.6848911428009,871.9004516601562,4125577
2023-07-25,871.7531766392531,878.330605608849,863.015986824922,867.4827880859375,3652262
2023-07-26,870.2806587390963,880.0976994468132,867.1391937289347,873.1276245117188,2845581
2023-07-27,873.0784685062312,884.9080501839653,871.9004715869277,878.7723999023438,3445446
2023-07-28,883.4354939517375,883.4354939517375,874.2565251810664,878.7232666015625,2314339
2023-07-31,877.6433706110278,881.3738338044303,869.0534606637722,873.618408203125,4424817
2023-08-01,878.1342583104396,880.9812239760907,871.9004616626513,875.33642578125,2087412
2023-08-02,867.0409669708703,874.3546736043062,856.6348688335829,862.0342407226562,3328903
2023-08-03,858.9910763479985,865.9120781794528,849.2721819167905,855.75146484375,4642067
2023-08-04,853.1008339310042,876.6126583112989,850.3520745280373,873.373046875,7066276
2023-08-07,868.9553531806273,884.073559414361,867.9245160059864,875.0910034179688,4086452
2023-08-08,875.6799670545278,877.9378742683986,864.3412978504615,869.2007446289062,3282856
2023-08-09,868.8080636025412,881.0302907182687,862.7214866534983,867.5318603515625,3185159
2023-08-10,865.8629587692443,867.7282204029109,852.3154550715126,858.794677734375,3439922
2023-08-11,859.9781172257823,861.6546921077359,853.0746231654836,858.548095703125,2812690
2023-08-14,858.49882301156,858.5974202807814,845.7766452099597,855.0963745117188,2665905
2023-08-16,858.005693480659,861.9505472437885,841.4373197142536,845.1356201171875,3962408
2023-08-17,845.3822058603738,847.9956354623415,838.281456776003,844.8890991210938,3013019
2023-08-18,844.8890595481474,850.1159787009581,840.500397735373,844.4452514648438,4929835
2023-08-21,843.8535058567716,861.950497370543,842.3248269570565,859.9287719726562,3220142
2023-08-22,858.9918886146853,867.8185107603136,854.2580762385547,865.5502319335938,3333869
2023-08-23,864.9092398147608,864.9092398147608,854.8498500723608,856.1812744140625,1860153
2023-08-24,860.9643023842145,862.6408772111002,852.2856364607746,857.4632568359375,2842728
2023-08-25,857.4633060163329,863.8736935151591,849.2283874977792,861.4574584960938,3124339
2023-08-28,861.9998317881169,863.6764066487824,853.9128696671406,858.350830078125,3094455
2023-08-29,858.0057376757268,858.0057376757268,836.8021476067289,843.4097900390625,14064286
2023-08-30,847.9955846502774,850.7076715538085,844.6424951403073,845.924560546875,3261665
2023-08-31,843.7056454952223,847.6504994776662,835.3721294185701,844.59326171875,12528190
2023-09-01,841.3880157216618,855.5894530622558,840.9935062703851,854.0115356445312,4427899
2023-09-04,853.8142914881948,857.463293279756,847.8477121743447,853.3704833984375,3102649
2023-09-05,851.2007735241998,855.8359886086195,846.56561863347,853.9622192382812,2216754
2023-09-06,855.1949652904892,870.2347194892997,853.8635410976602,868.1636352539062,4235096
2023-09-07,868.1636721404094,871.5168218866454,861.1122822179088,863.2326049804688,4532834
2023-09-08,869.6429936291222,878.3710186318876,866.0433507130305,873.6371459960938,3741470
2023-09-11,875.7575353033365,879.9982410594229,871.4181720869694,878.5189208984375,2733894
2023-09-12,882.5624110606462,884.1403284505667,872.7988741536548,878.1244506835938,4106031
2023-09-13,875.8067842822528,905.3438871940422,873.3412508203954,902.533203125,5222561
2023-09-14,907.6122163591562,907.9080683522764,897.5528272372292,902.3359985351562,5513106
2023-09-15,900.0183392793422,935.6206797098024,897.4542084754597,923.2437133789062,14003428
2023-09-18,916.5867864397319,922.8985162790999,905.3439292538741,907.5136108398438,2977375
2023-09-20,898.4404442785624,906.6260037958198,892.3259089088394,898.1445922851562,5241903
2023-09-21,897.651462729919,907.4642982518225,890.8958647182594,905.2946166992188,4896202
2023-09-22,905.2946469856972,909.6339500423854,891.3397026135427,898.8349609375,6112928
2023-09-25,899.4266723357491,900.7580364245587,889.6138364047512,897.8487548828125,5278045
2023-09-26,897.4542161101915,908.2532651449808,895.4817892615977,900.1170043945312,5355047
2023-09-27,902.3360080005025,908.3518859672541,894.9394071264512,907.5629272460938,4713145
2023-09-28,913.2336393937695,919.1509199945931,905.9356359086107,912.8884887695312,7386917
2023-09-29,919.1508837249997,923.490246738516,909.0914950618039,913.6281127929688,5608557
2023-10-03,905.5904812892251,915.4526155804227,903.4207997064234,912.5432739257812,4338272
2023-10-04,905.6397695897889,913.184326313958,905.6397695897889,911.5077514648438,5603669
2023-10-05,912.2967733498577,916.784032673227,906.7247032691707,916.0443725585938,7063132
2023-10-06,916.3895554485728,916.3895554485728,911.5570854361968,913.282958984375,2420855
2023-10-09,905.3439637249619,915.2553970407287,903.9139421574639,911.8036499023438,2248103
2023-10-10,911.8036443363156,940.8969414679625,908.3518972190016,935.2755126953125,7897875
2023-10-11,935.4234457782845,943.6090052735049,934.9303390593714,942.425537109375,5645289
2023-10-12,942.4255453988175,943.609013573357,933.9441338363861,937.2479248046875,5544735
2023-10-13,933.2537507159111,942.7707343311474,933.2537507159111,941.0448608398438,4421671
2023-10-16,944.7431622956171,945.5321209966937,930.8375168901686,933.5003051757812,1881721
2023-10-17,933.5003506681002,947.0114872846042,932.9579452967827,940.5025024414062,3863410
2023-10-18,939.8614570777147,945.6801407530503,937.543879450961,939.7135009765625,2334392
2023-10-19,932.7606353255136,938.1848091048574,928.3719735925793,929.949951171875,4306963
2023-10-20,924.8709418589913,934.437224160907,924.0819831543746,932.1689453125,3125104
2023-10-23,928.6185596560593,936.015160524795,924.0820018673782,926.3502807617188,2180066
2023-10-25,911.8529200386376,926.695480424769,906.3301488673036,909.8804931640625,6365249
2023-10-26,908.9436058684945,911.8528872489238,887.6413602728843,893.0162353515625,6595332
2023-10-27,898.1938860436366,905.7384428998489,893.9531803113205,901.9907836914062,3508393
2023-10-30,902.1880683635893,919.1016534149405,897.7994063928543,913.480224609375,3686768
2023-10-31,907.6122021877128,910.8173958161339,899.8211522533034,901.7935791015625,5697563
2023-11-01,890.5506865076859,901.9414390638141,883.1047874909052,900.8566284179688,4821458
2023-11-02,907.3163835051998,913.1843656329122,903.7660391254826,911.11328125,6611573
2023-11-03,912.2474246213361,920.827493518675,909.4860390504098,917.9181518554688,3895154
2023-11-06,921.3206416028502,927.7310291988325,917.1785329636305,926.251708984375,2760800
2023-11-07,923.1450485685227,926.0050915293499,919.5947043770105,924.2299194335938,3616946
2023-11-08,928.8157537379462,928.8157537379462,921.5178108068587,923.8353881835938,1808553
2023-11-09,923.8354570439095,924.3778624072252,917.7209215638343,919.49609375,3914416
2023-11-10,916.1922738561013,924.0819812735921,916.1922738561013,922.6026611328125,1345614
2023-11-13,925.0681983988553,927.3364772517135,920.926089949376,922.1095581054688,1656368
2023-11-15,934.9303441097862,939.5655593313472,923.2930375193099,936.9027709960938,4816316
2023-11-16,935.9165790075699,940.749049067278,930.2458515794418,936.458984375,5310736
2023-11-17,935.7192492792958,940.847570928967,932.9578638352231,934.2399291992188,3249469
2023-11-20,935.9165590901432,951.0056127564409,928.9637663432277,948.1456298828125,4646962
2023-11-21,953.6684342144919,962.8895061658721,947.7511533403585,957.46533203125,5704644
2023-11-22,960.8677523229487,962.8401792230035,952.6328940926968,956.3804931640625,3309732
2023-11-23,956.627081047861,967.4754293896409,950.4139481272168,963.1854248046875,2749555
2023-11-24,961.5581133824509,963.6784963766171,957.6132595839587,959.733642578125,2322104
2023-11-28,960.6212031774514,974.3788929044665,957.8105189100116,971.3216552734375,5096984
2023-11-29,982.1699866016216,993.2155289479946,977.2882180466725,981.6768798828125,5647918
2023-11-30,981.2823382714245,1004.1625013130739,979.0140594779771,1000.7107543945312,9934052
2023-12-01,1001.0066063773827,1008.4525055486441,994.3003672600947,1000.7107543945312,5544950
2023-12-04,1021.7170885551609,1029.606795802691,1011.0659356160437,1018.6598510742188,5164902
2023-12-05,1024.4786206887675,1031.529950826312,1008.0087831874522,1016.8847045898438,4266159
2023-12-06,1014.9122104438597,1020.7308937222647,999.4780064762542,1010.3262939453125,4121251
2023-12-07,1001.0066415405273,1005.6418567469901,984.2410130615234,986.2134399414062,13805235
2023-12-08,984.9313421944802,990.158261215946,977.633338900871,986.4599609375,6630766
2023-12-11,982.367182940045,990.7499971752111,978.3730305490866,987.0516967773438,6195119
2023-12-12,985.4737844421647,987.051701875929,973.3926697467267,981.5289306640625,7119331
2023-12-13,979.5072259069219,988.1858923639949,977.830650976947,986.1148681640625,4153219
2023-12-14,992.1307556160752,997.2590777236048,985.3752173913955,991.341796875,6541673
2023-12-15,985.8683015288926,996.9138440381273,974.6254440967956,978.8661499023438,10119597
2023-12-18,981.2823531014303,985.0299520594615,968.609534729305,976.5978393554688,5750263
2023-12-19,981.7261869940402,984.1917206093783,972.3078606221873,974.8226928710938,3912964
2023-12-20,979.2113323582611,979.9509924259523,955.6408074570255,958.1556396484375,3990591
2023-12-21,954.654614673378,968.0177948131771,946.7649071140938,964.4181518554688,4294277
2023-12-22,968.3629742106023,985.1779008619243,962.1004829224306,975.907470703125,4605120
2023-12-26,981.2823188439769,988.6789192372732,976.0061013075674,986.0654296875,2460643
2023-12-27,986.2134182789054,1009.9318991434651,984.2409914423476,1007.1211547851562,4791379
2023-12-28,1009.7839500588487,1027.5850301498538,1008.107375197405,1022.4074096679688,5288328
2023-12-29,1018.9063963473615,1028.8671275909194,1010.2770291137928,1017.9694213867188,4631749
2024-01-01,1017.7228936715331,1017.7228936715331,993.1169169235629,999.08349609375,3804406
2024-01-02,1003.3735521681342,1011.3124979238426,1001.9928293101128,1007.6142578125,6865791
2024-01-03,1017.7229069195852,1022.7033329253317,1007.2690685775741,1020.9281005859375,3604276
2024-01-04,1020.9773798613927,1044.2027526198056,1013.3835851523644,1033.4530029296875,4664043
2024-01-05,1039.2718299091878,1048.9860087642198,1024.6264631883344,1032.1710205078125,4008221
2024-01-08,1035.524134907209,1044.4000560635563,1030.839620963581,1034.5872802734375,4489695
2024-01-09,1042.4276178663692,1053.1773685613894,1033.6010556335234,1049.82421875,3371125
2024-01-10,1052.2403572179799,1058.5029087264575,1040.7510672186897,1048.0489501953125,3111573
2024-01-11,1051.0569423823747,1059.0946057565116,1042.7727256555797,1048.1968994140625,2604325
2024-01-12,1043.5123480923305,1063.6804838450962,1037.101961154325,1061.5107421875,3394013
2024-01-15,1063.1875076729355,1089.4700010352597,1059.7357604364315,1087.2017822265625,3312897
2024-01-16,1091.7382041306525,1101.600337862637,1077.9312169058746,1080.791259765625,5025540
2024-01-17,1076.945149177177,1093.6614199586245,1063.927179045376,1070.2882080078125,4568700
2024-01-18,1060.376629066698,1080.8899165131406,1060.376629066698,1072.0633544921875,4407330
2024-01-19,1075.9588555772568,1120.6836106935739,1074.775447612418,1109.4901123046875,11753391
2024-01-23,1129.214381611615,1156.384609865607,1119.3522472743955,1142.03515625,18194595
2024-01-24,1124.3819600280942,1177.538890467549,1124.3819600280942,1173.544677734375,9546592
2024-01-25,1169.6491325650616,1184.0971834486747,1141.098301809594,1144.550048828125,11424697
2024-01-29,1142.0351199900256,1153.6231274683355,1142.0351199900256,1146.1279296875,4015858
2024-01-30,1146.1280167017399,1164.5701605719744,1138.6328183518679,1142.67626953125,3902023
2024-01-31,1143.021409175492,1158.8501834885712,1130.3978286327495,1154.56005859375,5981966
2024-02-01,1148.988009796964,1154.066912673751,1133.109877194679,1135.328857421875,3606209
2024-02-02,1139.0764964379189,1158.99795930292,1129.510274449626,1134.9344482421875,4969983
2024-02-05,1138.4355597486633,1143.662539591825,1094.6970139446594,1098.1981201171875,7809331
2024-02-06,1109.4901254427007,1140.1613394996843,1107.5176985530247,1118.4154052734375,9863065
2024-02-07,1123.0998253656078,1132.4194934862473,1116.1963318281346,1118.661865234375,2770694
2024-02-08,1128.6226667278795,1130.6936908412158,1100.8113759331113,1126.4036865234375,6519392
2024-02-09,1130.1513026439034,1130.1513026439034,1100.8608100957515,1104.8056640625,4203171
2024-02-12,1107.4191464085875,1113.4350245897435,1095.979094059811,1103.2769775390625,3887976
2024-02-13,1095.6831824048393,1109.49017120202,1088.5824934641016,1102.438720703125,3211554
2024-02-14,1094.6968622727188,1105.693165642393,1089.4698831537632,1100.4661865234375,4653070
2024-02-15,1106.8274275131657,1115.8511844698764,1094.1052496499617,1105.2493896484375,5056712
2024-02-16,1108.5039358956474,1111.5119351222047,1101.4524855355598,1104.55908203125,3091952
2024-02-19,1105.5946838741286,1129.2144488635233,1102.9318352120604,1126.4530029296875,4711035
2024-02-20,1129.2144052898882,1135.723390011462,1119.3522707458717,1128.1788330078125,5397418
2024-02-21,1139.0764908260933,1143.1693005632474,1116.985286320475,1124.1846923828125,4570259
2024-02-22,1121.9163185196064,1123.050487985607,1082.5171420905613,1119.8946533203125,8642368
2024-02-23,1111.4625030795441,1116.245613997575,1099.9238544412117,1110.229736328125,6709844
2024-02-26,1102.6851613345705,1110.3776738900342,1089.1247272952041,1094.7462158203125,3186134
2024-02-27,1097.655593148039,1115.4074356248268,1086.1169436930818,1111.9556884765625,7149094
2024-02-28,1117.7742707941488,1136.7588783901397,1108.0107342387355,1113.1883544921875,5302711
2024-02-29,1103.4248326921595,1122.261484455324,1083.8485208828965,1107.86279296875,13818650
2024-03-01,1112.4488588420677,1125.0230813156816,1101.9950195297185,1113.13916015625,5927490
2024-03-04,1116.3936046571737,1133.4057863535838,1116.3936046571737,1117.8729248046875,5855090
2024-03-05,1117.4291844237036,1163.4853038374815,1117.4291844237036,1152.784912109375,5375008
2024-03-06,1157.7652047342087,1180.1029629382997,1141.394085919773,1177.242919921875,5464839
2024-03-07,1193.1703693426298,1196.868669938014,1173.0515900262626,1183.1602783203125,8903981
2024-03-11,1169.6490675331627,1201.5038078308794,1169.6490675331627,1180.1029052734375,6679208
2024-03-12,1183.4561757188085,1191.3458835569338,1181.286554218279,1187.6475830078125,4249548
2024-03-13,1195.2906943516043,1195.2906943516043,1135.8219755123262,1152.636962890625,7528096
2024-03-14,1157.7651625563362,1183.1601573821938,1147.508639596765,1178.1304931640625,8569080
2024-03-15,1173.5940161533042,1205.9418657618958,1171.4736331390798,1203.180419921875,10115416
2024-03-18,1208.1114364526068,1213.5849690747523,1198.4464968060338,1208.4073486328125,4141080
2024-03-19,1199.432765550153,1223.299203587274,1197.8548480868242,1211.415283203125,7703719
2024-03-20,1211.3166431983411,1221.9184375515933,1206.7800855060536,1214.8177490234375,6596032
2024-03-21,1220.9323063748739,1225.7647765761296,1197.3617797752963,1203.969482421875,9952250
2024-03-22,1210.0344729963163,1227.835672874467,1205.1527648615252,1219.058349609375,7840007
2024-03-26,1208.1114521799027,1216.987373053061,1193.3182507246386,1196.37548828125,10898138
2024-03-27,1193.860764688126,1211.3166949583808,1193.860764688126,1207.914306640625,5779169
2024-03-28,1210.0345889044436,1221.4254028265746,1203.4763655302231,1211.661865234375,10518377
2024-04-01,1211.0700916347114,1214.9163480879006,1191.345823041312,1200.56689453125,5461473
2024-04-02,1208.1114826009014,1210.8235696026586,1186.6119811229273,1191.5924072265625,3625577
2024-04-03,1178.5250535458156,1223.4963620555268,1173.0515208325537,1208.8017578125,9532291
2024-04-04,1214.9656032702455,1216.0011755406229,1184.7382575442073,1190.211669921875,7327626
2024-04-05,1189.2748044431585,1194.6496195048844,1172.558414500141,1174.5802001953125,4227519
2024-04-08,1171.621591946095,1193.8607536518778,1166.7891219085707,1188.09130859375,4827733
2024-04-09,1198.1999676555577,1198.1999676555577,1181.7796102321865,1187.8447265625,3372798
2024-04-10,1196.52343481367,1213.7328108808472,1192.0854744125477,1212.4508056640625,6442196
2024-04-12,1209.196275824134,1214.8670031093752,1202.7366500185933,1208.6539306640625,7877073
2024-04-15,1193.909974792086,1217.973606974979,1193.66342143035,1207.667724609375,4281602
2024-04-16,1207.0266838354057,1216.938056925768,1195.340078353171,1199.6793212890625,5235632
2024-04-18,1203.1804169804218,1264.177695190026,1199.038368617902,1248.2996826171875,19939924
2024-04-19,1262.3532050038789,1278.6257267871322,1236.0705927128452,1271.2291259765625,13103862
2024-04-22,1286.022283205372,1287.4030060531604,1270.4894220393564,1279.6612548828125,7894656
2024-04-23,1291.939527110868,1332.3742756692998,1284.1484173355489,1323.843505859375,12074766
2024-04-24,1333.3604905976906,1335.3329173589298,1315.1649018802093,1317.9755859375,6277492
2024-04-25,1312.6501010793654,1325.2736813859462,1306.0917575637384,1320.243896484375,8512627
2024-04-26,1319.5535551735718,1327.147350348094,1303.774140462976,1307.718994140625,5289771
2024-04-29,1306.2397292639869,1327.443318678238,1301.8017686889111,1314.080078125,3195888
2024-04-30,1304.9083256985014,1316.3977362505912,1301.752370485921,1304.070068359375,5272565
2024-05-02,1297.1171973947226,1301.7031138636721,1275.7656528279133,1286.0716552734375,7995432
2024-05-03,1287.9947425863597,1292.4327030317183,1240.8044539281873,1259.7890625,11290875
2024-05-06,1257.422082209037,1280.548738232754,1255.646849938026,1265.706298828125,5555467
2024-05-07,1268.615651566955,1276.6039564611576,1253.4772991363725,1268.41845703125,5767030
2024-05-08,1258.5562857465543,1281.485747866059,1257.1262040486083,1270.8345947265625,2682816
2024-05-09,1265.311804121669,1277.4422772109124,1252.5403886262889,1257.8658447265625,4809145
2024-05-10,1257.4714030242196,1290.4601920288928,1254.2168507548677,1283.2115478515625,5532513
2024-05-13,1283.2117087114548,1284.9375823218068,1263.7339922517683,1268.22119140625,3703942
2024-05-14,1272.7578282622558,1281.9789000307385,1263.0435293766575,1266.593994140625,3262908
2024-05-15,1263.881816880964,1300.0758001038328,1262.8462446675198,1291.8409423828125,6891004
2024-05-16,1309.6915589616137,1338.1437950317575,1303.083976510364,1326.5557861328125,11932181
2024-05-17,1334.9385503242647,1341.2503407109705,1320.78641088027,1325.9146728515625,6614017
2024-05-21,1337.3054954067675,1343.9624364790357,1317.334672189963,1325.766845703125,5422220
2024-05-22,1323.6462897620243,1332.3742539506213,1311.2200254606848,1329.3170166015625,3026723
2024-05-23,1332.1277470594475,1358.311760925617,1325.7667187986788,1355.1065673828125,7147341
2024-05-24,1356.53664658917,1378.4798965976097,1355.1066851930134,1369.357421875,5622368
2024-05-27,1376.7539368084301,1387.602284448038,1359.0020952163445,1365.2645263671875,6553974
2024-05-28,1365.708383659235,1367.8286461891164,1348.0551394737822,1352.14794921875,2068963
2024-05-29,1336.8123157610053,1371.0832327456567,1336.8123157610053,1358.114501953125,4445083
2024-05-30,1359.7912167759678,1367.3356537123213,1344.702102128481,1358.1639404296875,7100303
2024-05-31,1360.9746328509152,1368.8643408674423,1319.5536657641483,1353.8245849609375,24825643
2024-06-03,1395.787822362337,1400.866724877541,1365.9055092752292,1371.92138671875,6017122
2024-06-04,1371.9215526705361,1377.7402363000324,1202.2435950852018,1281.7816162109375,19924421
2024-06-05,1307.3737761313134,1330.1552808679628,1262.2051556955462,1325.81591796875,12175520
2024-06-06,1340.264049864824,1357.2762315132186,1310.677646998051,1351.7041015625,10279789
2024-06-07,1351.7041193328077,1410.9262846713211,1344.3568773459206,1405.6007080078125,12280748
2024-06-10,1401.4587031456833,1416.8436092380489,1401.4587031456833,1406.3897705078125,5318477
2024-06-11,1406.3403533278047,1414.8217647612814,1393.5195787182245,1407.5731201171875,4416792
2024-06-12,1405.354173630929,1427.889127004306,1402.4941305334312,1418.5694580078125,4876138
2024-06-13,1429.0232114676485,1435.8773464180806,1400.8667708438215,1406.09375,7990376
2024-06-14,1414.2300538746206,1414.2300538746206,1401.3599205013531,1407.7210693359375,3978442
2024-06-18,1424.0921001657716,1424.0921001657716,1398.4505526558617,1408.6578369140625,8671131
2024-06-19,1414.1806273124805,1415.0190049949163,1369.1600828503258,1373.1541748046875,8640918
2024-06-20,1386.566662326162,1387.552875712471,1357.2761729077358,1362.108642578125,8742855
2024-06-21,1365.8562536401241,1404.3185777456931,1353.923095110488,1396.527587890625,43929578
2024-06-24,1382.6711834457599,1404.170683668555,1370.195559888549,1400.225830078125,6195831
2024-06-25,1414.2301644254685,1414.2301644254685,1390.4130842316201,1395.4427490234375,6353748
2024-06-26,1395.4426823885688,1459.546557073419,1389.525401648429,1439.3785400390625,9579826
2024-06-27,1443.8164905588649,1468.4718268047473,1420.1967265902633,1455.453857421875,19675528
2024-06-28,1515.0703049699323,1515.0703049699323,1416.8434764029776,1424.1414794921875,29145832
2024-07-01,1430.0094919322773,1446.5779259247906,1429.2698318502432,1433.954345703125,6011806
2024-07-02,1441.8441118310177,1453.0869696122393,1397.4645051057128,1399.3875732421875,7792632
2024-07-03,1408.2634513723176,1412.6521734684666,1389.0322890481596,1400.275146484375,8261388
2024-07-04,1398.4506044369582,1421.2321099522144,1392.0402173221203,1403.4310302734375,9570938
2024-07-05,1402.8886909027945,1413.8356365750676,1397.316560601344,1409.9893798828125,4881198
2024-07-08,1411.2714479147253,1419.0131994250407,1403.52969640441,1415.3642578125,3261797
2024-07-09,1416.2024148586067,1421.774544537719,1408.4606638966388,1415.7586669921875,2897480
2024-07-10,1421.1334732236005,1428.7766268790363,1406.4882286838856,1425.127685546875,3416762
2024-07-11,1430.0094077210547,1430.8476650205193,1408.31271325908,1418.12548828125,4178558
2024-07-12,1422.1198465163309,1427.642617959305,1401.8531112282892,1413.490478515625,6342135
2024-07-15,1413.490391187128,1420.1473318049636,1406.3897026830555,1417.7803955078125,3324806
2024-07-16,1431.9818878121805,1452.9882818420633,1425.0783938626726,1446.281982421875,6967651
2024-07-18,1445.7889864136769,1465.4638975213081,1438.9348507653756,1463.1956787109375,6470342
2024-07-19,1459.595929937361,1459.595929937361,1431.932594056229,1441.5975341796875,3858596
2024-07-22,1430.009433084453,1451.7061279312516,1429.0725785073832,1445.1971435546875,3560584
2024-07-23,1449.7338080891718,1449.7338080891718,1408.7565900525128,1445.4930419921875,2936143
2024-07-24,1445.7888482155604,1455.2564728030707,1416.7449116638622,1435.1376953125,4529339
2024-07-25,1425.0784546976074,1433.9543758687344,1420.2459846491834,1429.1712646484375,4277756
2024-07-26,1430.2559923593205,1499.0443774426253,1429.1711816899629,1493.5216064453125,9564987
2024-07-29,1503.975486556938,1503.975486556938,1456.6866005608056,1460.92724609375,4589313
2024-07-30,1463.9352039310047,1464.4283106340004,1443.8657851965568,1450.078857421875,4263689
2024-07-31,1457.4754980696648,1483.4129595158647,1452.8403430889193,1470.9866943359375,5634305
2024-08-01,1464.5270085532734,1490.1685588713779,1464.5270085532734,1484.744384765625,4531379
2024-08-02,1473.5014802768655,1484.399186970816,1463.1462391312123,1473.2056884765625,3335905
2024-08-05,1461.568369787859,1467.4856506372025,1431.4888588036958,1445.4930419921875,5111901
2024-08-06,1462.6531062177266,1472.3180459355494,1411.370008129027,1423.6484375,8249573
2024-08-07,1439.9620182043307,1442.8379996148785,1410.8057382521752,1429.7969970703125,5700734
2024-08-08,1423.1030271553045,1454.34187409286,1418.1444800223592,1439.7637939453125,5986360
2024-08-09,1452.8542325699207,1469.7132919239743,1445.2181188152174,1451.961669921875,3615910
2024-08-12,1453.8459980796479,1465.2506563183356,1433.0201004263924,1446.50732421875,4028226
2024-08-13,1455.8293808709282,1466.1431827127315,1438.3256859696467,1447.59814453125,4495208
2024-08-14,1441.0528868298818,1467.829040293595,1441.0528868298818,1459.4986572265625,5891784
2024-08-16,1467.7298715848824,1478.6386746844998,1455.9285058381872,1471.25048828125,7176426
2024-08-19,1474.671955092678,1476.7545207301773,1452.1601989560693,1457.4658203125,4404075
2024-08-20,1467.7299538379389,1472.440573622216,1434.5076879909316,1437.1357421875,10046892
2024-08-21,1440.9538233962949,1454.4410476348723,1435.6977149151705,1451.317138671875,6175510
2024-08-22,1461.4820737350453,1487.4649322833907,1452.8542505000953,1474.0272216796875,6781325
2024-08-23,1480.6221740935323,1497.4812343477788,1467.085316207143,1494.2581787109375,6238112
2024-08-26,1496.489504800467,1508.0924565137798,1492.5226671469204,1501.0018310546875,4307432
2024-08-27,1505.414868633024,1513.6956179082501,1489.547518239,1510.12548828125,3965066
2024-08-28,1515.282328261828,1551.5293552301443,1509.034631681102,1543.4468994140625,6225319
2024-08-29,1552.0252839660698,1558.6696888351357,1533.1331705845757,1552.9178466796875,8036748
2024-08-30,1562.9339985302859,1595.0654069756854,1548.6533591036334,1575.8758544921875,37820442
2024-09-02,1591.6935546081613,1591.6935546081613,1552.5210341053435,1558.322509765625,4890314
2024-09-03,1565.9092212522494,1565.9092212522494,1545.6783242644397,1547.6617431640625,4546295
2024-09-04,1545.0832368835377,1553.0169120408345,1529.2158865689444,1548.950927734375,5213811
2024-09-05,1546.0750225923184,1550.0418603667697,1528.7201073290948,1534.372802734375,5652812
2024-09-06,1539.9264809899037,1542.7031948124218,1517.5137505935581,1526.48876953125,5497805
2024-09-09,1510.6214083067318,1533.9265802057687,1510.6214083067318,1529.860595703125,3912508
2024-09-10,1532.3398273000187,1572.8511327043614,1532.3398273000187,1564.7686767578125,6163457
2024-09-11,1565.3636304646234,1585.644160024583,1561.3967929242822,1564.7191162109375,5994914
2024-09-12,1582.916941982038,1639.097302247129,1576.917051844284,1633.097412109375,12204496
2024-09-13,1637.3122533966011,1641.1799443485638,1617.527698879112,1620.8994140625,5609618
2024-09-16,1620.8994038668964,1639.2460280324376,1616.5854921261139,1621.89111328125,3762063
2024-09-17,1636.3205587342034,1652.2375435015663,1624.9159002945407,1647.97314453125,4223072
2024-09-18,1641.477371829532,1657.0967950829047,1634.1883318562805,1641.179931640625,3171195
2024-09-19,1634.0395229327034,1697.5089242598776,1634.0395229327034,1651.04736328125,8498240
2024-09-20,1657.1464350262888,1709.1120326642626,1652.187887943625,1697.55859375,21646275
2024-09-23,1704.7485306163608,1739.7062884431361,1704.7485306163608,1735.937744140625,5001827
2024-09-24,1737.4748308899004,1752.8959601467361,1731.623721345911,1742.0863037109375,7579205
2024-09-25,1740.9955313468167,1752.2514091209669,1730.5329484785486,1745.8052978515625,4017103
2024-09-26,1755.3256477718326,1764.2510324215198,1731.6734026618167,1756.41650390625,7417423
2024-09-27,1740.6483058195895,1748.8299084418002,1708.2194565766843,1720.2191162109375,7116861
2024-09-30,1699.7898894037503,1718.6323677577009,1690.07108898735,1695.3768310546875,6907288
2024-10-01,1690.8645168244616,1708.5665052962765,1681.9391322781742,1684.61669921875,3649090
2024-10-03,1651.1961537838697,1680.9474358340296,1651.1961537838697,1659.5760498046875,7200276
2024-10-04,1656.2043744726727,1672.716239560555,1616.6351441837319,1627.2960205078125,8576527
2024-10-07,1637.31219276775,1656.1546710612615,1628.8330291123602,1648.2706298828125,5387707
2024-10-08,1648.8160679915902,1665.5759815080908,1638.3039722842311,1643.708740234375,5224335
2024-10-09,1652.9316226564424,1690.467798785298,1647.278927567443,1664.1875,3414614
2024-10-10,1672.617029799058,1684.86461653074,1651.1961312272244,1664.1875,5047657
2024-10-11,1664.187576305186,1676.236870135029,1644.8988762450629,1673.4105224609375,2367678
2024-10-14,1672.0220941797384,1695.8727543260768,1665.4272022775158,1681.54248046875,2069815
2024-10-15,1693.8396276523147,1718.3844349031313,1685.8563186888402,1703.012939453125,5891334
2024-10-16,1705.7401652065914,1727.8056993204557,1702.864183739646,1719.574462890625,3299887
2024-10-17,1722.351340028693,1723.541342912728,1680.352470185237,1687.0465087890625,4373392
2024-10-18,1695.8231174450298,1701.8725207283533,1671.228675271638,1693.69091796875,4154915
2024-10-21,1691.4100446873852,1694.7817598587612,1648.2210511511773,1678.517822265625,3836168
2024-10-22,1677.9722874963065,1698.6990379542221,1673.3608146222061,1678.22021484375,3070057
2024-10-23,1675.9888614644642,1687.2447387780294,1666.1709143365383,1671.82373046875,2764757
2024-10-24,1673.0138321388245,1678.9640888032186,1643.6592568061362,1664.53466796875,3669575
2024-10-25,1667.1626539919503,1670.7824175263368,1642.1219915538793,1652.1878662109375,3434386
2024-10-28,1644.4029739708797,1663.9396008243875,1632.0066064094465,1649.559814453125,2811651
2024-10-29,1636.8163962480994,1654.121677188332,1596.6521647739714,1623.5274658203125,6990747
2024-10-30,1614.3046789789096,1637.3122896223679,1604.3875845535772,1619.80859375,4622628
2024-10-31,1620.453196677562,1625.2134503297918,1588.8672757765003,1599.2305908203125,4921681
2024-11-01,1606.5692007178998,1612.866531089306,1592.0406340429627,1603.048583984375,279441
2024-11-04,1605.726334262962,1610.3873201213667,1560.008554136931,1578.0576171875,6094029
2024-11-05,1570.123975571089,1580.6857053503006,1553.016987679978,1565.314208984375,6473278
2024-11-06,1569.8759869347814,1597.3959229028424,1553.5127817645832,1585.5450439453125,6631728
2024-11-07,1582.718565296283,1595.214200557558,1556.6366807641537,1562.7357177734375,5160994
2024-11-08,1557.9754997056518,1566.4050297804436,1545.9262060341464,1556.8846435546875,3096384
2024-11-11,1548.0584034325336,1568.4875932572072,1538.9347251988436,1547.6121826171875,3664301
2024-11-12,1555.79381090626,1581.7765496942259,1537.2487718266007,1542.7528076171875,4479934
2024-11-13,1546.967551869879,1559.4630663776882,1533.5298407760313,1537.5958251953125,5816699
2024-11-14,1537.1495310547505,1555.0002998024831,1523.811088386004,1537.6453857421875,5139154
2024-11-18,1555.942390635251,1555.942390635251,1516.7698699412754,1524.25732421875,4816078
2024-11-19,1524.2573190174585,1545.0832160242032,1506.7041113922262,1512.8526611328125,6238241
2024-11-21,1525.2490568094568,1529.2655283017389,1498.472903016313,1512.505615234375,7356679
2024-11-22,1520.2905717507851,1561.9423682371082,1507.5966424935457,1556.2896728515625,7640321
2024-11-25,1568.8346766198333,1595.908392348482,1549.5956106194408,1565.6612548828125,12155641
2024-11-26,1576.8180013485198,1591.544862243798,1553.0169749130705,1564.1737060546875,4030593
2024-11-27,1556.1409042638131,1570.619837990379,1541.2652625464616,1564.5704345703125,4982785
2024-11-28,1557.9754743817023,1575.3303889594742,1544.0419088259516,1547.46337890625,6714728
2024-11-29,1538.290116988543,1635.229714428469,1538.290116988543,1613.6600341796875,10775801
2024-12-02,1613.6599398846556,1632.5519309153465,1603.7923589308846,1629.9735107421875,3790108
2024-12-03,1639.1965215609926,1639.1965215609926,1599.776072187385,1607.11474609375,9131055
2024-12-04,1616.238354059703,1616.9821360910237,1569.2809393606492,1570.966796875,8772014
2024-12-05,1586.7350485118698,1608.6022893224847,1572.2064815122776,1601.957763671875,10324005
2024-12-06,1604.585874710944,1611.1807667018509,1581.5782641149153,1584.6029052734375,4296866
2024-12-09,1582.6690244241763,1592.5861182283777,1575.875839379953,1589.263916015625,4264409
2024-12-10,1597.1976891795864,1598.4868388183645,1557.033456805162,1565.5621337890625,14645786
2024-12-11,1574.8344929756463,1574.8344929756463,1558.173726994408,1572.85107421875,3853182
2024-12-12,1565.413296958698,1604.486671756462,1565.413296958698,1597.1976318359375,13120939
2024-12-13,1604.5857779575313,1671.0303064638074,1593.4786813171052,1667.8072509765625,12900707
2024-12-16,1667.807251180467,1673.0137254297294,1646.386352766584,1648.7664794921875,4375126
2024-12-17,1636.8163247292393,1644.8987803535226,1595.1645309463686,1601.908203125,6182486
2024-12-18,1607.957718950532,1609.5444298514833,1582.8674215591093,1588.619384765625,3905144
2024-12-19,1573.2478079753505,1596.4041981301114,1572.3056114154133,1587.0325927734375,5865855
2024-12-20,1596.6521560714723,1608.850230283404,1560.3556157413789,1565.0166015625,9738879
2024-12-23,1572.8510896827163,1594.1232076362628,1565.2644886513433,1573.74365234375,4363599
2024-12-24,1576.8179578613504,1585.545049070309,1561.9423167494508,1570.7685546875,3610076
2024-12-26,1570.7686146769386,1593.5282980240522,1567.9917798066892,1586.2392578125,3400479
2024-12-27,1586.2392296228948,1614.949169131801,1583.0658078775332,1586.5863037109375,2559578
2024-12-30,1591.6935680584866,1599.676877056794,1567.991689468889,1573.74365234375,4438130
2024-12-31,1569.876050062244,1583.9582757456174,1550.388935273378,1574.586669921875,2249626
2025-01-01,1579.793136063459,1593.2308473829798,1570.9173850092022,1582.470703125,1405565
2025-01-02,1586.6359345201176,1606.1725617847092,1575.2312761236258,1596.3546142578125,3728040
2025-01-03,1601.6107360644885,1603.5941549326797,1580.090689767925,1585.5946044921875,3669685
2025-01-06,1582.9169968001856,1596.5033672751379,1554.1077900561047,1575.28076171875,4584188
2025-01-07,1580.7847975210407,1589.7101821996414,1570.9173373274543,1577.660888671875,2830856
2025-01-08,1585.4954295765262,1600.0735095752789,1564.7686785607114,1585.941650390625,3674564
2025-01-09,1586.7350846801287,1606.7675667009034,1579.198117239554,1593.7266845703125,4684859
2025-01-10,1594.668767171449,1611.5278275208984,1578.603122791168,1602.5032958984375,4145892
2025-01-13,1566.9008981935704,1601.3131669647628,1565.016626066365,1583.958251953125,3705039
2025-01-14,1591.3960676641,1619.8582008285803,1565.4133291231879,1586.834228515625,7284572
2025-01-15,1594.7184135262914,1600.470255643723,1579.7931380299403,1594.123291015625,2960985
2025-01-16,1605.6272288932903,1621.4449461526285,1587.2806041203096,1616.6846923828125,5299325
2025-01-17,1616.5855003569166,1625.4117384012577,1609.544387690812,1614.007080078125,2678801
2025-01-20,1624.4200364154299,1631.3620023830172,1604.6849946673472,1627.5439453125,3933044
2025-01-21,1640.2874187370853,1642.9649858098971,1606.8668589309905,1612.6683349609375,7958844
2025-01-22,1614.0070368382655,1627.3951136415324,1609.0981237670446,1618.2218017578125,3262136
2025-01-23,1611.0319869360887,1631.7587384650515,1603.7924595933343,1622.4366455078125,2457080
2025-01-24,1620.5028200642591,1648.1219030954665,1620.5028200642591,1631.1636962890625,3620058
2025-01-27,1625.362089411334,1633.5436920454204,1580.4872386001332,1589.3134765625,6622807
2025-01-28,1594.3216193165626,1616.783861131008,1583.7598901393571,1604.932861328125,5216471
2025-01-29,1606.5692417735918,1613.4120609039126,1579.9418683669626,1587.1812744140625,5009227
2025-01-30,1593.3794629145157,1631.3123479015524,1581.974804683119,1627.147216796875,4283637
2025-01-31,1625.5108240580212,1625.5108240580212,1561.1984948377387,1612.8170166015625,8340866
2025-02-03,1606.4700794072216,1647.229311488262,1594.7678600774923,1638.6510009765625,4146970
2025-02-04,1648.369806325564,1654.4688433579638,1615.544249339391,1647.675537109375,6385876
2025-02-05,1656.1547111591876,1661.3115516568514,1635.4279603228454,1646.683837890625,3920893
2025-02-06,1652.0887017540035,1653.477119115643,1599.8751780090004,1606.3212890625,5229162
2025-02-07,1621.494520867708,1693.3934531647135,1621.4448869738474,1662.8487548828125,14873255
2025-02-10,1684.7655138415037,1685.906003879313,1664.1380306643002,1679.013671875,6782878
2025-02-11,1691.8562956698006,1692.500931014039,1672.2204004385974,1682.6829833984375,8965266
2025-02-12,1689.872896818191,1699.492430025827,1670.5345626116448,1697.3603515625,7148192
2025-02-13,1695.823048734932,1714.070525634729,1689.7736456967139,1700.3848876953125,5356002
2025-02-14,1699.7899351304422,1709.8061759974432,1691.112477760319,1702.814697265625,5125863
2025-02-17,1697.5585223514956,1702.6658498434836,1652.4357457970964,1661.65869140625,4906462
2025-02-18,1677.9723057142642,1681.889509423088,1642.0724738380143,1655.0638427734375,7529598
2025-02-19,1656.1547449752838,1659.5760940790167,1624.8662640945047,1631.560302734375,7776555
2025-02-20,1626.254626147329,1636.122207256284,1613.7591119899116,1629.8743896484375,5524503
2025-02-21,1629.8744330069487,1644.9483677790772,1615.6929398668744,1625.65966796875,5447583
2025-02-24,1613.511174849537,1623.973757319966,1584.7516025873142,1588.0242919921875,4673190
2025-02-25,1583.7599475515622,1635.4776181406846,1583.7599475515622,1627.7918701171875,6286808
2025-02-27,1629.7753190712936,1642.270833812559,1625.0646992279303,1636.71728515625,7568745
2025-02-28,1628.3372818952935,1634.7833933159038,1546.5708862217894,1557.18212890625,13640211
2025-03-03,1565.9091795525883,1589.4622783583984,1559.7109956563227,1582.5699462890625,6993525
2025-03-04,1575.8262866626471,1577.3138508099057,1555.0003886010263,1562.2894287109375,5219668
2025-03-05,1564.9174367927353,1612.6186348305923,1564.0248741190308,1604.833740234375,6295425
2025-03-06,1604.5858711625117,1618.221875939078,1577.2642277141515,1613.412109375,5174009
2025-03-07,1615.494684360612,1628.7836151225642,1602.2057535986596,1617.1805419921875,3035558
2025-03-10,1626.4034856746728,1641.1799805793491,1613.1145549337234,1617.428466796875,3778450
2025-03-11,1616.4863098758956,1662.5016499024227,1610.5856874134624,1649.1630859375,6078564
2025-03-12,1675.9888579676951,1702.417937247302,1620.4531324965762,1629.229736328125,9907628
2025-03-13,1637.1139063985204,1643.163309454644,1616.0895947345548,1618.965576171875,8317331
2025-03-17,1598.833904929244,1634.7338591616337,1598.833904929244,1625.560546875,6405522
2025-03-18,1625.560546875,1625.560546875,1625.560546875,1625.560546875,0
2025-03-19,1621.444827000761,1628.4364265129727,1614.0070066934181,1623.5770263671875,6283464
2025-03-20,1646.2375771399904,1695.4759722582721,1632.4527924932477,1691.1124267578125,12074465
2025-03-21,1695.4760559490876,1717.045736111863,1677.9723602490183,1711.4921875,14715349
2025-03-24,1725.5743618261117,1725.5743618261117,1700.6328461202454,1704.5501708984375,4120999
2025-03-25,1710.6986746006844,1726.0701699376762,1691.9553431716658,1716.153076171875,4857399
2025-03-26,1724.7314760545662,1750.3671405587422,1711.8392534895443,1724.136474609375,7142394
2025-03-27,1725.5246911253353,1731.9212892754517,1699.0460990440622,1710.401123046875,6222339
2025-03-28,1718.9300280719228,1731.2767622290205,1646.237677388042,1719.0291748046875,4133264
2025-04-01,1700.781669480624,1750.3671408940534,1694.2859243021528,1709.8558349609375,6773056
2025-04-02,1705.7402225998721,1745.8053078539904,1702.7154604097407,1740.0533447265625,6431226
2025-04-03,1733.5080770555912,1740.4004091446,1721.0620753330531,1731.524658203125,2341989
2025-04-04,1739.954164975184,1756.1190768291567,1725.5743784877857,1728.9957275390625,7817334
2025-04-07,1715.657327978495,1760.036325335164,1655.5597602389971,1672.666748046875,14870388
2025-04-08,1706.4342809992186,1727.8553004445048,1692.6496174698434,1706.1368408203125,7206935
2025-04-09,1705.3931328586782,1712.5333922783918,1697.409823583095,1701.3271484375,5600666
2025-04-11,1745.4085794041125,1752.3505453449245,1717.9877897262502,1742.0367431640625,8340002
2025-04-15,1793.2089346430635,1804.9111542864744,1766.3336334255087,1783.886962890625,10313411
2025-04-16,1787.4570207876448,1811.3571927685562,1779.2257844639905,1807.489501953125,6180958
2025-04-17,1818.79506784495,1881.9669091826656,1810.5638312738126,1873.438232421875,10894325
2025-04-21,1882.6611635747417,1888.5122732911605,1853.1081748053396,1867.7855224609375,3501123
2025-04-22,1872.3473614239613,1872.3473614239613,1821.5718881815376,1836.8441162109375,6155127
2025-04-23,1851.521433311533,1870.2647650162721,1820.8775889127721,1866.0003662109375,6855027
2025-04-24,1858.959253741363,1862.2319431555222,1824.2494250505401,1830.298828125,5180688
2025-04-25,1831.3897047100984,1846.2653457438348,1791.0271804618708,1802.13427734375,4570083
2025-04-28,1820.7785145534906,1823.6544961138422,1798.3659056339327,1806.6962890625,3301891
2025-04-29,1808.5804197114385,1832.4807135652707,1802.5310164648379,1808.6796875,4684155
2025-04-30,1821.7702269427543,1861.3394574990027,1811.8531326208015,1849.042236328125,9139821
2025-05-02,1836.645863591673,1867.9838573549073,1816.9108217312728,1832.8773193359375,3866806
2025-05-05,1852.5132040042204,1857.9676058361385,1833.869018409988,1850.52978515625,3548839
2025-05-06,1872.644962701827,1896.148427739512,1866.9921463230748,1885.2396240234375,8597920
2025-05-07,1885.239594001668,1901.1069446087308,1869.8680981010757,1881.074462890625,5554616
2025-05-08,1881.272710309228,1889.9998013528443,1846.9595896728601,1859.35595703125,5500724
2025-05-09,1839.6209414378845,1855.5874386047467,1821.2743174936254,1833.07568359375,3686209
2025-05-12,1853.4057669450206,1867.7855535947258,1838.6292723140127,1855.2900390625,3936019
2025-05-13,1854.496571926845,1868.0829422390414,1801.5392659286156,1805.506103515625,8817763
2025-05-14,1814.8282769743653,1855.1908027985153,1805.1094760295505,1818.993408203125,7401614
2025-05-15,1834.5632267321403,1854.3974145533252,1809.8696386831102,1851.7197265625,8788351
2025-05-16,1818.7950030308969,1818.7950030308969,1795.0931246357968,1798.9608154296875,100662047
2025-05-19,1806.8944960207482,1813.5389004642545,1794.0022740403588,1803.2252197265625,5799804
2025-05-20,1794.7957609339292,1809.770548999271,1784.581105460745,1793.9031982421875,12512596
2025-05-21,1797.9691415627142,1811.3572184579689,1790.3330276087313,1807.390380859375,6849562
2025-05-22,1804.812016356604,1821.4726621501404,1801.241886619295,1816.2166748046875,6496923
2025-05-23,1809.8696336077833,1826.5303997541675,1806.3986507488094,1816.5140380859375,3460945
2025-05-26,1818.79505409742,1834.6624046238971,1815.7207791445708,1832.083984375,3254715
2025-05-27,1828.7122094805422,1842.1994336685257,1818.4975538133851,1828.513916015625,5847725
2025-05-28,1832.678970068801,1851.5214486571706,1829.8029885989208,1840.7117919921875,3713699
2025-05-29,1842.5961096408364,1851.5214944561042,1835.1582889614467,1848.149658203125,5786774
2025-05-30,1838.6292008609764,1851.521422873486,1827.7203976196222,1840.8109130859375,16712960
2025-06-02,1828.7121527216095,1843.5877938771541,1816.3157850919893,1838.7283935546875,3199499
2025-06-03,1851.5214287655804,1854.0007022374143,1816.8116001599053,1826.0345458984375,5596977
2025-06-04,1839.6209109553906,1868.9754845681452,1834.6623640255916,1859.851806640625,5892170
2025-06-05,1868.3804731686369,1873.3390200719505,1853.1081244947754,1863.2236328125,8999675
2025-06-06,1856.5792184367435,1866.2980193721837,1851.8190857596499,1854.6949462890625,4644174
2025-06-09,1858.463445042735,1859.4551544584463,1833.373148401931,1849.63720703125,3649505
2025-06-10,1851.1247304530432,1860.050114998196,1834.959939967343,1841.7034912109375,7925901
2025-06-11,1842.4969729787406,1851.0256498593915,1832.4807319540828,1844.77783203125,8907265
2025-06-12,1856.3808230050638,1867.3887729729095,1816.4148863444686,1828.910400390625,7346031
2025-06-13,1799.952525301367,1829.3070987475194,1799.952525301367,1825.1419677734375,4613000
2025-06-16,1826.827881095153,1854.4965978631628,1823.5553126750672,1845.8687744140625,5722187
2025-06-17,1863.4219260072807,1863.4219260072807,1832.2822272471274,1839.422607421875,6561555
2025-06-18,1832.2823329288224,1855.4883579832406,1827.8196404590603,1850.4306640625,5069427
2025-06-19,1856.4800514867475,1863.4220174912384,1848.6455227843087,1861.4385986328125,4712312
2025-06-20,1864.4136798927684,1932.8416287824498,1858.4634234675787,1920.6435546875,16228526
2025-06-23,1913.9991306359723,1932.8416091240983,1911.1231491813926,1920.2469482421875,2946463
2025-06-24,1934.7259575561889,1946.7256174869638,1913.1066434878355,1917.5693359375,6837210
2025-06-25,1925.8996376580956,1953.6675006109415,1921.9328000934033,1949.303955078125,4152765
2025-06-26,1953.6675658769398,2001.6663262248617,1949.9982894303303,1997.600341796875,9413241
2025-06-27,1993.3358611340732,2022.095433259888,1991.9474437853098,2010.2940673828125,6405854
2025-06-30,2001.2695922519854,2007.1207019910378,1983.6171163053416,1992.939208984375,5597484
2025-07-01,1992.3441571547958,2013.9634702002932,1990.261591655139,2002.657958984375,3769165
2025-07-02,2020.11202533933,2028.8391163856081,2001.5671081888327,2016.4427490234375,6513288
2025-07-03,2024.8722993688673,2027.9465742942143,1996.2118735251586,2002.558837890625,5558647
2025-07-04,2010.1949970414346,2019.6162365440955,1988.4765365025921,2000.4761962890625,2178315
2025-07-07,2001.2696375863966,2019.1204073963843,1993.9309635639677,2017.037841796875,4165432
2025-07-08,2009.2032064202972,2018.1285908515817,1998.0961097735637,2013.1700439453125,3624619
2025-07-09,2018.128646712418,2023.7813419187191,1981.931253294726,2002.9554443359375,2937734
2025-07-10,2011.7816836964873,2011.7816836964873,1946.0314224882566,1948.213134765625,5695845
2025-07-11,1925.8996432020544,1942.8578496282753,1898.3300736247704,1905.96630859375,13103980
2025-07-14,1899.1234997073275,1911.5198671988896,1884.4461521740072,1904.974609375,5269381
2025-07-15,1908.8423349640334,1926.8913979367326,1907.2555030496296,1918.164306640625,4163140
2025-07-16,1927.8831074944278,1927.8831074944278,1912.809172772721,1920.54443359375,4211258
2025-07-17,1927.585541707482,1928.7756656405695,1911.6190443360201,1913.9000244140625,6256455
2025-07-18,1915.0999755859375,1916.0,1891.800048828125,1901.0,4643961
2025-07-21,1894.800048828125,1919.9000244140625,1892.5999755859375,1909.199951171875,5109654
2025-07-22,1909.199951171875,1911.300048828125,1883.0,1906.800048828125,4513541
2025-07-23,1920.0,1949.0,1907.300048828125,1943.800048828125,5194282
2025-07-24,1943.800048828125,1970.4000244140625,1933.699951171875,1936.0999755859375,4150685
2025-07-25,1936.0999755859375,1952.699951171875,1925.0,1937.9000244140625,3896884
2025-07-28,1930.0,1930.0,1885.0,1890.300048828125,3575044
2025-07-29,1880.0,1923.5999755859375,1880.0,1918.300048828125,3748040
2025-07-30,1934.0,1939.199951171875,1922.0999755859375,1932.5999755859375,5044683
2025-07-31,1913.0,1926.5,1895.5999755859375,1914.300048828125,4674966
2025-08-01,1914.0,1919.699951171875,1878.0,1884.4000244140625,5192594
2025-08-04,1892.0,1919.9000244140625,1878.5,1914.5999755859375,3074380
2025-08-05,1920.0,1937.5999755859375,1912.0999755859375,1931.800048828125,5167672
2025-08-06,1930.0,1964.800048828125,1921.5999755859375,1929.699951171875,5461349
2025-08-07,1928.0999755859375,1933.300048828125,1909.0999755859375,1922.5999755859375,4268534
2025-08-08,1886.300048828125,1893.800048828125,1856.0,1858.5999755859375,93801105
2025-08-11,1863.0,1866.0,1845.699951171875,1857.4000244140625,5266532
2025-08-12,1857.4000244140625,1865.0,1847.0999755859375,1850.300048828125,4645011
2025-08-13,1853.0,1872.5,1851.800048828125,1867.4000244140625,6697206
2025-08-14,1873.0,1883.0,1866.800048828125,1873.800048828125,3958631
2025-08-18,1892.5,1912.5999755859375,1870.300048828125,1892.300048828125,7146376
2025-08-19,1901.0999755859375,1931.800048828125,1900.0,1909.699951171875,5706265
2025-08-20,1937.0,1952.0,1926.0,1928.4000244140625,6962619
2025-08-21,1930.0,1940.9000244140625,1927.699951171875,1929.9000244140625,3376913
2025-08-22,1934.0,1947.699951171875,1917.4000244140625,1933.300048828125,3271920
2025-08-25,1940.0,1940.0999755859375,1913.199951171875,1930.699951171875,2451388
2025-08-26,1922.0999755859375,1925.800048828125,1896.199951171875,1904.699951171875,5984656
2025-08-28,1893.0,1899.800048828125,1878.199951171875,1881.0999755859375,5494113
2025-08-29,1872.5,1900.0999755859375,1872.5,1888.800048828125,4339042
2025-09-01,1889.0,1904.800048828125,1884.199951171875,1900.5999755859375,3421488
2025-09-02,1904.5,1917.5,1878.0,1887.199951171875,4423049
2025-09-03,1891.0,1892.0999755859375,1870.0,1883.9000244140625,3803044
2025-09-04,1899.0,1903.5,1876.5999755859375,1880.4000244140625,5205333
2025-09-05,1887.0,1910.699951171875,1875.699951171875,1895.300048828125,2620140
2025-09-08,1898.0,1899.0,1884.0999755859375,1887.699951171875,2547552
2025-09-09,1892.0,1904.0,1883.0,1893.699951171875,4517793
2025-09-10,1904.0,1905.0,1883.0,1891.4000244140625,3566139
2025-09-11,1884.0,1916.0,1882.0999755859375,1913.0,4718266
2025-09-12,1925.0,1925.0,1901.5999755859375,1902.5999755859375,3192824
2025-09-15,1904.0,1913.0,1898.4000244140625,1904.5,3553258
2025-09-16,1903.300048828125,1942.0,1902.5,1939.5,5427586
2025-09-17,1938.0999755859375,1950.0999755859375,1932.5999755859375,1941.300048828125,4234637
2025-09-18,1944.5,1949.800048828125,1920.5,1941.0999755859375,5080814
2025-09-19,1930.199951171875,1976.800048828125,1927.800048828125,1962.4000244140625,11287603
2025-09-22,1954.0,1966.0,1944.0,1956.199951171875,4469137
2025-09-23,1950.0,1955.0,1930.0999755859375,1938.699951171875,4348633
2025-09-24,1926.0,1937.300048828125,1918.800048828125,1931.0999755859375,5237977
2025-09-25,1930.0,1950.0,1928.800048828125,1935.5999755859375,7133365
2025-09-26,1931.0999755859375,1944.699951171875,1911.9000244140625,1916.5999755859375,3239306
2025-09-29,1928.0,1928.0,1897.5,1902.199951171875,5072608
2025-09-30,1896.0,1907.5999755859375,1875.199951171875,1878.4000244140625,5945625
2025-10-01,1868.0,1877.0,1855.9000244140625,1867.5999755859375,5675393
2025-10-03,1851.199951171875,1900.300048828125,1848.0999755859375,1896.699951171875,5828332
2025-10-06,1892.5999755859375,1907.0,1887.5,1903.0999755859375,2809218
2025-10-07,1900.0,1946.0,1900.0,1929.0,5713060
2025-10-08,1929.0,1962.5999755859375,1927.5999755859375,1943.5,4957406
2025-10-09,1945.0,1948.800048828125,1931.300048828125,1942.0,3945737
2025-10-10,1937.0,1947.5999755859375,1935.4000244140625,1939.9000244140625,2512581
2025-10-13,1937.9000244140625,1965.9000244140625,1936.0,1954.9000244140625,3672419
2025-10-14,1964.0,1964.0,1939.199951171875,1946.5999755859375,4454239
2025-10-15,1957.199951171875,1976.0,1951.5999755859375,1968.5,3447352
2025-10-16,1962.300048828125,1986.9000244140625,1962.0,1967.4000244140625,3700674
2025-10-17,1973.5999755859375,2034.300048828125,1970.300048828125,2012.0,6743801
2025-10-20,2026.0,2057.0,2019.699951171875,2051.5,7387180
2025-10-21,2051.800048828125,2058.5,2038.5,2043.5,240850
2025-10-23,2063.89990234375,2067.0,2003.5999755859375,2007.9000244140625,8790128
2025-10-24,2008.0,2033.0,2006.9000244140625,2029.300048828125,3236799
2025-10-27,2030.0,2094.0,2030.0,2080.10009765625,5796831
2025-10-28,2092.0,2102.60009765625,2071.699951171875,2090.199951171875,9891522
2025-10-29,2083.0,2110.39990234375,2081.60009765625,2100.60009765625,2742750
2025-10-30,2070.0,2088.0,2058.60009765625,2066.300048828125,4222189
2025-10-31,2056.0,2073.800048828125,2051.699951171875,2054.5,4659723
2025-11-03,2055.0,2081.0,2047.199951171875,2074.0,2979629
2025-11-04,2107.0,2135.60009765625,2103.5,2113.300048828125,12263078
2025-11-06,2115.0,2123.300048828125,2080.5,2094.89990234375,9546299
2025-11-07,2048.0,2048.0,1995.5999755859375,2001.199951171875,70392750
2025-11-10,1995.0,2028.800048828125,1992.199951171875,2019.800048828125,7457061
2025-11-11,2020.0999755859375,2056.89990234375,2017.4000244140625,2042.300048828125,14825625
2025-11-12,2060.0,2079.800048828125,2054.89990234375,2073.800048828125,8210277
2025-11-13,2099.89990234375,2107.0,2079.0,2091.800048828125,5958875
2025-11-14,2090.0,2107.89990234375,2081.89990234375,2100.699951171875,6312655
2025-11-17,2112.0,2122.0,2100.89990234375,2112.199951171875,5998770
2025-11-18,2122.0,2159.0,2110.300048828125,2149.199951171875,10972556
2025-11-19,2155.0,2166.199951171875,2146.699951171875,2159.800048828125,7419461
2025-11-20,2153.10009765625,2169.300048828125,2149.89990234375,2158.300048828125,7452899
2025-11-21,2150.10009765625,2174.5,2148.60009765625,2162.699951171875,6720938
2025-11-24,2162.10009765625,2165.800048828125,2140.39990234375,2152.10009765625,9686848
2025-11-25,2159.0,2170.699951171875,2138.699951171875,2161.60009765625,7102592
2025-11-26,2104.0,2134.89990234375,2097.5,2126.800048828125,43174047
2025-11-27,2132.0,2136.89990234375,2103.800048828125,2115.60009765625,4444877
2025-11-28,2118.0,2129.5,2096.39990234375,2101.60009765625,6263457
2025-12-01,2114.699951171875,2119.0,2083.10009765625,2089.699951171875,5058900
2025-12-02,2089.800048828125,2114.800048828125,2087.10009765625,2104.0,6591396
2025-12-03,2100.10009765625,2109.89990234375,2081.60009765625,2086.0,4357641
2025-12-04,2094.800048828125,2108.5,2074.10009765625,2103.800048828125,4611819
2025-12-05,2092.60009765625,2111.89990234375,2090.0,2108.800048828125,2938290
2025-12-08,2114.39990234375,2114.39990234375,2078.89990234375,2086.199951171875,4327091
2025-12-09,2086.800048828125,2100.39990234375,2080.39990234375,2089.699951171875,5139229
2025-12-10,2072.0,2096.89990234375,2062.199951171875,2067.0,3987451
2025-12-11,2066.0,2069.199951171875,2038.0,2053.199951171875,3254850
2025-12-12,2053.10009765625,2087.10009765625,2050.60009765625,2083.39990234375,2706420
2025-12-15,2070.10009765625,2078.89990234375,2061.5,2069.699951171875,3233614
2025-12-16,2070.10009765625,2106.60009765625,2070.10009765625,2102.0,5756692
2025-12-17,2117.60009765625,2128.0,2096.39990234375,2108.0,6412516
2025-12-18,2099.0,2116.60009765625,2088.10009765625,2092.0,3760341
2025-12-19,2113.89990234375,2115.0,2082.0,2097.699951171875,10127415
2025-12-22,2118.0,2151.699951171875,2101.699951171875,2147.60009765625,7670853
2025-12-23,2157.0,2164.0,2119.199951171875,2122.89990234375,4110853
2025-12-24,2111.0,2137.199951171875,2111.0,2123.699951171875,3145464
2025-12-26,2123.0,2123.0,2101.800048828125,2105.39990234375,1297870
2025-12-29,2105.39990234375,2112.699951171875,2079.39990234375,2081.60009765625,2371034
2025-12-30,2077.0,2102.800048828125,2071.60009765625,2099.800048828125,6983390
2025-12-31,2096.0,2121.0,2090.10009765625,2105.60009765625,2991434
2026-01-01,2114.800048828125,2123.89990234375,2107.0,2110.39990234375,2097756
2026-01-02,2108.0,2125.0,2098.0,2106.300048828125,2927138
2026-01-05,2102.10009765625,2112.10009765625,2096.5,2105.0,2642580
2026-01-06,2106.800048828125,2121.800048828125,2087.5,2105.300048828125,9119265
2026-01-07,2095.60009765625,2103.800048828125,2077.0,2084.199951171875,4171371
2026-01-08,2088.0,2092.0,2055.0,2066.300048828125,5534929
2026-01-09,2070.199951171875,2084.0,2023.199951171875,2027.0999755859375,4165409
2026-01-12,2023.5,2048.800048828125,2001.300048828125,2044.0,4689135
2026-01-13,2047.0,2049.89990234375,2014.9000244140625,2026.9000244140625,7388496
2026-01-14,2015.0999755859375,2034.0,2008.699951171875,2022.5,4842964
2026-01-15,2022.5,2022.5,2022.5,2022.5,0
2026-01-16,2020.0,2029.699951171875,1988.699951171875,2016.4000244140625,7310676
2026-01-19,2023.0,2023.0,1996.300048828125,2010.0,4272071
2026-01-20,2018.0,2018.0,1977.0999755859375,1996.0,6076838
2026-01-21,1977.0,2007.0999755859375,1967.0,1996.0999755859375,7952295
2026-01-22,2008.800048828125,2018.9000244140625,1990.0,2002.199951171875,6722567
2026-01-23,2009.0,2011.699951171875,1980.0999755859375,1984.699951171875,4340925
2026-01-27,1972.0999755859375,2003.800048828125,1962.699951171875,1973.4000244140625,10510891
2026-01-28,1995.0,1995.0,1939.0,1957.699951171875,9426909
2026-01-29,1964.0,1970.5,1939.0,1967.9000244140625,6065044
2026-01-30,1925.5999755859375,1974.0,1925.5999755859375,1968.699951171875,7683747
2026-02-02,1936.0999755859375,1969.800048828125,1926.5,1965.4000244140625,5326225
2026-02-03,2050.0,2050.0,1980.0999755859375,1997.300048828125,6915795
2026-02-04,2008.0,2034.5999755859375,1998.4000244140625,2025.800048828125,7464725
2026-02-05,2012.0,2022.9000244140625,1985.0,1992.4000244140625,7708690
2026-02-06,1994.0,2049.699951171875,1988.5,2038.4000244140625,13870403
2026-02-09,2051.199951171875,2055.199951171875,2028.699951171875,2038.199951171875,7570161
2026-02-10,2052.0,2057.0,2008.4000244140625,2011.300048828125,9077763
2026-02-11,2012.9000244140625,2021.0,1996.699951171875,2012.0999755859375,7423601
2026-02-12,2019.199951171875,2027.0,2009.0999755859375,2014.5,7437690
2026-02-13,2013.9000244140625,2024.199951171875,1992.0,2004.699951171875,4808543
2026-02-16,2010.0,2032.199951171875,1995.0,2029.4000244140625,3455964
2026-02-17,2028.0,2038.5,2014.199951171875,2020.300048828125,4471158
2026-02-18,2020.0999755859375,2028.5999755859375,2015.0,2021.800048828125,2182669
2026-02-19,2032.0,2032.0,1974.800048828125,1988.5999755859375,4712417
2026-02-20,1981.0999755859375,1993.699951171875,1971.0,1977.4000244140625,5180301
2026-02-23,1994.0,2000.5,1983.9000244140625,1997.300048828125,3728878
2026-02-24,1997.300048828125,1997.300048828125,1921.800048828125,1941.0,10006761
2026-02-25,1955.0,1961.800048828125,1904.0,1913.4000244140625,8285195
2026-02-26,1914.0,1935.0,1904.5,1929.5999755859375,10795028
2026-02-27,1910.0,1915.0,1870.0999755859375,1879.300048828125,13754648
2026-03-02,1850.0999755859375,1895.9000244140625,1847.9000244140625,1873.199951171875,11785758
2026-03-04,1861.0999755859375,1920.0,1815.300048828125,1905.9000244140625,20565585
2026-03-05,1919.0,1929.0999755859375,1897.199951171875,1907.0,11398717
2026-03-06,1900.0,1902.0999755859375,1867.0999755859375,1870.800048828125,10896859
2026-03-09,1831.0,1872.4000244140625,1818.0999755859375,1866.699951171875,8073518
2026-03-10,1880.800048828125,1881.0,1846.5,1850.4000244140625,11741600
2026-03-11,1841.0,1847.699951171875,1799.5,1807.0,9548404
2026-03-12,1797.9000244140625,1817.800048828125,1791.0,1801.300048828125,12922735
2026-03-13,1781.0999755859375,1816.0,1776.5999755859375,1803.4000244140625,8970772
2026-03-16,1798.0,1804.9000244140625,1770.9000244140625,1788.800048828125,14261268
2026-03-17,1797.0,1834.5,1791.0999755859375,1827.0,7181491
2026-03-18,1826.800048828125,1869.0,1826.800048828125,1855.4000244140625,6428092
2026-03-19,1826.5999755859375,1861.300048828125,1816.300048828125,1827.0,7145082
2026-03-20,1834.0,1860.9000244140625,1834.0,1846.0999755859375,7691633
2026-03-23,1827.0,1830.0,1792.0,1795.9000244140625,6874051
2026-03-24,1816.300048828125,1826.800048828125,1781.0,1802.0999755859375,7535860
2026-03-25,1814.0,1849.199951171875,1810.0999755859375,1834.9000244140625,12473682
2026-03-27,1839.9000244140625,1856.9000244140625,1818.4000244140625,1843.9000244140625,24490425
2026-03-30,1818.0,1824.5,1774.5,1782.4000244140625,14240129
2026-04-01,1811.0,1817.300048828125,1776.5,1781.9000244140625,10694662
2026-04-02,1765.0,1799.4000244140625,1746.9000244140625,1789.699951171875,10857093
2026-04-06,1812.0999755859375,1814.300048828125,1763.4000244140625,1792.800048828125,8183498
2026-04-07,1788.0999755859375,1840.0,1772.0,1830.300048828125,10057628
2026-04-08,1864.0,1871.5,1840.199951171875,1861.5999755859375,11587604
2026-04-09,1869.9000244140625,1869.9000244140625,1846.0999755859375,1859.4000244140625,10113053
2026-04-10,1868.0,1874.5999755859375,1859.9000244140625,1870.0,5857988
