date,open,high,low,close,volume
1996-01-01,2.6539532821811433,2.677862777609812,2.645983766105399,2.6698927879333496,1023454
1996-01-02,2.614103433412648,2.6619226498973476,2.5290918876625765,2.568941116333008,7757692
1996-01-03,2.454706854991271,2.5126211075602547,2.439298732220045,2.486586570739746,15744376
1996-01-04,2.4865870804862755,2.549814434641255,2.4600204479161665,2.5333428382873535,12874964
1996-01-05,2.53334194395734,2.5237785279290823,2.4812728780238604,2.4876487255096436,5201392
1996-01-08,2.487648700365353,2.505181866373551,2.3962613171925597,2.4111380577087402,13131996
1996-01-09,2.411138354691645,2.443017595724943,2.382978299245489,2.4047625064849854,9313903
1996-01-10,2.4047628809775476,2.444080736108385,2.3803224809130517,2.3967933654785156,3103076
1996-01-11,2.396793008227883,2.4116697506757667,2.385635214591664,2.4095444679260254,2313287
1996-01-12,2.4095447818812348,2.454707105397809,2.4015752665316876,2.4334542751312256,4991093
1996-01-15,2.4334539794433607,2.4440803932854416,2.404231163777406,2.407419443130493,2098315
1996-01-16,2.4074191522347266,2.4233586526716757,2.3909482719698048,2.3999805450439453,3201216
1996-01-17,2.3999804898468797,2.4122008048075236,2.3920109766119757,2.399449110031128,3196543
1996-01-18,2.399449622669028,2.389885967943612,2.33781618128164,2.3696954250335693,5346264
1996-01-19,2.369695610047559,2.3750091729548912,2.212955805096202,2.26715087890625,16749137
1996-01-22,2.2671506647416284,2.283621547876766,2.221456964379251,2.2512104511260986,4098491
1996-01-23,2.2512106798191813,2.2703384645003033,2.0934081138023415,2.112004518508911,8253062
1996-01-24,2.112004164480163,2.1412269797775227,1.9844871999835936,2.0206167697906494,16370599
1996-01-25,2.020616661454109,2.0190229954837284,1.981830194299218,1.9998952150344849,8454015
1996-01-29,1.9998956574963214,2.154510654066883,1.992988428228177,2.112004518508911,10010226
1996-01-30,2.112004258828493,2.3054057073555834,2.123162052920465,2.243772268295288,16272460
1996-01-31,2.2437717103970614,2.2235811732695896,2.132725176997508,2.159822940826416,9968167
1996-02-01,2.159823433052832,2.3271896305599924,2.1624798589431853,2.29424786567688,13057223
1996-02-02,2.337284795332787,2.603477249576886,2.316563582947806,2.5572521686553955,29264257
1996-02-05,2.5572524928547544,2.8160061345126057,2.5609721528217,2.687957763671875,19599855
1996-02-06,2.7416207263455488,2.762342172612914,2.5880687616249376,2.6624538898468018,14655495
1996-02-07,2.6247299480709403,2.6778622550101887,2.5514075728790524,2.623136281967163,14505949
1996-02-08,2.656609887270738,2.898892879486084,2.6247304028632414,2.898892879486084,22801072
1996-02-09,2.8988922407895625,3.058819823582878,2.9020798096474474,2.994529962539673,12650646
1996-02-12,3.033847649468797,3.033847649468797,2.8691378933568448,2.9004855155944824,14991973
1996-02-13,2.9004866493670494,3.0072824373813023,2.86913901487592,2.9695587158203125,12169295
1996-02-14,3.0179095214892064,3.1507398623488108,3.0179095214892064,3.06200909614563,9968167
1996-02-15,3.062008394717369,3.1773050606006983,3.028535245525545,3.0922935009002686,17576313
1996-02-16,3.017908436266088,3.1029199848708235,2.9435233016369056,3.0003747940063477,13356315
1996-02-19,3.000905825073394,3.0551004116488625,2.9966547863767,2.999311685562134,6140727
1996-02-20,3.028534753567224,3.028534753567224,2.8053793568030607,2.867543935775757,10201832
1996-02-22,2.8675444740068636,2.9748716270794517,2.9302404446293333,2.9376792907714844,3355435
1996-02-23,2.9376785019981004,2.943522969825754,2.859574190481928,2.8999547958374023,3290009
1996-02-26,2.899954789764864,2.975401965127988,2.8702005972493763,2.9068615436553955,4392909
1996-02-27,2.9068613283590605,2.9382094212659986,2.8797640370397435,2.897829055786133,4603208
1996-02-28,2.8978295054111793,2.9738083035738843,2.869138070244663,2.8813586235046387,3341415
1996-02-29,2.881358999943954,2.8691384450874065,2.6571410513275855,2.6996467113494873,8482054
1996-03-01,2.699647402844307,2.7735011836497145,2.6794573275625315,2.7458724975585938,7145488
1996-03-04,2.7458707888414313,2.789438956011522,2.720367165365936,2.757028579711914,6318313
1996-03-06,2.757028486480552,2.763935712671586,2.699114251863622,2.753840208053589,4112511
1996-03-07,2.7538411865332773,2.784126763947215,2.7049596796903823,2.7193057537078857,4621902
1996-03-08,2.7193059457209596,2.6884889862043697,2.6353566729969966,2.6794567108154297,5682743
1996-03-11,2.679456310729355,2.6656416177257727,2.582755590907023,2.6061339378356934,4832200
1996-03-12,2.606134280841987,2.60347738106824,2.5189972034761983,2.530686378479004,4276077
1996-03-13,2.530686301969415,2.7416211679951723,2.540781336802772,2.7315256595611572,9285863
1996-03-14,2.741620255963701,2.8053787233859615,2.6890193427401488,2.7134602069854736,13019837
1996-03-15,2.713460679680373,2.730993846875399,2.672548930090715,2.6810498237609863,14347057
1996-03-18,2.539718400440724,2.569472596535153,2.470646827622395,2.4934937953948975,17903444
1996-03-19,2.4653339941317753,2.53971866326448,2.39307366082438,2.4334542751312256,16001408
1996-03-21,2.4547070068070402,2.555658538519541,2.4547070068070402,2.5019948482513428,11290713
1996-03-22,2.5019950406286906,2.4865869157197977,2.2953109626951447,2.3601319789886475,22702932
1996-03-25,2.284683864892972,2.284683864892972,2.135913618390018,2.2007346153259277,57836865
1996-03-26,2.159823514385472,2.327189718195154,2.157697994712651,2.271932363510132,36035881
1996-03-27,2.2528047587899453,2.3298468018038117,2.2528047587899453,2.30381178855896,27810858
1996-03-28,2.3596005374768145,2.433454301039752,2.359069157514408,2.424422025680542,34297411
1996-03-29,2.4334541830634384,2.4547070125259385,2.3495053882864005,2.3792595863342285,24044172
1996-04-01,2.37872849177102,2.4334544750022906,2.37872849177102,2.4122016429901123,12599239
1996-04-02,2.4122019707265516,2.5397192169252487,2.4068888804018167,2.4966821670532227,34236658
1996-04-03,2.4966811046645168,2.5928504376642154,2.477553324593642,2.4956185817718506,16870643
1996-04-04,2.465864978957231,2.5662851379631926,2.444612148014335,2.559377908706665,44302964
1996-04-08,2.6077276002703353,2.6959271890144887,2.582224207438423,2.6778621673583984,50901676
1996-04-09,2.677862684146293,2.7894401677188654,2.668299028388834,2.724619150161743,50196006
1996-04-10,2.6911462089834646,2.7389649650882437,2.6146355361747853,2.6454524993896484,44008546
1996-04-11,2.603477957485013,2.646514770541115,2.585412929426579,2.6220743656158447,34788108
1996-04-12,2.61463508279179,2.648639609876644,2.6045400480135563,2.6433265209198,19151218
1996-04-15,2.6433265578492744,2.693801969245956,2.6353565691021683,2.6459834575653076,23558148
1996-04-16,2.645983111633986,2.751184486618491,2.645451731760251,2.702833890914917,35619957
1996-04-17,2.7830641110787804,2.852136163386408,2.7634054210408476,2.8361964225769043,34923634
1996-04-18,2.9307702150022257,2.9754011361402406,2.9020787901562497,2.924394369125366,39381970
1996-04-19,2.9243946867265587,2.9637125256373777,2.8957032587645766,2.9089865684509277,27338854
1996-04-22,2.911643963266441,2.920145332348411,2.8160059882977855,2.837259292602539,36405073
1996-04-23,2.8000665418254287,2.905799554374436,2.794753452439233,2.881890296936035,36306933
1996-04-24,2.8818900968039842,3.0072817918545067,2.9488366286633267,2.9934678077697754,24586276
1996-04-25,2.9966552157866273,2.9966552157866273,2.826632587577944,2.8622310161590576,24581602
1996-04-26,2.89039017169028,2.9647752851323834,2.8590423185912712,2.9089865684509277,21352346
1996-04-29,2.9089880951255442,2.938210681371177,2.8383218924286906,2.9238648414611816,17875405
1996-04-30,2.9238642161801196,2.9275838755693,2.8691382419761506,2.894641399383545,13893746
1996-05-01,2.8946408523212237,2.9541492344932787,2.9063300241907637,2.9355528354644775,6164093
1996-05-02,2.9355529083211103,2.9424601356518,2.871794670069512,2.9339587688446045,19912967
1996-05-03,2.923332830235914,2.970089289653901,2.8972982929694946,2.9084560871124268,25343351
1996-05-06,2.8638254487830794,2.869138775297497,2.786252728715407,2.7931594848632812,21221493
1996-05-07,2.7931596258240776,2.826633253033695,2.7649995621973957,2.803786516189575,10220525
1996-05-08,2.803786122238415,2.8664816171407352,2.683707274468076,2.8393843173980713,29797014
1996-05-09,2.810691767703571,2.846290422404497,2.7798752939866356,2.791564464569092,15244332
1996-05-10,2.791565625924474,2.8255701555106523,2.731525845573101,2.8075051307678223,20875669
1996-05-13,2.8691379471257767,2.970088990557107,2.8484165006615543,2.9403347969055176,32811298
1996-05-14,2.932897079405093,3.1241730170706994,2.924927090802141,3.0949501991271973,68622862
1996-05-15,3.08166636832,3.092292781209352,2.9520238942696237,3.0667896270751953,52242915
1996-05-16,3.0922932184242633,3.144894147263939,3.055100886453106,3.0779478549957275,34465650
1996-05-17,3.077948142159233,3.077948142159233,3.018971122381771,3.034379720687866,22329068
1996-05-20,2.954149634338909,2.9700891364635607,2.8702008478414545,2.8792331218719482,19151218
1996-05-21,2.847885139653874,2.8951725009338927,2.8005973047732655,2.8271632194519043,37293001
1996-05-22,2.868076184979734,2.9222712661522348,2.868076184979734,2.882953405380249,21702844
1996-05-23,2.901017700033394,2.9164265359025987,2.8452289573097636,2.859575033187866,21693498
1996-05-24,2.8797650941214448,2.921208234410907,2.869138678252397,2.898892879486084,22544040
1996-05-27,2.8797644768898905,2.888796750842392,2.816005521740612,2.823444366455078,22973984
1996-05-28,2.7841262292791766,2.845759421723212,2.763404784123062,2.816005229949951,27838898
1996-05-29,2.8797654557773167,2.9807165376114058,2.87179593887512,2.941930055618286,19936334
1996-05-30,2.941928901239371,2.9727458542380774,2.8951724470899802,2.9052679538726807,16636978
1996-05-31,2.905268057656565,2.922270319118149,2.8957039303839753,2.9132375717163086,6963229
1996-06-03,2.922270487624153,3.0173770707592165,2.922270487624153,3.0051565170288086,19955027
1996-06-04,3.017908405886816,3.043942942264615,2.932896858137835,2.9514927864074707,17454807
1996-06-05,2.95946218878257,2.964244133277245,2.9116429806360755,2.950429916381836,11781410
1996-06-06,3.001968275340698,3.0657269920701813,2.996654950279784,3.0402238368988037,30194246
1996-06-07,3.018439679492546,3.1294857597090804,3.018439679492546,3.1193907260894775,76128195
1996-06-10,3.1427683404550844,3.1427683404550844,3.0875109948296426,3.1146082878112793,35358252
1996-06-11,3.0896370174737027,3.227780651429782,3.0896370174737027,3.1820874214172363,63178457
1996-06-12,3.2357505424737623,3.3037598342770735,3.230437216651489,3.269223690032959,62164349
1996-06-13,3.2596595474240546,3.3393580020331766,3.2596595474240546,3.3292624950408936,99490064
1996-06-14,3.341484408038145,3.488129207442313,3.341484408038145,3.474846363067627,186521088
1996-06-17,3.4509355473337213,3.4748450369642163,3.2835693567205606,3.3069469928741455,186740734
1996-06-18,3.272942555197826,3.3473276886160566,3.011001158964328,3.25222110748291,256344991
1996-06-19,3.177305178594548,3.1879315943516864,3.062539888417454,3.086449146270752,165766925
1996-06-20,3.045536115285318,3.2330923197351535,3.045536115285318,3.198556900024414,163065753
1996-06-21,3.1666776933973524,3.310134849671715,3.1666776933973524,3.2612528800964355,290735868
1996-06-24,3.294196720013218,3.4429665522507,3.294196720013218,3.4206509590148926,339212097
1996-06-25,3.453592432298631,3.5067247437864713,3.361142503942202,3.394615888595581,440529425
1996-06-26,3.389833719126371,3.4057734588816215,3.318105008627902,3.334575891494751,210677420
1996-06-27,3.3154485886448053,3.3792075477807284,3.283569582677479,3.360079765319824,236759155
1996-06-28,3.379207377376074,3.397803305385725,3.319698986943357,3.332982063293457,136203576
1996-07-01,3.305884476732581,3.320761454632076,3.2314993504348184,3.253814935684204,188577344
1996-07-02,3.25168943366894,3.28091224658473,3.1916503787117003,3.212371587753296,198339886
1996-07-03,3.219810336404321,3.219810336404321,3.134798799390295,3.1767728328704834,221472763
1996-07-04,3.1507389618656596,3.2192796330662423,3.103982500122578,3.16933536529541,211962580
1996-07-05,3.206527297769489,3.2888824162642782,3.193775364851368,3.2580654621124268,312719111
1996-07-08,3.321794375876286,3.483087841739359,3.2633855016961975,3.2848198413848877,134044507
1996-07-09,3.2601689192617416,3.283746442880528,3.109056299285333,3.22908878326416,131562980
1996-07-10,3.3223291545245934,3.3330460818703362,3.2483803497287567,3.310004234313965,197419244
1996-07-11,3.3201856891254757,3.408066934821501,3.3201856891254757,3.374843120574951,277622564
1996-07-12,3.365198283526578,3.4027087311876283,3.3437639467111446,3.361447334289551,202494457
1996-07-15,3.3448361606521395,3.3759158331325945,3.3175069601868152,3.3630549907684326,168650357
1996-07-16,3.37591429463358,3.3855601011278775,3.3062523656302587,3.3239357471466064,136273675
1996-07-17,3.346443631738345,3.3866331992543226,3.3282248005649344,3.3598403930664062,149877676
1996-07-18,3.37323586729847,3.434859756143517,3.3641259768973018,3.394134283065796,190675660
1996-07-19,3.4075304451711905,3.42414199127394,3.3491215971875596,3.368412733078003,88381610
1996-07-22,3.3325110056965785,3.4284296005544457,3.291249609953736,3.3603756427764893,114552137
1996-07-23,3.3839530442810335,3.4027082655450056,3.333046322193674,3.348050355911255,132189204
1996-07-24,3.3410843854693524,3.359839608124216,3.245701473208356,3.3046460151672363,216785434
1996-07-25,3.295536513728283,3.3325112841401276,3.2901780486380785,3.2982161045074463,84306485
1996-07-26,3.315899588466622,3.317506865334946,3.239807328121259,3.2666001319885254,149573911
1996-07-29,3.2741025836271724,3.2928578094682215,3.1390660083915845,3.1529979705810547,264658806
1996-07-30,3.130491748970802,3.130491748970802,2.9938474316227275,3.051720380783081,385697497
1996-07-31,3.0758341917210434,3.2741021611692465,3.0249274637787673,3.2408788204193115,527027692
1996-08-01,3.2982160532138325,3.3839536427280894,3.2473095609463987,3.267671823501587,528798876
1996-08-02,3.2580259753398524,3.3062531080599977,3.1840774026602525,3.261776924133301,461461174
1996-08-05,3.295535517450606,3.3437631216189425,3.2805317242047667,3.294999599456787,316700770
1996-08-06,3.2955359167219522,3.3759150279182255,3.2006889285207993,3.280532121658325,391585865
1996-08-07,3.2580259618088063,3.2853546781974776,3.2381989041532107,3.272494077682495,94900875
1996-08-08,3.2880346437503696,3.2880346437503696,3.194259003020044,3.2087275981903076,97003864
1996-08-09,3.2044396050864092,3.2462369113103287,3.174967696698722,3.2339119911193848,131100323
1996-08-12,3.2548110300829745,3.2987517779704034,3.2392710764754917,3.268207550048828,147372783
1996-08-13,3.258562213879681,3.3330467119474583,3.25534694401003,3.306253433227539,134595958
1996-08-14,3.275709798965099,3.282140099640557,3.2419505413019327,3.255882740020752,78754594
1996-08-16,3.2499880773346117,3.272494248824169,3.198009754495914,3.2146217823028564,123552930
1996-08-19,3.1830053597672547,3.1830053597672547,3.0281420061210795,3.04207444190979,217874315
1996-08-20,3.0276062549036498,3.105306253255644,3.0249271422619923,3.0602939128875732,144508045
1996-08-21,3.0865512679400267,3.1133443090606163,3.0677960436265335,3.0983402729034424,90321033
1996-08-22,3.1138793716912594,3.1294195605414723,3.041002405841691,3.050647735595703,91377201
1996-08-23,3.0340364823758232,3.0940530939759796,3.0249270697318145,3.0811922550201416,73141951
1996-08-26,3.0967321939854258,3.0967321939854258,3.0104586965936715,3.0184969902038574,103289464
1996-08-27,3.0142101778811776,3.091909703811802,2.9718771861312616,3.0490410327911377,208541718
1996-08-28,3.075834220285528,3.1053066121540294,3.0436827154657284,3.0806567668914795,74543943
1996-08-29,3.086550514662111,3.1374572326028205,3.073689915380327,3.092445135116577,115645692
1996-08-30,3.091909201428446,3.11227217508864,3.0742258178000053,3.105841636657715,63299963
1996-09-02,3.124060562216609,3.2124777220560716,3.110664522203441,3.180326461791992,149101907
1996-09-03,3.2146213816505025,3.234983878248256,3.140136896605576,3.1910433769226074,186708021
1996-09-04,3.1401365982146814,3.1722878552985674,3.1219172977896794,3.1631784439086914,82553994
1996-09-05,3.180326249684277,3.2065831264036166,3.1615710306842204,3.1996169090270996,71959604
1996-09-06,3.20336926128114,3.241951071645401,3.174432784096585,3.2183732986450195,148461664
1996-09-09,3.2173014797113435,3.2173014797113435,3.167466581348474,3.174968719482422,120594725
1996-09-10,3.172287758444196,3.1776464603429853,3.134777800443144,3.164785623550415,116435481
1996-09-11,3.1588917287920446,3.1722882467786278,3.0704750444323152,3.077977180480957,133689336
1996-09-12,3.0854795053921356,3.0929816424806655,3.044218587284628,3.080120801925659,125006329
1996-09-13,3.0972671861041365,3.1079843504607845,3.054934685423633,3.06243634223938,86474900
1996-09-16,3.054399694877768,3.0570788076634097,2.993311242440673,3.007779836654663,153840642
1996-09-17,3.001885792244247,3.179791525237518,3.000813955865867,3.098876476287842,105485919
1996-09-18,3.1294198790140455,3.256418365654166,3.073154215806025,3.222659111022949,163991068
1996-09-19,3.215156495558115,3.240877930938355,3.124596150816562,3.138528823852539,204513326
1996-09-20,3.1401371791248165,3.186756558285335,3.1299554522645905,3.1535332202911377,100490152
1996-09-23,3.1401369011401727,3.1615712338122597,3.1245964726019513,3.1476385593414307,80871603
1996-09-24,3.161035461456621,3.252667416969362,3.1604995434094603,3.222659111022949,257415178
1996-09-25,3.236056317697899,3.273030369281179,3.195866757384902,3.2087275981903076,161112310
1996-09-26,3.2151582297880568,3.2151582297880568,3.1562139086274152,3.1824707984924316,117972999
1996-09-27,3.183005946886373,3.2221236713285886,3.1460318949510455,3.1872928142547607,194297474
1996-09-30,3.1937233148495165,3.256954731895256,3.183006145758943,3.2467737197875977,170729979
1996-10-01,3.257490409651152,3.467011467848856,3.2371281481158705,3.2821402549743652,250180897
1996-10-03,3.2794600647395655,3.3598391705240314,3.2687428983995,3.3459064960479736,315065112
1996-10-04,3.354481048336166,3.3807379312953163,3.263384999272813,3.306253433227539,347586666
1996-10-07,3.2960711978572084,3.30089398180867,3.1637142699279375,3.248915910720825,360223292
1996-10-08,3.2371274559627214,3.4402179309337364,3.2103339438857983,3.3935980796813965,458362770
1996-10-09,3.333046345959369,3.3705563111094485,3.2955359031639633,3.3292951583862305,202858975
1996-10-10,3.3314395929207863,3.4723705505666898,3.323401297878623,3.457902431488037,338497081
1996-10-11,3.4820159501975594,3.528099415242814,3.4562942688614138,3.4777286052703857,355437824
1996-10-14,3.4595096650835715,3.4595096650835715,3.3866324460170225,3.4193201065063477,201185930
1996-10-15,3.4069951453673406,3.50291396897473,3.2698149303502815,3.4134254455566406,395675010
1996-10-16,3.3362609929567966,3.5259554244076536,3.3094681979056477,3.330366611480713,272477252
1996-10-17,3.317506141622869,3.317506141622869,3.2055116870440696,3.263920545578003,360709316
1996-10-18,3.274102686317987,3.28964240354538,3.231234006747122,3.2440943717956543,201120504
1996-10-21,3.244094371795654,3.244094371795654,3.244094371795654,3.2440943717956543,0
1996-10-22,3.258025984469703,3.3437635606552565,3.247844735363527,3.29178524017334,228833224
1996-10-23,3.365198099868562,3.4498638450801797,3.365198099868562,3.4273579120635986,162906861
1996-10-24,3.450935508200978,3.461116757416372,3.3148271254433106,3.338405132293701,158499931
1996-10-25,3.3239357543357877,3.3748424660481837,3.3175054554816277,3.3619821071624756,86745952
1996-10-28,3.391990654669828,3.440218264618211,3.381273487622186,3.3973493576049805,133390244
1996-10-29,3.397350864872939,3.5259574041475163,3.383954579236992,3.4637978076934814,223253293
1996-10-31,3.296071904202934,3.296071904202934,3.118702367657403,3.2269461154937744,400824996
1996-11-01,3.207655319289303,3.2848189205369707,3.1894360162500517,3.219980001449585,371971990
1996-11-04,3.1856854924823295,3.1856854924823295,3.0919098521848762,3.116023540496826,301232119
1996-11-05,3.0978042328326643,3.1438881757700226,2.897928507397855,2.9445483684539795,470172221
1996-11-06,2.8400556559403607,2.8427352466247466,2.7387783527374268,2.7387783527374268,228277100
1996-11-07,2.575877166067338,2.684656846184664,2.5512275586748565,2.6600069999694824,453923127
1996-11-08,2.6862640923400685,2.762356347387666,2.674475087506902,2.749495506286621,302793004
1996-11-11,2.7114494007657943,2.9032870609783066,2.6798338157319916,2.771465539932251,299605807
1996-11-13,2.7746807597085064,2.9043588448785425,2.7452083699242222,2.8823885917663574,369382977
1996-11-14,2.8770306083585737,2.90275157587244,2.7977233166647357,2.8143348693847656,373701114
1996-11-15,2.813262804533571,2.856131955924558,2.770394369610668,2.841663360595703,291567717
1996-11-18,2.850772595958049,3.0410024710242967,2.8020090728596028,3.0351080894470215,605716861
1996-11-19,3.0383239430633195,3.2151570822537905,2.99223976592097,3.063508987426758,596622602
1996-11-20,3.0238554502791195,3.0431465906836124,2.9006079040950596,2.9123969078063965,477200877
1996-11-21,2.9263290629974663,2.9884888777389653,2.9027512928213666,2.9445483684539795,493506050
1996-11-22,2.9359745010651466,2.9665182476285614,2.92043431052398,2.937581777572632,325762315
1996-11-25,2.9284719858195545,3.0008127933630995,2.810583165117151,2.93597412109375,427719887
1996-11-26,3.000813069616374,3.1401369506495516,2.947227475913941,3.0667243003845215,578153687
1996-11-27,2.948834401249123,2.956872454287798,2.873814005823891,2.9215056896209717,249218195
1996-11-28,2.9279371009584656,2.969734419462325,2.925793428275762,2.945084571838379,171730067
1996-11-29,2.9472277641366116,2.98420181307779,2.9418688221260503,2.947763204574585,119477805
1996-12-02,2.9525871765127114,3.0329655942331906,2.9472284720377067,2.983130693435669,173220852
1996-12-03,2.979379120708259,3.002956888168986,2.8507728775543577,2.9107890129089355,274683053
1996-12-04,2.8116552785296456,2.8293389064144376,2.7285972761067825,2.8143348693847656,222468177
1996-12-05,2.797722953905062,2.893641785881856,2.7762886180704736,2.8727433681488037,225585274
1996-12-06,2.893641392846709,2.9515143305620626,2.7966507378408103,2.919898271560669,245956226
1996-12-09,2.941869195892428,2.989024977939903,2.9241862851228744,2.9520509243011475,208906236
1996-12-10,2.9461564709654415,3.107985850254735,2.893642220865216,2.934903383255005,265425229
1996-12-11,2.956872631354972,3.074761694755561,2.9156112442243916,3.0592217445373535,240278156
1996-12-12,3.0742262029060536,3.0945891791171025,3.015817342285672,3.025999069213867,259443394
1996-12-13,3.016352389463436,3.016352389463436,2.960623135300895,2.99438214302063,285127898
1996-12-16,2.986881559336733,3.0543998378553887,2.9809871765806553,3.0447540283203125,227655550
1996-12-17,3.0485052342786476,3.107449539832876,2.941868992992132,3.031357765197754,237497537
1996-12-18,2.9793787625466344,3.0817278744734944,2.9793787625466344,3.050647735595703,247591884
1996-12-19,3.0452902161922766,3.0677961518103447,3.0201049286031236,3.0560073852539062,124940902
1996-12-20,3.0747618457726746,3.1894358844555883,3.0699390611883186,3.172288179397583,336216506
1996-12-23,3.1937230773962906,3.263385029539719,3.176039690005926,3.2494523525238037,326874563
1996-12-24,3.2607046357730916,3.472369314200636,3.2371273489796906,3.324471950531006,359961587
1996-12-26,3.35448076970487,3.557571508058376,3.3539448516339947,3.555964231491089,276814082
1996-12-27,3.5559642314910893,3.5559642314910893,3.5559642314910893,3.555964231491089,0
1996-12-30,3.5559642314910893,3.5559642314910893,3.5559642314910893,3.555964231491089,0
1996-12-31,3.654562689965082,3.6952879315075275,3.5152392563919057,3.569896697998047,437155297
1997-01-01,3.6116944037463212,3.7242248079636857,3.6116944037463212,3.691537618637085,207420124
1997-01-02,3.702789875152319,3.7135070434179327,3.618124126442627,3.635807752609253,236978800
1997-01-03,3.6224106764937876,3.643309093075753,3.5763267375763905,3.624018430709839,197297738
1997-01-06,3.600976472214093,3.6224108076441106,3.465939442536943,3.4895174503326416,239207968
1997-01-07,3.4723704372342152,3.508273132903532,3.3651985072106565,3.4375393390655518,281108852
1997-01-08,3.5152402323450964,3.5865094845368803,3.4407557092012016,3.4637978076934814,261065032
1997-01-09,3.4509361488507624,3.5248847362590605,3.4407548977452675,3.5007710456848145,262205320
1997-01-10,3.558642746527649,3.739763201782859,3.5506051709277733,3.7065398693084717,647066294
1997-01-13,3.7349405368704915,3.898377614557224,3.681354946460855,3.8517582416534424,537070632
1997-01-14,3.911775036535502,4.1218322521893445,3.911775036535502,4.104148864746094,683863926
1997-01-15,4.168987732189741,4.391905307769775,4.168987732189741,4.391905307769775,322832151
1997-01-16,4.511937544271323,4.699488323670862,4.084857666186412,4.1904215812683105,605254203
1997-01-17,4.018946968159551,4.329210126336121,3.9653613652259794,4.234898567199707,678181182
1997-01-20,4.329745152970589,4.401550046728106,4.203817794009235,4.2466864585876465,642421026
1997-01-21,4.211855935154044,4.348500232021554,4.095038695718119,4.174345970153809,547164979
1997-01-22,4.319026688783359,4.424055619325822,4.286875433501494,4.33778190612793,447572101
1997-01-23,4.337781906127931,4.337781906127931,4.337781906127931,4.33778190612793,0
1997-01-24,4.3072394979159165,4.339390761358297,4.136835700031779,4.187206745147705,480822691
1997-01-27,4.19042065000486,4.340461431238118,4.150767021788146,4.2611541748046875,518167099
1997-01-28,4.318492083277083,4.335103632069851,4.211855855944268,4.2766947746276855,368326809
1997-01-29,4.501221500720538,4.5762419307127,4.335640923111025,4.417627334594727,490744125
1997-01-30,4.377972632988071,4.404765671375356,4.255261243195243,4.318492412567139,362494520
1997-01-31,4.24400876406247,4.26544310351274,4.127191017001688,4.159343242645264,376154601
1997-02-03,4.061814730541216,4.1346914504143655,3.997511264772626,4.023232460021973,318724313
1997-02-04,4.0291286322901625,4.144338137366721,4.018947142797031,4.106292247772217,292091127
1997-02-05,4.195245066474943,4.232755515204317,4.07896372623377,4.100398063659668,256059919
1997-02-06,4.088608110462263,4.141658743149432,4.002870775634215,4.097717761993408,377421067
1997-02-07,4.104684471995939,4.297057569168897,4.056457098771019,4.269193172454834,462372469
1997-02-10,4.317956610299211,4.382795535665796,4.2075694229234655,4.303488254547119,575774973
1997-02-11,4.283661510063431,4.393512297513571,4.260619420886001,4.356002330780029,368976399
1997-02-12,4.340462925733679,4.570882400958017,4.329745996324262,4.511938095092773,685934201
1997-02-13,4.474426889298675,4.5440885904058845,4.469604104706375,4.51408052444458,379925961
1997-02-14,4.512473615591611,4.553735012545341,4.500685327383959,4.523726463317871,305928794
1997-02-17,4.6083922449899015,4.629290660602251,4.4883594988513735,4.526941299438477,414097192
1997-02-18,4.538730324058951,4.538730324058951,4.361896482770886,4.3886895179748535,538626844
1997-02-19,4.426200639608935,4.499613299886276,4.387618357283564,4.488895893096924,483752856
1997-02-20,4.458351464465199,4.495861429233429,4.429414755578405,4.46210241317749,285824221
1997-02-21,4.436916623001826,4.452992252113883,4.383866473757717,4.407444477081299,279375055
1997-02-24,4.383331800851672,4.392976894471431,4.193101876840034,4.231147766113281,453530569
1997-02-25,4.219358378091336,4.292235114690926,4.093966925414787,4.158806324005127,412788666
1997-02-26,4.136836941394368,4.177562428640155,4.044133594495817,4.1470184326171875,455540092
1997-02-27,4.190422573030381,4.244008659154178,4.137372405085275,4.229004383087158,343787266
1997-02-28,4.586958674583842,4.6641227742783835,4.460496310603885,4.568203926086426,149700091
1997-03-03,4.738070651358855,4.790584894534894,4.632506246895345,4.65286922454834,350895368
1997-03-04,4.65286804532219,4.926692039208225,4.6094629881050135,4.856494426727295,591622162
1997-03-05,5.015645584461616,5.069231657910066,4.785761577743331,4.875250339508057,537084652
1997-03-06,4.812018997497849,4.86506915621366,4.770221685640534,4.824344158172607,342675019
1997-03-10,4.741285445585069,4.758432913713052,4.5869577547878695,4.612143516540527,371420539
1997-03-11,4.576240976068287,4.700560124072122,4.415483218275127,4.499613285064697,456988818
1997-03-12,4.6303630380339325,4.71342079214649,4.582671102714877,4.663586139678955,468457117
1997-03-13,4.689307887078704,4.689307887078704,4.5398034346868865,4.555343151092529,318018643
1997-03-14,4.522654648865894,4.6619775707747735,4.495861136283987,4.6271467208862305,440463999
1997-03-17,4.62982639612623,4.650724810914694,4.576776243293382,4.595531463623047,287310333
1997-03-18,4.581600233835284,4.636794556699759,4.482466826079406,4.522120475769043,322729338
1997-03-19,4.608392692860865,4.619109621909492,4.372614044401339,4.412267684936523,296988755
1997-03-20,4.386011592655486,4.476571732251807,4.34475019263846,4.424057483673096,427986265
1997-03-21,4.458351926313321,4.575705095234608,4.450849550466233,4.543553352355957,447394515
1997-03-25,4.584814559752974,4.595531966154842,4.475499211622551,4.503364086151123,310784361
1997-03-26,4.542480356361951,4.553733678436711,4.408516148566376,4.427270889282227,273210961
1997-03-27,4.404765165129271,4.467996327233918,4.377972129821349,4.45406436920166,249456534
1997-03-28,4.454064369201659,4.454064369201659,4.454064369201659,4.45406436920166,0
1997-03-31,4.142730905388897,4.142730905388897,4.008766174316406,4.008766174316406,2434793
1997-04-01,3.6116932957680983,3.9653607519528684,3.607941869485633,3.914989471435547,354694768
1997-04-02,4.0001917699653795,4.051098254174629,3.9401751563361467,4.011980056762695,242689583
1997-04-03,4.0269851116612765,4.085929415975955,3.9926899353979977,4.06985330581665,248764884
1997-04-04,4.01894645919406,4.032342977642244,3.9942973333418204,4.01680326461792,149849637
1997-04-07,3.976079044131845,3.9910828429274927,3.8046038508478706,3.875872850418091,209485726
1997-04-09,4.020018229847042,4.147552873233172,4.020018229847042,4.146481037139893,272538005
1997-04-10,4.114329621654825,4.14594544537752,3.944462215668807,4.079499244689941,627615984
1997-04-11,4.015196270185406,4.233291555365394,3.9867959513945097,4.21614408493042,634546501
1997-04-15,4.286877066139332,4.447634836708206,4.286877066139332,4.416554927825928,559208095
1997-04-17,4.434773511968723,4.469068446489667,4.383331110187307,4.457279682159424,303064056
1997-04-21,4.511937912141009,4.578920509404005,4.474427466615586,4.542481422424316,305134331
1997-04-22,4.5607003094059255,4.5676662879897965,4.404764891801658,4.44549036026001,301498497
1997-04-23,4.458352214643456,4.5119382970249315,4.454065347158754,4.470676898956299,131371375
1997-04-24,4.447634370317885,4.4974694984617365,4.389225985691988,4.405837535858154,200606440
1997-04-25,4.394048831507321,4.479250742775991,4.383331901357836,4.461031913757324,271257518
1997-04-28,4.439596815430264,4.4631748244902205,4.416554724490462,4.425128936767578,181917879
1997-04-29,4.410123873818711,4.454600775847995,4.351180049437302,4.372613906860352,279038577
1997-04-30,4.522654119896066,4.544087972164105,4.456206980697063,4.463709354400635,194577872
1997-05-02,4.415483654777672,4.446563564262447,4.37797320507569,4.390297889709473,175814539
1997-05-05,4.339391774682875,4.375294473046437,4.276696032097118,4.296522617340088,270752801
1997-05-06,4.300272418692727,4.40958774940828,4.290626849996739,4.381187438964844,317457846
1997-05-07,4.415482281369797,4.420840983609778,4.366183080523454,4.374756813049316,212317751
1997-05-08,4.377972260019822,4.396191562782666,4.354394254506971,4.384938716888428,127118664
1997-05-09,4.386012025858886,4.394049366214997,4.337248244338947,4.358147144317627,214869378
1997-05-12,4.351180313288978,4.366184109923999,4.2713371117892285,4.283125877380371,184408753
1997-05-13,4.28687754703951,4.3351049313848415,4.235971049314895,4.280447006225586,257989995
1997-05-14,4.286878178409355,4.3945858123307024,4.233292559413385,4.3586835861206055,303825805
1997-05-15,4.372613600465579,4.586421495730738,4.351715662589254,4.5430169105529785,670241231
1997-05-16,4.5414086914637215,4.715563410034739,4.533371354550149,4.700559139251709,656207286
1997-05-19,4.81255487597676,4.887039369271013,4.742357249685514,4.8184494972229,662843384
1997-05-20,4.8420288438947505,4.875251952946418,4.6834137656189645,4.790050029754639,602711923
1997-05-21,4.618036700656851,4.618036700656851,4.464781355517359,4.4872870445251465,501156256
1997-05-22,4.513007719303277,4.569272890604435,4.48943019707633,4.530155181884766,423490542
1997-05-23,4.533371765112964,4.586957359573273,4.502827780436011,4.547839641571045,336501578
1997-05-26,4.544089560188061,4.5971402020252325,4.538731334071128,4.574098110198975,218673451
1997-05-27,4.592851975334246,4.715563831946505,4.576240426740337,4.629290580749512,397119063
1997-05-28,4.651261001473272,4.651261001473272,4.560700880320181,4.571417808532715,216925633
1997-05-29,4.559092840148055,4.621788084253986,4.555341891626705,4.611607074737549,200573727
1997-05-30,4.623932370907666,4.777188228499949,4.60089028104798,4.760040760040283,414041113
1997-06-02,4.789513458855563,5.093345618271689,4.789513458855563,5.0767340660095215,584135522
1997-06-03,5.180154987776027,5.358060222005397,5.141573181543254,5.18229866027832,668516780
1997-06-04,5.146930915429116,5.1967655599735,5.070302757881135,5.122281074523926,391581192
1997-06-05,5.144252334208793,5.22409553791812,5.123889833506877,5.188192844390869,315387570
1997-06-06,5.213914976690478,5.262142840493562,5.1549706589675575,5.17694091796875,328136356
1997-06-09,5.219272062946026,5.248744212669,5.1764033946861865,5.20212459564209,279683493
1997-06-10,5.210698980111729,5.250352622616163,5.181762744833526,5.2149858474731445,259807912
1997-06-11,5.223559029776666,5.385388121346686,5.198373271055169,5.317334175109863,418747134
1997-06-12,5.315726977232218,5.567044851559979,5.29643631471421,5.5139946937561035,476485861
1997-06-13,5.60187745538549,5.819436361488153,5.60187745538549,5.724588871002197,643851058
1997-06-16,5.583656936488122,5.593302506669128,5.324300765991212,5.324300765991211,419191099
1997-06-17,5.138356980702013,5.3468066541405355,4.9518780368711885,5.244993209838867,598248914
1997-06-18,5.468981988608695,5.5300699528734025,5.298042776737228,5.379493236541748,400768917
1997-06-19,5.331802374982999,5.476484486923578,5.307153010429504,5.440581798553467,297385986
1997-06-20,5.465768847296711,5.571868705615356,5.37735142301454,5.411646842956543,282398686
1997-06-23,5.401464038969057,5.412181444652503,5.273929872737035,5.320549011230469,263415706
1997-06-24,5.331802280313599,5.412181389179626,4.962058952704251,5.325372219085693,265878540
1997-06-25,5.358595323391892,5.398248959831937,5.251959573790602,5.2819671630859375,192334684
1997-06-26,5.315726548281776,5.6158081668791935,5.295364051254427,5.487201690673828,549810071
1997-06-27,5.530070003500598,5.6977941865897535,5.520424434813599,5.66778564453125,476177422
1997-06-30,5.6790397646527095,5.937324095248016,5.625453688996298,5.899814128875732,545552687
1997-07-01,6.0455671005366804,6.064858239009575,5.7551315309018145,5.834438323974609,492641488
1997-07-02,6.140950085519081,6.140950085519081,6.023596931925171,6.041816234588623,242521344
1997-07-03,6.001626175098563,6.07932520241712,5.980191845372182,6.030562400817871,237460151
1997-07-04,6.038602554436021,6.060572332978247,5.9807296029291095,5.997341632843018,185020956
1997-07-07,5.985551798017114,6.062179489211046,5.929286128886646,5.941611289978027,255541182
1997-07-08,5.921250208023986,5.968405758329818,5.879988802977957,5.9469709396362305,245110357
1997-07-09,5.9801934143611915,5.9893025889452485,5.8419413542970915,5.8799872398376465,259775199
1997-07-10,5.90517372360412,5.90517372360412,5.819435894079072,5.844621181488037,229113622
1997-07-11,5.83122444152832,5.871949439982941,5.809254188028318,5.83122444152832,143521977
1997-07-14,5.594371518363434,5.594371518363434,5.423432350158692,5.423432350158691,469508611
1997-07-15,5.48827387544945,5.551505042681019,5.369312960988971,5.512923240661621,384734795
1997-07-16,5.570261283374254,5.570261283374254,5.382710464349741,5.41003942489624,370541957
1997-07-17,5.3907478192883564,5.496847665740585,5.301794964421222,5.470055103302002,464498825
1997-07-18,5.470055103302003,5.470055103302003,5.470055103302003,5.470055103302002,0
1997-07-21,5.390747231638006,5.460944855264979,5.351093593953863,5.414324760437012,292609865
1997-07-22,5.4116464529777275,5.462017504080004,5.401464963600103,5.4507646560668945,145760492
1997-07-23,5.46040834901726,5.526855016707099,5.444868637512071,5.505420684814453,210457774
1997-07-24,5.518817821001058,5.589014967295213,5.473269562091721,5.507029056549072,306821396
1997-07-25,5.460410024211268,5.481844362679733,5.369313966308933,5.393963813781738,323168629
1997-07-28,5.283574040402688,5.305008370374673,5.089593234744911,5.1201372146606445,617488925
1997-07-29,5.079950395138377,5.208556444040822,5.0756635268416295,5.189801216125488,385893776
1997-07-30,5.187118796622234,5.197300281455049,5.0392216958217455,5.060120105743408,417518054
1997-07-31,5.144251671852539,5.414324760437012,5.1185304708107155,5.414324760437012,793630596
1997-08-01,5.5515045715527185,5.793712769164393,5.497918501139578,5.784603595733643,1074258098
1997-08-04,5.905282416277417,5.953602766563754,5.801125355023769,5.867162704467773,594155096
1997-08-05,5.8628664098909065,6.2343964171225945,5.8526657734376215,6.211309909820557,749393057
1997-08-06,6.233322046098601,6.234932899475098,6.211309442783468,6.234932899475098,32699139
1997-08-07,6.185003541462835,6.270906169025025,6.121113043468056,6.180707931518555,305213778
1997-08-08,6.1436620561620074,6.232785904685713,6.1436620561620074,6.1898345947265625,169173767
1997-08-11,6.217215749082099,6.366471898466452,6.188760209351067,6.229564189910889,368345502
1997-08-12,6.227953849740362,6.280032373114429,6.016418049058467,6.102321147918701,301419051
1997-08-13,6.174265453893907,6.205404797360509,6.121113023798289,6.141514778137207,152588195
1997-08-14,6.157085789390123,6.1850043864451,6.13399927561644,6.166749477386475,156177296
1997-08-18,6.152789401063533,6.157085011051646,5.784481522707637,5.816157817840576,433762475
1997-08-19,5.820453076018612,5.918703662969883,5.725422760665255,5.758709907531738,480275914
1997-08-20,5.798438973898011,5.878973027997756,5.728643463670719,5.854813098907471,309868393
1997-08-21,5.870382639326636,5.932125317078521,5.725958583354102,5.745823860168457,276108412
1997-08-22,5.774817582127779,5.774817582127779,5.605159166508671,5.6228766441345215,317887790
1997-08-25,5.594420436337829,5.829042250666683,5.414561418964602,5.657773494720459,870941138
1997-08-26,5.643278334148657,5.760857729529302,5.569187201736659,5.623950004577637,420649171
1997-08-27,5.883268388936756,5.884341812656606,5.723274655277993,5.747971057891846,468859021
1997-08-28,5.707169358272808,5.721665608010677,5.43389081133432,5.465567588806152,641448978
1997-08-29,5.4338892053344665,5.4977796927076,5.263694353667516,5.325973987579346,827385903
1997-09-01,5.284097114583515,5.491874260812242,5.284097114583515,5.4516072273254395,452680027
1997-09-02,5.497780197372046,5.648110262979462,5.427983719466641,5.586904525756836,544412400
1997-09-03,5.701799319173943,5.807030272288045,5.659921909841907,5.710926532745361,603235334
1997-09-04,5.677640467525299,5.79360903139371,5.663144217579408,5.7796502113342285,382627133
1997-09-05,5.819377622843119,5.8843410456165035,5.788237332006821,5.847832679748535,435370093
1997-09-08,5.7984410962008495,5.839245089307426,5.7340141164796,5.819380283355713,343081596
1997-09-09,5.836560728096607,6.0131985667018775,5.822601429714397,5.962730407714844,410610904
1997-09-10,5.9289050033950454,5.9369583141584705,5.807030003859203,5.9052815437316895,414232718
1997-09-11,5.905819694792405,6.050780753683736,5.905819694792405,5.964340686798096,494880003
1997-09-12,5.927830032808103,5.962728025538376,5.884341301103294,5.922997951507568,335389331
1997-09-15,5.958432958942086,6.148493085981712,5.958432958942086,6.128091335296631,485159521
1997-09-16,6.151713904579857,6.238690891545005,6.112520780689325,6.158693790435791,513937755
1997-09-17,6.176948823257842,6.20647778722466,6.164063431059625,6.188223361968994,70445452
1997-09-18,6.056684936947767,6.131849967190723,5.994405778006912,6.120575428009033,479878683
1997-09-19,6.142052398371187,6.221512576548766,6.089973386519571,6.114670753479004,455203614
1997-09-22,6.171044099395428,6.195741465077374,5.994406752114841,6.03306245803833,480682492
1997-09-23,5.982056860271089,6.0303776812579075,5.799513557155608,5.930515289306641,429682676
1997-09-24,5.97024458176313,5.990646809834499,5.8548130135163134,5.880046844482422,328542934
1997-09-25,5.862868889422137,6.149032875060724,5.847299213291476,6.128631114959717,798177725
1997-09-26,6.152788875154067,6.2215114505972045,6.088898860534494,6.10930061340332,395805863
1997-09-29,6.215067170185614,6.4416361218025715,6.1748001457956745,6.321908950805664,677994250
1997-09-30,6.295066209748803,6.603779201503149,6.254799172937494,6.3686203956604,542384184
1997-10-01,6.335332829552741,6.409423961839568,6.221511614321829,6.343923091888428,380421331
1997-10-02,6.343923091888427,6.343923091888427,6.343923091888427,6.343923091888428,0
1997-10-03,6.343923091888427,6.343923091888427,6.343923091888427,6.343923091888428,0
1997-10-06,6.343923091888427,6.343923091888427,6.343923091888427,6.343923091888428,0
1997-10-07,6.343923091888427,6.343923091888427,6.343923091888427,6.343923091888428,0
1997-10-08,6.343923091888427,6.343923091888427,6.343923091888427,6.343923091888428,0
1997-10-09,6.227417778508899,6.284865343410516,6.138293917001638,6.261778831481934,358405375
1997-10-10,6.290232771131607,6.714915177639409,6.281642510082194,6.684848785400391,677540939
1997-10-13,6.751961463960748,6.787396415495549,6.329426801608575,6.384190082550049,732900952
1997-10-14,6.349292678568306,6.4239207685726365,6.120576325749805,6.224196434020996,395315166
1997-10-15,6.244060113681634,6.398685299918672,6.240839363812784,6.361639976501465,249213522
1997-10-16,6.399222175311162,6.552773457396287,6.378283472882758,6.505527019500732,323047123
1997-10-17,6.523781943959414,6.635992780935737,6.504454093533298,6.5447211265563965,413050371
1997-10-20,6.481903752967808,7.0000051291062455,6.469555312521462,6.954369068145752,639794626
1997-10-21,7.001078113925509,7.010742276648495,6.667667849944813,6.723504543304443,656768083
1997-10-22,6.732633444435351,6.890479390181745,6.702030097452834,6.782564163208008,359989627
1997-10-23,6.744980589448597,6.826588547702211,6.642433929780121,6.709009170532227,383370189
1997-10-24,6.695051307069576,6.695051307069576,6.174265544713028,6.313857555389404,927095613
1997-10-27,6.263388440297316,6.340163842952136,6.174801069106291,6.2666096687316895,528177326
1997-10-28,6.250503709746416,6.250503709746416,5.640056689215378,5.654552936553955,715432124
1997-10-29,5.689987136560959,6.219900496254832,5.689987136560959,6.2059407234191895,702038422
1997-10-30,6.174264887719953,6.174264887719953,6.0024591703359,6.040041446685791,254199942
1997-10-31,6.04004144668579,6.04004144668579,6.04004144668579,6.040041446685791,0
1997-11-03,6.084067879354276,6.195741785555965,6.020177853172068,6.114670753479004,373645034
1997-11-04,6.140979561298914,6.458820329158088,6.047560547382344,6.128631114959717,901429803
1997-11-05,6.216142736309565,6.239766197607066,5.992258480195049,6.0250091552734375,538136147
1997-11-06,6.008901737849984,6.119501233919972,5.945011249834408,6.093730449676514,547230405
1997-11-07,6.0561487318548455,6.109838114152135,6.020177305139191,6.04487419128418,361316846
1997-11-10,6.018564733537841,6.05507310108401,5.98635101764083,6.0180277824401855,256686142
1997-11-11,6.029302680234516,6.13668093351076,6.015879860188201,6.083528518676758,383197277
1997-11-12,6.077624434657278,6.146346538231037,5.917094194944316,5.949307441711426,576443256
1997-11-13,5.929978700881594,5.938032012016677,5.755488697734309,5.829579830169678,594412128
1997-11-14,5.829579830169677,5.829579830169677,5.829579830169677,5.829579830169678,0
1997-11-17,5.831726994527273,5.841391158254391,5.724885199502312,5.800587177276611,377355641
1997-11-18,5.783406424286443,5.8091772074890535,5.5890511694258205,5.637908458709717,575139403
1997-11-19,5.534824759519368,5.562205914766425,5.24329190706106,5.25832462310791,765300999
1997-11-20,5.261547612169898,5.603011255747519,5.103163754025235,5.426910400390625,1341547977
1997-11-21,5.422616127492944,5.884343516103336,5.343692900819128,5.815084934234619,1344010811
1997-11-24,5.905819372561824,6.060444110756369,5.750120253255404,5.780186653137207,819964689
1997-11-25,5.767836872149467,6.2784219429131705,5.767836872149467,6.000311374664307,1085343185
1997-11-26,6.045410699190554,6.2365447521534225,6.024471994771343,6.162990093231201,641537770
1997-11-27,6.123261659825786,6.392782048071243,6.100175622908904,6.371843338012695,714324550
1997-11-28,6.346069102043074,6.346069102043074,6.13721809321763,6.175337314605713,763641975
1997-12-01,6.137756319763373,6.334258929696757,6.137756319763373,6.312246322631836,407591947
1997-12-02,6.319226107905448,6.486737190634365,6.266073677051914,6.400834083557129,656660597
1997-12-03,6.270906881659438,6.8185373910173075,6.270906881659438,6.744982719421387,1008663540
1997-12-04,6.70149459959767,6.911956544323647,6.539353009090743,6.624182224273682,871562688
1997-12-05,6.603779750095105,6.7621631542371725,6.603779750095105,6.714917182922363,500380487
1997-12-08,6.74336872416331,6.954904453227507,6.647265020783925,6.693974494934082,703309562
1997-12-09,6.668206336251475,6.69934567886971,6.0250091159128845,6.033598899841309,853262012
1997-12-10,5.9584329823875954,5.969171048200574,5.810250736991429,5.866087913513184,491421755
1997-12-11,5.852128589412381,6.249428886834475,5.650793924261837,6.136144638061523,909706232
1997-12-12,6.142052534379873,6.142052534379873,5.884880612924444,5.954677104949951,723143083
1997-12-15,5.911188797482663,6.065277073156558,5.77481800071888,6.010513782501221,452493095
1997-12-16,6.013197381142995,6.120575657977371,5.927294281109358,6.053463935852051,349166244
1997-12-17,6.142051712300185,6.377747464006587,6.142051712300185,6.355198383331299,488669176
1997-12-18,6.386874959919138,6.421236012255028,6.206478956589529,6.224196434020996,467027084
1997-12-19,6.217216063038807,6.349828647630321,6.174264754262721,6.327279090881348,318556073
1997-12-22,6.35036603004296,6.61934891862275,6.313857175821036,6.549552917480469,508563450
1997-12-23,6.579083537323844,6.73263486295767,6.550091037831707,6.65639591217041,543575878
1997-12-24,6.469555720626075,6.5490154011176624,6.3825787237462,6.511432647705078,387893952
1997-12-25,6.511432647705077,6.511432647705077,6.511432647705077,6.511432647705078,0
1997-12-26,6.547942353929462,6.68431313352037,6.5286140235283225,6.631697654724121,367929578
1997-12-29,6.635454429285678,6.68431123552412,6.5635106405165775,6.639212608337402,262817523
1997-12-30,6.615590167779469,6.615590167779469,6.473313421688006,6.511432647705078,372644946
1997-12-31,6.485662821513055,6.785785527026072,6.469556199467597,6.685386657714844,502161018
1998-01-01,6.654783177776639,6.7632353481546374,6.615590050115468,6.727263927459717,236815234
1998-01-02,6.708474994229783,6.775049305386927,6.680019443728001,6.702569007873535,193002967
1998-01-05,6.741224877497302,6.7965246432319555,6.6037801723078395,6.629014492034912,270028438
1998-01-06,6.596799349394176,6.710084091824286,6.5033803662589875,6.589282989501953,433444690
1998-01-07,6.608610306439233,6.697198157170178,6.539351262225307,6.613979339599609,349142878
1998-01-08,6.583376980882845,6.5919667639855115,6.36325044884669,6.423382759094238,468714149
1998-01-09,6.356807984309792,6.453448667251527,6.282716379297167,6.399759292602539,592697023
1998-01-12,6.367545874915672,6.367545874915672,6.153325333406835,6.220437049865723,434584977
1998-01-13,6.238692704172975,6.442711692411211,6.238692704172975,6.342312812805176,437202030
1998-01-14,6.41103344709789,6.537740028787663,6.163525788709795,6.255334377288818,576228284
1998-01-15,6.233324724365223,6.343924739587787,6.175877150612234,6.324596405029297,492767668
1998-01-16,6.346069925727285,6.3997593004420406,6.3068767970413795,6.360029220581055,311648923
1998-01-19,6.335870293913902,6.448080664582525,6.278959681689235,6.422309875488281,278496473
1998-01-20,6.44110084384721,6.522171386206282,6.359492871696048,6.389559268951416,426074882
1998-01-21,6.398685299918672,6.421234856095542,6.336942615657225,6.361639976501465,188385738
1998-01-22,6.342311506724557,6.342311506724557,6.254798039811137,6.276811122894287,224131875
1998-01-23,6.263389337505979,6.350903297465684,6.2440610069988205,6.314931392669678,244072883
1998-01-27,6.313857082776894,6.33211150961885,6.195740738079335,6.2505035400390625,213509445
1998-01-28,6.238690944596784,6.302043997551999,5.857497288939433,5.919776439666748,607548798
1998-01-29,5.890248272447746,5.979909549243774,5.865014438086585,5.946085453033447,285646635
1998-01-30,5.9702466039632265,6.036821386169855,5.929442612565703,6.020714282989502,242988675
1998-02-02,6.049167461980433,6.183927827521816,5.997088949455417,6.1393656730651855,322939637
1998-02-03,6.179634019499509,6.291307426509819,6.143662117586772,6.252114295959473,371986009
1998-02-04,6.312782151572164,6.399758661935363,6.218289282639965,6.2515764236450195,443384817
1998-02-05,6.270905653158789,6.431972827304873,6.270905653158789,6.394927501678467,376364900
1998-02-06,6.391707614648634,6.484590141658995,6.260168900301478,6.388486385345459,504665911
1998-02-09,6.399223425576316,6.410498445017179,6.3058039552880025,6.342312812805176,235899266
1998-02-10,6.31385769489195,6.360030239116045,6.271442852362982,6.303656578063965,249176135
1998-02-11,6.351438346019255,6.410496748219768,6.3256675634988335,6.370229721069336,314943606
1998-02-12,6.3589565870467215,6.380432245504485,6.293456187675198,6.362714767456055,200447548
1998-02-13,6.377209681420604,6.550089294024045,6.377209681420604,6.519486427307129,370294272
1998-02-16,6.51948642730713,6.51948642730713,6.51948642730713,6.519486427307129,0
1998-02-17,6.550089660809834,6.748203118091884,6.550089660809834,6.719210624694824,364522736
1998-02-18,6.758940644774279,6.797059872523499,6.550089601096864,6.625254154205322,482762114
1998-02-19,6.63599414056279,6.742298536102122,6.63599414056279,6.7197489738464355,358802606
1998-02-20,6.732097304634211,6.732097304634211,6.652637131701226,6.682165622711182,209513766
1998-02-23,6.684313080661999,6.75410956291075,6.673575491631074,6.735318183898926,157266177
1998-02-24,6.7594778121793055,6.9892680455469804,6.705788433756407,6.843233108520508,268369413
1998-02-25,6.825516088111232,6.962960772044217,6.825516088111232,6.946316719055176,261588443
1998-02-26,6.968865304675119,7.001079025088881,6.884573541845389,6.930746078491211,186385562
1998-02-27,6.952759776683879,7.221206212820467,6.952759776683879,7.173422336578369,491875066
1998-03-02,7.183623005625745,7.6727324497399,7.183623005625745,7.5841450691223145,535238695
1998-03-03,7.677564138452227,7.763466758544966,7.280263802674117,7.590587615966797,838928975
1998-03-04,7.5164943861409945,7.634610702566338,7.435960816821821,7.609914302825928,328556954
1998-03-05,7.565352236726344,7.589512164233064,7.302811869276631,7.50521993637085,209368894
1998-03-06,7.495017506158805,7.566960798925872,7.443475478404677,7.535284042358398,217033120
1998-03-09,7.580925560488549,7.8584987779846225,7.580925560488549,7.823600769042969,338006383
1998-03-10,7.809101927585687,7.988960936490835,7.743063637946412,7.882656097412109,312564892
1998-03-11,7.838630436708528,7.838630436708528,7.62548429830909,7.747358798980713,331842289
1998-03-12,7.7795738916437225,7.880509231396572,7.732326971826738,7.8354105949401855,399240745
1998-03-13,7.835410594940186,7.835410594940186,7.835410594940186,7.8354105949401855,0
1998-03-16,7.865477889618443,7.91379776316289,7.79031284427228,7.804809093475342,189507332
1998-03-17,7.786014037056792,7.786014037056792,7.582532085807359,7.627631187438965,344105051
1998-03-18,7.677565460445967,7.768837129652028,7.657700177025103,7.718906402587891,184506892
1998-03-19,7.758099383870769,7.853666182903032,7.656626599346417,7.824136734008789,323378928
1998-03-20,7.796753617804603,7.844000054220193,7.746822425670691,7.8091020584106445,157897074
1998-03-23,7.82252367139578,7.886414155513891,7.78494139964153,7.8767499923706055,43003784
1998-03-24,7.892320463086356,7.9320505409760065,7.626558837140705,7.736621379852295,154850077
1998-03-25,7.77420597234226,7.827894878538393,7.723738295233331,7.801050186157227,139157107
1998-03-26,7.77420442959926,7.811786704335202,7.639980994329244,7.660383224487305,175085502
1998-03-27,7.655014313403527,7.709240160978938,7.605620069294047,7.697965621948242,158616763
1998-03-30,7.697967321089167,7.7183695560757934,7.470324856989469,7.504148960113525,193208593
1998-03-31,7.514884828067821,7.709777046970052,7.476766080443557,7.635685920715332,274472754
1998-04-01,7.720516285293704,8.160231027580716,7.720516285293704,8.122112274169922,455455973
1998-04-02,8.15861763002518,8.332034645657876,7.979833017785345,8.227876663208008,366116334
1998-04-03,8.235932509642245,8.425992174044092,8.213919425110799,8.391631126403809,258466673
1998-04-06,8.387336242010576,8.443710379056135,8.290695547884138,8.395390510559082,193951649
1998-04-07,8.364787076093277,8.570953377654787,8.350291307118583,8.475923538208008,274687727
1998-04-09,8.558068758367753,8.558068758367753,8.268683620169883,8.328815460205078,303199582
1998-04-10,8.300362076446245,8.343312439854573,8.19835185267087,8.23002815246582,240278156
1998-04-13,8.161307264312207,8.219829225001213,8.031916331945395,8.099564552307129,251003399
1998-04-15,8.266536113553276,8.418477051440748,8.209089027692807,8.371230125427246,173790996
1998-04-16,8.329886929772913,8.375522987003016,8.252037635501363,8.274049758911133,134862336
1998-04-17,8.257408774581155,8.50437955490769,8.217142215672425,8.452301025390625,281001366
1998-04-20,8.472165540979884,8.48773521187325,8.247206911315434,8.306801795959473,157060552
1998-04-21,8.314855225706262,8.536591168605362,8.289620435535307,8.415790557861328,224926338
1998-04-22,8.485586186427497,8.564509389098713,8.335793090979502,8.358343124389648,162229231
1998-04-23,8.333108908075834,8.40236794425276,8.218750764290938,8.25364875793457,149447732
1998-04-24,8.262776508211,8.330424695465927,8.053388532702188,8.292304992675781,228669658
1998-04-27,8.310022706942926,8.321834675350322,8.20479176499472,8.240763664245605,86465553
1998-04-28,8.225196430851351,8.25740968151641,8.139830742309462,8.1688232421875,143199519
1998-04-29,8.268147579108799,8.352976314569455,8.172580774605255,8.203184127807617,118187971
1998-04-30,8.182779675726387,8.524780238601616,8.182779675726387,8.493640899658203,250540741
1998-05-04,8.53551767432907,8.707323867654212,8.53551767432907,8.67833137512207,239100482
1998-05-05,8.686383490760685,8.690142148530677,8.537664304536696,8.587059020996094,180071923
1998-05-06,8.643968825099584,8.65470688977785,8.434580870967709,8.465184211730957,158574704
1998-05-08,8.44048789164073,8.540887235145108,8.39431583235676,8.471628189086914,168589604
1998-05-11,8.439951281685726,8.460353513350091,8.365860629081725,8.418476104736328,86605753
1998-05-12,8.402906652945331,8.402906652945331,7.946547884572779,8.304118156433105,322570445
1998-05-13,8.184929407832144,8.364787990120677,8.075402830310292,8.1290922164917,222617723
1998-05-14,8.128554967686679,8.571490951772642,8.107615782417307,8.544647216796875,426542213
1998-05-15,8.589206936882253,8.73040978226532,8.568805663560486,8.601018905639648,284754033
1998-05-18,8.632693075429616,8.68369768190018,8.591352630634695,8.620345115661621,126184002
1998-05-19,8.617126028798708,8.652560980003468,8.538202815400131,8.608535766601562,174949977
1998-05-20,8.665446489088133,8.898994412257892,8.654708422508177,8.867855072021484,216420916
1998-05-21,8.879130362477396,8.912417512066746,8.645045455699606,8.76853084564209,214729178
1998-05-22,8.76208716151831,8.793763452895044,8.53175998865921,8.662224769592285,347511893
1998-05-25,8.514580560521704,8.579008011066538,8.403980087800868,8.548941612243652,177824061
1998-05-26,8.482902471996411,8.495250433961983,8.279956954953523,8.341161727905273,180142022
1998-05-27,8.268145994620504,8.268145994620504,7.583607863457195,7.643740177154541,477850467
1998-05-28,7.605083437320571,7.817155698278493,7.479986736852459,7.668972969055176,336936196
1998-05-29,7.594345564579914,7.594345564579914,7.216910496507872,7.388716220855713,382169149
1998-06-01,7.430593501953737,7.462807224266309,7.110068568140199,7.177180290222168,289366589
1998-06-02,7.140669828484512,7.1728830649752835,6.783099649187952,6.862559795379639,387968725
1998-06-03,6.947388988965771,7.139059482543907,6.8185350767141095,7.100403308868408,312359266
1998-06-04,7.151408209605073,7.167514828563469,7.0370500664419415,7.063894271850586,187946447
1998-06-05,7.0655064507446905,7.24482901162394,6.819609597112058,6.8915534019470215,309204783
1998-06-08,6.925915541682602,6.966719051448997,6.2816439055838735,6.691830158233643,487112964
1998-06-09,6.91195528134087,7.04403092397725,6.684849801578911,6.921082973480225,263901730
1998-06-10,6.872225954292931,6.946317094898863,6.540426436114254,6.600558757781982,290763908
1998-06-11,6.535592500066689,6.750886451370325,6.399758701042814,6.703103065490723,288086102
1998-06-12,6.711159505396466,7.021483422073346,6.711159505396466,6.903367519378662,249975271
1998-06-15,6.786322093952419,6.818535814785334,6.4491536025480665,6.493715286254883,260803327
1998-06-16,6.444859190346091,6.654247202693776,6.143125614641561,6.584451198577881,337623172
1998-06-17,6.764845327031316,7.241605732692859,6.764845327031316,7.234089374542236,177338037
1998-06-18,7.398379966791819,7.441330797239894,7.097719846560238,7.142282009124756,172075892
1998-06-19,7.044030585527915,7.044030585527915,6.649414530233073,6.689144611358643,209074475
1998-06-22,6.70833109945952,6.8700752015093025,6.190641095874919,6.612041473388672,259695753
1998-06-23,6.794342271582601,6.8419458354417255,6.470853573355196,6.801374435424805,255457062
1998-06-24,6.761883518520683,6.978264269439246,6.729426309446225,6.955003261566162,197040706
1998-06-25,6.977182612287199,7.194644429610464,6.946888958413418,7.063734531402588,176239810
1998-06-26,7.032359626973596,7.032359626973596,6.8835978469249985,6.928496837615967,137184971
1998-06-29,6.886843205279213,7.158941206333493,6.772702205896671,7.135680198669434,178973695
1998-06-30,7.162185960478207,7.17300470664676,7.03830777280119,7.078338146209717,112486535
1998-07-01,7.0080180348947145,7.0080180348947145,6.794342283733548,6.907941818237305,159579465
1998-07-02,6.849516916040379,6.983672855376329,6.783521447949572,6.886842727661133,148471011
1998-07-03,6.838158596417398,6.902531531132737,6.6807416179396695,6.707248687744141,161986219
1998-07-06,6.747819168853348,7.032358948744786,6.6861508093703454,6.993410587310791,188077300
1998-07-07,7.032358754258986,7.129729896242779,6.989082798306935,7.0377678871154785,165164069
1998-07-08,7.097273558903444,7.378568271468625,7.089700386228572,7.3185224533081055,256966541
1998-07-09,7.313653564920413,7.530034327236462,7.313653564920413,7.453760147094727,255587915
1998-07-10,7.505690966965662,7.626323120902746,7.488380583894576,7.576014518737793,171286103
1998-07-13,7.56248980248186,7.6966457371597095,7.2920143765969385,7.329880714416504,251610929
1998-07-14,7.330965552689783,7.502446881447393,7.313655165066522,7.454302787780762,165827678
1998-07-15,7.519756149655431,7.604686009837306,7.346111289385998,7.38073205947876,199727858
1998-07-16,7.439154115217647,7.832966808195647,7.356930271223832,7.788067817687988,328982225
1998-07-17,7.840541131693546,7.863802145042528,7.486759253576283,7.540854454040527,295166164
1998-07-20,7.5722270625831465,7.573309082015498,7.28119614156503,7.322308540344238,186563148
1998-07-21,7.313653084048484,7.472693068905268,7.206004201919554,7.263885974884033,252779256
1998-07-22,7.335291412997822,7.431580535572519,7.303375214652646,7.3315043449401855,146625054
1998-07-23,7.298506269230051,7.311489055415474,7.013966028178707,7.045882225036621,219874491
1998-07-24,7.046423591674472,7.075634741525548,6.903071444492599,6.930119037628174,165930491
1998-07-27,6.956623819335405,7.0810425226623686,6.773241339669314,6.827877521514893,196708901
1998-07-28,6.805161105066276,7.051834585497062,6.805161105066276,6.986379146575928,209845571
1998-07-29,6.99990342451963,7.180580950738992,6.969069237356995,7.137845993041992,177828735
1998-07-30,7.162188193779517,7.236839349698255,6.830043855318946,6.863583087921143,282548231
1998-07-31,6.891711332750072,7.018834628209407,6.77540678467912,6.886842727661133,328028870
1998-08-03,6.828421790185218,6.828421790185218,6.465443724702165,6.501687526702881,215682533
1998-08-04,6.469772346224321,6.599600745746685,6.448675369929704,6.500606536865234,193909589
1998-08-05,6.364286345023057,6.599599584617657,6.296666866424428,6.520620346069336,190432648
1998-08-06,6.559567580798556,6.674249100446725,6.406478229912086,6.447049617767334,300161931
1998-08-07,6.397284891578181,6.5130484736946554,6.37564690644195,6.412431240081787,192960907
1998-08-10,6.373481503595801,6.382136695799011,6.2647505912700385,6.28043794631958,158990628
1998-08-11,6.264209851518313,6.3074858143998815,6.167920713560964,6.214442253112793,137484062
1998-08-12,6.156021200122492,6.317224810097247,6.101925990156448,6.206329822540283,200461568
1998-08-13,6.178739411143221,6.383218936765496,6.15818296731006,6.322091579437256,220991412
1998-08-14,6.299911663032693,6.372398769055842,6.264749888379294,6.2836833000183105,118187971
1998-08-17,6.289093152377383,6.3756450679642445,6.097055426666895,6.121397972106934,183978809
1998-08-18,6.112744107292677,6.250686192426043,6.075418766413305,6.1814446449279785,158565357
1998-08-19,6.215523597898204,6.328041580086239,6.172789128333561,6.279356002807617,184343327
1998-08-20,6.371317412315918,6.669381495468783,6.371317412315918,6.633138179779053,226281597
1998-08-21,6.594189772925871,6.642333856943257,6.496818138785425,6.540635108947754,202340238
1998-08-24,6.518455642710042,6.634759226686441,6.437312867282324,6.6098761558532715,197017339
1998-08-25,6.621237324894919,6.813815602447928,6.621237324894919,6.7791948318481445,205139549
1998-08-27,6.837616628714179,7.086454104478893,6.6823637112286605,6.727803707122803,329234583
1998-08-28,6.645578741310171,6.804077219576087,6.5779592816098305,6.723475456237793,308461727
1998-08-31,6.769997184055512,6.867909331369369,6.7353764208469284,6.793258190155029,202167325
1998-09-01,6.771622324346725,6.794883337698357,6.622319995369872,6.748902320861816,283048275
1998-09-02,6.7835238935152615,6.825176351177732,6.698594019780419,6.7202324867248535,129347832
1998-09-03,6.702921166184922,6.858714634784494,6.664513326668269,6.816520690917969,182880581
1998-09-04,6.859256673763135,7.167599044876171,6.859256673763135,7.138928413391113,344282637
1998-09-07,7.182743905424537,7.2054639055104435,7.059407175401105,7.136221885681152,173823709
1998-09-08,7.092946742826299,7.356930599789453,7.086455107272785,7.324472904205322,228664984
1998-09-09,7.335295178479993,7.399667653570965,7.282281984659662,7.308247089385986,161565621
1998-09-10,7.2660486541724225,7.35584661521059,7.237919044593808,7.297423839569092,133834208
1998-09-11,7.270920368320301,7.270920368320301,7.191941120295477,7.245495796203613,131221829
1998-09-14,7.292016540195536,7.518675071236098,7.292016540195536,7.505151271820068,189142814
1998-09-15,7.467285961409375,7.475940673481307,7.335294007921916,7.373160362243652,138465457
1998-09-16,7.378568567354041,7.481348858925298,7.336374141794704,7.359094142913818,181315023
1998-09-17,7.356927860683945,7.416432167216787,7.293095477271221,7.312028884887695,109677877
1998-09-18,7.2714605229687646,7.281197735624978,7.08753743090374,7.119994163513184,210364308
1998-09-21,7.137847917500096,7.193565680488688,6.947433126694509,7.092949390411377,275309277
1998-09-22,7.115666032681988,7.237920744988435,7.08807790847233,7.1621880531311035,194007729
1998-09-23,7.2487391874106555,7.269295146427553,7.130812084110156,7.15623664855957,106018676
1998-09-24,7.205464928516303,7.692320282485983,7.205464928516303,7.6587815284729,356353793
1998-09-25,7.703138514211533,7.772921062481195,7.643634187628388,7.676631927490234,223103747
1998-09-28,7.722613638022676,7.811329608330261,7.559246506731498,7.597653865814209,233366333
1998-09-29,7.638223414961461,7.681499369955008,7.448890750227183,7.551671504974365,158499931
1998-09-30,7.443481597077088,7.572227450624039,7.402369196191064,7.531115531921387,158541990
1998-10-01,7.531115531921388,7.531115531921388,7.531115531921388,7.531115531921387,0
1998-10-02,7.531115531921388,7.531115531921388,7.531115531921388,7.531115531921387,0
1998-10-05,7.465662077769714,7.465662077769714,6.929038648758127,6.930661678314209,205008697
1998-10-06,6.882514390567688,7.296341950056699,6.868991077387962,7.1605634689331055,209831551
1998-10-07,7.205463347663338,7.561408702296163,7.205463347663338,7.531115531921387,226805008
1998-10-08,7.571144827833833,7.730184311137215,7.390467368793592,7.460249900817871,367032302
1998-10-09,7.459712557393176,7.627407795592159,7.459712557393176,7.579262733459473,221655022
1998-10-12,7.632274167590163,7.81673874258509,7.431040699465516,7.563032627105713,249596733
1998-10-13,7.573309404512566,7.599275461077973,7.087536181052711,7.248739242553711,214037529
1998-10-14,7.2303481299280925,7.584129987813081,7.1946453382381605,7.533280849456787,186025718
1998-10-15,7.5895375250135535,7.605765886905983,7.40128640545475,7.480265140533447,201321456
1998-10-16,7.535443824580876,7.615504594781492,7.438072669708064,7.517592430114746,152705028
1998-10-19,7.50839486577518,7.511099914254083,7.433202715178272,7.4716105461120605,51495186
1998-10-20,7.462416185875301,7.481349602386649,7.217906729554143,7.2968854904174805,170328074
1998-10-21,7.29688549041748,7.29688549041748,7.29688549041748,7.2968854904174805,0
1998-10-22,7.389386820549382,7.5624911430893755,7.376404032522638,7.518133163452148,191040178
1998-10-23,7.471072059536587,7.7236961883322435,7.465121433056692,7.665814399719238,235459975
1998-10-26,7.776167052263313,7.917895704531269,7.727480993223962,7.798346042633057,234478580
1998-10-27,7.800509738394497,8.114261166300654,7.70313810678563,7.810246467590332,155499667
1998-10-28,7.876242608329681,7.9627945288521405,7.715039053627348,7.769675254821777,221655022
1998-10-29,7.719366648595172,7.79780438193128,7.627405118251112,7.759397029876709,176080917
1998-10-30,7.799970686641342,7.811330447979795,7.590081508269837,7.640930652618408,256667449
1998-11-02,7.562492150885207,7.6733871147564034,7.4548432460908245,7.641470909118652,199195101
1998-11-03,7.638226464646319,7.70205888538543,7.5029884485663505,7.570066928863525,175693033
1998-11-05,7.5960305798902485,7.625783227057905,7.5419358659689815,7.584129810333252,104523217
1998-11-06,7.605767715134504,7.679878345206396,7.586834782436792,7.630110263824463,104097946
1998-11-09,7.676089635888404,7.832424563332259,7.676089635888404,7.74370813369751,102527715
1998-11-10,7.746413208619794,7.84324333756379,7.724775713568438,7.760478496551514,124071667
1998-11-11,7.843785256326842,7.96549943483436,7.831343478247865,7.8924713134765625,186086471
1998-11-12,7.882732681047027,7.974694204545812,7.854603551823674,7.9476470947265625,114687663
1998-11-13,7.943860810911668,7.9801041226766,7.877323847780493,7.898420333862305,110140534
1998-11-16,7.897881007384391,7.897881007384391,7.768052637530866,7.791313648223877,71338054
1998-11-17,7.790231775483847,7.831885191594606,7.749660379003261,7.789150238037109,78404096
1998-11-18,7.822147291309281,7.885979693307172,7.789690080542831,7.868128299713135,54948761
1998-11-19,7.876243482633442,7.891931321334195,7.729645729064941,7.729645729064941,65996462
1998-11-20,7.735596107403723,7.774544474715261,7.654453313867107,7.6815009117126465,98648869
1998-11-23,7.654453674532978,7.654453674532978,7.542476691325618,7.579802513122559,80376232
1998-11-24,7.635518262555975,7.670680035782901,7.532196981687114,7.546261787414551,88629295
1998-11-26,7.508395032530972,7.584128194505636,7.406696297682137,7.410482883453369,78913487
1998-11-27,7.399123981952968,7.4315816771900725,7.3028353267700465,7.38073205947876,95485039
1998-11-30,7.255772325898192,7.387764253521273,7.121616841226968,7.387223243713379,157836321
1998-12-01,7.367750745288112,7.401830512396027,7.292017554461114,7.373160362243652,94396158
1998-12-02,7.400207208299941,7.421845193136376,7.2757889160363165,7.297967910766602,97882446
1998-12-03,7.2974253720187425,7.340701814808447,7.260641046595092,7.302834987640381,80306133
1998-12-04,7.314194681543898,7.841080341068749,7.308244056194586,7.659321308135986,278230094
1998-12-07,7.645798307751326,7.6706818669285335,7.508937767909782,7.65120792388916,132721961
1998-12-08,7.619831513572946,7.665271510389712,7.5624907488978375,7.61712646484375,98854494
1998-12-09,7.657699290010572,7.790773246903497,7.657699290010572,7.682583332061768,103728755
1998-12-10,7.7215305991445895,7.744250116380508,7.662026275021836,7.695024013519287,51752218
1998-12-11,7.713954813568086,7.783736853129744,7.713954813568086,7.757230758666992,86722585
1998-12-14,7.78969170454301,7.811330171020774,7.703680777246223,7.727482318878174,66580626
1998-12-15,7.7085473357958545,7.723694161869023,7.5159686034704905,7.525705814361572,88470403
1998-12-16,7.534362752146612,7.640930122546165,7.432664470504557,7.638225555419922,119818956
1998-12-17,7.486758514441442,7.638224867914324,7.4326638015012145,7.441318511962891,128815075
1998-12-18,7.464040065399249,7.627407704370128,7.436992944396223,7.52895450592041,155069722
1998-12-21,7.6127996415800965,7.768052577972413,7.600357862713365,7.768052577972412,113416523
1998-12-22,7.803213027724029,7.832965668593675,7.627404641965553,7.704219341278076,124861456
1998-12-23,7.768052623884695,7.789690605125033,7.5949482917785645,7.5949482917785645,98522689
1998-12-24,7.57331088702039,7.697729650260688,7.543558720823111,7.600358486175537,133151905
1998-12-25,7.600358486175538,7.600358486175538,7.600358486175538,7.600358486175537,0
1998-12-28,7.67068085710818,7.962794303894043,7.642010715063855,7.962794303894043,170440234
1998-12-29,7.865423734070145,7.95414017990632,7.746414596859964,7.768052577972412,119164693
1998-12-30,7.880571192225006,8.389605522155762,7.847031957180691,8.389605522155762,320747855
1998-12-31,8.35228013508528,8.406375336100034,8.093706347199163,8.125081062316895,222809329
1999-01-01,8.199731254106904,8.330641154427067,8.125079619936104,8.24949836730957,158046620
1999-01-04,8.340380150579762,8.547023748837468,8.293858121712958,8.444242477416992,178216619
1999-01-05,8.492929056621518,8.535664018815257,8.439915870230893,8.471290588378906,138227118
1999-01-06,8.601115635959438,8.682258418254667,8.517809779055062,8.622754096984863,195554594
1999-01-07,8.694703790365216,8.871053742691908,8.684425565917271,8.863480567932129,188539958
1999-01-08,8.948949381470802,9.109611954359496,8.925688850146633,9.082564353942871,184969550
1999-01-11,9.054433755178792,9.516946997257575,8.968963848570704,9.086350440979004,287936556
1999-01-12,8.937051761339532,9.04470022090867,8.601120213132557,8.690378189086914,188264232
1999-01-13,8.871591731504758,8.925686920644027,8.64439270861324,8.71038818359375,144157547
1999-01-14,8.601116661111403,8.828316671490965,8.352279151494226,8.742305755615234,130763845
1999-01-15,8.871052194137016,9.07715379958753,8.601117213391225,8.696325302124023,226907820
1999-01-18,8.806678978586087,9.001421310601435,8.63465616741352,8.968964576721191,166701587
1999-01-19,8.924606372961078,8.958145125735857,8.611936436768724,8.65521240234375,190843899
1999-01-21,8.755825616287677,8.958141024360893,8.622751721433124,8.893226623535156,211934540
1999-01-22,8.893231348867257,8.923525009179905,8.714717375019669,8.749338150024414,132011618
1999-01-25,8.730944553930279,8.730944553930279,8.525924039508164,8.676849365234375,137110198
1999-01-27,8.817497960039761,9.08256385081932,8.806678727599042,8.900263786315918,171047764
1999-01-28,8.922440999028657,9.000878735174108,8.676849569486789,8.687668800354004,104238146
1999-01-29,8.70822606811332,8.795318039968814,8.653048853389766,8.730945587158203,86876805
1999-02-01,8.687669946920568,8.893230538692901,8.657376289367676,8.657376289367676,116173776
1999-02-02,8.687669607519794,8.698487875025352,8.492927291283644,8.579479217529297,115753178
1999-02-03,8.752582828342726,8.866182348949271,8.65521167291328,8.817497253417969,134109934
1999-02-04,8.957061483144669,9.033877151943372,8.806677168381587,8.847248077392578,150817011
1999-02-05,8.88241208757821,8.893230355283293,8.710930296993219,8.839136123657227,91587499
1999-02-08,8.893229011968508,9.196161678024552,8.866181418057549,8.903507232666016,185978985
1999-02-09,8.855364431578684,8.93650722503662,8.741764906484322,8.936507225036621,111019116
1999-02-10,9.001418931223958,9.120428531271521,8.9256862507331,9.093379974365234,102195910
1999-02-11,9.131250594036295,9.324909950863242,9.116103281745477,9.142068862915039,188918496
1999-02-12,9.164786023841302,9.31408830248559,9.125837184035557,9.217799186706543,120412466
1999-02-15,9.25025617035957,9.395231339971591,9.098789848719647,9.106904029846191,126814899
1999-02-16,9.098793029785156,9.171821649822542,9.045238837006673,9.098793029785156,86535653
1999-02-17,9.190754372281951,9.190754372281951,8.833726447420197,9.012240409851074,117043011
1999-02-18,9.044695370622858,9.185342473611644,8.88836091385662,8.92027759552002,105060648
1999-02-19,8.9365035336633,9.03116960474404,8.893226623535156,8.893226623535156,64898235
1999-02-22,8.86077263676234,8.89322936499721,8.67144043623657,8.687668800354004,58935093
1999-02-23,8.65521067438931,8.804513931274414,8.59300226984282,8.804513931274414,92914719
1999-02-24,8.848875180747779,8.879168847292476,8.699572816733406,8.785043716430664,71810058
1999-02-25,8.711471639774745,8.779631165009548,8.65521240234375,8.65521240234375,58458416
1999-02-26,8.600035522412345,8.600035522412345,8.319823272669552,8.360936164855957,104214779
1999-03-01,9.142067767804773,9.737113952636719,9.104201902531075,9.737113952636719,209177288
1999-03-03,10.06168398769957,10.364616690885994,9.96431283055871,10.029227256774902,266056126
1999-03-04,10.13795841744032,10.318635436876576,10.097927550164114,10.267245292663574,166033304
1999-03-05,10.38625533213102,10.632928828763443,10.337570230390549,10.440350532531738,190876612
1999-03-08,10.582076802715143,10.95857906341553,10.363532985593675,10.958579063415527,262065120
1999-03-09,11.013757738036537,11.013757738036537,10.597767462154708,10.613454818725586,211705548
1999-03-10,10.44034887000417,10.959662325408498,10.44034887000417,10.778443336486816,217645323
1999-03-11,10.764918227056903,10.92720378991457,10.604256657780558,10.645368576049805,92171663
1999-03-12,10.689186143966099,10.852553735484838,10.656729415316512,10.791967391967773,105219540
1999-03-15,10.862292819143152,11.099229100729655,10.710826452060836,10.930452346801758,121837825
1999-03-16,10.894751233755215,11.141424766534291,10.710287094116213,10.710287094116211,108532916
1999-03-17,10.948841974226363,11.391338746193444,10.82009516092107,10.870404243469238,209485726
1999-03-18,10.873110439758381,10.978053800627727,10.754100824566432,10.905567169189453,65814203
1999-03-19,10.948839864029763,10.996442924413893,10.645907265143473,10.786554336547852,74520577
1999-03-22,10.710827596590871,10.710827596590871,10.478759414595967,10.597228050231934,62767206
1999-03-23,10.591815487389704,10.689186642244227,10.267245292663574,10.267245292663574,97055270
1999-03-24,10.591815295203663,10.743281640492025,10.085486070640838,10.387335777282715,111107909
1999-03-25,10.28888124116741,10.41005487996053,9.846924524534973,9.888578414916992,88017092
1999-03-26,9.872354331506555,10.081161026170623,9.780392284217292,9.964315414428711,84951401
1999-03-30,9.953494885824687,10.548540115356445,9.65056120845119,10.548540115356445,97237529
1999-03-31,10.535555312496934,10.608583913196226,10.355960328715325,10.418710708618164,76570056
1999-04-01,10.467397260038666,10.489035724141685,10.226132917814349,10.228837966918945,49371167
1999-04-05,9.845305028178409,9.951331387053047,9.42336266772675,9.520733833312988,70024527
1999-04-06,9.542371163486402,10.282391548156737,9.47745673936263,10.282391548156738,148287209
1999-04-07,10.2239679637836,10.53771888504336,10.110367494672268,10.225049018859863,130733468
1999-04-08,10.256426061153775,10.367321496487255,10.135253368471162,10.267245292663574,48932998
1999-04-09,10.28887929737238,10.332156208715407,9.96430921286522,10.116857528686523,78120567
1999-04-12,10.051947182304119,10.169874788131573,9.910218037126564,10.05086612701416,51817270
1999-04-13,9.950249990287936,10.050867221294133,9.856124877929688,9.856124877929688,48816072
1999-04-15,9.628926088662737,9.791211717394303,9.586191123832212,9.720888137817383,43927417
1999-04-16,9.856122476692567,10.498771667480469,9.856122476692567,10.498771667480469,59500236
1999-04-19,9.8344818879111,10.397070192489108,9.720882400591814,10.188804626464844,73034885
1999-04-20,10.265080973097037,10.353796933193806,10.117401697651042,10.202330589294434,38581947
1999-04-21,10.351633456035387,10.543130676513305,10.215314414182382,10.332159996032715,57459402
1999-04-22,10.299702022620576,10.480380006420061,9.931855866229425,10.067093849182129,63048773
1999-04-23,10.121190113902612,10.228838537500954,9.85125512921277,10.223970413208008,88135420
1999-04-26,9.967017255312271,10.018407397513151,9.592137986271934,9.596466064453125,99139473
1999-04-28,9.683019445010652,10.005426600937206,9.543454332483725,9.975132942199707,60841382
1999-04-29,10.03463821581562,10.278066635131836,9.942677140012009,10.278066635131836,72414317
1999-04-30,10.321339083666981,10.428447435892712,10.234787172080543,10.363533020019531,56728824
1999-05-03,10.36461669247569,10.580996505951425,10.333241981159281,10.33973217010498,37926281
1999-05-04,10.353796357079043,10.970479965209961,10.353796357079043,10.970479965209961,68956536
1999-05-05,10.873109123035125,11.284231182053851,10.797375477711482,11.035393714904785,105887683
1999-05-06,11.088951582635731,11.918229103088379,11.078673358973987,11.918229103088379,166859872
1999-05-07,12.14975058199852,12.342328798909382,11.792723756522932,11.846817970275879,116685082
1999-05-10,11.944192813047895,12.149754360965016,11.631523859230827,11.890097618103027,94457986
1999-05-11,11.911734717479495,11.964747886729409,11.599064835108194,11.619621276855469,65913044
1999-05-12,11.77109005095931,12.009108352141924,11.090032891499362,11.409193992614746,113914651
1999-05-13,11.522254877653106,11.868463649679171,11.522254877653106,11.742962837219238,95287872
1999-05-14,11.836000338415063,12.201683367511079,11.760267657451603,12.079428672790527,125789855
1999-05-17,12.04156477364207,12.333678267193513,11.522793227520447,11.851149559020996,121693888
1999-05-18,11.900915513049817,12.095657807227788,11.727811680165736,11.750531196594238,79842634
1999-05-19,11.781906663359536,11.900916279406001,11.647210656633353,11.760269165039062,42317322
1999-05-20,11.735385506628223,11.836001753464533,11.554707527160646,11.554707527160645,35922787
1999-05-21,11.736468819142097,12.322859886156426,11.450306414138685,11.849528312683105,204437525
1999-05-24,12.106478838361282,12.234142693007888,11.922555747477046,12.083758354187012,61926057
1999-05-25,12.094575023164248,12.094575023164248,11.490873756502344,11.533068656921387,83849342
1999-05-26,11.673717553347505,11.790022123558094,11.323180813316025,11.576346397399902,89793323
1999-05-27,11.56552684861489,11.715911174628225,10.939105987548828,10.939105987548828,65662134
1999-05-28,11.024579590832056,11.204175612428392,10.602638106441148,11.002942085266113,104758145
1999-05-31,11.132763609070672,11.498987606839775,11.103552945137974,11.430827140808105,70359089
1999-06-01,11.2961329173517,11.411896474697498,11.005102441180691,11.049459457397461,52742118
1999-06-02,11.143585859316802,11.185238792254175,10.938024314907384,11.103014945983887,38738269
1999-06-03,11.132767516430492,11.23771185403899,11.068394095393915,11.179830551147461,29251452
1999-06-04,11.304249274548408,11.629360508922183,11.273414606569068,11.449223518371582,78992933
1999-06-07,11.576344910499731,11.752153785550538,11.468154536817165,11.597982406616211,66239147
1999-06-08,11.522249426958384,11.781905159870291,11.48438260427122,11.533068656921387,60690575
1999-06-09,11.684535664661558,11.9009164369313,11.473023980525976,11.513054847717285,26756467
1999-06-10,11.521170622838387,11.705093726071677,11.415144261217987,11.45571517944336,29994368
1999-06-11,11.457336474509498,11.52874205126957,11.118701959051542,11.15981388092041,53739589
1999-06-14,10.992119941393666,11.0451331178967,10.778985215734503,10.98995590209961,36844971
1999-06-15,11.029983979324797,11.072178881098822,10.789261650026294,10.840110778808594,37577933
1999-06-16,11.576346547604835,11.576346547604835,10.819555798900096,11.198222160339355,48621942
1999-06-17,11.32426197580817,11.599065037988492,11.21553155102581,11.38538932800293,55544234
1999-06-18,11.467072684146572,11.729974485951105,11.467072684146572,11.592032432556152,54612283
1999-06-21,11.642342071597971,11.898211744568153,11.619622552724802,11.832216262817383,57642596
1999-06-22,11.88955685010516,12.052383448062841,11.75215578506951,11.93824291229248,50800031
1999-06-23,12.171391467195448,12.171391467195448,11.630440542446744,11.681289672851562,66189563
1999-06-24,11.713505111519535,11.843480551368026,11.551988098851657,11.792903900146484,52110147
1999-06-25,11.746678242185892,11.842392672958482,11.663473214207485,11.691752433776855,32452015
1999-06-28,11.799972714814203,11.801060488910847,11.692295682689494,11.764080047607422,21156207
1999-06-29,11.776587853245639,11.877196287377087,11.718942615661833,11.823901176452637,34404943
1999-06-30,11.822816262296012,11.964211409604863,11.785835814016009,11.92342472076416,64885477
1999-07-01,11.963125248397418,11.99684237831822,11.793994742073195,11.844027519226074,31579601
1999-07-02,11.898948056015909,11.962576046515343,11.82281260390695,11.84674072265625,35487983
1999-07-05,11.888075485957138,12.125184098440773,11.888075485957138,12.013154983520508,67602772
1999-07-06,12.018594019141068,12.072976915953408,11.912547661205739,11.950615882873535,29302205
1999-07-07,11.963122043984,11.98215615274304,11.746678254604355,11.79127311706543,46470912
1999-07-08,11.746678081944358,11.778220623551492,11.492710935353868,11.523165702819824,53310486
1999-07-09,11.529147478721391,11.625948712729869,11.242006129620314,11.304546356201172,73048765
1999-07-12,11.387751344735989,11.822813456952838,11.214270774669359,11.679786682128906,95136924
1999-07-13,11.735800170737539,11.745589166753497,11.149554000698746,11.36164665222168,58031556
1999-07-14,11.471500425888449,11.47476374806941,11.225690634132743,11.300739288330078,38245562
1999-07-15,11.355123628207531,11.616160351237946,11.075595713279775,11.171853065490723,87967181
1999-07-16,11.14846958123344,11.268111178324526,11.094086684557205,11.154451370239258,39042081
1999-07-19,11.181097270332803,11.420381398461766,11.150643473195752,11.35131549835205,53323244
1999-07-20,11.420379808897009,11.45300914971532,10.768874949517738,10.824344635009766,94062530
1999-07-21,10.822171678346253,11.039703254542028,10.76778975379305,10.904833793640137,61249409
1999-07-22,10.909185090672333,11.08320957922518,10.876554771946855,10.922236442565918,51932187
1999-07-23,11.027739608096057,11.233305666580241,10.930938367533363,11.00272274017334,72685135
1999-07-26,10.984234037031417,11.05601938909752,10.793894852216528,10.89504623413086,46257902
1999-07-27,10.854801730018915,10.99456520198638,10.768877263668568,10.81999683380127,64827761
1999-07-28,11.038613049897243,11.25505680421709,10.95595095280347,11.026649475097656,72083260
1999-07-29,11.05438897690146,11.11584241844537,10.890153449776609,11.047319412231445,45290060
1999-07-30,10.930936612213513,11.114206178374932,10.333813621015828,10.933111190795898,54659483
1999-08-02,11.060365656964832,11.072329230754622,10.82216838212196,10.875463485717773,35835163
1999-08-03,10.89830652402566,10.89830652402566,10.619867388169043,10.660654067993164,69626361
1999-08-04,10.811296524174384,11.017951340067459,10.767790400222546,10.878730773925781,37203414
1999-08-05,10.930938116603466,11.07070061842296,10.784648000156123,10.825434684753418,34549629
1999-08-06,10.794984593851376,10.833052825550231,10.713410227137851,10.736794471740723,27073364
1999-08-09,10.713404250396811,10.713404250396811,10.517626267302425,10.546993255615234,25875127
1999-08-10,10.518170409455909,10.518170409455909,10.116825437426048,10.196224212646484,46456518
1999-08-11,10.023831984360955,10.713405106629745,10.023831984360955,10.419194221496582,95085705
1999-08-12,10.570925333647063,10.570925333647063,10.278346023371098,10.363726615905762,49288029
1999-08-13,10.408864954424129,10.419197841922418,10.185895435631252,10.222332000732422,24961963
1999-08-16,10.310973677402727,10.430616234170671,10.23755764546119,10.30825424194336,26080286
1999-08-17,10.33109723038082,10.388199567281376,10.278345990918416,10.303361892700195,32740451
1999-08-18,10.430613444373673,11.094082806828009,10.430613444373673,10.974984169006348,108684378
1999-08-19,11.031002103613957,11.072332676787816,10.68077758212449,10.714494705200195,45558916
1999-08-20,10.767787912148524,10.767787912148524,10.49913681051335,10.57581615447998,18244502
1999-08-23,10.669356128952447,10.8221709456589,10.616604899805592,10.671531677246094,23997813
1999-08-24,10.759088316639703,10.909185657687683,10.683496728463039,10.841206550598145,45629950
1999-08-25,11.039703180745507,11.137592195480103,10.00643110920986,10.737878799438477,41788023
1999-08-26,10.84392294135321,11.463886251829132,10.637268181362723,11.193604469299316,86332738
1999-08-27,11.474767395381738,11.722752814081494,11.44213804118311,11.501958847045898,61668277
1999-08-30,11.420382854666148,11.441592513551884,11.148469346505816,11.176204681396484,28869456
1999-08-31,11.159342847004194,11.311614715938324,10.985317438438553,11.048945426940918,39820654
1999-09-01,11.364911195830826,11.409506058221575,11.159345148347024,11.334457397460938,55950344
1999-09-02,11.26811162232093,11.311618716972854,10.811840710591925,10.885257720947266,40248729
1999-09-03,10.816731949318545,10.898306276610473,10.69219539505505,10.721562385559082,25941395
1999-09-06,10.821082660597177,10.854799776553213,10.659565672812958,10.740052223205566,15847095
1999-09-07,10.680779189693995,10.786281671711146,10.464335353702584,10.535576820373535,30160738
1999-09-08,10.831962783564729,10.831962783564729,10.530681286223434,10.643253326416016,27674304
1999-09-09,10.713404462484458,10.713404462484458,10.573097131371506,10.63019847869873,16004165
1999-09-10,10.648147048379634,10.67860181765192,10.533943360226086,10.570923805236816,17804510
1999-09-14,10.50675057751214,10.636182118590929,10.41049323700138,10.450736999511719,27945777
1999-09-15,10.60572842136805,10.60572842136805,10.289221037726936,10.386566162109375,39178307
1999-09-16,10.300096886181782,10.354479778295195,10.1151956346936,10.182085990905762,28143878
1999-09-17,10.071688781795917,10.126071669950864,9.854157229176124,10.02165699005127,25577157
1999-09-20,10.027095430353057,10.071689323478845,9.867753966677407,9.88733196258545,14514969
1999-09-21,9.897665389246823,9.916154642509879,9.530581339118134,9.580613136291504,32047213
1999-09-22,9.7888988908482,10.11519526201096,9.745392772659542,9.876998901367188,59163758
1999-09-23,9.892231056955456,9.897668960524843,9.484359204368692,9.533304214477539,34104543
1999-09-24,9.484357763309264,9.72472973988667,9.475112649998751,9.53602123260498,31455291
1999-09-27,9.544175849981412,9.570278548650686,9.11618330608604,9.169478416442871,29222899
1999-09-28,9.066693510666399,9.19068616417796,8.875266630313467,8.952489852905273,50999815
1999-09-29,9.167845836700241,9.419093496422589,9.081921392121664,9.242349624633789,60135900
1999-09-30,9.234196773661978,9.276616099085539,8.985124540832029,9.04385757446289,25425181
1999-10-01,9.016663465612579,9.12542827475896,8.908441574033493,8.988384246826172,43331430
1999-10-04,9.038418157185799,9.038418157185799,8.593023023064687,8.653932571411133,26728006
1999-10-05,8.593565547820827,8.66807032512275,8.456521509508155,8.585408210754395,46594755
1999-10-06,8.679490391627203,9.125428342266295,8.647947850229754,8.844269752502441,66034970
1999-10-07,8.847531468736715,9.514808066601537,8.847531468736715,9.469670295715332,112300724
1999-10-08,9.462604977870539,9.593123366342432,9.304894167784088,9.365803718566895,52927181
1999-10-11,9.440848090886282,9.451724861787808,8.947596855630014,9.03950309753418,29968478
1999-10-12,8.918774273406687,9.005786506713989,8.7012427206428,8.766502380371094,39329536
1999-10-13,8.668614266694041,9.071047098981527,8.266181434406555,8.91768741607666,87776977
1999-10-14,9.018835811374005,9.631185531616211,9.018835811374005,9.631185531616211,73935712
1999-10-15,9.788900640400165,9.838388555717248,8.861129959282199,8.878532409667969,64541147
1999-10-18,9.019926597992656,9.019926597992656,8.559847596707,8.647403717041016,56705878
1999-10-20,9.17872246371476,9.17872246371476,8.358630135765642,8.410293579101562,88501480
1999-10-21,8.472834856483972,8.64577153859901,8.299897204873357,8.372770309448242,56114144
1999-10-22,8.396698720358742,8.613142493497516,8.353192604815,8.418452262878418,50149086
1999-10-25,8.668614909753533,8.91823196476093,8.625652672547798,8.71919059753418,72097233
1999-10-26,8.744750738795727,8.798045864472142,8.485345643622516,8.514167785644531,47558858
1999-10-27,8.743659569402714,8.78825442203659,8.485342348870663,8.538093566894531,47302761
1999-10-28,8.581601103708183,8.581601103708183,7.958373925263222,8.068771362304688,43283295
1999-10-29,8.157416484968776,8.157416484968776,7.526575799805963,7.687005043029785,58297841
1999-11-01,7.614676029252911,7.689724210287107,7.072480200467434,7.092057228088379,45027233
1999-11-02,7.124142939071853,7.4395625315229745,6.797846090185987,7.344936847686768,65071801
1999-11-03,7.396055836898278,7.60162233258042,7.265536534389942,7.458051681518555,49635536
1999-11-04,7.396056853171408,7.588571542005214,7.332972741173106,7.5059099197387695,21580590
1999-11-05,7.517328925525854,7.9507598210733095,7.504820979430557,7.88332462310791,59589403
1999-11-09,7.939884287919328,7.939884287919328,7.673408715367943,7.85613489151001,32216760
1999-11-10,7.885502399562584,7.979040805348771,7.776737093269276,7.833838939666748,20135370
1999-11-11,7.852872877603004,8.460871774740012,7.847434491220793,8.3700532913208,97027885
1999-11-12,8.320562297549108,8.701241491620571,8.277056187040555,8.326001167297363,76323633
1999-11-15,8.33143998724224,8.471747330307526,8.168291327703866,8.24605941772461,39853414
1999-11-16,8.157417229685239,8.277058829404202,8.007864260540725,8.073123931884766,35195153
1999-11-17,8.157959505605167,8.210710731611961,7.950760841369629,7.950760841369629,27699493
1999-11-18,7.94097111209252,8.331439822337641,7.896377708342122,8.281950950622559,49201105
1999-11-19,8.34231812308178,8.646860980076736,8.326003448358307,8.373315811157227,71013820
1999-11-22,8.396696540894112,8.407574278826111,8.157413452260172,8.255302429199219,37442781
1999-11-24,8.320561528673325,8.464132164832408,8.089979164285353,8.119345664978027,47706254
1999-11-25,8.135664109236107,8.222676362592415,8.082368982868386,8.151434898376465,20834543
1999-11-26,8.190045504468769,8.211799048557053,7.897466250405006,7.918675422668457,35424239
1999-11-29,7.907255963444314,7.939885799780356,7.592380199929718,7.6418681144714355,26829323
1999-11-30,7.613587594114718,7.737580757177213,7.484700416945758,7.565186977386475,39475623
1999-12-01,7.657094836899349,7.914869212788209,7.636429065620612,7.714196681976318,31011420
1999-12-02,7.720722867317595,7.86374918165059,7.6570948614361125,7.721266269683838,33659224
1999-12-03,7.77673739903072,7.929008833828275,7.722354501371928,7.750633239746094,31281538
1999-12-06,7.872994429812773,7.874626091183459,7.684286442095673,7.717459678649902,12683265
1999-12-07,7.7223547144707165,7.80936696532757,7.5929241125081255,7.639149188995361,32086562
1999-12-08,7.7435639513515815,7.83764576066567,7.417810946116146,7.487964630126953,34782220
1999-12-09,7.396056265179736,7.580957490028811,7.37430320841795,7.490138053894043,15610859
1999-12-10,7.526575755865393,7.548328815951203,7.243785490002001,7.2889227867126465,17409476
1999-12-13,7.2329079712534075,7.287290858230333,7.048550624268737,7.065409183502197,16156048
1999-12-14,7.037675422636379,7.069761371888944,6.690169337214211,6.743464946746826,38432681
1999-12-15,6.797845329078168,7.100213537247424,6.308400352923058,7.014832973480225,39127602
1999-12-16,6.960995826471993,7.048008565151653,6.797847607976039,6.838090896606445,16829705
1999-12-17,6.873981207925022,6.883769719564192,6.634697107177377,6.657537937164307,16260262
1999-12-20,6.645574812159968,6.863105402752543,6.532458420303994,6.650468826293945,26814229
1999-12-21,6.6890817815373165,7.182878017425537,6.634699365401319,7.182878017425537,63979883
1999-12-22,7.757703304290771,7.757703304290771,7.757703304290771,7.7577033042907715,1818477
1999-12-23,8.154151307790373,8.18460510041401,7.83220512036878,7.98012638092041,43575797
1999-12-24,7.961636985043772,7.961636985043772,7.461859095056703,7.548327922821045,22662882
1999-12-27,7.504822436452005,7.635340792456833,7.185051737118417,7.257380962371826,11920628
1999-12-28,6.9615376239565645,7.4939453289088505,6.9615376239565645,7.260643005371094,24718717
1999-12-29,7.374302850386773,7.5363627518330425,7.276413372589711,7.31121826171875,11723975
1999-12-30,7.335693286426626,7.425968862351053,7.0817256068033725,7.135020732879639,9914751
2000-01-03,7.548328663502015,7.706038951873778,7.341674354486564,7.706038951873779,26297407
2000-01-04,7.765861613856168,7.929009347914609,7.551593332206688,7.747914791107178,33303725
2000-01-05,7.790331941864926,8.254217707161935,7.1785258521722835,7.89855432510376,64592086
2000-01-06,8.059528781443666,8.53048324584961,8.059528781443666,8.53048324584961,33723435
2000-01-07,9.053645460262612,9.212986946105957,8.962282112978347,9.212986946105957,10805109
2000-01-10,9.910174712384764,9.950417518615723,9.516986915708829,9.950417518615723,57005858
2000-01-11,9.810654657744381,10.35448174307941,9.420185340718064,9.611613273620605,111045006
2000-01-12,9.843282595963798,10.049936432096562,9.46586565637122,9.662187576293945,28804684
2000-01-13,9.7888973768767,10.18045334951141,9.473476856922952,9.568647384643555,31174379
2000-01-14,9.570279303973118,9.82914142749318,9.388641386510825,9.653485298156738,26889329
2000-01-17,9.842739197908177,9.842739197908177,8.881251434816415,8.889952659606934,82432628
2000-01-18,8.76650434015911,9.02754109843685,8.657738539462123,8.933459281921387,37733274
2000-01-19,9.027540058314175,9.223318089213523,8.712120436029524,8.985122680664062,19928856
2000-01-20,9.02753883022413,9.02753883022413,8.469571808914534,8.550058364868164,22667602
2000-01-21,8.538092940275126,9.200474495233617,8.538092940275126,9.04439640045166,56122789
2000-01-24,9.092797623599566,9.332082690058465,8.510902536493903,8.619124412536621,72295848
2000-01-25,8.48371388379973,8.48371388379973,7.929552972822507,7.934991359710693,57996459
2000-01-26,7.934991359710694,7.934991359710694,7.934991359710694,7.934991359710693,0
2000-01-27,8.16829075597494,8.570179619307677,7.396056051384764,8.471202850341797,87298103
2000-01-28,8.342318060724134,8.342318060724134,7.793595580867353,7.822418689727783,59659596
2000-01-31,7.733230139972825,7.918131879519658,7.450439871516079,7.528751373291016,46420954
2000-02-01,7.580957570743451,7.850152075190987,7.515697915015489,7.630445957183838,53975217
2000-02-02,7.831117524863243,7.96925027725389,7.744105301819422,7.766402244567871,28068217
2000-02-03,7.841995049241774,7.896377448138344,7.667970112428529,7.712563514709473,16686328
2000-02-04,7.754983985123844,7.828944392956128,7.515699343229519,7.5646443367004395,20478063
2000-02-07,7.706040398289909,8.169925270037004,7.706040398289909,8.128050804138184,45210614
2000-02-08,8.278145648141484,8.679490690062602,8.222674982376908,8.301529884338379,45291088
2000-02-09,8.531568135341287,8.966087341308594,8.396698692849737,8.966087341308594,31670824
2000-02-11,10.458351135253908,10.458351135253908,10.458351135253908,10.458351135253906,2024430
2000-02-14,10.859152776221274,11.278988084243561,9.810653734695068,10.142931938171387,52450784
2000-02-15,10.060813208158812,10.95432279024673,9.897665493764384,10.947253227233887,68620431
2000-02-16,11.198500875928557,11.605284808387278,10.604641105852252,10.846100807189941,76622397
2000-02-17,10.865678519726131,11.47367739980297,10.790085969105013,11.203938484191895,89953851
2000-02-18,11.25723612638975,11.420383857818333,10.307712858680244,10.406688690185547,51018368
2000-02-21,10.76778869402362,10.963566705532983,10.441491361844253,10.65793514251709,45442597
2000-02-22,10.713403950719846,10.864044157923509,10.03470670311179,10.238099098205566,50870972
2000-02-23,10.343601872306683,10.865677191577312,9.41909474669676,9.419638633728027,33391817
2000-02-24,9.419094585430454,9.571366470152675,8.82088478698065,9.165671348571777,27808195
2000-02-25,9.448461692645985,9.448461692645985,8.712119123973155,8.811639785766602,16027952
2000-02-28,8.918774561183435,9.123797687870416,8.550058877590121,8.739311218261719,15596138
2000-02-29,8.810008880406833,8.907897889511258,8.040492530210821,8.123154640197754,60839513
2000-03-01,8.049738391811083,8.527218906954078,7.722353748242058,8.198203086853027,40871260
2000-03-02,8.277057845899698,8.483712639353984,7.7702103450250695,7.8811516761779785,49994914
2000-03-03,8.005144750037081,8.005144750037081,7.250855689316998,7.345481872558594,32555108
2000-03-06,7.580958605241067,7.933359146118165,7.580958605241067,7.933359146118164,22249948
2000-03-07,8.10303276478164,8.568005316077175,7.96163763700156,8.490238189697266,44608225
2000-03-08,8.91877477599305,9.169479575052506,8.483712615444503,8.783361434936523,38155180
2000-03-09,8.86439244298751,9.212442387244513,8.56093639480876,9.01340103149414,41578378
2000-03-10,9.135761851218186,9.429972749972919,8.81055229930469,9.108025550842285,31746999
2000-03-13,9.4299708255365,9.836752686945664,8.70124086120315,9.017205238342285,52478497
2000-03-14,8.973159684727378,9.549617104349728,8.603357104440105,9.342962265014648,52288994
2000-03-15,9.353839697149724,9.516987449570582,8.984037090866735,9.263564109802246,20967359
2000-03-16,9.342959113672684,9.342959113672684,8.522867648896757,8.545164108276367,22341078
2000-03-21,8.429327342775915,8.569634658438474,7.861571436981996,7.887131214141846,18503310
2000-03-22,8.1030329059559,8.374946878980746,8.00514389505687,8.053544998168945,20994744
2000-03-23,8.123700128193173,8.133488643234346,7.580959859307493,7.665253162384033,13964266
2000-03-24,7.7441053428232305,7.9725131566442835,7.7441053428232305,7.846344947814941,12076623
2000-03-27,7.8844131605093555,7.961636877191531,7.722896650077604,7.836556434631348,11396096
2000-03-28,7.852872061161064,7.873537345567508,7.528206875044294,7.634796619415283,18016024
2000-03-29,7.831117852993338,8.157415157323065,7.744105626303635,7.8653788566589355,16241896
2000-03-30,7.938796182572736,8.200920146986421,7.733228710200692,7.832749366760254,28220988
2000-03-31,7.733230275030555,8.177537569206637,7.7223539870718865,8.064421653747559,27392504
2000-04-03,8.047560510673684,8.709942086120401,7.8425369495862975,8.668611526489258,80382074
2000-04-04,8.538095613852581,8.538095613852581,7.975233554840089,7.975233554840088,27166362
2000-04-05,7.396058325552479,8.048651664447,7.3422193132883224,7.5999932289123535,33006129
2000-04-06,7.667971469533989,7.733230165860483,7.027342266556826,7.426511287689209,20159998
2000-04-07,7.417809094162883,7.982301748105983,7.417809094162883,7.950216293334961,50815547
2000-04-10,7.994266879117281,8.39452411010887,7.885501105919483,8.005143165588379,68288626
2000-04-11,7.897463458160185,7.918128736040184,7.646214863301358,7.798486709594727,22405289
2000-04-12,7.885501163599938,8.044299213020205,7.776735874354352,7.851240158081055,16534258
2000-04-13,7.63044621329536,7.63044621329536,7.396056592170099,7.4575090408325195,18802122
2000-04-17,7.396058194575969,7.396058194575969,6.860930919647217,6.860930919647217,15138108
2000-04-18,6.860930507610722,7.0398499807469745,6.312208510515273,6.316015720367432,32198674
2000-04-19,6.732585989628138,6.732585989628138,6.069116580788631,6.332328796386719,35376758
2000-04-20,6.2159498278024055,6.36223943564822,5.902160957881157,6.261631488800049,42921300
2000-04-24,6.254020349872698,6.254020349872698,5.76076846058101,5.77490758895874,29196868
2000-04-25,5.4458890944567155,5.721066319656468,5.327334828359137,5.5861968994140625,40820695
2000-04-26,5.762398404194185,6.033224582672119,5.762398404194185,6.033224582672119,14221298
2000-04-27,6.460672896909494,6.460672896909494,6.0332246927746125,6.253474712371826,44286654
2000-04-28,6.254019261303123,6.361696790753172,6.101747351411993,6.190934658050537,16711050
2000-05-02,6.14525388721977,6.243142909500165,5.710191673695324,5.7422776222229,20270522
2000-05-03,5.460029614767064,5.922283182706712,5.3849814443313155,5.717803955078125,27223938
2000-05-04,5.76457294442571,6.058239953069182,5.655807654973207,5.9728593826293945,24017674
2000-05-05,6.023437129819432,6.23226704206037,5.971229772946192,6.138728618621826,29956842
2000-05-08,6.221389340227482,6.450884491308628,5.6476514625246175,5.6596150398254395,22667509
2000-05-09,5.506799232791184,5.884215645475847,5.438276735064074,5.75478458404541,20297627
2000-05-10,5.818956121125821,6.041381191190292,5.644931179090207,5.797203063964844,52307874
2000-05-11,5.764574148157573,5.933161230321197,5.6014264222849635,5.799923419952393,26392836
2000-05-12,5.872251416832012,6.182233097048657,5.775449703489928,6.084887981414795,62668225
2000-05-15,6.003858023039932,6.417167124970061,5.8298330614775855,6.313295841217041,40809292
2000-05-16,6.364960656193398,6.904438103748495,6.364960656193398,6.806549072265625,62829735
2000-05-17,6.9066106011851485,6.960992995400916,6.6673265154430155,6.727690696716309,56780371
2000-05-18,6.635243172590159,6.7978475013551805,6.47155106948107,6.577053546905518,34956394
2000-05-19,6.493847717365308,6.7652173492009124,6.4726385423833435,6.7331318855285645,26204736
2000-05-22,6.689080431046917,6.937066273281163,6.64829374836652,6.8353705406188965,33498508
2000-05-23,6.858212186335415,7.069761013260512,6.822319513525804,6.994712829589844,35885354
2000-05-24,6.960993827936313,7.167648598814458,6.547685255675608,6.797301769256592,52002988
2000-05-25,6.678202189195821,7.276412348802763,6.678202189195821,7.119246482849121,90435342
2000-05-26,7.177437508521301,7.38517956617551,7.0170078044423825,7.306868076324463,70066447
2000-05-29,7.287290991999497,7.396056767949907,7.178525216049088,7.292729377746582,36629251
2000-05-30,7.3199204038940495,8.146538508839507,7.265537034275373,8.039403915405273,73694943
2000-05-31,8.37494572916354,8.5816004947995,7.711475803632015,7.892026901245117,138465644
2000-06-01,7.780543366674205,7.972514666477816,7.516786726510774,7.566275119781494,55642700
2000-06-02,7.646219046845024,7.820244040003618,7.461861166719072,7.575521469116211,57900049
2000-06-05,7.721265899946091,7.8746255773557134,7.189402497552918,7.233996391296387,66289011
2000-06-06,7.189401612380903,7.3944247209404255,7.070847329969603,7.264993667602539,46522038
2000-06-07,7.276415066912998,7.611956574645174,7.232908945371238,7.485788822174072,41267931
2000-06-08,7.558662024791096,7.7544400586907525,7.505366904112809,7.6962504386901855,43068790
2000-06-09,7.635340488026071,7.841995755330374,7.5156984240846745,7.608149528503418,40068619
2000-06-12,7.646218069513698,7.646218069513698,7.412372302665837,7.485788822174072,19070837
2000-06-13,7.428687647479419,7.559206508631604,7.374305233018265,7.503191947937012,18307919
2000-06-14,7.579871645309905,7.662533766792481,7.472194108118825,7.58966064453125,28084574
2000-06-15,7.613588873884583,7.907255946018033,7.580959522368365,7.797402858734131,41960795
2000-06-16,7.818066629501829,7.962724579887424,7.776735578785464,7.871361255645752,29890948
2000-06-19,7.885500029832293,8.166658565074878,7.864834749033812,8.01873779296875,36965963
2000-06-20,8.113909669813713,8.323827798658561,8.04865097171326,8.172643661499023,39476465
2000-06-21,8.26618044184635,8.316212232760046,7.79848896877533,7.884957313537598,28501059
2000-06-22,7.8746248194483845,8.09215588109618,7.722352930870588,8.005143165588379,22366361
2000-06-23,7.994267066515827,8.265092762291857,7.8963780622422535,8.042123794555664,50635297
2000-06-26,7.983390203733844,8.100857201417758,7.831118313328121,7.884957313537598,25481775
2000-06-27,7.93925949942693,8.092085597634252,7.874391146310098,7.924417018890381,27891894
2000-06-28,7.894181324675611,8.432921229868532,7.883186912740079,8.294387817382812,48505998
2000-06-29,8.454908396506017,8.850716948854668,8.3949877116728,8.783100128173828,83902197
2000-06-30,8.68634655663252,8.847419542413686,8.597840500596249,8.705587387084961,54746734
2000-07-03,8.773755866370017,9.05961742176132,8.410930981434852,8.98430347442627,86784694
2000-07-04,9.015636723225063,9.054667193066688,8.852365562547496,8.90184211730957,34054258
2000-07-05,8.79574391444821,8.941423649662038,8.664907637781353,8.778152465820312,38773459
2000-07-06,8.68029728687602,8.954065225934825,8.587941719479712,8.899091720581055,65725364
2000-07-07,8.960665503932251,9.266317693775417,8.906791563852162,9.15802001953125,76465327
2000-07-10,9.192653200605385,9.322390885117562,9.043675663074346,9.212993621826172,54363382
2000-07-11,9.148123316393248,9.532388161673717,9.093699590496442,9.491157531738281,121284272
2000-07-12,9.510397555741472,9.510397555741472,9.18055744433523,9.296001434326172,26866196
2000-07-13,9.323488927097621,9.674219313222881,9.104145599771238,9.16186809539795,115842672
2000-07-14,9.202549278720792,9.334485170522733,9.015639853661742,9.068964004516602,48316448
2000-07-17,9.027184391738443,9.027184391738443,8.465905352270296,8.59454345703125,50260077
2000-07-18,8.503834372082926,9.07995569946049,8.503284578143072,8.861161231994629,77418355
2000-07-19,8.811135953196791,8.981553455812245,8.597839422960964,8.627524375915527,29908473
2000-07-20,8.598942101665301,8.783103560076166,8.377949331597588,8.459859848022461,44084207
2000-07-21,8.49888915689532,8.624227503570976,8.208078966762415,8.287240982055664,42946116
2000-07-24,8.175093581622823,8.322971984916846,8.048104898529695,8.126716613769531,42686887
2000-07-25,7.988184020797176,8.519776972636217,7.988184020797176,8.30867862701416,53098645
2000-07-26,8.300983024893057,8.421923972421178,7.985435601395358,8.04975414276123,29122235
2000-07-27,8.004128582483373,8.136614753179963,7.707272102678124,8.09923267364502,35090658
2000-07-28,8.180043757807368,8.552763012622526,8.094834978872136,8.22457218170166,57008522
2000-07-31,8.2080792574402,8.397738126418387,8.092085445728918,8.157504081726074,23722041
2000-08-01,8.202030257403129,8.322422396036226,8.062398269970357,8.264700889587402,23004314
2000-08-02,8.233366195806553,8.399936140203682,8.169596950891561,8.347710609436035,19828053
2000-08-03,8.40983127448852,8.49339115166208,8.213027050915024,8.241063117980957,32972901
2000-08-04,8.260303186995882,8.503285679203763,8.158602565239638,8.367501258850098,51407468
2000-08-07,8.41092937286746,8.652812256556432,8.388939574338966,8.522525787353516,45932033
2000-08-08,8.564856515955764,8.630824943019341,8.440066984612837,8.556060791015625,27282167
2000-08-09,8.55386145673094,8.57420187653703,8.355957159221804,8.448312759399414,34131088
2000-08-10,8.48789254169372,8.564855864081027,8.410930199331402,8.436767578125,29695417
2000-08-11,8.454909666638066,8.476899469527476,8.258104948880703,8.369701385498047,21498387
2000-08-14,8.410930744976326,9.038726953058632,8.289988793389648,8.816084861755371,46381792
2000-08-16,9.102495038374832,9.22398578844419,8.785299190623423,9.002443313598633,63033865
2000-08-17,8.998045120851218,9.081604978540208,8.740769000605468,8.794093132019043,31202278
2000-08-18,8.806738250097238,8.905690387289901,8.642917282739674,8.724827766418457,28130746
2000-08-21,8.685798504247353,8.800142928934477,8.52197751405494,8.585746765136719,20396841
2000-08-22,8.658309077268735,8.751764249478171,8.369699591380508,8.42467212677002,43101830
2000-08-23,8.492839884249186,8.640717800803001,8.413128579336922,8.539017677307129,28226923
2000-08-24,8.56320601900318,8.640718151192809,8.414228508475261,8.460406303405762,16718854
2000-08-25,8.509882697637277,8.563756633547424,8.335067792962535,8.35925579071045,26542569
2000-08-28,8.333969671029527,8.432921835620053,8.278996137365324,8.399388313293457,11892822
2000-08-29,8.366950137895481,8.518676600456699,8.366950137895481,8.432918548583984,19796695
2000-08-30,8.46590358113128,8.51977751390214,8.311977918925262,8.347710609436035,10539852
2000-08-31,8.330670151234717,8.564856952209988,8.311979112281753,8.531323432922363,22075727
2000-09-04,8.597840607533936,8.674802950275962,8.460406802610683,8.481846809387207,21348748
2000-09-05,8.519226984768597,8.608833600318073,8.465902850608474,8.491740226745605,18135474
2000-09-06,8.497790218359443,8.528574768309333,8.338366587454098,8.405434608459473,22464173
2000-09-07,8.443915278099675,8.519779024648713,8.372449884405722,8.399937629699707,9576169
2000-09-08,8.405434586833792,8.518679432472645,8.355958017362836,8.38564395904541,16829752
2000-09-11,8.409831934457909,8.431271944501926,8.32297426612216,8.36805248260498,10678790
2000-09-12,8.355956770864923,9.289405102060291,8.355956770864923,9.127233505249023,105116120
2000-09-13,9.233334558914505,9.433438057721522,9.015639608345893,9.238831520080566,63209815
2000-09-14,9.181657137314954,9.279509681951353,9.022233549288906,9.054667472839355,29228039
2000-09-15,9.114592217718243,9.124486552298668,8.79684550212103,8.85291862487793,26051451
2000-09-18,8.795744547563697,8.839723172299008,8.532422593212582,8.569254875183105,21041244
2000-09-19,8.522527385367558,8.60883525372151,8.246011350169306,8.28943920135498,28673878
2000-09-20,8.487893042756799,8.531872646731488,8.344963249939248,8.458208084106445,8358118
2000-09-21,8.509884813367902,8.784752501670653,8.434022037014541,8.491193771362305,25498786
2000-09-22,8.456010668436193,8.465905983388188,7.834810883273586,7.965648174285889,33437989
2000-09-25,8.191038400003379,8.333969685785906,7.894181905706177,8.03601360321045,21573300
2000-09-26,8.039309968370263,8.180042044166703,7.918368516830937,8.037111282348633,22897856
2000-09-27,7.949155475019371,8.179494229701318,7.938161062225452,8.062400817871094,13358512
2000-09-28,8.06899701570758,8.169048764836422,7.719915972004444,7.802926063537598,27256370
2000-09-29,7.914521114451529,8.004127745128645,7.784234133834109,7.841406345367432,18894092
2000-10-03,7.836459162891056,7.981589121728187,7.729261076027286,7.8430562019348145,15421918
2000-10-04,7.905175288935805,8.00412743468102,7.860646872351708,7.959599018096924,10817213
2000-10-05,7.992034386774654,8.160253750885628,7.922218372140626,7.956851482391357,25806056
2000-10-06,8.002479740862933,8.252608622834321,8.002479740862933,8.133316040039062,43966252
2000-10-09,8.115174121326117,8.185539922108527,7.971143755340214,7.993133068084717,20012275
2000-10-10,8.024468278634918,8.059101384475257,7.873291081847464,7.917269706726074,17994247
2000-10-11,7.861195195609963,8.015120345738907,7.749049484081239,7.922215461730957,22293924
2000-10-12,7.867245621956815,8.272398831581715,7.861748170439099,8.199834823608398,42117164
2000-10-13,8.136063072684086,8.53297120862402,8.02611603602013,8.407630920410156,65370472
2000-10-16,8.410931957323506,8.813886955967677,8.410931957323506,8.686898231506348,54095228
2000-10-17,8.685796540857519,8.739669486635407,8.120119829916392,8.28064250946045,53192017
2000-10-18,8.247661461213266,8.300985610326991,8.092635690879524,8.138263702392578,20576951
2000-10-19,8.081091599277944,8.287791649300805,8.026667371146228,8.222373008728027,15944861
2000-10-20,8.310327853517302,8.614331574889537,8.191585587589632,8.226219177246094,37955349
2000-10-23,8.191587950398828,8.322974535375424,8.15805442901066,8.208629608154297,10627290
2000-10-24,8.193786842220874,8.386193707963919,8.193786842220874,8.347162246704102,22556377
2000-10-25,8.355957110605454,8.542866506048826,8.257004962426606,8.409831047058105,27871097
2000-10-26,8.379045589091373,8.498887937968998,8.205329309621272,8.439516067504883,9941388
2000-10-27,8.434018902489012,8.515379590385676,8.301532275154466,8.316375732421875,9129354
2000-10-30,8.377947170891247,8.377947170891247,8.19158707373317,8.255355834960938,9968587
2000-10-31,8.251507926772716,8.42192545930383,8.218524204355413,8.353757858276367,14684703
2000-11-01,8.432922075903768,8.916688009902714,8.312529896545236,8.573103904724121,38907770
2000-11-02,8.617630613201724,9.079957423116245,8.617630613201724,9.032130241394043,110720819
2000-11-03,9.070614628992,9.200351362022946,8.861715370014675,8.891400337219238,49202414
2000-11-06,8.863359915765127,8.971657555606942,8.829276613485423,8.851815223693848,28586394
2000-11-07,8.818280844115462,9.002441205028358,8.818280844115462,8.899091720581055,29712287
2000-11-08,8.938674015335478,9.048621051102314,8.620378581621884,8.673152923583984,79317027
2000-11-09,8.60058822392945,8.809487402331374,8.434019263220184,8.537368774414062,59087209
2000-11-10,8.477448767674515,8.521977184896848,8.32352309652848,8.360355377197266,28426754
2000-11-13,8.333969075824163,8.387843017364425,8.224022016348085,8.29218864440918,18183095
2000-11-14,8.331769103068245,8.49888885270441,8.28449171520834,8.416428565979004,28960773
2000-11-15,8.531320930223435,8.630822850745457,8.433468391482547,8.457106590270996,26731745
2000-11-16,8.443915181655322,8.504386652571167,8.301534190000542,8.326272964477539,20258558
2000-11-17,8.277895266877877,8.496689779368033,8.274596502559918,8.472500801086426,28285152
2000-11-20,8.49669166921479,8.553863403266972,8.428524051657021,8.454911231994629,12385295
2000-11-21,8.443913637386782,8.67150385278634,8.38894011753085,8.563755989074707,36697108
2000-11-22,8.651712835129981,8.762759457788675,8.587393800224941,8.617079734802246,41536880
2000-11-23,8.556609662829201,8.630824012773637,8.521426766860719,8.571452140808105,14945801
2000-11-24,8.596742186264054,8.663809225752123,8.54341705909591,8.60938549041748,15147314
2000-11-27,8.618729664861664,8.716582218367595,8.587944140376385,8.66050910949707,14813032
2000-11-28,8.652814586804514,8.861713808983287,8.652814586804514,8.810588836669922,36912267
2000-11-29,8.801792423844558,9.38945760259551,8.773755866370017,8.98430347442627,96681780
2000-11-30,9.015635924010237,9.114588044737662,8.960662414714472,8.985400199890137,43199409
2000-12-01,8.927680917861492,9.316891970677725,8.905691116673282,9.200898170471191,100002212
2000-12-04,9.224536515889518,9.414195858991954,9.158569071358263,9.303149223327637,66424023
2000-12-05,9.367470026813983,9.634640579452665,9.302051383998677,9.543384552001953,74257002
2000-12-06,9.675318874253952,9.719298478432197,9.400452228290222,9.463671684265137,61642060
2000-12-07,9.433436954838601,9.576366748672461,9.412546740804588,9.4834623336792,38629988
2000-12-08,9.47191612050343,9.562072530798293,9.400450745027616,9.431236267089844,33050572
2000-12-11,9.433436660875698,9.683015713296617,9.36856782460076,9.595057487487793,55522036
2000-12-12,9.690711345181397,10.005160229328508,9.571419753495858,9.932595252990723,124136252
2000-12-13,10.004062762290884,10.192071791748731,9.894115686343527,10.094219207763672,100320698
2000-12-14,10.170080923152437,10.223405073017199,9.92929755757519,10.008459091186523,66739986
2000-12-15,9.994167536295373,10.247045421222227,9.746787593230147,10.16458511352539,185833411
2000-12-18,10.005708886554181,10.291021620876679,10.005708886554181,10.143142700195312,75932757
2000-12-19,10.104111639251634,10.214058683819715,9.983169694221747,10.071126937866211,66029222
2000-12-20,9.895213555004045,10.025500052939288,9.708303166366825,9.858381271362305,58961217
2000-12-21,9.78526522444235,10.08212165125296,9.687412670200425,9.960081100463867,76354103
2000-12-22,10.093115899111417,10.126099617727823,9.796259491489028,9.84848403930664,52970783
2000-12-26,9.92819731171596,9.950187115164052,9.490609239329952,9.547781944274902,46374782
2000-12-27,9.532390659553235,9.642336748133243,9.418045237791704,9.573070526123047,28861979
2000-12-28,9.61375164677186,9.873775890326792,9.58736446446752,9.808357238769531,42071039
2000-12-29,9.867176502041675,9.927097194203684,9.753931666390296,9.852334022521973,28130466
2001-01-01,9.884215743740475,9.983167869762902,9.756677273751603,9.827592849731445,25667819
2001-01-02,9.849032148566781,10.00515695136013,9.849032148566781,9.973821640014648,32659042
2001-01-03,9.939192418279774,10.497172666992189,9.895213790502332,10.383378028869629,170953690
2001-01-04,10.439449903737524,10.554893921247718,10.132699105221912,10.175577163696289,65803922
2001-01-05,10.148089656325924,10.37018192829946,10.093665931309458,10.295417785644531,77735953
2001-01-08,10.24979323091282,10.400969954550295,9.923800596361621,10.008459091186523,75883874
2001-01-09,10.005160465093686,10.214059674019731,9.972175760510567,10.09091854095459,49277981
2001-01-10,10.093115646581944,10.225051497771448,9.943587368542282,9.994163513183594,39263689
2001-01-11,10.005158721851695,10.027147541050807,9.8402381677462,9.8836669921875,34134873
2001-01-12,9.921599847584897,9.949086609347248,9.5543776120629,9.588460922241211,50113289
2001-01-15,9.620346396371858,9.697309732037322,9.4774156073076,9.531840324401855,26349328
2001-01-16,9.554377963575313,9.716549569932088,9.478514223913136,9.512048721313477,33996870
2001-01-17,9.763278266585857,9.811654268909344,9.545033521935634,9.602206230163574,52828481
2001-01-18,9.636841558345118,9.917206242820447,9.565376146618602,9.869379043579102,73706814
2001-01-19,9.94798866174824,10.190971205384487,9.91720411071389,10.066731452941895,66393647
2001-01-22,10.093115243686741,10.16787937972215,9.957330840163538,10.036492347717285,24171052
2001-01-23,10.038144560550668,10.211860875026765,9.983171030906016,10.022202491760254,45612378
2001-01-24,9.998563786213577,10.135446829365067,9.895213281236764,10.002961158752441,36703604
2001-01-25,10.005158774517692,10.08212111215709,9.807253520534394,9.923248291015625,36206410
2001-01-26,9.923248291015623,9.923248291015623,9.923248291015623,9.923248291015625,0
2001-01-29,9.840240312151396,9.850135625956126,9.590111436600248,9.710502624511719,30150083
2001-01-30,9.745138428678263,9.982073267532106,9.731394553742017,9.944141387939453,31544224
2001-01-31,10.005159866014711,10.142042902749427,9.9062077182405,10.015604972839355,44969658
2001-02-01,10.027146973675896,10.136544209574257,9.77481899098365,9.824844360351562,56564464
2001-02-02,9.797356786213028,9.950182816069118,9.701703436599752,9.896308898925781,27510458
2001-02-05,9.906207916162275,10.015055378891137,9.744036310180391,9.810553550720215,21861924
2001-02-06,9.807803855593193,9.9215994564133,9.345478050216753,9.649480819702148,29753179
2001-02-07,9.455423980974798,9.48785790394989,8.513180052572356,8.669303894042969,213573002
2001-02-08,8.756163480751495,9.078307490220919,8.631923754645024,8.988700866699219,89436376
2001-02-09,9.026633596397838,9.069512633220373,8.817734392869369,8.928231239318848,40949632
2001-02-12,8.905692122639076,8.982655455466396,8.714385338807135,8.925482749938965,39783641
2001-02-13,8.927684665404389,8.949673495797763,8.743523188229593,8.806742668151855,47130549
2001-02-14,8.7946430419075,8.89469475887502,8.718780298289174,8.868857383728027,27564341
2001-02-15,8.899095711952597,9.054120008154163,8.873257349227199,9.022235870361328,39375381
2001-02-16,9.037627517616388,9.10249635692616,8.873806527164191,8.928231239318848,29668592
2001-02-19,8.92768166291373,8.949670485911989,8.631924790402723,8.734174728393555,32327564
2001-02-20,8.739670954422563,8.739670954422563,8.526374391142596,8.564306259155273,32832655
2001-02-21,8.487894315771939,8.730328047943708,8.421926859966193,8.686898231506348,49192787
2001-02-22,8.685799112276186,9.070063047828965,8.663809308284478,9.01124095916748,97064617
2001-02-23,9.015636712114397,9.147022764000075,8.828727352184925,8.889747619628906,55387912
2001-02-26,8.81773675997154,8.960667574432835,8.699543744930393,8.921086311340332,37033773
2001-02-27,8.938678455216664,9.145378553916208,8.927684530199185,9.107446670532227,75353641
2001-02-28,9.07116292851111,9.125585686093807,8.355958201971175,8.534072875976562,193253971
2001-03-01,8.410928117148595,8.584094569626508,8.224018777660804,8.343311309814453,82257426
2001-03-02,8.410931914007582,8.553862707550866,8.213028077571755,8.29163932800293,58328544
2001-03-05,8.299884979038639,8.366952012576922,7.9007776219910095,8.095383644104004,82155922
2001-03-07,8.278994432611373,8.322973054481919,8.015121721363103,8.192686080932617,34629356
2001-03-08,8.300985037014849,8.827080148332517,8.213027294747793,8.755064964294434,50887889
2001-03-09,8.685797245763927,8.817733101286757,8.355956136919465,8.701739311218262,28186920
2001-03-12,8.729777355197728,8.740771276683548,8.389491082586808,8.405983924865723,17132535
2001-03-13,8.257006419626482,8.257006419626482,7.685283231484099,7.728712558746338,21435017
2001-03-14,7.58633085169687,8.344964426879148,7.5643415366207645,8.278446197509766,16377422
2001-03-15,8.246009799428471,8.58519543436433,8.235014900170324,8.506032943725586,13076197
2001-03-16,8.476897424768504,8.630823067789862,8.454907627183374,8.580246925354004,11148598
2001-03-19,8.57585105265788,8.641818496892734,8.47964787646537,8.623677253723145,6893831
2001-03-20,8.64181993130018,8.685799541456708,8.48239727457091,8.623128890991211,10860395
2001-03-21,8.531872660742447,8.814435442586051,8.482396096202196,8.787498474121094,16472618
2001-03-22,8.82652914042549,8.949669276647507,8.77375479633034,8.896345138549805,12955859
2001-03-23,8.949669273593488,8.949669273593488,8.76275989331404,8.898544311523438,10816933
2001-03-26,8.817736323129838,9.068964824412978,8.817736323129838,8.962316513061523,11036952
2001-03-27,8.960666191001353,9.005744409219181,8.917237355161957,8.970011711120605,11370673
2001-03-28,8.988149119506186,9.263015684435597,8.982652160617008,9.226733207702637,21550307
2001-03-29,9.150321098896761,9.212440951314989,8.894694368306201,8.926579475402832,12778274
2001-03-30,8.894696314398484,9.037627083626733,8.89029894212724,8.94966983795166,11596441
2001-04-02,8.82048107376213,9.014536767234278,8.608832954851403,8.959563255310059,21527922
2001-04-03,8.927679667816179,9.037625718287655,8.916684768761568,8.990898132324219,7650813
2001-04-04,8.963415978080086,9.29050725199718,8.872709739256157,9.250926971435547,25474251
2001-04-06,9.33448296385683,9.367467664028648,9.158568483040314,9.219038963317871,14142459
2001-04-09,9.23552998096074,9.367466809563304,9.191551364768175,9.294901847839355,14354253
2001-04-10,9.281709803026587,9.411447484188999,9.147574749295583,9.386159896850586,18110192
2001-04-11,9.38945640382794,9.421890329693337,9.06071585310381,9.180558204650879,21798180
2001-04-12,9.125582332692973,9.126132126609715,8.850715755090855,8.926579475402832,29816689
2001-04-16,8.862815140933606,9.070614815771139,8.82488325980744,9.055221557617188,12117655
2001-04-17,9.01563741224806,9.092599749951672,8.916685275186314,9.024433135986328,9667860
2001-04-18,9.004643174604986,9.191552562791292,8.960664552680267,9.152522087097168,14105540
2001-04-19,9.216838032900334,9.397150812255047,9.14757086910698,9.297099113464355,26023972
2001-04-20,9.378463471396442,9.598357596693859,9.137680109813884,9.532938957214355,32459959
2001-04-23,9.554378666880142,9.708303373712797,9.479064715731026,9.656628608703613,15206899
2001-04-24,9.67421902654668,9.675318614624135,9.455425499758826,9.619246482849121,9754877
2001-04-25,9.621993431580336,9.621993431580336,9.510397994122556,9.566471099853516,6247559
2001-04-26,9.642335988308865,9.752283048250161,9.257522258539458,9.362521171569824,14859391
2001-04-27,9.180558737253238,9.27841129455063,8.927680923552668,9.215191841125488,19198558
2001-04-30,9.180556400974107,9.256419137763631,9.12558191195851,9.226733207702637,4965623
2001-05-02,9.233885737763476,9.344381631950142,9.147576868344672,9.20419979095459,6645538
2001-05-03,9.180558719239857,9.257521063246624,9.158568918080775,9.19100284576416,4296032
2001-05-04,9.219039778116374,9.219039778116374,9.062915907599393,9.134381294250488,6006089
2001-05-07,9.125584197980222,9.274012905442842,9.125584197980222,9.185505867004395,4457308
2001-05-08,9.21354227506205,9.219039235240341,9.015637988293653,9.084354400634766,5523944
2001-05-09,9.081607474864617,9.290505706471139,8.906791576387727,9.166815757751465,8375924
2001-05-10,9.169564681456718,9.201448818109965,8.905691942844076,9.128334045410156,5766675
2001-05-11,9.12558470963121,9.12558470963121,8.818833925057987,8.877655029296875,8101320
2001-05-14,8.963963817860273,8.963963817860273,8.357056841327063,8.508783340454102,19347730
2001-05-15,8.476899626391615,8.553861977878556,8.18114226019658,8.475250244140625,6113902
2001-05-16,8.498887499203677,8.628074379143795,8.267998537138038,8.46865177154541,11794542
2001-05-17,8.520878699474181,8.597842035019296,8.333969281761293,8.462607383728027,12130133
2001-05-18,8.476897060678859,8.738020750656336,8.476897060678859,8.642366409301758,19991525
2001-05-21,8.575851881395144,8.6748040373348,8.46590482367883,8.547815322875977,9240673
2001-05-22,8.586848125556175,8.619831856017377,8.449964076101752,8.479100227355957,8019070
2001-05-23,8.519228953136748,8.584097795460947,8.498889511919717,8.524725914001465,5824624
2001-05-24,8.487893992801208,8.562658151896427,8.433471235842372,8.462607383728027,4327530
2001-05-25,8.465902771889928,8.542865105623752,8.379045126957847,8.45106029510498,5922717
2001-05-28,8.520877813036872,8.553861536253352,8.454909386578858,8.50218677520752,5306401
2001-05-29,8.531874686843352,8.729779031951455,8.489544454899615,8.54506778717041,26628838
2001-05-30,8.790247115986805,8.790247115986805,8.542866262577506,8.575301170349121,37998297
2001-05-31,8.630823816443057,8.834225051637072,8.542865598497734,8.752314567565918,34295588
2001-06-01,8.76111036473386,8.795743466203511,8.45490843138875,8.487892150878906,18714263
2001-06-04,8.377946832869817,8.515380642931092,8.314727378244132,8.35595703125,7942147
2001-06-05,8.322973961843127,8.341115206594027,8.059101711840302,8.154755592346191,12740467
2001-06-06,8.2789925896768,8.300982385729563,8.191034875502925,8.243809700012207,6710777
2001-06-07,8.203680886361402,8.289988752182964,8.026666312294441,8.13221549987793,12515353
2001-06-08,8.05910205474877,8.124520203444947,7.949154993395442,8.053054809570312,13869071
2001-06-11,8.108578841576216,8.322975544868413,8.048108340913462,8.253159523010254,18340212
2001-06-12,8.246010801959647,8.300984324909047,8.192686171090727,8.249308586120605,7057443
2001-06-13,8.136065648768277,8.344964888567592,8.136065648768277,8.258106231689453,6460895
2001-06-14,8.257556349500277,8.378498322839592,8.161352662984381,8.199834823608398,18635378
2001-06-15,8.147056727351659,8.147056727351659,7.916168265761365,7.947503089904785,12223832
2001-06-18,7.874942664527705,8.289991752389971,7.874942664527705,8.216877937316895,14086099
2001-06-19,8.299886269421433,8.778154243348387,8.213028106723518,8.67920207977295,20361792
2001-06-20,8.739671411390232,8.739671411390232,8.424123922191319,8.548364639282227,15877846
2001-06-21,8.56485706030779,8.685799020940149,8.473601040744535,8.614883422851562,16059497
2001-06-22,8.630823614409984,8.680299192072711,8.575850096990346,8.62917423248291,10249406
2001-06-25,8.590144855307058,8.641819621354886,8.35705763395819,8.401036262512207,9239972
2001-06-26,8.37080017875632,9.00904047566437,8.303182374313677,8.777052879333496,21812807
2001-06-27,8.740773026492638,8.817736372451167,8.476901217556994,8.612135887145996,14682226
2001-06-28,8.576400160524544,8.657211057266837,8.434019196744067,8.490091323852539,7007906
2001-06-29,8.487892805256712,8.575851030719878,8.192136444967808,8.29328727722168,10635468
2001-07-02,8.147057361916996,8.520876595031377,8.147057361916996,8.34276294708252,3614476
2001-07-03,8.272370589416708,8.516495565752193,8.194897227630216,8.334237098693848,17395316
2001-07-04,8.382728369987232,8.705441570884181,8.382728369987232,8.587837219238281,10752955
2001-07-05,8.58337875188562,8.639115100137197,8.386072834229326,8.435677528381348,6027072
2001-07-06,8.338138974938662,8.481938229140948,8.260108190874135,8.447381973266602,7745821
2001-07-09,8.371581871900577,8.438465696873367,8.279060058814638,8.329222679138184,5802706
2001-07-10,8.304698824302317,8.430105627753917,8.304698824302317,8.408368110656738,4889916
2001-07-11,8.372694659344354,8.446266550635402,8.372694659344354,8.41895580291748,2995824
2001-07-12,8.44960968562885,8.460757150802559,8.340366712898817,8.432888984680176,5211393
2001-07-13,8.471907923088201,8.81747355715574,8.471907923088201,8.714361190795898,18695944
2001-07-16,8.745013873608583,8.89327252543395,8.656393533834757,8.791275024414062,15016975
2001-07-17,8.694851938427947,8.806324641213667,8.605673180024898,8.713802337646484,4938752
2001-07-18,8.7617332950946,8.794060850417893,8.561082861196498,8.702095985412598,6257279
2001-07-19,8.672555372971722,8.860943489918228,8.616820025662005,8.781798362731934,5750739
2001-07-20,8.772881163185112,8.872091538592798,8.673670787777423,8.809109687805176,13351315
2001-07-23,8.795177082730643,8.862059908822332,8.695966696220406,8.818028450012207,317644
2001-07-24,8.6391140627747,8.883238523393446,8.609016199863147,8.811896324157715,6152317
2001-07-25,8.767307859229557,8.862058849407143,8.739439687148153,8.792388916015625,7769001
2001-07-26,8.784029609912514,8.795177078797515,8.634099680774854,8.682589530944824,8188244
2001-07-27,8.597872122211067,8.694852827117407,8.368238609216696,8.408368110656738,11292816
2001-07-30,8.41616850137262,8.683701710717337,8.315842305838597,8.61626148223877,9827406
2001-07-31,8.672556506814592,8.906649368065818,8.596198484779174,8.836421012878418,11009707
2001-08-01,8.839764362566621,8.862058302681975,8.694850274133064,8.77176570892334,8328490
2001-08-02,8.772879727059578,8.784027192877213,8.505345515555524,8.553278923034668,6140914
2001-08-03,8.750584935722303,9.085001922273342,8.42842926611353,8.469117164611816,9191603
2001-08-06,8.483053655109837,8.616821290434515,8.394990740193286,8.470233917236328,8357230
2001-08-07,8.494200962097118,8.558855086095367,8.371580797652422,8.423415184020996,6903738
2001-08-08,8.460759101089456,8.471348152140392,7.543340589772149,8.304697036743164,10632804
2001-08-09,8.248960689800489,8.485839645312057,8.237813222731063,8.427873611450195,13363746
2001-08-10,8.460757848551243,8.523738696960773,8.194338476409584,8.234468460083008,11007464
2001-08-13,9.196478316827198,9.196478316827198,8.194340802438898,8.219979286193848,9263572
2001-08-14,8.34817038062908,8.448495588840299,8.148634810185237,8.379383087158203,11826928
2001-08-16,8.375483271703548,8.46076006829601,8.137489428528877,8.171488761901855,10253519
2001-08-17,8.269025660814131,8.304696761511309,7.926247746029708,7.967492580413818,24259985
2001-08-20,7.970278861084264,8.170929278307494,7.925689493069819,8.129684448242188,18378626
2001-08-21,8.137489283740178,8.243945673397546,8.09178555584272,8.131916046142578,18811188
2001-08-23,8.105160981841772,8.549936374601547,8.085653162794877,8.434561729431152,28982457
2001-08-24,8.437906539668171,8.459644051563803,8.187650912648856,8.251190185546875,17622532
2001-08-27,8.248960122207528,8.292434147800597,8.1151930106385,8.14529037475586,9786422
2001-08-28,8.137486884333729,8.343154096041644,8.084537665084678,8.120765686035156,22092224
2001-08-29,8.148639010141025,8.226669823058458,8.06670673109955,8.089558601379395,18976950
2001-08-30,8.124111352825569,8.159782452587512,8.0070654325287,8.039949417114258,22107226
2001-08-31,8.075063538771738,8.115193525746095,7.992573872696243,8.028244972229004,22690174
2001-09-03,8.134143453556751,8.134143453556751,8.003720382379361,8.03604793548584,12348890
2001-09-04,8.048312601464326,8.09290148910652,7.970281799684429,8.031034469604492,18170898
2001-09-05,8.081751468584558,8.435118912658613,8.081751468584558,8.376596450805664,33348822
2001-09-06,8.293547588013684,8.293547588013684,7.436324565629631,7.5489115715026855,93574357
2001-09-07,7.52439082217072,7.669304934084916,7.230103213422339,7.422393321990967,67523840
2001-09-10,8.705999198862,8.705999198862,7.268004050161327,7.3031182289123535,46157520
2001-09-11,7.412915931950266,7.58012493180161,7.290296296813087,7.474225997924805,54511526
2001-09-12,6.978175038679644,7.624715281472586,6.745198019230803,7.483703136444092,70402971
2001-09-13,7.446358375817693,7.6626156574162385,7.308133362802294,7.368328094482422,48250788
2001-09-14,7.301446573233849,7.357182431163902,6.978175914454256,7.197776794433594,48598716
2001-09-17,6.978174518672164,7.033910862265863,6.736279244542543,6.935257911682129,50254002
2001-09-18,6.964799127557503,7.268004015925822,6.911292470224043,7.153744697570801,33606883
2001-09-19,7.111941269268344,7.1899725436383255,6.967027181008582,7.095220565795898,25271009
2001-09-20,7.078500027362,7.245708556420888,6.877849096954567,7.143154144287109,35511209
2001-09-21,7.747336274182057,7.747336274182057,6.668840214577234,6.7513298988342285,52741557
2001-09-24,6.699493385626525,6.965912773791874,6.699493385626525,6.823785305023193,30313368
2001-09-25,6.967028214757288,6.967028214757288,6.539531392235389,6.585235118865967,47714853
2001-09-26,6.627036200041956,6.820998043710773,6.443106480070874,6.524481296539307,53577706
2001-09-27,6.598056071734458,6.70841344688628,6.471534417135194,6.663824558258057,30687654
2001-09-28,6.699492994634115,6.854439196557581,6.392943638272418,6.462614059448242,52918676
2001-10-01,6.5768735405056145,6.709525807640255,6.476548329853328,6.6404128074646,34931672
2001-10-03,6.632609977854426,6.8321455561257585,6.632609977854426,6.794802188873291,24440468
2001-10-04,6.8115250472660875,6.907948321812233,6.546777370782095,6.721789360046387,39935243
2001-10-05,6.72178746844753,6.766376339530008,6.589135204368207,6.728476047515869,28159207
2001-10-08,6.5768738954203965,6.751885848909364,6.46540121231925,6.610315799713135,25998222
2001-10-09,6.621464278077671,6.799820313575685,6.610317305315843,6.76749324798584,22454079
2001-10-10,6.744083368144558,7.341575860802538,6.7329363963598725,7.2696757316589355,80568866
2001-10-11,7.2791518568427085,7.502096770611543,7.204465104553139,7.256856918334961,68244417
2001-10-12,7.2457100888522685,7.346035326868282,7.13423738136244,7.164335250854492,44874743
2001-10-15,7.1342362220421665,7.407343714837518,7.1342362220421665,7.234004020690918,52809180
2001-10-16,7.274691924751143,7.376131999448854,7.192759671375,7.243480205535889,21347159
2001-10-17,7.301445336190802,7.725040169389933,7.279150897433585,7.656485080718994,64173638
2001-10-18,7.6191418775983095,7.780777183169322,7.479801508088415,7.566749572753906,48568620
2001-10-19,7.5689793239264604,7.843201177228242,7.5689793239264604,7.720024585723877,100525482
2001-10-22,7.783005376103613,7.7896939558497,7.262429384045273,7.3075761795043945,59777737
2001-10-23,7.450819462743543,7.531079454533124,7.357182308843616,7.439671993255615,33106044
2001-10-24,7.479801361689811,7.699402205010347,7.425737285467406,7.52606201171875,42698384
2001-10-25,7.56842174269241,7.633633287147865,7.480916256092399,7.540553569793701,21088865
2001-10-26,7.540553569793702,7.540553569793702,7.540553569793702,7.540553569793701,0
2001-10-29,7.612453983455863,7.673764069525204,7.380591297557596,7.490391731262207,29109711
2001-10-30,7.393966011638256,7.5243890796061415,7.3906219705347524,7.4725542068481445,16689599
2001-10-31,7.5243916157282325,7.725041601747189,7.4463603203916024,7.647010803222656,24089970
2001-11-01,7.648125756218916,8.33702578999932,7.648125756218916,8.24450397491455,117274807
2001-11-02,8.193224571178668,8.226666476485597,7.420163259078257,7.579568862915039,135005994
2001-11-05,7.4201638197326405,7.635862709345993,7.145384044115271,7.20725154876709,145536593
2001-11-06,7.245709333708143,7.47645715837172,7.245709333708143,7.352722644805908,64384685
2001-11-07,7.357179868604362,7.454161032458992,7.118629168168772,7.169349193572998,52151692
2001-11-08,7.244594423998318,7.4223930146509876,7.18997341954674,7.3337721824646,50112588
2001-11-09,7.368327616278256,7.446357892549366,7.191643406654332,7.240691661834717,32466455
2001-11-12,7.268002409270992,7.424063955473541,7.268002409270992,7.367770195007324,26728660
2001-11-13,7.390625306275946,7.422952376365711,7.280824851980676,7.344922065734863,19760617
2001-11-14,7.40065708713797,7.401771933485855,7.336002954330005,7.369444370269775,6281487
2001-11-15,7.411802540014368,7.735073137751155,7.337673718889549,7.615240097045898,43264742
2001-11-16,7.6152400970458975,7.6152400970458975,7.6152400970458975,7.615240097045898,0
2001-11-19,7.691600113825036,7.936839480142693,7.669305671142712,7.766843795776367,47894261
2001-11-20,7.781334552922913,7.902281450309872,7.626944754861458,7.686025142669678,19980637
2001-11-21,7.587371783963321,8.048310467688786,7.587371783963321,7.840971946716309,66394581
2001-11-22,7.85880690133142,8.070604293831309,7.85880690133142,7.931820869445801,35145055
2001-11-23,8.023786308847392,8.219420435520833,7.769629220767295,7.824807643890381,24414438
2001-11-26,7.872741899315877,7.969165663746725,7.761269698248451,7.798055648803711,16870456
2001-11-27,7.814219250211218,7.899496046417767,7.525505368255703,7.613011360168457,24215729
2001-11-28,7.669303509413606,7.669303509413606,7.392851504451499,7.4346537590026855,31282986
2001-11-29,7.457507049946878,7.5689797501482134,7.3571818184904965,7.438557147979736,16742408
2001-12-03,7.457508026217478,7.655929319444031,7.432426963476017,7.5817999839782715,26602060
2001-12-04,7.634748176974997,7.8889052793458,7.624715058372135,7.820907115936279,30864679
2001-12-05,7.85880690133142,8.031031731641573,7.85880690133142,7.931820869445801,25344847
2001-12-06,8.026015280102222,8.158667554098654,7.89559269823257,8.028244972229004,36026067
2001-12-07,8.03772061589813,8.275714444118755,7.7930392009488285,7.894479274749756,45150188
2001-12-10,7.907854248447922,7.999261686331363,7.817004730389377,7.954672813415527,13159990
2001-12-11,7.947429794918403,8.048312461967903,7.809761171998652,7.845432281494141,15513141
2001-12-12,7.858809200429732,7.903397589102961,7.56898045115094,7.63753604888916,48068716
2001-12-13,7.691599858691185,7.7774335843740126,7.468654942451036,7.699403285980225,29192055
2001-12-14,7.747335089548811,7.764055794380463,7.596847255627929,7.650353908538818,11418808
2001-12-17,7.650353908538819,7.650353908538819,7.650353908538819,7.650353908538818,0
2001-12-18,7.719466580807553,7.719466580807553,7.4915053959816005,7.559503555297852,12046994
2001-12-19,7.635861255067165,7.635861255067165,7.4407845729494975,7.474783897399902,13105172
2001-12-20,7.479800547471885,7.6180260530642805,7.448587839719713,7.563961982727051,6194096
2001-12-21,7.557832699892155,7.580127140338971,7.304789931399717,7.411803245544434,12500632
2001-12-24,7.902282079787216,7.902282079787216,7.312593000889581,7.455835342407227,5735271
2001-12-26,7.513241614211713,7.580125417159603,7.436883110938336,7.471439361572266,5249153
2001-12-27,7.51324093892038,7.51324093892038,7.4017687720462515,7.424620628356934,6128202
2001-12-28,7.4017699799889405,7.43465396407593,7.357180609150576,7.366098880767822,7801153
2001-12-31,7.424064175804986,7.634747219749886,7.424064175804986,7.553371906280518,10519664
2002-01-01,7.557833922812492,7.73618947524643,7.535538981946125,7.625274181365967,8267923
2002-01-02,7.691599579938001,7.914544488098348,7.67933776151686,7.885561466217041,22037920
2002-01-03,7.914544983035314,7.970281337763894,7.827596408766113,7.889463424682617,10108132
2002-01-04,7.914543973986072,8.012082582325595,7.825365718427531,7.879987716674805,11675279
2002-01-07,7.936838610173403,8.014869399414506,7.871070135672555,7.932937145233154,10442834
2002-01-08,7.914543449836903,8.080637138705558,7.914543449836903,7.996475696563721,15779145
2002-01-09,7.92569133638214,8.226667529028255,7.92569133638214,8.125784873962402,25123659
2002-01-10,8.037163947404608,8.267911765313132,8.037163947404608,8.224994659423828,17241377
2002-01-11,8.237813749584639,8.538231994894208,8.22722370487259,8.450726509094238,35802169
2002-01-14,8.52764320216601,8.639115909107513,8.338140196539948,8.396663665771484,20995352
2002-01-15,8.30469463088369,8.471903120909195,8.138043066953205,8.178730964660645,9176321
2002-01-16,8.304697288509635,8.304697288509635,8.082309821277944,8.109063148498535,8442752
2002-01-17,8.104048526940199,8.379386276549676,8.059459638944062,8.328665733337402,14231766
2002-01-18,8.380499915672281,8.694851779166115,8.059458477912408,8.125784873962402,16134971
2002-01-21,8.137487344827854,8.329777410053694,7.47980025512077,8.24728775024414,8098236
2002-01-22,8.160898041404398,8.293550328326162,8.160898041404398,8.247846603393555,10602568
2002-01-23,8.226667600920994,8.343714037087365,8.176504487698224,8.275714874267578,11203182
2002-01-24,8.304697366390329,8.412268596178777,8.165356994940018,8.264567375183105,15152034
2002-01-25,8.159783032888102,8.203257064611726,8.043294527342178,8.071720123291016,11113501
2002-01-28,8.1369329787849,8.137489905137548,7.858809125118823,7.889463424682617,8615197
2002-01-29,7.936838700452476,7.958576214642898,7.755138637832112,7.824251651763916,14236159
2002-01-30,7.747334796214372,7.856577790177215,7.747334796214372,7.833725929260254,4242429
2002-01-31,7.8588085789014075,7.924019632461822,7.691599526337337,7.740090370178223,15095347
2002-02-01,7.764055367853315,7.830381257278917,7.741760433553236,7.797497272491455,6484916
2002-02-04,8.02490092940504,8.02490092940504,7.727269323311235,7.768514156341553,3219909
2002-02-05,7.7250383127173246,7.893362154299568,7.716678459106121,7.796938419342041,6900093
2002-02-06,7.825364453659232,7.84431484853303,7.728383780899828,7.789135932922363,13501234
2002-02-07,7.881100362975103,8.048309369709644,7.768513342684238,7.801397323608398,12066108
2002-02-08,7.8811033481292,8.019886319856848,7.825366991439558,7.9730682373046875,13041147
2002-02-11,8.135815952024865,8.135815952024865,7.915100284922153,7.963033199310303,5083858
2002-02-12,7.914544309908234,7.935724401118511,7.814219078654223,7.836513519287109,3560079
2002-02-13,7.817007576404904,7.914545709318477,7.791926015750581,7.822023391723633,4099846
2002-02-14,7.970279958535091,7.970279958535091,7.825365361955323,7.908412456512451,4812245
2002-02-15,7.942410557104773,8.18040383939915,7.937951670060466,8.095128059387207,31663113
2002-02-18,8.07060663307239,8.381057057932221,7.9925758352779805,8.323091506958008,26021916
2002-02-19,8.36823651165489,8.427316399441544,8.248960896360359,8.354859352111816,26076266
2002-02-20,8.248959998683082,8.36043267279001,8.08175098752269,8.116865158081055,12929782
2002-02-21,8.081750925011399,8.27404148508328,7.970278748578627,8.222206115722656,12551478
2002-02-22,8.193226390817284,8.360435457675505,8.14027665425401,8.348173141479492,16113193
2002-02-25,8.306926949047268,8.347056939724519,8.083424636500736,8.097915649414062,6199237
2002-02-26,8.182077954705056,8.204372394957534,8.026016376125666,8.072278022766113,8214461
2002-02-27,8.104046966242379,8.186536641555222,8.029360717435148,8.146964073181152,10940448
2002-02-28,8.167029326916124,8.354860043749119,7.858808138725103,8.284632682800293,85628424
2002-03-01,8.438464670853353,8.724390926076502,8.248961682366714,8.451284408569336,40772046
2002-03-04,8.43846407958604,8.525969564187413,8.115193976881388,8.150307655334473,20765706
2002-03-05,8.193225060805856,8.21496207698897,7.936838264025695,7.969165325164795,25633470
2002-03-06,7.998147251539858,8.092898729675188,7.915100166115218,7.93237829208374,13530770
2002-03-07,7.992573989890802,8.158667673728635,7.981983945757244,8.058899879455566,12791593
2002-03-08,8.120766939798203,8.122996631973683,7.9145432669174705,7.948542594909668,6535575
2002-03-11,7.962476321357514,8.026015594088964,7.903395936242093,7.978639602661133,11166403
2002-03-12,7.99257528088377,8.193225747919518,7.971953109137524,8.023787498474121,21597975
2002-03-13,8.014867342114194,8.104045080177944,7.9702784730823195,8.020998001098633,8725534
2002-03-14,8.03939322972629,8.09067069192137,7.958018893496178,7.988116264343262,6742696
2002-03-15,8.026015874208143,8.048310809878418,7.914543679916812,7.925690650939941,7444393
2002-03-18,8.014868765249911,8.042736937546136,7.8721838622005915,7.895036220550537,6334389
2002-03-19,7.96805081162033,8.037164321448905,7.906183802175321,7.9268059730529785,9958820
2002-03-20,7.947985782878354,8.014869101104773,7.925690846657527,7.980312347412109,4085406
2002-03-21,8.08175213630301,8.08175213630301,7.894478851827465,7.902281284332275,7923080
2002-03-22,7.903397018631887,7.969723415714417,7.825366226258824,7.8861188888549805,3472642
2002-03-25,7.88611888885498,7.88611888885498,7.88611888885498,7.8861188888549805,0
2002-03-26,7.959132233173923,7.970279203046841,7.80307018364547,7.839299201965332,9233663
2002-03-27,7.825363676471407,7.893362320787041,7.653696287273369,7.71221923828125,21877813
2002-03-28,7.702746614350488,7.82313709426358,7.702746614350488,7.7662858963012695,12741635
2002-04-01,7.736187945427524,7.947985867278309,7.692713912321703,7.8732991218566895,3942823
2002-04-02,7.878871577603121,7.919558488644172,7.759595972243183,7.788021564483643,10430637
2002-04-03,7.747333265104816,7.780217740766733,7.647564992242958,7.676548004150391,6950845
2002-04-04,7.780775072294323,7.780775072294323,7.631959047562886,7.65815544128418,5050771
2002-04-05,7.635861342978609,7.6915976804573285,7.465866209205228,7.49652099609375,13740508
2002-04-08,7.503211959762541,7.5438993798178915,7.2011213915608145,7.2206292152404785,35872222
2002-04-09,7.21059575017417,7.21059575017417,6.9363738694946155,6.981520175933838,42906439
2002-04-10,7.056205950257791,7.165449452105626,6.922439309486632,6.980404853820801,33719042
2002-04-11,7.022763812603058,7.116400451464652,6.967027469636593,7.045058250427246,29078540
2002-04-12,7.045057952008251,7.26744589140696,7.045057952008251,7.223971366882324,19474190
2002-04-15,7.223416173849236,7.289742081941153,7.09410790321463,7.178269863128662,14980337
2002-04-16,7.2451509828783065,7.29029727981825,7.036697624718969,7.0980072021484375,16736800
2002-04-17,7.134235791585813,7.18997262972254,7.0673524800832865,7.116400241851807,9536867
2002-04-18,7.1347933150952985,7.16489117830428,7.090761863170874,7.143711090087891,8012387
2002-04-19,7.134236616325635,7.15653105607045,7.0339113890679545,7.081287384033203,11063450
2002-04-22,7.123090870631702,7.1816138471342335,7.0350274458763264,7.156532287597656,5528337
2002-04-23,7.15485741100262,7.15485741100262,7.058433673835139,7.091875076293945,7898452
2002-04-24,7.100237909921128,7.133121898629575,7.035583785090488,7.11974573135376,5413373
2002-04-25,7.134235682930056,7.134235682930056,6.744082293222809,6.831588268280029,25213106
2002-04-26,6.8544408327142445,6.954766064430316,6.8544408327142445,6.896243095397949,12408241
2002-04-29,6.877849174862592,6.911291576589951,6.731820732307933,6.7741804122924805,20544565
2002-04-30,6.7775243661958795,7.033911160134649,6.70005100429967,7.018862724304199,23100818
2002-05-02,7.133121421653103,7.133121421653103,6.968142575601368,6.985978126525879,4168357
2002-05-03,6.978176666652566,7.033913027402697,6.950308983089645,7.003815650939941,3527693
2002-05-06,7.046173490720298,7.056205615693442,6.967027859407628,7.023321628570557,5899771
2002-05-07,7.0249942539256605,7.1331219162945505,7.008830474271954,7.122532367706299,5393044
2002-05-08,7.144269086699443,7.1899733082207815,7.0918767818027,7.172694683074951,6663390
2002-05-09,7.234560813163848,7.234560813163848,7.140924179572304,7.195545673370361,6313172
2002-05-10,7.195548413537713,7.1994498793216,7.079616802416388,7.158762454986572,7353357
2002-05-13,7.156531104519551,7.184399775404273,7.0578781458793705,7.095778942108154,6206621
2002-05-14,7.0896467503174625,7.104695183489189,7.000468513184482,7.066794395446777,15302094
2002-05-15,7.033909371835795,7.178266510900291,7.012172858231875,7.050630569458008,9339279
2002-05-16,7.111942542868459,7.156531424654558,7.022764779296262,7.04951810836792,4491329
2002-05-17,7.0785015902483295,7.0785015902483295,7.0010282168023865,7.047846794128418,6223631
2002-05-20,7.033910304432012,7.06122105100957,6.9670269955110395,7.048959732055664,3797063
2002-05-21,6.978174529959471,7.0227639029937485,6.749656415117259,6.80985164642334,15780547
2002-05-22,6.855556575704364,6.931358180932669,6.810968185212838,6.887884140014648,6304713
2002-05-23,6.900144465502348,6.955322891083412,6.37901102647668,6.469303131103516,40629931
2002-05-24,6.643757045804406,6.88843942028779,6.61198741138224,6.823227882385254,21314913
2002-05-27,6.830474329127003,6.911292232272119,6.633725835896194,6.815425395965576,10715569
2002-05-28,6.872276752011911,6.872276752011911,6.483237650714286,6.5958251953125,17047201
2002-05-29,6.610315339644893,6.688345616210535,6.517793058855315,6.615331649780273,19641728
2002-05-30,6.588020062108057,6.799817935442635,6.565725627569455,6.771949768066406,17362182
2002-05-31,6.788670539855958,6.852767722932576,6.692247295785467,6.788670539855957,9400920
2002-06-03,6.827688500906061,6.965914540406395,6.812639566002405,6.908505916595459,6902242
2002-06-04,6.855554254698552,6.947519610946351,6.8505384412856385,6.899586200714111,7468274
2002-06-05,6.9068328228669795,7.240135045143515,6.9068328228669795,7.19721794128418,19309129
2002-06-06,7.135351518748374,7.24570936896394,6.922439244898446,6.962569236755371,17908585
2002-06-07,6.923554011244501,7.011617420523871,6.810966966741424,6.938602447509766,8404010
2002-06-10,7.0071593829922,7.04505968661358,6.895128754361929,6.908505916595459,9053413
2002-06-11,6.989321708630849,7.033910083029395,6.8014900329313335,6.8594560623168945,24970141
2002-06-12,6.844406463822866,6.859455392691792,6.7797523584732815,6.809292793273926,20590410
2002-06-13,6.844406856046894,6.900143191218955,6.756343466347514,6.786998748779297,11232577
2002-06-14,6.788671201576636,6.874504908005982,6.755229794569753,6.838833808898926,6677082
2002-06-17,6.931914427286711,7.0785008041219015,6.911292256714368,6.958667755126953,11663362
2002-06-18,7.032795583719817,7.032795583719817,6.902373004797142,6.949191570281982,7736662
2002-06-19,6.955879726259617,6.983748393448807,6.796474129534027,6.839948654174805,11856183
2002-06-20,6.8555551395185885,6.8555551395185885,6.662150695051237,6.747984409332275,16533090
2002-06-21,6.767493306999792,7.000470852455006,6.745198864469639,6.919095516204834,16558466
2002-06-24,6.955324052745654,7.089649124818412,6.869490821547882,7.064010143280029,11440539
2002-06-25,7.08964840458137,7.1453842568812,6.961454503536847,6.9943389892578125,13377859
2002-06-26,6.994895049698359,7.022763218825325,6.922438008693023,7.012730598449707,8610804
2002-06-27,7.223415568685175,7.223415568685175,6.951422880757613,7.139811038970947,18917552
2002-06-28,7.18997273097843,7.223414138794661,7.072925816373712,7.143711090087891,12457965
2002-07-01,7.155973980324723,7.489834163231377,7.123089990612457,7.45026159286499,25215583
2002-07-02,7.40177146599878,7.691599702169433,7.358854355624678,7.651469707489014,35317827
2002-07-03,7.635863154229725,7.635863154229725,7.427966685355263,7.461409091949463,13218219
2002-07-04,7.468653042277808,7.835397636757072,7.468653042277808,7.810873508453369,34532571
2002-07-05,7.780775479109181,8.081750591461802,7.6375331793915375,8.010408401489258,47150972
2002-07-08,7.970282035492631,8.070607284061841,7.758484564519927,7.815335273742676,36428299
2002-07-09,7.814217364847015,7.958017096406159,7.68323687173877,7.885002136230469,33190164
2002-07-10,7.914543511693961,7.914543511693961,7.7194668032214615,7.749564170837402,26010513
2002-07-11,7.691599782513333,7.858808840646459,7.652584633702847,7.808088302612305,21741165
2002-07-12,7.905568727130492,8.013630592149486,7.872581410293978,7.919787406921387,15173017
2002-07-15,7.947088828155854,8.007944709394694,7.860070306959892,7.969838619232178,10111263
2002-07-16,7.984057486341149,8.076194269067072,7.906138879776922,7.966994762420654,14790040
2002-07-17,7.962441093990721,8.007941162952081,7.871441969985819,7.933435440063477,14762747
2002-07-18,7.9169445556812,7.95106898455147,7.7918199599599784,7.847557067871094,9302173
2002-07-19,7.803196379705482,7.824809063673962,7.632573182534348,7.667835235595703,10957459
2002-07-22,7.55635845803977,7.655320406419659,7.393697109464535,7.435784339904785,7517998
2002-07-23,7.336824228641303,7.448297945713704,7.223074772139387,7.3959736824035645,15074410
2002-07-24,7.3942668165704815,7.449435117174768,6.957469355528094,7.060981273651123,20859405
2002-07-25,7.200325302919749,7.279949830231784,7.0297021124726475,7.0547261238098145,19352217
2002-07-26,7.075200695435702,7.335686942259645,7.049607370747415,7.220231056213379,24346535
2002-07-29,7.257199662462777,7.330568309886665,7.126388488955918,7.2128376960754395,9902693
2002-07-30,7.336823154570134,7.336823154570134,7.155961464095802,7.207717418670654,8050334
2002-07-31,7.109325008487419,7.2230744600749235,6.956332361112766,7.153687477111816,14690732
2002-08-01,7.223074761046502,7.2958740886420985,7.177574674340149,7.260611534118652,8467988
2002-08-02,7.280519104666461,7.678072958503395,7.22421317445508,7.630298137664795,33674318
2002-08-05,7.5074456689086,7.921492763719208,7.1661983919831584,7.853812217712402,56480438
2002-08-06,7.678642114695408,7.837322378489439,7.601861112942519,7.699117183685303,32117452
2002-08-07,7.8259457892110476,7.8259457892110476,7.6615779801327255,7.707646369934082,14817519
2002-08-08,7.645084798092404,7.723571705519168,7.417585869139399,7.457398891448975,15680398
2002-08-09,7.47616540415695,7.722431890433667,7.3885780981079625,7.646219730377197,18920310
2002-08-12,7.678070861506259,7.732670352147459,7.507446692813922,7.57228422164917,17105570
2002-08-13,7.575698181882892,7.762246481436117,7.550104348326415,7.700253486633301,15095908
2002-08-14,7.736082982224974,7.916375362041456,7.714470304236766,7.844144344329834,46876228
2002-08-15,7.844144344329835,7.844144344329835,7.844144344329835,7.844144344329834,0
2002-08-16,7.848695404715268,7.996569295288885,7.771914925747858,7.949932098388672,57978934
2002-08-19,7.9624430380711795,7.984055715518395,7.81570678804697,7.8555192947387695,21706209
2002-08-20,7.8600684616774625,7.934005899016381,7.791819104471169,7.865756034851074,17592529
2002-08-21,7.8162767833558275,7.928319816011275,7.722433582709478,7.7662272453308105,14875187
2002-08-22,7.791821233533012,7.848695966891729,7.701390366935921,7.7286906242370605,14109746
2002-08-23,7.740066205206731,7.825947123826447,7.740066205206731,7.78499698638916,9052852
2002-08-26,7.723571557845003,7.803195573105178,6.824952529323252,7.678071975708008,11200705
2002-08-27,7.656459194543153,7.803194955094179,7.575697062426976,7.685464859008789,13896690
2002-08-28,7.706507855428755,7.788407599831414,7.678071000424586,7.747457981109619,8402561
2002-08-29,7.905569836990398,8.019319291286797,7.849832726055346,7.986331462860107,32430143
2002-08-30,7.934574601970078,7.962442645537851,7.848693718366813,7.956186771392822,9251982
2002-09-02,8.07619407750811,8.07619407750811,7.769071137733576,7.8174147605896,22252752
2002-09-03,7.799214396636699,7.799214396636699,7.678071450632026,7.725276947021484,15782884
2002-09-04,7.670678267821654,7.757696792289559,7.530198366013128,7.715609550476074,12166351
2002-09-05,7.780445531183826,7.8265144269412295,7.719589651928002,7.788977146148682,7746149
2002-09-06,7.736082954602652,7.791819552641056,7.518821601154571,7.53531551361084,13307292
2002-09-09,7.451143254776315,7.59503601729356,7.447161597275265,7.472755432128906,8014911
2002-09-11,7.530197283272811,7.670108356795834,7.484697198992499,7.535884857177734,10449938
2002-09-12,7.599584697694308,7.869739168496016,7.581384864516513,7.770777702331543,27123181
2002-09-13,7.712196965268511,7.814571279213107,7.705371774424608,7.787271022796631,12175557
2002-09-16,7.825947722531407,7.899316386413293,7.576837071179452,7.602999210357666,23810927
2002-09-17,7.621197533050687,7.6666971169100275,7.543278925362521,7.597878932952881,7509399
2002-09-18,7.565460102560559,7.676934331875881,7.531903970745224,7.55579137802124,9383910
2002-09-19,7.664423057149431,7.664423057149431,7.451712596795019,7.473324775695801,9147066
2002-09-20,7.279947147581264,7.542139233606487,7.279947147581264,7.4784393310546875,8069261
2002-09-23,7.519958990823206,7.585933629191408,7.45227894217153,7.489815711975098,7756196
2002-09-24,7.348200902734241,7.507449476144624,7.348200902734241,7.462518692016602,4648119
2002-09-25,7.382325343556843,7.496074831523506,7.3732259320354965,7.462518692016602,10120096
2002-09-26,7.562046434491803,7.562046434491803,7.407347872539553,7.435216426849365,4493946
2002-09-27,7.449434734545444,7.483559162138557,7.405072268931726,7.444884777069092,7830315
2002-09-30,7.416446091454418,7.456258592480893,7.382889970950121,7.393696308135986,10057473
2002-10-01,7.5074487704855555,7.5074487704855555,7.339099787459215,7.3908562660217285,4476375
2002-10-03,7.109323693718716,7.416446547856056,7.109323693718716,7.367534637451172,4077041
2002-10-04,7.006949842701404,7.336823008933667,7.006949842701404,7.223641872406006,8360922
2002-10-07,7.210562887723342,7.359573892599009,7.104775725473,7.312368392944336,5973609
2002-10-08,7.291325053177487,7.370949581288946,7.269712876802914,7.3129377365112305,5707885
2002-10-09,7.348197643704545,7.444884361418732,7.2879105837689675,7.384597301483154,7756850
2002-10-10,7.120701062548845,7.689447419433917,7.120701062548845,7.306112766265869,7084315
2002-10-11,7.336823301923546,7.348197941961537,7.246961262915914,7.287342071533203,7549636
2002-10-14,7.333979449122938,7.3851665979996515,7.298716898098193,7.358435153961182,2968532
2002-10-16,7.496072497657282,7.496072497657282,7.354454997025073,7.389148235321045,8859050
2002-10-17,7.393698443630164,7.461379005180551,7.336824222386796,7.399954319000244,6218537
2002-10-18,7.385165550589908,7.4278215864306025,7.3567276864037945,7.3794779777526855,4977587
2002-10-21,7.36241499059554,7.405071024879768,7.235585010619551,7.294734954833984,5728588
2002-10-22,7.318623354482886,7.359572973323308,7.281086077139399,7.343079566955566,3026761
2002-10-23,7.359572726614676,7.381184897982867,7.2913233641685045,7.366966724395752,2791554
2002-10-24,7.404502820775289,7.405071628780543,7.211129391267494,7.2350172996521,20832207
2002-10-25,7.279948217775658,7.336823446925846,7.2458237900282185,7.271417617797852,7824520
2002-10-28,7.302698073447307,7.307248537945777,7.111599856791972,7.171886920928955,10983069
2002-10-29,7.134919185976972,7.200324515479883,6.997851130683474,7.052451133728027,16750025
2002-10-30,7.052452482422168,7.175300865148539,6.9392718117614285,6.968846797943115,19629157
2002-10-31,6.99557720411869,7.092264463518241,6.93870297189209,6.9859089851379395,26187678
2002-11-01,7.060413698680494,7.120700775607714,7.002970662668198,7.0547261238098145,11141634
2002-11-04,7.154825147844646,7.154825147844646,7.056431486182418,7.0843000411987305,2659579
2002-11-05,7.096812360218036,7.176436876237383,7.014913118748527,7.13719367980957,9340635
2002-11-06,7.137193679809569,7.137193679809569,7.137193679809569,7.13719367980957,0
2002-11-07,7.0996561236181295,7.221936679906357,7.036525017193623,7.069512844085693,17152911
2002-11-08,6.984199899283552,7.029699977470929,6.951213090362244,6.992162704467773,12821362
2002-11-11,6.989887945412295,7.052450240303965,6.938700797576944,7.01377534866333,8334518
2002-11-12,6.990457621950796,7.006382221457252,6.941545193274435,6.973964214324951,6626891
2002-11-13,6.98420177028206,6.987614619257714,6.885239796130172,6.943820953369141,16182872
2002-11-14,6.96145196363047,6.995576397640589,6.9335834054773295,6.952352046966553,13303927
2002-11-15,6.972825508239613,7.107618309652641,6.964293894741372,7.024580955505371,14746531
2002-11-18,7.109325394592392,7.197481021576775,7.087713220679014,7.117856502532959,10895024
2002-11-20,7.1320762213526425,7.164494231150569,7.064395147007688,7.105344772338867,9553597
2002-11-21,7.150276331287211,7.16506331634249,7.089989253812285,7.151413440704346,5285324
2002-11-22,7.188949966361006,7.261749295410822,7.1787124339735975,7.209993839263916,9871616
2002-11-25,7.2230752406935315,7.392561313246498,7.190087916446483,7.3260178565979,14062826
2002-11-26,7.336823768256239,7.370948197498223,7.211699171172046,7.2219367027282715,9914283
2002-11-27,7.076337333195696,7.21283656686863,7.069512650339532,7.097949504852295,20859686
2002-11-28,7.132075968287873,7.314074296635334,7.132075968287873,7.303267955780029,17930316
2002-11-29,7.34819798355015,7.370947770713932,7.189517774493605,7.22250509262085,11743463
2002-12-02,7.28165536007343,7.433510903578325,7.245824504621311,7.395404815673828,17534580
2002-12-03,7.456258592480893,7.494933477601707,7.359571379678859,7.393696308135986,16321436
2002-12-04,7.3993847279685125,7.5006219159624825,7.302698004430007,7.366966724395752,13986044
2002-12-05,7.370948404026288,7.438628963283777,7.348198614907842,7.389148235321045,3734627
2002-12-06,7.30269779852073,7.507446387045137,7.30269779852073,7.482421875,7256012
2002-12-09,7.5290601397706665,7.64679024011051,7.34251135408309,7.396542549133301,13537920
2002-12-10,7.4050740719766,7.56432312938316,7.359574486134489,7.513704776763916,12600361
2002-12-11,7.54725772575462,7.5756950816424,7.378908822239266,7.393696308135986,6333267
2002-12-12,7.4278236246939064,7.547260152255149,7.37208651090411,7.467635631561279,5223356
2002-12-13,7.507447436908547,7.678071622512164,7.484697646886553,7.657597064971924,19745616
2002-12-16,7.961875461008383,7.961875461008383,7.610959378802863,7.7008209228515625,12015823
2002-12-17,7.678069919082703,7.678069919082703,7.461946201383542,7.494365215301514,7129786
2002-12-18,7.484697528304092,7.734946228499471,7.440335565203822,7.712764739990234,18136970
2002-12-19,7.689448441081475,7.734948540966568,7.567168348463188,7.616080284118652,10171175
2002-12-20,7.5444170210790285,7.723572340977734,7.5444170210790285,7.610960483551025,10833009
2002-12-23,7.593327940475926,7.6484962417622215,7.547828362812908,7.592759132385254,5057267
2002-12-24,7.564320939532715,7.596171147360818,7.47559702630552,7.5330400466918945,9071826
2002-12-25,7.533040046691895,7.533040046691895,7.533040046691895,7.5330400466918945,0
2002-12-26,7.587072506935759,7.597310546888701,7.507447982591673,7.5273542404174805,4632043
2002-12-27,7.530197877641136,7.686602877137781,7.530197877641136,7.57171630859375,12695556
2002-12-30,7.564322906852062,7.655322582818381,7.49891706401848,7.537591457366943,8369428
2002-12-31,7.575696770175852,7.59844605160587,7.496072257334496,7.5176849365234375,6591187
2003-01-01,7.587071350371098,7.587071350371098,7.476166449708353,7.499484539031982,4291966
2003-01-02,7.56432378607703,7.621198526796813,7.474462222977358,7.515411853790283,8321293
2003-01-03,7.5620469998618915,7.745183444858015,7.521666185585497,7.6883087158203125,24975936
2003-01-06,7.712194867391198,7.780443715510309,7.613801730304218,7.646219730377197,25370457
2003-01-07,7.676933321651746,7.76338251602589,7.6496335760599115,7.712195873260498,21795049
2003-01-08,7.712197797919925,7.791253014075918,7.712197797919925,7.75144100189209,11210519
2003-01-09,7.757696335556202,7.813433449247207,7.679777732448435,7.7025275230407715,11882681
2003-01-10,7.757696680535317,7.7861335398209635,7.632572573233724,7.762246131896973,10679771
2003-01-13,7.76793430777966,7.794096950368624,7.712197694255169,7.759403705596924,8594541
2003-01-14,7.587071298326825,7.723570533595302,7.587071298326825,7.625177383422852,15454818
2003-01-15,7.666696934175598,7.763383674311973,7.666696934175598,7.753146648406982,9072761
2003-01-16,7.770208747782416,7.786133348033392,7.691153033796119,7.75200891494751,9819135
2003-01-17,7.837321742435307,7.877133753734475,7.692291367418374,7.715041160583496,26826426
2003-01-20,7.729259536217944,7.7565592869265965,7.700821662197483,7.720727920532227,9452093
2003-01-21,7.712197559611058,7.723572202615305,7.484698616016014,7.505173683166504,16860829
2003-01-22,7.451143507623671,7.563186055689731,7.419293288289624,7.448868274688721,9223007
2003-01-23,7.450572687968602,7.518822053203775,7.411328986108957,7.439197540283203,6297189
2003-01-24,7.49265943328716,7.50744641456848,7.373791733239377,7.426115989685059,9454757
2003-01-27,7.42896031550232,7.448866571294166,7.273124131707715,7.307249069213867,25428639
2003-01-28,7.279949544243604,7.405073651687334,7.268574901908254,7.34876823425293,13248595
2003-01-29,7.369812113126336,7.369812113126336,7.154826440556893,7.183263301849365,7434626
2003-01-30,7.267434579588509,7.27710330080098,7.1110296302603535,7.150273323059082,11153598
2003-01-31,7.165063436792768,7.2918939769852456,7.121838576399085,7.265731334686279,26899423
2003-02-03,7.314074671281462,7.496073515910513,7.268575086863989,7.411330223083496,11129343
2003-02-04,7.336823016884581,7.450571947640508,6.369954824143595,7.376066207885742,3290803
2003-02-05,7.223073078303984,7.393696716085924,7.223073078303984,7.275966644287109,7935838
2003-02-06,7.314075067230179,7.331137792529793,7.1269574458546225,7.306112766265869,11259916
2003-02-07,7.289618707796692,7.291325132381314,7.23445090336318,7.252650737762451,6145026
2003-02-10,7.203167933470468,7.245823976209868,7.149706058247614,7.173024654388428,8811055
2003-02-11,7.097949798112647,7.244686569091493,7.097949798112647,7.192362308502197,6433743
2003-02-12,7.126388279313298,7.215681524573876,7.052451332870037,7.162787437438965,2949138
2003-02-13,7.162787437438964,7.162787437438964,7.162787437438964,7.162787437438965,0
2003-02-14,7.143448746023622,7.188948316235951,7.1036362418685846,7.159942150115967,3758601
2003-02-17,7.245823556965333,7.257198196862262,7.1792801138637214,7.229898452758789,2614669
2003-02-18,7.234448517519701,7.291322727781332,7.234448517519701,7.278241157531738,3383008
2003-02-19,7.308387095446862,7.348199612025839,7.257199936244717,7.3112311363220215,9484479
2003-02-20,7.234448491646847,7.256060661051434,7.154823989214518,7.2350172996521,4265609
2003-02-21,7.241274265201329,7.3083860155512275,7.201461754505094,7.279379844665527,3229957
2003-02-24,7.365258912924817,7.365258912924817,7.1775725678511195,7.206578731536865,7263256
2003-02-25,7.188951039855547,7.211700833580741,7.143451452405158,7.175869464874268,11949509
2003-02-26,7.183263271282913,7.2918939769852456,7.183263271282913,7.265731334686279,8118658
2003-02-27,7.257199294954426,7.335686704826693,7.240137079047819,7.287911891937256,9398350
2003-02-28,7.314074215089181,7.481285557613484,7.2685746335096,7.402798652648926,31045489
2003-03-03,7.45284798525538,7.501759907354278,7.349336566778426,7.383460998535156,9498639
2003-03-04,7.308384582561939,7.382321508547406,7.269710202589823,7.31862211227417,4684898
2003-03-05,7.297578601943477,7.297578601943477,7.224779288354823,7.278241157531738,8531451
2003-03-06,7.257197907804055,7.279947693650812,7.177573403860897,7.223073482513428,4307809
2003-03-07,7.200322233769346,7.32430918387203,7.18894759583561,7.292459487915039,10395681
2003-03-10,7.256060550546964,7.33454743577349,7.2549229345537825,7.29018497467041,9665990
2003-03-11,7.24582529362155,7.325449819820348,7.234450650998384,7.3112311363220215,4213034
2003-03-12,7.26857450197648,7.325449231401306,7.25947407886612,7.288480758666992,4685973
2003-03-13,7.393698782395239,7.393698782395239,7.169043899877677,7.220231056213379,3242995
2003-03-17,7.211699613875041,7.211699613875041,7.082025558093448,7.099656581878662,7048470
2003-03-18,7.099656581878661,7.099656581878661,7.099656581878661,7.099656581878662,0
2003-03-19,7.166201921400302,7.200326361724038,7.098520835100979,7.134352207183838,9104446
2003-03-20,7.166199968806842,7.187243334142122,7.115012308349996,7.120699882507324,6098667
2003-03-21,7.121268744025816,7.143450232709835,6.98988877106495,6.9995574951171875,10091121
2003-03-24,7.0587063295179515,7.105912329406443,6.918794754050517,6.954625606536865,6109135
2003-03-25,6.952351272002554,7.005813149704,6.870452031156432,6.98875093460083,8742919
2003-03-26,7.029702300626145,7.149138841311394,6.955764839246653,7.13093900680542,9462000
2003-03-27,7.118993678988683,7.197480576935952,7.0763376349619085,7.131506443023682,9964615
2003-03-28,7.14345014506818,7.217386580924415,7.055294013447792,7.177005767822266,4497078
2003-03-31,7.154823822546295,7.166198461509371,7.075198815009785,7.146292209625244,5171342
2003-04-01,7.154824700164417,7.164492916337397,7.092262403837059,7.119562149047852,3329825
2003-04-02,7.099086816792057,7.1661990681033085,7.041643795204329,7.121267795562744,2720893
2003-04-03,7.1093272448319595,7.25151410404333,7.1093272448319595,7.191795825958252,7491687
2003-04-04,7.2116992469400465,7.279948613100136,7.1787119265562325,7.2486677169799805,13771025
2003-04-07,7.302698092133961,7.58593358338599,7.279948304378684,7.480715751647949,24195727
2003-04-08,7.484697811376387,7.591622080309167,7.39369864928854,7.523941516876221,15533750
2003-04-09,7.506311271740622,7.53474863958463,7.440904920132065,7.487542629241943,7579405
2003-04-10,7.4164486755712815,7.700821319615258,7.4164486755712815,7.661009311676025,20376886
2003-04-11,7.62119508820268,7.858930971301981,7.552945734307781,7.675795078277588,15125443
2003-04-15,7.678071035672601,7.79181997708867,7.626883885295602,7.669539928436279,12236497
2003-04-16,7.678071173110174,7.847557225593687,7.678071173110174,7.805469989776611,11930349
2003-04-17,7.746320382754353,7.803194599852399,7.689445658697238,7.773620128631592,8897979
2003-04-21,7.791821139925398,7.791821139925398,7.645653665022107,7.679778099060059,3873845
2003-04-22,7.678639252923653,7.734376356668654,7.5529463654808024,7.568302154541016,4222941
2003-04-23,7.621196485710178,7.621196485710178,7.4937976684117675,7.562046527862549,6316583
2003-04-24,7.56432247893706,7.58707226990189,7.5074477480454185,7.542710304260254,11424977
2003-04-25,7.510291482638982,7.621196899181597,7.461947861959792,7.566028594970703,7728437
2003-04-28,7.620057480474013,7.756556695370452,7.575695527134089,7.732100486755371,9120522
2003-04-29,7.734946333221259,7.841301284479538,7.734946333221259,7.774758338928223,10640188
2003-04-30,7.734947560407486,7.7923905990845865,7.68091635706824,7.768503189086914,10843945
2003-05-01,7.768503189086913,7.768503189086913,7.768503189086913,7.768503189086914,0
2003-05-02,7.7633827996886975,7.780445014567257,7.624608834380073,7.740633010864258,13078580
2003-05-05,7.76906970125253,7.7747572747061735,7.69058280986117,7.730395317077637,6077637
2003-05-06,7.712195192152444,7.790682080537108,7.672382686461123,7.7491631507873535,9147954
2003-05-07,7.734946057720258,7.830495172189196,7.638259327053584,7.689445972442627,17732401
2003-05-08,6.6076898309559065,7.699682037348246,6.5974523010449335,7.528489589691162,12986750
2003-05-09,7.565460197929607,7.618922080682945,7.5188229990788,7.552379131317139,4500115
2003-05-12,7.531333092172742,7.733238128744763,7.53076479114354,7.693426132202148,7022440
2003-05-13,7.712196998248923,7.740065049016557,7.601859876688073,7.630866050720215,3772154
2003-05-14,7.62688315724029,7.664419924105065,7.5791083529265455,7.601858139038086,9655289
2003-05-15,7.5990144435077935,7.678070650898913,7.598445635459334,7.648495674133301,5901360
2003-05-16,7.666696356841227,8.019319364190293,7.655321715483638,7.960737705230713,24450516
2003-05-19,8.020456562810626,8.197905431206056,7.8998819157549764,7.9965691566467285,32932991
2003-05-20,8.072780136498478,8.131929581542884,7.928318611651522,7.972680568695068,17536543
2003-05-21,8.00794519077876,8.150131520292856,7.997707657439218,8.035244941711426,16119549
2003-05-22,8.076193212881702,8.24681688105888,7.860069460492743,7.892488479614258,11525406
2003-05-23,7.962443536557379,8.032399831664504,7.679776850577282,7.7338080406188965,43929707
2003-05-26,7.64394535753178,7.843006365900136,7.64394535753178,7.82765007019043,19752158
2003-05-27,7.837322476923044,7.995433934457703,7.746322788775189,7.913534164428711,22576940
2003-05-28,7.934006920117678,7.973818923538707,7.80490117238464,7.866325855255127,15599223
2003-05-29,7.871444138277735,7.905569072659186,7.781582098350043,7.831632137298584,29132377
2003-05-30,7.820256418656947,7.962442705429996,7.813431736454854,7.895899772644043,19637055
2003-06-02,7.865759043151065,8.221794466735924,7.865759043151065,7.993727207183838,36393249
2003-06-03,8.007945482942953,8.053445069490751,7.753716099517849,7.776465892791748,20904176
2003-06-04,7.678069811566671,7.833905963201673,7.643944881102813,7.732100486755371,21751260
2003-06-05,7.824806052155632,7.890780681161974,7.773618909920917,7.853812217712402,19030086
2003-06-06,7.905570229211811,8.073919186582462,7.87258290610761,8.033537864685059,29138312
2003-06-09,8.073920142236824,8.24681857123238,8.073920142236824,8.116576194763184,26196978
2003-06-10,8.087567571143387,8.246816592922919,7.978368589552208,8.028986930847168,26339935
2003-06-11,8.069368891821203,8.121694171735445,7.908413929846537,7.969838619232178,15453229
2003-06-12,8.027850384988836,8.144443380018844,8.021025194249923,8.117143630981445,17903771
2003-06-13,8.147285584049325,8.234304090232763,8.042067755103725,8.087567329406738,22434077
2003-06-16,8.133067603665063,8.149561009631649,7.962443435541313,8.041499137878418,9650568
2003-06-17,8.077331550943615,8.150130881054196,8.074488017220842,8.125105857849121,17554722
2003-06-18,8.189943721024783,8.379905379532863,8.157525709626686,8.294024467468262,38296641
2003-06-19,8.361706340543156,8.428818109459332,8.261607241937625,8.349193572998047,23307191
2003-06-20,8.349193275858086,8.506735918428829,8.315068837845724,8.460099220275879,34600194
2003-06-23,8.531190782612647,8.585790277084378,8.451565759402731,8.495359420776367,27393345
2003-06-24,8.303691163772402,8.474314822860576,8.18994171974092,8.332128524780273,17048696
2003-06-25,8.38331764345858,8.48284894335602,8.382749342194458,8.450429916381836,21542129
2003-06-26,8.474314439034321,8.80418710204206,8.474314439034321,8.737074851989746,52512098
2003-06-27,8.758690481291096,8.80419006939438,8.5994414159704,8.65972900390625,19919790
2003-06-30,8.680201152106198,8.838312566266241,8.668827018016719,8.729113578796387,24577630
2003-07-01,8.747312941649401,8.754138638439404,8.5442707683455,8.572708129882812,10305159
2003-07-02,8.58180882529474,8.689302406411493,8.58180882529474,8.640958786010742,12942120
2003-07-03,8.589770875365444,8.790538842743185,8.576689302960197,8.612521171569824,23538940
2003-07-04,8.644940981527752,8.895190236320767,8.644940981527752,8.768359184265137,26154311
2003-07-07,8.838312594527542,8.84911893447346,8.662570156656862,8.712051391601562,7457759
2003-07-08,8.701814807722252,8.917938588430392,8.701814807722252,8.816701889038086,28482646
2003-07-09,8.849687214545796,8.849687214545796,8.701813340551032,8.776887893676758,12625597
2003-07-10,8.701812703899497,8.826937287927244,8.610813559470976,8.688732147216797,20499234
2003-07-11,8.713757133030427,8.758687899669184,8.557352154916028,8.614795684814453,16375600
2003-07-14,8.745190892227646,8.826487043452687,8.69292930255675,8.7765474319458,10607569
2003-07-15,8.80326295574981,8.849718062710915,8.512917760834426,8.558792114257812,18111780
2003-07-16,8.648795317240431,8.803259127725866,8.559368628219692,8.764352798461914,11562279
2003-07-17,8.826486699807141,8.826486699807141,8.653441361512465,8.74402904510498,16869381
2003-07-18,8.640667659687752,8.755644412283981,8.536143433255821,8.65112018585205,10889603
2003-07-21,8.478073390434735,8.710349884249311,8.376452424390859,8.43974781036377,7004261
2003-07-22,8.420005231223119,8.594212621533929,8.306189984670715,8.390971183776855,12293184
2003-07-23,8.582599044805736,8.582599044805736,8.396778129157475,8.432781219482422,6110304
2003-07-24,8.4316197732161,8.704543873007792,8.396778189529803,8.631377220153809,14933604
2003-07-25,8.01352264083,9.174903213801821,8.01352264083,8.543111801147461,20720795
2003-07-28,8.697576051985802,8.697576051985802,8.560532728118286,8.598858833312988,16221941
2003-07-29,8.617440302573385,8.617440302573385,8.460653441840371,8.583179473876953,14905003
2003-07-30,8.59305157159703,8.629054144316411,8.364840312944583,8.432781219482422,16089874
2003-07-31,8.444393219789335,8.478073290290395,8.29225292560244,8.332901000976562,31238543
2003-08-01,8.374711763478073,8.449040442029572,8.350323223871877,8.364840507507324,21536334
2003-08-04,8.418843828933655,8.559370628627999,8.396777786966725,8.469944953918457,12804117
2003-08-05,8.570983792867718,8.70918807412593,8.4548455500067,8.498396873474121,36036208
2003-08-06,8.53614231991976,8.600018457788392,8.443231620984063,8.500139236450195,16454485
2003-08-07,8.559371046085662,8.674348324106367,8.464138350127856,8.575050354003906,29325478
2003-08-08,8.652281046427706,8.89500957020912,8.61743998320542,8.846231460571289,32957620
2003-08-11,8.849718309106427,9.078510364267004,8.825328730265726,8.923465728759766,24858729
2003-08-12,8.962950040057597,9.033213951730827,8.878750117850954,8.96643352508545,17038321
2003-08-13,8.944368820520355,9.023341969590977,8.8067447514536,8.950756072998047,15578146
2003-08-14,8.999534643539086,9.046570497408007,8.816037255710283,8.859007835388184,15266530
2003-08-18,8.904881660256676,8.965853523069189,8.78584066652961,8.949594497680664,13097040
2003-08-19,9.021021973699915,9.021021973699915,8.850879816214206,8.923465728759766,14715500
2003-08-20,8.97688817406,8.977468927503548,8.814875561899672,8.870621681213379,13860518
2003-08-21,8.919400730844101,9.18303490179032,8.887463425233786,9.11160945892334,26232963
2003-08-22,9.198130982537656,9.500089665845472,9.17490394893539,9.387435913085938,42878727
2003-08-25,9.523317448377991,9.546544481282027,8.868298971190006,8.987339973449707,31038245
2003-08-26,9.10289658177732,9.38162819528975,9.061668266043132,9.213808059692383,23155215
2003-08-27,9.346787345772722,9.422275973314425,9.239359350620258,9.401371955871582,17834793
2003-08-28,9.407181437863569,9.546546774397342,9.279430138177132,9.488478660583496,26457235
2003-08-29,9.569772502669794,9.7207518390479,9.502412347718018,9.665586471557617,22994126
2003-09-01,9.75559211365063,9.999482667019926,9.75559211365063,9.935606002807617,20546481
2003-09-02,9.964641005892162,9.999482067766488,9.774754320086254,9.87056827545166,13765463
2003-09-03,9.894959051017718,9.962319204659659,9.616227416472137,9.677200317382812,12438150
2003-09-04,9.755594691643665,9.755594691643665,9.351434723160912,9.408342361450195,19404511
2003-09-05,9.500087778040099,9.802047436555343,9.476860749053381,9.712620735168457,18250811
2003-09-08,9.697525407438881,9.917606137582943,9.697525407438881,9.88566780090332,16206052
2003-09-09,9.929800845258272,9.941414879884952,9.523317915014186,9.601710319519043,13237847
2003-09-10,9.639454535600015,9.811338924342719,9.55873912231951,9.761980056762695,9132158
2003-09-11,9.755591722064551,9.858955473397717,9.466989378710974,9.52099323272705,14564599
2003-09-12,9.574418752211905,9.69752503096717,9.2910410779951,9.343884468078613,13063673
2003-09-15,9.280007447423626,9.407177946306676,9.152255159942161,9.21032428741455,10748749
2003-09-16,9.16328778050166,9.424597800135343,9.058763565605995,9.256778717041016,30692654
2003-09-17,9.360722994771056,9.360722994771056,9.058764355457642,9.099993705749512,18642388
2003-09-18,9.087799283153661,9.173160718922256,8.94262645644177,8.991985321044922,9792824
2003-09-19,9.116834837965227,9.349110350702512,9.012310598430648,9.231810569763184,16247317
2003-09-22,9.325882213371518,9.337495211225653,9.052957094788878,9.061668395996094,11347587
2003-09-23,9.000695525100822,9.209743980040912,8.978049247529144,9.17490291595459,9344327
2003-09-24,9.267813038697007,9.58138571868362,9.142964513071169,9.526801109313965,20851367
2003-09-25,9.3026530299767,9.615064167122231,9.3026530299767,9.425178527832031,16448924
2003-09-26,9.488474929571245,9.569771085112878,9.383950709468571,9.531445503234863,11147476
2003-09-29,9.500089177955234,9.587192878715587,9.407759731346385,9.451892852783203,5924026
2003-09-30,9.508797911327195,9.533768235274785,9.232970087665672,9.301491737365723,14912527
2003-10-01,9.368851815543527,9.465246520100555,9.291039147873809,9.412983894348145,8394383
2003-10-03,9.418792741139312,9.541899011485114,9.351432589228086,9.404274940490723,14630586
2003-10-06,9.476863761684013,9.802050552560647,9.442602407861493,9.743399620056152,25580802
2003-10-07,9.788114810415369,9.946642952184769,9.687075066520277,9.73585319519043,24455236
2003-10-08,9.848503189912785,9.858956752291187,9.700427619597447,9.79333782196045,13171065
2003-10-09,9.871732303155204,10.271247250820926,9.813663161728192,10.205629348754883,24040947
2003-10-10,10.22130814815437,10.429195146822721,10.20969514744197,10.32641315460205,14228869
2003-10-13,10.289826197834241,10.568557785792498,10.243371105709691,10.49829387664795,16949716
2003-10-14,10.566819239360045,10.591788536648822,10.057553236647333,10.184724807739258,16235494
2003-10-15,10.25963105415912,10.39435135107218,9.959414670733283,10.257888793945312,14651663
2003-10-16,10.336281795016404,10.487261110601171,10.23756407242128,10.407707214355469,13866173
2003-10-17,10.358928658744865,10.452419596873911,10.164977742220533,10.287503242492676,11716171
2003-10-20,10.278213287250804,10.336282417543993,10.15046202877465,10.176592826843262,11494843
2003-10-21,10.104006966607626,10.220144192385513,9.973931658807103,10.134202003479004,15315833
2003-10-22,10.115620673459658,10.220144908632772,10.047100047068307,10.17310905456543,12239768
2003-10-23,10.173687004722295,10.173687004722295,9.757913192427182,9.850242614746094,11529753
2003-10-24,9.85140786127918,10.011097480347,9.756755389833756,9.963481903076172,8772220
2003-10-27,10.15046389703675,10.21898453100021,9.987870509331612,10.049424171447754,12426514
2003-10-28,10.022712247293233,10.16207757380234,10.001807189514032,10.087750434875488,11691169
2003-10-29,10.196914328561432,10.196914328561432,9.814239341108866,10.022706985473633,33964437
2003-10-30,10.0110976063766,10.045939712307103,9.95302846503704,9.992515563964844,12688079
2003-10-31,9.987866922139215,10.173687278371764,9.987866922139215,10.06626033782959,11746314
2003-11-03,10.162074597582517,10.347896013716845,10.045937377110977,10.296794891357422,18614769
2003-11-04,10.335122493266512,10.52210441749844,10.335122493266512,10.454745292663574,19583125
2003-11-05,10.394350952903327,10.561590328434658,10.245694650396384,10.322344779968262,24219654
2003-11-06,10.301440130434916,10.35950821862301,10.162073820192813,10.187044143676758,13330145
2003-11-07,10.185302876774797,10.208530942483698,9.944317129903,10.032000541687012,14553617
2003-11-10,10.045937281589724,10.104006408878865,9.815983785975375,10.013418197631836,8952703
2003-11-11,10.127235943121836,10.127235943121836,10.01109765982269,10.050004005432129,15841768
2003-11-12,10.12723504656796,10.148140101344909,9.80204933141451,9.881603240966797,10938626
2003-11-13,9.987870062170495,9.987870062170495,9.84850371597057,9.915284156799316,13251727
2003-11-14,9.894958967748515,9.970448633834382,9.87173090039388,9.929800033569336,15424488
2003-11-17,9.93096311199129,10.065683439460383,9.90773504096091,9.982064247131348,5830653
2003-11-18,10.057550585797957,10.104006717215759,9.965221146787743,10.032000541687012,8408590
2003-11-19,10.104008367176359,10.146978949980445,9.89612138949958,10.09878158569336,8013836
2003-11-20,10.151624983727151,10.300281315948336,9.894959888119498,10.000645637512207,13872015
2003-11-21,10.01690276858595,10.193432129677007,9.871729949629174,10.141751289367676,12161303
2003-11-24,10.18530550219428,10.220146574527398,9.958836461606367,9.98554801940918,7383313
2003-11-25,10.044775189008147,10.068584006005239,9.889149854132427,9.933862686157227,9077901
2003-11-27,9.930962665006554,10.03432540249575,9.82527691347662,9.93270492553711,19973299
2003-11-28,9.871731859423562,10.079618838077938,9.871731859423562,9.95825481414795,11935583
2003-12-01,10.092392340258993,10.162074464587754,9.953026021179426,10.12549114227295,19113084
2003-12-02,10.16207548393455,10.289827783370345,10.08252157931778,10.18298053741455,15049034
2003-12-03,10.196918270501822,10.371125680934991,10.11678257184343,10.164979934692383,17161416
2003-12-04,10.185304419470954,10.567398808257009,10.156269850542694,10.450679779052734,26941950
2003-12-05,10.510491069311842,10.824063789386086,10.510491069311842,10.576689720153809,35774643
2003-12-08,10.538364074734185,10.718958738675504,10.533718046876844,10.603981971740723,17796706
2003-12-09,10.626628292351633,11.091181389715972,10.626628292351633,11.02846622467041,37275476
2003-12-10,11.149246172545354,11.495337878599617,11.091178087872878,11.360036849975586,42758529
2003-12-11,11.381525341118282,11.427980440958443,11.033111574711493,11.301971435546875,19433205
2003-12-12,10.859482051294405,11.323453208579,10.720697541978709,11.228800773620605,11509143
2003-12-15,11.265385962665569,11.601025190514953,11.254352683439793,11.552827835083008,13868089
2003-12-16,11.57895832448733,12.07138335634965,11.416364977798844,11.98486042022705,35203845
2003-12-17,12.031896373064317,12.031896373064317,11.625994273767605,11.761295318603516,18151644
2003-12-18,11.788010228021077,11.788010228021077,11.440177156435018,11.470372200012207,16898403
2003-12-19,11.648641483626486,11.741551671677877,11.405332734564846,11.47791862487793,14569786
2003-12-22,11.532506761608932,11.54412079747372,11.398947937192183,11.45934009552002,6285319
2003-12-23,11.49766263277053,11.544117728669068,11.277000150844174,11.328680992126465,7891582
2003-12-24,11.544115911439464,11.544115911439464,11.245060049355693,11.34552001953125,18287310
2003-12-26,11.43959314485483,11.532503333734233,11.242157699472324,11.32403564453125,9960502
2003-12-29,11.462819770351267,11.753164332945046,11.300807195931094,11.555728912353516,23080676
2003-12-30,11.580120192382035,11.706710974551436,11.323455142889694,11.426237106323242,23209659
2003-12-31,11.439594032426164,11.532504228514254,11.381524901068335,11.422173500061035,16655250
2004-01-01,11.497664406412627,11.671871819313864,11.396042897947966,11.553410530090332,25234370
2004-01-02,11.558635467712403,11.9622156354717,11.558635467712403,11.879756927490234,37599524
2004-01-05,12.13642134660576,12.403538932548273,11.800202385720413,12.322823524475098,42092863
2004-01-06,12.368699450505675,12.472062184644072,11.846078244900104,12.006348609924316,19008915
2004-01-07,11.857690214159572,12.020283564828926,11.677676332206184,11.905306816101074,16405883
2004-01-08,11.962215777544085,12.599812677085255,11.927373675860629,12.5045804977417,27137808
2004-01-09,12.65904281786037,12.891318291518097,12.391925246745714,12.609103202819824,30116388
2004-01-12,12.717113063942142,13.061462611878746,12.380313311287187,12.93719482421875,25333771
2004-01-13,12.810022717244772,12.972616086946354,12.554520181556628,12.787957191467285,16866718
2004-01-14,12.902935704471465,13.204894416942834,12.426769564707557,13.167730331420898,20471007
2004-01-15,13.262962081523927,13.553306726114684,13.065527640385318,13.188633918762207,30361130
2004-01-16,13.239731319895935,13.286186412172349,12.89131761021735,13.021391868591309,16732734
2004-01-19,13.065525479065247,13.367484107939841,12.906415617361073,13.240312576293945,14886450
2004-01-20,13.297799399967364,13.401742854876774,12.833247478466557,13.02022933959961,18147344
2004-01-21,13.924950458725812,13.924950458725812,12.717695298384399,12.845446586608887,20463716
2004-01-22,12.891321284863974,13.053914671783842,12.415155159286776,12.53884220123291,21116484
2004-01-23,12.542903730829961,12.656139255380374,11.523793326775616,11.948277473449707,46914876
2004-01-27,12.171267093350457,12.413995178936267,11.78801113167666,12.235723495483398,20802438
2004-01-28,12.089967485619272,12.326889023734994,11.678258820101854,11.818204879760742,14547822
2004-01-29,11.850139577309436,12.194487980320048,11.800780723019624,11.947113990783691,33511640
2004-01-30,12.136417728231665,12.19158307513985,11.788004084675594,11.90298080444336,10582286
2004-02-03,11.846078434733974,12.15965116312233,11.369912324750404,11.740392684936523,17754646
2004-02-04,11.741552497913695,11.927372887092382,11.555731073523924,11.631221771240234,18270579
2004-02-05,11.729357836489664,11.729357836489664,11.278162116895938,11.3217134475708,15932009
2004-02-06,11.380364736523424,11.625415795813554,11.311843070622205,11.498826026916504,19483817
2004-02-09,11.369909968446548,11.717162187063876,11.369909968446548,11.563860893249512,14719239
2004-02-10,11.648642980866654,11.788008280856841,11.555731745662056,11.669548034667969,23109977
2004-02-11,11.776395060249138,11.776395060249138,11.568508085204398,11.723552703857422,16274422
2004-02-12,11.674192138528955,11.878594562957312,11.674192138528955,11.727035522460938,17525187
2004-02-13,11.846074268691144,12.331531228747982,11.71832200121898,12.298431396484375,32841208
2004-02-16,12.287403549784269,12.589362245195517,12.275789514912013,12.434898376464844,15150819
2004-02-17,12.403539724019803,12.670657327007127,12.311210276924728,12.545808792114258,19947269
2004-02-18,12.655558313906907,12.65904283422041,12.240364157288534,12.53825855255127,23516882
2004-02-19,12.542902879475786,12.624200067459437,12.44999269481816,12.528386116027832,25428686
2004-02-20,11.915759662065291,12.75195243264282,11.915759662065291,12.671817779541016,19800107
2004-02-23,12.659044094670659,12.844863457127836,12.545227807084908,12.656140327453613,16429249
2004-02-24,12.740338919182935,13.019069486354603,12.452897051276823,12.91802978515625,24753580
2004-02-25,12.779827089712091,12.891319326014777,12.440703318141422,12.495868682861328,9022149
2004-02-26,12.368701797164256,12.862288527481569,12.368701797164256,12.67820930480957,16967895
2004-02-27,12.705497045015807,12.89131846160472,12.624200886965745,12.780987739562988,9052712
2004-03-01,12.77518287137182,13.308256625098625,12.659045626382387,13.244961738586426,19071257
2004-03-02,13.244961738586428,13.244961738586428,13.244961738586428,13.244961738586426,0
2004-03-03,13.239735990191805,13.820426401301049,13.022557968986257,13.642735481262207,19108130
2004-03-04,13.58814582096,13.681057046135027,13.38025888271142,13.526593208312988,11209818
2004-03-05,13.379099938684996,13.70312413377803,13.379099938684996,13.548660278320312,10886051
2004-03-08,13.553884022619924,13.780933727301155,13.472587874136966,13.65956974029541,8867229
2004-03-09,13.541689144947766,13.704282476007048,13.449940472471614,13.573627471923828,11366467
2004-03-10,13.54169511218082,13.727516587508077,13.35587467206493,13.604990005493164,12556432
2004-03-11,13.518465045233413,13.564920144851625,13.239733412313013,13.334385871887207,15886444
2004-03-12,13.2978022385763,13.332643303682653,13.094560276629988,13.17469596862793,11377917
2004-03-15,13.293738622904963,13.293738622904963,12.672399709712662,12.788537979125977,11740519
2004-03-16,12.693884034402002,12.775180192367616,12.12538754119045,12.497610092163086,21561850
2004-03-17,12.546390694419756,12.775182731229233,12.217720441676995,12.677046775817871,24436356
2004-03-18,12.659043209244235,12.75775990039669,12.450574477075278,12.61432933807373,6850976
2004-03-19,12.530131138061966,12.531292645027584,12.325147933276714,12.428510665893555,10012049
2004-03-22,12.449995314347175,12.588200148913847,12.345471075812284,12.454641342163086,13247287
2004-03-23,12.369861008506563,12.600975018739964,12.369861008506563,12.530712127685547,11357307
2004-03-24,12.589360384589233,12.715950136833046,12.346631335998545,12.393086433410645,11180610
2004-03-25,12.322822165051372,12.610262983248367,12.322822165051372,12.415151596069336,12143078
2004-03-26,12.566131747542617,12.646267433945772,12.197393716873991,12.441283226013184,11037139
2004-03-29,12.484836156609237,12.508643941128089,12.290304465685681,12.393086433410645,4819115
2004-03-30,12.461610280814387,12.461610280814387,12.139327274159037,12.199719429016113,8862836
2004-03-31,11.96627661904407,12.275784996076556,11.96627661904407,12.11435317993164,13533714
2004-04-01,12.22816903943229,12.670655487527418,12.078352268606306,12.575422286987305,12084100
2004-04-02,12.659043668987827,12.74846934415443,12.5109670740648,12.62071704864502,9146225
2004-04-05,12.310629429326296,12.798409531296091,12.310629429326296,12.658463478088379,8329424
2004-04-06,12.65904379178488,12.757760487480057,12.545808260351862,12.594586372375488,5901173
2004-04-07,12.600975036369645,12.786215732123003,12.531292898711493,12.685755729675293,8495467
2004-04-08,12.554522869243128,12.739181804254189,11.857694140660055,12.65904712677002,10040463
2004-04-12,12.717112643961961,12.773439518705336,12.426768003495878,12.492966651916504,6178254
2004-04-13,12.461608563429326,12.705498092905406,12.252560099532365,12.612007141113281,7629503
2004-04-14,12.61200714111328,12.61200714111328,12.61200714111328,12.612007141113281,0
2004-04-15,12.612587348773438,12.775180706458686,12.596909076983499,12.632330894470215,13067738
2004-04-16,12.314691326889964,12.717109912144664,12.314691326889964,12.62187671661377,6662595
2004-04-19,12.600971666821923,12.705495880570203,12.496447453073646,12.62187671661377,7918033
2004-04-20,12.65787949834241,12.65787949834241,12.427345282643206,12.497027397155762,5210879
2004-04-21,12.484836013855645,12.635234584109712,12.381473293894205,12.53303337097168,10555087
2004-04-22,12.715950920373471,12.715950920373471,12.426767791762678,12.545808792114258,4999038
2004-04-23,12.415155915364108,12.681112057660327,12.381476350016456,12.550457000732422,9013783
2004-04-27,11.87743516572956,12.653236899619882,11.87743516572956,12.278691291809082,21148590
2004-04-28,12.212494067767242,12.542906592061176,12.078355531270187,12.286823272705078,13825188
2004-04-29,12.194490721984367,12.600973608022366,12.07835349398144,12.38205337524414,15730403
2004-04-30,12.079514565547683,12.715949906153432,12.079514565547683,12.50341796875,7233253
2004-05-03,12.451155372636682,12.624201254844415,12.217718382326817,12.461027145385742,11991289
2004-05-04,12.426767133689957,12.47322223150448,12.252559740477174,12.338501930236816,12186259
2004-05-05,12.324566351983831,12.38031247132199,12.229912857544369,12.274626731872559,21407070
2004-05-06,12.380309362572865,12.380309362572865,12.13641885769647,12.158485412597656,27479801
2004-05-07,12.020284452951834,12.137002435263012,11.846077056818073,11.96047306060791,10697670
2004-05-10,11.614382252173717,11.962216320061257,11.439595123218714,11.607414245605469,14248029
2004-05-11,11.381526786885829,11.555733174612666,10.763091574187946,10.854840278625488,22823176
2004-05-12,10.742765183136896,11.006399280388534,10.661469022694954,10.837998390197754,15093991
2004-05-13,10.702118352088128,11.276420365547777,10.165560136776062,11.061565399169922,17723756
2004-05-14,11.149249492756686,11.312423623292169,10.45184116358056,10.646371841430664,22654049
2004-05-17,10.625464136629104,10.698051057603154,9.431566742190546,9.607515335083008,13794485
2004-05-18,9.871729814914742,11.353650949194733,9.581385216174402,10.520360946655273,15943178
2004-05-19,10.742766993312955,10.937298714080699,9.755593692633191,10.440808296203613,12360199
2004-05-20,10.162078308282483,10.452424053509157,10.045941045403227,10.310735702514648,12852860
2004-05-21,10.163236849318984,10.464035036401919,10.10458799899876,10.421063423156738,11646866
2004-05-24,10.49887605975132,10.754379618836639,10.41757989626508,10.674243927001953,11152476
2004-05-25,10.604561859216533,10.80083478072563,10.068585445983993,10.731732368469238,13889259
2004-05-26,10.487259936875397,10.71953641806254,10.220142397594541,10.334539413452148,13036614
2004-05-27,10.208529329912482,10.69630828063774,10.163815465767648,10.627786636352539,24552815
2004-05-28,10.562751891671681,10.624884222227847,10.115619404573566,10.225370407104492,16191658
2004-05-31,10.028520484188187,10.274152342242212,9.523319716848953,10.196920394897461,19960495
2004-06-01,10.336282413296606,10.638241062528248,10.336282413296606,10.48668098449707,34556873
2004-06-02,10.555783841335279,10.591786413767359,10.162075452708798,10.464614868164062,14811677
2004-06-03,10.568559733727051,10.568559733727051,9.994256675165293,10.188207626342773,18973866
2004-06-04,10.15046382906843,10.334543025450484,10.045939583044406,10.17485237121582,18360868
2004-06-07,10.394353560931282,10.473327759058876,10.185305065473415,10.333962440490723,19051630
2004-06-08,11.602185679736332,11.602185679736332,10.165558232249968,10.382155418395996,6539781
2004-06-09,10.74218329498779,10.74218329498779,10.24917753330591,10.371123313903809,6425565
2004-06-10,10.376930102534558,10.47564782238721,10.302021200203836,10.41757869720459,8637255
2004-06-11,10.452421599528963,10.47448816084468,10.234082105872451,10.33163833618164,7623614
2004-06-14,10.313056196960162,10.400158864033452,10.104007725561944,10.188788414001465,9236607
2004-06-15,10.10400690896695,10.32408760791958,10.10400690896695,10.26079273223877,5691996
2004-06-16,10.313053618271104,10.342087143228515,10.179494848539049,10.277050018310547,5935756
2004-06-17,10.277055266828091,10.452424224031365,10.231761661101457,10.355448722839355,5944448
2004-06-18,10.278212566326886,10.440805912701144,10.015160273422568,10.06800365447998,10243424
2004-06-21,10.045936133395978,10.083680958298796,9.814821157425659,9.968704223632812,6506694
2004-06-22,9.964641804220184,10.080779031509397,9.593580738771019,9.995417594909668,7856953
2004-06-23,9.989610888078273,10.0110966961669,9.617970073632742,9.838632583618164,14397528
2004-06-24,9.86011573430366,10.045937146166162,9.813660640140789,9.997739791870117,22522963
2004-06-25,9.96463927012108,10.22014172630739,9.894956123299739,10.070323944091797,8856947
2004-06-28,10.116781337487513,10.19691702636849,9.987868573439323,10.118523597717285,7516315
2004-06-29,10.104005527740728,10.270663101062285,9.993673781428631,10.18355941772461,7299848
2004-06-30,10.208530931798663,10.38331803699152,10.108070945247743,10.30027961730957,8899942
2004-07-01,10.278795612953944,10.433840235257255,10.226534008822568,10.298539161682129,11504096
2004-07-02,10.324670225992543,10.661471034723963,10.27821512051429,10.557527542114258,10856843
2004-07-05,10.475651098143434,10.684699600086338,10.475651098143434,10.635921478271484,6659838
2004-07-06,10.671923166830878,10.995947386115992,10.518040053338312,10.891424179077148,10415168
2004-07-07,10.962265660678822,11.404752118831787,10.86238746612091,11.211962699890137,23883690
2004-07-08,11.149249362425847,11.96221623817779,11.149249362425847,11.365265846252441,31351077
2004-07-09,10.977942145381032,12.263009419419792,10.977942145381032,12.21132755279541,34001356
2004-07-12,12.211330313010246,12.357083893212739,12.02318690921808,12.239204406738281,16011876
2004-07-13,12.252560136345638,12.345470334976524,11.963956731936628,12.132938385009766,8852227
2004-07-14,12.308306715873888,12.308306715873888,11.65096625956648,11.700904846191406,12893798
2004-07-15,11.522051505122834,12.017961091682386,11.498824474103346,11.546441078186035,19396099
2004-07-16,11.544120768456313,11.938989705175956,11.544120768456313,11.89834213256836,15276437
2004-07-19,12.030750250421905,12.191965971349358,11.865977904119116,12.045568466186523,10496624
2004-07-20,12.090022912465528,12.090022912465528,11.774110843865724,11.803746223449707,11115884
2004-07-21,11.806711400292555,11.854126744976272,11.67631550419719,11.774704933166504,15395560
2004-07-22,11.901543707463405,11.901543707463405,11.617044254774555,11.67453670501709,10466154
2004-07-23,11.652603998125315,11.97266542320877,11.628896331433566,11.87012767791748,16439904
2004-07-26,11.85412741736482,12.506104821557246,11.794856648198877,12.471728324890137,22460808
2004-07-27,12.47172577961679,12.506102269268226,12.357925376593823,12.458685874938965,18223613
2004-07-28,12.370373397017884,12.444461320349374,12.233458086301159,12.27316951751709,13666763
2004-07-29,12.258351966883653,12.473504591189062,12.03193775035619,12.408306121826172,16810918
2004-07-30,12.470542821044903,12.470542821044903,12.142183561897257,12.30102825164795,15525478
2004-08-02,12.293918351882517,12.304587176888925,12.150483570447944,12.251835823059082,6203022
2004-08-03,12.269019225660506,12.322362268382987,11.926434617851863,12.005857467651367,23081564
2004-08-04,12.032531016079341,12.340738132529696,11.975038567253266,12.292136192321777,13439500
2004-08-05,12.328291671569085,12.446832135007337,12.292728581568094,12.407120704650879,12984600
2004-08-06,12.387561895547197,12.446832658073518,12.191968590536906,12.40119457244873,7922519
2004-08-09,12.392305401765372,12.449797857429616,12.295101509788081,12.416606903076172,7407287
2004-08-10,12.353777336145345,12.446239043172314,12.269020595265163,12.32888412475586,5321169
2004-08-11,12.257166244039825,12.529811310784464,12.15403465921878,12.400008201599121,12960159
2004-08-12,12.400007559125832,12.400007559125832,12.269019971392806,12.341329574584961,4873092
2004-08-13,12.327106866371132,12.327106866371132,11.984522191011802,12.08172607421875,11678317
2004-08-16,12.148108724101764,12.328292094381212,12.00052458994972,12.296285629272461,7772132
2004-08-17,12.304585183479299,12.328293914459964,11.854127747910555,12.075800895690918,10354509
2004-08-18,12.091801278714794,12.126770540726898,11.854125470006021,11.924657821655273,10775948
2004-08-19,12.029566811626129,12.304582969683604,11.9726671354693,12.255388259887695,12010543
2004-08-20,12.187229471411502,12.26783789068681,12.043794709832156,12.148703575134277,5972441
2004-08-23,12.20974940629035,12.233457074877913,11.972666380618337,12.047347068786621,4685272
2004-08-24,12.078762694073374,12.233459033841003,12.033717376900917,12.202046394348145,4728593
2004-08-25,12.31643816593999,12.336589211387883,12.21627042657578,12.256574630737305,4404219
2004-08-26,12.445646359327185,12.44683190130157,12.292728350755825,12.369187355041504,13914075
2004-08-27,12.35200017673095,12.423125304908957,12.120844830943511,12.140996932983398,5641057
2004-08-30,12.222199306492717,12.384007853028727,12.199083347002015,12.340147018432617,7361535
2004-08-31,12.279690850315289,12.444463254263946,12.24709266616731,12.40890121459961,9103651
2004-09-01,12.446832215134402,12.565373735968565,12.340145057710213,12.415419578552246,10687062
2004-09-02,12.411270059932647,12.411270059932647,12.269020870305079,12.311695098876953,6153064
2004-09-03,12.330072166679356,12.349631501496086,12.189601252671158,12.312291145324707,10358995
2004-09-06,12.30636206498834,12.328292480098968,12.238200792140528,12.272577285766602,8976958
2004-09-07,12.328293783324794,12.412457769808235,12.108991722301795,12.354964256286621,11160047
2004-09-08,12.387560418579332,12.41067637246365,12.213304777916257,12.361481666564941,7227785
2004-09-09,12.37570978753013,13.015831760248707,12.27080092921356,12.800680160522461,63275335
2004-09-10,12.683914640143346,13.213793775490087,12.683914640143346,13.107699394226074,63254258
2004-09-13,13.158080803659209,13.214980482317038,12.982046828455573,13.07569408416748,15088664
2004-09-14,13.051394073209536,13.051394073209536,12.746742511618711,12.880101203918457,9969989
2004-09-15,12.955376182204853,13.015831434489728,12.838612961830124,12.930481910705566,8771239
2004-09-16,12.897881691600775,13.618019175388719,12.897881691600775,13.541560173034668,33939201
2004-09-17,13.577120866024952,14.034097578803824,13.421832849373361,13.928004264831543,36963907
2004-09-20,13.893037143939285,14.201244277689833,13.869328415204834,14.030545234680176,25705159
2004-09-21,14.023431163565293,14.128341066964076,13.896592959127755,13.963568687438965,18918020
2004-09-22,13.916742023253772,13.987867138550977,13.729447541695654,13.823687553405762,17796426
2004-09-23,13.78634717127858,13.845617924415496,13.645875253884903,13.753747940063477,16949762
2004-09-24,13.661880328320812,13.93926650761866,13.610907306651876,13.658916473388672,16547671
2004-09-27,13.632248071245705,13.715226518656149,13.33945083587084,13.500666618347168,13528994
2004-09-28,13.408200732165701,13.632243844328306,13.335891130742656,13.372638702392578,9937650
2004-09-29,13.39634707354719,13.548673363224648,13.183565541407118,13.486438751220703,19286370
2004-09-30,13.63106394772801,13.632249490095797,13.401686858756474,13.479924201965332,21039094
2004-10-01,13.57297310919509,13.736559925665146,13.303884688502775,13.377972602844238,27528076
2004-10-04,13.489995313324835,13.632245563623275,13.455026050079795,13.581865310668945,27642292
2004-10-05,13.57416038395451,13.809464061048065,13.457989944628563,13.586014747619629,14766299
2004-10-06,13.60853791539086,13.660103714460186,13.324039505501593,13.35367488861084,11919226
2004-10-07,13.395753710963108,13.423611832035085,13.2185342182905,13.28669548034668,13550444
2004-10-08,13.336485969203954,13.452062583884171,13.149190399655296,13.245208740234375,18966622
2004-10-11,13.262989213814329,13.27602911931303,13.100587920934197,13.161043167114258,14618249
2004-10-12,13.26061716544041,13.26061716544041,13.039537898842857,13.11540412902832,9516117
2004-10-14,13.098812334260248,13.335895426809607,13.03954156112291,13.252323150634766,19288052
2004-10-15,13.324041060855533,13.417688332963355,13.220316679548674,13.252323150634766,9840912
2004-10-18,13.27662594824964,13.334711184792045,13.039542832582779,13.078068733215332,10613270
2004-10-19,13.15808725488996,13.179423852373056,12.862918838423468,13.028284072875977,14326868
2004-10-20,13.051393818068453,13.100588530690283,12.804234712892166,12.928110122680664,18411480
2004-10-21,12.95656113897284,12.95656113897284,12.805420373506742,12.85580062866211,8984248
2004-10-22,12.855800628662108,12.855800628662108,12.855800628662108,12.85580062866211,0
2004-10-25,12.826163673814516,12.873580067960226,12.636498097231682,12.802454948425293,7337281
2004-10-26,12.826162852154464,12.979673616485742,12.803046899212445,12.90617847442627,13612459
2004-10-27,12.896106010996228,12.932853592243509,12.745558002814867,12.86824893951416,10240247
2004-10-28,13.039538052673864,13.039538052673864,12.814310443311882,12.876543998718262,27039809
2004-10-29,12.968414677459602,12.968414677459602,12.780527387390082,12.893733978271484,13013481
2004-11-01,12.980266585535832,13.015828615251575,12.803639865566627,12.87417221069336,13524508
2004-11-02,12.922776082763166,13.391607246233162,12.922776082763166,13.341819763183594,30473803
2004-11-03,13.371455104835102,13.513704301244491,13.300329978313986,13.468066215515137,20307394
2004-11-04,13.489996611707939,13.537414070793128,13.217351505132717,13.281364440917969,10555742
2004-11-05,13.408797180622603,13.549269138691356,13.353675808030046,13.375012397766113,10976246
2004-11-08,13.335890623603989,13.475175939340431,13.300327538550572,13.338260650634766,8096834
2004-11-09,13.318109778771086,13.581271560555246,13.318109778771086,13.38034439086914,11058543
2004-11-10,13.430729610957567,13.606170863745174,13.375014402281012,13.548678398132324,14420381
2004-11-11,13.572974312874617,13.667807105233505,13.53859676524903,13.612092971801758,14505996
2004-11-12,13.632244907160736,13.702776201267532,13.572974148496048,13.609128952026367,2160937
2004-11-15,13.609128952026365,13.609128952026365,13.609128952026365,13.609128952026367,0
2004-11-16,13.667808844191986,13.774496013327763,13.5729760397675,13.62928295135498,16894617
2004-11-17,12.564186980155656,13.679067614699706,12.564186980155656,13.488215446472168,11420678
2004-11-18,13.489997534139624,13.519632919777841,13.306851336946616,13.387459754943848,11275151
2004-11-19,13.478144498815004,13.677886177897875,13.396943308058535,13.545120239257812,16447849
2004-11-22,13.219127079470155,13.679660443858744,13.219127079470155,13.622760772705078,14335981
2004-11-23,13.655956894681111,14.17279625852896,13.655956894681111,14.127158164978027,34130620
2004-11-24,14.165683464148303,15.031034174902663,14.165683464148303,14.868040084838867,48521606
2004-11-25,14.876928761919158,15.220698976097438,14.778539337574463,15.09800910949707,38403239
2004-11-29,15.05533665966751,15.467267166662097,15.007327480502582,15.304865837097168,25825917
2004-11-30,15.528907758741635,15.585807443730474,15.025107275857538,15.277600288391113,29684388
2004-12-01,15.232548679759066,15.608325270659757,15.058294114730815,15.287671089172363,34516355
2004-12-02,15.409179318356117,15.409179318356117,15.102157732287143,15.236701965332031,26666178
2004-12-03,15.2681165643467,15.52890730795829,15.067189359443828,15.181581497192383,18990316
2004-12-06,15.11519537560685,15.23255028757764,14.936197567949176,15.003766059875488,17571686
2004-12-07,15.03103229166384,15.243222130008363,14.936199493686471,15.119345664978027,12917398
2004-12-08,15.22069964859263,15.2384806669571,14.89234041000557,15.011473655700684,11647333
2004-12-09,14.937974728335922,15.232549112386518,14.925527595968745,15.141865730285645,10942131
2004-12-10,15.161426745085338,15.170317253013947,14.857367992702091,15.01799201965332,13428518
2004-12-13,15.398507273147432,15.398507273147432,14.912489010986532,15.013248443603516,11545922
2004-12-14,15.055334576884322,15.261003944675513,14.9954710398365,15.155502319335938,18315163
2004-12-15,15.232550249382895,15.392581499489202,15.115788108655364,15.170316696166992,17970460
2004-12-16,15.185133559406745,15.25625761388375,15.054737698477878,15.10926628112793,11764913
2004-12-17,15.173283993956,15.173283993956,14.81765938263778,14.882265090942383,11395395
2004-12-20,14.936201009382577,15.054742547200071,14.847294856019458,15.012660026550293,8664874
2004-12-21,15.051183951119599,15.646261590052085,14.961685038381004,15.55142879486084,22802707
2004-12-22,15.303677145265194,15.765988877471841,15.29182383817317,15.479118347167969,25124314
2004-12-23,15.517049389635872,15.588174505835788,15.315529459807584,15.410362243652344,17030611
2004-12-24,15.42222223774594,15.469638646984054,15.326203876959628,15.396735191345215,5950430
2004-12-27,15.410362699030202,15.64744572228062,15.291822244037713,15.526533126831055,10903810
2004-12-28,15.635595917007244,15.765991829127254,15.505200004887236,15.644486427307129,12676442
2004-12-29,15.706716986058899,15.872674896374836,15.588175470599976,15.67233943939209,17310682
2004-12-30,15.764213058200918,15.765991371535886,15.291826257227777,15.342798233032227,15173111
2004-12-31,15.303678711026734,15.586399873131397,15.303678711026734,15.537797927856445,8002106
2005-01-03,15.63500294738157,15.754136206540748,15.493346498877687,15.566248893737793,7186567
2005-01-04,15.517644891215799,15.694864413646005,15.41036495541564,15.582250595092773,7246291
2005-01-05,15.70434858609795,15.70434858609795,15.18513818120377,15.372432708740234,14546373
2005-01-06,15.339240352119374,15.339240352119374,14.949833085554772,15.134164810180664,10436385
2005-01-07,15.007916769333049,15.492157846602309,15.007916769333049,15.412734985351562,10254967
2005-01-10,15.410361817830452,15.410361817830452,15.031029636300495,15.107488632202148,6922899
2005-01-11,14.850852102529535,15.35109597598253,14.81943840350252,15.071338653564453,6306956
2005-01-12,15.288856455225623,15.386653084281932,14.853809120329036,15.067184448242188,16637398
2005-01-13,15.228995195726204,15.228995195726204,14.580574549968205,14.751866340637207,13194946
2005-01-14,14.78209391519607,14.971760541895913,14.463810786071255,14.853219032287598,14513286
2005-01-17,14.888784959684257,14.888784959684257,14.580577799335003,14.73231029510498,10553545
2005-01-18,14.805806483644647,14.988359906386846,14.72341975382256,14.818252563476562,14684049
2005-01-19,14.818253385603523,14.936202161431495,14.588876316408221,14.703861236572266,7283912
2005-01-20,14.921977893754192,16.5128012831595,14.367204336856076,16.34506607055664,136295593
2005-01-24,16.386549772217933,16.429817825556594,15.862597304293413,15.964543342590332,33151095
2005-01-25,15.9082396434263,16.67697919891915,15.55498612066063,16.11153793334961,65162510
2005-01-27,16.135243503358215,16.583922544616403,15.908237569865681,16.410852432250977,52771700
2005-01-28,16.406109737168546,16.797296318736752,16.228298519155256,16.587478637695312,44217115
2005-01-31,16.358695752538594,16.65504958728602,15.825259906626151,16.139394760131836,57536185
2005-02-01,15.777840675711769,16.323130788580045,15.777840675711769,16.003662109375,50539634
2005-02-02,16.014925164093246,16.014925164093246,15.659300593664303,15.711459159851074,15154698
2005-02-03,15.848968240990361,15.880973651304263,15.591733076576407,15.761247634887695,30187843
2005-02-04,15.765989460696453,16.04930231874066,15.765989460696453,15.905867576599121,18468774
2005-02-07,16.003069796401363,16.34446889767564,15.728054704884585,15.79206657409668,26560889
2005-02-08,15.801554053103638,15.801554053103638,15.593513573760683,15.65278434753418,9828341
2005-02-09,15.533647028074213,15.848374628084033,15.533647028074213,15.734575271606445,14371591
2005-02-10,15.540757034722185,15.802140471399039,15.540757034722185,15.774283409118652,8474764
2005-02-11,15.967510519059601,16.228301265359313,15.709090857081607,15.813406944274902,9187163
2005-02-14,15.920095359508373,16.003073807554568,15.552616356352305,15.635003089904785,10133648
2005-02-15,15.825256351201055,15.825256351201055,15.506380457429666,15.562095642089844,13116621
2005-02-16,15.588178494890467,15.681825760822658,15.334499940714226,15.473786354064941,29626766
2005-02-17,15.447115456358546,15.553209870147525,15.235519399935631,15.396735191345215,16581739
2005-02-18,15.398508740431724,15.469633860598949,15.09030164742833,15.173873901367188,11135092
2005-02-21,15.232555984629002,15.268119085060745,14.936203154163112,14.9848051071167,13568437
2005-02-22,14.95042379548635,15.30249066306431,14.94805271156049,15.217141151428223,9653513
2005-02-23,15.23255132509418,15.410363602961999,15.115196405130135,15.234922409057617,11292162
2005-02-24,15.291821256205411,15.445330961159753,15.137716667067968,15.34516429901123,16638380
2005-02-25,15.351095519490963,15.351095519490963,15.191065286821607,15.266931533813477,13465858
2005-02-28,15.26811587658666,15.467857530343428,14.699118012213347,15.340425491333008,32109134
2005-03-01,15.199951838906252,16.02677642957349,15.154313759701923,15.868524551391602,45324876
2005-03-02,15.860816927054532,15.976988396569222,15.650406510583855,15.895787239074707,23794897
2005-03-03,15.860815489745917,16.03270106660551,15.827624550005988,15.966318130493164,13916411
2005-03-04,16.00307502868115,16.414412786805165,15.909427749840859,16.275127410888672,31373789
2005-03-07,16.553105004371403,16.553105004371403,16.01670631197827,16.193925857543945,9788571
2005-03-08,16.12220390767306,16.44997032950946,16.12161113670136,16.287569046020508,15225966
2005-03-09,16.125764925048678,16.53651096863383,16.125764925048678,16.275127410888672,7113009
2005-03-10,16.18088011965817,16.483160526461266,16.18088011965817,16.372323989868164,15071373
2005-03-11,16.524652485790366,16.524652485790366,15.88571505934059,15.950912475585938,21789113
2005-03-14,16.1216131396036,16.2045915762558,15.765396836768593,15.818739891052246,10150659
2005-03-15,15.931942206842718,16.074192426701515,15.706121858339737,15.878599166870117,6908411
2005-03-16,15.96750921371492,15.975214180497684,15.754133831495393,15.827630043029785,11967361
2005-03-17,15.707309454181603,15.985288393868894,15.707309454181603,15.815774917602539,17581173
2005-03-18,15.825255808848699,15.825255808848699,15.469632355869525,15.542535781860352,8403449
2005-03-21,15.58817496179502,15.884527684136483,15.291229468497644,15.369466781616211,25173103
2005-03-22,15.525349370801084,15.525349370801084,15.083783562826364,15.130014419555664,13617693
2005-03-23,15.232551663443335,15.326199972384261,15.019770118919569,15.220698356628418,10963628
2005-03-24,15.279969548991453,15.78969662531855,15.232552093860713,15.66996955871582,14581563
2005-03-28,15.765984341279301,15.953278796385698,15.488597170438645,15.572168350219727,10715569
2005-03-29,15.647446456779996,15.686565115187257,15.001988593060192,15.115196228027344,14818593
2005-03-30,15.161425372921514,15.694861083523977,14.865072669979101,15.194616317749023,11413668
2005-03-31,15.505197836034386,16.003071626350884,15.351094270214896,15.908831596374512,37853565
2005-04-01,15.825258879337442,16.197478933495194,15.672340859983485,16.03448486328125,21466468
2005-04-04,16.133466983790345,16.382404415291536,15.765990132138507,15.994181632995605,17738804
2005-04-05,16.180881918807817,16.295866807900307,15.979361977409662,16.010774612426758,14649373
2005-04-06,16.050489800418056,16.32313492595878,16.00307339466745,16.247268676757812,10199215
2005-04-07,16.29705227701303,16.563769627776576,16.192736209260886,16.303571701049805,23769148
2005-04-08,16.358693377922563,16.714317927997275,16.180882159517974,16.598146438598633,29089008
2005-04-11,16.655049076302948,16.69179665482698,16.41915155787737,16.572662353515625,7425092
2005-04-12,16.572063538627926,16.773583432599327,16.477230771656973,16.64615249633789,8300450
2005-04-13,16.711949875244343,16.939548614206007,16.60763378655358,16.80263328552246,15893267
2005-04-15,16.74988282060627,16.79670645297065,16.17495721178254,16.32135581970215,10847870
2005-04-18,16.169030316077006,16.655049764940678,16.003072378174807,16.349212646484375,9128326
2005-04-19,16.592221238030554,16.592221238030554,16.217038382620704,16.300609588623047,7875926
2005-04-20,16.299426472003724,16.738029553448257,16.180885983927457,16.26919937133789,21793974
2005-04-21,16.269197606086113,16.59577853309024,16.121613462334317,16.58510971069336,8068700
2005-04-22,16.655049731418327,16.72617380706688,16.443453704424613,16.519912719726562,5220926
2005-04-25,16.607631415909484,16.65326950007844,16.35928678091768,16.415000915527344,4067554
2005-04-26,16.4653831256817,16.536508258228707,16.281644168515445,16.37351417541504,5480108
2005-04-27,16.44760069846052,16.9395467601552,16.275716120874336,16.615928649902344,24551366
2005-04-28,16.666903277455248,17.472984247161413,16.596963686320873,17.192041397094727,37316041
2005-04-29,17.187301041001337,17.187301041001337,16.744548572459706,17.042680740356445,21200604
2005-05-02,17.069948371268925,17.129219153746117,16.596967653896932,16.70187759399414,11968156
2005-05-03,16.029149607154423,16.908725643199467,16.029149607154423,16.7581787109375,6791298
2005-05-04,16.80914993390692,17.105502655166873,16.669270781680343,16.908723831176758,9835491
2005-05-05,16.596365519850927,16.984588161701073,16.596365519850927,16.787809371948242,10719261
2005-05-06,17.510319711574542,17.510319711574542,16.668084167525002,17.0817928314209,14231065
2005-05-09,16.951399500834697,17.6270844392642,16.951399500834697,17.579668045043945,13384542
2005-05-10,17.57966930683196,17.57966930683196,17.330732955149948,17.449867248535156,8352557
2005-05-11,17.069945169827967,17.579672324246815,17.069945169827967,17.499656677246094,12910341
2005-05-12,17.603378585283792,17.650794984392416,17.286279897335135,17.390003204345703,16341952
2005-05-13,17.472984623983006,17.59745387409441,17.283319006612622,17.544702529907227,14277284
2005-05-16,17.48483760220204,17.744443848254225,17.426752379410985,17.630050659179688,18293853
2005-05-17,17.308208485011892,17.698209515222565,17.308208485011892,17.52988052368164,16816666
2005-05-18,17.47298378328593,17.719550130637078,17.333105661363625,17.60930633544922,30546239
2005-05-19,17.60337861037716,18.071617005112472,17.555962211200942,17.766372680664062,21347813
2005-05-20,17.54410994371942,17.876025834248786,17.54410994371942,17.75333595275879,18541538
2005-05-23,17.591525358098043,17.75748329401872,17.591525358098043,17.684579849243164,8628189
2005-05-24,17.63893635383896,17.994560846082212,17.603374327267673,17.81141471862793,16381581
2005-05-25,17.758668824419562,18.064504882389226,17.758668824419562,17.970857620239258,11188648
2005-05-26,17.994563557076557,18.218013911846555,17.80489797794525,18.1563720703125,29344218
2005-05-27,18.18423071883628,19.140857491391586,18.136813263293817,18.61927604675293,63640460
2005-05-30,18.61097361150956,18.859909892977083,18.385743937217967,18.462203979492188,30224716
2005-05-31,18.49243681164827,18.966600774374854,18.49243681164827,18.95771026611328,33715537
2005-06-01,18.966606524553004,19.06144145911536,18.730711070291093,18.866439819335938,17088840
2005-06-02,18.86643080877347,19.04839139585021,18.45924264284482,18.503101348876953,19368199
2005-06-03,18.58727005845382,18.848061829276197,18.37508128371063,18.759748458862305,17577154
2005-06-06,18.8599198350693,18.871773144905788,18.693960817761543,18.74612045288086,6406591
2005-06-07,18.83501811016929,18.83501811016929,18.338331023538913,18.376855850219727,18933909
2005-06-08,18.55170854562765,18.78879159607718,18.51673822510461,18.740188598632812,16911908
2005-06-09,18.740190021979533,18.848063790229464,18.63468945127191,18.679141998291016,15538890
2005-06-10,18.67024940369793,18.810128567526025,18.46280068533463,18.520294189453125,9557850
2005-06-13,18.58727226369008,18.682105069804223,18.51555435971023,18.63646697998047,8983687
2005-06-14,18.61097853717449,18.699291906410085,18.447984475059815,18.61808967590332,11350671
2005-06-15,18.670247097409355,18.788788603755073,18.494212094047167,18.54400062561035,15168811
2005-06-16,18.610979048914768,18.69395642480335,18.31581078201392,18.365005493164062,16814470
2005-06-17,18.49243812838639,18.65484048589585,18.078728324421316,18.328258514404297,40130588
2005-06-20,18.53985381172506,18.599122456510894,18.17237384384735,18.200824737548828,16891393
2005-06-21,18.2316429412924,18.421310617740403,18.20852804513538,18.26424217224121,8558650
2005-06-22,18.31462229625187,18.717662143659645,18.268392504244297,18.66728401184082,20308890
2005-06-23,18.7295216683655,18.836207777864093,18.528000643847115,18.65009880065918,13885754
2005-06-24,18.445019904488205,19.085142858058028,18.445019904488205,19.001571655273438,20103545
2005-06-27,19.037728396417563,19.757274245569022,19.01401966816819,19.40342903137207,44200432
2005-06-28,19.440766224086847,19.500036981676473,18.729519246276855,18.877695083618164,27605326
2005-06-29,18.848061556841074,19.239246037521912,18.789976338747987,19.14204216003418,13615450
2005-06-30,19.144414497478586,19.909006718731163,19.144414497478586,19.702743530273438,25528882
2005-07-01,19.559311168622163,20.009768582629416,19.382092692387985,19.802913665771484,9723238
2005-07-04,19.855662365304177,20.021619225600716,19.61857932493861,19.952272415161133,9959848
2005-07-05,19.97183067745075,20.266998935750696,19.796391594532352,19.83551025390625,18230062
2005-07-06,19.831956012436287,19.971833078790464,19.808838997345664,19.871074676513672,8828113
2005-07-07,19.871068092786604,20.197647861909967,19.738302209992888,19.925004959106445,20905952
2005-07-08,19.981913428990943,20.186988995658066,19.619175533365564,20.125347137451172,16014166
2005-07-11,20.152014597671773,20.329826882756333,20.090372751917243,20.218990325927734,7354572
2005-07-12,20.246846557582668,21.029219734338287,20.092743006193295,20.675966262817383,18968585
2005-07-13,20.744720910981307,20.839553701080465,20.436511701577146,20.49400520324707,10475688
2005-07-14,20.483935237771707,21.26275200314402,20.448373195079427,20.921945571899414,29054286
2005-07-15,20.922535712123892,21.06478598545568,20.685454740925564,20.953357696533203,18267589
2005-07-18,21.129560447639264,21.189325905667754,20.88807924021651,20.99372673034668,15236247
2005-07-19,21.16578114010622,21.16578114010622,20.34474550640917,20.508350372314453,23312238
2005-07-20,20.5379325388986,20.704553020278926,20.127413630130164,20.202877044677734,21183032
2005-07-21,20.285584473543615,20.3779512323684,19.692751403178164,19.74466896057129,24390417
2005-07-22,19.921554916892983,20.099648089318244,19.69275386842385,19.850921630859375,36640794
2005-07-25,20.018745700067612,20.211929776884066,19.910080464034163,20.11292266845703,15724000
2005-07-26,20.163643231097822,20.598306508716693,20.163643231097822,20.448589324951172,20555687
2005-07-27,20.55000739381459,20.55000739381459,20.187785557765665,20.436511993408203,8106133
2005-07-29,20.356824570458496,20.52586014655198,20.04410735558042,20.318790435791016,35709497
2005-08-01,20.405120696963838,20.405120696963838,19.99641623729301,20.07791519165039,7409624
2005-08-02,20.103270612848906,20.260232991729847,19.982529990252882,20.178129196166992,18902691
2005-08-03,20.52585533796972,21.06918799931782,20.320598054546686,20.749828338623047,35719639
2005-08-04,21.069188881531073,21.37103822022797,20.740171079030585,20.96112632751465,13183122
2005-08-05,20.960526467433155,21.152503071324517,20.78002037360623,21.00761604309082,14074790
2005-08-08,21.152506001399207,21.189937451512122,20.746214408672724,20.80960464477539,17257640
2005-08-09,20.8880816550331,20.994334001274026,20.40511918435356,20.525257110595703,12816221
2005-08-10,20.994333062706456,21.028139745352465,20.525858884399366,20.968976974487305,9407556
2005-08-11,20.661690960303623,21.07522547944528,20.661690960303623,20.844009399414062,13095264
2005-08-12,20.88686769977766,20.88686769977766,20.284372331940194,20.434694290161133,43523596
2005-08-16,20.405120167421902,20.754663992595358,20.393649657517784,20.531295776367188,17531075
2005-08-17,20.562082042078018,20.750438184977064,20.539745866745037,20.64539337158203,6721385
2005-08-18,20.706970028209568,20.825295571227908,20.41719384708383,20.46307373046875,11777578
2005-08-19,20.41719409115042,20.525859353195564,20.284378123136133,20.33810806274414,10041537
2005-08-22,20.869970154447703,20.869970154447703,20.321807250002035,20.407533645629883,10928718
2005-08-23,20.86996836419614,20.86996836419614,20.40511682467625,20.447376251220703,8447098
2005-08-24,20.64659797409969,20.64659797409969,20.32663559042104,20.487825393676758,8345454
2005-08-25,20.550009624345538,20.728705491229295,20.393047242181243,20.626075744628906,7641934
2005-08-26,20.64660102524494,20.827711957061638,20.622452470508826,20.726289749145508,7492294
2005-08-29,20.76733726494741,20.86392931104336,20.405115477735848,20.553022384643555,6853967
2005-08-30,20.69489754604892,20.94905467382041,20.574156928272266,20.635129928588867,15628197
2005-08-31,20.6828241544965,20.948453969293244,20.59830528354259,20.908004760742188,10002656
2005-09-01,20.948453785192488,21.12714965658397,20.81805287358624,20.909212112426758,9436344
2005-09-02,20.981658926212745,21.05712020858471,20.770361739150047,20.913440704345703,8310497
2005-09-05,21.057115865987743,21.732657576349684,20.960523808594786,21.64210319519043,23506274
2005-09-06,21.73145276418487,22.142572248405944,21.73145276418487,22.061073303222656,16616602
2005-09-08,22.14257357293691,22.216226771920056,21.914375221291692,21.96991539001465,17581500
2005-09-09,22.155854973133625,22.213810208663904,21.916788819395244,22.088844299316406,9967325
2005-09-12,22.213806889020344,22.711257534001234,22.09548136510333,22.577838897705078,17773854
2005-09-13,22.711266089830232,22.940672013551932,22.63882041459987,22.8851318359375,17205486
2005-09-14,22.904443325068513,22.904443325068513,22.30074030974525,22.416650772094727,27700428
2005-09-15,22.577237838987358,22.771629496230826,22.512039543121908,22.70220375061035,14806863
2005-09-16,22.771629260414432,22.926176556375534,22.518074833919588,22.676244735717773,17542151
2005-09-19,22.760762121230425,23.496071417170345,22.69918428339613,23.424833297729492,33622865
2005-09-20,23.496073731245687,23.723064541725574,23.13747448572966,23.298059463500977,49089694
2005-09-21,25.319251269913217,25.699583989484637,23.435702853882038,25.39169692993164,73255226
2005-09-22,25.518479131392837,26.894919016687005,24.585760140204673,24.748760223388672,76598972
2005-09-23,25.355475439100914,25.73580819490359,24.721588230252962,24.911754608154297,37765317
2005-09-26,25.174358583898833,25.9893543176437,24.993247703354807,25.925966262817383,36101806
2005-09-27,26.18857773947934,26.18857773947934,25.264914557573597,25.681468963623047,30337059
2005-09-28,25.3735904013836,25.844479778504333,25.21964790840112,25.482257843017578,22308957
2005-09-29,25.627140354428644,25.80825127486961,24.993253209119935,25.065696716308594,23729814
2005-09-30,24.993254810902737,25.28303101069804,24.295979552116552,24.76686668395996,26863071
2005-10-03,24.676308292813353,25.029474691469424,24.114866813246966,24.794031143188477,16929234
2005-10-04,24.830255459551356,24.938920730373965,24.721588036259234,24.803089141845703,14212690
2005-10-05,24.902697733483336,24.902697733483336,23.725479929173293,23.8160343170166,48964620
2005-10-06,23.861308517767053,23.88847482826169,23.046310593052226,23.127809524536133,50984269
2005-10-07,23.707364348073927,23.707364348073927,22.647867458163905,22.892366409301758,44380955
2005-10-10,23.001036080314933,23.571532971899654,22.89236867324644,23.32703399658203,33775601
2005-10-11,23.453814696421748,23.49003645168764,22.98292757302635,23.118759155273438,23083349
2005-10-13,23.145926726696274,23.77981393562699,23.019150576391848,23.24553871154785,28565841
2005-10-14,23.32703540850015,23.408536506851846,22.638815630307704,22.675037384033203,28884473
2005-10-17,23.00103211371307,23.00103211371307,22.23131141649872,22.466754913330078,21312520
2005-10-18,22.620703893024558,22.928590940449567,22.376204912208088,22.557315826416016,21419424
2005-10-19,22.385262430556267,22.457705941983914,21.733264370299125,21.778541564941406,25572241
2005-10-20,23.816036273974678,24.17825816005041,20.755269731266107,21.09937858581543,46466731
2005-10-21,20.82770473248186,22.077367791319503,20.82770473248186,21.968700408935547,37008836
2005-10-24,22.077373470761845,22.267537672033612,21.135597140212543,21.217098236083984,28495928
2005-10-25,21.54310138583428,21.896267864483114,21.28954690352195,21.39821434020996,23825106
2005-10-26,21.371045196418017,21.570267030372968,20.91826888810305,21.09032440185547,28778825
2005-10-27,21.1899303742509,21.461595651556117,20.827708569531207,20.954486846923828,39697612
2005-10-28,21.008824099276215,21.045045857232537,20.719047883156065,20.909212112426758,31352625
2005-10-31,20.972600414401143,21.90531920595847,20.972600414401143,21.769485473632812,22390381
2005-11-02,22.004928482703505,22.738427605522148,21.73326317729294,22.675037384033203,39427114
2005-11-07,22.00492733474383,22.955759082781512,22.00492733474383,22.847091674804688,20129123
2005-11-08,22.95576180372744,23.091593389212075,22.638817132657703,22.93764877319336,18171904
2005-11-09,23.037260955062024,23.417593702660543,22.457706394553302,23.317981719970703,34691103
2005-11-10,23.381366443487682,23.381366443487682,23.03725765410893,23.10970115661621,15423678
2005-11-11,23.218372084935652,23.707370105976235,23.182148175717888,23.562480926513672,26212166
2005-11-14,23.707363917950275,23.879419370064632,23.05536600925556,23.23647689819336,25984327
2005-11-16,23.236484741402908,23.797926318902434,23.236484741402908,23.643983840942383,23911381
2005-11-17,23.689264370132246,23.806985105119246,23.39043265961835,23.580596923828125,17494031
2005-11-18,23.653040628552823,23.816038555680365,23.553428631727314,23.68926239013672,13373974
2005-11-21,23.7254797025341,23.7254797025341,22.847093538967222,22.955760955810547,28911899
2005-11-22,23.25459643383764,23.508150911808322,22.59354284208668,22.656930923461914,25797376
2005-11-23,22.638812385277546,23.535309271357754,22.638812385277546,23.435699462890625,24527052
2005-11-24,23.453813185693946,24.75780920608833,23.453813185693946,24.44086456298828,59874827
2005-11-25,24.468030362997794,25.029473979053044,24.18730963120478,24.757808685302734,40862882
2005-11-28,24.81214546152512,25.38264461099617,24.81214546152512,25.21964454650879,45992817
2005-11-29,25.210585609947685,25.264918239750376,24.64914197791201,24.794031143188477,24417806
2005-11-30,24.812139734160663,25.08380501061832,24.268809181245345,24.359363555908203,18302280
2005-12-01,24.449915625523893,24.712527592226277,24.006194926570057,24.594804763793945,16604632
2005-12-02,24.712536189176337,25.1562548900213,24.712536189176337,24.902700424194336,17719939
2005-12-05,24.902699860554026,25.06569992506408,24.24164631542559,24.305036544799805,27729104
2005-12-06,24.413695440046183,24.540473713197088,23.99714102429624,24.187307357788086,16727210
2005-12-07,24.2688093138392,24.88458336984911,24.223529973791294,24.549530029296875,26710815
2005-12-08,24.685364063245522,24.69441950166781,24.323144373884773,24.504255294799805,14370305
2005-12-09,24.5404798488063,24.929868050336367,24.449923301780704,24.78497886657715,20271759
2005-12-12,24.92986958212239,25.35547741515627,24.911756549628684,25.074756622314453,30814923
2005-12-13,25.083815436313895,25.744869103516635,24.993261024013513,25.66337013244629,39967508
2005-12-14,25.781087293636844,26.24291903727127,25.40075666224182,26.098031997680664,44248408
2005-12-15,26.17046918250713,26.26102356033116,24.975140632884063,25.418861389160156,22032976
2005-12-16,25.609028001775375,25.699582380542523,25.192473554508116,25.5546932220459,16263325
2005-12-19,25.627142541654727,26.33347325443603,25.627142541654727,26.22480583190918,16955539
2005-12-20,26.35157812970911,26.442132500794667,25.681469326268964,25.980300903320312,16564121
2005-12-21,25.989363646110437,26.17953003131541,25.427922082619197,25.65431022644043,19542576
2005-12-22,25.717695888711035,26.007472082896044,25.536584960169375,25.72675132751465,17900724
2005-12-23,25.80825200713427,25.880695516378392,25.129085498093158,25.23775291442871,18633219
2005-12-26,25.22869928881304,25.355475439100914,24.667255594415302,24.911754608154297,17352172
2005-12-27,24.993254910120417,25.708641049704394,24.712534148189647,25.57280731201172,13792927
2005-12-28,25.627144920455777,25.762976520635835,24.92986958212239,25.074756622314453,24309563
2005-12-29,25.174363592744793,25.436973453173124,25.120028811042616,25.246807098388672,16441730
2005-12-30,25.355472795328584,25.862583801013052,25.192474904811117,25.73580551147461,18216273
2006-01-02,25.717687991731918,25.85352168454586,23.906583567379318,25.373577117919922,11604273
2006-01-03,25.52753150450763,26.125196969384756,25.40981079091537,25.916919708251953,19518160
2006-01-04,26.079914029724943,26.931131613384633,26.079914029724943,26.61418914794922,38979651
2006-01-05,26.632300992152697,26.931132593436253,26.17046935722848,26.33346939086914,14491269
2006-01-06,26.442139130042065,26.487418479405733,25.69958664356986,26.342529296875,29840722
2006-01-09,26.48741140999608,26.623242964425412,25.97124504575771,26.324411392211914,20201291
2006-01-10,26.387803543532307,26.532692709863987,25.808251183144197,25.871639251708984,15669323
2006-01-12,25.898809062070274,26.442139742319835,25.400755579763246,26.18858528137207,16169454
2006-01-13,26.26102503809731,26.577969683254935,26.016526051744755,26.351581573486328,25544453
2006-01-16,26.261027391254963,26.442138325792417,25.989362065683522,26.116140365600586,11861679
2006-01-17,26.11613899283558,26.279139040598327,25.71769538829081,25.7991943359375,9281034
2006-01-18,25.71769462235988,25.790138129221628,24.640086695444854,25.599971771240234,11577962
2006-01-19,25.71769788662624,26.125196969384756,25.654309810076562,25.916919708251953,12573901
2006-01-20,26.125192499984117,26.713800272187747,26.04369355836278,26.632301330566406,18981739
2006-01-23,26.614193614921874,27.619358109954824,26.351583730489498,27.510690689086914,35218785
2006-01-24,27.619352269717314,28.76034810897957,27.456352249117277,28.017793655395508,28205043
2006-01-25,28.09929762424553,28.65168365006696,27.664632293038505,28.5701847076416,25043609
2006-01-27,28.570189550749628,28.760355934447624,28.017801278820244,28.153635025024414,20144903
2006-01-30,28.153636234372442,28.506802698191894,27.501638099030927,28.117414474487305,14515804
2006-01-31,28.253240413599848,28.370963262110788,27.900076173005537,28.035907745361328,8126550
2006-02-01,28.0721346701218,28.316633679131744,27.800467191248984,28.08119010925293,17572381
2006-02-02,28.07212602134975,28.39812388210281,27.981569505468638,28.198902130126953,19182794
2006-02-03,28.15362676995439,28.19890395458996,27.510684290722438,27.61029624938965,11485961
2006-02-06,27.610301401752675,28.470574527771067,27.338633938305428,28.380020141601562,20230001
2006-02-07,28.524909742500913,29.33990568773621,28.380020569973365,29.14068603515625,22985982
2006-02-08,29.158792330949826,29.24029126692663,28.398126985290094,28.832792282104492,12638501
2006-02-10,28.8418539741148,29.711184756267734,28.8418539741148,29.53912925720215,18429983
2006-02-13,29.521018981933594,29.856074547617762,28.09024662934011,29.521018981933594,10847303
2006-02-14,29.521018279905938,29.82890536736001,29.16785399613061,29.620630264282227,16888128
2006-02-15,29.72024401726438,31.09668388184531,29.72024401726438,30.94274139404297,44483164
2006-02-16,30.988005765931764,31.241560146269745,30.000952402239754,30.118675231933594,21242028
2006-02-17,30.426567433549035,30.426567433549035,29.176906191665267,29.303682327270508,23005731
2006-02-20,29.249349814262786,29.57534774530155,28.543019169954395,29.49384880065918,25354496
2006-02-21,29.566293174853463,30.037182437350136,29.52101598205648,29.747404098510742,15353239
2006-02-22,29.70212795928703,29.83796169496553,29.394240884877036,29.629684448242188,12768460
2006-02-23,29.70212826429121,30.426569839587,29.62968475250247,30.064350128173828,20856271
2006-02-24,30.06435043115515,30.06435043115515,29.385186043882875,29.611574172973633,14772511
2006-02-27,29.856068495179183,30.336010995242667,29.620624963969377,30.082456588745117,11539202
2006-02-28,30.33601818596133,31.812069939073336,29.45763191642032,31.232515335083008,60658759
2006-03-01,31.241569707133483,31.857346049239826,31.17818163076755,31.486068725585938,26362407
2006-03-02,31.513229827248185,32.57272683346337,31.513229827248185,32.002227783203125,30503983
2006-03-03,31.875456415681494,32.31012180871241,31.341181189962867,31.55851173400879,18614734
2006-03-06,32.038454314707245,32.581784943105255,31.522287850012813,32.31011962890625,24737890
2006-03-07,32.41877599577842,32.762886877794976,31.920722697700214,32.21049880981445,33191291
2006-03-08,32.32823320718304,32.400676723029825,31.241569707133483,31.486068725585938,25047811
2006-03-09,31.486061478164956,31.784893064717828,30.625786315623184,31.359285354614258,21289914
2006-03-10,31.6762348275663,32.5093438623292,31.513234765880178,32.23767852783203,14379869
2006-03-13,32.23767961727175,32.608954797725914,31.621903259790955,31.71245765686035,26359270
2006-03-14,32.02033989046092,32.41878130266624,31.703395265277933,31.85733985900879,15650115
2006-03-16,31.91168118591892,32.05657038143191,31.03329487759024,31.440793991088867,28989595
2006-03-17,31.694337412504684,32.40066795835058,31.603783042192,31.793947219848633,21372641
2006-03-20,31.757725590546002,32.23767021240592,31.757725590546002,32.09278106689453,12866686
2006-03-21,32.237666661993856,32.73571995066326,32.092777532439456,32.337276458740234,20384118
2006-03-22,32.23768545462517,32.400683398864516,31.812075406393532,32.0384635925293,9642250
2006-03-23,32.22860984134572,32.64516421532941,32.06561198824074,32.400665283203125,12335431
2006-03-24,31.893561803245078,33.77711223291178,31.431730171721867,33.60505676269531,37525084
2006-03-27,33.68655926877223,35.11733365615505,33.37867219931993,34.94527816772461,27296081
2006-03-28,34.59210862277368,35.85988284577239,34.2842215811742,34.95433044433594,19881999
2006-03-29,35.479552798475964,35.86894096286983,34.72794493793353,34.99055480957031,26489225
2006-03-30,35.38899818257913,37.0371052153641,35.24410901357965,36.330772399902344,29641808
2006-03-31,36.49377095946347,36.49377095946347,35.13544439235906,35.343719482421875,16419448
2006-04-03,35.43427516542646,36.185885169103344,35.316552312723466,36.086273193359375,12306877
2006-04-04,36.040996640680476,37.10954916257618,35.85988571540622,36.955604553222656,22129206
2006-04-05,37.037106063856626,37.390270327208896,36.91032561654963,37.30876922607422,11937670
2006-04-07,36.946547744932694,37.761545849700276,34.59211212388988,36.15871810913086,35996950
2006-04-10,36.58432678012682,36.747324663905104,35.59727327712336,36.059104919433594,22821444
2006-04-12,36.059111839111125,36.56621861620342,34.583060096582756,34.8094482421875,34873499
2006-04-13,34.773215812433,35.40710285609937,32.962111203368494,34.20271682739258,38864193
2006-04-17,34.2389474890027,35.04488799380732,34.2389474890027,34.94527816772461,13859045
2006-04-18,35.04488551814438,36.131546699432334,35.04488551814438,35.82366180419922,14792516
2006-04-19,35.85988311331712,36.58432676184659,35.42521778518712,35.92327117919922,16998290
2006-04-20,35.95043967657207,36.584328983768756,35.56105151470865,36.330772399902344,19340917
2006-04-21,36.58431866151151,36.94653610063727,35.69687517330973,36.29454040527344,24065956
2006-04-24,36.24021725130269,37.01899355862742,36.18588462124821,36.85599136352539,22880069
2006-04-25,36.855993708765574,36.94654809795191,35.58822149780968,35.73310852050781,16646583
2006-04-26,35.85988786594792,36.66582841067059,35.40711160184366,36.502830505371094,21935977
2006-04-27,36.66582349634317,37.489879113923124,36.330770138998645,36.72921371459961,37287259
2006-04-28,35.687833648236854,36.65677643793006,34.45628311281453,36.385108947753906,17372348
2006-05-02,37.03710607697653,38.00604447997069,36.946547384599796,37.58043670654297,25902955
2006-05-03,37.67099029576277,38.485988375312665,37.67099029576277,37.833988189697266,20623210
2006-05-04,37.852097477773256,38.37732150161296,37.589487618322664,37.92454528808594,21768626
2006-05-05,38.18714863092811,38.377314952552794,37.598538792801094,37.75248336791992,9542176
2006-05-08,38.14187444954697,38.14187444954697,37.40837752627697,37.634765625,9349134
2006-05-09,37.661940228601416,37.85210230197524,36.90127471534984,37.372161865234375,15978362
2006-05-10,37.48988351498452,37.67099229563754,37.009938788845616,37.136714935302734,7804742
2006-05-11,37.290650123098494,37.94265017848147,36.76543048705756,36.90126419067383,15955550
2006-05-12,36.76544190566955,36.83788542211431,35.85988934023164,36.4937744140625,12722892
2006-05-15,36.38510366202523,36.38510366202523,34.04877908369321,34.59210968017578,22324301
2006-05-16,34.95433649875962,35.76933250973597,33.50545111401905,35.28033447265625,29447887
2006-05-17,35.6787685045285,37.127653499000104,35.497657611160925,37.000877380371094,29578802
2006-05-18,37.30876496804075,37.30876496804075,34.24799904094433,34.6192741394043,29866198
2006-05-19,34.79133582970965,36.01383305358959,32.15617715609557,32.581787109375,27220252
2006-05-22,32.96211746728594,33.867669943903806,26.261026126856663,31.06951141357422,35166836
2006-05-23,31.332123825392213,32.73573199982177,29.52101872545167,32.23767852783203,35050963
2006-05-24,32.43689006093548,33.56883046455845,30.96989633102524,31.53133773803711,43575782
2006-05-25,31.332121978195453,33.496393392115586,30.245458551801857,32.853450775146484,28801946
2006-05-26,33.324330348410086,34.410993528517906,32.391611746620974,33.179443359375,31385400
2006-05-29,33.3243295842275,33.677495916839696,31.8935576855024,32.22861099243164,24777105
2006-05-30,32.41878345371066,32.962116210445814,31.640009300600358,31.966007232666016,20419267
2006-05-31,31.51322530159214,31.51322530159214,29.122566340564642,29.95567512512207,48798406
2006-06-01,30.426567092901987,30.969899839677858,28.778462281200607,29.004850387573242,42262794
2006-06-02,29.15878699754579,30.010004408348713,28.37095548399525,29.774560928344727,32989507
2006-06-05,30.77067868580754,30.77067868580754,28.624518273610057,28.986740112304688,33161794
2006-06-06,27.166580572840523,28.878073536729925,26.442136874453503,27.6284122467041,47486023
2006-06-07,27.16658244900578,28.11741217821778,26.623249637692126,27.49258041381836,34605282
2006-06-08,27.34769145465804,27.619356764893535,25.446029978070868,26.740970611572266,46234723
2006-06-09,26.80436160692713,29.285575729133583,26.80436160692713,29.0682430267334,35639061
2006-06-12,29.158789543081298,29.158789543081298,27.70990464140466,27.963459014892578,22602998
2006-06-13,27.70991423686132,27.70991423686132,26.297252744333534,26.48741912841797,31669192
2006-06-14,26.82247520795428,27.891027949227926,26.10708895109533,26.686643600463867,32037299
2006-06-15,26.9854689494691,28.61546292369333,26.9854689494691,28.180797576904297,27212912
2006-06-16,28.977690864411,30.372241582102795,28.615468948335575,29.55724334716797,42604674
2006-06-19,29.167853452275416,30.06435053259857,29.01390883518403,29.801740646362305,19146725
2006-06-20,29.339896382470496,29.97378335159331,28.66073223393935,29.276508331298828,22065773
2006-06-21,29.1587968085993,30.89745611037784,28.977685881703575,30.562402725219727,25660728
2006-06-22,30.607685792121796,31.62190588587447,30.607685792121796,30.94274139404297,16341503
2006-06-23,30.607675711892764,31.151008417900478,29.973788631118307,30.93367576599121,16904911
2006-06-26,31.32305907665623,31.32305907665623,29.810786078869043,30.118675231933594,13341613
2006-06-27,30.245455345209788,32.011282956829476,29.883235676460362,31.866395950317383,34026776
2006-06-28,31.422670343290534,32.32822260425279,30.8974485682536,32.06561279296875,26212394
2006-06-29,32.237677018360706,32.599896729906796,31.513233290329623,31.8392333984375,28074452
2006-06-30,30.834068024323546,33.32433734863707,30.834068024323546,33.03456115722656,25397559
2006-07-03,33.14322931713465,33.849562208634566,32.89873245041948,33.50545120239258,17576372
2006-07-04,33.505439272147605,33.84049471957879,32.28294461151619,32.400665283203125,23679436
2006-07-05,32.418779578119214,33.505442809212106,32.09278168502587,33.442054748535156,23996460
2006-07-06,33.143225099154584,33.32433601873443,32.63611624630647,32.880615234375,9492558
2006-07-07,33.23378659491365,33.40584210181514,31.51323583083805,31.71245765686035,16486497
2006-07-10,32.20044147915666,32.36604432819633,31.53803226983818,32.218841552734375,14806926
2006-07-11,32.36604130387403,32.53164413743957,32.016435564884546,32.38444137573242,10071802
2006-07-12,32.016438041773455,33.56205950533248,31.648434389295716,33.38725662231445,24508343
2006-07-13,33.470060695754206,33.72766392052287,32.964052096445464,33.33205795288086,24843270
2006-07-14,33.12045440267235,33.12045440267235,32.29244233188246,32.48564529418945,13838355
2006-07-17,32.2004442455378,32.47644755975558,31.50123482899392,31.666837692260742,10628598
2006-07-18,32.20044087891964,32.20044087891964,30.82042226527397,31.216028213500977,14342788
2006-07-19,31.731239451573455,32.01644281681899,30.608823879776963,30.82042694091797,16392040
2006-07-20,31.280424364470992,32.38443954786078,31.280424364470992,32.20963668823242,16095005
2006-07-21,32.5684433404323,32.5684433404323,30.63641616954668,30.783618927001953,28770024
2006-07-24,30.765217049488037,30.765217049488037,29.670401935612055,30.240808486938477,23182233
2006-07-25,31.096421168775322,32.200436341490885,29.992405996059762,30.194808959960938,29108904
2006-07-26,30.176412701010683,31.087225060194037,30.176412701010683,30.91242218017578,26153522
2006-07-27,30.912422160625855,31.41843072739448,30.029209911450245,30.719219207763672,44403705
2006-07-28,31.004424019488724,31.262027221935806,30.194812080220657,30.27761459350586,19161948
2006-07-31,30.544417824231655,31.09642437406809,30.544417824231655,30.802021026611328,13093585
2006-08-01,30.85722221693149,31.280428272338753,30.489216380879917,31.142425537109375,13279704
2006-08-02,31.188425121544316,31.988834791243757,30.89401960425812,31.906034469604492,15516926
2006-08-03,31.998042018798053,32.36604790469809,31.4000330009206,31.639238357543945,17833887
2006-08-04,31.832428648434536,31.952031287283642,30.8664162502307,30.94921875,17283287
2006-08-07,30.949226615483763,31.170029692917566,30.70082123988548,30.986026763916016,10626443
2006-08-08,31.0780279637782,31.795637437865018,30.986027590244127,31.69443702697754,9798987
2006-08-09,31.768031440021016,33.010049373659726,31.372425533439213,32.8996467590332,18218273
2006-08-10,33.10205305360877,33.10205305360877,32.200440722136314,32.43964385986328,16618552
2006-08-11,32.38444362280478,32.91805011740375,32.01643778642194,32.24644088745117,7093094
2006-08-14,32.513243420205264,33.0284520171865,32.467243238378394,32.8536491394043,9095532
2006-08-16,33.157246217711176,33.54365204521842,33.13884614848128,33.286048889160156,13942688
2006-08-17,33.30445682949764,33.63566034075146,32.881250763510934,33.32285690307617,12332300
2006-08-18,33.3596547542112,33.654058098045255,32.93644871735221,33.0744514465332,8155132
2006-08-21,33.184854701492284,33.47006022025602,32.56844785295446,33.25845718383789,10308044
2006-08-22,33.304455598237396,33.72766164857824,33.304455598237396,33.47005844116211,7094851
2006-08-23,33.30445270126389,33.48845560108147,32.798446366895504,32.8996467590332,7907054
2006-08-24,32.58684363443377,33.20325040177739,32.29243811751147,33.1296501159668,7804425
2006-08-25,33.212452469600755,33.52525807711464,32.95484926666233,33.14805221557617,9560828
2006-08-28,33.120447281176595,33.47005298291107,33.02844693168846,33.13884735107422,9277589
2006-08-29,33.12045440765587,34.077266995567555,33.12045440765587,33.97606658935547,18173680
2006-08-30,34.04045626872198,34.57406480525283,33.6172503278608,34.472862243652344,15144466
2006-08-31,34.75807068141675,35.43887986480499,34.482067431251764,35.23647689819336,40181732
2006-09-01,35.07088087406539,35.51248700716229,34.739675180822616,34.87767791748047,17591451
2006-09-04,35.09847787325701,35.40208124278775,34.79487450372627,34.988075256347656,8407091
2006-09-05,35.190482593035966,35.190482593035966,34.41767292625107,34.53727340698242,11041934
2006-09-06,34.6844696740695,35.18127595136711,34.4268665001685,34.79487228393555,13963443
2006-09-07,34.592465327468645,34.70286573774791,34.06805681812333,34.21525955200195,9155977
2006-09-08,34.40846816118347,34.77647177662953,33.95766203746109,34.58327102661133,17225017
2006-09-11,34.92367359398716,34.96047373585629,33.24925183106253,33.50685501098633,16672056
2006-09-12,33.47005336741119,33.65405406850124,32.384438296780864,33.42405319213867,17153793
2006-09-13,33.67246105265256,34.104867162680705,33.48846031378122,33.64486312866211,16417638
2006-09-14,33.48845018054267,34.02205653548661,33.48845018054267,33.690853118896484,7899773
2006-09-15,33.672470423556554,33.7828730844442,33.35046685407925,33.57126998901367,10213824
2006-09-18,34.20606083917659,34.5924666637599,33.700054565503955,34.454463958740234,16102700
2006-09-19,34.59247427059482,34.850077481350375,33.67245967955332,33.87486267089844,10404286
2006-09-20,33.893269730932616,34.59247916967597,33.32286082238804,34.46367645263672,13311981
2006-09-21,34.68447597826891,35.14448219816784,34.592475609025215,35.080081939697266,12902693
2006-09-22,35.31927758489315,35.31927758489315,34.41766541044294,34.59246826171875,14893734
2006-09-25,34.59247149459493,34.77647221119725,33.8656599166558,33.93926239013672,14549884
2006-09-26,34.1324647593187,34.1324647593187,33.27685269404863,33.81045913696289,31655094
2006-09-27,33.994465665273374,34.56487231176812,33.994465665273374,34.16006851196289,15480455
2006-09-28,34.224466467611975,34.298066755930094,33.690860003625524,33.91166305541992,11659811
2006-09-29,34.150869667010106,34.66607611153337,33.93926662964515,34.53727340698242,11773145
2006-10-03,34.224469194267996,34.9512786598343,34.06806638229137,34.56487274169922,8539760
2006-10-04,34.59246447871357,34.6292646145704,33.81045284439767,34.04965591430664,12659812
2006-10-05,34.07726471217344,34.592473306160755,34.07726471217344,34.44527053833008,7483094
2006-10-06,34.65687770835586,34.65687770835586,33.90246807996509,33.95766830444336,13073776
2006-10-09,34.0404650564887,34.353270669272575,33.672459225039475,33.99446487426758,8294739
2006-10-10,34.22446743373648,34.22446743373648,33.884063903815864,34.05886459350586,8579966
2006-10-11,34.04046281731836,34.39926858872123,33.85645991369739,34.13246536254883,14092112
2006-10-12,34.26126175581878,34.35326429001667,33.69085522851871,34.23366165161133,10944349
2006-10-13,34.592475824668725,35.05248204743526,34.27047015662799,34.73047637939453,15302047
2006-10-16,35.14448040833098,35.91729221798122,34.896077237183434,35.81608963012695,23840948
2006-10-17,36.19329856452604,36.19329856452604,35.41128665217367,35.650489807128906,10843041
2006-10-18,35.69648814597669,35.97249141868072,35.310082252087,35.806888580322266,12322813
2006-10-19,35.80689141724315,35.990894342570776,34.76727631058822,35.080081939697266,12496215
2006-10-20,34.960473276549955,35.51248195785436,34.00366085316351,34.28886413574219,13613867
2006-10-23,34.79487703637726,34.79487703637726,33.9116647841751,34.03126525878906,6855958
2006-10-26,34.22446843417822,34.35327113297608,33.48845894818518,33.87486267089844,28042673
2006-10-27,34.30727029565879,34.656876074554035,34.04046703641782,34.53727340698242,11059213
2006-10-30,34.776475295524534,34.960478215286074,34.31647127638096,34.49127197265625,11456653
2006-10-31,34.59247229309161,35.153678865362984,34.518869817911735,34.96047592163086,13377921
2006-11-01,35.14447378390635,35.328476665180155,34.942070833189135,35.10767364501953,8720633
2006-11-02,35.006480601509686,35.18128129786563,34.59247457856523,34.68447494506836,6258955
2006-11-03,34.77646555477468,34.81326787789095,34.27045930729093,34.472862243652344,8174940
2006-11-06,34.55567241310014,35.28248182653266,34.19686663102026,35.19047927856445,15655916
2006-11-07,35.32848455476022,35.47568733002063,34.61087512569113,34.75807571411133,10899694
2006-11-08,34.859269821540636,34.90526999422656,33.93005758592633,34.123260498046875,15349830
2006-11-09,34.408459726061686,34.56486029487819,34.114056468508856,34.417659759521484,10903791
2006-11-10,34.776467043263025,34.776467043263025,34.08645789802271,34.22446060180664,6859750
2006-11-13,34.40846862456028,34.84087468267554,34.086462996513596,34.13246536254883,11605616
2006-11-14,34.362471169544484,34.39927131581811,33.80126237835118,33.87486267089844,11625160
2006-11-15,34.2244631579281,34.33486576656881,33.782857097044904,34.178462982177734,9471388
2006-11-16,34.07725813852127,34.40846375553926,33.90245748231478,34.123260498046875,11109688
2006-11-17,34.242861044585126,34.29806125196549,33.32284884088698,33.44245147705078,12791384
2006-11-20,33.138850164114984,33.9852621986139,32.016434870882925,32.79844665527344,32659927
2006-11-21,33.1940484332029,33.99446024214595,32.93644526102579,33.828857421875,12649808
2006-11-22,34.04046371723062,34.29806691437411,33.21245172246651,33.36885452270508,16725496
2006-11-23,33.48845387148428,33.746057043188344,32.89964505984656,32.97324752807617,12367197
2006-11-24,32.97324801464329,33.56205464812986,32.844445333470674,33.04684829711914,8540776
2006-11-27,33.12044607925138,33.45164951222924,33.04684580233179,33.286048889160156,11941184
2006-11-28,33.120448579595,33.16644875614241,32.77084505099482,33.04684829711914,8067012
2006-11-29,33.074437882274296,34.040450029846895,33.06523784989129,33.89324951171875,9333509
2006-11-30,34.040464520906916,34.40847034656605,33.55285822335462,34.05886459350586,11936309
2006-12-01,34.22446718708878,34.59247301009579,33.89326369585454,34.546470642089844,13592729
2006-12-04,34.59247057064335,34.960474180858746,34.05886194622913,34.84087371826172,11643622
2006-12-05,34.96047320673299,35.319278958206304,34.77647031333231,35.02487564086914,18956640
2006-12-06,35.02487272184485,35.319276014646015,34.32566134782761,34.647666931152344,9738978
2006-12-07,34.59247666374171,34.82247978070392,34.22447080186605,34.371673583984375,4345818
2006-12-08,34.390070273967105,34.40847034656605,33.81046142657998,34.05886459350586,7154470
2006-12-11,34.05886038548472,34.08646049097311,32.761642306491524,33.11124801635742,11706759
2006-12-12,33.046849835278614,33.29525298703637,30.636416416762668,31.906034469604492,17839850
2006-12-13,33.12043929728615,33.12043929728615,31.28041525635457,31.915224075317383,13416975
2006-12-14,32.200437259145,32.789246096986574,31.869231604471636,32.53164291381836,7203792
2006-12-15,32.75244873072406,33.0100519357265,31.878436528884276,32.13603973388672,19649963
2006-12-18,32.45804081670063,32.45804081670063,31.501228357656657,32.025634765625,15085477
2006-12-19,31.979639518947973,32.16364244794952,30.728421351209672,30.986026763916016,16947236
2006-12-20,31.096421706800964,32.56844269150369,31.096421706800964,31.35402488708496,28458869
2006-12-21,31.906034692200155,31.906034692200155,30.94001999880276,31.418428421020508,10229700
2006-12-22,31.510430549052437,31.630031021195123,31.09642454103217,31.20682716369629,11684872
2006-12-26,31.79562823176357,32.20043413178675,31.335622123602604,32.11763381958008,11048922
2006-12-27,32.2004364956202,32.67884270828022,32.12683621270016,32.559242248535156,7332897
2006-12-28,32.56845169417072,32.97325774087464,32.24644598967603,32.73405456542969,10920453
2006-12-29,32.835253430357,32.890453655885146,32.15444408832201,32.40284729003906,9015566
2007-01-02,32.476444558905364,32.79845021810618,32.32924397123889,32.56844711303711,6914234
2007-01-03,32.568439084556026,32.69723956701344,32.12683305673697,32.283233642578125,7680333
2007-01-04,32.43044340357948,32.69724664757122,30.930822153777456,31.08722496032715,22383297
2007-01-05,31.28042331393767,31.46442620279633,30.360411056484192,30.415611267089844,29382423
2007-01-08,30.452422329163372,30.67322543761617,29.826813157407013,29.93721580505371,14573070
2007-01-09,30.1764059666908,30.691612268446303,29.734799940374753,29.81760025024414,17636517
2007-01-10,29.808410755656094,30.231616862752105,29.458807136864017,30.0200138092041,16543605
2007-01-11,30.130415479443844,31.280431087036316,29.94641254486098,31.133228302001953,22039802
2007-01-12,31.42762983038358,31.666832958526964,31.068824044748467,31.482830047607422,15842381
2007-01-15,31.97963525654018,31.97963525654018,31.09642306452397,31.6484317779541,12838067
2007-01-16,31.924437789326088,31.924437789326088,31.206828368250623,31.58403205871582,8623382
2007-01-17,31.280433073194285,31.814039649209743,31.09643012692811,31.188432693481445,6335292
2007-01-18,31.28042620691592,31.832432737704547,30.848020143500822,31.685232162475586,17539350
2007-01-19,31.427632133714358,32.51324523270809,31.427632133714358,32.31084442138672,21788431
2007-01-22,32.55924248958543,33.30445192018758,31.933633519613796,32.92724609375,17513130
2007-01-23,33.12044333890673,33.12044333890673,32.40283413779573,32.614437103271484,10185887
2007-01-24,32.568443575189164,32.936447191220026,32.38444067375375,32.79844665527344,7811774
2007-01-25,32.752440545867046,33.30444696337691,32.04402917559267,32.72483825683594,25278676
2007-01-29,32.494841555262994,33.08365041069222,31.464428791811844,31.593229293823242,17320272
2007-01-31,31.648436192512197,32.84445195817994,31.1700298862451,32.1268424987793,26040918
2007-02-01,31.850838246149728,32.66045029545976,31.850838246149728,32.17284393310547,10685012
2007-02-02,32.33844702317594,32.93645384000902,32.25564449805291,32.59605026245117,10159084
2007-02-05,32.59603651913784,32.752439279013174,32.40283362443054,32.678836822509766,7130524
2007-02-06,32.6788428678181,33.00084848084506,32.034833828604064,32.20963668823242,12549095
2007-02-07,32.41204303362151,32.51324343368256,32.10843964659823,32.32924270629883,9259939
2007-02-08,32.218836240698536,32.65124227216299,31.850830456138194,32.46723937988281,8590824
2007-02-09,32.55924090174689,32.614441111653605,32.09003255702045,32.458038330078125,11142273
2007-02-12,32.458042116414326,32.51324233276033,31.519629691172153,32.26483917236328,8330315
2007-02-13,32.016433020394025,32.56844169279522,31.243623503240173,31.869230270385742,16860739
2007-02-14,31.67602921534959,32.24643576561883,31.004420092071417,32.007232666015625,7430239
2007-02-15,32.2004378733661,32.513241275999924,31.49202855943068,32.062435150146484,11524634
2007-02-19,32.29244129227848,32.36604377216511,31.896837530313597,32.09003829956055,8897639
2007-02-20,32.03483640212036,32.47644251095267,32.03483640212036,32.356842041015625,9161728
2007-02-21,32.38445035851443,32.458050666363214,31.850841566088878,32.099246978759766,10167025
2007-02-22,32.016444445589265,32.568453314977006,31.64844071950472,32.099246978759766,15917566
2007-02-23,32.016437596365286,32.18204044043852,30.443216044769883,30.737619400024414,28596572
2007-02-26,30.774412539461224,31.86922530480174,30.710010116269814,31.33561897277832,25630987
2007-02-27,31.556422466919138,31.648424992853087,30.259206751490215,30.397207260131836,13576001
2007-02-28,29.99240774665878,33.12045055412405,28.53878896006162,31.593229293823242,65659588
2007-03-01,31.777229064363624,32.20043504577854,31.07801984758587,31.740428924560547,27404371
2007-03-02,31.666830637490882,31.79563113490601,30.378812542300082,30.673215866088867,32892804
2007-03-05,30.544413510406773,30.63641386010616,28.93439208278903,29.83600425720215,26212609
2007-03-06,30.323608704409367,30.526011648707527,29.569197133796322,29.81760025024414,14952851
2007-03-07,29.99240397313283,30.176406853981447,29.026391582227248,29.10919189453125,18157358
2007-03-08,29.440401970906596,29.624404879589523,28.88839324485782,29.431201934814453,24397187
2007-03-09,29.808403759918587,30.11200930588318,28.06038170252083,28.363985061645508,35427005
2007-03-12,27.655575197867424,28.83319065492776,27.04836630524762,27.342769622802734,53710272
2007-03-13,27.416377008420078,27.76598060067259,26.882768302796382,27.407176971435547,33619173
2007-03-14,26.882765339731776,27.0483681740406,23.920325328313996,26.29395866394043,41671539
2007-03-15,26.680361114865413,27.738376136234603,26.680361114865413,27.103567123413086,24989339
2007-03-16,27.39797501732955,27.591175780485884,26.330759867598783,26.689565658569336,16333129
2007-03-19,26.7723660392584,27.600378058947257,25.953554055928755,26.12835693359375,19360557
2007-03-20,26.58836297999448,26.58836297999448,25.760350964828664,25.9167537689209,36147368
2007-03-21,25.944354645360963,26.827566904508586,25.944354645360963,26.60676383972168,33717088
2007-03-22,26.845963027228773,27.581974592772863,26.845963027228773,27.480772018432617,28083764
2007-03-23,27.416374266483814,27.600377174612436,26.43195947338969,26.523962020874023,33847564
2007-03-26,26.680366709792246,27.397978379803742,26.128360087919194,26.174360275268555,22610971
2007-03-28,26.128349753119927,26.49635548003468,25.852346551353623,26.376752853393555,20998978
2007-03-29,26.49635905390977,27.324368770892082,26.312356165633766,27.039165496826172,33436135
2007-03-30,27.048362284623714,28.198377464734634,26.707958840993864,27.81197166442871,37115185
2007-04-02,27.821178018881866,27.821178018881866,26.873563445255925,27.011566162109375,17403662
2007-04-03,27.048370857356204,27.655579852166316,27.048370857356204,27.508377075195312,9540902
2007-04-04,28.465193501324794,28.465193501324794,27.15877715334149,27.296777725219727,13933120
2007-04-05,27.259965005178735,27.41636776804227,27.048362039012613,27.2691650390625,5000801
2007-04-09,27.103569035446352,28.6859905679425,27.103569035446352,28.575590133666992,13111157
2007-04-10,28.630793643827957,29.53240604147218,28.520393196854535,29.412805557250977,19904356
2007-04-11,29.606008337625042,29.946411900464128,29.256402550756494,29.532405853271484,15622652
2007-04-12,29.293199420906205,29.53240254789204,28.584790076108142,28.75039291381836,11004800
2007-04-13,29.01719747994395,29.293200764224466,27.99598248521381,28.235185623168945,16594778
2007-04-16,28.52039284806658,29.293202527950474,28.52039284806658,29.16440200805664,11053916
2007-04-17,29.237993133135102,29.34839354412561,28.52958393542719,28.713586807250977,9637561
2007-04-18,28.805592957110957,29.164398738846568,28.630790084295146,28.869993209838867,14837695
2007-04-19,28.713585284412186,29.44039451207184,28.48358006670118,29.274791717529297,16622023
2007-04-20,29.51400184631348,29.836007478709067,29.366801270900655,29.514001846313477,20518612
2007-04-23,29.624396316935837,29.845199306166307,28.483579050212235,28.759584426879883,23763543
2007-04-24,28.75959509515143,28.998798239979394,28.48358961610051,28.787195205688477,20420491
2007-04-25,28.79639383981353,29.900409141718082,28.54799067024002,29.7716064453125,22697922
2007-04-26,29.992406317646385,30.176409212878553,29.458799889629006,29.725603103637695,23865047
2007-04-27,29.808408372407655,29.808408372407655,29.28400189272679,29.56000518798828,8467701
2007-04-30,29.71640921093237,29.808409584146016,28.90679717929093,29.44960594177246,10297146
2007-05-03,29.753206372517436,29.974009432898345,29.468003057353794,29.7716064453125,6467668
2007-05-04,29.992407633630762,29.992407633630762,29.42200103890705,29.633604049682617,10038051
2007-05-07,29.771611235316335,29.937214103956173,29.366807381855207,29.62441062927246,12767983
2007-05-08,29.624407818907372,29.771608410986836,29.284002076043077,29.440404891967773,13053457
2007-05-09,29.440400018996584,29.780803518677068,29.237997051548767,29.56920051574707,11055303
2007-05-10,30.15801024128641,30.756019125878154,29.560001356694663,30.1212100982666,18831744
2007-05-11,29.974004781751226,29.983204816721166,29.467998484725037,29.83600425720215,13676315
2007-05-14,30.1764059666908,30.43400911756855,29.716399871514888,29.81760025024414,6658570
2007-05-15,29.81760305043063,30.176408800572922,29.578399945949055,29.80840301513672,6294772
2007-05-16,29.80840820887947,30.158013984642288,29.440404546163084,30.066011428833008,7902888
2007-05-17,30.176415503696933,30.599621594903898,30.001612607443565,30.37881851196289,13660722
2007-05-18,30.34201448502971,30.912421100741525,29.90960841174492,30.7468204498291,10565375
2007-05-21,30.912425636635852,31.648437384937942,30.866425449077067,31.43683433532715,10749684
2007-05-22,31.464423762843634,31.63002438181886,30.46160908040653,31.409223556518555,13366839
2007-05-23,31.234423063276996,31.464426127086934,30.47081140437693,30.59041404724121,10917752
2007-05-24,30.728419183484576,30.76522151616091,30.296015283069103,30.56281852722168,8294234
2007-05-25,30.378820213903378,31.03202946198422,30.01081432610445,30.69162368774414,12145037
2007-05-28,30.91242053528772,31.188425988773165,30.45241436193201,30.618017196655273,10812939
2007-05-29,31.096420050025436,31.096420050025436,30.25921030541783,30.360410690307617,11282815
2007-05-30,30.36041759747834,30.36041759747834,29.468005253062085,29.863611221313477,32045371
2007-05-31,30.001613262656104,30.6180223382534,29.642809611816183,30.139616012573242,27357529
2007-06-01,29.918807347044474,30.360413440242176,29.468001218023485,29.633604049682617,32378260
2007-06-04,30.323610428141066,30.50761112719914,29.84520423691051,30.342010498046875,15214563
2007-06-05,30.314410360279776,30.314410360279776,29.652001283870458,29.78080177307129,15353248
2007-06-06,30.48920676593843,30.48920676593843,26.680355655255692,29.044788360595703,15394548
2007-06-07,29.063202056137982,29.228804926475423,28.42839287554487,28.50199317932129,12891760
2007-06-08,28.33638628828626,28.501986935505737,27.58197677932192,27.710777282714844,28437605
2007-06-11,28.152388393178594,28.68599494732065,27.968385454455,28.317991256713867,13650238
2007-06-12,28.520385564426302,28.584785807926448,28.097179590602998,28.30878257751465,7761094
2007-06-13,28.336384874913545,28.336384874913545,27.839578584354964,27.97757911682129,9008222
2007-06-14,28.1983825680285,28.409985574411614,27.84877902716071,27.894779205322266,12036694
2007-06-15,28.13398109573244,28.244381518521525,27.959178239476543,28.041980743408203,15257271
2007-06-18,28.097185491362772,28.290388449277987,28.032783047497567,28.152385711669922,18474049
2007-06-19,28.152386724425792,28.33638965224248,28.10638653918169,28.16158676147461,8388601
2007-06-20,28.299591293779987,28.639994872954553,28.133988429587824,28.52959442138672,8126936
2007-06-21,28.33638811093311,28.56639121148328,28.115585046931344,28.409988403320312,17564932
2007-06-22,28.17078858475514,28.465191975824983,28.17078858475514,28.33639144897461,17756628
2007-06-25,28.5203878523897,28.5203878523897,28.19838223537754,28.363985061645508,14665050
2007-06-26,28.23518237747266,28.612388207627507,28.152382057758636,28.363985061645508,8036264
2007-06-27,28.428387517519827,28.428387517519827,28.12478413482308,28.262786865234375,8553235
2007-06-28,28.336392449298085,28.97120162884889,28.11558935149087,28.538795471191406,18494247
2007-06-29,28.888393104618153,28.906793176713116,28.271986315756788,28.465187072753906,6935090
2007-07-02,28.520394388458417,28.557194538987094,28.290391260813763,28.33639144897461,10612890
2007-07-03,28.336387031101918,28.842393395661578,28.336387031101918,28.7687931060791,5698423
2007-07-04,28.768790951778257,29.15519462999115,28.70438851637618,29.063194274902344,4038489
2007-07-05,29.090790179356848,29.155190418616602,28.520383686519832,28.639984130859375,6976333
2007-07-06,26.680368556286233,29.146002824097508,26.680368556286233,28.612396240234375,17132099
2007-07-09,28.713586591138693,28.96198970083734,28.49278358397994,28.639984130859375,8154309
2007-07-10,28.621588656279727,28.621588656279727,28.15238246411448,28.281185150146484,14706260
2007-07-11,28.29958506243551,28.336385204855024,27.839578908511758,28.069581985473633,21541684
2007-07-12,28.15238177557504,28.483585237951267,28.041981350396263,28.133981704711914,27388871
2007-07-13,28.262793376164375,28.971202890213895,28.262793376164375,28.584796905517578,21317293
2007-07-16,29.123940119505285,29.58428625321304,28.672988713705113,28.983016967773438,29939021
2007-07-17,29.311832917894375,29.405782424447967,29.02998886446956,29.255464553833008,31854971
2007-07-18,29.30244339760194,29.37760122397827,28.710568815533726,28.954833984375,15001111
2007-07-19,29.029989188210937,29.12393869581225,28.68238203950469,28.926647186279297,11180753
2007-07-20,29.114546101140604,29.123940829277142,28.766936693852337,29.011201858520508,7373085
2007-07-23,28.766934206408706,29.02998880460393,28.748144751760332,28.860883712768555,6624293
2007-07-24,28.936048363182273,29.067574576774323,28.560254715253695,28.59783363342285,15746189
2007-07-25,28.607222945032028,31.378694432539326,28.56024930621694,31.17201042175293,78059346
2007-07-26,31.19080040619459,31.84843806011194,30.458002695780497,31.510223388671875,33579269
2007-07-27,31.190797218316067,33.802555878085954,30.166760813854072,32.393333435058594,79796452
2007-07-30,33.06976328538702,33.06976328538702,31.218984051656147,31.46324920654297,33459125
2007-07-31,31.566589211758224,32.872469686409154,31.547799757428105,32.130279541015625,24735142
2007-08-01,32.03633306877191,32.1302825824336,30.871375624441193,31.388090133666992,18926170
2007-08-02,31.55719686367368,31.886016805476213,31.002903452911394,31.52901268005371,13387907
2007-08-03,31.64175633647924,32.44970975266579,31.613569915564362,31.895416259765625,15936735
2007-08-06,31.00290294864771,32.6000222929622,30.84319034428084,32.4215202331543,11750448
2007-08-07,32.506072131954355,32.87247097195635,31.24716747701454,31.369298934936523,20949441
2007-08-08,32.31817746965006,32.50607201965011,31.22837791405965,31.453853607177734,15571610
2007-08-09,31.848438544930577,32.111493163878286,30.69287582730282,30.805612564086914,14407392
2007-08-10,30.721060289882985,30.937141270462046,29.349416581204842,30.702268600463867,13860603
2007-08-13,31.002905222842745,31.181407295744535,30.64590107703916,30.9653263092041,7499089
2007-08-14,31.18139928964305,31.294136001612827,30.617709030441176,31.002897262573242,8672962
2007-08-16,30.43921338735427,30.627110179828946,29.18970340204256,29.612470626831055,18496721
2007-08-17,29.687629779798176,29.96947386457033,28.63541126781728,28.851490020751953,24933901
2007-08-20,29.8755141685192,29.8755141685192,29.311824000048993,29.368194580078125,17279773
2007-08-21,29.68763342592092,29.68763342592092,28.51328106754225,28.59783363342285,18965123
2007-08-22,29.105148503742505,30.17615865348997,28.842093888550767,29.734601974487305,30585059
2007-08-23,30.0822100498114,30.815005495538156,29.9600763589646,30.138578414916992,17675920
2007-08-24,29.65004300992732,30.72105292801986,29.65004300992732,30.373443603515625,6279509
2007-08-27,30.721062534796403,31.096853921394118,30.458005661124165,31.021696090698242,7627390
2007-08-28,31.021692535571006,31.979963699597622,29.51852046209065,31.46324920654297,21260634
2007-08-29,30.627107442283297,31.923593184668363,30.627107442283297,31.669933319091797,14477087
2007-08-30,31.566588254579504,32.49667514818958,31.566588254579504,32.24301528930664,44287888
2007-08-31,32.41212006556016,32.41212006556016,31.92358983984935,32.09269714355469,11628269
2007-09-03,32.06451658927053,32.806709022675406,31.942385127091775,32.65639114379883,11733094
2007-09-04,32.82550537506575,32.82550537506575,32.00815494705553,32.4591064453125,8370135
2007-09-05,32.496684631483234,32.60002889044144,32.03633841377848,32.327579498291016,6649597
2007-09-06,31.989353826096306,33.21067942485826,31.989353826096306,32.872467041015625,7321675
2007-09-07,32.975808553678405,33.97166070419337,32.91004546976818,33.4079704284668,20574910
2007-09-10,33.06976194802608,34.76082850832541,32.928838804201966,34.70446014404297,25011718
2007-09-11,34.770218242094046,35.51240829790875,34.319266926362985,34.544742584228516,21150964
2007-09-12,34.61990915014725,34.94872685632532,33.55829374296313,33.80255889892578,9122129
2007-09-13,33.915297451425445,34.08440479404362,33.436161841605795,33.633453369140625,11702079
2007-09-14,33.877713728359105,34.69506390737047,33.76497700469844,33.999847412109375,15186978
2007-09-17,34.10319148614803,34.57293232958354,33.69921596863848,33.98106002807617,8832029
2007-09-18,33.821346828199204,34.1783509347892,33.671031190155404,33.86832046508789,5887468
2007-09-19,33.915286556239934,35.568776071784434,33.915286556239934,35.20237731933594,26689445
2007-09-20,35.324519925336354,36.63979296420371,35.136623138893,36.47068786621094,29048562
2007-09-21,36.451895044066035,36.451895044066035,35.17419880075776,35.869415283203125,18907710
2007-09-24,35.32451241362708,36.245204461609354,35.11782621580274,35.25874710083008,12865861
2007-09-25,34.87357136621513,35.70031416741181,34.80780603408674,35.16481018066406,14943860
2007-09-26,35.32452395766582,35.587578595467235,34.525963082404566,34.6762809753418,10803019
2007-09-27,34.92993141145002,35.57817421797139,34.43200645709987,34.84537887573242,36327948
2007-09-28,34.90175155559257,36.282789875399764,34.57293163195201,35.6627311706543,16954115
2007-10-01,35.84122901958673,36.245206714678936,34.666877072437764,34.929931640625,19580863
2007-10-03,34.94872972960012,35.860027333760144,34.601122539240436,35.21178436279297,24788944
2007-10-04,35.324514377700886,35.324514377700886,33.924686776558865,34.84537887573242,18680413
2007-10-05,34.8453822007202,35.09904206519522,33.407973324537835,33.58647537231445,11670587
2007-10-08,33.82134902582246,34.00924581870424,32.72215468561444,33.47373962402344,11843590
2007-10-09,32.881864858037396,35.324518518267524,32.881864858037396,34.74203872680664,17489667
2007-10-10,33.7086132406032,35.11783587728179,33.7086132406032,34.59172439575195,10207200
2007-10-11,33.868323489951635,35.70031335717389,33.868323489951635,35.615760803222656,16242311
2007-10-12,35.51241190015742,35.70030867295786,34.638695591279884,34.83598709106445,16104485
2007-10-15,34.87357136621513,35.40907535296288,34.29109150419903,35.16481018066406,17112593
2007-10-16,35.13662223679527,35.625152529134624,34.478984617686756,34.97690963745117,11921662
2007-10-17,33.539495718130034,34.911139025438494,31.989350395077594,34.666873931884766,14906227
2007-10-18,34.7608283404793,35.65333636978044,33.86832031117816,34.432010650634766,18728227
2007-10-19,34.1783509825311,34.1783509825311,32.7879179299758,33.09794616699219,12425261
2007-10-22,33.050975937427644,33.783771448816275,32.43091716635193,33.32342529296875,9740614
2007-10-23,33.44555823223819,35.02388595934427,33.44555823223819,34.81719970703125,19204493
2007-10-24,34.94872594859556,35.39967733760136,34.19714104462523,34.629302978515625,9013905
2007-10-25,34.460198601215424,34.57293534156487,33.943484075044,34.366249084472656,15911472
2007-10-26,34.66688122466753,35.83183858509692,33.53010804637135,33.86832046508789,27710712
2007-10-29,34.328668758930526,34.760830712063104,34.103193054388235,34.309879302978516,19204578
2007-10-30,34.33805664018219,34.38503027069607,33.44555096106539,33.73678970336914,11298950
2007-10-31,33.821340739233456,34.18773950723723,33.25765273181581,33.614654541015625,17458673
2007-11-01,33.4831344472277,33.95287528288008,32.07391194027055,32.26180648803711,17297117
2007-11-02,32.1302832382723,33.304635434628075,31.56659284415061,32.900657653808594,17883764
2007-11-05,32.69396342884134,32.90064963298629,31.970562830892877,32.16785430908203,18937436
2007-11-06,32.693973002665146,32.8630803525069,32.0081511077096,32.64699935913086,14293074
2007-11-07,32.69396230278521,33.05096634304432,31.90479865032687,32.07390594482422,11638413
2007-11-08,32.13028117802978,32.224228454466925,31.00290269519382,31.979963302612305,5374902
2007-11-12,31.378692990331185,33.89650447939682,31.012296391295493,33.59587097167969,18602958
2007-11-13,33.40797685701774,33.86832299920719,31.998754246207348,33.436161041259766,17619884
2007-11-14,34.25350506139432,34.63869330859549,33.7273959187179,34.32866287231445,15089994
2007-11-15,33.85891984762165,35.86941125477483,33.85891984762165,35.596961975097656,31081713
2007-11-16,35.70031834608176,39.08245447353745,35.13663010806506,38.53755569458008,51974745
2007-11-19,39.40186679340281,39.721287492425944,36.855869130246454,37.35379409790039,37835267
2007-11-20,36.827683983816065,38.424805301933,36.57402414342934,36.9498176574707,22794875
2007-11-21,37.10953111928434,37.86111597736822,34.25350731869487,34.83598709106445,23015237
2007-11-22,34.83598790591153,35.30572873234138,33.8495303839145,34.77961730957031,15683557
2007-11-23,35.66273429410295,35.66273429410295,34.07500960032293,34.695068359375,11691000
2007-11-26,34.94872734673129,36.038526952612784,34.87356952326295,35.268150329589844,10960540
2007-11-27,35.268141049564036,35.51240614468133,34.648084702868026,34.93932342529297,8163101
2007-11-28,35.362100834757136,36.35795095614141,34.78901571536859,35.15541458129883,14071079
2007-11-29,35.51241035078811,36.113679550893195,34.4320078622787,34.90174865722656,26070472
2007-11-30,35.099050464125206,35.70031760782682,34.845390538951335,35.390289306640625,12366892
2007-12-03,35.869418496566574,36.33915934481094,35.362098737761556,36.01034164428711,7645498
2007-12-04,36.151257757057756,36.41431232915991,35.7942559210326,36.12307357788086,7419300
2007-12-05,36.264004575871475,36.45190137760728,35.35270698560334,36.20763397216797,13655843
2007-12-06,36.20763488992223,37.00619575926094,35.93518552540276,36.28279495239258,9915676
2007-12-07,36.28278612418427,36.583419601561616,34.704456459997154,35.352699279785156,15943471
2007-12-10,35.925793575432316,36.057322020089835,34.82659907054936,35.08026123046875,7774487
2007-12-11,37.165905817270406,37.165905817270406,34.779620335569085,35.23057174682617,8942892
2007-12-12,35.04267126801367,35.80365080856821,34.64808829152564,35.62514877319336,23578349
2007-12-13,35.8882069293447,38.049016556198886,35.8882069293447,36.89345169067383,28327502
2007-12-14,37.2974277192763,38.31206716133256,36.69616072884218,37.71080017089844,31128091
2007-12-17,37.74838137367371,38.89455152881858,35.747286548721135,36.357948303222656,23352226
2007-12-18,37.5792637518406,39.458226492809175,36.085486943575525,37.11891555786133,12848003
2007-12-19,37.776570969064444,38.42481392129513,36.35795136355169,37.522911071777344,15144666
2007-12-20,37.579276111017684,37.936275754874494,36.743136433723116,36.92163848876953,11253086
2007-12-24,38.29327005145127,38.29327005145127,36.31096519836534,37.212867736816406,17646387
2007-12-26,37.410165526003006,37.73898542505455,37.08134562695146,37.55108642578125,10952833
2007-12-27,37.5980682467454,38.706655099711114,37.58867128548746,38.24631118774414,41356752
2007-12-28,37.579273369531066,38.9415199188802,37.4289555078604,38.809993743896484,23129016
2007-12-31,38.80999410589078,39.81524104680326,38.80999410589078,39.35489273071289,15416808
2008-01-01,39.83403118207815,41.49691349872957,39.47702708859154,40.88624954223633,35905649
2008-01-02,41.318414625930906,42.72763718782753,40.26619618494477,41.543888092041016,56548547
2008-01-03,41.33720227404495,41.525096820921355,39.84342499455169,40.294376373291016,45046995
2008-01-04,40.39771335618404,41.37477375704017,40.050106273736894,41.21506118774414,37048319
2008-01-07,39.7776580457814,44.155640513798645,39.7776580457814,43.460426330566406,52332637
2008-01-08,43.93017403003043,44.98239243008027,42.1075790516034,43.40406036376953,53012263
2008-01-09,43.122218922087505,44.05230364115706,42.483368521528035,42.849769592285156,29810430
2008-01-10,43.02827317798964,43.21616773411099,40.989597146010205,41.299625396728516,19361009
2008-01-11,41.33720196580291,42.33305198929394,40.28498357866929,41.421756744384766,16725883
2008-01-14,41.8821034981129,42.464581095434404,41.00838710213063,42.1827392578125,15384550
2008-01-15,42.295467504908814,42.63368210841765,40.3507391175272,40.65137481689453,10450639
2008-01-16,40.39771352670844,40.66076584623039,37.79534994428717,39.26094055175781,27547611
2008-01-17,39.08245174144312,41.70360566128807,39.08245174144312,40.91444396972656,17712169
2008-01-18,40.91444098762285,41.337205989208556,39.0824488928666,39.9561653137207,27550409
2008-01-21,40.02192804550188,40.209827063301155,35.70031093030538,37.926883697509766,37610322
2008-01-22,35.68152445392558,37.579279681205335,31.75449003540994,34.366249084472656,41092317
2008-01-23,35.51241606107491,37.57927857093196,33.63345257915194,36.611610412597656,37927743
2008-01-24,37.015587935812,37.95507190352939,33.85892805701237,35.23057174682617,19640765
2008-01-25,36.451891415842155,37.767164202311605,35.756672769477234,37.288028717041016,16931664
2008-01-28,35.700308460332224,37.579273944027925,35.700308460332224,36.87466049194336,17161765
2008-01-29,37.335015242882406,38.67847713724551,37.203489035361564,37.80475616455078,15839562
2008-01-30,39.36429162294868,39.36429162294868,35.531204907944044,37.4571418762207,16179168
2008-01-31,37.76716769110364,37.76716769110364,35.98215174721619,36.743133544921875,29537004
2008-02-01,36.12306710003488,38.96969771695448,36.12306710003488,38.54692840576172,11614006
2008-02-04,39.08244142437358,39.81523901548876,37.88930000688982,38.48117446899414,11908347
2008-02-05,38.89455333030606,39.08244788924434,37.83293790671413,38.697261810302734,11151130
2008-02-06,37.767175426380845,38.14296903883614,36.90285369072292,37.579280853271484,10445162
2008-02-07,37.579273045465825,37.81414344617205,35.74728347333378,36.09489059448242,15374321
2008-02-08,36.264005594295426,37.532305133673596,35.91639616635433,37.203487396240234,18259769
2008-02-11,37.20348062224351,37.54169525990789,33.63344863838878,34.83598709106445,16119197
2008-02-12,34.74203639474653,35.268145554022055,34.21592723547099,34.86417007446289,9851748
2008-02-13,35.41846441936912,37.156506766024336,35.13662037840603,36.87466049194336,17056096
2008-02-14,37.59806709880546,38.330860337570414,36.84647993809843,37.4383544921875,13086154
2008-02-15,36.62099792668448,38.32146124001901,36.62099792668448,38.11477279663086,22661816
2008-02-18,38.16175869583684,39.73069402133782,37.36320005658855,39.4206657409668,23135752
2008-02-19,38.894545920548886,40.021921991875914,38.00203577003254,38.593910217285156,16771027
2008-02-20,38.59391782827367,38.61270728429335,37.40077620543318,37.945674896240234,10313649
2008-02-21,38.34026280581349,38.518764893777714,37.29743669875382,37.832942962646484,9171529
2008-02-22,37.39137748611418,37.93627388563861,37.39137748611418,37.60745620727539,4815246
2008-02-25,37.936276191969895,38.49996877913166,37.60745849361624,37.926883697509766,8599305
2008-02-26,37.9550745953611,38.274495370737974,37.65443881112273,37.85173034667969,8578431
2008-02-27,38.1429657568982,38.29328140245206,37.10953452812487,38.02083206176758,17818586
2008-02-28,37.20348233330531,38.27449019122518,37.20348233330531,38.00204086303711,19442957
2008-02-29,37.95507054513747,38.89455224611316,37.54169806075983,38.09598922729492,32564155
2008-03-03,37.25985988841641,37.25985988841641,35.578187634283275,36.1794548034668,73383791
2008-03-04,36.26400017994419,36.527054777239506,34.215929532216016,34.74203872680664,42104459
2008-03-05,34.554143528308074,36.79950578498709,34.19714164176349,36.555240631103516,27080050
2008-03-07,36.28279666370555,36.63979860308442,35.1366285464352,35.84123992919922,30010516
2008-03-10,35.13662533695811,36.59282161503373,35.00509690828424,35.88821029663086,17653510
2008-03-11,35.042671110295345,36.63978799569286,35.042671110295345,36.12307357788086,27209731
2008-03-12,36.47068904557206,37.20348452659146,35.65333877970395,35.79426193237305,15054773
2008-03-13,35.324528623172974,35.70032005547145,34.15017621014286,34.87357711791992,16130653
2008-03-14,35.44664463637018,36.26399472019352,34.94871969862113,36.01972961425781,19340739
2008-03-17,35.52180731048015,35.963361692587476,34.338058363418455,34.90174865722656,21605125
2008-03-18,35.0990472168896,35.700314304964174,33.88711384603774,34.39443588256836,16098859
2008-03-19,35.32452541966328,35.64394844311695,34.65749295225502,35.192996978759766,17036592
2008-03-24,36.949816670073645,36.949816670073645,34.77021791986673,35.916385650634766,14055897
2008-03-25,37.57927895463879,38.51876070519294,35.700313220412305,35.991554260253906,21366248
2008-03-26,35.89759867009767,36.92163503409169,35.71909663175331,36.69615936279297,15413048
2008-03-27,36.790112685014535,37.95507237276271,36.2640034430831,37.59806823730469,18902152
2008-03-28,37.5792746872427,39.08244442418637,37.5792746872427,38.80059814453125,15352678
2008-03-31,38.89455092069091,39.608554666658314,38.152356293274885,38.75362777709961,13151983
2008-04-01,39.082445961939726,39.974951772238086,38.65968099205862,39.57097625732422,11668011
2008-04-02,40.02192875903986,40.73593700018202,38.33085989987717,39.08244705200195,13263696
2008-04-03,39.101235145667644,39.552186527989456,38.753627998066825,39.09184265136719,12911531
2008-04-04,38.546939684761526,39.054259433649,37.42895818496498,37.692012786865234,16549079
2008-04-07,38.481176866562826,40.29437480518301,37.69201086792144,39.52399826049805,24215498
2008-04-08,39.646138764564434,39.646138764564434,38.753632848744914,39.185794830322266,20961707
2008-04-09,38.706654453949696,39.157605863371636,38.25570304452776,38.96971130371094,7388313
2008-04-10,38.763019619061424,39.41126249568429,38.45299138811916,38.82878494262695,13293197
2008-04-11,38.8945513574108,39.14821123222891,38.16175368224957,38.34025573730469,11948428
2008-04-15,38.236903448149754,39.364283905841866,37.96445417577705,39.06364822387695,16351775
2008-04-16,39.43944724071781,39.58976286966282,38.93212752679269,39.45823669433594,11952139
2008-04-17,39.66492086666022,40.00313549957855,38.53754471191341,39.73068618774414,9619488
2008-04-21,39.89040223591822,40.39772199616336,38.97910248664506,39.120025634765625,7846696
2008-04-22,39.04486397251603,40.397718022165705,38.71604630340519,40.07829284667969,9820948
2008-04-23,40.2098257792523,40.58561487037837,39.71189853415635,39.815242767333984,8966446
2008-04-24,39.664918216557226,40.38831883520546,39.22336385088276,39.44883728027344,14937501
2008-04-25,40.191041716895725,40.191041716895725,39.307928203659216,40.00314712524414,7794009
2008-04-28,40.2098288622389,40.58561798217765,39.50521309676305,39.758872985839844,10015152
2008-04-29,40.012536805113854,40.397727390240505,39.608561228381404,39.89040756225586,10973280
2008-04-30,39.55218617682953,41.48751787279252,39.55218617682953,41.31841278076172,23595740
2008-05-02,41.731786074738295,42.220316372054356,41.064753721409595,41.51570510864258,10142649
2008-05-05,41.31841772365612,41.97605318201768,40.96141357598031,41.47813034057617,8353056
2008-05-06,41.149313904244494,42.58672319146221,41.149313904244494,42.24850845336914,17286814
2008-05-07,42.38942417458817,43.15980081296273,42.00423808851905,42.58671569824219,15557677
2008-05-08,42.558525923976475,42.558525923976475,40.115870264166226,40.3977165222168,19724315
2008-05-09,40.39772212033435,41.33720382237765,40.07829691244406,41.064754486083984,18173596
2008-05-12,40.820484272896806,42.27668259671508,40.36014041456824,42.051204681396484,11242054
2008-05-13,42.276687672599955,43.028274858918984,41.41236374820398,42.34245300292969,12503196
2008-05-14,41.900890036848935,42.887347565439846,41.80694276418217,42.52094650268555,10964307
2008-05-15,42.67127251380202,42.84037762801789,42.10758433351259,42.50216293334961,10397207
2008-05-16,42.502158898735466,42.840373561297945,41.90089186125249,42.671268463134766,7619689
2008-05-20,42.46458539439505,42.784010642273564,41.99484448456744,42.4176139831543,8410120
2008-05-21,42.08878349380091,43.667110865012546,42.01362121935102,42.87794494628906,14572310
2008-05-22,42.6524845584166,43.40406733651944,41.33720911394075,41.97605514526367,18902797
2008-05-23,41.97605098959095,42.445791854239154,39.67432253930926,40.134666442871094,18286195
2008-05-26,39.80585465524186,39.80585465524186,37.870522540800636,38.61271286010742,28507751
2008-05-27,38.80059331974159,40.491661854919045,38.706646060284015,39.28912353515625,31189078
2008-05-28,39.66491850418042,41.94786155761027,39.66491850418042,41.70359420776367,30945626
2008-05-29,41.7035976466267,42.07939119555939,40.06890173818786,40.57622146606445,16404359
2008-05-30,40.773520803514494,41.412366833109374,40.416516640107055,40.91444396972656,12730416
2008-06-02,41.18688208925141,42.08878474715431,40.688954895649324,41.32780075073242,19297897
2008-06-03,40.961408675794075,41.50630732746261,40.238007971641714,41.31841278076172,14049731
2008-06-04,42.10757721134342,42.10757721134342,40.02192549093679,40.54803466796875,9194080
2008-06-05,40.980200808792155,42.041816232625685,40.02192962551633,41.80694580078125,11787140
2008-06-06,42.088787104553305,42.27668164120897,39.71189665156279,40.10647964477539,13970351
2008-06-09,39.34550626446766,40.097088995615934,38.51876124059178,38.9603157043457,13368513
2008-06-10,39.082448830648,39.082448830648,37.23166951558001,37.87051773071289,24025968
2008-06-11,37.95507017172159,38.21812254431455,36.60221376656009,37.48532485961914,37983261
2008-06-12,36.85587540864367,38.06780872480258,36.67737557584095,37.569881439208984,19752177
2008-06-13,37.57926824541271,37.84232055951166,36.57402145094687,37.231658935546875,14093181
2008-06-16,37.56049081899071,37.97386333971803,37.10953715110051,37.861122131347656,14814808
2008-06-17,37.95507097832546,38.499969656512604,37.76717195624412,38.18994140625,5815985
2008-06-18,38.51875974619324,38.9415247369225,38.04901888261128,38.697261810302734,11634656
2008-06-19,38.14296202333243,38.781807920640105,37.776565440040955,38.669071197509766,9470895
2008-06-20,38.68785536287677,38.68785536287677,36.54583781814537,37.27863311767578,13876791
2008-06-23,37.015584059842226,38.37783287899119,36.273393924523816,36.71495056152344,17957726
2008-06-24,37.54169350280976,37.54169350280976,35.1366189431432,35.98215103149414,27079401
2008-06-25,35.888208581676345,35.888208581676345,34.30987867860293,35.03327941894531,19094228
2008-06-26,35.700309113581675,36.26399943894023,34.96751370042167,36.02912902832031,21196560
2008-06-27,35.681516834604125,35.681516834604125,34.309873387873004,34.51655960083008,13860818
2008-06-30,34.52596710866605,35.84124268417292,34.009252501544985,35.286949157714844,12281666
2008-07-01,35.06145802281953,35.70030383744601,33.46433902001816,34.38502883911133,9094239
2008-07-02,34.385036488868224,34.93933212852361,33.16371070905497,33.80255889892578,25272666
2008-07-03,33.59587399113303,33.99985176891939,31.585382063495015,31.81085777282715,18257631
2008-07-04,32.13027540525889,33.42676098586325,31.472637889000925,32.16785430908203,17681141
2008-07-07,32.50606491241162,33.80255042265203,32.50606491241162,33.417362213134766,10382729
2008-07-08,32.872472243562136,33.11673740197304,31.67933063519525,32.28059768676758,13942429
2008-07-09,32.60001643083688,35.01448335202189,32.5718322527434,34.544742584228516,14650731
2008-07-10,34.34745430130152,34.544745799436214,33.445553819013845,33.6616325378418,8727148
2008-07-11,33.80255062189857,34.197133559187584,32.38393367249943,32.797306060791016,6891777
2008-07-14,32.97582040504986,33.61466872055895,31.444466073500127,31.679336547851562,16525943
2008-07-15,31.510230916568894,31.510230916568894,29.875532235722062,30.147981643676758,17421256
2008-07-16,30.731420559777572,32.375171847063974,30.116214531102237,31.21204948425293,25352723
2008-07-17,31.91376499685494,32.66354577672032,31.260109079198305,32.15407943725586,15801275
2008-07-18,32.31749461877942,34.39381239373063,31.731128336644474,33.88434600830078,15579598
2008-07-21,33.884341168347184,35.65305681895984,33.2595227422279,34.45148468017578,19469205
2008-07-22,34.44187349589785,36.57586839564844,34.095821689241575,36.498966217041016,25670645
2008-07-23,37.364100905787645,38.39264845682879,36.13369112428353,36.83540725708008,33116743
2008-07-24,36.83540276188903,37.835112729436325,36.06639702790412,36.62392807006836,11448010
2008-07-25,36.508570967697366,36.91229989398003,35.69150291533156,36.364383697509766,11070936
2008-07-28,36.345169113585946,37.200687349128124,36.143304592762924,36.65277099609375,11460354
2008-07-29,36.335552717356755,36.700831792974036,35.422359598072056,36.450904846191406,10634175
2008-07-30,36.14329478713671,36.87385048794357,35.56653884341841,36.20096969604492,12276572
2008-07-31,36.72006114422381,36.89308821566206,34.028539330746675,35.91260528564453,61055177
2008-08-01,35.960663391922715,36.152915416472624,35.09553042388773,35.97027587890625,18818540
2008-08-04,35.97027367464116,36.50857748249017,35.75879668908354,36.10485076904297,7241272
2008-08-05,36.33555114875066,36.77773010124934,35.941436914037695,36.556640625,15146744
2008-08-06,36.91230441518656,37.65247268077855,36.22019857887737,36.508575439453125,26788469
2008-08-07,36.52780315581583,37.43138603374229,36.14330140778355,36.90269470214844,27180089
2008-08-08,36.72005846138444,37.08533755385724,36.39323160355038,36.54703140258789,14810876
2008-08-11,36.912306209175284,37.48905995835781,36.66237927987898,37.258358001708984,4862465
2008-08-12,37.344869970215676,38.113875675291915,37.15261797272688,37.623634338378906,12624450
2008-08-13,37.296812972259794,38.03698132820872,37.296812972259794,37.47945022583008,6956995
2008-08-14,37.20067746716032,37.52750652258055,36.47973424709155,36.74888610839844,4127846
2008-08-18,36.74889421610802,37.31603780334367,34.91289092137575,36.03756332397461,13931662
2008-08-19,35.56654844658984,35.951052512887,34.9994071194369,35.27817153930664,8995492
2008-08-20,35.547320226333575,35.883759539967556,35.02824138363924,35.18204116821289,15400367
2008-08-21,35.22050043591108,35.45120244374245,34.68219422771814,35.03786087036133,6729121
2008-08-22,35.17242978191793,35.37429199237194,34.5668362959187,35.02824020385742,3951176
2008-08-25,35.75880162492609,35.95105366423161,34.98979575258344,35.36468505859375,2159862
2008-08-26,35.18204602572335,35.624225037181574,35.04747119564095,35.547325134277344,7958793
2008-08-27,35.56654958562057,35.73957664948348,35.19166027961026,35.36468505859375,5543188
2008-08-28,35.27817153930664,35.547323471762915,34.84560503594217,35.27817153930664,15638314
2008-08-29,35.5665431751152,36.51818842751775,35.39351614243864,36.27787399291992,9425676
2008-09-01,36.14330140778355,37.09494671860415,35.51848292552226,36.90269470214844,7476047
2008-09-02,37.104570088384264,37.873576094886374,36.79696585787957,37.373722076416016,11907125
2008-09-04,37.24873914262978,37.55634322212072,36.2105816577643,36.364383697509766,7305680
2008-09-05,35.03785139412571,36.75850235660264,35.03785139412571,36.508575439453125,5039670
2008-09-08,36.72005048951153,40.37283148170825,36.35477376121917,37.777435302734375,18987724
2008-09-09,37.71015600836731,37.71015600836731,37.21030206255996,37.412166595458984,7324479
2008-09-10,37.29680647817205,37.6813081773028,37.07571703009835,37.4986686706543,7487428
2008-09-11,37.29680401647913,37.29680401647913,36.33554411990093,36.84501266479492,8114985
2008-09-12,37.296811265973275,37.56596317537956,36.345165954021454,36.79695510864258,15167848
2008-09-15,36.33555114875066,36.71044269518015,35.009016576133774,36.556640625,13876162
2008-09-16,35.73958288454915,37.56597414926149,35.18205164480927,37.373722076416016,13872345
2008-09-17,35.768409139133546,37.460222736996414,35.29739273652449,35.51848220825195,13727881
2008-09-18,35.54731966618137,36.12407570388147,34.02853310817473,35.69150924682617,25958082
2008-09-19,36.16252262979742,37.008428215625855,35.78763112235237,36.72966384887695,26288338
2008-09-22,37.00843810041879,38.43110234065374,36.633548777721344,37.48906707763672,32965649
2008-09-23,37.200678723916475,37.37370574234442,36.81617474627188,37.248741149902344,8874756
2008-09-24,37.29681287703951,37.52751485005013,36.95075877508395,37.10456085205078,12708395
2008-09-25,36.931534266483105,38.094656633199335,35.86453677103298,36.152915954589844,27492447
2008-09-26,36.14329452714221,37.33525406039794,35.31661169922296,36.97958755493164,14576828
2008-09-29,36.902691901725625,37.48905810829507,35.97027163482096,36.7873420715332,27085224
2008-09-30,36.047176311317855,36.989209189242764,35.56654738522879,36.152915954589844,24819337
2008-10-01,36.52780804878482,37.39294109628217,36.249043615778625,36.98921203613281,24101068
2008-10-03,36.50857920744191,38.25807009292949,36.3451669310149,36.61431884765625,37750176
2008-10-06,37.46983390492948,37.46983390492948,34.24000888988613,34.60528564453125,25491988
2008-10-07,34.71102332418294,35.172427198227936,32.36555172705511,33.54790115356445,54923905
2008-10-08,33.02882455382629,33.43255356950175,30.64490497676214,31.875314712524414,34954129
2008-10-10,31.433134332025915,33.45177460287153,29.510616633054422,31.404296875,46294507
2008-10-13,32.29827008149395,33.24030296839119,31.54848922383929,32.692386627197266,34004238
2008-10-14,33.43255667679492,33.43255667679492,32.029119763179146,32.48091125488281,15804241
2008-10-15,32.202141993268306,32.202141993268306,30.471878472646033,30.885217666625977,29916966
2008-10-16,29.606739878664172,31.70228204403372,29.251073385723014,31.08707618713379,33950857
2008-10-17,31.529267182978344,32.10602103948963,30.202730114171064,30.548784255981445,18525910
2008-10-20,30.76025809681633,32.471296797977,30.76025809681633,31.759965896606445,15683283
2008-10-21,32.106017525219556,32.85580065544556,31.01979734788056,32.50974655151367,24430555
2008-10-22,32.29826523303315,34.22078295198043,31.913763517146858,32.84618377685547,28117873
2008-10-23,32.10600884583605,33.83627432798534,31.529255208372046,32.42322540283203,15979219
2008-10-24,31.72151923010861,33.0288290378113,29.029997424923415,30.548784255981445,30054451
2008-10-27,30.18350230952201,30.3757543386368,25.386825493260584,28.645490646362305,29081955
2008-10-29,30.471875664931865,31.048629357036837,28.155243841381782,29.4337158203125,38837371
2008-10-31,30.000860202377822,32.85579586128026,29.029990011428154,29.82783317565918,40986800
2008-11-03,30.30846032795989,31.029403566482937,29.66441697038475,30.7218017578125,16048633
2008-11-04,30.529550830748985,33.24029686196436,29.991244790783725,32.82695770263672,13505328
2008-11-05,33.64402916765659,33.83628118070681,31.932990592779962,32.64432144165039,18921035
2008-11-06,32.25981902049463,33.45177881885174,31.49081321491439,32.43284606933594,16400287
2008-11-07,31.99066771858527,33.77860859297726,31.99066771858527,33.576744079589844,15838256
2008-11-10,33.99969744422083,34.14388704216886,32.68277522713016,33.12495422363281,11076333
2008-11-11,33.019213513942724,33.80744660621944,32.87502620551111,33.17301559448242,12097488
2008-11-12,32.875025616095805,33.23068992206307,31.81764061549192,32.68277359008789,13241143
2008-11-14,33.06727880780835,33.83628465407013,31.769579300167226,32.59626007080078,14434930
2008-11-17,32.490521772213015,33.4613921106491,30.93328514981978,31.759965896606445,18592321
2008-11-18,31.337011583900203,32.0483424782395,30.568005767422946,30.894832611083984,17256235
2008-11-19,31.048637650756163,32.62510166709612,30.894835558834384,31.74074363708496,21314006
2008-11-20,31.33700968084741,32.04834053198857,30.827543329809416,31.654226303100586,11920061
2008-11-21,31.529262125595906,33.14417586362212,31.221660270455388,32.653934478759766,14617591
2008-11-24,32.68276983195174,33.2787485306785,32.21175345058939,33.09611129760742,12943681
2008-11-25,33.31719559729201,33.46138286421869,32.02910897014182,32.42322540283203,9939666
2008-11-26,32.49051679002793,33.336424666216054,32.40400441923189,33.14417266845703,22336358
2008-11-28,30.952504919752215,33.97085278585851,30.952504919752215,33.374874114990234,26051825
2008-12-01,33.24029721056868,34.02853016543905,31.538871273516452,31.769573211669922,19294361
2008-12-02,31.625388021370995,32.95192492060457,31.14475910742478,32.605873107910156,18120619
2008-12-03,32.6827730132715,32.87502503588637,31.654227776868908,32.43284606933594,14380112
2008-12-04,32.50012991155366,33.644027149965794,32.2309780233765,33.461387634277344,11237275
2008-12-05,33.57673900776294,33.83627840437735,32.25981476857227,32.557804107666016,7876718
2008-12-08,32.990374349659604,33.91318221551407,32.45207052287089,32.66354751586914,20927664
2008-12-10,32.80773977897285,33.605585437975186,32.58665255068205,32.750064849853516,17714979
2008-12-11,32.95192825348898,33.06728039264042,32.17330988251468,32.903865814208984,12966088
2008-12-12,32.49051679002793,33.451774493944114,31.913763081629792,33.14417266845703,14288438
2008-12-15,33.53829137972828,33.644028728843274,32.5962562995811,33.35565185546875,8744439
2008-12-16,33.12495217151721,34.26884954206018,33.03843750415628,33.942020416259766,12913678
2008-12-17,34.22078585518786,34.48993776460615,32.778896872431346,33.13456344604492,16166382
2008-12-18,33.259524418236005,35.12436501997253,33.259524418236005,34.614898681640625,15823099
2008-12-19,34.489935254965296,35.460805469496066,34.05736882010171,34.422645568847656,18684217
2008-12-22,34.6148975792086,34.960951641127615,33.85550433899602,34.595672607421875,9548746
2008-12-23,34.48993905204473,34.69180127798418,33.99008516091239,34.182334899902344,10232455
2008-12-24,33.87473176816497,34.02853383849505,32.97114888912416,33.13456344604492,27533616
2008-12-26,34.2207949719452,34.39381977667301,32.68278071353968,32.807743072509766,5564446
2008-12-29,32.778890336910095,33.24990665569968,32.682765490168826,32.91346740722656,6756678
2008-12-30,33.06727545028647,33.35565232774406,32.79812126078834,33.05766296386719,9907928
2008-12-31,33.22107092228548,33.25952086297341,32.875019171215285,33.00959396362305,8661363
2009-01-02,33.163397163567325,33.817053032610886,32.89424528452089,33.54790115356445,11031936
2009-01-05,33.64403648963836,33.970863383535985,32.951930462961386,33.24991989135742,10863286
2009-01-06,33.44216270674284,33.8747291395151,33.028821245660104,33.5286750793457,12253689
2009-01-07,33.25952627847739,33.644030317721445,31.14475863239342,32.3174934387207,19876612
2009-01-09,32.29826572514999,33.64402746345428,31.52925999678139,32.615482330322266,21393770
2009-01-12,32.875028638419344,32.875028638419344,31.16398750603789,31.74074363708496,18730495
2009-01-13,31.74074015884995,33.15378944048227,31.481200728027606,32.43284606933594,23057100
2009-01-14,33.067275411713524,33.35565228883472,32.25020492751118,32.81734848022461,14489371
2009-01-15,32.3751727608644,32.64432469198199,31.683066815899444,32.3943977355957,10787055
2009-01-16,32.60587914738213,33.20185801432447,32.596264373838245,33.01921844482422,11873287
2009-01-19,33.2595346323919,33.615201300758585,32.58665582202423,32.807743072509766,22487094
2009-01-20,32.49052864562902,33.05767236020946,32.106024509807696,32.807743072509766,11349481
2009-01-21,32.49051782156169,33.50945047169175,32.30787830364809,32.9230842590332,20322903
2009-01-22,32.923083189467356,33.20184755781668,32.60586887857039,32.798118591308594,8126656
2009-01-23,32.79811256365512,33.05765419791086,32.51934824653724,32.75966262817383,8633273
2009-01-27,33.14417641469826,33.35565340764825,32.62509756149338,32.83657455444336,17311476
2009-01-28,33.04805523253996,33.990090526699674,32.875030440134736,33.76900100708008,16053300
2009-01-29,33.93240956434195,34.182336521766516,33.13456625504033,33.73054504394531,23352930
2009-01-30,33.72092886210337,34.797538757973186,33.54790410775928,34.62451171875,12607601
2009-02-02,34.2400065965775,34.586058355952005,34.02852963284018,34.25923156738281,15580598
2009-02-03,34.22078392257391,35.47041853318552,34.19194417955143,34.77831268310547,13385617
2009-02-04,34.26884635281301,35.326228957589215,34.26884635281301,34.77831268310547,10395422
2009-02-05,34.79753824801374,35.3070045869855,34.528386349210486,34.8552131652832,4954080
2009-02-06,34.62450749071658,35.37428818928845,34.62450749071658,35.095523834228516,5338071
2009-02-09,35.20127160683388,35.355071405304365,34.54761560869628,35.21088409423828,5389882
2009-02-10,35.14358560969688,35.153200379576404,34.364967469999414,34.672569274902344,7371259
2009-02-11,34.45148805980709,34.855214784325746,34.28807350174051,34.64373779296875,4886392
2009-02-12,34.701405436046336,34.701405436046336,34.09581433382098,34.2784538269043,4666124
2009-02-13,34.56683943995582,34.749478979476734,33.92279595052904,34.4707145690918,6660249
2009-02-16,34.24962180551575,34.970567455656294,33.5767431591752,34.826377868652344,12038941
2009-02-17,34.77831646238107,34.98979346329281,34.48032707763787,34.711029052734375,9131582
2009-02-18,34.5764487368426,35.12436501997253,34.432259158970965,34.614898681640625,9827889
2009-02-19,34.6149073667218,34.9128967985528,34.46110526406081,34.807159423828125,10124610
2009-02-20,34.653350279626835,34.87443975764191,34.124658943673936,34.64373779296875,6588405
2009-02-24,34.41303792825607,34.88405437300294,34.2880755940755,34.72064208984375,7091075
2009-02-25,34.845604989507876,35.085919459403534,34.22078873870678,34.9705696105957,13155129
2009-02-26,34.893665912198735,36.51819220656334,34.67257642669921,35.383907318115234,11561394
2009-02-27,35.56654344662447,35.758795452746156,34.71102533245757,35.191654205322266,10919450
2009-03-02,34.81676480499387,35.009016822854136,34.16310885822063,34.40342330932617,7997915
2009-03-03,34.22078243784426,34.470709349123055,32.79811857033865,33.07688522338867,15849743
2009-03-04,33.25952690218339,33.64403094863794,33.10572711150495,33.39410400390625,5888147
2009-03-05,33.30758929249949,33.586353678489814,31.62538592055423,32.11562728881836,26551399
2009-03-06,31.558099957878085,32.000278915107394,30.904444008718272,31.63500213623047,18469666
2009-03-09,31.529257368733777,31.62538221993797,29.991243755315125,30.443035125732422,15255221
2009-03-12,30.79870667484919,32.15408100745461,30.587229682783715,31.115921020507812,19495379
2009-03-13,31.144754008139053,31.990661854927144,31.144754008139053,31.78879737854004,14753391
2009-03-16,31.9137613990252,32.85579408198613,31.54848239405395,32.70199203491211,13850745
2009-03-17,32.70199859498766,33.624806492790995,32.56742377607091,33.336429595947266,10887696
2009-03-18,33.46139129520205,34.028534875981286,32.42323357223958,32.605873107910156,8524420
2009-03-19,32.875022845578776,33.21146214908001,32.14446703621914,32.634708404541016,10311770
2009-03-20,32.49051886600239,32.913472831121,32.31749182847585,32.528968811035156,8908665
2009-03-23,32.682769470369685,33.74015205280945,32.682769470369685,33.5286750793457,7726929
2009-03-24,33.93240017010802,33.93240017010802,33.08649465796863,33.6344108581543,16617063
2009-03-25,33.64403427500324,34.92250887069514,33.59597183566433,34.172725677490234,19660107
2009-03-26,34.134270498307465,36.20097563727714,34.134270498307465,35.58576965332031,19424133
2009-03-27,35.66267511803808,36.297103848411595,34.70141496543714,35.81647491455078,23279270
2009-03-30,35.54731950679781,36.27787532337239,34.13427030535504,34.38419723510742,15170799
2009-03-31,34.35536099611027,35.85492491275613,34.288073589331795,35.5377082824707,17052369
2009-04-01,35.58576901944011,35.73957108390945,34.461096706790855,35.44158172607422,15015019
2009-04-02,35.85492989867808,36.50858365375177,35.210886346744225,35.62422561645508,20428875
2009-04-06,35.912595166058296,36.31632183914456,34.1438795672616,34.56683349609375,36134152
2009-04-08,34.38419857560167,37.07572227464039,34.124659149389664,36.498966217041016,30033512
2009-04-09,36.912305393636565,37.10455740074283,35.710733205321205,35.97988510131836,9622354
2009-04-13,36.335547701644714,36.52779969991142,35.77801896306231,35.951045989990234,10202172
2009-04-15,36.14330127809431,36.671992607791125,35.24933088995442,35.59538269042969,23733933
2009-04-16,35.67228233131882,37.26796869349825,35.30700329884754,36.85462951660156,16358732
2009-04-17,37.00843476123667,37.27758897488755,36.06640186809654,36.22981643676758,25784593
2009-04-20,36.508572957068694,36.5854728386924,35.02823652653955,35.50886535644531,15945867
2009-04-21,34.95134403845516,36.777735011796686,34.92250885974031,36.26826858520508,15484861
2009-04-22,35.83569507922074,36.87385499073543,35.83569507922074,36.62392807006836,14402083
2009-04-23,36.52780532836914,36.720057356259375,36.25865340327453,36.52780532836914,6603749
2009-04-24,36.700832331836935,36.893084359464616,36.05678883899196,36.633544921875,6564409
2009-04-27,36.681608516862845,37.34487700494488,36.210592062484515,37.200687408447266,15018141
2009-04-28,37.075720552461384,37.075720552461384,35.681896334105446,36.056785583496094,10883272
2009-04-29,36.17213884277364,36.652767741144544,35.653059998113726,36.31632614135742,16843959
2009-05-04,36.54702938291006,39.921044276150084,36.52780440909279,39.53654479980469,33674138
2009-05-05,39.41157444603755,39.41157444603755,37.729371202953445,38.02736282348633,19564986
2009-05-06,38.06581202792841,38.20038682244501,36.5374108674807,37.01803970336914,19443268
2009-05-07,37.479449518672176,37.633251593129756,36.46051677319867,36.61431884765625,13665093
2009-05-08,36.527801425794024,36.998817815606735,35.662670820036155,36.22019958496094,12727786
2009-05-11,36.518195493899746,36.527807981748545,35.6242249844437,36.13369369506836,9315869
2009-05-12,36.21058606593415,36.97959178852057,35.989496606519694,36.7873420715332,14272807
2009-05-13,36.78734695958395,37.14301126814781,35.93182646579853,36.152915954589844,10359232
2009-05-14,35.78764065491704,36.277882119925806,35.60500109533664,35.91260528564453,7454677
2009-05-15,35.98949920437743,36.43167815512449,35.643447403941856,35.768409729003906,12676131
2009-05-18,37.26796979813721,42.920168773840935,37.26796979813721,39.748016357421875,474695
2009-05-19,39.767244237442455,40.93036657052489,36.35477941786355,36.61431884765625,63091418
2009-05-20,36.527799734290106,37.0468785306835,35.58576699828768,35.845306396484375,24521937
2009-05-21,35.95104745416918,36.133686974204856,34.79753770246886,35.01862716674805,23642744
2009-05-22,35.01862561583242,35.47041701044259,34.65334659193864,35.29738998413086,22213048
2009-05-25,35.45119919690825,36.65277156829952,35.095532586839155,36.489356994628906,24640822
2009-05-26,36.81618158793079,36.91230874264494,35.08591793674779,35.383907318115234,19967224
2009-05-27,35.66267456470433,36.047176334899554,34.518777171493,35.39352035522461,50370956
2009-05-28,35.85492049260289,36.14329734241046,35.01862511479416,35.355064392089844,38838215
2009-05-29,35.52808864059645,36.239419366490544,35.00900989451566,35.30699920654297,33315732
2009-06-01,35.56655012262307,37.44100353561437,35.47042524395867,36.98921203613281,41658738
2009-06-02,37.48906761623934,38.03698630325294,36.27788266764434,36.95076370239258,30455808
2009-06-03,37.45060825084653,39.296226102071785,37.14300641808181,39.03668212890625,45211773
2009-06-04,39.027072312044744,40.37283405656463,38.08503954785662,38.950172424316406,38618810
2009-06-05,39.02707183834689,39.02707183834689,36.441288011197976,36.7873420715332,82110422
2009-06-08,39.01745619812003,39.01745619812003,34.701409020114426,35.29738998413086,48671448
2009-06-09,34.960947879403705,36.893075615108565,34.874433230793244,36.68159866333008,26840393
2009-06-10,36.720058427025215,37.9889204771735,36.720058427025215,37.5467414855957,41824288
2009-06-11,37.68131793829938,38.41187615413775,37.133401561300055,37.988922119140625,25150344
2009-06-12,38.21960973081332,39.02706759385906,37.58518116399592,37.806270599365234,23551082
2009-06-15,37.48906706782968,38.325362676107446,37.37371721006972,37.969696044921875,14022262
2009-06-16,37.39293791013949,38.96940178006585,37.3833254230921,38.20039367675781,19748158
2009-06-17,38.065815992419424,38.45032001512717,37.00843107241268,37.258358001708984,15713308
2009-06-18,37.296805258147586,37.681306944700815,36.92191377175744,37.17184066772461,14642182
2009-06-19,37.20067956075321,38.66179105286456,37.20067956075321,38.56566619873047,16988261
2009-06-22,39.353904224333114,39.50770401080945,38.54644620581567,39.06552505493164,22094066
2009-06-23,38.93093950468059,38.93093950468059,37.0853242969486,37.95045471191406,25689373
2009-06-24,38.06581180547605,38.71946537335168,37.181454021448175,38.209999084472656,23646741
2009-06-25,39.16164906765033,39.16164906765033,36.63354228377336,37.13339614868164,41635262
2009-06-26,37.489065923794506,38.06582204963227,36.78734974074298,37.815895080566406,17257895
2009-06-29,37.873562860727176,38.03697740827587,37.10455712293875,37.239131927490234,10808054
2009-06-30,37.392940503504946,37.546742591809256,36.374007666297345,36.6719970703125,14019582
2009-07-01,36.58547702349515,37.39293501241977,36.3355500947516,36.77772903442383,10652541
2009-07-02,37.07571897628071,37.20068129247211,36.364388167938884,36.85462951660156,19051729
2009-07-03,36.72005242967031,37.12378140558509,36.364388167938884,36.85462951660156,16664694
2009-07-06,37.00843428968939,39.027077157074324,35.98950151127718,38.00814437866211,52707551
2009-07-07,38.267683583765994,41.314871698162854,38.267683583765994,40.603538513183594,54865196
2009-07-08,40.468961978585874,41.04571574995042,39.79608334028697,40.26709747314453,21349891
2009-07-09,38.93095257703546,41.33409723367239,38.93095257703546,41.026493072509766,15467180
2009-07-10,41.21873622443288,41.314861070715025,39.91142460572358,40.48817825317383,16957112
2009-07-13,40.67274464704428,42.10226341462061,39.94819180712263,41.28959274291992,17835940
2009-07-14,41.51479535116999,41.857487221855685,40.741289114167856,41.59312438964844,12596513
2009-07-15,41.671455797912124,42.807236229809476,40.995860820588106,42.54287338256836,15124636
2009-07-16,42.6505767213356,43.35554739358779,42.17080902203166,42.56245422363281,10584906
2009-07-17,43.04222889142158,45.43128802304136,42.27851139787443,44.89276885986328,23229870
2009-07-20,45.431281609392855,45.627104193075404,43.668859737511326,44.14863204956055,14047616
2009-07-21,44.696952662296454,44.696952662296454,42.640796329571586,43.01285934448242,13383395
2009-07-22,43.80592947968508,43.89405195748103,42.12184152917983,42.68973159790039,13656267
2009-07-23,43.09117176270295,45.431277001108306,42.92472491079852,44.99066925048828,26471952
2009-07-24,45.23545198288826,45.96979361495633,43.73739766009267,45.47044372558594,18116881
2009-07-27,45.822943065319684,47.781188018057875,44.64799330086527,46.77268981933594,17139611
2009-07-28,46.606233181512614,48.035752213813815,46.067718670926894,47.19371032714844,22564580
2009-07-29,46.60622831435674,47.56576832275434,44.667566038397716,46.547481536865234,14912362
2009-07-30,46.214582083005126,48.339278314175395,45.45086926133018,47.526607513427734,32163126
2009-07-31,48.52530130675644,49.54358794524103,47.58534369358848,48.79945755004883,22874405
2009-08-03,49.54359574565259,49.54359574565259,48.02595900448743,48.593849182128906,7244257
2009-08-04,48.5938539631658,48.76030551188955,46.997883372642704,48.27074432373047,15198795
2009-08-05,48.46655752091656,48.52530429351994,46.89996295410646,47.732215881347656,12112517
2009-08-06,47.19371169408262,47.89867777270501,45.049428428837764,45.84252166748047,17266011
2009-08-07,45.92084759688499,46.204792700702235,44.47174635978639,44.961307525634766,15535205
2009-08-10,45.42148542017067,45.607519190819055,43.13034271018843,43.93321990966797,17893425
2009-08-11,43.296796588118916,44.393417132600185,42.72890638285611,44.19758987426758,16357047
2009-08-12,43.66885922564073,45.18650052278751,43.19888037562689,44.61861038208008,12990968
2009-08-13,45.098375828957096,47.36014747948155,45.06900477052728,46.87058639526367,10912514
2009-08-14,46.99787555369594,47.19370278919139,45.15712467533551,46.00896453857422,8558915
2009-08-17,45.62710904551894,45.803354044261546,42.99326941411422,43.58074188232422,14441545
2009-08-18,43.47303299538751,44.599024380566355,42.93451395974592,44.00175857543945,11740946
2009-08-19,43.23805250505451,44.06051680106548,42.69953798407839,43.639495849609375,18504055
2009-08-20,44.15841746866908,44.550067260716695,44.060506184328254,44.089881896972656,8327692
2009-08-21,44.43258383741998,45.03963859325216,43.11076490642735,44.834022521972656,11289731
2009-08-24,45.33338064408769,47.54619496249826,45.039642046968204,46.98809814453125,14778462
2009-08-25,46.41040335784497,47.77138193709402,45.754390727256805,47.095787048339844,12676364
2009-08-26,47.1937090417791,47.1937090417791,46.13625300124673,46.802059173583984,8742791
2009-08-27,45.09837893494028,47.438484430040525,45.09837893494028,46.978294372558594,15702307
2009-08-28,47.09579367162763,47.193709630912636,45.822937402460575,46.33208084106445,10431784
2009-08-31,46.185209921308456,46.312496940123246,44.77527322094528,45.225669860839844,14584616
2009-09-01,45.62711229284111,45.96980420246287,43.98218833384539,45.06901550292969,13056797
2009-09-02,44.69694421408634,45.66627307806403,44.256336376626855,44.657779693603516,9354038
2009-09-03,44.843816422295816,45.15713260662327,43.913647363360155,44.413002014160156,10038409
2009-09-04,44.64798703452402,46.18521078236118,43.991974322678324,45.67606735229492,10159236
2009-09-07,46.390820614652775,46.60622545222675,44.6675632953227,45.24524688720703,26175210
2009-09-08,45.43129666828548,46.018769268744485,44.647996764549355,44.77528381347656,17618924
2009-09-09,44.647978635974944,44.84380585973967,44.13883530168156,44.45215606689453,46700328
2009-09-10,44.745906212879035,45.37254797147056,44.354260932116844,44.85361099243164,14746269
2009-09-11,45.25505587814713,45.34317374187862,44.060523768411166,44.47175598144531,18633319
2009-09-14,43.903847172155686,44.81442907869859,43.55136190152957,43.84510040283203,10662682
2009-09-15,44.0605223168592,45.11797388428913,43.92344646859243,44.85361099243164,14240449
2009-09-16,45.43128066518138,45.538985411310655,44.912343847180864,45.24524688720703,17644640
2009-09-17,45.60751891831517,45.99916871446197,44.461945242826644,44.80464172363281,29308766
2009-09-18,44.64798005868241,44.84380728868716,44.305288224529654,44.43257522583008,16610172
2009-09-22,44.647989374780174,45.82293903591634,44.09968139479081,45.69565200805664,15651056
2009-09-23,46.01876143196947,46.371246794092784,44.80465190809034,45.137550354003906,12882604
2009-09-24,44.84381281073439,46.21458031614109,44.84381281073439,45.53899002075195,16581892
2009-09-25,45.41169463598966,46.24394751225577,45.37253012331955,46.01874923706055,9050765
2009-09-29,46.37124566041888,46.6062327929659,45.57815710604474,45.871891021728516,9251381
2009-09-30,45.82292799395933,45.911045822663844,45.34315571790103,45.63689422607422,16233998
2009-10-01,45.568361083324504,45.72501916287155,45.039635410168195,45.53899002075195,13084469
2009-10-05,45.48023577317259,46.95871259884801,45.03963262435639,46.713932037353516,24135139
2009-10-06,46.99787590410892,48.66238647215006,46.978293645881834,48.47635269165039,24200712
2009-10-07,48.85820858510557,49.445680980959835,47.80075734163099,47.96720886230469,13719437
2009-10-08,48.54488785997048,49.651297077210685,48.17282495678383,49.102989196777344,20233048
2009-10-09,49.289039537569316,49.289039537569316,47.87910251925878,48.887596130371094,6710032
2009-10-12,49.81775276253146,51.07103134734851,48.01616625144602,50.59125900268555,13752403
2009-10-14,50.48354888051524,51.26684849459552,50.25835059056849,50.659793853759766,8952124
2009-10-15,50.91437001494574,50.91437001494574,48.887585134248695,50.20940399169922,12758210
2009-10-16,50.32689880192951,50.4150213025289,48.95612658721288,49.42610549926758,7931598
2009-10-20,49.347781703814775,49.73943161462102,48.58406414500832,49.044254302978516,9965285
2009-10-21,49.44569186299515,49.44569186299515,47.34057771442849,47.72243881225586,8289109
2009-10-22,47.97700900556171,48.93654918567295,47.546194572176496,48.53511047363281,10850883
2009-10-23,49.11277208787995,51.1101805993009,48.95610940239741,50.95351791381836,24888981
2009-10-26,51.59976018362527,52.18723266538018,50.845836156858006,51.834747314453125,20406901
2009-10-27,51.30601578775244,51.97182189217554,50.15065321637814,51.031864166259766,15462214
2009-10-28,50.87520448104357,51.4039301516176,49.259651752207354,50.738128662109375,16959205
2009-10-29,49.83733635878589,51.65850517841148,49.67088481953448,50.77729415893555,22535188
2009-10-30,51.403943643986004,51.55081295873643,49.56319211640277,49.896095275878906,13911567
2009-11-03,49.416319245742166,50.88500283984997,47.60493908926083,48.672183990478516,13653077
2009-11-04,48.36866000396874,50.13108230257561,47.73222947087817,49.85692596435547,10790149
2009-11-05,49.73942563495965,50.11149323822999,48.17283083475604,49.37715148925781,12370989
2009-11-06,49.54358952995803,49.88628600870616,48.36864480325801,48.730918884277344,8516381
2009-11-09,49.54359795035131,50.904581331467014,48.75050942683342,50.728336334228516,11256000
2009-11-10,50.52273239322433,51.30602757498811,49.73943255677475,50.4150276184082,16352728
2009-11-11,49.94504280259953,50.79687813313852,49.94504280259953,50.297523498535156,13284309
2009-11-12,50.52272545317332,50.84583507855196,49.2009065789005,49.533809661865234,13097881
2009-11-13,50.091903868933045,50.277932989482544,49.34776876799708,49.83732986450195,11292875
2009-11-16,50.0331635570684,50.67938751321149,49.47506676205889,50.0527458190918,11858102
2009-11-17,50.03315754268966,50.18982027473025,49.38693831891273,49.8667106628418,10167440
2009-11-18,49.93524448783959,50.81645545133779,49.514223592413536,50.669586181640625,9760787
2009-11-19,50.718548105613635,50.95353523167843,49.9548306365327,50.258358001708984,11147604
2009-11-20,49.81773829585233,51.11018102475299,48.6330002913643,50.894771575927734,11136029
2009-11-23,51.26685820569309,52.87261759857174,50.91437284711985,52.637630462646484,23005925
2009-11-24,52.872610008753554,52.872610008753554,51.49204914665763,51.65850067138672,18020343
2009-11-25,51.697663724823926,52.774697222086616,51.37455414111357,52.657203674316406,10055448
2009-11-26,52.87262384260503,53.06845113368781,50.66959823705365,51.16895294189453,19218143
2009-11-27,50.63042634578676,51.110198717207034,49.36735888802014,50.189823150634766,13791425
2009-11-30,50.59125807765434,51.23747729060404,49.93524540769151,50.34647750854492,11778485
2009-12-01,50.52272767616054,50.89479064178485,50.04295529109062,50.53251647949219,12769260
2009-12-02,50.88499805646453,51.01228041842789,49.935246814931226,50.32689666748047,12378089
2009-12-03,50.34647076927882,50.86540755438842,49.93523872347201,50.02336120605469,9098641
2009-12-04,50.033154757256575,50.73812537547988,49.58275815524855,50.26814651489258,7962417
2009-12-07,50.346492025280895,50.66960172492009,49.778601685953056,49.896095275878906,6095907
2009-12-08,49.954835956733746,50.86542280392546,49.80797131464472,50.64022445678711,10561069
2009-12-09,50.52272692802327,50.689173819679354,50.04295455005778,50.23877716064453,8264272
2009-12-10,50.28773459266878,50.503139461967024,49.543599371177066,49.77859115600586,10935485
2009-12-11,50.09191008014544,50.09191008014544,49.01487181053834,49.49464416503906,10360868
2009-12-14,49.641509416618334,49.9254544923932,48.85820976674543,49.093196868896484,7892373
2009-12-15,49.34777127834204,49.68067433039933,48.76029886358808,49.24006652832031,7288389
2009-12-16,49.28902345608289,49.31839451612053,48.47635275654383,48.838626861572266,8073152
2009-12-17,49.05404192855903,49.230286944264854,48.56448071548393,48.809261322021484,9609303
2009-12-18,48.97569547097129,48.97569547097129,48.172818345906876,48.3686408996582,6242761
2009-12-21,48.36865389675728,48.41761187569254,47.693058922750716,47.93783950805664,8093512
2009-12-22,48.11407412161409,48.70155118010608,47.62451300932719,48.221778869628906,12646119
2009-12-23,48.36864784639785,49.915660207268246,47.87908673702445,49.66109085083008,16581347
2009-12-24,49.93524068370972,50.50313080557036,49.29881033329593,50.10169219970703,8946154
2009-12-29,49.80796814733274,50.41502290373387,49.798174689317214,50.17024230957031,6754915
2009-12-30,50.09190601709255,50.219188370082016,48.956121059308366,49.093196868896484,7720595
2009-12-31,49.2890294999432,49.72963269201197,48.926755350492414,49.112789154052734,15924775
2010-01-04,49.54358474934838,49.935234505351694,49.024652662758186,49.67087173461914,5360425
2010-01-05,49.896098504001515,50.27795502330857,49.48486625796936,50.16046142578125,11181903
2010-01-06,50.65981911222533,50.65981911222533,49.6611141664054,50.277957916259766,7819981
2010-01-07,50.32690055697547,50.62063913276013,49.68068127587166,50.12128448486328,5179515
2010-01-08,50.003786519048994,50.62063468113942,50.003786519048994,50.22898483276367,5069346
2010-01-11,50.42480600601334,50.81645584333201,50.131072119037974,50.248565673828125,7478605
2010-01-12,50.277936340833946,50.277936340833946,48.77988189229728,48.96591567993164,16111595
2010-01-13,48.760300811804484,49.29881527405996,48.36865096809191,48.75050735473633,12956554
2010-01-14,49.0540346056603,49.13236829799439,48.36865087154506,48.593849182128906,12799132
2010-01-15,48.96591848762852,49.582762008150766,48.388234832623084,49.49464416503906,8141766
2010-01-18,49.504426824891816,49.79816534464191,48.956118955418205,49.06382369995117,5859587
2010-01-19,49.23026571525103,49.23026571525103,48.623211189935745,48.936527252197266,6538089
2010-01-20,48.95613108202203,49.24986967453219,48.22178925543227,48.388240814208984,10834451
2010-01-21,48.46656564941129,48.98550254313383,47.487443299107426,47.879093170166016,12186636
2010-01-22,47.585356238042415,49.680681491052994,47.242664334599596,48.77988815307617,48040439
2010-01-25,48.95612558386544,50.18982194823158,48.47635787862425,49.954830169677734,16412584
2010-01-27,49.641501924831985,50.72832409028684,49.54358599236161,50.111480712890625,36918972
2010-01-28,50.2681443362204,50.32689110941208,48.672174039784,49.78837203979492,20358153
2010-01-29,49.64150529401738,50.27793097016529,48.779876681650194,48.98549270629883,16373877
2010-02-01,48.95612812527904,49.45548277145028,48.11408157833351,48.27074432373047,13103879
2010-02-02,48.965925637775946,48.965925637775946,47.59515326649052,47.85951614379883,11239764
2010-02-03,47.977001487764305,49.905875004417204,47.683262939083825,49.465267181396484,14423054
2010-02-04,49.34778538994081,49.886304639360816,48.877806392804494,49.61214828491211,12582297
2010-02-05,49.34777801466678,49.60234741211399,48.368655638191406,48.633018493652344,19333492
2010-02-08,48.56447975431675,48.60364427821278,47.13496066805504,48.04554748535156,24311965
2010-02-09,48.05534208844825,48.329498443492014,47.53640975685673,47.7616081237793,12546702
2010-02-10,47.9182662382694,48.17284032900191,47.409122711490475,47.7616081237793,8888707
2010-02-11,47.98679341948899,48.54489012768203,47.93783544470355,48.39802551269531,7220395
2010-02-15,48.66238766203353,48.9561215426222,47.99658155666306,48.828834533691406,6737602
2010-02-16,49.10298624761681,49.24985550160645,48.58404945810258,48.98549270629883,6358740
2010-02-17,49.054039899194485,49.48485430744007,48.84842382583443,49.29882049560547,8192982
2010-02-18,49.386924603255565,49.49462932886846,48.27072680271545,48.61341857910156,4161740
2010-02-19,48.819053572101765,49.03445845246117,48.13366509795085,48.66239547729492,6234950
2010-02-22,48.907174431881195,49.102997043799654,48.19241491635083,48.486148834228516,6770860
2010-02-23,48.48615166614161,48.946341813056144,48.13366628941557,48.809261322021484,7482652
2010-02-24,48.633020812737804,49.04425297521689,48.32949342011885,48.49594497680664,8872656
2010-02-25,48.740722884407845,48.85821645155892,48.114081216898114,48.486148834228516,14862815
2010-02-26,48.662396190398,49.42610906845836,44.80465331176392,45.48024368286133,72760964
2010-03-02,46.0383339571621,47.82033799775375,46.018751699779095,47.379730224609375,30199146
2010-03-03,47.48744700938628,48.221788829489604,46.674776139888294,47.72243881225586,13554364
2010-03-04,48.34906872021907,48.368650979675145,47.58535129206242,48.1826171875,13366880
2010-03-05,48.36865033944786,48.36865033944786,47.585350662203204,47.92804718017578,8612219
2010-03-08,48.12386751677262,49.337981494132706,48.07490954373247,49.20090103149414,23349746
2010-03-09,49.29882281588957,49.69047271951751,48.87780184593378,49.161746978759766,9912442
2010-03-10,49.49463817383653,49.98419927178503,49.02465933361859,49.78837203979492,12422601
2010-03-11,49.7394209233866,50.50313366335118,49.2694420623758,50.062530517578125,9085827
2010-03-12,50.32689475872515,50.992696224527414,49.98420289624877,50.61083984375,17396599
2010-03-15,50.59126387097872,51.24727661606311,50.59126387097872,50.787086486816406,15948453
2010-03-16,50.95353121480168,51.100400484356456,49.788375169871514,50.87520217895508,7768322
2010-03-17,50.875199664300794,51.77599284138197,50.6500013700305,51.47246551513672,12604800
2010-03-18,51.5018487223789,51.83475184147796,50.65980677535349,51.159156799316406,6741717
2010-03-19,51.01229017809112,51.55080941021138,50.74792729161239,51.16895294189453,8024506
2010-03-22,50.78708002409831,51.28643461296906,50.39543484226026,51.22768783569336,9252153
2010-03-23,51.01228414343169,51.44309854722617,50.170242251851256,51.100406646728516,10376629
2010-03-25,51.11999421813864,52.17744574880173,50.87521359883012,51.844547271728516,17901173
2010-03-26,51.84453357815789,52.08931413281312,51.325596754227576,51.77599334716797,9222867
2010-03-29,51.77599607512917,53.06843914749118,51.35497517462599,52.7159538269043,13140910
2010-03-30,52.735545299741496,53.44051606408329,52.422224442846726,52.647422790527344,8301674
2010-03-31,52.83344117583628,52.83344117583628,51.227682144635054,51.511627197265625,15634139
2010-04-01,51.69766616821289,52.25576752852579,51.52142583822793,51.69766616821289,5878233
2010-04-05,52.4222183608206,52.61804561916708,51.71725233295464,51.85432815551758,7617929
2010-04-06,51.854318651781846,52.402626496226176,51.52142028657038,52.13826370239258,10047519
2010-04-07,51.96203347329843,52.87261557213719,51.5997593252891,52.764915466308594,9066779
2010-04-08,52.480968627802326,52.66699776979498,52.15785435692948,52.432010650634766,6499145
2010-04-09,52.441801074879834,52.97052671709559,52.03056898544874,52.725746154785156,8726163
2010-04-12,52.87261797676634,53.40134369106546,52.3536857205435,53.14677429199219,8168167
2010-04-13,53.57758732341201,53.59716958437643,52.5005536609982,52.59846496582031,5013780
2010-04-15,52.88241527307937,53.00970230919727,51.15915752015132,51.45289611816406,12346236
2010-04-16,50.93394730304508,52.84323843593148,50.93394730304508,52.69636917114258,9207720
2010-04-19,52.480960933388815,53.61674115217931,51.37455177284465,51.864112854003906,8162964
2010-04-20,52.18724264239891,52.22640717169092,51.110208777496226,51.54102325439453,8651674
2010-04-21,51.697673347823375,51.88370716043013,51.178736433216585,51.39414596557617,5690644
2010-04-22,51.20810866805204,52.353682530799084,51.01228141062603,51.74662780761719,13680858
2010-04-23,51.8347522134491,52.471182734952635,51.32560872718341,52.275360107421875,5186490
2010-04-26,52.08931274816582,53.04885268309505,51.913067774500874,52.36346435546875,5578976
2010-04-27,52.480968949256095,53.03906568802256,52.00119659600443,52.78449630737305,6099642
2010-04-28,52.30473721022056,53.34260656527603,52.05995657021635,52.86283874511719,10957360
2010-04-29,53.14677489335081,53.14677489335081,51.9914121443437,52.31452178955078,10579532
2010-04-30,52.48097357776301,52.61804941020201,51.893496415082055,52.0599479675293,7124764
2010-05-03,51.15915217856679,52.2068147704265,51.15915217856679,51.883705139160156,7284451
2010-05-04,51.3451867208087,52.08932195292542,51.110199587309936,51.364768981933594,4913472
2010-05-05,48.956132858877886,51.61934858659509,48.956132858877886,51.33540344238281,7189205
2010-05-06,47.97700316359923,51.403931296044156,47.97700316359923,50.728336334228516,6037948
2010-05-07,49.73942755574715,51.10040634642065,49.661098510914904,50.747920989990234,9025535
2010-05-10,49.91566717948772,51.49205547517164,49.91566717948772,51.2668571472168,15464164
2010-05-11,50.43460212564652,51.56059372187827,50.43460212564652,50.82625198364258,10322967
2010-05-12,49.44569034485003,52.06974134711772,49.44569034485003,51.903289794921875,5542428
2010-05-13,52.28513663256831,52.48096386879579,51.64870626052708,52.187225341796875,6303701
2010-05-14,51.50183235935199,53.46008127186585,51.50183235935199,52.51033020019531,9249088
2010-05-17,52.08932324034931,52.65721348169244,51.893495969575014,52.11869430541992,7442215
2010-05-18,51.90329119706411,52.77470885039363,51.17873818346502,52.60825729370117,4961399
2010-05-19,52.56908873068699,52.56908873068699,50.52272618860611,50.757713317871094,9277754
2010-05-20,50.591265043149136,51.962037349829224,50.326902178300415,51.38435363769531,13120774
2010-05-21,50.914370916738285,53.71466210845537,50.39543868390228,53.12718963623047,37555292
2010-05-24,53.85173176531207,53.94964771170696,52.00119206059228,52.490753173828125,15539467
2010-05-25,52.38306731149486,52.911793132038575,50.65981399204885,51.01229476928711,21936653
2010-05-26,51.315808322433156,52.86282069425769,51.12977454099183,52.69636917114258,11519453
2010-05-27,52.77470221233383,54.55670647408887,52.343887841755084,54.02798080444336,30304072
2010-05-28,54.4392061355191,55.61415088736625,54.02797407596727,55.45749282836914,17505356
2010-05-31,56.33870371959672,56.33870371959672,54.67419322401476,55.45749282836914,11920469
2010-06-01,55.88831769603433,55.996017804584525,55.12460020487805,55.418338775634766,9944093
2010-06-02,55.61415579572729,55.77081386855063,54.68399150631144,55.08543014526367,8426900
2010-06-03,55.418333004036334,56.17225695879607,55.320417054191445,55.907894134521484,7756919
2010-06-04,56.563909760975605,57.14158876006246,54.24338634320091,56.9555549621582,9934871
2010-06-07,55.80998511480611,56.61286242253781,55.80998511480611,56.33871078491211,6850559
2010-06-08,56.926189212028426,57.29825684256003,56.11351836170474,56.73036193847656,9531197
2010-06-09,58.37249009680263,58.37249009680263,56.07740204771754,56.382057189941406,12350086
2010-06-10,56.666411971321224,57.22495369115955,55.89461404640382,56.87967300415039,10974993
2010-06-11,58.697458737866455,58.697458737866455,57.00152826399717,57.184326171875,8788829
2010-06-14,57.417895404927265,58.250624233676305,57.19447682081215,58.10845184326172,8743510
2010-06-15,58.08813909298728,59.44894639948807,57.905346027177124,59.2458381652832,9739202
2010-06-16,59.855173001691966,59.855173001691966,58.52482845974883,59.083370208740234,12278071
2010-06-17,59.10366800089644,60.30198779949642,58.72792427096458,59.69267272949219,13840507
2010-06-18,59.91609281262006,60.7894423427974,59.44895012078127,59.895782470703125,16190664
2010-06-21,60.26135687573864,60.93160768381387,59.30676133626658,60.748809814453125,14429164
2010-06-22,60.525416576793575,61.693273473852955,60.37308657669885,61.29721450805664,9744639
2010-06-23,60.93161658439817,61.78465573094481,60.77928661359545,61.51046371459961,9639863
2010-06-24,61.540941780923674,62.536158305683166,60.951936969326226,62.099483489990234,21511927
2010-06-25,62.07916689203299,62.53615686924963,60.97224591308577,61.22612762451172,8203282
2010-06-28,61.13471883522362,61.642482176445185,60.32229555816948,60.454315185546875,6701184
2010-06-29,60.64728520978774,60.72852659789786,59.723157178409096,60.19029998779297,5232444
2010-06-30,59.509884274720676,62.19087368743091,59.509884274720676,62.038543701171875,14385477
2010-07-01,61.90652650376288,61.90652650376288,60.98239386414768,61.54093551635742,5311841
2010-07-02,61.947157522579786,62.14010821957331,61.29721680815414,61.449546813964844,4348862
2010-07-05,61.41909111967344,61.84560842855234,60.93163793891808,61.36831283569336,4464938
2010-07-06,61.37844225298273,61.60185597890384,61.15502369931293,61.52061462402344,4711925
2010-07-07,61.561247173547464,61.632335786651595,60.9316217240524,61.337833404541016,6273097
2010-07-08,61.74405149051022,62.01824357986822,61.317529389786564,61.5714111328125,5808950
2010-07-09,61.571391333138315,61.90651918147503,60.779283253157935,61.0026969909668,6199019
2010-07-12,61.337832270680416,61.337832270680416,60.78944337412078,60.92146301269531,7245478
2010-07-13,60.92145010096117,61.215952415210694,59.97701214434181,60.748809814453125,14573332
2010-07-14,60.96209148780533,61.368303212696325,60.45432803862913,60.62696838378906,14446408
2010-07-15,60.626964489862374,61.134727906426136,60.57618621710606,60.951934814453125,9523906
2010-07-16,61.03318287421111,61.0433356332246,60.24106973339399,60.59650802612305,12011490
2010-07-19,60.403554471332356,60.92147067804142,58.90057447162251,59.174766540527344,10165844
2010-07-20,59.30676900400873,59.59111859991747,58.920872532934965,59.195064544677734,4467424
2010-07-21,59.47941655292194,60.11919960078185,59.073204864070426,59.377864837646484,12009764
2010-07-22,54.10729475631115,60.63713698908099,54.10729475631115,60.46449661254883,22631829
2010-07-23,60.931615856488605,61.47999988262784,60.576177652945375,61.26673889160156,20404001
2010-07-26,61.33783096413147,61.581555066077975,60.9214617150154,61.480003356933594,7052804
2010-07-27,62.35334801937876,62.35334801937876,61.540929581847976,61.7948112487793,5570714
2010-07-28,62.04870613222146,62.60724784954059,61.58156337934549,62.4244499206543,10538777
2010-07-29,62.353359941427456,63.34858128694492,62.16041408608731,62.98299026489258,12090285
2010-07-30,62.91188175842027,63.33840367802121,62.15023685277531,62.708778381347656,11517409
2010-08-02,62.77989478774664,63.66340700670798,62.75958443948034,63.53138732910156,17304669
2010-08-03,64.46566111880587,64.46566111880587,62.45491770017534,62.71895217895508,8794249
2010-08-04,62.55645998575986,63.77509012871327,61.56124359883981,63.08453369140625,8426914
2010-08-05,63.247022745641324,63.856342705778864,62.698638643717395,63.28764343261719,6197970
2010-08-06,63.36888347529904,64.99372527965946,63.28763728149408,64.4859619140625,6210199
2010-08-09,64.58751767921565,65.07497073392199,64.14068531008903,64.56720733642578,4150951
2010-08-10,64.77032715941782,64.77032715941782,63.30796762513669,63.87666702270508,7385229
2010-08-11,63.36888575389173,63.77509259877604,62.698634804333565,62.94236373901367,5082620
2010-08-12,61.947146953822525,63.30794953178187,61.76434904693656,62.129940032958984,7567189
2010-08-13,62.15025313089389,63.77509505629151,62.12994278786703,63.47043991088867,7498317
2010-08-16,64.01883293544033,64.58752744731441,63.36889704011998,64.28286743164062,4531110
2010-08-17,64.58752979093168,65.1156036302443,63.673554538496234,64.81094360351562,8607424
2010-08-18,65.60305036493885,66.21236553109694,64.60783382337229,66.00926208496094,12790946
2010-08-19,66.00924824745937,67.55284859775867,66.00924824745937,67.14663696289062,12944720
2010-08-20,67.0654137639292,67.2278965307799,65.82646818344143,66.09050750732422,9250673
2010-08-23,65.8061611547824,66.09051083885518,64.6281513802322,64.79063415527344,5929288
2010-08-24,64.81093340480403,65.52180507939062,64.42503688015682,64.93280029296875,5394611
2010-08-25,64.95311424453747,65.50149837461728,64.93280390000673,65.19683837890625,6859060
2010-08-26,65.3999474997668,67.085720600921,65.3999474997668,66.57795715332031,16908073
2010-08-27,66.65918774663585,67.16695111207734,65.1358976503114,65.4811782836914,5688905
2010-08-30,66.21235317837863,66.35453039189903,64.42502870257866,64.7093734741211,4753271
2010-08-31,65.11559331331215,66.6185732067233,64.38441612386204,66.2732925415039,13701046
2010-09-01,66.72012492362612,66.74043526700667,65.72490844247888,66.2732925415039,7518077
2010-09-02,66.53733438142893,67.37006814742347,66.2732950796197,67.20758056640625,7645933
2010-09-03,67.30913258196456,67.30913258196456,65.94832986189218,66.61857604980469,6326290
2010-09-06,66.96385298661755,67.95906945460709,66.53733095351492,67.3497543334961,11012640
2010-09-07,67.43098855560021,67.93875190730806,66.9435355448507,67.5122299194336,8874126
2010-09-08,67.08572106026502,67.39038106201151,66.31391829730731,66.74044036865234,6253234
2010-09-09,67.26851584945038,67.26851584945038,65.56243234909034,65.94833374023438,7688316
2010-09-13,66.35453784681478,66.94354262464783,65.8467696136573,66.2936019897461,6791247
2010-09-14,66.1717402528676,67.51223738765214,65.72490787460609,67.10602569580078,11711636
2010-09-15,66.7607524118894,68.24342211297252,66.41547653924353,68.10124969482422,10771458
2010-09-16,67.83720724038157,68.81211826015448,67.65441413978355,67.99969482421875,7148932
2010-09-17,68.18247373961206,68.75116809535152,67.57315870330187,68.38558197021484,11818681
2010-09-20,68.64962219130489,72.30552237340066,68.24341052354431,71.75713348388672,21583472
2010-09-21,72.24458864228951,72.83359823311042,69.62453030848975,70.13229370117188,25146889
2010-09-22,69.6042269117984,71.41186689434353,69.6042269117984,70.96503448486328,11370544
2010-09-23,71.0665796858469,72.28521473470283,70.23384597718284,71.69620513916016,9903323
2010-09-24,72.20396591148116,73.46322160008657,71.77744390127208,72.81328582763672,13830980
2010-09-27,73.28042079582895,73.3616669884526,72.0211699847776,72.46800231933594,12300652
2010-09-28,72.67110573152186,73.1179380660802,71.61495833265646,72.46800231933594,11320675
2010-09-29,72.50863686636752,73.23981411779677,70.27447476637501,70.51820373535156,10432234
2010-09-30,70.59944079394742,73.11794757119786,69.82764289956015,72.4273910522461,25405644
2010-10-01,72.6711089004627,73.11794125450588,71.61496145554227,72.5695571899414,15970985
2010-10-04,73.1179480347475,73.84913007380244,71.04627363700838,71.18844604492188,13464843
2010-10-05,71.49309087096813,71.85868181296483,70.47756423144864,70.59942626953125,12964792
2010-10-06,71.55403538320449,71.87900570712112,69.38080931658965,70.23384857177734,11205629
2010-10-07,70.5994345448214,70.84316347730413,69.54328710214507,69.82763671875,12242678
2010-10-08,69.86827042497859,70.41665459058616,68.89336416884284,70.05106353759766,11726122
2010-10-11,70.61975669539483,70.8634856686321,69.60422976703181,70.25416564941406,7760158
2010-10-12,69.82763563488533,70.19322178631056,68.71055235561558,69.44173431396484,7979219
2010-10-13,70.27445848919818,71.43216237512316,69.25893181380728,71.12750244140625,16678852
2010-10-14,71.77743906245168,71.83837491215887,70.61973998975057,71.10719299316406,7337514
2010-10-15,71.49310614522982,71.49310614522982,69.60422484040073,69.84795379638672,6966419
2010-10-18,69.86826851643075,70.21354438639062,67.87783536683753,69.68547058105469,13264840
2010-10-19,69.746379350737,70.3760095092756,68.690232077235,69.25892639160156,9207062
2010-10-20,68.75117924978419,69.58391299208817,68.0403123967136,68.24341583251953,9009852
2010-10-21,68.99490299309126,71.08688753499854,67.95906589316144,70.8228530883789,6912044
2010-10-22,70.72129871488794,70.88378628399182,69.13707750343504,69.54328918457031,5239099
2010-10-25,70.37602345350005,70.43695448199621,68.4871422591209,68.71055603027344,10673333
2010-10-26,69.19801390735273,70.41664904543283,68.69025047342352,69.76670837402344,9529788
2010-10-27,69.76670102607467,69.82763688014832,67.91844541099381,68.18247985839844,7747689
2010-10-28,68.71056033729614,69.74639754215991,67.02478729331688,67.8575210571289,35990175
2010-10-29,68.6902451369612,69.82763880968989,67.30912735220113,69.54328918457031,28656595
2010-11-01,70.07138188319682,70.47759367425394,69.4011355659907,69.80734252929688,13294570
2010-11-02,69.94951280735334,70.68069009602232,69.46205967232386,70.43696594238281,7211732
2010-11-03,70.68067729046143,71.93993300603813,70.68067729046143,71.310302734375,14971915
2010-11-04,72.04147963814926,72.10241066122327,71.1071942955159,71.89930725097656,9156757
2010-11-08,72.87422724167828,72.87422724167828,70.92441481864006,71.35093688964844,7222216
2010-11-09,71.49309656714,72.48831294627236,70.72129394229277,72.22427368164062,7098802
2010-11-10,72.10241066122327,72.4680016274166,71.65557833093126,71.89930725097656,5664375
2010-11-11,72.10242708934896,72.30553537362198,70.94472773166903,71.22907257080078,3898274
2010-11-12,71.45248472837497,71.89931711999995,70.03074617824998,70.6197509765625,6458143
2010-11-15,70.43694515688833,71.28998427065066,69.56359087523381,71.14781188964844,4130122
2010-11-16,71.47278760246546,71.67589101936389,68.46682806587253,69.0355224609375,8935926
2010-11-18,71.39155442513146,71.39155442513146,68.44652557577967,69.84795379638672,12819779
2010-11-19,69.96980802710625,70.27446315329394,68.8933502590776,69.44173431396484,9174143
2010-11-22,69.56360286109252,71.65558756728598,69.21832219141743,71.45248413085938,12720290
2010-11-23,71.18845164859192,71.49311166013808,68.8730529407422,70.07137298583984,13278210
2010-11-24,70.66037435476531,70.78223642228055,69.74639919290084,70.55882263183594,9553150
2010-11-25,70.11199252934951,70.45727322641656,68.28404214549487,68.9339828491211,13986371
2010-11-26,69.15739731371215,69.38081594140976,67.4513138126817,68.10124969482422,15326943
2010-11-29,68.24340791836848,68.95427951674951,66.61856613710356,68.48713684082031,19840663
2010-11-30,68.0606176484361,70.27446424409428,67.4309922167924,69.82763671875,20598087
2010-12-01,70.07136699941012,70.07136699941012,68.99490911979619,69.6245346069336,7362621
2010-12-02,69.92920361404866,70.23385881112051,68.9542973279177,69.42144012451172,13215247
2010-12-03,68.04030013447363,69.86825003829274,67.02477348296279,69.58390045166016,14733863
2010-12-06,69.4620501803766,69.4620501803766,68.44652335681553,68.66993713378906,6227657
2010-12-07,68.48714400167333,68.93397638309703,67.55285855212828,68.32466125488281,10365083
2010-12-08,68.24340481477962,69.05582808233916,67.53253807647684,67.73564147949219,10133899
2010-12-09,68.0200069628742,68.44652903660321,67.34976074858587,67.95907592773438,11515310
2010-12-10,68.2027751082846,69.4214098483509,67.83718420348987,69.17768096923828,6514207
2010-12-13,69.36050696755923,69.4620586968162,67.2278965144111,67.89814758300781,9341526
2010-12-14,68.24340387054391,68.8933444066984,67.87781775017464,68.40589141845703,7451001
2010-12-15,67.71533430259551,68.5683782906091,67.63409293759408,67.83719635009766,8262111
2010-12-16,68.42622050257985,68.42622050257985,66.6795114713408,68.26373291015625,7415348
2010-12-20,68.34498081442369,68.34498081442369,67.26851798852817,67.81690216064453,6081586
2010-12-21,67.83721171770325,68.04032000396757,67.34976341726984,67.89814758300781,5341311
2010-12-22,68.52776860925196,68.52776860925196,67.51224172820733,67.99969482421875,5351664
2010-12-23,68.40590506063786,68.40590506063786,67.49192992194274,67.79658508300781,4546671
2010-12-24,67.30913241845697,69.21832408406996,67.30913241845697,69.01522064208984,7730476
2010-12-27,68.95427703857422,69.5635920811815,68.66992744389131,68.95427703857422,7191894
2010-12-28,68.9542844194115,69.7870132966017,68.9542844194115,69.54328918457031,4480908
2010-12-29,69.54330193397855,70.9244199719397,69.52299158758576,70.76193237304688,10604328
2010-12-30,70.39633510276809,71.635275694015,70.13229581330167,70.90409851074219,30631781
2010-12-31,70.61975469077944,71.47279883126993,70.53851331125658,70.9447250366211,10811646
2011-01-03,71.47278844406955,71.47278844406955,70.64005476948168,71.00564575195312,3626643
2011-01-04,71.08690524016353,72.34616124400203,71.08690524016353,72.10243225097656,15515290
2011-01-05,72.061798872097,73.19918776533872,71.4118630513517,73.03670501708984,13282927
2011-01-06,73.26011683493257,73.5241561215191,71.43217148281312,72.67111206054688,9249773
2011-01-07,72.3258454846807,73.11795379030023,69.29957019805639,70.07137298583984,11220398
2011-01-10,69.94950117062446,70.03074254165573,68.46683166605482,69.299560546875,12882258
2011-01-11,69.137071487468,70.68067187926584,68.2637171731846,69.09645080566406,12352577
2011-01-12,69.92920379297257,70.8431790420277,68.4871547065579,70.57913970947266,7969911
2011-01-13,70.29477513134081,70.96502120627333,69.6245242286591,70.33539581298828,11749615
2011-01-14,70.11199253905421,71.96025326841861,68.69025388783162,69.27925872802734,9335385
2011-01-17,69.09646141215904,71.04627374904713,68.10124489969533,69.84795379638672,14720842
2011-01-18,70.03074867790549,71.79776796366437,69.90888661068075,71.55403900146484,9981557
2011-01-19,71.69622121804535,72.42740337688672,70.51821141827406,71.26969909667969,14638420
2011-01-20,70.8228548289211,71.45248027562182,69.31987016945872,69.72608184814453,11439355
2011-01-21,69.54328654245853,70.09167060144439,68.40589774069153,68.60900115966797,14043935
2011-01-24,69.0355272424225,69.23863067338812,68.24341420615718,68.69024658203125,7981984
2011-01-25,68.7308689062036,69.19801163630707,68.0403123967136,68.24341583251953,8127103
2011-01-27,68.58870010490324,68.9542911363125,67.83720769743697,68.16217803955078,12167669
2011-01-28,68.58870146509796,69.15739595426243,67.26851455356424,68.30435180664062,16626927
2011-01-31,67.87781557697433,68.20278100689836,65.37961969568909,66.04986572265625,17666018
2011-02-01,66.47639764118867,66.53732866843225,63.450127654926746,64.83124542236328,22064293
2011-02-02,65.29839131358277,65.68429269457957,64.18131268815799,64.5875244140625,10007510
2011-02-03,64.34380258887973,65.4811965132007,64.01883703428861,64.77032470703125,7359518
2011-02-04,64.83124356980656,65.29838143199218,61.62217576576364,62.15024948120117,15192150
2011-02-07,63.28763447669286,64.48595905615355,62.27210779050536,63.81570816040039,15231572
2011-02-08,63.9782137205582,64.28286891551413,63.36889850289585,63.40951919555664,9708907
2011-02-09,63.3688942107371,63.57199766028427,62.04870730543003,62.51585006713867,13163699
2011-02-10,62.6377079585093,64.56720991149724,62.6377079585093,63.4298210144043,11136363
2011-02-11,63.714158859776205,63.8157105666743,62.55645974563931,63.003292083740234,8987671
2011-02-14,62.840801642101574,64.91248050652999,62.840801642101574,63.97819519042969,10395846
2011-02-15,64.44533837492598,64.46564871553977,62.80018147421289,63.81570816040039,6781995
2011-02-16,63.45012938059215,64.52658721333785,63.45012938059215,63.734474182128906,5694368
2011-02-17,63.97820387596165,64.54689831345578,62.90174603058884,64.36410522460938,10746984
2011-02-18,64.32348927294684,65.05467139253143,62.96268642040135,63.26734161376953,7417039
2011-02-21,63.26733385553979,64.52658965029534,62.80019112190869,64.2625503540039,4054155
2011-02-22,64.14068563161273,64.14068563161273,63.165779517313055,63.65323257446289,7103640
2011-02-23,63.775096268260214,63.97820453013831,63.00329839082288,63.20640182495117,5445702
2011-02-24,62.698635652403944,63.45012798110376,60.525409691879425,61.195655822753906,27750070
2011-02-25,62.02838647172258,63.73446964267742,61.54093344748558,63.490745544433594,14203052
2011-02-28,63.38920745367556,69.05584706035681,62.71895638402751,68.6496353149414,47244453
2011-03-01,69.38081475412821,70.68068649616912,69.29956854596922,70.51820373535156,22800519
2011-03-03,69.8682611919257,71.49310312817985,69.54329087357496,70.49788665771484,20746777
2011-03-04,70.90409317837081,71.00564488677846,69.8682560971142,70.0307388305664,12900736
2011-03-07,69.56359928069786,70.59943640865937,68.26372287122183,70.13229370117188,10485888
2011-03-08,70.5588206648251,70.64006204090379,69.52298346432205,69.84795379638672,8899845
2011-03-09,70.03074767698664,70.33540766844416,69.29956562858857,69.76670837402344,6567682
2011-03-10,69.64483147142093,69.84793969837249,68.77147719935189,69.58390045166016,6895974
2011-03-11,69.3604934266612,70.27446363929447,68.87304039364037,69.60421752929688,6205367
2011-03-14,69.76669131142584,70.64004555596087,69.25892800167854,70.4572525024414,7009296
2011-03-15,69.48235211055082,70.19321886986921,68.12154478687077,69.09645080566406,10808353
2011-03-16,69.31987058745858,70.01043189371343,69.31987058745858,69.54328918457031,5133652
2011-03-17,68.85274258759753,69.42143709170435,67.95907772639384,68.26373291015625,12164681
2011-03-18,68.89335738673275,68.99490910596843,67.268510567962,68.22310638427734,10091022
2011-03-21,68.50744926201797,69.01521263581392,68.04030657190573,68.20278930664062,6383842
2011-03-22,68.48714420024325,69.42142965249714,68.04031181752401,69.0761489868164,6384781
2011-03-23,69.0558407241197,70.05105723658342,68.71056004803538,69.84795379638672,8869319
2011-03-24,70.27445220947266,70.51818110021638,69.82762476064836,70.27445220947266,8446062
2011-03-25,71.08690612661724,72.30554145143965,70.4775908780814,72.08212280273438,18236737
2011-03-28,71.69621701203754,72.95547295494619,71.63528597366701,72.58988189697266,13644034
2011-03-29,72.91483753774615,73.11794095796502,72.36645347540573,72.81328582763672,13052943
2011-03-30,73.07731356197155,73.66631825425729,71.7977524766179,72.14302825927734,16576860
2011-03-31,72.4070671163915,74.74277553271129,72.4070671163915,73.97097778320312,34287153
2011-04-01,73.95068315806309,75.12869278657932,73.68664385360253,74.13347625732422,17237453
2011-04-04,74.51937167659625,75.14899712929511,74.2553372209724,75.08806610107422,10046278
2011-04-05,75.04744177444039,75.4333430955325,74.4381266940446,74.82402801513672,8494992
2011-04-06,74.47875166428942,75.00682540805975,73.4429145196726,74.31626892089844,5652254
2011-04-07,74.33657598216662,74.53967940243915,73.66632503976834,74.15377807617188,5833985
2011-04-08,74.29595192338803,75.35209931633104,73.86942993244003,74.64122772216797,10750678
2011-04-11,74.78340346178068,76.36762944995131,74.60061038364536,75.14899444580078,12839034
2011-04-13,75.14900572922838,77.70813334611654,74.64124227486366,77.2206802368164,16323196
2011-04-15,77.22066087169442,78.2565026934739,76.63165618477989,77.78936004638672,17295850
2011-04-18,77.85029622988779,79.10954704712428,76.16451858946728,77.26129150390625,13636567
2011-04-19,76.77384303479496,77.5862664422663,75.92080376747494,76.1645278930664,12441323
2011-04-20,76.67228998559712,77.7081271568897,76.16452657167429,77.42378234863281,8847032
2011-04-21,78.3783757369804,78.3783757369804,76.97694759896986,77.24098205566406,14779121
2011-04-25,77.18005203834964,78.27682504838978,77.07850032290604,77.28160858154297,4450159
2011-04-26,77.4034636849565,78.15495113946373,75.18961234846371,77.85029602050781,12153818
2011-04-27,77.99245089940236,78.80487402305432,77.68779102109582,78.6626968383789,8601046
2011-04-28,78.92675014528086,79.12985354860865,77.60656354040303,77.93153381347656,12532263
2011-04-29,77.32221749766146,79.12985224064704,77.32221749766146,78.13463592529297,16105093
2011-05-02,78.39867854702797,78.80489019220025,77.38315184797187,77.64718627929688,8065669
2011-05-03,77.38316709550972,77.58627054424065,75.41304433181904,75.90049743652344,8023821
2011-05-04,76.28640738853044,76.48951086008242,74.53969822218063,75.88019561767578,8538615
2011-05-05,75.96142656093565,76.12390931583442,73.7882004031643,74.13347625732422,9432060
2011-05-06,74.33657527543151,74.74278211211467,72.12272387676117,74.5802993774414,10931782
2011-05-09,74.72248224058566,75.8801863706014,73.97099465967203,74.92559051513672,8725758
2011-05-10,75.14900936197797,76.57074806847695,74.88497486337484,75.39273834228516,6380810
2011-05-11,75.39273252811111,75.85987527890329,74.90527943283885,75.6973876953125,3290766
2011-05-12,75.2911673926248,76.26607340949029,74.49905444351563,74.66153717041016,4345064
2011-05-13,74.64123648067648,77.95185626346051,74.11316272224006,76.77384185791016,11010640
2011-05-16,77.18004632214951,77.46439593208149,75.3724114378833,75.5958251953125,11990485
2011-05-17,75.75831757474326,77.18005123159195,75.43334726097088,76.30670166015625,9070965
2011-05-18,76.28639450399655,77.42378340808759,76.28639450399655,76.75353240966797,7038158
2011-05-19,77.22066848761351,77.91122977024006,76.42856032286473,76.79415130615234,12285576
2011-05-20,77.36284666510342,77.7893686795843,74.64123184041573,75.77862548828125,40828503
2011-05-23,75.9411048349654,77.46439491708978,75.63644488744079,77.26129150390625,14242843
2011-05-24,77.4440807405944,77.54563244215713,75.63644114178149,75.94110107421875,9276000
2011-05-25,75.8192292926376,77.07847988575082,75.29115568459844,76.81444549560547,10032708
2011-05-26,76.7738443751551,76.7738443751551,75.55521407042247,75.96142578125,15404710
2011-05-27,76.1645276138976,77.0988130807402,76.10359658272307,76.75353240966797,9491569
2011-05-30,76.75353088699234,77.01757017792704,75.69738337875306,76.20514678955078,9268448
2011-05-31,76.36762949969267,78.74395882799749,76.36762949969267,78.54085540771484,14193909
2011-06-01,79.21110020616842,79.21110020616842,78.195573466131,78.74395751953125,8695801
2011-06-02,78.29714760965102,80.3891325852399,78.15497035809366,79.3329849243164,11005387
2011-06-03,79.33296659764899,80.00321269708442,78.39868123010302,78.58147430419922,5997657
2011-06-06,78.60178098695326,79.00799262711888,77.68780600351789,78.31743621826172,4561940
2011-06-07,77.992475366985,78.96738149011293,77.78937193622906,78.62210083007812,3297481
2011-06-08,78.60179111677634,79.7594951646101,78.3986876843931,79.1907958984375,9425114
2011-06-09,79.00801713625563,79.51578063703907,78.50025363547219,79.21112060546875,6105928
2011-06-10,79.67767168632824,80.42659784064293,79.26159940284629,79.74008178710938,13786112
2011-06-13,79.59447415926257,80.03134992430773,79.0327781599023,79.42804718017578,6341070
2011-06-14,79.42803264809548,80.88428328349764,79.42803264809548,80.65544128417969,6412383
2011-06-15,80.6970599559736,81.1963457900738,80.32259434416298,80.7802734375,8429484
2011-06-16,80.92590634739639,81.2587652567668,80.30180021915152,80.7178726196289,6944555
2011-06-17,80.75946841205807,81.46678793547866,79.59446485973825,79.78170013427734,7661272
2011-06-20,80.26018738129481,80.26018738129481,76.68197292070836,77.57652282714844,12697471
2011-06-21,78.0134009753223,78.59590033177827,76.66117191585235,76.91081237792969,7068838
2011-06-22,77.13963778692353,77.70133365047538,75.72499397189537,77.0564193725586,9254244
2011-06-23,77.22287152493462,79.78171110603775,76.70278225958752,79.65689086914062,12017439
2011-06-24,79.78171154694924,81.7580517551789,79.78171154694924,81.17555236816406,17325256
2011-06-27,80.34340365872241,81.46679563232617,80.09375825073145,80.55143737792969,9758285
2011-06-28,80.8010698091789,80.90508665207732,79.26160569945802,80.65544128417969,6935666
2011-06-29,80.82188430946806,83.19348843396203,80.82188430946806,83.02706146240234,11955119
2011-06-30,83.06865632865362,84.87856422042219,83.02704959171237,84.44168853759766,18125769
2011-07-01,85.91875578436324,85.91875578436324,83.25590442968848,83.85920715332031,11260319
2011-07-04,84.50410382069887,84.92017119125734,82.48615729372467,82.6941909790039,9233826
2011-07-05,83.15187877322211,83.15187877322211,81.23795383262018,81.40438079833984,12981545
2011-07-06,81.34197693691429,82.23653183628338,80.84269105644577,81.84126281738281,9384751
2011-07-07,82.0076946069698,84.85778645078977,82.0076946069698,84.62894439697266,12462347
2011-07-08,84.77455602328142,85.33625194144679,83.06865995446499,83.44313049316406,10108518
2011-07-11,83.56794347402676,84.79534710603917,83.42231495604322,84.29606628417969,7224177
2011-07-12,83.83839518443918,85.2946509182956,83.31830597017986,83.90081024169922,8504997
2011-07-13,84.00483656650663,85.2946555137903,84.00483656650663,84.87857818603516,10188672
2011-07-14,84.85775516344232,85.29463079152235,83.35989304148751,84.46248626708984,13221520
2011-07-15,84.27526724795545,84.71214296011121,83.65116615193544,83.94241333007812,4386172
2011-07-18,84.25447248977697,84.42089945595853,83.48474282624532,83.90081024169922,3051929
2011-07-19,84.25448097206248,85.27385118749115,83.8800103705704,84.9201889038086,6368122
2011-07-20,84.87858704361774,86.27242794076685,84.67055330297283,85.60671997070312,13100660
2011-07-21,85.08660337257052,86.45963551015018,85.08660337257052,86.16838836669922,7684046
2011-07-22,86.75090233581788,87.04215943523212,85.9603643057813,86.29322814941406,14268626
2011-07-25,86.12679255991118,86.25161278008481,84.52491823285752,85.46107482910156,14506214
2011-07-26,85.29466445932086,85.98118074875019,83.06867870854457,83.5887680053711,9847975
2011-07-27,84.15046405034832,84.23367754664973,82.6109995339441,83.5887680053711,8028153
2011-07-28,82.5277830710378,86.12680621624234,82.5277830710378,85.81475067138672,25345835
2011-07-29,85.50268484932275,87.89509721914044,85.39866305024566,86.68849182128906,20700499
2011-08-01,87.37499661047019,87.895085758272,86.5844587322396,86.91731262207031,11066540
2011-08-02,86.41804174678892,86.68849050838624,84.4000900824197,85.19062805175781,11909875
2011-08-03,84.60813105054683,86.62607276238012,84.31687398253848,86.06437683105469,10371529
2011-08-04,85.25304758833113,86.02277728266515,82.88143850062924,83.19348907470703,16359693
2011-08-05,81.13392643436336,82.3821434259366,79.26160836441589,81.7164306640625,20912644
2011-08-08,80.67626744041635,82.29894538333451,78.90796094029113,81.13394165039062,14023833
2011-08-09,79.15759279763557,84.08804084591067,79.09517774384759,83.11026763916016,29913291
2011-08-10,84.04643001875682,84.40008234007631,81.54999611667816,82.00767517089844,14448305
2011-08-11,81.5499958200853,83.21428508208481,81.36276550333399,82.6941909790039,9914506
2011-08-12,83.08947323369873,83.6095624441841,81.341970321705,82.38214874267578,12794023
2011-08-16,83.73438828888771,84.02563549714309,82.38215427287537,83.42233276367188,10122778
2011-08-17,83.21428848957295,85.29464520731811,83.00625479577508,84.98258972167969,15102609
2011-08-18,85.08661850788003,85.7107196405765,84.35848568490806,84.81616973876953,11169168
2011-08-19,84.04642739038735,85.19061757274385,82.44454827824096,82.88142395019531,20216358
2011-08-22,82.5069708829748,84.37929406219146,81.77884794935834,84.04644012451172,9506504
2011-08-23,84.0464420435063,84.96180028290962,82.79822491388121,84.54572296142578,18510403
2011-08-24,84.40009545869331,85.00340807679663,82.92304616837279,84.025634765625,7755679
2011-08-25,84.10884888995098,84.79536511071757,83.63036638913115,84.19206237792969,13408664
2011-08-26,84.42088826023505,84.54570846831781,81.0299046593974,81.90365600585938,9677334
2011-08-29,82.38215355566524,84.4625105191469,81.13393641061094,84.025634765625,12326631
2011-08-30,84.8785739927399,84.8785739927399,82.79822207133623,83.21429443359375,10894354
2011-09-02,85.71071866213644,85.91875237066044,81.82045369814396,84.5665283203125,20054366
2011-09-05,84.46249651833011,84.81615872587913,83.297497998681,84.35847473144531,12671767
2011-09-06,84.04644900566335,84.60814502979412,83.33912442346715,84.37930297851562,12626665
2011-09-07,84.46251361062315,84.69135565414977,83.0062676388386,83.23509979248047,11195457
2011-09-08,83.35991476091587,83.85920556161823,82.42375810818965,82.86063385009766,7317151
2011-09-09,83.08946688001518,83.52634257460662,81.75803642720996,82.23651885986328,12545711
2011-09-12,81.63322448730469,82.48617264557818,81.00911837037052,81.63322448730469,7922225
2011-09-13,81.82045048113062,82.98544909294355,81.42518150553424,81.98687744140625,8143358
2011-09-14,82.13251021733372,83.21430041493785,80.75947775161653,82.98545837402344,8209582
2011-09-15,83.98402312060735,83.98402312060735,81.57080740362574,82.96465301513672,8104431
2011-09-16,83.21429915697921,83.56796142671386,82.11170560368198,82.3613510131836,13984567
2011-09-19,82.3821602196449,82.46537371372463,81.07153285306117,81.27957153320312,7715626
2011-09-20,81.46679510640242,82.88143922270608,81.21715464496528,82.5901870727539,8514880
2011-09-21,82.77742475919578,83.06867197263392,81.7788529946661,82.21572875976562,4557837
2011-09-22,81.6956258473206,81.88285616751557,79.074371694942,79.44883728027344,11789131
2011-09-23,79.0951675224889,80.88427685797897,78.65829681702093,79.74008178710938,13003107
2011-09-26,80.2601825832764,80.2601825832764,76.9732155159543,78.4294662475586,10086856
2011-09-27,79.05356641688843,80.6970523008979,78.94954957484768,80.489013671875,9814309
2011-09-28,80.6762496903862,82.17410211972711,80.19776726756234,82.00767517089844,20330991
2011-09-29,81.44600347224375,84.44171416592853,81.44600347224375,84.15046691894531,18887480
2011-09-30,84.04643817218253,84.04643817218253,82.0284864971643,82.38214874267578,10704639
2011-10-03,81.25875622743136,82.00768250911732,80.44741488940821,80.86348724365234,7986512
2011-10-04,80.61382814298635,81.21713567375274,78.47106156973648,79.74008178710938,19083044
2011-10-05,79.92732339395519,82.1325003798749,79.92732339395519,80.75946807861328,19750146
2011-10-07,82.278134509201,83.3183080183477,80.71786682806786,82.86063385009766,35547374
2011-10-10,82.38214609406714,83.79678514074818,82.19491081954925,83.25589752197266,10839659
2011-10-11,83.83839789369793,84.21286846959144,82.86063449084266,83.02706146240234,7848904
2011-10-12,83.21429854466783,85.08662179485493,83.04787156951954,84.87857818603516,10057651
2011-10-13,84.25446984818376,85.46107520505377,83.65116716974875,84.00482940673828,6342480
2011-10-14,83.7759792157622,85.6691005468217,83.7759792157622,85.37785339355469,8920612
2011-10-17,85.14903585139886,85.79394539234082,84.67055330297283,85.60671997070312,7122238
2011-10-18,85.02419646043927,85.6274991173947,84.50410728100297,84.98258972167969,4420881
2011-10-19,85.37785051602148,86.43882719781968,84.79534633923727,86.16838836669922,7160187
2011-10-20,85.60671732285778,85.91876297923073,84.94099948349948,85.31546020507812,8068646
2011-10-21,85.60671103713555,85.9811717312192,84.6081392963614,84.87857818603516,8940536
2011-10-24,84.8785738351995,86.54286328114055,84.8785738351995,86.10598754882812,14417592
2011-10-25,86.50126987878386,88.62323381014906,85.71073177555935,87.81189727783203,17898061
2011-10-28,89.33053720774596,89.95463828062464,88.58160603040847,89.66339111328125,18961818
2011-10-31,89.60100437545783,89.66340955063643,88.12395003109582,88.6856460571289,10325355
2011-11-01,87.99911213064075,88.41518945126067,86.41804600396094,86.66768646240234,16563467
2011-11-02,86.54286488436979,87.74947030458198,86.33483117224426,87.10456085205078,7889149
2011-11-03,86.6884993327037,87.70786953649663,86.54287077935409,87.4582290649414,6675310
2011-11-04,87.89508513732011,88.10311881699462,87.29178252132276,87.52061462402344,7408060
2011-11-08,87.4166156593797,88.24876039104718,86.75089789606889,87.7078628540039,7435437
2011-11-09,87.64544977844827,89.24732403918654,87.37500103432649,88.20714569091797,11523598
2011-11-11,88.04070913995348,89.45535802782003,87.5206199640927,88.47758483886719,11080244
2011-11-14,88.76884690080516,89.58018329170513,87.64545500882562,87.99910736083984,7759145
2011-11-15,87.70785193776847,88.89365877454885,87.27097625526426,87.64544677734375,8066116
2011-11-16,87.37501708286402,88.99769006587162,86.64689408331522,88.45680236816406,8850271
2011-11-17,88.31115816096994,88.31115816096994,85.7523190121425,86.43883514404297,8558100
2011-11-18,85.81474348477128,86.29322597617637,83.2559040550631,83.96321868896484,12520334
2011-11-21,83.48474920057447,84.12965868871086,82.42376237533144,82.98545837402344,15016284
2011-11-22,84.19206401718286,84.31688425158121,81.21715703931014,81.63322448730469,14341939
2011-11-23,81.63321825089355,81.63321825089355,78.76232835434256,80.4266128540039,13943844
2011-11-24,80.48901864172072,81.50839364654485,78.90794771025286,80.01053619384766,17014215
2011-11-25,79.80250812391955,80.46822094596708,79.63608115464318,79.98973846435547,8272329
2011-11-28,81.1131174683603,82.69418825930751,80.3641912810448,81.73722839355469,7141351
2011-11-29,82.17411373699765,82.54857936974325,81.34197393027006,82.34054565429688,9906681
2011-11-30,81.98688557188123,83.83840052338392,81.69563836251649,83.50554656982422,15932969
2011-12-01,84.87856694224521,85.66910485936215,84.5457130360415,84.73294830322266,10232151
2011-12-02,84.69133568006754,86.12678288565193,84.25446001359045,85.91873931884766,7626789
2011-12-05,85.71071627837402,86.37643401701997,84.31687563520245,84.94098663330078,6049127
2011-12-07,85.29464254218685,86.54285455585544,84.69133990408231,85.27383422851562,11763758
2011-12-08,85.27383855772814,85.7939277473177,82.17410678997665,82.7982177734375,10542268
2011-12-09,82.00768478813644,82.6317908643758,81.00911308817665,82.02848815917969,8697629
2011-12-12,82.73580225749592,82.94383594176057,81.05070963518673,81.54999542236328,10548486
2011-12-13,81.34197228877166,82.38215073489673,81.15474194864828,82.11170196533203,7672013
2011-12-14,82.11169993650934,83.8383945320322,81.96607634223368,83.1518783569336,16802615
2011-12-15,82.7982214278978,83.83839490804529,82.15330704618648,83.04786682128906,15116838
2011-12-16,82.81902314926889,84.60813277396024,80.71786297023033,81.46678924560547,10439599
2011-12-19,81.00911928457552,82.38215671327956,80.01054750823482,82.17411804199219,11336698
2011-12-20,82.79822110521053,83.52634896690057,82.44455885967702,82.96465301513672,13478726
2011-12-21,83.7551978530966,84.44171416592853,83.02707479069565,84.15046691894531,10863748
2011-12-22,83.5887520896564,84.87857092662573,83.4223251287421,84.7745590209961,9805398
2011-12-23,85.04501505106786,85.2946555137903,84.15045522481917,84.87857818603516,8595373
2011-12-26,84.62892485295156,85.64830475553426,84.37928442819442,85.27383422851562,5993539
2011-12-27,85.25305502975759,85.71072924502039,84.17126972197858,85.31546020507812,7257962
2011-12-28,85.54428426160106,85.58589099969028,83.83838822017717,84.06723022460938,4880588
2011-12-29,83.73438860783878,84.62893855297277,83.21429936045946,83.50554656982422,10069671
2011-12-30,83.48474148811835,84.46250484370496,83.3183046347206,83.75518035888672,3600950
2012-01-02,83.98401837001198,83.98401837001198,82.34053734893077,82.652587890625,2971018
2012-01-03,83.15186774865492,83.8591921490678,82.9230307011304,83.35990142822266,6299194
2012-01-04,83.83839789369793,83.92161137947777,82.59018571711606,83.02706146240234,12332428
2012-01-05,82.81902512072406,83.2142941105815,82.21572242301639,83.1310806274414,11802169
2012-01-06,82.81901528154755,84.5041029497664,82.52776318021698,84.0880355834961,9126672
2012-01-09,83.9008115818348,84.17126035114163,83.0894751637984,84.04644012451172,7693555
2012-01-10,84.12964432990758,85.60669835027682,84.12964432990758,85.35704803466797,5620843
2012-01-11,85.35706340876882,85.54429870672863,84.25447971827933,84.58733367919922,8426514
2012-01-12,84.46249790311347,85.46106949202493,84.3584761145232,85.27383422851562,7677382
2012-01-13,85.25304833480378,86.41804704477916,85.00340787335571,86.14759826660156,11932025
2012-01-16,86.06438277297491,87.25018977203429,85.91875422891648,87.00054931640625,9761270
2012-01-17,86.95892234734066,87.4582130891315,86.0435741188429,86.70928192138672,10623854
2012-01-18,86.27241382603121,87.6662544951388,86.12679517634668,87.29179382324219,10380605
2012-01-19,87.52063265104293,87.79108143526662,86.6468910164415,87.04216003417969,9678245
2012-01-20,87.35419805947005,87.91589400627166,83.13107924570923,83.75518035888672,26816137
2012-01-23,83.90080595676315,85.29464656217408,82.54857209077271,85.12821960449219,13773620
2012-01-24,85.33626387363113,86.23081382693591,84.96180317245614,85.68992614746094,9699269
2012-01-25,85.91873934138835,86.12678290824721,85.19061652702963,85.73151397705078,10815356
2012-01-27,86.33483271934706,86.33483271934706,83.08947708238034,83.96321868896484,15923846
2012-01-30,84.04642980932687,84.73294591647588,83.06865665257058,83.56794738769531,12890528
2012-01-31,84.42090469824575,85.2114427265821,83.75518690229653,84.85778045654297,12057997
2012-02-01,84.60813772034983,84.62893614691374,83.33911722365578,83.8800048828125,9047265
2012-02-02,84.06724298372279,84.15045647253075,82.54858197815058,82.81903076171875,11426032
2012-02-03,82.79822009883786,83.73438165537966,81.96607539414697,83.4847412109375,13425304
2012-02-06,84.04642553807123,84.42088615297249,83.31829284093973,84.21285247802734,11001466
2012-02-07,85.04500085772858,85.66910191037714,84.08803602045137,85.52348327636719,12497285
2012-02-08,85.68992218688989,86.31402332666904,84.04644101731186,85.06581115722656,11790665
2012-02-09,84.69134881677034,85.25304477652672,84.04643937333776,84.83696746826172,7897821
2012-02-10,84.81618032790713,85.2114493729055,84.04645055654015,84.79537200927734,10659550
2012-02-13,84.79537044458097,85.19063948228559,84.1088541806306,84.37930297851562,7361450
2012-02-14,84.2960768698192,84.75375101399703,84.0464364275404,84.2752685546875,6626743
2012-02-15,84.50410928772352,84.87856994545201,84.08804189024742,84.52491760253906,16140308
2012-02-16,84.67054516302001,85.12822923832401,84.0880507452134,84.85778045654297,14315043
2012-02-17,84.9409826960573,85.66910556683244,84.50410699561557,85.48188018798828,17137807
2012-02-21,85.48189169221048,86.83411582425494,85.48189169221048,86.29322814941406,16004145
2012-02-22,86.12679618446221,87.12536787775863,85.75232561829857,86.7717056274414,13414034
2012-02-23,86.89654043263988,87.41662973745473,85.56511458148185,86.79251861572266,16977796
2012-02-24,86.79251759344346,87.77029101331468,86.66769734854437,87.12538146972656,9437266
2012-02-27,87.37499774982463,88.58160300607753,86.75088680837109,88.33196258544922,18082222
2012-02-28,88.26955481410559,88.8312507517784,87.39580337997374,87.66625213623047,13655111
2012-02-29,87.79106494011818,88.62320956374691,85.98115705939652,86.39722442626953,13799550
2012-03-01,86.37643232398737,87.33339722770972,85.21143372160438,86.06437683105469,7899192
2012-03-02,86.16839826912901,86.35562365220791,84.6289291256372,85.3986587524414,8889483
2012-03-05,85.33626251290526,86.52206954921142,84.75375820825896,86.12680053710938,12521849
2012-03-06,85.98116759000638,88.0823327747637,85.37786488920919,87.54143524169922,15653513
2012-03-07,87.37501058689203,87.79107801573417,86.58447258220775,87.35420227050781,8176378
2012-03-09,87.85350191727343,88.51920987042297,86.35563924291655,86.64689636230469,15399405
2012-03-12,87.54144715832372,87.54144715832372,85.75233723833826,86.04359436035156,5960965
2012-03-13,86.1267932056022,87.16697160473093,86.1267932056022,86.979736328125,9071489
2012-03-14,87.37499807852113,88.76883860043014,87.37499807852113,88.41517639160156,10193957
2012-03-15,88.20714122492961,88.66481532344686,86.45963852355308,86.91731262207031,16182908
2012-03-16,86.64687597566375,93.61606875471087,86.64687597566375,89.933837890625,68393522
2012-03-19,90.2875057401801,93.0751770919364,89.64259632709158,91.7437515258789,36871352
2012-03-20,91.72294457716175,93.40803222055125,91.16124869603192,93.03356170654297,16706208
2012-03-21,93.03358957302615,93.57448719310612,91.88939904497978,93.13761138916016,16729914
2012-03-22,93.07516799430095,94.32338984847358,90.76597932182317,91.410888671875,17163776
2012-03-23,92.1182260154186,93.51205680598177,91.43169994319719,92.55509185791016,12234883
2012-03-26,92.7839236047099,93.32482107626531,91.95177897379234,92.65910339355469,10731514
2012-03-27,93.137589853333,94.55222886431812,92.36786023955653,94.05294799804688,11798599
2012-03-28,94.03214928783015,94.82268729671932,93.44965488435287,94.3650131225586,9180072
2012-03-29,93.20000850959454,94.59383926009441,92.26384201431965,93.42884063720703,17370530
2012-03-30,93.44964371461468,94.8018775387423,93.38722866247453,94.40660858154297,14241499
2012-04-02,94.61464922071761,95.00991820694557,93.88652630498562,94.42741394042969,15158558
2012-04-03,94.9267210785599,95.00993457527193,94.26100321497802,94.4898452758789,9157908
2012-04-04,94.24018625006786,95.23875790409338,93.86571569863106,94.6146469116211,7427949
2012-04-09,93.86571937942935,94.46902208053113,92.88795600209043,93.22080993652344,5389468
2012-04-10,93.28321774308061,95.69642835990408,92.8879487817245,95.42597961425781,8546331
2012-04-11,95.2387548912251,95.73803575750136,94.19857652993294,95.5924072265625,9836719
2012-04-12,95.13473669327077,97.77678943517255,95.13473669327077,97.67276763916016,20305963
2012-04-13,97.67275644582173,100.21079699073425,96.86142015550888,98.29686737060547,15111471
2012-04-16,98.08883713001677,100.68928292461577,97.63115313183295,100.29401397705078,6179322
2012-04-17,102.18717058521402,102.97770875292404,99.66993739690163,102.43682098388672,8472158
2012-04-18,102.47838969754274,103.20651252284925,100.14838281072629,100.58525848388672,13522592
2012-04-19,100.9805479620388,101.85429948609428,99.33706672008095,101.54224395751953,9917961
2012-04-20,101.35501355660962,102.93607965896973,100.95974455854856,102.02072143554688,6577127
2012-04-23,102.14553406445283,103.06089221978408,101.54223139910232,101.83348846435547,10268157
2012-04-24,101.99990446436112,102.24954487357472,98.96258314928208,101.95829772949219,9751004
2012-04-25,102.10392928557198,102.68643353737934,100.91813224671387,102.33277130126953,6534970
2012-04-26,102.52001311185639,103.97625899937628,101.72947510896996,103.62259674072266,10960980
2012-04-27,103.476983607966,105.20367836070565,101.91671583526612,102.27037811279297,9639782
2012-04-30,103.18572445395004,103.72662201822287,101.97911898273779,102.14554595947266,4963863
2012-05-02,102.16634901140738,103.12331396820056,101.31340585465502,101.77108001708984,7452130
2012-05-03,102.1039198876667,102.33276188230106,100.27321360023977,100.56446075439453,5869811
2012-05-04,100.43965151505245,101.91670565012161,98.75456367572362,99.08741760253906,9959642
2012-05-07,97.77678977509774,99.44107917778024,97.0902736107034,98.33848571777344,7872153
2012-05-08,98.60892869244772,100.6476786407015,93.13758823368013,94.40660858154297,17683414
2012-05-09,95.69642976076763,100.27322051987593,94.48982443469286,99.81553649902344,20744163
2012-05-10,100.43965716453312,101.27180191826154,98.33849190861592,99.54509735107422,10151209
2012-05-11,98.90019210404027,99.10822582887246,96.25813907395968,97.4647445678711,8122806
2012-05-14,97.3607452399665,98.19289013678336,96.52860034314965,97.56877899169922,5167041
2012-05-15,96.73662613243467,98.02644517689775,95.73805431642465,96.05010986328125,7908658
2012-05-16,95.28037600982768,96.11251091254088,94.19859074641577,94.57305145263672,7945009
2012-05-17,95.28036522971139,98.46330559718018,95.28036522971139,97.67276763916016,15783926
2012-05-18,96.63259982145082,100.27323451210759,95.69644311434904,99.669921875,13048512
2012-05-21,99.71151377108355,100.25240132169063,97.36070853797024,97.71437072753906,6460492
2012-05-22,98.73375881689545,99.52429681064159,95.73804370102911,96.84063720703125,10645458
2012-05-23,96.13330643565817,96.94464280276506,95.69643072493521,96.40375518798828,6794965
2012-05-24,96.40377757653047,97.65198994424166,96.1125204418188,97.09029388427734,9014464
2012-05-25,96.94463843462104,98.19286034609178,96.02928031482122,96.46615600585938,14231517
2012-05-28,96.94463163535764,98.19285345928367,96.5701710221092,97.7975845336914,5509054
2012-05-29,98.08886731816264,98.17208081800923,95.69645447285829,96.07091522216797,8218101
2012-05-30,96.07089170686514,97.50633906269283,95.90446474790832,96.48696899414062,8467690
2012-05-31,95.36357445134448,96.73660671403601,94.65625000577215,95.42597961425781,32058738
2012-06-01,95.23877572618808,97.65198688755072,95.23877572618808,97.29832458496094,10521812
2012-06-04,96.69499430081194,97.46472386412516,95.42597401407757,95.73802947998047,6266881
2012-06-05,96.00849904502613,96.81983552053963,93.61608647375834,93.99054718017578,7901016
2012-06-06,93.99052148731148,98.60891838675099,93.99052148731148,97.58953857421875,15992276
2012-06-07,98.02643021853501,99.56589939949887,96.77821811146498,98.33848571777344,10277635
2012-06-08,98.50492712265608,100.39805882099836,97.67278229930747,99.52430725097656,7353581
2012-06-11,100.91335403010373,102.27132038528136,100.36168839396348,101.7408676147461,5156519
2012-06-12,100.63754451941074,103.65051871875629,99.9585712375013,103.14128875732422,6763601
2012-06-13,102.84421907212477,103.92633758505215,102.75933734050643,103.56562805175781,5809235
2012-06-14,103.14126510178338,105.5176912173459,103.14126510178338,103.84146118164062,9141667
2012-06-15,103.94755426024471,105.58134845173817,103.54440892897296,105.24185180664062,10846275
2012-06-18,105.02967843107577,106.09058407003702,102.90786715315325,103.20491790771484,5311000
2012-06-19,102.99273028298914,106.09057529961615,102.99273028298914,105.8359603881836,9692655
2012-06-20,105.83596756600369,105.94206216310666,103.90512255959099,104.41435241699219,6517723
2012-06-21,104.22339942379686,106.93932260266376,104.18096359695316,106.68470764160156,7232955
2012-06-22,106.09057816459324,107.36366284309042,104.71139889332335,106.3027572631836,4101593
2012-06-25,106.09057819411849,107.74559533749394,105.70865581654954,106.11180114746094,5439315
2012-06-26,105.81474091643658,106.02693010323222,104.5204433639315,104.83870697021484,6366119
2012-06-27,105.36917925700823,105.9208449658433,104.92359806408653,105.15699005126953,5245829
2012-06-28,105.24185541615171,107.23635918755518,104.88115597923176,106.64225769042969,13150548
2012-06-29,106.79077645454807,110.33420277904901,106.79077645454807,109.8674087524414,14201966
2012-07-02,109.97349100374531,110.50394379384636,105.00845974752896,106.11180114746094,15310783
2012-07-03,106.09057222667175,106.1966668135063,104.15972740713688,104.60530853271484,15656893
2012-07-04,105.58133607301781,105.62377188781029,103.75657586303286,104.45677185058594,8883562
2012-07-05,104.81748485516086,106.51493767802127,104.52043414159425,106.34518432617188,5835480
2012-07-06,106.51494411648636,107.5758496731637,105.53891019738684,107.25757598876953,7176659
2012-07-09,106.36642089719558,108.16995844806806,106.30276212123175,106.79077911376953,6940342
2012-07-10,106.83321777106265,109.99472187279737,105.70866342381531,109.65523529052734,9404573
2012-07-11,108.99747654576421,109.4006118244717,107.23636465777508,107.4909896850586,7642281
2012-07-12,107.57584361268832,108.9762356407833,106.57858679689917,106.8119888305664,4942903
2012-07-13,106.66347819529761,107.97900892132886,106.23911995267856,107.59707641601562,3633928
2012-07-16,107.2363609410736,108.04265164445509,106.4937290140456,106.96053314208984,2648877
2012-07-17,107.55463639873159,108.63676500565747,107.23636268569716,108.42457580566406,4883020
2012-07-18,108.80650180272994,108.93380926295511,107.6819374403083,108.19117736816406,5139344
2012-07-19,108.04264632325686,108.6579707542281,107.2363556595859,107.8304672241211,4599239
2012-07-20,107.32122354684671,108.19117295331888,107.06660863678617,107.30001068115234,2956292
2012-07-23,106.68470312176781,106.76957477185951,105.47526697752662,105.8996353149414,3995026
2012-07-24,106.40886175779163,107.10905789177382,105.49648650547482,106.2178955078125,5488947
2012-07-25,106.30275287308139,108.33969230933717,105.4540365137703,108.1063003540039,8248065
2012-07-26,108.55189293558558,109.06112280488304,105.28429425977093,105.85719299316406,21892124
2012-07-27,108.0638699079389,108.46700515517439,106.85443390536715,108.19117736816406,10008857
2012-07-30,108.57310891933317,109.8249808477178,108.00022025645403,109.57036590576172,8450229
2012-07-31,109.6976713537223,110.67370536684342,108.48823527130114,109.54914093017578,9117691
2012-08-01,109.46426675017821,110.12202703301777,108.76407064544435,109.93106079101562,2982052
2012-08-02,110.33421467603421,111.18294126651871,109.90985642427012,110.94953918457031,5457011
2012-08-03,110.27055923986265,110.7161404204505,109.33696105610504,110.05838012695312,3869795
2012-08-06,110.58883347872565,111.1617221297842,109.27330279851782,109.65523529052734,2990101
2012-08-07,109.71890195660723,111.11930451181223,109.10357738195555,110.88590240478516,5288244
2012-08-08,110.75857427099147,111.84069277104095,110.0795910348145,110.9919662475586,7198237
2012-08-09,110.92830779054334,113.24108509381695,110.92830779054334,112.71063232421875,7853814
2012-08-10,112.24383703103595,114.15346916857374,112.15896538820809,113.62301635742188,8598375
2012-08-13,113.4532800944345,114.13225327908533,112.11653650671914,113.26231384277344,7488550
2012-08-14,113.2623164502874,114.32322216268442,112.32871821294329,113.64424896240234,5524933
2012-08-16,113.4532746429075,113.94129163940367,109.27330078445004,109.6340103149414,15209637
2012-08-17,109.5279217803872,111.77704043777153,109.5279217803872,111.2253646850586,8106841
2012-08-21,111.2253620556204,111.26779787506008,110.0583719775513,110.65247344970703,9939659
2012-08-22,110.397833276394,111.64970479389586,110.05834679854372,111.03437042236328,4614480
2012-08-23,111.26779927834394,112.43479945808592,110.97074853851974,112.13774871826172,7858110
2012-08-24,111.90435933510814,113.00770086633428,111.22537605167814,112.51968383789062,11153512
2012-08-27,112.47723050934,112.98646032744871,112.03164937501757,112.60453796386719,2666951
2012-08-28,112.6045269881063,113.94127026077891,112.6045269881063,113.79273986816406,6036077
2012-08-29,114.11101285938754,114.49293518354166,113.19863781932035,114.3019790649414,6062102
2012-08-30,114.111039406792,115.95701286675781,112.92282625714887,114.83245849609375,24881699
2012-08-31,114.57782082527592,114.79001000715714,113.00768543586588,113.58057403564453,8145858
2012-09-03,114.15348361015383,114.5141931812834,113.02891906998262,113.55937194824219,6207435
2012-09-04,113.3471823811062,114.0898143249215,112.73185790592017,113.09256744384766,4050429
2012-09-05,112.88038443920034,114.28077663281553,112.88038443920034,113.62301635742188,6639310
2012-09-06,113.32597944758356,113.49572275396937,110.37665419478174,110.52518463134766,7167836
2012-09-07,111.60730767831791,111.90435844942414,110.50395606886822,111.50121307373047,10688325
2012-09-10,111.98920619951274,112.66818933267199,111.28901020213655,112.30747985839844,6622112
2012-09-11,112.28625266498388,113.66543174341308,111.6497154582152,113.4320297241211,3886091
2012-09-12,113.62299394371409,114.57780478065563,113.21984867633002,114.28075408935547,5756128
2012-09-13,114.21712692509689,114.70514391048061,113.70788698571786,114.42930603027344,5623795
2012-09-14,115.25682807065657,115.76606809171558,113.24111111773378,113.83521270751953,17152709
2012-09-17,113.96249775133114,114.08980520978926,106.55738168580974,107.57585144042969,29568650
2012-09-18,107.76681494645827,109.59157548292187,106.85443972170428,107.87290954589844,13665518
2012-09-20,108.0850735518766,109.18841486663788,107.61827957088133,108.82770538330078,11276169
2012-09-21,109.48548399822299,112.26505540481787,108.9974670283961,111.01318359375,18714031
2012-09-24,110.97073842710962,111.01317424321785,107.80923482270713,108.57308959960938,11751520
2012-09-25,108.59431557478983,111.09804896879635,108.21238313222729,110.67369079589844,11113459
2012-09-26,111.47998085609002,112.2862715404894,110.52516984195492,111.94678497314453,15978962
2012-09-27,112.07410268119922,113.72912002221017,111.22537609829504,113.28353881835938,19205494
2012-09-28,113.09257948633574,115.78727974331903,112.92283617675518,115.5963134765625,14714650
2012-10-01,115.21437643301026,116.69964029062254,114.83245403484138,115.9570083618164,7859325
2012-10-03,116.06308569606735,116.16917019185651,113.55934230852307,114.68390655517578,13329816
2012-10-04,114.70515392117768,117.31498236000581,114.70515392117768,116.82696533203125,10281333
2012-10-05,117.33618865953945,118.82146261615391,93.4658116238791,116.97547912597656,12710975
2012-10-08,116.99671395219254,118.56684962589759,116.29651776867776,117.86665344238281,8934222
2012-10-09,118.18492155923491,119.35192186750449,117.88787078669502,118.84268188476562,6003945
2012-10-10,118.60928685606392,119.58532096795408,117.97274944849866,119.24583435058594,6227474
2012-10-11,118.41831535316697,120.79474154113234,117.27253808086382,120.30672454833984,9131999
2012-10-12,120.83717736281187,121.02814360384755,119.50043384947305,120.30672454833984,5071211
2012-10-15,120.13693008881425,122.025338479612,118.8638458937478,121.68585205078125,5350707
2012-10-16,120.94327689645066,122.3861049793956,120.56134439879179,121.55860137939453,7096362
2012-10-17,121.4737095153109,122.78922990907522,120.98569258382359,122.32242584228516,4546689
2012-10-18,122.42852104248928,123.91378470911981,121.43126422284669,123.7440414428711,13199646
2012-10-19,123.65918729714738,126.88434007282432,123.14995742638793,126.247802734375,21003616
2012-10-22,126.45996505811695,126.58727250890523,123.55308638106547,124.76251220703125,11413513
2012-10-23,125.12324665624662,125.12324665624662,122.42854652625496,123.06509399414062,5504503
2012-10-25,123.61675435605052,124.76253167892268,122.49219998843256,123.93502807617188,12373775
2012-10-29,121.36761493096202,123.06506775881896,121.26152034661312,122.32242584228516,4612491
2012-10-30,121.85563261025216,122.38608536134346,120.34914599019653,120.56132507324219,5376753
2012-10-31,120.92203413513776,121.1766490339024,119.39433465559574,119.903564453125,5920711
2012-11-01,119.69141442892126,120.00968817312312,117.63325161351747,118.5244140625,6825659
2012-11-02,119.45797106096104,121.70708927616448,119.41553524886109,120.17938995361328,11088683
2012-11-05,120.54011964169428,122.64070782381354,120.0308797240274,122.4921875,6061704
2012-11-06,122.59827399804105,123.57430794306427,121.34640218008626,122.7043685913086,6039762
2012-11-07,123.00141031356604,123.38333266481162,121.8131973560699,123.0438461303711,6562533
2012-11-08,122.21635072727531,123.68040163413045,121.98294867596232,122.64070892333984,3890518
2012-11-09,122.23757058665724,123.23482753489318,121.62224612368423,122.2800064086914,3955519
2012-11-12,122.17391743931624,123.06507975647314,120.1794137025735,120.43402862548828,5537113
2012-11-15,120.03087683340173,120.03087683340173,116.93303184364254,117.3149642944336,12677572
2012-11-16,117.76053517453653,119.2670218490685,115.91456195485527,116.55110931396484,8524566
2012-11-19,116.29651883921593,119.967253184212,115.85093761161272,119.54288482666016,8544540
2012-11-20,120.30672724471702,120.83718007107784,118.48196669768824,119.05485534667969,6977187
2012-11-21,119.05485140191371,121.89808168482584,118.22734784455696,121.41006469726562,8596423
2012-11-22,121.98294867596232,122.74680351583348,120.77351268674592,122.64070892333984,6368703
2012-11-23,122.61948735015696,122.61948735015696,120.05209522888217,121.62223052978516,3948098
2012-11-26,122.11027241697704,122.21636702361734,120.94328217871548,121.83443450927734,2225560
2012-11-27,121.834432690088,125.18690318377861,121.79199686545678,124.8686294555664,9705650
2012-11-29,124.78376120604196,127.28749510141026,124.61401790289244,126.45999145507812,16121088
2012-11-30,125.67493315078688,126.8843593207846,124.67767603883532,126.67218017578125,8896588
2012-12-03,126.24782312783091,126.58730976317622,124.82620771188644,125.67493438720703,5699933
2012-12-04,125.08078316418707,125.6961075397931,124.33815134055436,125.25052642822266,4804648
2012-12-05,125.0171543252435,126.86313798093592,125.0171543252435,126.41755676269531,9258232
2012-12-06,126.650950461952,128.2423089682845,125.18689942569138,127.88159942626953,9199364
2012-12-07,127.62697773786012,128.58179891881102,126.82069707297934,127.94525146484375,5323399
2012-12-10,127.56332654738803,128.43326597541758,126.45998504587887,128.13621520996094,4218488
2012-12-11,128.13618738954474,129.72754556084416,127.75426505973623,128.70907592773438,8880373
2012-12-12,128.75150508061893,130.06702534662654,128.73029221798177,129.83363342285156,7246709
2012-12-13,129.47295800305906,129.60026547320024,124.04112217558958,125.29298400878906,19125952
2012-12-14,124.18961959659244,125.99315688787686,123.17114993645062,125.59001159667969,6971314
2012-12-17,124.57157182782976,125.18689629459843,123.80771693954755,124.35938262939453,5896804
2012-12-18,124.59278671990761,125.61125655851363,123.10752282846188,124.38060760498047,6602118
2012-12-19,124.0623321040406,125.35663981690665,122.53463241159076,123.1075210571289,15781261
2012-12-20,123.04387065976009,123.10752944113553,121.38885330051825,121.83443450927734,11909531
2012-12-21,121.21910554425725,122.83168701896656,119.45800373005774,121.81321716308594,36910642
2012-12-24,122.81046406363598,123.38335272713408,121.5373792655242,121.81321716308594,7609381
2012-12-26,122.00421286816581,123.48947714338425,121.21913480964791,123.27729797363281,6727355
2012-12-27,124.12599738082488,124.23208189883917,122.00418597706494,122.3861083984375,11063458
2012-12-28,121.87685718024679,123.06508033332912,121.87685718024679,122.81045532226562,5271735
2012-12-31,122.25877560702509,122.83166416392697,121.3676133880768,121.70709991455078,3555805
2013-01-01,121.94053763487011,122.72560550059406,121.64348683726374,121.89810180664062,4135426
2013-01-02,122.21632486687425,122.87408497507282,120.73105132101531,121.11298370361328,10172580
2013-01-03,121.41006282006475,121.57980610233851,120.00967065435104,120.32793426513672,6775685
2013-01-04,120.85839754222276,120.85839754222276,118.86390371565997,119.83992767333984,9390712
2013-01-07,120.64623109844295,120.94329198634273,118.18493285957544,118.4183349609375,12635903
2013-01-08,118.46076922558096,121.45252032725246,118.46076922558096,121.24034118652344,13951970
2013-01-09,120.83719729980834,121.24034271575692,118.26980444721171,118.60929107666016,11080003
2013-01-10,118.8426889489829,119.6701926222961,118.18492858435374,119.24583435058594,13002083
2013-01-11,118.7153757726658,119.11852115492987,115.46899984546371,116.02067565917969,14446914
2013-01-14,116.0843219090485,118.18492042640783,116.0843219090485,117.93030548095703,10672635
2013-01-15,118.07880458422224,121.02812914289693,116.59354091594831,120.56132507324219,18493615
2013-01-16,120.92204334079936,121.30396571802164,119.86113776156027,120.5188980102539,9275325
2013-01-17,120.13699650523239,121.72835515056839,119.45801318525127,121.07059478759766,12679955
2013-01-18,121.66469744213384,123.00144113690388,120.79475793615184,121.98297119140625,25503518
2013-01-21,122.64069568310872,123.91378022081571,121.49491859047703,123.72282409667969,20932912
2013-01-22,123.7440512227283,123.80770999607984,122.21635161879699,122.7043685913086,13126951
2013-01-23,122.8529142489551,124.52915469865415,122.53465057743881,124.23209381103516,12173272
2013-01-24,124.33815352401137,126.71457943614924,124.27449475540308,126.2265625,20890877
2013-01-25,126.88432489714116,127.5208722464135,126.09925723013855,127.20259857177734,21446627
2013-01-28,127.30869715671874,127.81792698256385,126.62971396863712,127.62696075439453,8666800
2013-01-29,126.92674869276878,130.17312372745036,126.92674869276878,129.494140625,14882640
2013-01-30,129.34564369052637,130.25801888841804,127.30870410211003,129.0910186767578,11567670
2013-01-31,129.70632730480122,131.29768553369897,128.6242089543669,130.5550537109375,14321914
2013-02-01,130.59748771871253,131.53108574384092,129.2395315398685,131.2976837158203,10288134
2013-02-04,131.29769005945317,131.9342374077353,129.96095676718778,130.38531494140625,12057509
2013-02-05,129.43051725735478,130.1519262273858,128.15743251740335,128.348388671875,8287651
2013-02-06,128.73032969669399,129.81244826702277,127.77550851315617,129.3668670654297,12805908
2013-02-07,128.60302116379697,129.60027824192363,128.15745001788142,129.0273895263672,6726127
2013-02-08,128.15742515820804,130.0033984294839,126.96920204306565,128.05133056640625,11725383
2013-02-11,128.58180006324042,128.79397918746594,125.84466414334058,126.94800567626953,8361801
2013-02-12,126.67216522177085,127.71185803998439,126.45998610181584,127.32992553710938,6881967
2013-02-13,127.73304456861308,129.21830818897723,126.96918980733389,127.45720672607422,11002502
2013-02-14,127.45721747911283,128.13620066719446,126.9267647003801,127.62696075439453,12006132
2013-02-15,127.09650463411378,128.13619729831143,127.03285595103395,127.56330871582031,7278310
2013-02-18,127.49966095664293,127.69062719628329,126.77825199336175,127.4360122680664,11633478
2013-02-19,127.30868463011608,128.39080294703876,126.67213732348829,128.00888061523438,5803756
2013-02-20,128.5605622936838,129.7275624728885,127.03286268833612,127.30870056152344,11504295
2013-02-21,127.09653193830759,127.52090029347661,125.08081503386403,125.86588287353516,16074899
2013-02-22,125.61124845501305,126.56605945406577,123.31969398772243,123.9137954711914,10156398
2013-02-25,124.29571555520516,125.12321901105977,122.68313437256117,124.18962097167969,8569888
2013-02-26,124.33815885033415,126.60850036131944,122.55583429640346,123.42577362060547,11031449
2013-02-27,123.91379710713639,126.20536169163603,123.59553349455376,125.10202026367188,16567232
2013-02-28,125.5475913386786,128.96371021806877,123.57431054067212,125.10202026367188,50205465
2013-03-01,125.18689371202143,126.33267097732981,122.64071416592638,123.59553527832031,17510246
2013-03-04,123.59554659089807,124.78375978638289,120.77352890379571,124.1259994506836,14256708
2013-03-05,124.63522821715782,126.33268138776637,123.06509260825771,124.1684341430664,15811390
2013-03-06,125.54759991001093,125.54759991001093,121.51616639714958,121.81321716308594,14958148
2013-03-07,121.4312734365741,125.10201723901835,121.04935105853572,124.06232452392578,16443754
2013-03-08,124.95353051059719,126.8843761161446,124.10480373128277,126.33271026611328,9372390
2013-03-11,126.45998633235205,127.09652369337745,125.82343888437059,126.2690200805664,6885601
2013-03-12,125.99316512320239,127.49965180410928,125.27175621170738,126.8206787109375,6268604
2013-03-13,126.45995825026361,128.47567457632863,126.45995825026361,128.00888061523438,11639177
2013-03-14,128.00889047428004,128.963701420806,127.30869443523373,128.11497497558594,8599115
2013-03-15,128.17863374593313,128.58177905958652,127.79671138471367,128.11497497558594,9800403
2013-03-18,127.64817758404776,129.60024533005702,127.5420829986086,129.1122283935547,6293690
2013-03-19,130.2792844427829,130.49146361784153,128.85766883945217,129.9822235107422,13253356
2013-03-20,129.4305374308544,130.70362236923333,129.06982784613967,130.3641357421875,15814368
2013-03-21,130.38533783652804,130.66117574168325,129.091030047455,129.43052673339844,14602797
2013-03-22,130.02465206636117,130.27927714913505,128.64547237525514,129.68516540527344,7996002
2013-03-25,129.91855288883642,130.70362074761823,127.83917715006501,128.3271942138672,9553762
2013-03-26,128.5817724932436,130.70358345446095,128.15741433578174,130.00338745117188,9322445
2013-03-28,130.5762920399763,131.55232600893453,129.26077150336488,131.3189239501953,12958612
2013-04-01,131.1279806530406,131.50991319542422,129.7275882295195,130.3641357421875,4215721
2013-04-02,130.10949343917696,130.9582199812515,129.17589525159056,130.3428955078125,6366149
2013-04-03,130.2580213668227,131.2977040479029,129.15467990935034,130.5338592529297,7516772
2013-04-04,130.2368049485188,130.42776109857806,126.71459147546187,127.11773681640625,6915582
2013-04-05,127.07532318563743,127.07532318563743,123.0651021167507,123.61676788330078,10967923
2013-04-08,124.10477757133233,124.67766626139306,121.19789829535597,124.27452087402344,7847505
2013-04-09,124.44423066326475,125.3778286635997,121.34638596254764,121.87683868408203,9673947
2013-04-10,123.48942070814297,123.48942070814297,119.30944758299414,120.87959289550781,13937871
2013-04-11,122.04662889702693,122.57708177880559,120.24308102941407,121.07059478759766,15866524
2013-04-12,122.15269640522197,125.4627207159965,121.36762867041986,124.29573059082031,13440094
2013-04-15,123.91379264873987,127.69062091258637,122.72557962191135,127.2874755859375,11683138
2013-04-16,127.2450562380718,131.08553368449864,126.33268096194483,130.68238830566406,10469351
2013-04-17,130.7035816225113,133.24975070550323,130.32165928614867,132.86782836914062,11708165
2013-04-18,132.01912787682056,134.31068251842916,131.67964128901363,133.80145263671875,9165780
2013-04-22,133.10127279276307,134.9472464702788,132.8466477337949,134.52288818359375,7086991
2013-04-23,134.73506051136874,134.9472396439782,133.27100936592853,134.77749633789062,4539153
2013-04-25,133.8226525011358,137.17512257778594,133.75900381558483,135.73228454589844,19275779
2013-04-26,134.73506102408896,135.73230799462667,134.39557441062195,135.32916259765625,6704259
2013-04-29,134.9896396974568,137.91774121237322,134.3743153324756,137.7692108154297,6443266
2013-04-30,138.34210824601203,142.41598712186135,138.34210824601203,139.55154418945312,13308971
2013-05-02,138.99987162665676,142.14015249089348,138.00262483751382,141.54605102539062,9543366
2013-05-03,141.3763169079216,141.48240141872756,139.57277935466496,140.3366241455078,9014815
2013-05-06,140.03956803161637,141.10047362078873,138.08750013362643,138.42698669433594,4110204
2013-05-07,138.38456022915972,142.5857470497642,138.38456022915972,142.2886962890625,7964905
2013-05-08,142.9040276579445,146.32014687512512,141.88555777088877,145.47142028808594,7407715
2013-05-09,146.17161762002092,146.80816508716012,144.98340442338994,146.19284057617188,6235467
2013-05-10,145.810929485816,150.2879447122331,145.13194614053586,149.86358642578125,10282713
2013-05-13,150.22426991848747,150.22426991848747,141.8855452990259,142.50086975097656,17051566
2013-05-14,143.81640242421045,144.21953768855363,141.33388162708204,142.5220947265625,10596122
2013-05-15,143.45566474768145,145.9593979210183,142.58571543948315,145.32286071777344,12882200
2013-05-16,144.7712183752248,145.7684652666449,141.1641431324387,143.01011657714844,11503781
2013-05-17,143.7102852022101,144.89849811463412,141.3550722414827,142.11892700195312,25342119
2013-05-20,142.16136303849356,145.1743361829172,141.73700488587923,142.01283264160156,11509947
2013-05-21,141.7370230172649,142.33112450692406,139.55155303434492,140.46392822265625,8003621
2013-05-22,139.67886772386137,143.0101151247347,139.67886772386137,142.39479064941406,10133253
2013-05-23,141.48238622158524,142.5645146894771,140.18808875487125,141.1004638671875,8023579
2013-05-24,141.73702013446652,141.80066882072924,139.4878914227792,139.99713134765625,11023742
2013-05-27,140.03960822214293,141.9916766803648,139.82742906080534,141.6946258544922,8316915
2013-05-28,141.1641448557566,145.06827090942068,141.14292190036124,144.283203125,8513216
2013-05-29,144.70753924464816,145.61992444807004,143.20105259834895,145.40774536132812,7100118
2013-05-30,145.30164983347473,151.0305456601313,145.08947074810695,150.3515625,17541039
2013-05-31,151.49464318989988,151.49464318989988,145.93480400741527,146.49510192871094,11554816
2013-06-03,146.81836195803135,147.35710527509252,143.6074464611519,144.83578491210938,7558341
2013-06-04,144.7495703615031,145.97790867295618,144.42632235905708,145.37451171875,9610688
2013-06-05,144.59874111012226,145.2236825648208,142.37912428677402,143.95225524902344,8687291
2013-06-06,143.95224218553358,145.13747127895962,142.2713586100028,144.3401336669922,6641257
2013-06-07,143.5212262039781,145.89169438435155,142.72388867646592,143.8875732421875,6774172
2013-06-10,143.97378655431646,145.6762145338707,143.887588447347,145.24522399902344,4959399
2013-06-11,144.2970545274937,145.35298660615956,143.52126121290655,144.1031036376953,10251272
2013-06-12,143.43504922099783,143.9306934789612,141.3878287285349,142.6592559814453,10494305
2013-06-13,141.8619530304948,142.37915206488512,139.4268302004162,140.93531799316406,12828233
2013-06-14,141.96968043982025,143.5212567764263,140.61204474241114,142.98251342773438,8419326
2013-06-17,143.43505039882274,143.43505039882274,140.5473829378801,143.02560424804688,5305728
2013-06-18,142.46533447666016,143.13337504538703,141.49559023590942,142.29293823242188,8416458
2013-06-19,142.20672507156254,142.5299731409153,141.0214958100777,142.1851806640625,7072114
2013-06-20,141.30162764387094,141.32317204875216,137.4873152316069,139.08200073242188,16222500
2013-06-21,138.78031077204827,139.98709456868963,136.84083278849394,138.93115234375,10469359
2013-06-24,138.06914922540253,140.33186464167608,134.19019387664227,135.50473022460938,13174419
2013-06-25,136.40982651600794,138.56479969024105,134.03935807327255,137.7890167236328,12938648
2013-06-26,138.6725593858903,140.89218637404554,137.35802281534004,139.18975830078125,13696270
2013-06-27,140.46115592633865,140.89215663855205,136.64685443187858,138.65098571777344,16042871
2013-06-28,139.03891321912522,142.22827424088612,138.45707081456237,139.79315185546875,14351872
2013-07-01,140.0733113648543,140.84910471068534,138.99582459076942,140.48275756835938,13805909
2013-07-02,140.07330544473803,140.74134598708346,138.99581871619247,140.00865173339844,9378833
2013-07-03,139.55607968019913,141.15076505931518,137.98294894892464,140.65512084960938,10526108
2013-07-04,140.7197821913562,146.4520181810793,140.65513872882352,146.04257202148438,10017235
2013-07-05,147.40020388507116,148.6931857931881,146.79680686416035,147.65879821777344,7077513
2013-07-08,147.05541939434465,150.24478040397253,145.99947711179584,149.42588806152344,8258683
2013-07-09,148.88713888257166,150.78351783984445,148.88713888257166,149.74913024902344,7207959
2013-07-10,150.37405514480864,150.37405514480864,147.87427943259178,148.9302215576172,6978260
2013-07-11,151.64548192219732,152.74452309596697,149.03796371008985,152.3135223388672,7181688
2013-07-12,152.24887542858733,152.24887542858733,149.81375347674972,151.1067352294922,6640357
2013-07-15,151.8610227279194,152.29201334061193,149.899989828651,151.96876525878906,6913287
2013-07-16,149.98617931206994,156.02010900985618,149.98617931206994,155.17967224121094,10138682
2013-07-17,155.5891060509764,159.6404479886267,155.4813532902738,158.7569122314453,18657124
2013-07-18,158.71377325551606,160.28690374737937,157.22684085269157,158.88616943359375,11876973
2013-07-19,158.82158455760984,160.28696285625938,157.3992950747666,159.05862426757812,8416022
2013-07-22,158.28282620372224,159.683550656915,157.93802350843592,158.95086669921875,6178646
2013-07-23,159.61891935390398,162.09714089346696,159.23102781734013,161.9462890625,7698275
2013-07-24,161.8385373011794,163.77800511793816,158.99396879487074,161.96783447265625,11098230
2013-07-25,161.14895688793248,161.1920559490352,153.32640046323672,154.6840362548828,22053243
2013-07-26,155.4382703694779,160.6533078323807,150.69732256474506,158.6707305908203,18237723
2013-07-29,157.31309116806017,158.47677600101892,153.26173865981528,154.2745819091797,8271173
2013-07-30,153.26170823226434,154.5547002296111,150.41715042515185,151.1067352294922,5800384
2013-07-31,150.84814119488723,152.96001515112644,144.83576732607847,147.27088928222656,20733349
2013-08-01,148.0467042600166,150.43872768400402,145.26678929887174,146.27963256835938,9914519
2013-08-02,146.5381880791705,148.26217049872216,142.07739048368825,143.4996795654297,9392407
2013-08-05,143.62901390389086,146.9476722130031,143.15491400567115,144.55564880371094,8968417
2013-08-06,144.53410152872598,144.72804216996218,141.79728569837755,142.33602905273438,11537641
2013-08-07,142.65924102655782,143.41348978170822,137.2718084589375,138.82339477539062,12292430
2013-08-08,138.82343197823658,141.02150464509592,138.0907376744144,140.2241668701172,9466948
2013-08-12,142.185169764362,145.46072877718396,140.07329551631852,144.66339111328125,19052782
2013-08-13,145.41763221841674,146.19342548979515,143.3488569911449,144.0384521484375,15484074
2013-08-14,143.58590430050964,145.24523333321602,141.84037715529425,144.31858825683594,10010708
2013-08-16,143.9522623227288,145.676234948313,136.84084578895028,138.09072875976562,18695389
2013-08-19,138.09069935300818,138.71564070533304,133.60835713856605,135.2892303466797,12856446
2013-08-20,134.5565733469344,139.08201551495583,130.59141894524393,135.8926544189453,19429002
2013-08-21,137.9183260066846,138.30621752408135,127.63910347191299,129.66477966308594,15496832
2013-08-22,129.7294429509294,133.9100931445847,124.98850492430584,132.724853515625,20889755
2013-08-23,133.0480969288216,133.54374127051153,129.7509930318206,132.96189880371094,15306783
2013-08-26,133.71609751827603,134.7504849547643,131.9059271878747,132.53086853027344,9031368
2013-08-27,131.9921638783191,132.2076591896336,125.26863845305715,128.3933563232422,17972729
2013-08-28,127.5744242059907,131.3671814835904,122.91968595130375,128.52261352539062,21508924
2013-08-29,129.16911976235326,133.17736235798435,127.14344381609652,131.6904296875,18027050
2013-08-30,131.8843956549138,134.47036982165653,129.29843173277698,133.04808044433594,17712666
2013-09-02,133.60838559079758,139.55610702820317,133.09118663189778,138.09072875976562,14240134
2013-09-03,138.52171518357562,139.49145936058252,127.40205571506118,129.60012817382812,20983697
2013-09-04,131.45339147680596,131.45339147680596,126.54004823976965,129.2337646484375,21763209
2013-09-05,132.63863983476824,136.36674429619416,132.5308973095193,134.53501892089844,14149234
2013-09-06,134.90136673629135,137.40113266152554,133.73768189215775,136.3667449951172,11458530
2013-09-10,137.9183220129764,145.84862007347,137.4873212059656,144.77113342285156,18861194
2013-09-11,144.8142292717434,145.24523006920836,140.95682796753167,142.2067108154297,11738218
2013-09-12,142.98252362093214,146.06414235168592,141.90503684673445,145.02975463867188,16830618
2013-09-13,145.61157362956953,146.06411882139807,142.20670736614406,142.8101043701172,11429753
2013-09-16,144.40479950077784,146.1072379891555,142.37913342800746,143.9307098388672,11057970
2013-09-17,143.13335222205464,146.45201012828593,142.89630230172233,145.97792053222656,6832496
2013-09-18,146.96924151280433,148.6932246707863,146.19345831185984,148.0682830810547,10523047
2013-09-19,150.15854831128266,153.6496124182233,150.09390485713078,153.1970672607422,15353164
2013-09-20,152.96003480673,154.29611578379726,149.25348526672923,153.13243103027344,13341518
2013-09-23,151.32223627684715,153.86510065730505,149.40430298464867,150.7834930419922,8171977
2013-09-24,149.6844902697698,152.4213061941319,148.77939976422215,150.3956298828125,13086701
2013-09-25,150.63264924912298,150.84814450559034,145.1805629151742,148.58541870117188,11272774
2013-09-26,147.9604889974456,150.84815639552926,146.96920049495733,150.5464630126953,12304592
2013-09-27,151.23604622736465,151.23604622736465,148.7147261149265,149.94305419921875,8599981
2013-09-30,148.84403056193224,149.33967479844603,145.82706608943974,146.71060180664062,8652819
2013-10-01,146.6890770844845,148.04670257135345,145.67623382654963,147.83120727539062,6647152
2013-10-03,149.1242041747069,149.1242041747069,145.24525772653337,145.99949645996094,12020302
2013-10-04,145.9994973348711,147.29247949201056,144.5341189227274,146.4735870361328,6919912
2013-10-07,146.0641244117189,146.9476601797687,143.09025882148535,146.5597686767578,8143249
2013-10-08,147.50797744802497,150.26634831123187,146.36584711589813,149.83535766601562,8714072
2013-10-09,149.77064518538947,151.06362685835285,148.06821743781032,150.2231903076172,8084153
2013-10-10,149.42588663464736,151.19295823140922,148.56389524264824,149.6198272705078,5327196
2013-10-11,150.24477474690192,150.82661712734358,146.83990833196316,147.4864044189453,5551234
2013-10-14,148.04671721847836,148.04671721847836,145.95639727392188,146.45204162597656,4174761
2013-10-15,146.1072326805241,147.74500715222464,143.6721102576709,146.53822326660156,7804813
2013-10-17,146.53822270273292,149.33969223527527,146.19343023519772,148.90869140625,7001561
2013-10-18,149.85689275396385,153.47725492700238,148.75786155472505,152.8092041015625,12205708
2013-10-21,153.00313223731408,153.4341330361999,147.83119436292262,148.5638885498047,10146755
2013-10-22,147.5725848487216,148.60697231718655,146.75369263522757,147.20623779296875,6778420
2013-10-23,147.46485341313004,148.4776966247939,145.89172245755915,147.22781372070312,7369486
2013-10-24,147.57259789291533,150.13701726525403,146.62440844262665,147.72344970703125,10032443
2013-10-25,148.65008825433594,149.5551786726336,144.81423130169483,146.5597686767578,9141374
2013-10-28,145.67623310480397,145.67623310480397,140.6335919812255,141.34474182128906,20979323
2013-10-29,141.0645868094798,143.11180739072833,139.21130686307632,141.32318115234375,17718103
2013-10-30,142.01275498589047,143.73672725737558,140.3103271174392,143.5643310546875,16308034
2013-10-31,142.8101390351295,145.0297664788128,142.37914838810738,144.38327026367188,17085463
2013-11-01,143.58590501066325,143.95225211294115,140.93528742638836,141.38783264160156,10738775
2013-11-05,141.8403915516311,142.1851840366623,137.099443659418,137.48733520507812,20264398
2013-11-06,137.91831491466863,139.0173459145401,136.7115311574388,137.35801696777344,9455959
2013-11-07,137.50887713235005,139.55609768967918,135.7633499715039,138.11227416992188,11236270
2013-11-08,138.28464786522582,139.5129759016447,136.71151718725773,137.72434997558594,6918568
2013-11-11,137.0132459452419,138.73722886473368,134.9444705396945,136.47450256347656,9778374
2013-11-12,137.05632136530775,138.30620415627536,136.53913272543357,137.87521362304688,6633652
2013-11-13,137.91833914744078,137.91833914744078,135.11686940994633,135.3970184326172,7681690
2013-11-14,134.47034381490369,137.05630723691152,134.47034381490369,135.52627563476562,6680746
2013-11-18,136.19436265170887,140.93531087497024,136.19436265170887,140.5474090576172,13010277
2013-11-19,140.8921766169497,141.2154143911903,138.9957978013541,139.42678833007812,7460717
2013-11-20,139.36216291277896,140.43964961866902,137.91832908774924,138.2415771484375,11691152
2013-11-21,137.6166013867873,137.91829472076975,134.08243849600683,134.87977600097656,10374316
2013-11-22,135.74179713181425,136.15124329766368,132.63863427848653,133.04808044433594,9296542
2013-11-25,134.19022833687023,136.58225175770062,134.0393765058715,136.28054809570312,6767726
2013-11-26,135.8710931693215,136.2805393317532,133.19893115505886,133.93162536621094,10613086
2013-11-27,133.1989458020594,135.84956370166793,133.1989458020594,135.3970184326172,7647866
2013-11-28,136.19433845074482,136.53914114319,134.4703659669415,135.11685180664062,10565222
2013-11-29,134.92291202859633,138.34932311691227,134.92291202859633,138.09072875976562,7762627
2013-12-02,138.3277491639077,139.512978169979,137.33646076196916,138.56478881835938,5281591
2013-12-03,138.75876129530417,138.75876129530417,136.81928323944123,137.5735321044922,5785728
2013-12-04,137.4873335056738,137.65973999066514,134.4057250972804,134.8367156982422,6843370
2013-12-05,136.19431728004355,137.25025935431987,132.55241175973404,133.06961059570312,16005883
2013-12-06,133.50063033672322,134.6212161081236,132.94034257332618,134.06092834472656,13210184
2013-12-09,136.19438103105816,136.88397638694053,133.88856544832413,134.92294311523438,9736518
2013-12-10,135.00910792045644,137.27182370337556,134.90135515929603,137.0132293701172,16726976
2013-12-11,136.62535402600918,138.67257477329431,136.62535402600918,138.28468322753906,10911954
2013-12-12,138.2846813518671,138.78032566480158,136.06505414752402,136.53915405273438,6493545
2013-12-13,136.0219515957909,136.8408439604194,134.62121681305405,135.8926544189453,7430787
2013-12-16,135.48321083691286,135.7633598477583,133.9100797881893,134.81517028808594,6639191
2013-12-17,135.69870353137372,136.12970436546541,134.5134742879859,135.8926544189453,8485441
2013-12-18,135.89264396712863,136.90547689682302,134.81515733168092,136.00039672851562,12437966
2013-12-19,136.62533701445568,136.8408322908212,134.08246201952605,135.18150329589844,11657325
2013-12-20,135.332379815975,136.15127232224447,133.75924852534501,135.84957885742188,15604452
2013-12-23,135.84954933381272,137.87522550374902,135.69869751188136,137.5735321044922,9074237
2013-12-24,137.81054343482535,137.9182961775448,136.8408097287656,137.50885009765625,6855665
2013-12-26,137.53041775169766,138.52170627173987,136.92703097534488,138.02606201171875,16056626
2013-12-27,138.34933215540494,139.49147267432954,137.9183415320035,138.97427368164062,8496764
2013-12-30,138.78030154365058,139.6422825949289,137.9183102477674,138.95269775390625,5980792
2013-12-31,139.21132733574768,139.64231797056988,138.04764237712033,138.71568298339844,5407304
2014-01-01,138.90959870134233,139.38368827954542,138.3923998259705,138.95269775390625,1930884
2014-01-02,138.93116720710836,140.07330766509799,135.46166726231192,135.74180603027344,7046088
2014-01-03,135.76336190423413,136.19435250851976,133.75922998278924,135.65560913085938,12462028
2014-01-06,135.76336903659956,136.4960633469841,135.11687285160056,136.04351806640625,8469206
2014-01-07,136.40980911504573,136.79771079347273,134.7935794405434,136.4960174560547,8078735
2014-01-08,136.84084847760712,137.05634377946342,135.224618346775,136.56069946289062,7763390
2014-01-09,136.49605731072268,136.49605731072268,134.75051973733974,136.02195739746094,7959027
2014-01-10,136.92700557977045,139.85777154088012,135.33232033453294,139.03887939453125,9541138
2014-01-13,139.46987937359413,140.63356397892687,139.03888886962062,140.26722717285156,6603277
2014-01-14,140.50428315688075,142.22826586234143,139.57764834334378,139.83624267578125,7859778
2014-01-15,140.11639031016523,142.01276921900583,138.50016038107265,141.7326202392578,9189578
2014-01-16,141.7972752698172,142.61615732231365,139.49145019469492,140.28878784179688,4928354
2014-01-17,140.50429603831364,141.36628747007134,138.99581871619247,140.00865173339844,11712237
2014-01-20,139.85780166028482,142.443765554015,139.25440462129134,142.31446838378906,8938669
2014-01-21,142.33600072432517,143.2410807740419,141.58175198265488,141.8188018798828,7243659
2014-01-22,141.58176484765303,141.68951760471253,139.1250982859855,141.08612060546875,11806241
2014-01-23,140.65512545027002,142.22825623299974,140.2025802768406,141.7757110595703,6535486
2014-01-24,141.32319210979307,142.4006788665414,139.38371389872475,139.75006103515625,5324998
2014-01-27,138.13382990925504,140.28880340729492,137.33649217368588,139.728515625,9599991
2014-01-28,139.70695240397947,141.34473707945094,137.44422627197446,140.78443908691406,13619641
2014-01-29,141.06459181676115,141.58178052084736,139.72851075326543,140.07330322265625,9476826
2014-01-30,138.5863727444783,140.37499907749503,137.05634076800715,139.90090942382812,15933336
2014-01-31,140.03019593068922,140.3749883798074,138.8234121141698,140.11639404296875,9742894
2014-02-03,139.06042490880958,139.96551515732213,137.78899787625485,138.04759216308594,6870129
2014-02-04,137.27179687646966,140.3965136488005,136.15121140673952,140.03016662597656,13377546
2014-02-05,138.99579094575677,139.96552470985878,136.840817919215,137.46575927734375,9475363
2014-02-06,137.91831122365244,140.2025815149128,136.4098238840319,139.87933349609375,12047787
2014-02-07,140.93530550527962,140.93530550527962,138.00453855570933,139.4052734375,12389542
2014-02-10,139.01736091823744,140.22415505031788,138.34932038648958,140.07330322265625,7082805
2014-02-11,139.685403481571,140.61203831087903,139.01735274449592,140.11639404296875,7869507
2014-02-12,140.28881452249334,140.9353107209704,137.48734465523606,138.1553955078125,9472266
2014-02-13,138.2199884174172,139.21127676199274,135.87106469945297,136.58221435546875,4303860
2014-02-14,137.09941343019983,138.04760279957503,135.63403544731338,137.8321075439453,6031797
2014-02-17,138.34930199897232,138.88804528309615,136.86236930543797,137.96141052246094,5141648
2014-02-18,137.91829508264317,138.58633544623038,136.25896637448042,136.58221435546875,6074237
2014-02-19,136.97014688448493,137.42269214473637,136.2374526070099,136.47450256347656,3359398
2014-02-20,136.1943576433018,136.6038038551134,134.2117802996277,134.40573120117188,7077222
2014-02-21,135.11687482376877,136.99169944518064,134.72898325387203,136.8839569091797,7146272
2014-02-24,136.19433798418817,138.13381598585286,136.19433798418817,137.9398651123047,4309197
2014-02-25,137.5304049531014,138.95269413992847,137.5304049531014,138.7587432861328,5560257
2014-02-26,139.12510988639409,142.1636190514058,138.99581271390485,141.6895294189453,12391503
2014-02-28,140.05172370302225,143.09024265612254,140.05172370302225,141.2154083251953,12367281
2014-03-03,141.28005643411544,142.63769185446904,140.52581794878702,141.88345336914062,9759053
2014-03-04,142.40066402640323,143.9522505314036,141.45247454992648,142.9394073486328,9650893
2014-03-05,142.9824723641439,143.93066161488093,141.9911840676735,143.6505126953125,6304100
2014-03-06,143.39194764743618,144.44788985003314,142.37911474396245,144.1892852783203,5899637
2014-03-07,143.1333717572102,146.27963387610137,142.6592718518394,145.7408905029297,20820893
2014-03-10,144.81424193934916,145.6762333650762,144.06000328356535,144.641845703125,9347006
2014-03-11,144.55564205271568,144.94353356937498,141.71107353006292,143.95225524902344,9354714
2014-03-12,144.0815355083938,147.83118379643668,144.05998085991772,146.9691925048828,10726780
2014-03-13,147.12005008532296,149.46897414197375,147.09850568060594,148.0035858154297,6257265
2014-03-14,147.4433004013376,150.0508188226942,146.53821000786107,149.64137268066406,6897445
2014-03-18,150.84816193339273,153.86512660630538,149.83532898867924,153.3910369873047,13749124
2014-03-19,153.43414839744352,155.1581210317679,153.240197506297,155.02882385253906,8840284
2014-03-20,154.53317540045273,154.53317540045273,151.83945862721563,153.3479461669922,11469950
2014-03-21,153.64962044338532,154.59780985884117,151.94719247426838,154.16680908203125,11193774
2014-03-24,153.45568579266086,156.58040333735946,153.1539923882465,155.43826293945312,10948547
2014-03-25,154.72710913348098,157.3130728512683,154.59781197205214,156.36488342285156,9008127
2014-03-26,156.45110068618268,156.6881506334623,152.46440186454782,154.74867248535156,15149289
2014-03-27,154.72709877605388,156.32177390486734,153.45566140687245,155.114990234375,26459965
2014-03-28,155.80461848727174,155.80461848727174,152.57215824545412,154.49008178710938,9733769
2014-03-31,154.79175319944378,155.58910106495895,150.69730209303904,152.0764923095703,12461507
2014-04-01,152.35664937186039,152.39974842812742,149.05953571131084,151.6885986328125,10255405
2014-04-02,151.96871692346048,152.141113113705,146.68903749650596,148.4130096435547,26083709
2014-04-03,148.5208126559269,149.83534941838977,146.86148339627002,149.0811004638672,10760165
2014-04-04,149.51206367088827,150.3309558900687,147.5294868221796,148.58541870117188,10707643
2014-04-07,148.58545757229592,149.46900372186147,146.81838576237928,148.8871612548828,11748896
2014-04-09,148.95177175509167,150.63265531240515,147.831186131751,149.96461486816406,9400948
2014-04-10,150.07234909456366,150.71884509890702,147.83117797159312,148.19752502441406,11032927
2014-04-11,147.74502895732942,148.6070205013085,146.6890967432957,148.04672241210938,12132005
2014-04-15,147.70190096505232,148.2406442939508,145.115937084182,146.94766235351562,7200749
2014-04-16,146.9476793271091,149.8353471818267,146.9476793271091,149.145751953125,6787207
2014-04-17,149.64138277002266,152.46439665525773,148.26220268176718,152.2489013671875,8527505
2014-04-21,151.88253182637197,153.30481076221076,150.46025289053318,152.3135223388672,6880755
2014-04-22,152.09805211298897,152.5936964062276,150.43872299990417,151.17141723632812,5147127
2014-04-23,151.7101976481622,153.00317995888886,150.22326440521346,152.22738647460938,11759510
2014-04-25,152.44283008959403,153.43411851522896,147.61568511546676,148.02513122558594,7124547
2014-04-28,148.88714033614104,148.88714033614104,146.53821614466392,147.40020751953125,7566809
2014-04-29,146.96921966730747,147.7881120578592,145.89173291487836,146.6675262451172,6681067
2014-04-30,146.6675298144592,148.67166177929872,145.93483552670222,146.86148071289062,6704337
2014-05-02,147.01228712899916,147.61568408829308,146.53819756745744,146.6459503173828,4510618
2014-05-05,146.7537077326163,148.90868099322896,146.7537077326163,148.5638885498047,6812515
2014-05-06,149.12416796720487,151.27915135243455,148.82247459600677,149.96461486816406,7776414
2014-05-07,149.98613913506568,151.02052651347174,148.90865270941788,149.404296875,7307541
2014-05-08,149.55518897496836,149.92153609757335,146.79681847417078,147.46485900878906,8634471
2014-05-09,147.74498227853644,150.50335229886397,147.07694186028158,148.9302215576172,8210979
2014-05-12,148.8440422452451,155.15811041070475,148.6931904241678,154.79176330566406,11539433
2014-05-13,155.15809750550818,157.24842719760562,154.29610619674443,155.52444458007812,11467467
2014-05-14,155.7184068819814,159.0370649566194,155.7184068819814,157.59323120117188,10709542
2014-05-15,157.59324385037283,159.33877114054496,156.94674770826174,158.6707305908203,9930518
2014-05-16,159.38188340490566,167.0104893397227,151.9256737237059,153.84359741210938,40343155
2014-05-19,155.15811580093975,155.58911662844545,145.02974490134514,145.71932983398438,25167174
2014-05-20,147.40023114363328,153.0031606113538,144.1893150626695,146.9045867919922,9597444
2014-05-21,146.3442535133886,147.78808715751373,145.97791668475523,147.2493438720703,11070806
2014-05-22,147.83119532156056,149.77067331760992,146.68906522300858,149.03797912597656,10932427
2014-05-23,150.4171887013884,150.50338682386553,146.83992564015966,147.8743133544922,10369650
2014-05-26,149.0379874302044,149.89997883698948,146.6028752801397,148.54234313964844,12807080
2014-05-27,148.69318353058156,149.81376919984544,147.48639975172858,148.17599487304688,7111658
2014-05-28,148.26218475226952,148.34838285707357,146.7967964813908,147.76654052734375,6491105
2014-05-29,148.69317871826937,149.98616056486534,146.71060177267316,147.61569213867188,15904432
2014-05-30,148.6070326837545,148.6070326837545,144.87892740222534,147.29249572753906,11472325
2014-06-02,147.40020063766048,147.87429023716984,144.55563230678825,145.09437561035156,11280670
2014-06-03,146.3595458125372,147.3256164897547,145.34956330625528,146.40345764160156,11193101
2014-06-04,146.00822941029858,146.57909354082122,144.36152040920572,145.3275909423828,15654413
2014-06-05,145.37149928883738,147.50123828669362,143.1539262102476,146.55712890625,22003710
2014-06-06,147.10602768113523,148.7966484159092,146.2497419681455,147.8525390625,16024262
2014-06-09,148.68686509669308,149.67489671774769,147.2377645778385,148.4014434814453,12511733
2014-06-10,148.86254603975073,149.27970318198956,146.90844362201813,148.1379852294922,8811973
2014-06-11,148.86256388577257,149.16994671504077,145.1300163505941,146.35955810546875,17591289
2014-06-12,146.66690361123457,147.63296361719935,145.41540112862785,146.7108154296875,10194744
2014-06-13,147.91840737098042,147.91840737098042,145.7227953988466,146.05213928222656,8416552
2014-06-16,146.77669457091537,148.15993266562677,146.1399679122958,147.6329803466797,10149136
2014-06-17,147.52319633374728,148.4892668236375,146.82059676715463,147.56710815429688,6098558
2014-06-18,147.7427344859679,147.8964310549962,145.89841740881837,146.205810546875,6865546
2014-06-19,147.040161793879,147.94036980811208,146.3156115067203,147.65493774414062,8788560
2014-06-20,147.76474195219978,148.53320416274195,146.40345440568987,147.41343688964844,6990450
2014-06-23,147.1060292506841,147.1060292506841,137.22577565788123,138.30162048339844,33376555
2014-06-24,138.32358323129557,141.70482477648693,138.32358323129557,140.73875427246094,18077894
2014-06-25,140.1240145981653,140.38749603129892,138.5431781883731,138.78469848632812,13574151
2014-06-26,138.32357933147895,139.57507141907033,137.66489159436853,138.8724822998047,13659957
2014-06-27,139.20184341090808,140.93637617064525,138.80662654456785,140.409423828125,11439941
2014-06-30,140.78269380429415,143.7687295465059,140.76074310827707,142.73678588867188,22314069
2014-07-01,143.85652168641366,143.85652168641366,142.27567528310854,142.80262756347656,14962757
2014-07-02,143.21981115755185,144.9982557326347,142.93437907520766,144.625,9306027
2014-07-03,144.6908761202209,146.0741142992404,144.383482899683,145.5032501220703,10115952
2014-07-04,145.87651569282895,147.14996917349717,144.88848388217872,146.40345764160156,10708319
2014-07-07,146.4034430108754,147.54516089025367,144.77869506006016,147.01821899414062,17027402
2014-07-08,146.66695393997628,148.18191741536162,145.5691476641421,147.45736694335938,15803786
2014-07-09,147.76473030007128,150.61901977669316,147.41342526522243,149.96034240722656,26261085
2014-07-10,149.54316889056213,153.25375445621273,147.98428352162608,150.24575805664062,42430312
2014-07-11,151.49729533469483,153.91246702138685,150.61904823831534,151.8925018310547,14437515
2014-07-14,152.48529365204502,153.38549124774676,149.87251407365736,151.47531127929688,6912659
2014-07-15,151.7168460431263,152.79270154662194,149.9164505555888,150.3336181640625,5904027
2014-07-16,150.04815957005133,151.58508380350025,149.30164814579348,151.14596557617188,8598157
2014-07-17,150.6629165630911,151.93636978808502,150.4433574618506,151.16790771484375,5706924
2014-07-18,150.6190255129007,152.3755194406396,150.0481717709558,151.10206604003906,6100526
2014-07-21,151.4972495534055,153.69286141195636,151.10204317647393,153.6269989013672,8177341
2014-07-22,154.1320144059461,155.38350668291937,153.56115022235795,154.96633911132812,8148776
2014-07-23,155.2298070403802,155.8884843822166,153.31961665455574,155.29566955566406,8044919
2014-07-24,155.44937782034873,156.81065486677005,154.79068999128017,156.5252227783203,6278041
2014-07-25,156.7667477941191,157.7328184350724,154.74678285738045,156.8984832763672,8495970
2014-07-28,155.99825229315294,157.31561727220526,155.71282025698204,156.8545379638672,4496205
2014-07-30,158.25975194952218,160.06015765345458,157.16194588469025,157.7547607421875,11848905
2014-07-31,157.20586470350094,158.08411168199768,155.44938118430798,156.34957885742188,10259935
2014-08-01,156.3276189851569,157.18390478096532,152.8805042329948,153.49526977539062,9545592
2014-08-04,155.44937093301598,155.8884891744059,153.38549432288357,155.66893005371094,6475186
2014-08-05,156.32760620117188,156.85454805156235,153.05613901436757,156.32760620117188,4971636
2014-08-06,155.62500170565656,156.04216920958302,151.10204254837853,151.9583282470703,7650927
2014-08-07,152.09006965810923,153.97829884510057,150.81661640564968,152.04615783691406,4920727
2014-08-08,151.60703657685528,153.47330459682752,150.70682860375413,153.05613708496094,4388250
2014-08-11,153.91244871808527,154.5052636110284,151.95835672842844,152.6829071044922,5595000
2014-08-12,153.5611399210125,153.5611399210125,150.83857554110762,152.3974609375,4348476
2014-08-13,153.47332942451496,157.2058660682794,152.59508243839375,156.8984832763672,10789938
2014-08-14,156.7008514404297,158.89646335905243,155.88847753561106,156.7008514404297,6878404
2014-08-18,155.71285006209905,155.888497367887,152.17791150081462,153.9783172607422,7225243
2014-08-19,154.13200394586676,154.7248187836232,152.5292067270735,153.07810974121094,8052736
2014-08-20,154.13200268094315,154.13200268094315,151.01423191618142,151.47531127929688,7099498
2014-08-21,151.47531640385077,152.8146322774491,151.16792319284127,152.00225830078125,6235710
2014-08-22,152.0461519487613,152.74875149847452,149.98227555691508,150.90443420410156,7123904
2014-08-25,152.24379529895293,153.69289611267828,150.8825181443745,153.38551330566406,4210814
2014-08-26,153.67094686427947,155.36156797548406,153.49528910652984,154.7687530517578,6166860
2014-08-27,155.2956614055569,155.84456438051325,154.2856790966133,154.7248077392578,7417246
2014-08-28,154.57111732382674,156.7667293113675,154.50524437156878,156.0202178955078,13099525
2014-09-01,157.20584398446235,157.20584398446235,153.53917037800522,153.93438720703125,7340711
2014-09-02,153.91242700565354,156.41543214524833,153.25374968297012,155.75674438476562,7618002
2014-09-03,156.02021633801704,156.19586362521898,152.9463574985853,153.2098388671875,10204218
2014-09-04,153.5172204429376,154.94437029721183,153.2976613356183,153.86851501464844,9127941
2014-09-05,153.9563505446273,154.57112653038774,152.96832926650526,154.04417419433594,7591967
2014-09-08,155.01023116326743,155.88847802101103,153.8026508669443,155.42739868164062,6563491
2014-09-09,154.1319686838717,157.9084159645374,154.1319686838717,157.29364013671875,6017390
2014-09-10,156.7667098575414,156.7667098575414,154.02219521369358,154.1539306640625,10499079
2014-09-11,154.15392991268288,154.98826486541742,153.47329153686198,154.2198028564453,9151782
2014-09-12,154.21982786652464,157.18390206056185,154.19786673577633,156.17391967773438,8462450
2014-09-15,155.64695712222309,155.8884773555764,153.69286543948937,154.4393768310547,6591435
2014-09-16,154.39548755778293,156.020235602818,153.69288788442148,155.0761260986328,8095323
2014-09-17,155.22981401259796,157.42542612626866,154.48330255385392,155.77871704101562,9693797
2014-09-18,155.93236790225563,157.64494955578456,155.09803298290058,157.51321411132812,6594580
2014-09-19,157.2058417492592,158.43539360230332,155.5371821277834,157.82061767578125,8646616
2014-09-22,157.64498584226268,163.35357527169054,156.94238620564076,162.80467224121094,13115537
2014-09-23,162.47532460951692,164.62702485716667,161.5092540454905,162.82662963867188,14202136
2014-09-24,162.73879239603235,166.42741661052196,162.65095831773118,165.63699340820312,10508318
2014-09-25,165.76875312033937,166.82264739834585,163.48531725762547,165.3955078125,13621698
2014-09-26,164.47335026060668,165.30767497375743,161.86057045913316,163.2218475341797,10573858
2014-09-29,162.78273661563637,163.7487968534398,160.0601719047872,160.7627716064453,3128759
2014-09-30,160.0162493416957,163.52922673872888,159.40147333925972,162.5631561279297,10195275
2014-10-01,162.47534022014446,162.47534022014446,159.55517755443628,159.884521484375,4091374
2014-10-07,159.2697258814477,160.89448419852,157.24976115969275,159.29168701171875,10091137
2014-10-08,159.40145710985772,161.57511837229544,159.07212366694836,160.58709716796875,8661042
2014-10-09,160.74075725894167,161.72878874084896,159.77468690316007,160.49923706054688,6208759
2014-10-10,160.10408114241423,160.41146394037654,154.72483520796985,155.05416870117188,5365779
2014-10-13,154.9663202252453,154.9663202252453,152.46332553854373,153.93438720703125,5717478
2014-10-14,153.93438886784037,154.5711155016973,150.83856890419872,152.37550354003906,8105627
2014-10-16,151.49728518541568,155.22983248552282,150.81664660171523,154.7687530517578,13245841
2014-10-17,154.52720113229802,158.04017812547315,154.28568089791372,155.42739868164062,11709385
2014-10-20,155.8884709651199,157.13997346359338,154.0441536911166,154.57110595703125,8346354
2014-10-21,154.61503420408224,154.96632879348505,152.81462855779324,154.2856903076172,6726352
2014-10-22,154.7687117906873,155.01022157232953,153.03416887412047,153.2537384033203,8451846
2014-10-27,154.24178122895694,154.30765418454217,152.81463127740957,153.49526977539062,5825822
2014-10-28,154.24178863714695,154.48330890215973,153.1878943617645,153.75875854492188,5101908
2014-10-29,154.96634933893213,155.88850819617417,153.82463133420416,155.64698791503906,7158670
2014-10-30,155.054165900827,157.09609197348647,154.35157666103078,155.84458923339844,15426750
2014-10-31,156.7008533726176,158.0840914034776,154.68089915032903,155.97630310058594,15343260
2014-11-03,156.72284736822309,157.05219131670327,155.09808876002822,156.08612060546875,7727962
2014-11-05,156.1958723537899,157.996278023819,156.10804870528116,157.71084594726562,7884245
2014-11-07,157.35954935534926,158.30365878373155,155.01024069306806,156.17391967773438,9694742
2014-11-10,156.32762806713055,163.57314215024317,156.19588214830617,163.2218475341797,24492668
2014-11-11,162.60707570455978,163.44141087699091,159.20388292932878,159.884521484375,7493377
2014-11-12,159.95037093885915,162.47532694501862,159.90645911430855,162.25576782226562,6902166
2014-11-13,162.84858426051173,162.84858426051173,160.87253126086654,161.7507781982422,5038832
2014-11-14,161.6409781806658,162.76073475866966,161.31163432673583,162.12400817871094,7768029
2014-11-17,162.03621421538486,163.11205917239738,160.1040729937865,162.5631561279297,6218698
2014-11-18,162.1459952750228,163.22184020732396,161.37752268017903,162.58511352539062,9904004
2014-11-19,162.5850983640381,165.6589571433701,160.9823012429592,161.5312042236328,13208757
2014-11-20,162.03621978610738,163.09011408522971,161.64101333811175,162.49729919433594,5258120
2014-11-21,162.54120343201413,165.41745409706604,162.2777324789865,165.17593383789062,6902462
2014-11-24,163.35357234756702,165.08810505780943,163.35357234756702,164.64898681640625,8904624
2014-11-25,164.31960679907408,166.3395711411412,153.10002860038247,156.06410217285156,26184187
2014-11-26,157.42540269251745,160.85055582745235,157.2497449818195,159.5771026611328,22267406
2014-11-27,159.02819827148386,159.59905190322746,155.99825152806488,158.34754943847656,16590815
2014-11-28,158.34756381964803,160.7188335110299,158.08409288876092,159.4673309326172,10866476
2014-12-01,159.02822003850298,161.13600845827244,159.02822003850298,160.10406494140625,8533342
2014-12-02,160.0162360116681,161.1140420091516,159.6649414325692,160.63101196289062,8924397
2014-12-03,160.71885188095214,160.71885188095214,156.81065754156214,159.51126098632812,8164612
2014-12-04,163.8146355661421,168.62302680544988,163.8146355661421,168.24977111816406,27702699
2014-12-05,168.1839422354872,172.1360381220144,168.03024561652074,171.85061645507812,16908709
2014-12-08,172.6629728379759,175.5172622799268,172.26775598329664,174.6829376220703,15662453
2014-12-09,174.99034057575125,175.6490284509959,172.0482167084334,173.16798400878906,14415357
2014-12-10,173.78274841453452,174.11209234987788,169.65499475058024,173.4534149169922,9649673
2014-12-11,173.4533709991564,175.18790345661213,171.47731832522751,174.1559600830078,11225006
2014-12-12,173.89249290233374,175.78071154343922,172.57512790408845,173.76075744628906,9041914
2014-12-15,173.45338825737457,175.5172543343365,171.89450291577612,172.37753295898438,8901903
2014-12-16,170.81869123036367,171.25780956357661,165.94443598049173,167.13006591796875,14072416
2014-12-17,165.79070302768795,168.93042451689405,160.98231136219903,163.2657470703125,16246094
2014-12-18,166.20788463774602,166.20788463774602,160.2797253094581,164.60508728027344,6500408
2014-12-19,165.08808540457065,165.08808540457065,161.3775001741481,161.9483642578125,9788570
2014-12-22,162.29968848911352,166.07614735741146,162.0362175274557,164.27574157714844,17438456
2014-12-23,164.20986447178953,165.7687499456065,163.7048732557953,164.5172576904297,5262474
2014-12-24,164.45136476399225,166.18589733052772,161.26773168308515,163.090087890625,21419026
2014-12-26,163.7487853159509,163.7487853159509,160.89449575703847,161.57513427734375,3026088
2014-12-29,161.2018787341543,163.1120588196994,161.15796690820383,162.4094696044922,3433537
2014-12-30,162.58510657127331,163.1120484491762,161.28969213139584,161.72882080078125,3283195
2014-12-31,162.0142390583902,162.73879978211684,161.37751241695113,161.9044647216797,3824375
2015-01-01,161.421429163985,161.99229330837406,160.71883998664433,161.2238311767578,2636761
2015-01-02,161.26774143871637,162.54119474811472,161.26774143871637,161.72882080078125,6853849
2015-01-05,161.90446021116384,163.26573710060612,161.39946905052568,162.36553955078125,8556295
2015-01-06,161.88250253157528,162.21184641514898,157.64497518047176,158.19387817382812,13597291
2015-01-07,156.76675909003657,159.84061854404925,155.01026499122892,155.2517852783203,12421217
2015-01-08,156.08610251996103,159.5551680496459,156.08610251996103,159.13800048828125,8774566
2015-01-09,159.4453780658714,160.6529688850515,155.0541539056526,156.7228240966797,11224780
2015-01-12,156.9643368428971,158.67690833832867,156.37152202712474,157.13998413085938,10249032
2015-01-13,157.38150500459892,158.83060557392366,156.89846452295774,158.1280059814453,12071158
2015-01-14,157.9523659061891,157.9523659061891,151.9803056296872,152.726806640625,16849719
2015-01-15,155.0541681613895,158.04020378745946,154.08810794258534,157.16195678710938,16665762
2015-01-16,157.40345569678294,158.94037991044254,155.6030501123193,158.1280059814453,11230052
2015-01-19,158.08410131368512,158.8525634552932,156.32761790969522,157.55715942382812,7117173
2015-01-20,157.68890267589785,163.2877179397463,157.24977397488598,162.9583740234375,12477394
2015-01-21,163.77074278824867,163.77074278824867,153.34158521162882,154.87850952148438,33697892
2015-01-22,155.01025040114672,157.99628591294353,153.18789394689588,153.9783172607422,30768622
2015-01-23,155.2078488003407,156.30565482831076,153.16593334592434,153.45135498046875,17392494
2015-01-27,153.69288139276176,158.5232343722218,153.4074493089709,158.1499786376953,26228540
2015-01-28,158.08410328739043,159.59907689634386,157.00825836326703,159.09408569335938,12792194
2015-01-29,159.40147333925972,163.35357943454727,158.0841081200973,162.5631561279297,21906152
2015-01-30,162.47533449254774,163.35358146215728,159.6869074095528,161.83860778808594,14453148
2015-02-02,161.15796435163517,162.12403494501993,157.82063431894247,158.36953735351562,8820985
2015-02-03,158.7208340858073,161.1579665146059,158.7208340858073,160.7407989501953,6541497
2015-02-04,161.3775206706272,162.6948858431262,160.4334112251929,161.4214324951172,6030862
2015-02-05,160.674929158052,163.39748311270628,159.70885859542636,161.99229431152344,9843219
2015-02-06,160.76273169678237,164.40744391163696,160.76273169678237,164.01223754882812,7606977
2015-02-09,162.98032691122853,164.16595667565713,161.026234956937,161.5531768798828,7464839
2015-02-10,161.64099891768765,163.35357047735295,161.11404659623696,162.43141174316406,8320305
2015-02-11,162.93640433809335,163.74877830128952,161.5312155317811,162.98031616210938,4720532
2015-02-12,163.3535853979494,163.3535853979494,160.1260399712864,162.65098571777344,5498120
2015-02-13,163.0022830197632,166.53722150954442,162.4972918069373,166.01026916503906,9373648
2015-02-16,166.16397167311942,171.69691407897426,165.98832436464792,171.08213806152344,12053473
2015-02-18,169.06215929183628,176.52724235506747,169.06215929183628,172.68492126464844,14195768
2015-02-19,172.55321497977576,172.88255893079122,168.44742225377374,170.928466796875,7249013
2015-02-20,170.1599618614003,174.72684360385955,168.7767342296732,173.91445922851562,9275383
2015-02-23,173.45339139336483,175.12206153930669,170.92843548189995,171.3675537109375,6077614
2015-02-24,172.1359992794743,174.77073971376345,170.6649376969443,173.76075744628906,8556081
2015-02-25,174.5951094084905,175.64900359707775,172.77274266158784,175.5172576904297,16358450
2015-02-26,174.72684699264147,176.26377125227958,172.11406740101685,173.7388153076172,12153247
2015-02-27,173.36556792330958,174.17795235346313,168.6450101398618,172.88253784179688,35742645
2015-03-02,157.2058412108166,157.2058412108166,150.17988730839522,150.72879028320312,52676159
2015-03-03,150.83857029626387,151.7168171765922,148.86252786277433,149.98228454589844,46726874
2015-03-04,151.497251585604,154.0441580355918,150.5750929225949,151.16790771484375,33411001
2015-03-05,152.37550171477753,153.29766039767563,150.04815431583435,152.04615783691406,21288890
2015-03-09,150.926411347884,151.4533532377348,148.09406215763636,148.5771026611328,16929751
2015-03-10,149.30165894556026,150.48728868290928,147.14995860040833,148.66493225097656,13538973
2015-03-11,149.4553503496148,149.609036516044,148.22580882918152,148.51123046875,13191922
2015-03-12,148.88444225882407,152.92437066077224,148.77466794916924,152.22177124023438,28375424
2015-03-13,152.94637669313585,153.6928881952295,147.85256297381625,149.03819274902344,16254309
2015-03-16,149.74076009157463,150.0042414547183,147.1060299625307,147.28167724609375,8926276
2015-03-17,149.0821071194635,149.58709836105882,147.65495705079837,149.30166625976562,11361862
2015-03-18,149.8505463212737,149.8505463212737,147.5451496075713,147.83058166503906,9094350
2015-03-19,148.6429749941202,149.67491858658903,145.56912622474215,146.38150024414062,10865286
2015-03-20,146.53516428485975,146.53516428485975,143.32957008074465,143.7906494140625,10980106
2015-03-23,143.30764312449642,144.82261683662708,142.7148282317323,143.7687225341797,11832346
2015-03-24,143.6369670148688,144.822596635011,143.1539265398187,143.39544677734375,11128170
2015-03-25,144.31762679687967,144.31762679687967,143.153947696641,143.48329162597656,7528966
2015-03-26,143.1539410326985,144.4493555568085,140.78268155234824,141.57310485839844,25124845
2015-03-27,142.2756759210621,142.82458933289792,138.36749259108734,139.42138671875,22227555
2015-03-30,140.3654990106042,144.69086038159662,140.3654990106042,143.83456420898438,17152877
2015-03-31,144.38346237655523,144.38346237655523,142.27567414750484,143.0880584716797,12752488
2015-04-01,143.08806595174244,146.22778733061867,142.34155453723784,145.98626708984375,11257250
2015-04-06,144.62499404378232,150.02620050320618,144.51521970434018,149.7407684326172,20059841
2015-04-07,149.78466835216472,150.6190033670566,147.9842733006388,149.5651092529297,10955870
2015-04-08,150.1798897794199,152.35354058528034,149.96033067344396,152.04615783691406,12858493
2015-04-09,152.33161663784992,153.231814349295,151.0581631618151,152.44139099121094,7962836
2015-04-10,152.3754677991074,152.63893866763527,150.28963066210292,152.22177124023438,5808788
2015-04-13,152.37549450532367,154.7467536132689,151.43137473759822,154.35154724121094,11311123
2015-04-15,155.44937906082703,157.46934395243613,154.30766113571758,155.86654663085938,18165922
2015-04-16,154.94439206406028,156.50327760172095,152.22182743743292,153.73680114746094,8168670
2015-04-17,153.91244938670815,155.12004031059416,152.6829077677737,154.50526428222656,9146535
2015-04-20,154.61503409093214,154.61503409093214,149.56512218296342,150.135986328125,11709786
2015-04-21,150.11403189998205,153.12202848614837,149.740776163449,150.15794372558594,11309747
2015-04-22,149.30163493815678,151.49724675616795,148.66490834595743,150.79464721679688,11183242
2015-04-23,150.79465433113964,152.15594165525772,148.55513058862164,150.2238006591797,9268343
2015-04-24,150.17989921326938,153.67092574987956,149.8066434907639,152.7926788330078,17985818
2015-04-27,153.20985150853318,154.48330488361916,151.14597483802137,151.431396484375,9732828
2015-04-28,151.4533601361811,151.49727196233542,146.49127159173847,148.22581481933594,11098180
2015-04-29,147.1279741018516,147.5451416006352,143.72478203987816,144.09803771972656,10479677
2015-04-30,143.94438365310467,144.2078546445403,141.0461714339074,141.55116271972656,20809376
2015-05-04,142.01222497663247,145.30564328416585,140.56312426141395,144.99826049804688,7487026
2015-05-05,144.2956507227789,144.47130845462323,142.10003867162231,143.2637176513672,13976353
2015-05-06,143.1539433136746,143.96632776457622,138.85054254454363,139.79466247558594,20990280
2015-05-07,139.86053231907187,142.14396830332598,138.5870788399072,141.63897705078125,11010190
2015-05-08,142.95635102852137,144.60306025282486,141.68288712730723,144.03219604492188,12625098
2015-05-11,144.91041727245994,145.23976114629036,142.4513344400446,143.35153198242188,9134733
2015-05-12,143.81261741789373,144.0321765304934,141.88047635141797,142.38546752929688,14846868
2015-05-13,143.52719515953552,144.82260966908567,140.95832727209554,143.96632385253906,11037270
2015-05-14,143.59305115310815,143.59305115310815,141.57308654220435,142.58306884765625,8347876
2015-05-15,142.7587057035349,143.98824702085892,142.648920941821,143.32955932617188,5659055
2015-05-18,143.72481853031243,146.62303062926046,143.26373909552976,146.22781372070312,7175678
2015-05-19,145.6789025224233,147.5012590262435,145.23978424600904,146.0301971435547,8901031
2015-05-20,146.0082286154528,146.75474003198016,145.12998173209107,145.76670837402344,5360856
2015-05-21,146.22780576062337,146.4034530713978,143.1539465086684,143.7687225341797,7458421
2015-05-22,144.47132314588092,146.3375914915845,142.91243759601304,144.5371856689453,12962351
2015-05-25,141.1559136372447,142.4952397629223,138.93834070066708,139.11399841308594,24332194
2015-05-26,139.42141056081726,139.42141056081726,137.3355726401046,137.8844757080078,11448185
2015-05-27,138.32358666913993,139.97029566147017,137.88445800850553,139.50921630859375,9485450
2015-05-28,139.68486781779072,141.595047801531,138.98226820222888,141.1559295654297,20765291
2015-05-29,141.39745420022956,144.888470380023,139.92639240695934,143.63697814941406,20563442
2015-06-01,142.93437265659207,146.55713460069182,142.93437265659207,145.8106231689453,10448028
2015-06-02,144.4273848557923,144.60303213551614,139.46529701459886,139.92637634277344,11266482
2015-06-03,140.6618545627624,140.68427233293644,134.7449164006989,136.44827270507812,21470134
2015-06-04,136.71721294923626,137.45682878093794,133.66908920950218,135.19314575195312,11429057
2015-06-05,135.12594298503527,138.01717494598515,132.2347110240854,136.40345764160156,17605227
2015-06-08,137.61374831391976,138.17406473989064,135.4845395023298,136.42587280273438,10689359
2015-06-09,135.32764234540542,135.8207267497621,134.34149484635995,134.7449188232422,10292547
2015-06-10,134.74491549093364,136.00002293169513,133.84840713186583,134.9690399169922,9861385
2015-06-11,135.3724220478225,135.3724220478225,132.32429907084077,133.153564453125,11520780
2015-06-12,133.04149371890972,134.54314273694644,132.23464611758823,133.377685546875,8653038
2015-06-15,133.13118971879774,135.70864708915641,131.78643259442933,133.80357360839844,8680427
2015-06-16,133.579437867696,134.54317808320965,132.34673772625322,134.00527954101562,8231138
2015-06-17,133.80358224665412,135.86554827606,133.24326585409094,134.9690399169922,10881861
2015-06-18,135.01384730414472,136.4482540998511,134.56559851012156,135.32762145996094,11296145
2015-06-19,135.73105089790462,136.91891548457318,135.55175138707403,136.7172088623047,8757082
2015-06-22,137.25512051192774,139.92222762750117,136.582747282056,139.13778686523438,7197508
2015-06-23,139.1377680244258,141.19973362648506,137.8826608437879,140.99801635742188,7586161
2015-06-24,141.28938012158483,142.58931214818077,139.4291318314678,140.59458923339844,7368751
2015-06-25,139.2274761294373,141.40151015989989,138.84645919699523,140.0119171142578,10885448
2015-06-26,140.0118512718084,140.0118512718084,137.63611165979796,138.03953552246094,5507615
2015-06-29,136.806897906572,139.38435575204787,136.15693166573482,138.93609619140625,9719271
2015-06-30,139.04813541825675,142.02901667169067,138.0843844848562,141.26698303222656,11639874
2015-07-01,141.31182052718523,141.8273120372768,140.079130849894,140.57220458984375,8850821
2015-07-02,140.79631102518624,142.23072848595336,140.52736174685455,141.22215270996094,6562181
2015-07-03,140.8859655528064,142.051423031713,140.01186445250252,141.46868896484375,5122200
2015-07-06,140.2584109907827,142.83586818472,139.85498707753553,142.7238006591797,4419337
2015-07-07,142.83587743335707,143.12724449476218,141.69282695622917,142.25314331054688,7595780
2015-07-08,141.2669500528137,141.64796678359568,138.68949333413892,140.28079223632812,11611813
2015-07-09,140.2135595448736,141.15489248559214,138.89120987530893,139.22740173339844,6711914
2015-07-10,138.5102463835718,139.7205290140081,137.41203130051582,138.91368103027344,7493999
2015-07-13,140.30322286222147,141.8272792702444,138.48779943867274,141.0204315185547,6623752
2015-07-14,140.72907198253162,141.87211168559153,139.249840370984,139.9894561767578,5465329
2015-07-15,139.56361551349016,141.28938929094062,139.56361551349016,140.75148010253906,5687830
2015-07-16,141.11012069793884,143.39621127617164,139.98948785263192,142.52210998535156,5838516
2015-07-17,142.79105107647786,145.18919822909675,142.38761648644265,144.4720001220703,6133622
2015-07-20,144.24784936680095,144.98746510699777,143.08239200092058,143.6651153564453,4946419
2015-07-21,143.6651581348958,144.5392487558719,140.07913522245892,140.48255920410156,7069753
2015-07-22,139.89982386546666,142.52209550703685,139.2722648477192,140.9756317138672,8060271
2015-07-23,141.2445831298828,142.29797322512718,139.8550010791917,141.2445831298828,5631003
2015-07-24,141.19973362648506,141.46868288201503,140.07910107361212,140.99801635742188,4199466
2015-07-27,139.63084695576063,140.46012317401295,138.8688240361889,139.69808959960938,5315522
2015-07-28,139.83257560391186,140.70666611603679,138.75676779866856,139.4963836669922,6795594
2015-07-29,139.40672486576798,139.85498430420805,134.74489489691626,136.26895141601562,9718356
2015-07-30,136.2689630690106,142.47726785445923,134.4759571264181,141.62559509277344,20744023
2015-07-31,142.52208360432573,146.75808264697758,141.33421897488287,146.13052368164062,16948958
2015-08-03,146.1305244565487,149.4924223880054,145.72710054051353,148.6183319091797,14905871
2015-08-04,148.5735141383625,148.61833902006668,145.4805653362754,147.87872314453125,10317915
2015-08-05,147.87870912955933,149.2907087516703,146.39947751868033,148.7303924560547,5929897
2015-08-06,148.17007525703414,148.3717818769403,145.2340085096578,146.24258422851562,8786024
2015-08-07,145.23401269991095,145.95122141035822,144.33751513039195,145.43572998046875,4644064
2015-08-10,145.45812015535535,146.69080940703276,143.14961271466163,143.8668212890625,5799938
2015-08-11,143.48585510253906,144.2927137010616,141.80490590427019,143.48585510253906,5520369
2015-08-12,143.44101652493978,143.44101652493978,141.64799995600114,141.98419189453125,12386018
2015-08-13,142.27556773507945,143.30655072764284,135.82072047420436,141.80490112304688,6900635
2015-08-14,142.32038830489049,143.55307791178927,141.02045604623973,142.61175537109375,7890438
2015-08-17,143.12724520978742,143.35136962166757,141.42387836983227,142.0514373779297,4495638
2015-08-18,141.87212318996782,142.8134563481331,140.12394217180324,141.13250732421875,9429541
2015-08-19,140.75149447935883,142.54451108406604,138.51022905089133,142.0514373779297,7657887
2015-08-20,142.58931007374545,148.08041576926448,141.80486944719448,147.6321563720703,18701959
2015-08-21,147.4528614326097,148.50625133713683,144.67368717956626,148.2597198486328,18452566
2015-08-24,143.9116869963224,147.69942687579393,141.46870425247297,143.53067016601562,17120031
2015-08-25,144.3599193948589,146.19776068578742,140.0791062929282,143.39617919921875,22094589
2015-08-26,142.36521190472806,143.82203656778177,140.57219529561067,142.3876190185547,16777892
2015-08-27,145.00987482522888,146.82529821696383,141.80486967510382,145.99603271484375,20810590
2015-08-28,147.63215573657507,147.63215573657507,145.54778311131236,146.57876586914062,10099873
2015-08-31,145.5701969554925,147.2511457921314,144.15819737555623,145.74949645996094,10005743
2015-09-01,144.56165490491853,145.1892032703564,140.8859825142829,141.40147399902344,9835616
2015-09-02,142.94794581857946,144.80820521472404,141.26699662031058,143.48585510253906,13515913
2015-09-03,143.1496577064564,145.54781564083513,143.0375901688857,143.44102478027344,10476984
2015-09-04,143.44099956902582,144.11337271177317,141.0876669323314,142.1410675048828,16321889
2015-09-07,141.78248894412488,143.2169066063243,139.47399133201833,140.50497436523438,7386243
2015-09-08,140.348072617643,141.46870534848222,139.09296523768305,140.2584228515625,10634960
2015-09-09,141.3118075555352,141.8272990183075,140.23599974865533,140.93080139160156,6359030
2015-09-10,139.4067281357438,141.55834365719554,139.11536109214816,140.4601287841797,9313670
2015-09-11,141.06527651600504,141.71524262499668,139.92222605581316,140.63943481445312,6970833
2015-09-14,140.63941410828687,141.28938012158483,139.67566331593864,140.59458923339844,7762278
2015-09-15,140.30322884281665,142.49966912570483,140.0791044577937,142.11865234375,5374153
2015-09-16,142.83587315550264,144.7185288043392,142.18590705634688,144.40475463867188,5804856
2015-09-18,145.68226799750667,147.0270249683835,141.08767013760976,142.54449462890625,13322309
2015-09-21,141.8272961649393,142.23073074367318,140.48253909710223,140.86355590820312,7060328
2015-09-22,141.60319043105014,142.65659124236106,138.95850082714645,139.9222412109375,15513834
2015-09-23,137.61372912422271,143.01517530782453,137.61372912422271,141.6928253173828,12103872
2015-09-24,141.1101205049349,144.94268568302937,140.97564584226214,144.58407592773438,14665105
2015-09-28,144.8530041633688,145.6822697288679,142.72379583391347,143.1048126220703,6603226
2015-09-29,142.9703494451137,145.68228140242167,142.09625893183932,143.6203155517578,8618175
2015-09-30,144.3375221810523,147.8563019503814,143.44101391290823,147.38563537597656,13981834
2015-10-01,146.60117145043074,149.64929481809557,146.60117145043074,147.3632049560547,6445786
2015-10-05,147.92355679485345,148.59594071510662,146.48914984045794,147.69943237304688,9680157
2015-10-06,148.82006123631047,154.04220807428064,147.38564366467784,153.68360900878906,11133386
2015-10-07,154.176656841361,156.88858845595706,153.4370410655314,155.65589904785156,11119883
2015-10-08,155.43176951708008,155.43176951708008,150.3440980026582,152.0026397705078,9729114
2015-10-09,152.809494760086,154.5576863647924,152.4957206045657,153.95254516601562,5747871
2015-10-12,153.77323131919735,156.17137812373664,151.8905652518473,152.74224853515625,6302130
2015-10-13,152.40607296051158,155.0507621891145,152.24918055315837,154.22149658203125,7275026
2015-10-14,154.28875188561207,154.93871802608354,153.52671820857657,154.24392700195312,9432417
2015-10-15,154.19909451591758,157.96441652213036,154.04220210342976,156.61965942382812,9861249
2015-10-16,156.0145241037764,156.8886146525422,153.9749652835453,156.3731231689453,10008030
2015-10-19,155.99210053210646,157.78511710091976,154.7369931958703,157.3368682861328,11618584
2015-10-20,157.11269745280265,157.44888931476575,155.9024152735998,156.28343200683594,7671159
2015-10-21,156.4851743611201,156.88859826730206,155.83520829596648,156.23863220214844,5676290
2015-10-23,156.93344058550952,160.9004800623946,156.93344058550952,160.63153076171875,9060774
2015-10-26,160.8556514162957,161.28149312648802,159.12987746174426,159.80226135253906,8200648
2015-10-27,158.99537571453533,160.00394072398936,158.3454097031394,159.57810974121094,15515511
2015-10-28,158.83852659039638,160.90049270053754,158.6816448134296,159.21954345703125,10086513
2015-10-29,159.17467017214278,159.57810468701166,155.5886483406456,156.88858032226562,7932853
2015-10-30,157.53857393650352,157.53857393650352,148.32697028437457,150.00791931152344,28847862
2015-11-02,149.26830413037857,152.27160314890065,147.90112926532757,151.15097045898438,10723717
2015-11-03,150.97166583737493,151.91299896990344,149.17864933209844,150.09756469726562,4061707
2015-11-04,150.9940987118398,151.59924002102144,149.71658408958646,150.47860717773438,5171885
2015-11-05,149.7165359494196,152.04745066158276,149.38034407356648,151.12852478027344,5595613
2015-11-06,150.45614584433994,152.1595016118163,150.1647788529195,151.37506103515625,4635192
2015-11-09,148.59591784218915,154.1990807990429,148.08042642396532,153.7732391357422,12462025
2015-11-10,152.76464201518198,154.66972567756153,150.23202081106214,150.94921875,7507146
2015-11-13,148.1028726756906,149.62694022182555,146.62364067369813,147.83392333984375,19348452
2015-11-16,147.9235458768642,151.95782779095273,147.74424635265277,151.64404296875,9111652
2015-11-17,153.39223495236564,157.00067517639607,152.00265298205971,156.4851837158203,12018593
2015-11-18,157.3368654459958,157.40409743958384,154.24391671529943,155.92486572265625,10350049
2015-11-19,156.88859505882738,158.23335204009814,156.3506965282518,157.80751037597656,17590094
2015-11-20,157.89720162197838,157.89720162197838,153.79567657860102,154.40081787109375,10237807
2015-11-23,153.90771996100221,154.58009314998023,150.72512156867612,151.17337036132812,9335921
2015-11-24,152.0250619418219,152.22677923683776,148.95453090905883,150.5682373046875,13590345
2015-11-26,150.68032739086738,154.64736730604398,150.0975931868541,153.6612091064453,9778092
2015-11-27,154.3783900576014,154.64733933935437,151.89058256430494,154.35597229003906,5895769
2015-11-30,153.84046149470714,155.45417829197447,152.65259698891563,155.16281127929688,17919712
2015-12-01,154.73700549877597,155.54386408437733,152.85433901731733,155.20767211914062,10516942
2015-12-02,155.0955921448972,156.77654118148317,153.4818857579011,156.61965942382812,4813524
2015-12-03,155.14043034580757,155.94727822574734,153.4370635118244,153.90773010253906,5809665
2015-12-04,152.9888102317332,153.1905168684242,150.164810769733,150.5906524658203,14148517
2015-12-07,150.16478476811247,150.56820862647268,139.20499140693727,140.5497589111328,52829599
2015-12-08,139.40672804286586,142.63415132289325,139.2274285253364,141.08767700195312,19736148
2015-12-09,143.21692235394627,143.21692235394627,141.31183785167914,142.2755889892578,15655011
2015-12-10,142.32039362002578,144.22546719625905,142.09626919720426,144.0013427734375,8649047
2015-12-11,143.88926696777344,144.53923308403026,141.3790522667241,143.88926696777344,9358275
2015-12-14,143.44103021677859,144.516838129864,142.16350499035406,143.48585510253906,7573029
2015-12-15,143.44100159212883,145.18918244275986,142.54449340098978,144.7633514404297,10478148
2015-12-16,144.78576151935152,145.52537732938217,142.5893212007108,143.1048126220703,8099047
2015-12-17,143.3065163684301,144.22543160263456,141.7824493597036,143.6651153564453,9018268
2015-12-18,143.84442345467423,144.785756509352,141.8272827167692,142.1410675048828,14774200
2015-12-21,143.4410187751127,146.78049913497748,142.1186687684058,146.3770751953125,8352379
2015-12-22,145.70470112669088,145.9064184375335,143.21690401552226,143.55308532714844,6326849
2015-12-23,144.33752312114373,145.23402074029423,143.44101484716055,144.11338806152344,5475581
2015-12-24,144.7857893940842,145.5702302328727,143.70998146651215,145.0995635986328,3799114
2015-12-28,144.65130277827683,146.60120115618915,144.53923524421302,146.22018432617188,9432149
2015-12-29,146.33224475328504,147.02703572817066,144.9426628035138,145.6150360107422,4606143
2015-12-30,146.35465742680353,146.80291690348645,145.34609225022456,146.3770751953125,4984557
2015-12-31,145.90641023189258,147.9235512623757,144.9426699267524,146.93739318847656,8342404
2016-01-01,146.84774236282993,147.47530137071936,145.9736518293705,146.80291748046875,1536435
2016-01-04,145.90639607095457,146.17534534096066,144.1357973944999,145.7270965576172,6133919
2016-01-05,145.7271035393632,146.3098269856278,145.25643696688704,145.6150360107422,6040492
2016-01-06,146.57879756879387,146.57879756879387,140.99804094191074,141.2445831298828,15821205
2016-01-07,140.66183032674275,140.66183032674275,138.35333313825674,138.7791748046875,12264018
2016-01-08,139.49636381638487,142.09623852440794,138.8463978030869,140.59458923339844,10219316
2016-01-11,138.9584933010836,142.00661737182006,138.8464257638788,141.67042541503906,7141566
2016-01-12,141.31180791367547,142.05143443983152,140.07911834641428,141.26698303222656,7222615
2016-01-13,142.25314784432277,143.62032277578462,141.04286533281007,141.53594970703125,7126884
2016-01-14,140.59460663770437,142.8806968496739,139.96704765674906,142.20831298828125,11933785
2016-01-15,141.24457426498333,142.2755571810683,139.98946694427823,140.7066650390625,8287068
2016-01-18,140.70667492197106,142.83588355249404,140.4153185029171,141.37905883789062,12285620
2016-01-19,141.31177847019404,142.3203540748984,139.83254703575764,140.7738800048828,7099389
2016-01-20,139.13774362425815,143.4409735774188,136.7171794393127,138.48777770996094,10015115
2016-01-21,139.69807427536685,139.69807427536685,136.11205249449222,137.34474182128906,13042954
2016-01-22,138.5102349839094,140.1911841272627,135.64142107929325,138.39817810058594,15828472
2016-01-25,136.87409063043614,139.7877396464305,136.2913672201364,138.68951416015625,9688748
2016-01-27,138.71191109704623,140.8411084510474,137.59127866760764,140.28079223632812,8839231
2016-01-28,140.16876401728913,144.27027784204066,139.6980974483997,142.79104614257812,14425495
2016-01-29,144.71853488479582,146.13053467187393,142.0290206135516,143.53067016601562,12977498
2016-02-01,142.8358667716325,145.6822732129082,141.13250006733165,145.57020568847656,7634682
2016-02-02,145.18919218792624,146.08570043923933,144.09097730482117,145.34608459472656,7338991
2016-02-03,144.22544423928196,145.34607682984725,143.26170404713525,144.31509399414062,5111345
2016-02-04,144.51682832463547,145.50298639929073,143.88926931173373,144.2478790283203,3309501
2016-02-05,144.78578241814952,146.10813248442878,144.33753357610576,145.2116241455078,6754583
2016-02-08,145.592637644431,145.63746252760575,140.86356452274458,141.3118133544922,6509280
2016-02-09,140.4153186001084,140.6394430206256,138.84642634682132,140.0343017578125,11915170
2016-02-10,139.89980058331741,140.28080669854884,137.61371061777194,138.5102081298828,8168586
2016-02-11,139.27225981178393,139.27225981178393,133.3329044188091,133.82598876953125,14580660
2016-02-12,134.11734787473844,136.7844550115249,133.96046611393706,134.52078247070312,13703734
2016-02-15,135.82070156195516,137.16545855701278,133.75873586394522,136.1344757080078,12478912
2016-02-16,136.49307217925156,137.16545599162083,131.62953571448577,132.45880126953125,10988951
2016-02-17,132.9070572165539,135.28279714444372,129.5675770500811,134.40870666503906,13598699
2016-02-18,135.14834627507344,137.479261733327,134.8569898339174,136.9189453125,9751124
2016-02-19,136.71720494221495,137.21027858286115,134.92418857565647,136.51548767089844,7194078
2016-02-22,135.6638139483677,135.6638139483677,131.5174752944578,134.40870666503906,15270590
2016-02-23,133.55702586469846,133.55702586469846,131.1812858911519,131.69677734375,9198036
2016-02-24,131.33818273355655,132.41399055551798,128.20040903159963,128.91761779785156,14353186
2016-02-25,127.57284558005048,130.12789572736963,127.30389629764821,128.29005432128906,15129076
2016-02-26,129.54516000401077,130.8899170540036,127.81938614797296,130.41925048828125,12468580
2016-02-29,129.99343991991645,135.21558718990363,120.1318689095734,132.52606201171875,79431944
2016-03-01,136.71723284250285,146.57880356139103,136.71723284250285,145.8391876220703,67402048
2016-03-02,147.02702781895317,149.6717275896127,142.74621467130186,143.23928833007812,24680589
2016-03-03,144.78577817352118,145.68228648615957,141.98419635579694,142.61175537109375,10227569
2016-03-04,143.44099828171514,144.22543893529615,141.08766566614065,141.2893829345703,11818471
2016-03-08,141.64801172365435,145.23403450461387,141.64801172365435,143.55308532714844,13109801
2016-03-09,142.096247094224,143.75477821995335,140.16875604811185,143.39617919921875,20903665
2016-03-10,143.32894947926005,144.24787553499897,140.23600068204016,141.6928253173828,13915900
2016-03-11,141.69282748549955,144.33752750685096,141.19975377998466,144.02374267578125,12149994
2016-03-14,144.5616719292736,146.13055368246134,144.3375474866517,145.7047119140625,7708725
2016-03-15,146.1305379173987,146.1305379173987,141.19975809232847,141.87213134765625,16209915
2016-03-16,141.89454965333996,144.96508083469465,141.64800746470442,144.3599395751953,9728463
2016-03-17,144.897833662056,145.68227437483753,144.11338229444223,145.07713317871094,13035516
2016-03-18,145.8615727281331,146.4891316862524,144.3375161938893,145.57020568847656,14383934
2016-03-21,146.46672605755046,150.7027147476998,146.2426016449455,148.57351684570312,16781906
2016-03-22,147.25114364572804,148.282126436225,144.44956229216703,144.85299682617188,19781991
2016-03-23,145.68227652082302,145.72710140064706,143.59790362675676,145.34608459472656,16015333
2016-03-28,146.57878907563497,147.83389640238983,143.57549007475168,144.5392303466797,17073110
2016-03-29,143.95651627439847,146.60120574369927,142.99276528482412,143.44102478027344,18701607
2016-03-30,143.70996585901375,147.58735540032555,143.70996585901375,146.7356719970703,14435320
2016-03-31,146.04088874280643,149.04418792662756,145.63746478797225,147.1391143798828,28529105
2016-04-01,146.1753146084229,150.9716288559599,145.90636539496188,150.63543701171875,14850746
2016-04-04,146.57878869359624,149.26830286465642,146.15294699645906,148.23731994628906,14209372
2016-04-05,147.0718607290197,148.08043652293657,145.32367973396256,146.33224487304688,8964083
2016-04-06,146.51155032775029,147.43047639783964,145.6822846771612,146.08570861816406,6892514
2016-04-07,146.5787578459607,146.5787578459607,142.99272549945408,143.19444274902344,10412846
2016-04-08,143.2169045609054,144.5392440069269,142.99276947918955,143.9789276123047,4985755
2016-04-11,144.3375345153009,147.161523548219,142.09626898083144,146.69085693359375,14365804
2016-04-12,145.6822573032748,145.97362431111182,143.8892410371728,144.5167999267578,6187731
2016-04-13,145.6822596409132,149.13380695193726,145.45813526776186,148.4838409423828,12397612
2016-04-18,150.16480143963778,151.66645083916234,148.3942027713473,150.34410095214844,14746380
2016-04-20,150.32169928220475,151.64403856225587,149.08899910682194,150.38893127441406,9345601
2016-04-21,150.43375537676195,150.83718994726252,146.84773305076953,147.901123046875,7212220
2016-04-22,146.10813621012542,148.43905155785725,145.43575227508086,146.0408935546875,6515084
2016-04-25,144.0237030065536,145.90636885508712,143.620279176795,143.8668212890625,6324530
2016-04-26,140.39289016985808,147.18392885226604,140.07911600496055,146.75808715820312,15023308
2016-04-27,146.15294872085076,149.9406885039193,146.15294872085076,149.5148468017578,9677599
2016-04-28,147.92355014925857,148.82005845104192,144.13581029897796,144.74095153808594,20225037
2016-04-29,144.85301845419028,146.1753578052244,143.48584356616672,145.6598663330078,10729330
2016-05-02,144.8978456462986,145.2340269404155,143.17207167351063,143.95651245117188,3388196
2016-05-03,144.15822245458497,144.98749878926697,140.7514993125266,141.67042541503906,11124246
2016-05-04,141.1997477174281,143.21688864486504,139.02571438119264,140.14634704589844,6402669
2016-05-05,139.85499717583014,143.5754943866907,139.675686991052,142.3876190185547,6576427
2016-05-06,140.2808256634923,143.17206782283452,137.1654697506552,142.4100341796875,16183901
2016-05-09,143.4410354623333,146.08572512858424,143.21691102533478,145.5926513671875,8857475
2016-05-10,145.68227152444507,146.1305203073121,144.20303988615183,145.0098876953125,8564326
2016-05-11,143.44100282776805,144.2254435062102,141.69281130724593,142.54449462890625,11154663
2016-05-12,143.01515678660715,143.93407206850887,141.24455820913082,142.63414001464844,5782937
2016-05-13,142.54448655020704,144.2030282223284,141.26696164012023,143.14962768554688,9804509
2016-05-16,142.67897205114926,147.92353606046154,142.14107351421055,147.6545867919922,13469690
2016-05-17,147.92353491310507,149.47000917705674,147.3408008477761,148.1476593017578,12444300
2016-05-18,146.84775952046442,150.07518339205893,146.04090088885724,149.13385009765625,7908685
2016-05-19,149.71656052158187,149.71656052158187,144.56164599200144,145.6150360107422,8918517
2016-05-20,146.46671214995547,151.82334370416228,145.592621696378,148.08042907714844,21044560
2016-05-23,156.73176175211887,158.90579576994452,152.18199767370461,155.47665405273438,54852807
2016-05-24,155.9920933412761,157.6954600686112,155.3869521417928,156.01451110839844,16271995
2016-05-25,157.06790773037375,160.22809915422187,156.82137621061798,159.6005401611328,10338908
2016-05-26,159.57811395746208,163.16413599728384,158.5023062800324,162.46934509277344,13074273
2016-05-27,162.6934664530473,163.11930809400494,159.66776074606534,161.05734252929688,10925400
2016-05-30,162.40260193767313,164.74628283370973,162.12687862867912,163.8271942138672,7646107
2016-05-31,163.59742218325337,165.1828366463079,160.49549677530555,161.3226776123047,15054842
2016-06-01,162.2187642247649,166.44656474422774,162.2187642247649,166.0789337158203,12409528
2016-06-02,165.366688640477,165.66538347165246,162.31071664475115,164.5165252685547,13708259
2016-06-03,165.3666687593345,165.3666687593345,162.01200233574662,162.63238525390625,7381218
2016-06-06,162.54049606753037,164.03400298421172,161.46056324598234,163.4136199951172,7694861
2016-06-07,164.05693507690393,167.15884907105536,164.05693507690393,166.69931030273438,11008034
2016-06-08,167.27376282082074,167.73330165396553,165.75727374824754,166.72230529785156,7611794
2016-06-09,166.63040189401832,166.79124595142804,162.03496974946898,162.7242889404297,12065100
2016-06-10,162.24176738572092,164.815206760253,160.8631399295927,161.16183471679688,11163385
2016-06-13,160.19680421033252,162.47153788960986,158.84114822579602,160.79420471191406,12184759
2016-06-14,161.2537656256443,162.6783470741317,159.82917325396033,162.35665893554688,7849407
2016-06-15,162.67833760333406,165.43559256396193,162.56344742864292,165.2288055419922,9890057
2016-06-16,165.1598501291507,165.1598501291507,161.34564532650563,163.09190368652344,9057747
2016-06-17,163.2987220003018,165.75728219083797,163.2987220003018,165.36666870117188,9326214
2016-06-20,165.66535005611098,165.89513038894054,163.18381858566883,164.5394744873047,9020745
2016-06-21,164.2867575330767,165.29775407317413,163.3676687763338,164.74630737304688,6913784
2016-06-22,163.57441366234445,165.04494864195195,162.0119709292111,162.99998474121094,9255264
2016-06-23,163.1378698883948,166.1249050781582,163.1378698883948,165.55047607421875,8991200
2016-06-24,162.01199826880804,165.481543857881,160.93206559784932,162.7242889404297,12511364
2016-06-27,162.7242691926333,166.07893512489642,162.7242691926333,164.9530487060547,10639592
2016-06-28,165.4355965490117,169.640415380694,164.95307528079937,169.3417205810547,16301081
2016-06-29,170.00805217904056,170.00805217904056,167.2737687174532,168.33071899414062,11999827
2016-06-30,169.11196513033238,170.81228102185693,168.26181264616903,169.29579162597656,21706947
2016-07-01,167.71033622270494,179.0495638406792,167.22781496890212,173.94863891601562,29020448
2016-07-04,175.08599750221327,175.08599750221327,168.19284954242156,168.813232421875,14535927
2016-07-05,169.46808532230983,170.26079256581215,166.95209101422387,167.88265991210938,9335877
2016-07-07,168.53751605020983,171.39818105810022,168.12393106117344,170.26080322265625,9305981
2016-07-08,170.5365354014383,170.5365354014383,167.15888646746043,169.4680938720703,7165465
2016-07-11,171.1569081509321,173.43164181240647,170.08846668516318,171.74282836914062,7547920
2016-07-12,172.9835752820273,173.67288347242086,170.2607724295904,171.22581481933594,4302932
2016-07-13,171.26029164259083,171.77727552590892,169.57146742877,170.3297119140625,4510416
2016-07-14,170.26080715759755,173.0180732511536,168.95111586711542,171.43264770507812,6326605
2016-07-15,171.63942496895618,174.08649382609048,170.63991981714562,171.53602600097656,9705885
2016-07-18,171.67389457762053,172.29427748733534,170.67438938547977,171.57049560546875,7088259
2016-07-19,171.63942647825849,172.32873473219158,169.29575656849488,171.67388916015625,6980063
2016-07-20,171.67390248191958,173.70738656600898,170.9156578821562,172.50108337402344,9671252
2016-07-21,174.3966909113168,174.74135051879614,169.916148783674,172.74234008789062,12168179
2016-07-22,174.50009081539142,176.60250023205924,170.3641973500011,172.22535705566406,16388121
2016-07-25,171.98408244857077,173.7073694319418,171.6394228672575,173.5350341796875,9212323
2016-07-26,173.46610881734205,174.77579993385902,172.673390688002,173.5350341796875,7080363
2016-07-27,173.01806120622254,174.8792099551277,169.77828496811307,170.53652954101562,9241105
2016-07-28,171.91514792864078,176.051041100486,171.12244071435475,175.29278564453125,11787316
2016-07-29,175.22388135546862,176.80930689791356,173.29379618671882,174.017578125,12596909
2016-08-01,173.7073826195543,175.9131909995866,172.0185581891429,172.74234008789062,9926094
2016-08-02,173.01805930873428,180.6005268009949,173.01805930873428,179.77334594726562,17425566
2016-08-03,179.22188415245108,179.22188415245108,173.1903795386047,174.1898956298828,11408861
2016-08-04,175.08600827765846,175.67192851186735,172.46660402702906,173.77630615234375,8995366
2016-08-05,173.81076783978548,176.80929436049803,173.0869968760231,174.0865020751953,4533189
2016-08-08,174.39672129519403,175.6030246699391,171.98412546890194,172.2943115234375,8739307
2016-08-09,172.32873510009392,172.32873510009392,169.6404055960267,170.70884704589844,9718838
2016-08-10,170.95013623036246,171.2258595785953,169.43364689188448,169.91616821289062,5457692
2016-08-11,170.2607709512251,174.25880211357136,169.95058499903996,173.46609497070312,11158153
2016-08-12,172.7078536541436,176.11996494534293,172.53552932480028,175.15492248535156,8603626
2016-08-16,175.25833330353822,177.84326395765785,174.70688667379346,175.84425354003906,10689714
2016-08-17,175.4651316636591,176.98162082221717,173.84524353098186,174.87921142578125,8649054
2016-08-18,175.3617231793303,176.05104235394418,173.36271286542382,173.81076049804688,6939437
2016-08-19,173.70736336147436,173.9830866476113,172.15640076136305,172.98358154296875,5531361
2016-08-22,173.46610910356202,175.60298103411765,173.36271013667792,175.15492248535156,4345966
2016-08-23,175.36172407705277,175.77530903002105,172.5355329237807,173.2937774658203,6694732
2016-08-24,173.1559289968743,173.70738656600898,171.70836516649163,172.50108337402344,5590189
2016-08-25,173.77632921812005,175.77533989325312,172.50110053016223,174.7069091796875,9884849
2016-08-26,174.63793847549937,175.70637990177144,173.74183230166864,174.94813537597656,4936367
2016-08-29,174.39666595991733,175.05152239739482,173.0525013292985,174.25880432128906,4437169
2016-08-30,174.87920148717964,177.77432890519802,174.43114293252572,177.36073303222656,7989072
2016-08-31,178.05004461681986,180.25585276800786,176.74034261355357,179.25634765625,13265582
2016-09-01,179.9112091064453,181.28983659205576,178.6015069873576,179.9112091064453,8695602
2016-09-02,180.6005490210097,181.77237869503824,179.39424573657064,181.22093200683594,9506919
2016-09-06,181.28982241201024,183.28883265594752,179.98013131855933,181.01409912109375,9519864
2016-09-07,181.97915841159417,182.63400401895052,180.60053090617214,181.1519775390625,6656556
2016-09-08,181.6344754157777,183.04757634619068,181.08302885389585,182.59951782226562,8645619
2016-09-09,181.28984038434896,182.2893456054045,177.18842052498385,178.05006408691406,10131678
2016-09-12,176.43016758813147,176.9471515161826,173.53504011393193,173.87969970703125,7627126
2016-09-14,173.01805318289212,174.46561689486722,172.01854802648896,173.60397338867188,13020551
2016-09-15,174.0520511301934,177.7743600225056,174.0520511301934,176.39572143554688,8077776
2016-09-16,176.4646344324402,180.7383894566388,176.0510494648839,179.46315002441406,14578809
2016-09-19,180.2558700341859,181.01411461068773,178.01559898819522,178.42918395996094,6724348
2016-09-20,178.67045442220385,178.70491710761493,175.94766196440162,177.11949157714844,6944197
2016-09-21,176.94715113450567,178.39471486848302,174.39668325890685,174.84474182128906,9139238
2016-09-22,176.08550874791663,177.29181186732418,174.91366831100765,175.94764709472656,7988449
2016-09-23,175.77533989325312,177.1539784916045,173.56953124372785,174.7069091796875,5143011
2016-09-26,174.39670035237526,174.56903562704244,170.60546631125447,170.98458862304688,10060086
2016-09-27,171.39817897720053,171.8117639612157,168.88217361898487,169.4680938720703,6900812
2016-09-28,169.77825552513275,171.91512721666282,169.2267980711673,170.22630310058594,7646466
2016-09-29,171.0190467449621,171.84621666495056,166.1249088973163,169.36468505859375,18104875
2016-09-30,169.33021793806222,170.22632412282806,165.780244957434,166.3661651611328,9912734
2016-10-03,168.330728792993,168.330728792993,166.50404264492238,167.02102661132812,6714964
2016-10-04,167.50355279016333,168.15839843854337,165.67686658868547,166.26278686523438,8002732
2016-10-05,166.6763599900342,167.67586519594522,164.88414752536482,165.57345581054688,6470467
2016-10-06,166.81421134442593,166.81421134442593,162.43706850347033,163.64337158203125,8986109
2016-10-07,163.98801018941813,165.60790903744177,163.19530302821056,164.7117919921875,4164582
2016-10-10,166.8142076954697,167.2278035551836,165.1253943456215,165.5045166015625,5241260
2016-10-13,165.50451007658978,166.43507887786848,163.33316466828168,164.7117919921875,11089281
2016-10-14,164.74628578323046,165.7802536720675,164.09142925865072,165.36666870117188,9579094
2016-10-17,165.3666913195104,166.6419200132573,164.40164866556245,165.84921264648438,6379993
2016-10-18,166.12490645214947,169.95060277617236,165.64238521099384,169.53701782226562,12234489
2016-10-19,169.33024351673927,169.33024351673927,164.33270607435935,165.05648803710938,8734555
2016-10-20,166.12490034315115,166.36616095485698,164.1258900879859,164.98753356933594,4572220
2016-10-21,164.7462637947185,166.22829006328493,164.57392855411638,165.53897094726562,10999941
2016-10-24,166.12490454332715,166.81421279191804,165.2287983585613,166.3661651611328,9944640
2016-10-25,167.43462438650283,167.43462438650283,164.16037435749755,164.57395935058594,6177333
2016-10-26,165.33220396617958,167.15889013458064,160.955060622272,164.57395935058594,24852951
2016-10-27,166.26276196544407,168.74429344366365,165.19432055330142,167.5724639892578,15943817
2016-10-28,168.39963386653423,168.39963386653423,165.09092158784307,167.5724639892578,9674418
2016-11-01,167.36567067519087,167.36567067519087,164.8496655236167,165.401123046875,5730426
2016-11-02,163.3676344423619,164.7117991454241,162.05794334321064,163.57443237304688,4867894
2016-11-03,163.40212393761956,167.0210225373849,162.67834203302726,165.64239501953125,9210542
2016-11-04,173.36271349788453,176.74035125014555,170.2952617290945,171.67388916015625,36621117
2016-11-07,174.94813180027012,178.98062588488267,170.26078124687746,176.8092803955078,25202734
2016-11-08,176.80928669577918,177.4296695829646,173.84523390998265,176.18890380859375,10317962
2016-11-09,164.8496578146862,175.7752995686665,164.43607288397973,171.05349731445312,23914156
2016-11-10,174.2932865620602,174.3966855334351,169.26128703298335,173.05252075195312,12012673
2016-11-11,170.95012272865816,171.60496835979055,166.12492082289018,167.46908569335938,13232720
2016-11-15,166.77976276885173,170.19187435874065,162.54048121787167,163.71231079101562,22012736
2016-11-16,164.02250176837845,164.8152090164652,157.19827883617126,159.16282653808594,31846924
2016-11-17,157.47401087755594,161.29971844451023,157.43954819264903,159.57643127441406,9640577
2016-11-18,158.54245132380996,159.5074938801123,156.54344084186735,157.0604248046875,8575440
2016-11-21,157.30168432233876,157.57740764411764,154.1308333522926,154.54441833496094,7878052
2016-11-22,155.0958509843124,157.2327227695875,154.0618832321587,155.85409545898438,9570300
2016-11-23,156.64683768411854,157.0259599798993,154.06190698205168,154.8546142578125,10720504
2016-11-24,155.0958420824567,155.26816639019341,153.0968320506573,154.06187438964844,18697423
2016-11-25,154.75118800315818,158.85261808856228,153.75168295199757,157.71524047851562,7890103
2016-11-28,157.43953869105846,161.43757036445965,156.68129412968818,161.09291076660156,9472016
2016-11-29,160.6448629117506,162.43708638623275,158.7147777735693,159.2662353515625,8945347
2016-11-30,159.92107220958977,161.575433929593,157.95652449408334,160.26573181152344,11507955
2016-12-01,160.47255678566114,161.98904618175595,159.266253437314,160.955078125,5358757
2016-12-02,160.61036747787708,160.61036747787708,157.16379381857118,157.50845336914062,8693600
2016-12-05,157.7841919480449,160.74824470875552,156.78468680066067,160.30018615722656,5320355
2016-12-06,160.61039822447265,160.61039822447265,157.95653119255616,158.68031311035156,5100487
2016-12-07,159.57644522242992,159.57644522242992,156.12985965778716,156.6123809814453,8419775
2016-12-08,157.88757932524206,162.19579650108346,157.37059544878,160.81716918945312,7648947
2016-12-09,161.33417449631725,165.15987098278524,160.3001956828527,162.78173828125,8648965
2016-12-12,161.4375707581198,161.78221943362246,159.8866080255744,160.12786865234375,3155645
2016-12-13,161.85115253996003,163.29871627211105,160.05892921588796,162.43707275390625,7727181
2016-12-14,162.67835406057185,163.02301369631655,159.92108789781122,160.71380615234375,6556449
2016-12-15,159.9210576098177,161.5754191787883,157.5084624629284,158.33563232421875,5538310
2016-12-16,159.09389523349913,159.09389523349913,155.78518286308616,156.0264434814453,13422991
2016-12-19,155.3371356750676,157.85313008789922,155.3371356750676,156.47450256347656,5665425
2016-12-20,157.50849032056982,159.09391588657405,156.8191710577169,158.50799560546875,6145411
2016-12-21,157.8531225849404,158.40458012241575,155.44052726267353,155.99197387695312,13379223
2016-12-22,155.2681969848105,157.4395426753905,154.5788886948458,156.85362243652344,6668113
2016-12-23,156.81915358590834,156.81915358590834,154.26868570534592,154.88906860351562,11177602
2016-12-26,155.02691942982116,155.68177588779878,153.0279092223409,155.09585571289062,9071721
2016-12-27,155.78516940208846,161.9200723760948,154.64779177199014,161.3341522216797,16206836
2016-12-28,160.40358731836068,162.95405516705895,160.40358731836068,162.29920959472656,14711711
2016-12-29,162.19582344884498,163.3676530353044,160.12787667622655,162.6783447265625,14593942
2016-12-30,163.67783577835985,167.08994711124447,162.88511763802728,166.5729522705078,10821396
2017-01-02,166.81422508512162,166.986560352366,164.47055502080738,166.0904541015625,5075736
2017-01-03,166.05595728112658,169.3646694252543,164.91859055373118,167.74478149414062,7798116
2017-01-04,167.40014414165182,170.26079814096516,165.50453267781677,169.19236755371094,9668664
2017-01-05,168.53749259159235,170.84669970282076,168.26176930394584,170.0884552001953,9532162
2017-01-06,170.2608060415128,171.63944454085203,166.95210422804936,167.2967529296875,8404984
2017-01-09,167.4001471056017,169.98507783288838,166.88316314478365,169.4680938720703,5041639
2017-01-10,169.57149206067615,172.22535906789457,169.36469410803159,171.60496520996094,12438618
2017-01-11,172.19087487560998,172.6733961199887,169.98506659364875,170.63992309570312,7931415
2017-01-12,170.7433089431168,170.7433089431168,168.29625099368258,168.64089965820312,5816779
2017-01-13,169.5714843290872,173.01805845896976,167.1588780688911,172.0874786376953,4553691
2017-01-16,171.81175765109353,172.91466182449074,170.32973119214068,171.50157165527344,4813933
2017-01-17,171.50154764375284,173.9141426755803,171.50154764375284,173.67288208007812,4996927
2017-01-18,173.43162621754206,175.29277475226658,172.19086052772573,172.91464233398438,7534139
2017-01-19,172.15641812562464,175.60299231955372,172.01855646865098,175.1894073486328,9538148
2017-01-20,175.2583225139637,176.6714235312818,174.87920024855538,176.05104064941406,11261533
2017-01-23,175.84426347127314,179.32530055692607,175.80980078576673,178.98065185546875,11101905
2017-01-24,178.9461644951776,179.73888266328294,177.39521268821665,179.11849975585938,8341113
2017-01-25,179.18744106076585,183.63353170318786,178.94618041290727,183.0131378173828,18123606
2017-01-27,181.6344752439752,184.0126185786267,176.53355085861412,177.42965698242188,25440485
2017-01-30,178.11899475058274,179.91120718578458,176.11997344843257,176.5335693359375,9253765
2017-01-31,176.6024836458311,179.18741408812838,175.4995795535231,177.9121856689453,10380649
2017-02-01,179.22190236664616,186.1839874918153,178.18793441132647,185.90826416015625,35144107
2017-02-02,186.8043678561124,192.9392716192003,185.77037812921634,189.0791015625,30867395
2017-02-03,188.87231389345445,189.9062818302157,186.45970747674951,188.21746826171875,9356904
2017-02-06,189.49273772864026,192.3189186591299,188.9412691416209,190.80242919921875,8538188
2017-02-07,192.04315366719018,201.38336000536896,189.9752179148411,191.00918579101562,25251605
2017-02-08,189.90627309219377,192.31887939788916,187.49366678649835,189.4237518310547,11114871
2017-02-09,190.25093882995188,191.9052786724447,187.94173155594854,191.3883056640625,5070408
2017-02-10,192.1120947881651,192.3878181213307,187.18350470744093,188.4242706298828,7975779
2017-02-13,189.83734897105987,190.49219457696194,185.150008909117,186.52862548828125,9312915
2017-02-14,186.11504204362933,188.5276482433815,185.52912183466157,186.66648864746094,6911954
2017-02-15,186.94225083519788,189.90630425533382,186.94225083519788,188.458740234375,7827599
2017-02-16,186.1494754082853,187.14899139455656,183.15096021905484,183.80581665039062,10982700
2017-02-17,184.2883513837725,185.35679280562096,181.979144211543,184.8397979736328,9700816
2017-02-20,183.3577601603939,184.35725425176477,183.04756329904933,183.3922119140625,5934404
2017-02-21,183.35780830299626,183.53013265574847,179.77336127233932,181.39324951171875,10251239
2017-02-22,182.25485160263074,183.53009084599512,180.35924046140573,181.60000610351562,8815003
2017-02-23,181.97914929751065,184.87427674477647,180.3247876353029,183.11651611328125,12837302
2017-02-27,183.04758719794106,183.35778409978528,177.739853647595,182.39273071289062,5270544
2017-02-28,181.2898346806752,182.3927388421746,179.8422818438039,180.73838806152344,8558167
2017-03-01,180.87624053432904,185.90823983302636,180.87624053432904,185.08106994628906,15139871
2017-03-02,185.08109655320135,186.28738887557304,181.63451117020682,182.49615478515625,10453722
2017-03-03,180.60051060923934,181.56555303153652,177.946643947922,180.29031372070312,10371862
2017-03-06,181.08303798916359,182.70292600040491,180.29031986247406,182.04808044433594,9927375
2017-03-07,182.1859628659962,182.66848414860314,180.014617094265,182.1514892578125,7183529
2017-03-08,182.2893370662312,183.01311893513127,181.63449148526266,182.08255004882812,5993605
2017-03-09,183.42672086853432,183.56457160255434,180.80731661184086,182.63400268554688,9847115
2017-03-10,182.63397383087573,182.70291011019043,181.04854863858105,181.60000610351562,5880374
2017-03-14,183.49564923840137,187.252420421003,182.80634094104067,184.1160430908203,18508020
2017-03-15,182.80630597638947,186.59753911792563,182.80630597638947,184.87425231933594,14475482
2017-03-16,186.28735076081614,186.97666988101838,184.39173956505192,185.0465850830078,9020039
2017-03-17,190.80237559871128,199.1430871315332,190.80237559871128,193.8698272705078,54015422
2017-03-20,195.00720554853115,195.90332268795999,191.49170604928077,194.31788635253906,16509511
2017-03-21,195.21397489481865,198.93627179222167,195.0761023372607,198.45375061035156,13734401
2017-03-22,196.45477359787753,198.41931041066024,192.04315686282374,192.90480041503906,12874461
2017-03-23,191.28491069295637,194.73148487313966,189.63054896947867,191.3538360595703,17547913
2017-03-24,192.2154724371414,195.07612627845626,192.1465470730976,193.697509765625,7398317
2017-03-27,193.31837248464922,195.0071857741455,190.4576970190447,194.11106872558594,12623097
2017-03-28,194.11108880148777,194.52468468919741,193.04266916889074,193.35284423828125,6532115
2017-03-29,193.14600162632607,195.55860733602577,193.14600162632607,195.21395874023438,8828112
2017-03-30,195.76546746230488,196.21351514853717,193.0426858894253,194.90382385253906,14948411
2017-03-31,193.69751759849186,195.07613416707252,192.1465548432456,193.21499633789062,9929324
2017-04-03,194.9382731409382,195.48971973925484,192.0776193349809,194.07662963867188,7507187
2017-04-05,195.21400978514683,195.42080773525024,191.4227650081667,192.28440856933594,10685034
2017-04-06,191.7674562074514,192.42230188909068,188.3208815913334,188.94125366210938,16243974
2017-04-07,188.18297637961726,188.97569452092614,186.73541267016273,187.9417266845703,9480161
2017-04-10,189.56160403417962,189.56160403417962,187.5625938376007,188.5620880126953,5687364
2017-04-11,188.25195416320824,194.80043275458775,187.35583690808716,194.4213104248047,11355730
2017-04-12,194.18003562117565,196.3168967284419,192.69799825747313,194.31788635253906,7507416
2017-04-13,194.3178522827642,194.38679948274904,191.28487456784148,192.4222412109375,4085766
2017-04-17,190.63004817107398,194.73146758596826,189.94072902695282,192.38778686523438,5017073
2017-04-18,193.1460287705321,195.76543274438507,191.69848698766543,192.35333251953125,4497780
2017-04-19,193.800895700294,194.04214538141693,191.52614037593264,192.112060546875,5143709
2017-04-20,192.80141629255917,194.04218222946977,191.87084730147467,192.66354370117188,4400814
2017-04-21,194.38681559273962,194.38681559273962,187.97616732445712,189.11355590820312,9041742
2017-04-24,190.52666411455533,191.31938228463898,186.9077656327526,190.76791381835938,7392939
2017-04-25,191.6295566044674,194.38683338590073,188.8033763038074,193.90431213378906,13211107
2017-04-26,195.28292674741186,201.90035163392244,194.38683146405793,200.52171325683594,19671557
2017-04-27,200.86638023791662,201.21102890292474,196.11011505957086,197.00621032714844,14075606
2017-04-28,197.00619030493854,197.4887114947448,191.1814842720989,191.62953186035156,12851433
2017-05-02,193.35283659242162,193.904305036358,190.59558175830307,192.4567413330078,7298698
2017-05-03,192.6635355754228,192.6635355754228,189.90628048151035,191.1125946044922,6271881
2017-05-04,191.56062406823483,194.52467683557094,190.35433190630616,193.83535766601562,8070845
2017-05-05,193.66305986002487,193.66305986002487,190.5266823323279,191.0436553955078,4192254
2017-05-08,191.31939536220867,191.97424099888622,187.8727991363393,188.14854431152344,11038927
2017-05-09,188.5276557448099,190.69899048778768,186.804368654474,187.14901733398438,7008749
2017-05-10,187.63153737300962,190.04414365306965,187.49366479426686,188.83782958984375,4754549
2017-05-11,189.90625649683582,192.42226155622265,188.87228869800526,190.698974609375,9778012
2017-05-12,191.14701807410412,191.14701807410412,188.90675819968172,189.52713012695312,4672675
2017-05-15,190.18198086574873,192.24993832153243,189.90625757425565,191.5950927734375,5673245
2017-05-16,191.97422159537751,195.97224222834149,191.62955108443103,195.38632202148438,11635819
2017-05-17,195.8343515847966,196.0411495030048,192.4911768308017,194.14553833007812,8617269
2017-05-18,191.6295332673807,193.7319423570328,190.97468775777597,191.56060791015625,8229448
2017-05-19,194.55915534968673,203.79596254635396,194.35235740896283,197.2819366455078,37099971
2017-05-22,201.59016475965367,210.1032014537439,200.79746840743104,209.27603149414062,37323445
2017-05-23,208.10418037723917,209.482818752598,205.58819701947687,206.89788818359375,20546707
2017-05-24,206.79451130971538,208.13867622308118,205.34694741482963,206.7255859375,9822098
2017-05-25,206.79450588378748,210.0342822960236,203.58918123355824,206.8289794921875,23646915
2017-05-26,208.17312301743746,216.3070368221115,206.48428776774745,213.0672607421875,22579834
2017-05-29,209.55175070415433,220.47739354079798,209.20710202267722,217.7201385498047,20422509
2017-05-30,215.68662795001657,217.27206412078354,213.72209138417549,214.6871337890625,8876322
2017-05-31,214.68715605866674,216.03132084444815,211.6197042063139,214.92840576171875,12782086
2017-06-01,215.06628972720583,218.3405396963413,214.2390979097611,216.58277893066406,8570891
2017-06-02,217.89245968772138,220.51186390617778,217.27208770090306,220.0293426513672,11500232
2017-06-05,220.54246007074337,222.8179065686852,219.35222583522602,222.25778198242188,9847609
2017-06-06,222.2928032400611,223.34300081256933,216.551698029138,217.77694702148438,10220219
2017-06-07,217.952001996667,220.36746335554326,217.28687752849027,218.61712646484375,11978598
2017-06-08,219.14221659510338,219.31726803751715,216.62173322030557,218.16204833984375,8081100
2017-06-09,217.56693180810117,218.8621660365871,213.33110404741421,214.2412872314453,10453119
2017-06-12,214.94142962751883,215.29148814002585,211.79081425772645,213.12106323242188,6507632
2017-06-13,213.57617199018205,214.24129649641546,211.58077628217384,213.7161865234375,5303687
2017-06-14,213.50610543252358,214.24125926694236,209.445329644843,209.9354248046875,15135338
2017-06-15,212.10589679655692,212.10589679655692,209.69043517942885,211.37074279785156,7713717
2017-06-16,211.79079792375356,216.7617571159595,211.79079792375356,214.80137634277344,12798297
2017-06-19,216.34169533054003,218.3370910691774,215.71158554260234,217.67196655273438,7251573
2017-06-20,218.44211457526157,218.58212911163403,215.71158703360538,216.13165283203125,8579082
2017-06-21,216.6217301768104,217.74195732170764,215.08143726822,216.3066864013672,8598645
2017-06-22,216.09659163596444,219.98233772003076,215.78152574526413,217.9519500732422,9289243
2017-06-23,217.04181942209792,219.072207558175,216.06162898546665,217.74195861816406,7453263
2017-06-27,218.26706106407576,221.59270582724815,217.74197327366429,218.68714904785156,10061814
2017-06-28,218.16202806776877,218.16202806776877,215.01141304737982,215.88658142089844,8224059
2017-06-29,216.41171143016152,219.31726803751715,216.06163073464091,218.16204833984375,10311615
2017-06-30,217.2168762459741,227.33382567378948,217.2168762459741,226.59869384765625,24090343
2017-07-03,242.24671058078806,248.40790534213588,238.25594098784993,239.79623413085938,48892799
2017-07-04,240.00619919138182,240.4612796004917,235.42031381271156,236.12045288085938,11664585
2017-07-05,236.12047495254552,236.54056287056306,231.21952320669013,231.77964782714844,12439637
2017-07-06,234.05513694844495,237.17073809292856,231.95474115658874,236.01551818847656,13946670
2017-07-07,236.64561236386126,236.78562689327615,233.1799310158858,234.0550994873047,10301830
2017-07-10,232.75982450376512,234.54515367185803,231.74461949129184,233.35491943359375,1316454
2017-07-11,234.54519230656248,234.58020703320977,231.0445184568916,231.32456970214844,8657755
2017-07-12,229.92425987970802,233.5649474086966,229.2241208351173,230.2393035888672,10643992
2017-07-13,232.44476929501647,237.695779446538,231.74463017028606,237.17066955566406,18165609
2017-07-14,238.0108876131658,238.0108876131658,234.40519156085693,236.05050659179688,5801768
2017-07-17,234.54520611973825,234.54520611973825,224.53327920761498,227.6488800048828,21102802
2017-07-18,204.89447173951245,204.89447173951245,193.51728255185296,199.22337341308594,155236591
2017-07-19,201.49880824275272,205.06948888728982,200.3785812195954,204.05430603027344,40641441
2017-07-20,205.8396648453305,206.46979679692635,201.91890298466492,202.68907165527344,15896377
2017-07-21,204.0893415252414,204.2643707937128,200.62368212799566,202.2689971923828,13681787
2017-07-24,203.03911322033366,206.7848233222367,201.70886435263807,205.31455993652344,18479650
2017-07-25,206.53977012297554,206.64479209765088,203.63421393200002,204.019287109375,9927828
2017-07-26,204.43938490414317,206.01467022191872,204.08930424184481,205.5946044921875,9564282
2017-07-27,206.32974531570892,206.81984051322743,200.7636688987427,202.02391052246094,19620418
2017-07-28,206.04967928164726,206.3647452122647,201.04370568173988,204.1243133544922,19206912
2017-07-31,202.68907184311016,203.24917434106504,199.18839794693102,199.71348571777344,22065527
2017-08-01,199.7484992600469,202.02392396548186,199.53845527723288,201.53382873535156,14063559
2017-08-02,202.89908672213988,202.9691161739779,199.04835444331627,199.853515625,10247374
2017-08-03,199.53844285294204,199.81849408282088,196.49284967038753,197.01795959472656,10592033
2017-08-04,196.3177992146795,199.11833340019666,195.79268934707474,196.56283569335938,11717562
2017-08-07,197.15798146667117,198.13817190244959,195.6527032762801,195.93275451660156,8776750
2017-08-08,196.10778435383068,197.01796752957375,191.48690559076624,191.94198608398438,13231816
2017-08-09,191.83692984170924,192.81712010539854,189.31644693202327,191.03176879882812,10291858
2017-08-10,190.89175172017121,192.29200765703106,189.56148084352617,191.20681762695312,10380837
2017-08-11,189.7365656470043,192.15202697887517,189.10643372253028,190.0866241455078,14964550
2017-08-14,192.1170078830495,192.1170078830495,189.3864806510553,189.91159057617188,10066349
2017-08-16,190.4366874368588,197.26300584393098,189.98160693948964,195.47767639160156,19412233
2017-08-17,197.33300647275797,198.06813810646005,194.56746478743267,196.03775024414062,14231781
2017-08-18,195.51265681597727,198.83830118664832,193.79733473352007,197.33302307128906,15442589
2017-08-21,197.68308416784438,199.53844298264036,196.70289376797837,197.15797424316406,13592218
2017-08-22,197.43803606864373,199.53843126541457,196.2827943021847,198.06814575195312,12417415
2017-08-23,198.48825986978133,199.95854557733753,197.15798869286425,197.82313537597656,9084531
2017-08-24,197.4380433940242,198.48824103137423,196.8079114980309,197.05294799804688,11235986
2017-08-28,197.50807626118186,198.13818604956842,195.54769524965334,197.75311279296875,10358573
2017-08-29,197.68308467584293,198.0681578918294,195.61768188586723,196.21279907226562,6377756
2017-08-30,196.84291691375603,198.06814373450857,196.4578437252934,197.4380340576172,6785885
2017-08-31,198.1381553376673,198.24317731767113,196.31781133310932,197.61306762695312,11654017
2017-09-01,197.57806762975267,199.08336799579723,196.527869940746,198.55825805664062,7526993
2017-09-04,198.45322741935772,198.73327864493322,197.43804450030973,198.20819091796875,8807199
2017-09-05,197.89311232186733,198.7682806668528,197.15795848606922,198.0331268310547,8121365
2017-09-06,196.3878436417982,196.73792434956985,192.7121404406963,193.02720642089844,14710804
2017-09-07,193.93733008870103,194.32242544986562,188.72133490816296,189.3164520263672,19958290
2017-09-08,189.84162408280508,191.34690254254176,189.03646275449347,190.68177795410156,10090288
2017-09-11,190.71676154907414,192.11701777262246,190.0866296064971,191.55691528320312,9672742
2017-09-12,192.88715571793185,194.81252180853295,192.25704599251063,194.3924560546875,11906324
2017-09-13,194.21742981224253,194.28743707408194,189.7015509214314,190.0866241455078,12593161
2017-09-14,190.64671999291525,190.78675670103354,189.316471117667,190.43667602539062,7312288
2017-09-15,190.43666161083,190.9617714898948,187.77616406171228,188.5463104248047,13653947
2017-09-18,189.73656132005885,190.22665652037097,186.41091690289127,186.93600463867188,10543289
2017-09-19,187.63614991812415,189.03642830440825,184.90563369203812,187.5311279296875,35187337
2017-09-20,188.6163426731503,190.43668684628875,187.46112297542936,190.12164306640625,9974675
2017-09-21,190.43666598968738,190.71673939116457,187.00602199859384,188.72134399414062,8058682
2017-09-22,188.6863493880319,189.70155455603324,186.97102720960964,187.9512176513672,7142399
2017-09-25,187.98623550929454,188.7913745225529,182.66520634881857,183.61038208007812,18260404
2017-09-26,184.3455139131883,184.66057986789255,182.77020632897307,183.75039672851562,9950366
2017-09-27,185.6057528882556,185.8858041142189,179.79462892892678,180.98486328125,18208892
2017-09-28,182.31513493425615,184.41554145293753,181.404951749547,183.1202850341797,22436773
2017-09-29,183.99543732792998,184.06545568008457,180.24971621199316,180.84483337402344,12640792
2017-10-03,183.78540523925446,183.96044558362289,180.9848706758922,183.0152587890625,11940746
2017-10-04,184.90561423460525,187.98621082774753,184.24047874271585,187.216064453125,11194466
2017-10-05,187.21610067848593,188.6163569990583,185.11568291366444,185.71080017089844,7204474
2017-10-06,186.09586840622447,187.28610288854392,185.2907182699791,186.34092712402344,8158755
2017-10-09,187.6361541748047,188.44131537464912,186.51594919180997,187.6361541748047,6323114
2017-10-10,187.00603217220237,187.5661346270187,185.64075747561859,186.3759002685547,5683301
2017-10-11,186.5859576352299,187.4611261047162,185.1506755760525,185.81581115722656,7959877
2017-10-12,185.92082170257913,188.47631968915707,184.83560931693756,186.93600463867188,9518815
2017-10-13,186.4109106622215,187.35608630642872,184.97562873945697,186.20086669921875,12504487
2017-10-16,186.23590453886024,189.0014245568456,185.88582382730107,187.28610229492188,9504724
2017-10-17,187.6361564968727,188.12625173032478,186.20088552365848,187.11106872558594,11038203
2017-10-18,187.6361336075146,189.56149957930933,187.00602392097483,189.2814483642578,7508323
2017-10-19,189.7365797931193,189.94660159429603,188.33630131609243,188.7913818359375,1283342
2017-10-23,189.03642639218924,190.96179251187363,186.09585512432227,186.9710235595703,10144269
2017-10-24,187.95120976407054,187.95120976407054,186.30589491787396,186.93600463867188,8723712
2017-10-25,187.91618959460882,190.08661430300603,187.77617507817982,188.5113067626953,6169387
2017-10-26,189.59652833444588,189.59652833444588,187.04103029767117,187.91619873046875,9616793
2017-10-27,189.45649780707225,193.2372450867771,187.25108038500034,188.58132934570312,23852749
2017-10-30,188.33627049332537,189.45647534016973,184.45052387321428,185.6407470703125,18266520
2017-10-31,186.27086545185708,186.90099731209307,184.76557633992593,186.02581787109375,8452918
2017-11-01,186.9360009972217,189.8765721418131,186.44590580645647,188.931396484375,7516426
2017-11-02,188.82637869232718,189.00140793806258,185.7457818669521,185.99082946777344,10056813
2017-11-03,186.9360161473015,187.56614809619913,185.46574155050132,185.81581115722656,6210456
2017-11-06,186.4109001867209,187.56611972901246,185.04563669323016,185.46571350097656,9368140
2017-11-07,186.0258398153692,187.4261071157749,184.59056888348306,185.74578857421875,9872847
2017-11-08,185.78080752495012,186.5859576352299,185.32571592674194,185.81581115722656,6186540
2017-11-09,186.51594417717143,186.5859514393996,181.54498477283963,182.07008361816406,21026098
2017-11-10,182.42016116067555,185.6757874571074,181.6149999474005,183.22531127929688,17438746
2017-11-13,184.13546293758665,184.34550689939792,180.63478941221214,180.84483337402344,7681031
2017-11-14,180.9848619736954,182.6301767826589,179.23452518209115,179.61959838867188,8656529
2017-11-15,179.9346635338243,180.17971112734173,175.31377398081892,177.3441619873047,17666898
2017-11-16,178.32436465156286,178.95448549337118,176.71405336812964,178.6044158935547,10343428
2017-11-17,179.5846136537725,181.33495062953293,179.23454403968964,180.6348114013672,10383570
2017-11-20,181.05488348391387,182.52515798256132,180.10969671831995,181.47496032714844,8221147
2017-11-21,181.68501469091004,181.68501469091004,178.67443607218453,179.09451293945312,17266541
2017-11-22,179.23453312400218,181.08989198045836,178.95448188765306,180.7398223876953,8941555
2017-11-23,180.8798480058699,182.5251628877376,179.51458436035134,180.7398223876953,7814131
2017-11-24,180.98488814475158,183.05029118294246,180.6698332459242,182.56019592285156,7630740
2017-11-27,182.03504751412538,182.3851170681138,180.14468523617035,181.50994873046875,5022804
2017-11-28,181.404936318052,181.47495467040167,179.23452272034785,179.93466186523438,18183221
2017-11-29,180.6348003379551,181.1248955487233,179.93467224732433,180.66981506347656,9032800
2017-11-30,180.56478759398405,180.77482046746977,178.2893408582238,179.26953125,22967997
2017-12-01,179.89963473606676,181.75499335688542,178.28932368959494,178.67440795898438,6847473
2017-12-04,179.23453673536304,179.44458071418362,177.51920346251953,178.6044158935547,6347174
2017-12-05,178.53438281609354,178.7794304062963,176.78404605597456,177.72923278808594,9337698
2017-12-06,177.30916139307706,177.30916139307706,175.62883183886655,176.1539306640625,8562019
2017-12-07,175.0337267530011,177.90427976967953,175.0337267530011,177.37918090820312,5635445
2017-12-08,177.65921727120127,184.27549121760873,177.41416967708793,183.5753631591797,13638732
2017-12-11,185.2907183270423,187.28610294622166,184.34553146757673,186.4109344482422,17842707
2017-12-12,185.18568792103488,185.67578314521563,182.38514219790852,183.1202850341797,9599026
2017-12-13,181.75499195907452,183.71537253877267,180.35472487128374,181.3349151611328,8986735
2017-12-14,182.66519249447902,186.34090643351746,180.3197385183287,185.01063537597656,8353203
2017-12-15,186.23589305198925,186.97102477909772,184.4505414442879,185.2556915283203,12742052
2017-12-18,185.88580866723393,185.88580866723393,181.36994093301786,184.27549743652344,9650962
2017-12-19,184.4155292955489,185.81579651747427,184.20548532913165,185.01063537597656,6107682
2017-12-20,185.32569511161992,185.32569511161992,183.9254279366456,184.3455047607422,7728106
2017-12-21,186.16587522812657,186.16587522812657,183.15529649077152,184.17050170898438,7032195
2017-12-22,184.48554134503115,184.975636549629,183.54036566091605,184.2054901123047,6652053
2017-12-26,184.31050724738085,185.5357452266285,183.89041931469436,184.9406280517578,9917650
2017-12-27,184.97564571569404,185.0456640746718,183.19030515027782,183.54037475585938,6325599
2017-12-28,184.4155193150569,184.87059975812855,182.77019349158724,183.33030700683594,16501935
2017-12-29,183.7854216309248,184.83563050684282,183.6103923655989,184.31053161621094,6818477
2018-01-01,184.31050600745985,186.44590490742195,182.91022770079542,183.64537048339844,10863895
2018-01-02,183.85544134186077,184.97565749426082,182.3501519271971,182.56019592285156,5907460
2018-01-03,182.9452319373822,183.89040753608055,182.4551367770749,182.8402099609375,11443370
2018-01-04,182.7002081683048,183.96044986058294,182.45516055621442,183.1202850341797,9729737
2018-01-05,183.36536664717556,184.48558292521383,183.36536664717556,184.0655059814453,9566733
2018-01-08,184.83560978705188,186.79599059328646,184.31051095528275,185.95582580566406,14989106
2018-01-09,185.88583512526344,190.43670713766673,185.36073621531764,189.42152404785156,26728897
2018-01-10,191.45189769478122,191.8369709387743,188.3713117428367,188.61634826660156,17074502
2018-01-11,188.6863336022002,189.7365534085821,187.7061432424471,188.89637756347656,11722150
2018-01-12,189.21144895609237,189.98159537675505,186.34090724076887,187.32107543945312,8494789
2018-01-15,187.63613031169496,189.80655492685185,186.93599119171165,187.3560791015625,10944192
2018-01-16,187.77619402456585,188.12625254026412,182.5951904185247,183.22531127929688,13433905
2018-01-17,183.43532096864396,186.93598313370538,181.71998796488205,186.27085876464844,17006334
2018-01-18,187.63619006875115,192.7121725685628,186.6910141598781,191.4169158935547,27461089
2018-01-19,193.2372664479344,194.28746427980863,189.80659948712292,192.22206115722656,26700710
2018-01-22,192.53709461528692,192.88715310363128,190.2266553378802,191.5919189453125,8660321
2018-01-23,191.83695874503087,194.11240552627856,191.52189278652466,193.6573028564453,18947034
2018-01-24,193.6923111206657,197.4380433940242,193.2722231900035,197.05294799804688,17971710
2018-01-25,196.73790410838512,198.27819693404717,195.05757457616042,196.91293334960938,13629982
2018-01-29,196.8429420659725,198.34822028982995,192.53710699802335,192.9921875,9938281
2018-01-30,192.53709424530206,193.5522771731334,190.401684216171,192.67710876464844,13560150
2018-01-31,191.7669074938089,193.23719277359012,188.93135889632373,190.01657104492188,19675610
2018-02-01,190.43668504356788,203.24916796555587,187.2160846866972,192.7471466064453,61648368
2018-02-02,192.1170257610493,199.9935422349337,189.59654226455092,192.7821502685547,36356576
2018-02-05,191.52188087778353,197.22799374402538,190.33166875738834,195.5126495361328,20465290
2018-02-06,189.0014321660764,194.14742134833392,187.7411903702033,191.48692321777344,16432103
2018-02-07,194.63747830776612,195.16258819824927,191.83694400023305,192.64210510253906,13455081
2018-02-08,193.02720964039764,193.86736341230858,190.8917993878128,191.906982421875,10156564
2018-02-09,189.73656139479104,190.78675905607182,187.49612936238256,189.98159790039062,14751166
2018-02-12,190.75174054037208,191.73193092190257,188.54632327658126,188.931396484375,6972242
2018-02-14,189.03644430635495,189.73658355876384,185.60577750206738,186.58596801757812,11738542
2018-02-15,186.58595651566998,188.9664253892568,185.39572207887656,187.70616149902344,12188244
2018-02-16,188.93140261001858,189.56151233897197,185.95582773951176,186.55093383789062,6401588
2018-02-19,186.23588435183316,187.49612596036488,183.78539729911716,184.90562438964844,6303342
2018-02-20,184.83563050684282,186.09587228222108,183.54038509733024,184.31053161621094,9659227
2018-02-21,184.83558278468504,188.30124122485995,184.4505096246656,187.77615356445312,10961665
2018-02-22,187.07603447935205,188.33627606397988,185.85079652356035,187.0060272216797,19855003
2018-02-23,187.25104986903793,189.03640122742604,186.30587429779882,188.37127685546875,6780714
2018-02-26,188.02122791216044,188.6863523962485,186.23589844209405,186.6209716796875,8701511
2018-02-27,187.63615039499925,187.77618710970623,185.88581350234898,186.5159454345703,7716072
2018-02-28,185.53576663012754,186.44592767020418,184.17050288070448,185.57077026367188,13969189
2018-03-01,184.97564268643845,186.3059027280019,184.0304558763125,184.8356170654297,8081243
2018-03-05,184.3455391203247,184.3455391203247,182.03508842052491,182.2101287841797,6878708
2018-03-06,182.77021789072842,183.71540471997918,178.88447077148774,179.58460998535156,8495423
2018-03-07,179.58461477374232,182.3851495145628,177.5192118040304,181.96507263183594,15736814
2018-03-08,182.24511349662816,183.36532954802016,180.45977297850925,181.22991943359375,6259151
2018-03-09,181.33491950080054,182.66517936809572,180.8098207171439,181.50994873046875,6345666
2018-03-12,184.8356248603361,189.63155528174468,184.10048199804748,189.1064453125,20666810
2018-03-13,188.79135118130512,190.43666592053742,187.0760291863812,188.65133666992188,8647577
2018-03-14,187.67115783691406,188.37129700466096,185.7457806729365,187.67115783691406,8211627
2018-03-15,186.9360050820553,188.96641533766845,185.6757745428174,185.9208221435547,5771710
2018-03-16,186.5159373749616,186.5159373749616,181.22991219942375,182.3851318359375,21477001
2018-03-19,182.42016240162025,183.57538213845217,180.84485469164665,181.43997192382812,13423983
2018-03-20,180.73981753049824,182.00005915485488,180.2847259626711,181.47496032714844,7769207
2018-03-21,182.0700885499868,183.190304627861,181.1249017270774,181.3699493408203,13418488
2018-03-22,182.03505660343143,183.05026168908427,180.5297674313065,180.84483337402344,8319663
2018-03-23,179.2345428466797,181.19492379677203,178.35937436462473,179.2345428466797,11616470
2018-03-26,177.06410441834979,182.03505227422522,176.7840421110444,180.70480346679688,12981125
2018-03-27,181.19493108611758,182.3851545003742,179.86467094580323,181.2649383544922,9107151
2018-03-28,180.63478188013167,181.29991736658184,178.07929519481368,178.8844451904297,12743051
2018-04-02,179.9346765156643,181.29994019309714,178.84946408112705,180.80984497070312,7299774
2018-04-03,180.63479370146948,182.03506092593875,180.28472412168895,180.98486328125,5294559
2018-04-04,181.68500668472038,181.89503956177253,180.0046771003848,181.0548858642578,8716184
2018-04-05,178.88445628663763,182.03506030460284,178.88445628663763,181.79002380371094,9464602
2018-04-06,182.3851251403199,183.43533384876645,182.07007029404267,182.6301727294922,6333848
2018-04-09,182.8401995835645,186.65592757835879,182.6651703625254,186.0958251953125,9572467
2018-04-10,186.48089349393155,188.1262080695348,185.60572522225738,186.7259521484375,15248015
2018-04-11,186.86598498986382,187.32106543523128,184.41552024541343,185.6407470703125,5433736
2018-04-12,185.60575801822955,185.64076164877923,183.01525636983794,183.40032958984375,6360898
2018-04-13,184.13549260629722,184.4855622341699,182.03508593371535,182.56019592285156,5183544
2018-04-16,182.38511937385175,185.46571595538234,182.0350498154377,185.15065002441406,5412918
2018-04-17,185.81578635118188,187.91618152182738,183.92542404080962,187.3560791015625,13716437
2018-04-18,188.12625652670886,195.26764122632628,187.6361612807615,192.7821502685547,24733011
2018-04-19,194.11238105347982,196.0377469083217,192.7121028739748,194.18238830566406,13317329
2018-04-20,193.23722852618445,195.51265301715412,191.48689175345154,193.3772430419922,11206130
2018-04-23,193.23721137436107,194.07736496255058,192.53707228955153,192.8871307373047,12198602
2018-04-24,193.23724365234375,195.23261707858595,192.29204574478035,193.23724365234375,8774762
2018-04-25,192.8871729170918,193.44727543169907,190.92679192665818,191.906982421875,5118640
2018-04-26,192.22203986071725,195.4076477338787,191.136827418599,194.81253051757812,21064135
2018-04-27,195.75771248692314,196.70288813497473,194.9175366314948,195.61767578125,10107682
2018-04-30,195.75771386068087,198.7332775313902,195.75771386068087,197.05294799804688,6146923
2018-05-02,197.5080285909384,202.128906554846,196.2127724089478,201.1137237548828,16690653
2018-05-03,201.28877366606105,202.82906647901532,198.1731733164744,199.53843688964844,9727173
2018-05-04,200.93873697711004,200.93873697711004,193.13222789473488,194.04238891601562,11324148
2018-05-07,194.84752580236082,198.41820655457585,193.86733544852848,197.61306762695312,6725168
2018-05-08,198.24319707492708,200.2035779779667,197.4380580670628,197.92813110351562,6842664
2018-05-09,197.08798403925775,198.83832102059435,197.08798403925775,197.64808654785156,4376684
2018-05-10,198.10317255217845,198.8032895342489,194.14739621908936,196.14279174804688,5890656
2018-05-11,197.3680581526887,198.83834405001664,195.8627797128382,198.5933074951172,4042002
2018-05-14,198.138165348011,201.1487438185095,197.43804836502073,199.39840698242188,6728839
2018-05-15,199.4334183636573,200.23857950776423,196.52786192718216,197.33302307128906,8077078
2018-05-16,196.00276955490028,202.19897838172955,195.72271830346904,200.13357543945312,18758524
2018-05-17,201.63885083155893,202.12894606194394,194.9525690514761,195.30262756347656,11169294
2018-05-18,195.02258107584663,199.92353349931233,193.2372515560403,197.64808654785156,16016090
2018-05-21,197.64806022805703,198.83829454230232,194.98756257186744,197.68307495117188,8909610
2018-05-22,197.4380443728774,198.20819079003937,194.6725024644828,195.16259765625,4913188
2018-05-23,195.33763602970248,195.6176872681885,191.1018305373051,191.45188903808594,8195839
2018-05-24,191.83698112738318,193.7973621788498,190.26167334036114,192.43209838867188,6524303
2018-05-25,194.50157972628924,196.35804906230385,191.89536715769054,194.43016052246094,9600297
2018-05-28,195.64403480901498,198.1431414490519,194.5015989905188,196.57228088378906,7266559
2018-05-29,196.2152109485889,198.32160199890825,194.53724455383454,195.67970275878906,9171106
2018-05-30,194.57297120189645,195.4297979584528,193.2520101512543,194.14454650878906,8313920
2018-05-31,194.35874900777816,194.71575448084033,192.50227981447185,193.96603393554688,13721531
2018-06-01,193.60906201571032,194.0017771560007,192.1452850112996,192.75221252441406,6862252
2018-06-04,192.9664355426307,194.18029063582446,191.00285973285403,192.00250244140625,8291604
2018-06-05,192.07387730720063,192.6808047851678,190.53870381063788,191.00283813476562,6011246
2018-06-06,191.35981037243343,193.6090171360461,191.2170172434251,193.073486328125,7577818
2018-06-07,193.1448978353996,194.43014924418856,192.8592889256307,193.53761291503906,7059595
2018-06-08,193.5733308963908,193.85893981852624,190.64579984259967,191.28843688964844,7030323
2018-06-11,191.71685688256514,194.14454397596558,191.46693493829355,192.2523651123047,8903144
2018-06-12,192.28807613932057,196.07243389471685,192.2523665385431,192.96640014648438,8774931
2018-06-13,193.85892844177235,194.0731407782174,190.78860442192706,191.25271606445312,8118945
2018-06-14,190.28882511995738,192.00250155955646,189.93181956696947,190.82435607910156,9522749
2018-06-15,191.00283794862807,191.1813407055833,188.21812252521488,188.86074829101562,11231098
2018-06-18,188.82501545694888,189.57474731061654,188.1466914861761,188.89642333984375,6522996
2018-06-19,189.14635500739234,190.75291374561732,187.53978495433756,189.9674835205078,7618626
2018-06-20,190.25309178321686,190.64580689438657,187.82540454043854,188.32522583007812,9907628
2018-06-21,188.78932111744965,189.07493002533948,185.93320940889362,186.2545166015625,7412366
2018-06-22,186.04034921370462,190.50303163693354,185.6476227508161,189.3248748779297,17468481
2018-06-25,189.32484507054147,189.50335912826378,185.46909077948274,187.5040740966797,14142177
2018-06-26,187.39698450681888,190.03890680217876,187.1827834593592,189.074951171875,10475574
2018-06-27,189.1463529413429,189.2177608314046,186.7186544016905,187.61119079589844,10423520
2018-06-28,187.075673890308,188.50372987844094,184.9335842506937,186.00462341308594,15200725
2018-06-29,186.9328791453985,191.03853325304797,185.86182861247084,190.07460021972656,11327082
2018-07-02,190.6458113554922,190.717230562583,185.68331926051383,187.82540893554688,18794988
2018-07-03,188.14668971391905,190.46728182112938,186.46872328739508,189.53904724121094,10784961
2018-07-04,190.14596987492445,190.14596987492445,187.21846158468463,188.78932189941406,8184810
2018-07-05,188.93217370614957,195.50123683537765,188.14674335193192,194.57301330566406,16069118
2018-07-06,194.75149606771245,196.17956345383402,192.8950265694832,194.6800994873047,13434995
2018-07-09,196.35805117378445,197.07208481213254,194.3587660382735,195.92962646484375,10158808
2018-07-10,196.71508944953868,198.1431569641413,195.00143558761116,197.82183837890625,11928591
2018-07-11,197.67899219186444,200.14238875870885,195.46549492674305,196.89353942871094,11800272
2018-07-12,196.89357232269938,198.6072486410128,195.14420902941035,197.92892456054688,10284221
2018-07-13,198.50010045321642,198.71431277638484,192.2166596651072,193.073486328125,19306087
2018-07-16,193.00212025376854,195.14419856454296,192.57369553974985,193.9303436279297,10676970
2018-07-17,193.53764351516978,194.9300013139742,192.2881015086592,192.68081665039062,10419746
2018-07-18,193.57333055150897,193.71612369749295,191.07422420020293,191.75254821777344,7321779
2018-07-19,192.00248972781839,196.07245687752436,190.11031062832677,195.1442108154297,9301711
2018-07-20,195.1084663618914,196.21521499180238,193.25199719894934,195.6439971923828,6825663
2018-07-23,199.5712021809848,204.67652205599987,197.8932352948508,202.89144897460938,27059765
2018-07-24,203.1413157604223,204.9263883566371,202.46296916494884,203.96243286132812,12577993
2018-07-25,202.96280262358556,204.8906911006829,202.2130820450611,204.31947326660156,13814116
2018-07-26,204.9264054613905,207.8896235028815,202.9271203660089,205.06919860839844,21495638
2018-07-27,214.20880419436602,219.31412381122226,210.63865821211533,216.0295867919922,78783846
2018-07-30,215.63687336229248,216.7793092235042,214.20880590611569,214.95852661132812,17738557
2018-07-31,214.74433168804447,215.1727338108509,211.03136996919903,212.56654357910156,15124149
2018-08-01,212.8163880345771,216.31513647466937,211.42403057788312,215.35118103027344,15187911
2018-08-02,214.56576600781997,216.70786673836346,212.28087213970133,213.63754272460938,10226827
2018-08-03,214.20876529265485,218.06451953769601,212.88780427762543,217.02919006347656,12950643
2018-08-06,217.77895875488312,219.13560704008466,214.20881263200513,215.4940643310547,7979881
2018-08-07,216.31520877093166,217.20774532019922,214.0303142996202,214.99424743652344,7465742
2018-08-08,214.38726371906517,215.9224370439792,214.2087609818945,214.8870849609375,6690368
2018-08-09,215.4583198244532,217.49331455230163,214.24448753782795,215.9938507080078,9576528
2018-08-10,215.6368610145869,219.13558761145188,215.0299335119485,217.63612365722656,15347074
2018-08-13,217.06488722229025,219.77820595007876,216.45795977148262,218.45724487304688,10341087
2018-08-14,219.2069797179455,221.4918736566877,219.09987354662493,219.84959411621094,12790249
2018-08-16,219.84962361078007,220.27804835353894,217.85033831745346,219.52830505371094,19393491
2018-08-17,219.77823283515696,225.1334517424447,219.77823283515696,224.02670288085938,26392504
2018-08-20,224.34795921848735,224.9191769790392,222.27727786424532,223.705322265625,19958265
2018-08-21,224.5622277237225,226.3473006443309,222.7771548031141,223.41976928710938,14143291
2018-08-23,224.20519008406512,225.9188663517127,219.4568990315288,222.7771453857422,11745180
2018-08-24,222.0630987716079,222.77713239395882,219.20698691186303,221.63467407226562,5655583
2018-08-27,222.205835517339,224.81204739405698,221.70601437152536,223.77671813964844,5482067
2018-08-28,224.20517295678368,225.49042440192255,222.063094758105,222.52720642089844,6864300
2018-08-29,222.56292793077688,225.24053713722947,221.34907299273343,223.34835815429688,10748094
2018-08-30,223.84816953882765,228.91777879426039,223.84816953882765,228.3822479248047,25934792
2018-08-31,229.91742133080535,230.34582339671138,226.4900690256059,228.3822479248047,18781195
2018-09-03,230.5957293212372,230.5957293212372,222.09879098072838,223.63394165039062,9463966
2018-09-04,222.7771375107817,222.91993066073636,219.20699194668555,221.06346130371094,11615187
2018-09-05,221.63469407512704,224.52651579736127,220.81355420383147,221.527587890625,10529696
2018-09-06,222.3487127951075,222.5986121223505,219.9567125516738,221.9202880859375,7902786
2018-09-07,222.49150410559844,223.63393969819688,219.99239795971837,221.6703643798828,7465327
2018-09-10,221.49189384256738,221.88460896331395,218.17164748835177,218.88568115234375,10006954
2018-09-11,218.9570637438883,219.02846031682898,211.03134262805378,212.20948791503906,27008217
2018-09-12,212.60219649851547,219.63538103335372,210.92422999302562,219.0641632080078,20171661
2018-09-14,219.2069959935786,220.38514133592156,217.8146382926897,219.31410217285156,13317349
2018-09-17,217.77893446201807,218.56436471106483,215.27982792884194,215.63685607910156,6049990
2018-09-18,215.779599549223,217.70748775365303,213.70891822129747,216.5293426513672,8515415
2018-09-19,217.42191691443648,218.2430340923258,212.7807096254181,213.95887756347656,6387203
2018-09-21,214.494374203807,218.92136890081036,214.494374203807,217.02919006347656,16966413
2018-09-24,217.77892546747526,218.74285843701003,208.85356152451803,212.74502563476562,15009283
2018-09-25,211.99530017122123,215.88676460785013,208.7464728546204,215.02993774414062,13785151
2018-09-26,216.35085769008958,216.35085769008958,206.88998550998116,209.3176727294922,20657879
2018-09-27,209.56760521569709,210.7100409929446,206.71149314291785,209.42478942871094,12550275
2018-09-28,210.6386278875213,214.20877335579596,208.3537338826392,212.60220336914062,25554548
2018-10-01,214.81568569514334,216.3151494019356,209.4961548385015,212.13807678222656,9373133
2018-10-03,212.06671520814504,214.20879364008837,210.38872585987443,210.78146362304688,7861709
2018-10-04,209.81750572856356,211.138466904342,203.60546023832367,204.99781799316406,8417940
2018-10-05,203.85534996109413,204.2123780988787,196.429449828885,197.42909240722656,18301682
2018-10-08,199.2141786863711,199.49978763812786,192.18099318908494,195.07281494140625,17063274
2018-10-09,196.71506355273533,196.71506355273533,191.18134226405422,191.7168731689453,10946626
2018-10-10,192.71653605374053,193.60907256938575,190.78864722289546,192.8593292236328,11921765
2018-10-11,189.21777596761876,192.2881005041141,188.25383160623974,189.36058044433594,11018554
2018-10-12,191.00284271468044,198.25024039111645,190.86002692775668,196.5008544921875,13942941
2018-10-15,199.1784409736052,202.49868699984552,197.07207242293794,201.7132568359375,18623988
2018-10-16,202.07030341495798,202.60583437638346,197.32201186574764,201.82040405273438,12325066
2018-10-17,202.71291635542164,208.2466375673002,201.03494971626478,204.53367614746094,15896854
2018-10-19,203.49832061553323,208.1752144242897,203.3198178823802,206.67575073242188,8341467
2018-10-22,208.49655823879772,209.2819884637687,205.1406023515967,205.99745178222656,12965700
2018-10-23,204.21238708496094,207.92532599961848,202.46300118105418,204.21238708496094,11261603
2018-10-24,206.1402380861079,206.81856210971577,204.46227151308037,205.4619140625,9024700
2018-10-25,204.2123735822206,206.71147997280065,203.14133445187457,205.31912231445312,9953333
2018-10-26,206.8542647917444,206.92566136298353,197.07207460497818,200.57080078125,22302628
2018-10-29,201.2848335865194,203.67683369532108,199.17844239120265,202.4272918701172,11779416
2018-10-30,202.24881390978348,202.67721601767474,198.50014271552482,199.178466796875,7110853
2018-10-31,199.60690337411043,200.64225567471948,194.8229022865524,199.99961853027344,14021856
2018-11-01,199.92823176621926,201.21348348857703,196.21526977403943,198.07176208496094,9816770
2018-11-02,198.71433606841003,204.17666043084026,198.71433606841003,202.24879455566406,12093152
2018-11-05,203.67683517302373,203.67683517302373,198.7857287486706,199.642578125,7665505
2018-11-06,200.71362390853616,201.24915478659926,197.14347840053915,198.00030517578125,10142476
2018-11-07,200.64223702239306,200.64223702239306,199.07137654377314,199.9639129638672,994001
2018-11-09,199.21418743324924,199.71400877818448,197.0006896728701,197.9646453857422,15613827
2018-11-12,198.35733595682467,198.64294488572455,195.1084863025628,195.5369110107422,7318920
2018-11-13,195.60831173294932,198.42873673883201,195.03709386303828,197.67901611328125,6958821
2018-11-14,198.57157017683804,198.78575992485426,196.1081504632035,197.39340209960938,7182329
2018-11-15,197.6790269557527,199.39268065947775,195.28702653593461,196.00103759765625,12621945
2018-11-16,196.9292518753255,198.71432450084333,196.53653680289784,197.46478271484375,13122152
2018-11-19,198.03602301212828,203.4983476768668,197.4290955349729,203.14134216308594,17364041
2018-11-20,203.4983707654138,204.67651625015273,201.2134763808607,202.67723083496094,8096904
2018-11-21,203.14133249633394,203.35552221661405,199.9281925065682,201.177734375,5867663
2018-11-22,201.35626379757537,203.14133657671007,199.6425875933015,200.2852020263672,6937634
2018-11-26,200.82071233348026,204.46225409345456,200.42799726749928,203.96243286132812,9292657
2018-11-27,204.28378706445636,204.5336864093685,201.92749625673827,203.39125061035156,7146777
2018-11-28,203.78396341544246,205.60474590768013,200.4994265863242,201.4990692138672,9197861
2018-11-29,202.53440699775805,206.56866419491365,202.39159121987106,205.31912231445312,14183469
2018-11-30,206.71147162228834,207.06847710809544,203.35551595927464,204.06954956054688,8972623
2018-12-03,205.10493149879272,206.71150167783364,201.74899797748935,202.03460693359375,8895477
2018-12-04,200.64224850942009,202.28450565936407,200.60653890389432,201.24917602539062,6548740
2018-12-05,200.6422514892835,201.21346940821175,195.78685391907,196.60797119140625,11894383
2018-12-06,196.00101246794958,196.28664401160992,193.8589342981032,194.96568298339844,10055005
2018-12-07,196.32231711248014,197.21485339180296,195.1441719393328,195.67970275878906,8415885
2018-12-10,194.21594851751854,194.43016087006842,192.18097642761302,193.10922241210938,6940479
2018-12-11,191.64545291691442,197.1077775983803,191.50265976282873,196.1438446044922,10633126
2018-12-12,196.85785825927414,198.28590280331326,194.6443609289415,197.10775756835938,10473073
2018-12-13,199.2141806863074,199.49978964093143,195.28702927315024,196.57228088378906,16430755
2018-12-14,195.8939195921619,197.96460109225802,195.57260109309777,196.89353942871094,8925774
2018-12-17,197.78609595901128,200.92783944400608,197.00066574517737,199.8210906982422,12703296
2018-12-18,199.24987584308025,200.35662460553038,197.78609894099412,198.60723876953125,9172963
2018-12-19,199.21415596208124,202.78430139628728,198.85715047052403,202.39158630371094,13639278
2018-12-20,200.64225856726074,203.06994612317726,200.64225856726074,201.82040405273438,5155693
2018-12-21,202.07027159869472,202.7843052249489,197.10776844626764,197.6075897216797,7079146
2018-12-24,199.1070700203594,200.4280312067319,196.53656685690964,197.0720977783203,8869498
2018-12-26,197.32196625381323,199.07135190364914,196.2152176091392,197.5361785888672,8821251
2018-12-27,199.21415748118324,201.10633638611384,198.00030259317893,200.4636993408203,11881735
2018-12-28,199.3212470198585,202.78428601804447,199.3212470198585,201.5347442626953,13702437
2018-12-31,201.9274629809527,202.6771835218029,200.71360817228364,201.1063232421875,5662393
2019-01-01,201.4990735681513,202.46300661209042,199.78539722252307,201.8560791015625,2586466
2019-01-02,201.53480447592918,202.24883824788728,198.17887064035594,200.35665893554688,10316782
2019-01-03,200.35663553525345,201.67757409795263,198.32164065432963,199.10707092285156,6350450
2019-01-04,199.321300425993,202.03461962390736,199.321300425993,200.60655212402344,8105747
2019-01-07,202.9985020234489,203.6768259960413,200.6422116040258,201.1063232421875,10133320
2019-01-08,201.35626690873804,203.85535073441264,200.89213259082337,202.9628143310547,7768619
2019-01-09,203.92678070500583,208.28235677294379,203.21274701869484,207.35411071777344,12651287
2019-01-10,207.60402252094323,209.71039124232897,206.283061397464,206.7828826904297,10684824
2019-01-11,208.4251377078208,211.3526688610915,208.13952877598015,210.88853454589844,17419014
2019-01-14,210.2816402508001,210.49582998817345,207.0685000046124,210.13882446289062,6646635
2019-01-15,210.81716100235363,212.35233463708335,209.92462450671871,211.7454071044922,7490965
2019-01-16,211.3526695806491,211.74538469197444,208.28234526583475,209.96031188964844,8083821
2019-01-17,209.99599956483584,211.06706135354017,207.17559720034006,209.888916015625,11009380
2019-01-18,209.38910288523874,210.7100414266928,207.53261079889927,208.10385131835938,11418250
2019-01-21,209.1034387821732,209.35336071362005,206.14022098143312,206.9970703125,8519267
2019-01-22,206.96139596951403,207.78253584178128,203.60546253024026,206.88999938964844,10727385
2019-01-23,208.13952384961084,210.21020552869004,196.35804819915253,198.00030517578125,41735950
2019-01-24,199.42838543295932,202.32020710372018,198.3930332110885,199.1427764892578,29105831
2019-01-25,199.92819723034475,201.85606316602758,198.85715808500325,199.3569793701172,9240591
2019-01-28,199.14278378755634,199.53549892824591,195.78685028899793,196.1795654296875,9338450
2019-01-29,196.57225725949772,199.21415674450938,196.17954216537896,198.82144165039062,7267917
2019-01-30,199.99957850375975,200.07097507341092,195.78681881981998,196.7150421142578,10852162
2019-01-31,197.4290904609608,199.642587952562,195.35840874899742,198.96426391601562,15937442
2019-02-01,200.3922947038729,203.64112151191955,199.2855460346211,200.5351104736328,19060690
2019-02-04,201.28484318260686,201.28484318260686,197.10777019314227,197.85751342773438,6289877
2019-02-05,198.03600784188401,198.3573263574686,194.57296863078284,195.75111389160156,10205529
2019-02-06,196.35805323826912,198.78574047858595,196.0367347031853,198.28591918945312,8409442
2019-02-07,198.4287340620449,200.64223156516485,197.78609699481933,200.1424102783203,6177040
2019-02-08,199.57115382653762,200.78500865889526,196.0724277280822,196.7150421142578,4575570
2019-02-11,196.92926744241146,198.6429436346772,191.6811553189029,197.85751342773438,10335615
2019-02-12,197.8218228889769,200.28521992356286,196.07245955578165,196.57228088378906,7624089
2019-02-14,197.78608915453776,200.07098314244487,197.78608915453776,198.42872619628906,10378675
2019-02-15,199.21418821794745,200.60654606791846,196.64368489948743,199.99961853027344,38998388
2019-02-18,199.07137581916786,201.67756586300092,195.5726267288296,196.1438446044922,42232590
2019-02-19,195.64402327482043,199.35698472535785,195.64402327482043,197.00067138671875,35777932
2019-02-20,197.96462365926195,198.14312641364927,195.82252271763562,196.96498107910156,6208106
2019-02-21,197.00064994704513,197.6075773599106,195.7868177509717,196.3937225341797,7264425
2019-02-22,196.78647658696065,197.0363759149642,195.00140379953183,195.8582305908203,9100951
2019-02-25,196.00104668589537,197.89322587244894,194.9300074139897,197.57192993164062,31204722
2019-02-26,196.32232703669004,197.78608117765555,195.67971265051443,196.7150421142578,12233273
2019-02-27,197.07211102584512,199.1427930117266,195.57264697475944,196.42947387695312,13634026
2019-02-28,198.00029389450543,198.00029389450543,195.82250616389538,197.10775756835938,44873000
2019-03-01,197.39339497989593,199.21417749482353,197.25060181970213,198.64295959472656,9170950
2019-03-05,199.92822553311046,202.78433786823203,197.10780017576806,201.74900817871094,14103324
2019-03-06,203.49837405953645,206.49730223086917,203.31987127950393,204.03390502929688,20817638
2019-03-07,204.71219018793897,207.78251436067126,204.1052627476751,207.13987731933594,14837761
2019-03-08,207.2827117824925,209.21057782099714,205.92604100502052,208.49656677246094,13169854
2019-03-11,209.21055269300044,210.56722330752456,207.85390470813414,209.17486572265625,15287916
2019-03-12,209.924618562574,211.10276398789273,209.31769104716838,210.28164672851562,14686757
2019-03-13,210.63862679730093,212.06669402908287,210.03169935527652,210.56723022460938,11496644
2019-03-14,210.92420890513435,211.3526335461395,207.3897735058089,210.99560546875,10503481
2019-03-15,211.31697680747052,211.7454015556401,206.6043950962506,207.6397247314453,22219476
2019-03-18,208.4965757770602,210.06743635913944,207.99675444370212,209.60330200195312,9519926
2019-03-19,210.35306108692248,214.20881624918027,209.46052454113143,213.81610107421875,16363247
2019-03-20,214.208815969013,215.6011738838125,211.78110570539823,213.4233856201172,16221492
2019-03-22,214.20880512077912,214.20880512077912,211.7454080031183,212.92355346679688,8378083
2019-03-25,212.06673534326802,212.06673534326802,209.35341612614528,210.67437744140625,8324586
2019-03-26,210.6386437057997,211.60257671831766,207.81821861700814,209.49618530273438,11178168
2019-03-27,209.92459684663578,211.85248538023595,208.21092066450882,209.281982421875,8757278
2019-03-28,209.9960182057596,215.6368686947973,209.21058791076177,214.20880126953125,18436077
2019-04-01,212.0666907376577,213.63755109044183,211.74537222104505,212.2451934814453,6442182
2019-04-02,212.35229932255172,214.20876858843312,210.38870125497496,212.7093048095703,10228747
2019-04-03,212.78070097642566,213.49473457876326,210.74572897090462,211.4597625732422,9413878
2019-04-04,211.3526685155775,212.28089188512735,209.7460984756482,210.49581909179688,7233298
2019-04-05,210.67436520773038,211.63829827468672,208.9606888211823,210.3173370361328,8107661
2019-04-08,210.38870675756309,210.63862870873916,208.2823381216095,209.0320587158203,5492542
2019-04-09,208.85354543733203,211.85247292228803,208.67504269815413,211.56686401367188,6413515
2019-04-10,211.38837152176833,211.74539968530982,209.56761161745297,210.4244384765625,5540095
2019-04-11,210.31729888873758,212.387980441641,209.2105502279522,211.6382598876953,11179559
2019-04-12,211.81674689398005,219.4925677502076,211.06702639571853,218.31442260742188,22658578
2019-04-15,219.8496322190205,221.34909624772718,217.31483852765615,218.13595581054688,13098155
2019-04-16,219.064229258049,221.31341426703642,218.60011746372837,219.34983825683594,10121522
2019-04-18,220.09953814374006,220.09953814374006,216.74358215505896,217.3505096435547,9178504
2019-04-22,216.9578188103156,218.13596431530578,214.95853336075785,215.4940643310547,6929432
2019-04-23,215.74395347336096,217.6361098110569,215.31552876236447,216.63648986816406,7784732
2019-04-24,216.63648219849912,219.3497782596587,213.1377333184339,218.81427001953125,11888770
2019-04-25,219.38549456014246,221.20627694335676,215.63684624614532,217.1719970703125,24135743
2019-04-26,217.493320687115,218.77857221423992,216.02956640365656,217.45761108398438,4834044
2019-04-30,217.45760832256764,219.59970926034725,213.8517757495768,215.17271423339844,11593138
2019-05-02,214.9942001733623,218.8499545030104,214.63719468400274,217.77891540527344,7781859
2019-05-03,217.24339294433597,219.52828700172617,216.5650689105209,217.24339294433594,6112578
2019-05-06,217.0649450593524,219.56405210219606,214.74436344287713,219.20704650878906,6997113
2019-05-07,220.09954647977662,220.99208294436943,214.815724273082,215.56544494628906,8989234
2019-05-08,214.20873996545964,216.63644936769714,213.2448071755854,214.6728515625,8179360
2019-05-09,213.78035078506375,215.13702146467384,211.60256293293523,214.10166931152344,10617358
2019-05-10,214.20877335579596,214.53009187905874,211.9952759239749,212.60220336914062,7170576
2019-05-13,210.7100123663691,216.7078672710452,205.42621366995334,206.5686492919922,37262425
2019-05-14,207.78252969280874,212.9592454879153,206.24735617833392,210.17453002929688,21959611
2019-05-15,212.45946046002015,213.70900261751274,208.4965989583851,212.10243225097656,18583184
2019-05-16,212.0666834233843,212.0666834233843,209.38907446994733,210.46011352539062,7637614
2019-05-17,210.71005816121396,215.8867744440997,210.71005816121396,215.2084503173828,11626049
2019-05-20,219.09994030483398,219.5997617134027,215.70829664880793,219.20704650878906,11437612
2019-05-21,219.20698475338412,221.34906296968558,217.993129870306,218.4215545654297,10923996
2019-05-22,220.03931386480298,220.5126657934078,216.1431905841006,218.29151916503906,14266773
2019-05-23,222.11482828174036,222.55178277977674,209.006424142729,209.88031005859375,32589058
2019-05-24,212.28349181725156,212.39273043053225,209.2248568058029,211.5188446044922,11298665
2019-05-27,212.1014454359504,213.77639912043193,210.49930980378375,211.81015014648438,9371741
2019-05-28,212.50199929949048,212.64765849800534,209.80750030874114,210.3900909423828,16199349
2019-05-29,210.3172523831986,212.42916053445447,209.4433434377088,209.80747985839844,7534947
2019-05-30,210.46289780486956,211.95579487923223,209.9531252575009,210.20802307128906,8989691
2019-05-31,210.71780316500093,212.2835183507149,202.05166954937698,202.8527374267578,27294002
2019-06-03,204.92824825830525,205.0010663161921,200.485954363663,202.8527374267578,20323304
2019-06-04,203.36248779296875,205.47439588281568,203.03479502814525,203.36248779296875,14384170
2019-06-06,204.19996460507286,204.19996460507286,200.4859211453017,200.81361389160156,11071548
2019-06-07,201.57830762839166,201.57830762839166,199.68487665509437,200.44952392578125,7995725
2019-06-10,202.67064247893407,204.30919849339386,201.65109754016817,203.47171020507812,8947150
2019-06-11,204.56410100329572,204.92823743391313,203.32610176377693,203.79945373535156,8787243
2019-06-12,204.92821896733415,204.92821896733415,202.63423120980383,203.87225341796875,8565517
2019-06-13,203.10765013159173,204.89184270190447,202.85275228999836,204.34567260742188,7475823
2019-06-14,204.27279392702164,204.27279392702164,201.83316999538044,202.4886016845703,8212601
2019-06-17,203.07120880316123,203.07120880316123,199.86693738637877,200.26747131347656,10398919
2019-06-18,201.10497192643527,202.3429712705606,199.53923361091637,200.34030151367188,14378973
2019-06-19,200.7772352778675,203.10762068501333,200.70441722520238,201.86959838867188,9394923
2019-06-20,201.7239227294922,202.4157749540353,200.52232109771467,201.7239227294922,10973042
2019-06-21,201.46904711619322,201.46904711619322,198.99300273689462,199.72125244140625,19311989
2019-06-24,199.721280537449,202.088086640014,199.721280537449,201.1777801513672,9279182
2019-06-25,200.3038496706584,203.9086777504569,199.72125911965048,202.81631469726562,12856683
2019-06-26,202.77993668025195,202.96199338061555,201.25061885281883,202.01528930664062,7707084
2019-06-27,202.41580187583642,202.59785855694912,198.66533730804082,199.17510986328125,24205884
2019-06-28,199.61203409154692,200.5951816785154,198.44685291023094,199.4299774169922,8775151
2019-07-01,199.83051466121034,201.17777561972648,199.64845798362353,200.23104858398438,5236646
2019-07-02,200.52234054452774,200.74081778607626,198.95662544710848,199.4299774169922,10360661
2019-07-03,199.75769826823043,202.12450433717402,198.19196005149993,201.5054931640625,18818695
2019-07-04,202.0516674656762,202.63425808317987,200.41311115876482,202.19732666015625,10071080
2019-07-05,202.1973230460909,205.2559583536278,195.16974595236027,203.50816345214844,38474130
2019-07-08,204.01793843236555,206.02060809321208,200.8500644632577,202.05166625976562,12637923
2019-07-09,201.68751074290876,202.1244651522083,198.19192162891883,198.88377380371094,8003290
2019-07-10,199.21149181630904,200.44951407966389,197.17240175436135,198.92019653320312,8477115
2019-07-11,199.53921248208647,201.65112064574402,199.2479171919482,200.74081420898438,8727346
2019-07-12,200.5587460560093,201.3233932638216,198.88379246355095,200.30384826660156,10872126
2019-07-15,200.26743508838337,200.70438950443685,197.02674368979524,197.3180389404297,8865479
2019-07-16,197.3544812433074,198.6289009902544,197.06316288037632,198.0463104248047,6602372
2019-07-17,198.4103975983858,198.92017004599398,197.1359780194669,198.7381134033203,6536611
2019-07-18,198.7745613768723,200.34027641603694,198.30118634439393,198.8109588623047,9447100
2019-07-19,199.6120460252164,199.7212846525214,195.16975211550712,195.3882293701172,8294444
2019-07-22,195.1697150651818,195.31537423400664,192.25673941052332,192.54803466796875,14037538
2019-07-23,193.34912964275378,197.86426446994122,192.9850162896872,197.09959411621094,14951457
2019-07-24,196.84473582149013,199.06588285315829,195.09694080437455,197.24526977539062,12537555
2019-07-25,197.35447360788527,198.44683664589272,194.36865668511254,195.06048583984375,18350433
2019-07-26,195.7158942207002,197.35445012282688,194.36863355536448,196.91749572753906,4972441
2019-07-29,196.62624240867018,197.4637308181116,194.07737969311427,194.98768615722656,5738104
2019-07-30,195.16976351040273,196.69908130175307,194.11382082508152,195.8251953125,13743007
2019-07-31,195.60668472420707,197.4272975351733,193.7132538632599,196.77186584472656,14175457
2019-08-01,196.9539724752166,197.1360291651237,194.07739368593155,194.842041015625,6153824
2019-08-02,194.58715600145916,194.58715600145916,191.60135027979177,192.6208953857422,9233326
2019-08-05,192.54805047309208,192.62088006348264,187.63239355476952,189.1981201171875,12001827
2019-08-06,188.43347072961325,190.4361518538709,187.9965277858261,188.54270935058594,9770895
2019-08-07,188.6519735519246,188.87045082349454,184.31891793315543,184.71945190429688,8816780
2019-08-08,185.7025496075931,188.39705991902974,184.2460616019881,187.70523071289062,6616227
2019-08-09,188.50628868131247,188.50628868131247,184.61017683450083,185.1199493408203,10309668
2019-08-13,184.82867557399845,184.9743232298832,177.6918711950207,179.36683654785156,21801393
2019-08-14,179.36682392128392,184.68301491731162,177.72826771274467,181.15101623535156,14340858
2019-08-16,181.15098897562694,184.5373279622731,180.1678646305274,184.24603271484375,10735480
2019-08-19,184.61018824543865,187.37751663643655,182.75316630912064,183.1901092529297,13006987
2019-08-20,183.2265257127551,183.48141199200944,178.74782285169,179.51248168945312,15577976
2019-08-21,179.65813313673098,179.80378079365104,175.39789589642723,175.8348388671875,15303762
2019-08-22,176.3809998323418,179.14832788924738,174.05061466649425,174.8152618408203,10917955
2019-08-23,174.05064050704223,174.37834483896307,170.88276657121835,171.938720703125,17073495
2019-08-26,175.2886166385639,177.29129742224845,171.10120996737135,176.59945678710938,13352257
2019-08-27,177.6554417619502,179.3668275984418,176.7451353030116,178.7842254638672,15089362
2019-08-28,179.25760139405824,180.34996460441064,177.03645440359844,179.11195373535156,9237042
2019-08-29,177.65544057635216,178.7478152438506,174.88811219087592,175.65277099609375,11532941
2019-08-30,176.7815398522221,180.02223147561546,174.08702974668213,178.89344787597656,12225631
2019-09-03,178.01956196812154,178.01956196812154,175.2522336370126,175.90765380859375,9913882
2019-09-04,175.9440587040529,178.09238737941712,175.72558147195403,177.14566040039062,7303230
2019-09-05,176.2353604057603,179.80376813953237,176.2353604057603,177.87391662597656,8777107
2019-09-06,177.91031382866754,179.0390974404686,177.14565507939287,177.6190185546875,9039911
2019-09-09,178.1652143021641,179.5124752470595,177.10926019460777,178.7842254638672,9435127
2019-09-11,178.12882262335705,178.7478338453469,176.96362978083107,177.5098114013672,9314093
2019-09-12,177.91034522015116,178.42011780961468,174.77889162207794,175.3250732421875,8395088
2019-09-13,175.50712251580293,176.56307661130256,173.7593276721388,174.7060546875,14572355
2019-09-16,174.41476752452886,175.39790367748407,173.54088154424076,174.34194946289062,7357494
2019-09-17,174.63320736967074,174.85168458798043,172.44846980688106,172.73977661132812,11083300
2019-09-18,173.10386732969147,176.45379705275835,170.44577819427806,174.23265075683594,20724917
2019-09-19,174.74245040587118,174.74245040587118,171.93870168024023,172.3756561279297,8810026
2019-09-20,172.5941363582149,180.96896267691056,170.62787579820036,173.35879516601562,66016326
2019-09-23,182.06132404537308,189.7079005092464,181.98850599206102,185.59332275390625,54044544
2019-09-24,185.70255161089116,187.8872894129187,184.82866572216304,186.43080139160156,17828419
2019-09-25,185.7753777878395,186.61285463415857,176.7451314495895,180.27713012695312,21390350
2019-09-26,180.09503310419845,183.08083820836717,179.33037443287583,182.35260009765625,18534981
2019-09-27,182.06131189187585,187.88727507258656,182.06131189187585,184.2096405029297,18211017
2019-09-30,185.52048757655135,189.92637203283857,181.62437563851907,189.2345428466797,21381205
2019-10-01,188.68835663397616,191.12798069730772,185.70255100693993,186.35797119140625,16035574
2019-10-03,187.66881279042806,190.90950450783882,186.46719956816685,190.54537963867188,12832216
2019-10-04,191.52850207171088,192.183922213259,185.8481980249946,187.34109497070312,18781574
2019-10-07,187.52316075111878,187.88728563415074,182.57109465417366,183.4449920654297,22082491
2019-10-09,183.0080523372071,183.66347252210997,179.3668265232791,179.9494171142578,22332047
2019-10-10,179.87659671732482,180.34996025177557,176.7087342516737,177.10926818847656,25230638
2019-10-11,177.10925971830613,179.293997521904,175.57994210177725,177.6554412841797,26037798
2019-10-14,178.7478150004778,179.43964421087898,176.96361112406547,177.76467895507812,15280471
2019-10-15,178.45651570915885,181.4787302912455,178.45651570915885,180.31353759765625,10373904
2019-10-16,180.16788516349325,180.31353280380677,176.3445913298768,177.4369659423828,16681940
2019-10-17,177.69185889759356,179.65811942611595,177.58262027821394,179.0391082763672,14175284
2019-10-18,179.14835678478914,180.4591972094962,178.4929365724356,179.51248168945312,13327812
2019-10-22,178.42011100073,182.8624164736852,178.3837019714734,181.26026916503906,18979485
2019-10-23,182.35265200663798,183.48142428458456,181.36951585218918,182.8260040283203,13325639
2019-10-24,183.95476322531044,184.97430827417472,180.5684237644989,181.36949157714844,17438024
2019-10-25,187.0862132966923,187.3046905292551,179.8765800231514,180.3863525390625,33846376
2019-10-29,182.75316584633367,185.77538049859294,181.7336207732574,184.42813110351562,12397313
2019-10-30,186.43082691431877,192.2567913372761,185.1928044256443,188.9068603515625,35611812
2019-10-31,189.34379017721662,191.41928949780993,186.57646159646035,187.63241577148438,17296427
2019-11-01,188.8704481786419,191.52853827173104,188.43349364162094,190.29052734375,13055757
2019-11-04,191.4921045274377,192.94859253596294,189.38019633807096,189.8899688720703,8199342
2019-11-05,190.07204886919558,192.25678692012278,188.32426535251682,191.45571899414062,10674212
2019-11-06,191.49211231790846,192.11112349724857,189.34378347435307,190.32691955566406,9198544
2019-11-07,191.45570187743513,193.93172349632266,190.80028167476397,193.60401916503906,15351749
2019-11-08,192.87577483085016,193.3127177721656,189.3437761131619,189.70790100097656,12357632
2019-11-11,189.78075633182627,191.05518784195868,188.46991579000584,188.94326782226562,7524183
2019-11-13,188.54271677746863,188.7976030564106,184.3553092292254,184.86508178710938,10664859
2019-11-14,185.04713691025177,186.3579773223091,184.42813727241088,184.9014892578125,9222757
2019-11-15,185.15637936467377,186.2487540907206,182.06133495103072,182.53469848632812,17386229
2019-11-18,183.11728971223525,183.69989187606973,181.15102904698935,182.60752868652344,8167820
2019-11-19,183.33574798508738,183.37215701027495,181.18743085737123,181.55154418945312,12621028
2019-11-20,181.55156083746374,183.00806045976253,179.65812979264194,182.57110595703125,10362358
2019-11-21,183.0808689232766,183.0808689232766,178.45651863911928,178.92987060546875,10793493
2019-11-22,179.9858201909835,183.9911707619114,179.6217068537109,180.34994506835938,17000856
2019-11-25,180.4227752685547,180.8961272246473,179.33040063274186,180.4227752685547,10994413
2019-11-26,181.07819689579998,182.35262821115145,180.38635615883584,181.44232177734375,20539741
2019-11-27,181.8792387391659,182.09771594491477,179.58526269910814,179.84014892578125,9182137
2019-11-28,180.09506978647903,180.56843330993334,178.89346800398414,179.6581268310547,11416080
2019-11-29,179.69455304811888,180.16791661685397,178.42012154775898,179.43966674804688,10185713
2019-12-02,179.14834102145707,179.80376117613991,178.09238696891822,178.38368225097656,10356741
2019-12-03,178.3836916736789,179.00270283582805,176.70872640321255,177.728271484375,8442322
2019-12-04,177.32773172087425,177.7282656266865,176.23535708130186,177.07284545898438,12406762
2019-12-05,177.07282099340324,180.24068277625298,177.03641197247902,179.84014892578125,11699738
2019-12-06,179.876580259817,179.9858188762421,176.599479467579,177.21849060058594,10773814
2019-12-09,176.96362263344855,177.18209988888086,175.5071345241434,175.8348388671875,6981671
2019-12-10,175.94406040452714,176.01688999596502,171.13764203261982,171.5745849609375,15972570
2019-12-11,171.57461292557414,173.9049986699669,171.57461292557414,173.03111267089844,14331297
2019-12-12,173.3587907682551,174.92451737114573,173.03108645328433,173.72291564941406,10704007
2019-12-13,174.77886859122003,176.59948144508365,174.19627801723323,175.94406127929688,8521473
2019-12-16,176.96359448946436,177.25488975697743,172.12076739167514,172.52130126953125,12476974
2019-12-17,172.9582616002615,176.01689683768302,172.9582616002615,175.5435333251953,16534369
2019-12-18,175.21583261590726,180.13147835729472,174.59682144221566,178.5293426513672,17794641
2019-12-19,179.18475759713849,180.5320185286094,177.14566745660105,177.94674682617188,9699414
2019-12-20,177.9467489885798,178.49293055711706,174.88811374060512,175.61636352539062,14495913
2019-12-23,176.23538512974062,176.81798733825627,173.7957722806402,173.9778289794922,19817033
2019-12-24,174.05064427379338,174.92453020456395,173.46804211317544,173.8685760498047,8200254
2019-12-26,173.97780392260265,174.34192880796925,172.12078200936747,172.448486328125,15017235
2019-12-27,172.95824417080084,173.6500848562725,172.19358543850217,172.52130126953125,9048085
2019-12-30,173.3223851895742,175.43429338615775,172.95826030117271,173.46803283691406,13680470
2019-12-31,173.7229082121861,174.01420348860134,172.88543140746654,173.10389709472656,7417112
2020-01-01,173.75931595951002,173.75931595951002,172.66695291093072,173.39520263671875,4370931
2020-01-02,173.46801507661155,175.47069598772595,173.3951970304488,174.66961669921875,8726602
2020-01-03,175.50710564197192,175.50710564197192,173.32236806749137,173.68649291992188,9642051
2020-01-06,172.95826307251528,173.5408652113135,171.13765014143945,171.21047973632812,7930726
2020-01-07,171.90230488045253,173.2495542630598,170.8463507902841,171.3925323486328,8740894
2020-01-08,170.40940606624403,171.72024640858862,169.8632129735143,170.5550537109375,7314466
2020-01-09,171.5745861774196,172.30283593654897,171.17405227192944,171.72024536132812,9816703
2020-01-10,173.03109239642146,173.8685692657591,172.44849025853563,173.3223876953125,10357864
2020-01-13,173.68646932244698,175.14295699418452,173.50440115091675,174.23265075683594,12715178
2020-01-14,174.9609342398141,177.54620583927297,173.5408553113775,177.14566040039062,12299570
2020-01-15,176.63591098648035,176.96361531597384,175.5799453222915,176.52667236328125,5687654
2020-01-16,176.5995047158463,177.61904989477335,174.85172122347478,175.3250732421875,9730522
2020-01-17,175.3250527408344,176.30818877415402,174.34192824761826,174.74246215820312,7677106
2020-01-20,174.8152757380497,177.14566108915508,174.8152757380497,176.16253662109375,8329721
2020-01-21,175.83481150312926,175.83481150312926,173.32236961707065,173.65008544921875,9939680
2020-01-22,174.48757886421242,174.48757886421242,172.66696595233557,173.35879516601562,7949731
2020-01-23,173.39521668415745,173.86856865817532,172.52131925043443,173.2495574951172,6356150
2020-01-24,172.88542858802478,174.12343926265135,172.59412177625737,173.43161010742188,7063834
2020-01-27,172.5941272193516,172.885434040306,170.6278667634506,170.84634399414062,7100949
2020-01-28,170.95559009544138,171.7930669495869,167.86054586558413,168.0426025390625,15144538
2020-01-29,168.58878085687775,173.067483108701,168.33389461229578,172.3392333984375,21258057
2020-01-30,172.55770876213822,172.59411778522872,169.6811420557348,170.44580078125,10794458
2020-01-31,171.68383015208013,173.61368168789414,170.44581937105644,171.24688720703125,19166671
2020-02-03,156.57275200021706,157.95642202917466,149.2903000290587,151.18373107910156,82836335
2020-02-04,153.51408340770718,158.4661487531007,152.31248186215618,157.04608154296875,37145337
2020-02-05,157.5194692585561,158.39336673594048,154.02389088912284,157.6287078857422,22072147
2020-02-06,158.75747644366902,160.14113481524674,154.24235337301306,155.51678466796875,28443398
2020-02-07,155.69885757076506,157.08252762672367,154.93419871405936,155.40756225585938,17793265
2020-02-10,155.84447301695133,155.8808935788651,152.96790641157614,153.33203125,9987781
2020-02-11,157.6651091789439,157.99282504442283,154.24236057560634,154.824951171875,30951617
2020-02-12,155.40753516692084,156.42708013147922,154.2423425702973,155.15264892578125,10310789
2020-02-13,155.15265865007865,155.44395393246606,153.8054093139595,154.31517028808594,9505645
2020-02-14,154.5700558070735,155.0434192937699,150.60112586821444,151.2565460205078,14260540
2020-02-17,151.47502339186298,151.94837533889554,148.56203595888704,149.14463806152344,16161290
2020-02-18,148.96257710249768,148.99899766950512,146.01318050090472,148.4528045654297,21741128
2020-02-19,149.4723357917108,150.8560056270059,148.45279081203049,150.52828979492188,9403278
2020-02-20,150.74678906828345,151.87557282378242,149.61800531278445,151.07449340820312,16193373
2020-02-24,150.7468045585922,151.07450893218584,146.95993050533363,147.8338165283203,17233132
2020-02-25,148.4163724341117,149.58156497457767,146.74140743593549,146.9598846435547,15903285
2020-02-26,146.12241358923504,147.06914057371844,142.95455140605708,144.6295166015625,18557438
2020-02-27,144.48387934299515,145.03006092553994,142.66326637444314,143.8648681640625,17936226
2020-02-28,142.00784616736857,145.57624250808476,139.8595173252273,143.8648681640625,33885063
2020-03-02,145.28495382521297,148.1615210618342,141.02471651498345,142.226318359375,19274852
2020-03-03,143.46432547586218,143.79202978934148,140.22363366647167,141.17034912109375,18638624
2020-03-04,141.97142350646283,142.40837799814116,135.8541644839007,136.54600524902344,28729502
2020-03-05,136.58242354085192,139.2405135384069,135.85417369872758,136.94654846191406,20797182
2020-03-06,134.61614889606108,134.61614889606108,130.9020935494242,132.35858154296875,27795285
2020-03-09,130.35588401212766,130.35588401212766,127.07878384508977,129.0450439453125,22633662
2020-03-11,126.71468853230354,128.7173581171362,125.51307524130031,127.91629028320312,29032759
2020-03-12,123.07346170340911,123.1826887834196,109.63733069135094,113.46062469482422,54043896
2020-03-13,109.23677729782136,119.43221461552663,98.0218066344369,118.15778350830078,63962722
2020-03-16,115.06276426614946,115.13558232196841,105.77763126174855,107.234130859375,34535653
2020-03-17,107.7803057621083,113.46062152869993,106.36022682046038,108.61778259277344,49492914
2020-03-18,110.76612721700961,112.62314935386897,107.30695769962591,109.74658203125,52178352
2020-03-19,109.74655435754079,119.10450382412532,105.41349995079104,117.86649322509766,93204936
2020-03-20,120.2332984432203,128.535294724847,120.2332984432203,127.80704498291016,64384067
2020-03-23,115.0627582524979,117.97573421529886,108.65419267017046,112.36824798583984,53330913
2020-03-24,118.66757563115031,119.21375718479744,107.34335294900916,109.01831817626953,54576761
2020-03-25,109.96504710320883,110.69328534078217,101.22609593149998,107.30694580078125,64913270
2020-03-26,109.2367895696623,116.08229775743861,104.3211327696162,113.8975601196289,60694283
2020-03-27,117.9757197069823,120.88870685165577,112.87800662893113,118.84961700439453,33893412
2020-03-30,113.64269178366843,120.08766710014831,113.64269178366843,115.9366683959961,29203338
2020-03-31,119.43222517123957,126.60543748576637,117.64802146343109,125.03971099853516,44272500
2020-04-01,125.03974209501378,125.80440101709684,119.83278885044327,121.18003845214844,18840671
2020-04-03,122.27237726969841,133.0868271113474,121.6169571162745,129.55484008789062,65288649
2020-04-07,135.23515106472252,135.23515106472252,126.45980237086108,132.2129364013672,37509626
2020-04-08,131.7031641146735,133.9971405419018,128.64454041847276,130.1010284423828,39007671
2020-04-09,133.99714892989556,135.6356937318256,131.0841611596237,134.90745544433594,44268652
2020-04-13,134.36127909741964,135.92700590187516,131.8488251720525,132.24935913085938,18427550
2020-04-15,134.03351686349555,141.09750109694983,133.05039259179216,137.89321899414062,50983406
2020-04-16,138.11174186840182,139.24051412632454,135.0531063666907,135.70852661132812,28122965
2020-04-17,138.6943303480125,139.3861596120818,136.14546746969748,136.9829559326172,27694463
2020-04-20,138.3302196282156,138.3302196282156,130.72006232209347,131.5939483642578,37141676
2020-04-21,129.62768429604066,134.21563783592325,128.2076050870444,130.79287719726562,24232310
2020-04-22,130.35592265949293,133.6694328274007,128.17118472037896,132.72271728515625,26132520
2020-04-23,133.23247494754432,133.99713371767777,130.82926002139587,131.48468017578125,34237726
2020-04-24,131.81240417355102,133.12324456337666,130.574381838658,131.12057495117188,18744844
2020-04-27,131.26620982236182,132.7591067442892,130.57436912722963,130.97491455078125,13589672
2020-04-28,131.08415820168543,131.66676035863503,129.6640791479944,130.68362426757812,18488267
2020-04-29,131.44828526293355,133.19608022234092,130.82927406730576,132.64988708496094,22287597
2020-04-30,134.65255599641404,134.65255599641404,131.41186419857524,132.57705688476562,31326446
2020-05-04,132.35860099178115,132.35860099178115,124.2750804767157,126.75111389160156,31461042
2020-05-05,127.4429211309937,129.22712493493358,125.25819496791985,126.64185333251953,18389548
2020-05-06,124.82125214424299,124.82125214424299,116.88337992981428,119.35941314697266,68112675
2020-05-07,119.43221201521614,120.77946113346422,116.88334985625896,117.24747467041016,25183509
2020-05-08,119.39581015492914,119.54145779538,114.40733519410048,115.24481201171875,26281664
2020-05-11,116.51923306347133,119.06809539789612,115.0627452467009,115.39044952392578,18792383
2020-05-12,115.39046561174533,120.815895314237,114.69863639884701,120.19688415527344,22211224
2020-05-13,126.27773841844561,126.42338607146453,119.79635438853074,120.45177459716797,20785966
2020-05-14,119.79636316915457,122.52728282865988,117.93934103192035,119.28659057617188,15525762
2020-05-15,118.12139743049661,120.5246127256933,117.35675008304366,119.90560150146484,15526021
2020-05-18,120.88873056980748,121.83544609602183,118.8132312938079,119.97842407226562,21602419
2020-05-19,121.25285235203904,125.00331687167494,120.23330725465019,124.34788513183594,20917906
2020-05-20,125.22177307395752,128.89941925899478,124.52994389899743,127.9891128540039,26295911
2020-05-21,127.87989754085196,138.69433775629943,125.73156849436248,137.6019744873047,60630670
2020-05-22,136.91012846981263,139.75028670994305,134.43409515228183,135.70852661132812,40516307
2020-05-26,138.36660358894648,141.97140852425554,136.76445652203984,139.6046142578125,55283582
2020-05-27,140.18722879849773,141.20676233519748,136.10904849128414,139.93234252929688,25491463
2020-05-28,140.04155216372874,140.4785065936959,137.63834895931814,138.83995056152344,25524647
2020-05-29,138.69431226173302,144.1925597078431,137.63835821844717,143.71920776367188,37214719
2020-06-01,146.3773106573757,149.47235501805713,144.92082258767385,146.0496063232422,29606349
2020-06-02,147.03271690862843,147.03271690862843,143.24584367083196,143.64637756347656,23502975
2020-06-03,145.64903357540862,146.30445360910255,142.44475144395994,143.24581909179688,19710133
2020-06-04,144.0105059882658,147.46967500847393,142.00783647557896,145.75830078125,22843181
2020-06-05,146.95988804743564,147.10553567585464,144.6659119346066,145.6490478515625,15193091
2020-06-08,147.7609928448478,148.30717447347354,143.46434633816452,143.9376983642578,20304292
2020-06-09,144.37464497397644,150.16418838376728,143.93769046297797,144.55670166015625,41451482
2020-06-10,145.24852116680572,147.943019735877,144.41103283687877,144.95721435546875,28247205
2020-06-11,145.64905806027832,146.55936445677813,140.98828746378283,141.46163940429688,20611505
2020-06-12,137.6019514827103,142.15348357609523,136.80087214058787,141.20675659179688,23431727
2020-06-15,141.20678246322805,141.24320303552227,135.67212488608843,136.32754516601562,25404661
2020-06-16,138.94921581225645,139.05845444069453,132.46783156590462,134.7253875732422,28700454
2020-06-17,133.9971437959212,134.72538205550913,131.59392868902125,131.9580535888672,24952658
2020-06-18,131.95805787384828,136.54601098870123,131.59393296217837,135.8905792236328,30000032
2020-06-19,136.25470098484217,136.87371216635788,133.70584974229567,134.03355407714844,31707306
2020-06-22,135.81776231751863,136.54601214703624,133.37813808274944,134.7253875732422,32605144
2020-06-23,135.0166713212278,136.54598877741194,134.54330785904628,135.34437561035156,27569189
2020-06-24,136.47317523791048,141.78936639633707,135.56286876982588,139.7138671875,56757828
2020-06-25,140.00513310966429,148.1978896032975,139.568190251107,147.1783447265625,78484846
2020-06-26,150.01854643389592,152.49457977669945,140.76983331400908,142.15350341796875,74727243
2020-06-29,147.46967136613378,147.8337846939177,142.88171880294513,143.64637756347656,95027403
2020-06-30,145.21213356009423,145.21213356009423,141.2796118856001,141.7529754638672,42797633
2020-07-01,141.75295095964407,148.45280026096677,141.75295095964407,147.76097106933594,46004000
2020-07-02,148.88977185477395,150.5647372577615,147.50610177227867,149.90931701660156,40835235
2020-07-03,151.47502419785545,151.8391375313247,150.018524703566,151.14730834960938,39352660
2020-07-06,153.71049278399755,154.93802872984577,152.6363973116863,153.2885284423828,36046969
2020-07-07,153.4419832747275,153.82557841568956,148.83872000764399,149.030517578125,32467210
2020-07-08,149.03051574465337,151.86919512968336,149.03051574465337,150.60330200195312,22093693
2020-07-09,151.06362452456213,151.14035084688365,148.95380263014323,149.951171875,19492371
2020-07-10,149.7209853783939,150.75672372699646,148.8386996542565,149.1072235107422,16815128
2020-07-13,150.29640861259875,152.4829566332796,149.68263456172292,151.5623016357422,21079233
2020-07-14,151.44722693111663,153.05837022986327,147.87970228820814,150.29641723632812,19185879
2020-07-15,150.64165448442972,153.44197670184218,149.222320914029,152.44459533691406,24692471
2020-07-16,152.44459798242238,152.55968138479994,147.3042992174683,148.7236328125,22997164
2020-07-17,148.30167033363932,149.9128136723672,148.07150352594854,148.8770751953125,15455455
2020-07-20,149.60593826036583,149.8744621601331,147.5728304703499,147.8413543701172,19643434
2020-07-21,147.38099510310553,148.9921382214771,146.92067370823597,147.49607849121094,29089491
2020-07-22,148.07149391842148,151.83082813153118,147.6878988072312,150.7950897216797,33826583
2020-07-23,151.63901847214157,154.59278106920348,150.9868994883551,153.97901916503906,32700809
2020-07-24,154.20915087213376,154.74619853720458,151.3704720935526,153.1350555419922,62500933
2020-07-27,153.82556811977494,153.82556811977494,149.7209958312464,150.6800079345703,23517850
2020-07-28,151.14037807226237,152.40627143694294,149.6443178567104,149.912841796875,20029937
2020-07-29,148.41671251152846,152.06096255244543,148.37835544008576,150.91014099121094,15402845
2020-07-30,152.21444470171252,152.21444470171252,147.68790783206416,148.34002685546875,16943579
2020-07-31,148.45509049871285,151.10197195218433,148.45509049871285,148.9537811279297,17294202
2020-08-03,148.83869807568377,148.83869807568377,147.22755495385732,147.7646026611328,13776301
2020-08-04,147.7646187808938,150.2196908083926,147.7646187808938,148.5701904296875,17849565
2020-08-05,149.22230725210838,149.2990214069696,147.0741163951585,147.9180450439453,50646546
2020-08-06,148.99213755829183,150.0662329657586,148.1482089260114,149.8744354248047,18574935
2020-08-07,149.98953462859893,151.14035656161218,148.95380826219676,150.4114990234375,21717194
2020-08-10,150.67999490119033,153.17343588019963,150.67999490119033,152.55966186523438,17108987
2020-08-11,153.44199354906428,159.3495074375991,153.44199354906428,155.781982421875,57266693
2020-08-12,155.36001061315466,157.20130866105148,153.7488672227736,156.6642608642578,22106836
2020-08-13,156.12718672594102,156.6642344321249,151.21704321657532,154.55441284179688,23573090
2020-08-14,154.66950898304458,156.0121162016556,149.98951970647923,150.6800079345703,29858596
2020-08-17,151.9459234046982,153.05837606072092,151.02526831926238,152.48297119140625,12192938
2020-08-18,153.3652244038912,153.3652244038912,151.33211709503374,152.32949829101562,12969115
2020-08-19,152.36786048436215,154.7462058582298,151.98425325437015,152.25277709960938,16070316
2020-08-20,151.14035112671553,151.29379161408883,149.26068388067338,150.21969604492188,17561721
2020-08-21,151.90755086688065,152.8282059323306,150.6033006685841,150.98690795898438,17897538
2020-08-24,151.33210524973182,152.6747243257302,150.64161717601127,150.91014099121094,15304895
2020-08-25,151.3321756762845,152.13774749677833,149.6826749460036,149.912841796875,15784633
2020-08-26,150.7567295203939,150.79508659920808,148.57018150714188,149.5675506591797,23502769
2020-08-27,152.29116137917967,152.59805451252478,148.76199368491922,149.030517578125,49030500
2020-08-28,149.2990052113977,150.60326727807777,148.8770409327779,150.02786254882812,35979788
2020-08-31,152.67473753457358,152.67473753457358,145.76985619998382,146.61378479003906,100730476
2020-09-01,146.613812850573,147.57282500600942,144.4272646498758,145.92332458496094,41311165
2020-09-02,146.76724594717254,148.07149609097237,145.50135288354392,146.80560302734375,21378178
2020-09-03,146.84396552196367,148.26331127371776,145.76988213469372,146.99740600585938,16295787
2020-09-04,145.7698657200187,145.7698657200187,142.47085313631453,143.23806762695312,42983034
2020-09-07,143.66002757080122,146.1534563530489,138.71152708240294,145.07936096191406,33918419
2020-09-08,145.4629774402764,146.19183487775496,141.62692917531442,144.35052490234375,26574542
2020-09-09,142.3174338327188,142.89283870748602,139.86236168666153,141.01318359375,28901363
2020-09-10,141.24332737240323,142.47086335090304,140.55283914434418,141.8571014404297,18469229
2020-09-11,141.8571107366979,143.08464679564136,140.2076102972633,141.12826538085938,19997552
2020-09-14,142.54757464326,142.5859317192333,140.39938386792716,140.66790771484375,32185628
2020-09-15,141.16661408619174,141.3200545647599,138.71154211399528,139.47874450683594,31956903
2020-09-16,139.51710578208215,140.78299877618673,138.13612939623127,138.59645080566406,52591750
2020-09-17,138.71153902483843,139.24858676664326,136.40990758246826,137.023681640625,35240133
2020-09-18,137.7525072179104,137.98267397646526,135.79612624284763,137.40725708007812,30929813
2020-09-21,138.09777454312103,138.5581081580488,134.30009516528935,134.83714294433594,24811451
2020-09-22,134.83712804920944,135.60433039341518,133.30269904569312,133.64794921875,19242719
2020-09-23,134.22337148731827,136.2181221570024,131.7299422683786,132.3437042236328,64164525
2020-09-24,131.72994064402832,131.76829772637024,127.47192761990702,127.77880859375,32698988
2020-09-25,129.58176484270345,131.34634888739743,128.1240618081592,131.0010986328125,27650738
2020-09-28,131.1929050142791,134.10829885096697,130.8092976826624,132.95748901367188,24087933
2020-09-29,134.06991952663898,134.06991952663898,129.65846633867062,129.96534729003906,26602326
2020-09-30,130.42565726843554,132.03680035802444,129.42828818525987,131.72991943359375,19193371
2020-10-01,133.87812678052913,133.95484094235044,130.5023997215562,131.0778045654297,20517295
2020-10-05,131.26961446433697,132.57387691340875,129.4666734439003,129.85028076171875,25234767
2020-10-06,130.04206014123545,131.65320335604545,128.9679768222483,130.3489532470703,22728054
2020-10-07,130.42567577017684,131.11616402687213,129.6584733502674,130.0420684814453,16913783
2020-10-08,130.50239485106724,130.73254948549499,128.04732292844983,128.23912048339844,26484289
2020-10-09,128.50762972356623,129.58172508711385,127.62534405068153,128.77615356445312,23234939
2020-10-12,130.80927834622645,134.41515998377523,130.4256710713152,132.11354064941406,68801924
2020-10-13,132.61220544798766,134.14662223136398,130.04205034524003,130.54074096679688,37058708
2020-10-14,130.8476144054845,131.19286454470534,128.1623882275998,128.73779296875,39688050
2020-10-15,128.66109076269333,128.73781708274225,126.2443879656775,126.62798309326172,28161148
2020-10-16,126.97323797859522,127.97060723068296,125.66897559255024,127.12667846679688,21006060
2020-10-19,127.9706161128161,129.58175958709,127.47193753093713,129.08306884765625,19748904
2020-10-20,128.89124839397755,129.12141518019325,127.89387924963056,128.4692840576172,16770677
2020-10-21,129.00634900826884,129.5817538930668,127.81716999747988,128.62274169921875,17113482
2020-10-22,128.54602994691578,129.7351968224912,128.12405338874512,129.313232421875,22893091
2020-10-23,129.62012192958335,131.19290838232254,128.69947889913408,131.0010986328125,20921450
2020-10-26,131.57650707750224,131.65322124622094,129.08306560060998,129.313232421875,16699886
2020-10-27,129.2748501812425,129.8886120417747,127.93223091438811,128.27748107910156,47652264
2020-10-28,129.27485215239,129.27485215239,126.58961357773748,126.97322082519531,17468592
2020-10-29,126.5896375792082,127.31849513483559,125.40045853388555,125.70735168457031,21816186
2020-10-30,125.82242856296295,127.970607560883,125.32373785685536,126.78144073486328,16976909
2020-11-02,127.97060042779084,128.2774935454337,126.16765959032294,127.93224334716797,14924105
2020-11-03,128.27750548461373,131.00108945584267,128.20077915867353,130.50241088867188,23473408
2020-11-04,130.46404177405006,131.80664901498557,129.0446960566962,130.27223205566406,19533203
2020-11-05,131.38469208151506,134.26172860194734,130.57912039688753,134.06993103027344,28037401
2020-11-06,135.41252418857252,135.9495718739543,133.03416667972414,133.4561309814453,35571152
2020-11-09,133.4561536263704,136.02630910572435,131.8450224543989,132.57386779785156,36645472
2020-11-10,134.26172322235774,137.75253371587408,131.84502042286147,136.83187866210938,59672371
2020-11-11,137.7908751358706,142.62430450060327,137.02367280956136,142.16397094726562,65757234
2020-11-12,142.08724929854026,144.81084476776508,141.05151101571616,144.2354278564453,48153554
2020-11-13,143.62167870671132,144.8492146299747,142.35578570515761,143.54495239257812,29284742
2020-11-17,145.0026790997406,145.30956009195947,143.00792833520887,143.73678588867188,21757459
2020-11-18,143.31482073726033,144.58071394172447,140.20761727398067,141.20498657226562,27620283
2020-11-19,140.245932646946,147.15082582754243,140.16921850088485,144.15870666503906,50871154
2020-11-20,144.84922202204265,147.30429399385875,142.7393880875631,147.07412719726562,47052232
2020-11-23,147.30429502506055,147.68790230288346,144.73413963695555,146.4219970703125,24073204
2020-11-24,146.230171883699,150.7183506554379,146.230171883699,150.02786254882812,47160760
2020-11-25,150.37313321228683,151.86919312808809,147.68790650620903,148.7236328125,43263598
2020-11-26,149.68263566253557,150.25804048114585,147.72625441623944,149.4524688720703,25155854
2020-11-27,149.18396451533891,150.18133372727485,148.22495238452075,148.5701904296875,32594141
2020-12-01,149.60591767559566,150.6416438910789,147.6111672435667,149.1455841064453,16505446
2020-12-02,149.60594767027519,152.4829844240754,148.4934827601574,150.3347930908203,29520716
2020-12-03,151.2937800877277,151.2937800877277,149.26067250920514,150.5265655517578,29087754
2020-12-04,151.02526616265249,152.94329047134832,150.75674227313291,152.06100463867188,23005484
2020-12-07,152.06099398402088,156.31900667836976,151.60066040135425,155.85867309570312,37068111
2020-12-08,156.4340894713156,157.0478513691025,153.0967196400526,155.32162475585938,32042241
2020-12-09,157.27803418097835,159.4262131996137,157.00951028395468,157.5849151611328,41212760
2020-12-10,158.54392648445022,163.91439223831185,155.85868752874242,163.185546875,67739601
2020-12-11,164.5281609100886,167.21338761941223,163.68423216837104,165.94749450683594,62645643
2020-12-14,167.21339918974653,167.71208991597453,164.95013669467514,165.640625,28029531
2020-12-15,165.14191185054926,166.02420977272564,162.3416019251718,163.83766174316406,24151252
2020-12-16,163.99110954287,165.37208602769908,163.79929982369447,164.1829071044922,20304621
2020-12-17,164.33634155780925,165.0268297748982,162.07307935195487,163.4540557861328,23248344
2020-12-18,163.49241754695115,165.67896565660092,160.92226215958942,164.56651306152344,24690701
2020-12-21,164.56652230719143,164.71996279538615,152.78985238087193,155.7052459716797,43445980
2020-12-22,155.82032452910005,158.23703949747096,151.0636209128453,156.0504913330078,42564860
2020-12-23,155.7436118467701,159.77147048009985,154.9764093624844,159.3878631591797,24608258
2020-12-24,161.11408891428567,161.61276748624627,157.7383615340273,160.0399932861328,23645158
2020-12-28,160.3468310176389,161.2674859016078,159.46454536543413,160.73043823242188,16347233
2020-12-29,161.4976511599634,163.7992701121524,161.19075809646054,162.30322265625,27568853
2020-12-30,163.18553202984012,163.7992939309936,160.76881718955417,161.99635314941406,19654130
2020-12-31,161.53602637523306,162.11143117790155,160.0016095155996,160.3468475341797,18947950
2021-01-01,161.0373484371302,164.33634920082562,160.57702699017972,164.0678253173828,20279389
2021-01-04,164.18291668412752,165.71733373929416,162.72522595261853,163.72259521484375,27927482
2021-01-05,162.99373124241117,163.60749313139175,161.57438559842646,162.2265167236328,18718244
2021-01-06,162.22653557679692,162.2648926599277,156.89442687700821,157.5849151611328,50957586
2021-01-07,158.12194715292006,159.27275679226767,155.05310118540493,155.59014892578125,36298522
2021-01-08,156.77933686346938,158.04522997142809,153.633776555553,154.59278869628906,58600546
2021-01-11,156.5108102964983,158.12195358314642,154.4009884860448,155.36000061035156,44625924
2021-01-12,155.74360577011115,158.73572573596817,154.66952233401875,158.39048767089844,36989137
2021-01-13,159.15766892987236,163.41569365407892,157.46981159752013,162.0730743408203,66387977
2021-01-14,162.64848854216228,166.10092972034298,162.34160758355807,164.29798889160156,50164605
2021-01-15,164.87341353631044,167.63537896823152,162.03474609185318,167.13668823242188,60567280
2021-01-18,167.5586219843944,170.3205747534394,164.64322874568606,168.5943603515625,70211602
2021-01-19,169.5533821268588,170.0904177226964,166.86814335990485,167.90386962890625,33009228
2021-01-20,167.63536175741334,168.01895688359423,165.48717069454383,166.9832305908203,46392916
2021-01-21,168.01896208128537,168.40256937688665,162.80193690225866,163.9527587890625,30116008
2021-01-22,164.18292474739573,164.75832965164795,160.4619592546694,161.65113830566406,25663922
2021-01-25,162.6484951653114,163.03210245796404,158.69736315034135,159.42620849609375,25929487
2021-01-27,159.57965176016774,163.14717627280982,158.8891635369968,161.6127471923828,50338134
2021-01-28,160.53867721697478,161.88128453775306,157.85343826031013,158.5055694580078,22984352
2021-01-29,160.00160929341104,160.1934068415167,155.24490609335555,155.93539428710938,24679902
2021-02-01,156.5108276955192,167.21340273366158,154.8229700595204,165.67898559570312,59968324
2021-02-02,168.78617365700413,171.47141252068556,166.48454208207053,167.4051971435547,50324035
2021-02-03,169.93699420869825,170.32060152192255,165.48718341644837,166.29275512695312,55709225
2021-02-04,165.79404714929157,177.53235919849692,165.71732083161012,176.41990661621094,109894300
2021-02-05,178.10775122835975,183.24806157452298,174.34842939833393,179.7956085205078,130323308
2021-02-08,182.21235140947778,182.63431579777975,177.60910022139598,178.8366241455078,43093963
2021-02-09,179.98743745708754,183.5166050428732,175.07729336513415,175.69105529785156,73377134
2021-02-10,175.69106597004034,177.3022093776212,171.16452888985185,174.57861328125,49104142
2021-02-11,175.69106160347522,175.9212284152818,172.23862021414647,173.73468017578125,45311749
2021-02-12,173.19760700552894,173.19760700552894,165.5638678273474,166.82977294921875,114826417
2021-02-15,167.59699850419403,169.55339207384236,166.86815314935674,167.7120819091797,33000365
2021-02-16,168.0573165309252,170.16713823472256,166.67634011433913,167.44354248046875,30271502
2021-02-17,166.94486837650868,167.55864248781938,166.13930885159144,167.05995178222656,20615018
2021-02-18,167.40519111329561,169.24648901238322,167.17502431682723,167.90386962890625,24997592
2021-02-19,167.9038910536206,167.94226029629672,164.18292554286612,165.67898559570312,29208388
2021-02-22,166.65576876009627,166.65576876009627,161.9390920636694,162.76451110839844,53531490
2021-02-23,163.5113423777438,165.51592456963124,162.72522536358608,163.90438842773438,27703323
2021-02-24,164.3760398481933,164.92631918710865,162.33214338120965,164.17950439453125,13667471
2021-02-25,164.69046862723425,166.02686476114877,164.1401893317501,164.4153289794922,26953713
2021-02-26,162.9217272042317,163.51132111673056,159.58074901411376,160.2489471435547,45101885
2021-03-01,161.50673035854976,163.31478933098327,160.4061716399305,162.64659118652344,16850430
2021-03-02,162.72519189778814,165.71241351448143,162.332133471545,165.00491333007812,26590262
2021-03-03,166.6557586545157,166.6557586545157,164.1401995632367,165.0442352294922,21648963
2021-03-04,164.14021699416867,166.10549696436613,163.19687912048937,164.84771728515625,25858155
2021-03-05,163.51131925006482,165.08354059891087,162.8824232362745,163.9436798095703,17990773
2021-03-08,164.84770583067413,165.71242696434163,163.27548445517988,163.51132202148438,23874105
2021-03-09,164.06159573020372,164.88701478947416,160.9564549589029,163.35409545898438,23463213
2021-03-10,164.37606536334758,164.4546695913445,161.78188915476952,162.33216857910156,20358192
2021-03-12,163.51131320409982,163.51131320409982,159.97379972864053,161.31019592285156,31973696
2021-03-15,161.82116808117496,161.93907439719885,158.48019015710818,161.5067138671875,42699297
2021-03-16,162.2535564512339,164.21883645470817,161.11368308698152,163.39341735839844,50641203
2021-03-17,166.8129858923604,168.14938216046383,163.9436828124423,165.55520629882812,81604999
2021-03-18,167.44187029550253,172.23715077016337,166.57713676358742,171.0972900390625,95536034
2021-03-19,172.1585464795081,177.7792463271207,169.44646428488895,175.26368713378906,139352860
2021-03-22,175.53878793843356,177.97574237444428,174.12378776265882,177.6613006591797,47823778
2021-03-23,176.8752356062962,179.31217829742732,173.96661774733556,174.6741180419922,43165463
2021-03-24,173.73079999087645,175.1458006402198,169.21064587854767,169.76092529296875,28672557
2021-03-25,169.13202272564862,169.76090629627717,164.336741899802,166.34132385253906,42248040
2021-03-26,168.42450864796206,168.58172952770713,165.35867035021866,165.79103088378906,27083832
2021-03-30,167.63841254088538,169.01411098028328,165.39799292731954,168.6603546142578,28862387
2021-03-31,168.26730376579155,172.39438650845725,167.20604715525886,171.7655029296875,37890481
2021-04-01,172.9446761597443,173.41633887188857,170.82217526946346,172.98397827148438,30182056
2021-04-05,171.05801238687727,172.94468828187166,165.47662630214958,167.08815002441406,32586507
2021-04-06,168.0707713218575,168.9748070539272,165.20146814230787,167.166748046875,26663018
2021-04-07,167.20601874367492,169.1712982790213,167.00949577297422,168.07073974609375,15790468
2021-04-08,168.896176752544,169.87881662556248,167.32395544713162,167.63839721679688,14660557
2021-04-09,168.0314545099531,169.7608966883879,167.08811675031316,167.52047729492188,16994483
2021-04-12,165.0835437705231,165.86964823150564,161.1529840943502,161.38880920410156,35840817
2021-04-13,162.72520069964713,164.84770136766377,161.93908380463958,164.06158447265625,21027436
2021-04-15,164.2974389619651,165.43729985721808,161.9391004910231,162.4893798828125,18205903
2021-04-16,163.51131468608185,164.49395455881864,162.33213936454595,163.4720001220703,13824608
2021-04-19,161.15298636461742,162.01770751242347,160.1703464317311,161.62464904785156,16400507
2021-04-20,162.09632417102102,162.72522025401753,159.18771871556183,160.0131378173828,22187707
2021-04-22,158.79465026479772,162.17493068484117,157.65478942148886,161.86048889160156,24030915
2021-04-23,160.56342510566026,162.7252282472713,160.56342510566026,161.4281463623047,20381213
2021-04-26,161.7818676631362,162.52868247242807,160.91714652751205,161.38880920410156,20652091
2021-04-27,161.38880581236214,162.68589994562547,161.1922828155183,161.46742248535156,11885588
2021-04-28,161.939081752037,162.3321401945587,161.3888024239239,161.54603576660156,13197445
2021-04-29,162.80382434379092,163.15756824173232,160.40617144846829,160.6027069091797,13601150
2021-04-30,160.28825079406764,161.7032511735352,158.79463374592484,159.26629638671875,17130954
2021-05-03,158.16573074100035,158.67670792197376,157.22240550132133,157.96920776367188,21405441
2021-05-04,158.16572310821175,159.06975865730027,156.51489778989668,156.90794372558594,18962501
2021-05-05,158.3622696342039,158.79463015943796,156.82935051488846,158.32296752929688,14396547
2021-05-06,159.03048766464627,161.8997908247274,158.873254311111,159.3842315673828,14872429
2021-05-07,159.5414704777273,162.2928676189491,159.5414704777273,161.4281463623047,20213092
2021-05-10,162.84310660676954,163.07893169096056,161.15296662748761,161.5853271484375,16922951
2021-05-11,160.28827809923908,162.33216234794168,160.17035930468163,160.36688232421875,14277000
2021-05-12,160.28824464011115,161.3494886554245,159.4628257075978,159.7772674560547,17174525
2021-05-14,161.15297589680017,167.59909443438875,160.36685901871917,166.85227966308594,64021335
2021-05-17,170.42911778191748,170.58633868688912,166.38063899336282,167.12744140625,39465392
2021-05-18,168.30660588544723,168.69966435074576,164.80840672133814,165.1228485107422,31653409
2021-05-19,165.1228477851176,166.1841043910513,163.15756792434826,163.31478881835938,25345241
2021-05-20,163.86506527196892,164.53326340248975,162.56798357654856,162.72520446777344,21688686
2021-05-21,163.19685776126636,164.96561448578402,163.03963687907816,164.33673095703125,23509878
2021-05-24,164.69048915553992,166.6950711491929,163.3147907453518,166.26271057128906,29977506
2021-05-25,167.441868806741,167.75631056623115,165.28005368180322,165.79103088378906,26310600
2021-05-26,166.498544108249,167.00952135024505,165.31938118928798,165.55520629882812,18253046
2021-05-27,165.86963005762595,168.3458868668495,165.3193632237728,165.987548828125,49385674
2021-05-28,167.04882420569402,167.83492866948632,166.3020218508196,167.36326599121094,26583388
2021-05-31,169.0141015231714,171.2938231197057,168.54242639486318,170.27188110351562,75852502
2021-06-01,171.37241678797687,172.47297533017206,168.42449746013332,169.21060180664062,40247686
2021-06-02,165.47661504361136,167.00953443259078,163.9829977664528,164.2974395751953,100377464
2021-06-03,165.6731146841739,165.6731146841739,164.06157884184444,164.33673095703125,48454441
2021-06-04,164.69047252752407,164.84769340751643,163.51130969903846,164.10089111328125,31286264
2021-06-07,165.39796972403235,166.97019095260075,165.24074884688406,166.223388671875,32643869
2021-06-08,166.81295919641778,168.42449488198795,166.0268548619437,167.95281982421875,22080199
2021-06-09,168.22799107689744,168.81757255284614,166.26271118567698,167.048828125,25846432
2021-06-10,168.80516869885594,170.98905097269972,167.83456859632935,169.2904815673828,31902690
2021-06-11,170.09933752276615,170.22065292956617,168.0367833482013,168.15811157226562,22249404
2021-06-14,168.19854431616434,168.60296744352516,165.97423634157573,167.6728057861328,18358717
2021-06-15,167.8750194613631,168.56253753104377,167.43015784386725,167.47059631347656,15426377
2021-06-16,167.47059618168782,169.33093240669035,167.47059618168782,168.11767578125,20878518
2021-06-17,167.3897137723383,168.23899850929826,165.81247252045043,166.3382110595703,22304032
2021-06-18,166.62131980179623,166.98530449810372,163.79038326088707,165.44850158691406,24475206
2021-06-21,164.27565838175786,166.6212944546946,163.70946859625408,165.3675994873047,19809308
2021-06-22,166.70221795861045,166.82354619682388,165.28674320822978,165.89337158203125,18737552
2021-06-23,166.3382037577117,166.49998325816205,164.6800856420994,164.9631805419922,13059519
2021-06-24,165.36760081473153,165.5293674951364,163.8307981249904,164.39698791503906,23299321
2021-06-25,165.0036205657438,166.2977668607156,164.80141541416782,165.8529052734375,14411660
2021-06-28,166.54042029509029,166.54042029509029,164.47786626332027,164.68008422851562,15190488
2021-06-29,164.68008013134656,166.05510330105315,164.31609549340877,164.4374237060547,13839294
2021-06-30,165.24629487243058,165.32717181490213,163.8308202065276,163.9521484375,16556397
2021-07-01,164.11391675790284,164.84187333365003,163.5072884143244,164.19479370117188,10583793
2021-07-02,164.4374444655528,164.76097786194453,163.58815968707597,163.70948791503906,13187847
2021-07-05,164.19476869927786,165.0845046606136,163.95212508915284,164.72052001953125,10642939
2021-07-06,164.39700306760673,164.84186468403908,163.58815677376725,163.79037475585938,11515716
2021-07-07,163.7903858507755,165.9742556113567,163.62861914450266,164.8014373779297,18568033
2021-07-08,164.5992124652415,165.40805877988112,163.22418911107192,163.38595581054688,21730892
2021-07-09,163.38593503521065,163.66902992761112,162.4962118925987,162.8601837158203,12289809
2021-07-12,163.38593068749952,163.8307922469677,162.53664603289766,162.65797424316406,13589278
2021-07-13,163.3859461416643,163.5477128315662,162.8601947865351,163.26461791992188,11247522
2021-07-14,163.2646207099089,165.93380318206343,163.14329248609312,165.0845184326172,21269167
2021-07-15,165.32715259403025,168.64340164691495,164.11389605988904,166.82351684570312,29963443
2021-07-16,167.99634487926798,169.57358615757553,167.59192173814168,168.15811157226562,30137464
2021-07-19,167.2683939188027,169.45226357284628,166.9044092344964,168.0367889404297,17099088
2021-07-20,168.40076649883682,169.29048971091714,166.94485345774822,167.2683868408203,24567907
2021-07-22,167.43016052246094,168.4412119997201,166.49999880297898,167.43016052246094,19016769
2021-07-23,167.43014322568192,172.76849498680951,167.02572011310522,171.79788208007812,46241640
2021-07-26,173.092032413613,174.18397356147904,170.50373981307337,170.78683471679688,49084040
2021-07-27,171.47437644241307,172.2832227983479,168.19856536332216,168.76475524902344,25378089
2021-07-28,168.48164356064405,169.8566796656142,167.794125508159,169.12872314453125,15304399
2021-07-29,169.1287074125534,170.01843054253203,166.33819699358233,166.6617431640625,16204679
2021-07-30,166.7022082520376,167.51105458152006,165.48895157507897,165.77203369140625,15515733
2021-08-02,166.98528775134582,167.83457247362435,166.1764414966242,167.6728057861328,10046707
2021-08-03,167.8345591813061,170.58461828538842,166.98527452629003,169.77577209472656,19179805
2021-08-04,170.58465585241257,170.74642256271744,168.31989627361273,168.7243194580078,11421835
2021-08-05,168.72428309689533,175.31634241183545,167.3492471297339,174.1030731201172,48995450
2021-08-06,174.2244121340714,174.70971219049275,171.95965290291105,173.29425048828125,24489836
2021-08-09,173.9008649280826,175.63987268015504,172.0405289672414,172.9302520751953,21142199
2021-08-10,173.09205481612017,173.4560395182723,168.68387682162526,169.73536682128906,18855165
2021-08-11,169.73536831269215,170.34199667101052,167.79414218535476,168.76475524902344,16012451
2021-08-12,170.05889314810815,173.2538143035047,168.52210309353998,168.9669647216797,28758718
2021-08-13,169.73536405140064,171.71702860160443,169.2096126515157,171.02951049804688,19576945
2021-08-16,170.9890636509341,172.48541519955947,170.26110711143198,170.5846405029297,11621038
2021-08-17,170.50374103611537,171.06993084762374,168.88606135349025,169.2095947265625,8161139
2021-08-18,169.5331518909179,171.06994192112074,168.52210042167303,169.0074005126953,11149120
2021-08-20,167.43016184984666,170.4228778350942,167.18750539185598,168.9669647216797,20168965
2021-08-23,169.4522606596391,170.01845050287187,166.62131144347535,166.8639678955078,10319044
2021-08-24,167.43016466143263,167.43016466143263,165.5698283592154,166.4191131591797,12971124
2021-08-25,166.94485473632812,168.1581113407725,166.62130853351388,166.94485473632812,10994627
2021-08-26,166.9448503922846,167.30882223724134,165.28671940427463,165.4889373779297,15407558
2021-08-27,165.81247924655847,167.30883080536913,165.73158948950118,166.54043579101562,10879860
2021-08-30,166.6213058766031,168.4007651032814,166.6213058766031,168.23899841308594,12550267
2021-08-31,168.27945641517965,171.15084433830373,167.63237676202075,170.90818786621094,26802390
2021-09-01,170.66549646787738,171.71699908691517,169.29047331436618,169.45223999023438,16867486
2021-09-02,169.04785161703617,171.06995470665512,169.04785161703617,169.65447998046875,14872714
2021-09-03,169.65446192701546,170.86773134203847,169.65446192701546,170.34197998046875,10622796
2021-09-06,170.66550478792726,170.8272842889453,169.08827641700566,169.2904815673828,11041632
2021-09-07,170.58462250558446,173.37512014305682,169.97799425621176,171.2721405029297,38933378
2021-09-08,171.67655497071863,172.28319605212408,169.61401374573057,170.8677215576172,17897021
2021-09-09,170.70597563470437,173.0111735725918,170.30155247033966,172.0001220703125,19784972
2021-09-13,172.56631209648037,174.02222523572712,171.31260413097036,173.21337890625,16661794
2021-09-14,173.82000587222888,175.72079344976484,173.2538160095186,174.79061889648438,20377545
2021-09-15,175.5994528163351,175.6803297525725,174.14353979142086,174.709716796875,21028598
2021-09-16,175.47813211057587,188.98578586359022,174.95238073345806,186.64013671875,154986538
2021-09-17,188.46003564837946,191.93805169133506,185.30555300075352,186.96368408203125,82563658
2021-09-20,186.84235751517153,193.5961844933477,186.23571637195556,189.06666564941406,73101936
2021-09-21,190.03729086881285,196.1036001525386,187.40855940931817,195.335205078125,58854434
2021-09-22,196.952880859375,198.81321720543676,194.68812133942757,196.952880859375,54648494
2021-09-23,198.16608444371548,198.65139724919234,195.49691528264051,196.14398193359375,22630330
2021-09-24,197.3572769737961,197.3572769737961,192.26156875258198,192.8682098388672,25779310
2021-09-27,193.9601578307468,195.6182889393184,190.4821417305409,193.0704345703125,23772123
2021-09-28,194.00057377677285,195.41604826187472,191.12918634049865,192.30201721191406,16319138
2021-09-29,190.8865441307755,195.2542830164171,190.64388769804088,192.58511352539062,16045073
2021-09-30,194.0410121930554,194.44542246147043,190.27990184905252,191.0078582763672,16987893
2021-10-01,190.2394963483345,191.6954095533202,188.37915996034937,190.36082458496094,16570661
2021-10-04,190.88655660952213,192.78733127749896,190.4012437123268,191.37185668945312,11098123
2021-10-05,191.2100732299098,192.05935790826786,189.67327055231948,189.8350372314453,9578825
2021-10-06,189.91594330420364,191.21008966571424,186.5188042987642,187.0445556640625,18179336
2021-10-07,188.46002464938059,190.0372658811418,187.89383483196556,188.41958618164062,10770973
2021-10-08,189.8755032973095,189.91594176592358,187.004115680426,187.40853881835938,10114327
2021-10-11,187.65117225216454,193.71748053978823,187.40852863639878,192.54466247558594,22000303
2021-10-12,192.9895313509064,196.54843696168246,192.5042312837722,195.17340087890625,30347455
2021-10-13,196.1844871194856,202.93830161797553,194.24326099869504,201.5632781982422,52091422
2021-10-14,204.83905503880305,211.79508637191276,202.49340613335406,207.5082244873047,88696178
2021-10-18,211.10757451930024,214.58559028719347,208.15531009018667,212.3612823486328,62614961
2021-10-19,211.43111342043338,212.36128790435816,198.20656802653534,198.9345245361328,61336411
2021-10-20,198.9345275699933,200.997068909097,196.02268866993225,199.46026611328125,49663940
2021-10-21,200.59264682366054,200.87574173970978,196.62933081623572,197.92347717285156,23385990
2021-10-22,197.9234782634755,198.8132014853145,189.0262204105568,191.37185668945312,36905793
2021-10-25,189.3497591872732,191.41230060727338,186.43793299026947,188.7835693359375,23194065
2021-10-26,189.3497509147241,193.31307970091905,188.13649432473372,191.45274353027344,19663381
2021-10-27,194.32412281142447,195.17339469769658,191.04831221453878,192.8682098388672,26909428
2021-10-28,190.15861802064373,190.8461361450217,181.3017978011801,182.07020568847656,48064941
2021-10-29,181.98931467365142,184.61804610006956,179.80544489706102,180.5334014892578,27668175
2021-11-01,181.30177199868277,184.05183128754618,179.96718722995428,183.4856414794922,24090945
2021-11-02,184.41582002024722,185.4268714402308,181.58487091738763,182.47459411621094,14896284
2021-11-03,182.79814546426087,183.48565070810776,179.32011668959925,179.9267578125,18530527
2021-11-04,181.86799046367045,183.84965510411018,181.18047232880645,183.24302673339844,7295341
2021-11-08,185.79084486525838,186.59969113502424,182.5554854207232,185.87173461914062,21051238
2021-11-09,185.91216886488692,186.7614535836723,184.29448917936116,185.02244567871094,11964518
2021-11-10,183.97096412464316,188.3387033182455,183.76874614401848,186.7210235595703,13948380
2021-11-11,186.3570264086145,187.2467623927212,184.86067497503865,186.0334930419922,8448263
2021-11-12,187.00412701899717,189.2284351866003,185.34599589811256,188.379150390625,12312123
2021-11-15,189.2284132025283,193.3130700063309,188.54089518795593,192.58511352539062,40247848
2021-11-16,193.35352229897137,193.83882238187977,190.07771149186257,190.4416961669922,15241184
2021-11-17,190.88656233554988,198.36834582485395,190.6034674094487,193.71749877929688,48496295
2021-11-18,194.12192599327057,196.548452150992,191.1292099715053,192.09982299804688,21005037
2021-11-22,192.4233605547651,194.72855853177043,185.66954614605237,186.761474609375,23443628
2021-11-23,185.34598754292787,188.2173752044726,185.34598754292787,187.32765197753906,13950744
2021-11-24,188.0151415413442,188.21734667417326,183.56651326374254,184.1731414794922,14684422
2021-11-25,183.60699053665914,187.8129632900906,182.59593902427855,187.0850067138672,24825493
2021-11-26,185.1437636489266,186.07392525100113,180.4524787216126,181.18043518066406,28067913
2021-11-29,179.56277886864154,180.8973637470813,178.10686576175002,179.15835571289062,22985358
2021-11-30,179.56276215969913,182.15105473493767,177.94508250449095,178.875244140625,24408641
2021-12-01,179.56276475181576,180.61425462029055,178.43038513164424,179.4818878173828,13496307
2021-12-02,179.48189904588298,182.91946377140644,178.9965861398687,182.35328674316406,16517389
2021-12-03,181.98928381527028,182.95989671270922,179.0370194745252,179.2796630859375,14325920
2021-12-06,179.27964424921674,179.72450577687195,175.92295715245038,176.24649047851562,13644352
2021-12-07,177.05536589686147,179.52233034636677,176.40828632043855,178.47084045410156,9246755
2021-12-08,178.75394663425175,182.51505765644038,178.75394663425175,181.94886779785156,10241656
2021-12-09,180.37163479210685,191.25054520313228,180.37163479210685,190.40126037597656,39714672
2021-12-10,191.0483122359532,193.27262016170295,189.06664792748114,190.96742248535156,36517117
2021-12-13,192.50424038653088,193.11086870344965,189.39019622769308,189.75418090820312,22903720
2021-12-14,190.0777084508018,191.7762779397023,184.05183830242476,184.901123046875,38953007
2021-12-15,186.0334865470614,187.8129328186224,180.69513491511523,181.22088623046875,35987634
2021-12-16,182.79814144820494,182.91945685285543,178.59215623573184,180.2907257080078,25131188
2021-12-17,180.20983145172093,180.25026991605125,175.3163414808156,176.2869415283203,30827201
2021-12-20,174.91192594792898,174.91192594792898,169.69490240230073,171.79788208007812,38778895
2021-12-21,173.09205615382928,174.26487439660772,170.70598119569812,171.87879943847656,20142586
2021-12-22,173.0920296205035,173.25379630326893,170.74639349450987,171.47434997558594,17903428
2021-12-23,173.01118595717367,176.69140753662276,172.44499604998674,175.76124572753906,23065082
2021-12-24,176.32740783691406,178.30905938239727,175.07369998046488,176.32740783691406,17220191
2021-12-27,176.6509427270286,176.6913811951516,174.42663472130235,175.9634246826172,8467106
2021-12-28,176.32741641852766,178.43039628695365,176.32741641852766,177.98553466796875,12014352
2021-12-29,177.94509165061714,178.18774809741282,174.95237580343928,175.3163604736328,11923119
2021-12-30,175.19502968335578,176.2465195752907,174.30530648115976,174.709716796875,10116360
2021-12-31,175.43771233623093,176.97450252697237,174.8310711375004,176.3678741455078,7875890
2022-01-03,176.36784783410297,177.8237608593242,175.5590015679738,177.21713256835938,8064567
2022-01-04,177.54068001059457,179.3201265563087,177.1767081340917,178.14730834960938,9398805
2022-01-05,177.6619970887096,179.15834860664458,176.85315080929033,178.38995361328125,11663111
2022-01-06,177.13624409164368,178.26862374548108,176.48917732788752,176.8936004638672,9295303
2022-01-07,177.78331956910634,178.4708376026762,175.92298344035106,176.65093994140625,9196075
2022-01-10,177.86419846516287,181.7466374526854,177.05536502021903,180.6142578125,16451394
2022-01-11,180.6547032116892,181.38265969705273,178.91569534013942,179.52232360839844,8329596
2022-01-12,179.9671826698858,180.89734429254074,179.23922619472788,180.1693878173828,13665682
2022-01-13,181.09956092389945,182.63636361225699,180.16938649082982,181.13999938964844,11944029
2022-01-14,181.1400087971105,181.82752683686576,179.80542400271315,180.04808044433594,10976796
2022-01-17,180.04809167956049,182.47460497814987,179.0370401993933,181.665771484375,12792728
2022-01-18,181.66577149359125,183.84964115279135,178.18775542702093,178.55172729492188,14948456
2022-01-19,178.55172859030327,179.88631347773043,176.89361030300253,178.2281951904297,11915686
2022-01-20,178.38996465291413,179.68411108971446,176.32742317519848,176.93405151367188,17997322
2022-01-21,176.7318520569508,178.34953195096452,174.70973616785182,175.55902099609375,17225050
2022-01-24,175.55900242754353,176.1251922531533,170.58463503655955,171.31259155273438,18023332
2022-01-25,171.47435019917373,173.65821964524955,169.49268590250244,173.33468627929688,19028606
2022-01-27,170.86772595922443,174.30530330093325,170.7463977398179,173.5773468017578,24041247
2022-01-28,173.98174257306155,177.33844269953968,173.98174257306155,176.00384521484375,15865353
2022-01-31,176.73184915728524,178.55173420171698,175.59946940487512,178.10687255859375,15618203
2022-02-01,178.75392539724683,185.06287721628016,177.25756116992534,184.21359252929688,44871108
2022-02-02,186.03351391040766,188.70269652761772,185.2246675858555,187.77252197265625,42714702
2022-02-03,187.77249176540624,190.23945599598144,187.4893968790814,189.63282775878906,28918394
2022-02-04,191.89759249868726,192.90864386286003,187.28719725267834,189.51150512695312,58889867
2022-02-07,189.2688722738599,189.87550056339333,184.82024345517462,186.1952667236328,25101983
2022-02-08,186.27616066785018,187.89384041542235,185.26510922345955,187.0445556640625,16825239
2022-02-09,187.89383889016185,188.4600287198056,185.02245127332966,186.1548309326172,12351873
2022-02-10,184.98200604281706,188.78355520237838,184.21359826366677,187.8533935546875,20317032
2022-02-11,187.65118256677707,188.70268528952616,185.87173613945438,188.01516723632812,18793513
2022-02-14,187.18871229333118,187.18871229333118,180.97669898576711,181.7635498046875,23621214
2022-02-15,183.04736895153604,185.11804004119819,181.01810760863412,184.7039031982422,13371177
2022-02-16,185.36650959492007,186.1119506539419,183.75138511285317,184.496826171875,11664158
2022-02-17,184.74532096232798,185.8220663006464,182.9231345243862,184.4140167236328,14564261
2022-02-18,184.41398426402407,185.07659262478543,183.4614683390345,183.79278564453125,9004891
2022-02-21,182.46759543260728,183.2958560634697,179.85854491387306,180.5625762939453,16750193
2022-02-22,178.07774883215708,179.6514635477479,176.42121462502428,177.95350646972656,26741024
2022-02-23,179.56864010430834,180.14842907519085,178.11916767710213,178.86460876464844,11438476
2022-02-24,173.93642614061002,176.6697059182926,171.45161799036833,172.6940155029297,42933709
2022-02-25,175.17880751398374,179.32014967447256,174.39195670352854,177.20806884765625,24543858
2022-02-28,176.58685553538746,179.27872509191943,174.59900411278895,178.78176879882812,20806226
2022-03-02,177.58077873827716,179.40297817211916,175.96566740789152,178.32623291015625,20039140
2022-03-03,178.9474350635634,182.3847458944181,178.90601219202222,181.72213745117188,29631546
2022-03-04,180.31408364577752,188.3482836014619,179.7342946670046,186.7745819091797,69409780
2022-03-07,183.87564759436995,188.01699018094737,182.3019458115468,186.3190460205078,47001716
2022-03-08,185.449350311567,189.21796551756063,185.32510794211785,187.9341583251953,37424203
2022-03-09,188.59676441551395,191.66136136448705,187.27153436664327,189.88058471679688,43923809
2022-03-10,191.33004939268798,192.57244677099996,188.72099914809172,192.15830993652344,37523806
2022-03-11,192.07549588536253,196.3824902106581,190.62602348619623,195.76129150390625,43305144
2022-03-14,195.67849132378802,198.32895182876044,194.89164037313435,197.95623779296875,36465969
2022-03-15,197.95622403624276,199.94406271426962,195.3885832176057,197.0037078857422,34269168
2022-03-16,198.78446925702417,201.26927725556868,198.03902816997265,200.93797302246094,22462538
2022-03-17,203.13288153866426,203.25712390430283,201.0207875730442,202.84298706054688,35541798
2022-03-21,203.67125090478717,205.2035559388632,201.9318971331737,202.5116729736328,29052540
2022-03-22,202.55309775333154,207.68836587174258,201.7248240446749,206.86009216308594,38368305
2022-03-23,208.2681341368943,210.13174335097898,205.82474909799515,208.72369384765625,42051087
2022-03-24,208.68227061967937,212.45089878780126,208.2681337811327,211.08425903320312,39712133
2022-03-25,211.4569824651995,211.8297095741102,206.44595668226,209.84185791015625,30412482
2022-03-28,210.38026083175484,213.69332981133408,209.17927299852937,212.90647888183594,25876007
2022-03-29,212.90644330845788,213.27915727195392,210.1731507006442,210.87718200683594,18820674
2022-03-30,211.29132428880354,212.36806958625158,205.9489944234309,206.404541015625,18281803
2022-03-31,206.7358615379886,210.67014218991864,206.65304203748926,207.6055450439453,26644916
2022-04-01,207.06715283392606,211.4983895869442,206.07324013940996,209.80044555664062,14856664
2022-04-04,209.63480888309837,213.61049932937618,207.97827447842909,211.58123779296875,16520039
2022-04-05,212.0781749393493,216.8821387147566,211.29132412165794,214.894287109375,28230046
2022-04-06,213.2791573394101,218.12453074221398,213.11350523056862,215.01852416992188,20352716
2022-04-07,213.69330460668098,217.17203843753802,211.87111819534724,212.5751495361328,16679649
2022-04-08,213.69330296766637,222.6800188366679,212.03676868596685,221.8103485107422,39283623
2022-04-11,222.59722533604477,226.24159855634585,220.3194920733566,221.5618896484375,47924937
2022-04-12,221.06491331633862,222.514398984533,217.91749659788917,219.32554626464844,24460888
2022-04-13,219.73966779283754,224.1294817413057,218.3730279727989,223.2598114013672,22239115
2022-04-18,221.9760107235636,225.70322965371258,221.35482506869806,223.7153778076172,25339139
2022-04-19,225.28905001348414,225.7031999791827,214.35591879788058,216.63365173339844,24280577
2022-04-20,217.7518141373594,219.86389490586643,213.32057762296705,214.97711181640625,25454589
2022-04-21,215.101378600239,219.0356461157108,215.01854597485945,215.68116760253906,24313956
2022-04-22,215.34984943519387,217.83465756090808,214.14886168487445,216.26095581054688,16274820
2022-04-25,214.35591227735577,214.52156438352554,209.13781186997957,211.41555786132812,25140992
2022-04-26,212.53370659380144,215.92960748296483,212.243812135271,214.4801483154297,21327644
2022-04-27,212.20242944648524,214.10744854183915,211.82971545235006,213.2791748046875,17219401
2022-04-28,214.9357256851739,218.4144465610787,213.8175574348109,216.26095581054688,28999835
2022-04-29,217.83463362821678,217.83463362821678,214.10742841169926,214.97711181640625,21206335
2022-05-02,213.6932931251151,219.07704569906468,212.90644233070114,217.95887756347656,19696250
2022-05-04,218.66290455066658,220.36084846828265,214.19025834682608,215.14276123046875,26951488
2022-05-05,217.00638078044832,219.6568408338776,215.68115075373368,217.04779052734375,18623544
2022-05-06,214.52156323221985,221.43760753455692,214.4387306170208,220.85781860351562,35818441
2022-05-09,220.4437012860046,220.4437012860046,215.80538970336823,217.79322814941406,22228031
2022-05-10,217.0063703779609,220.98206026752487,214.60438204616457,215.14276123046875,18727774
2022-05-11,214.52158984623333,217.17205010978176,208.51663794051169,211.74688720703125,18012072
2022-05-12,211.20848516585315,212.36806304668252,206.36312491398388,209.46913146972656,20816708
2022-05-13,211.16707478558305,216.05385789359528,210.79436082507505,214.1902618408203,12380764
2022-05-16,215.30841656905153,215.30841656905153,209.5519500604742,210.46304321289062,8502159
2022-05-17,211.2084934350081,219.9053147566057,211.04284132056372,219.24270629882812,18483427
2022-05-18,220.3194776849025,221.81035992768204,217.95889882119633,220.98208618164062,20978307
2022-05-19,217.5033529969788,231.29402035588168,217.5033529969788,228.312255859375,81302807
2022-05-20,229.43041612383328,233.86166634308432,229.43041612383328,231.9152374267578,33617466
2022-05-23,231.91521817081468,232.2879452728415,226.1587514014878,227.35972595214844,22535903
2022-05-24,227.77388948635354,227.77388948635354,223.6325469957012,224.33657836914062,16146766
2022-05-25,226.0759388267412,226.86278967717007,224.04666426485957,225.8688507080078,15877459
2022-05-26,227.60031278292823,227.60031278292823,223.86708295127815,226.28521728515625,19129574
2022-05-27,228.23665233747516,229.67904625095144,224.88522426485687,228.40635681152344,13986762
2022-05-30,229.50935518094212,229.93360294570672,227.04881495027382,228.2790985107422,12274291
2022-05-31,228.27909888444083,232.90320322898515,226.0306690873399,229.63662719726562,24102167
2022-06-01,229.63661209830937,232.56380585935526,229.25479720158162,230.65478515625,15265925
2022-06-02,229.67904722995524,232.8607842872208,227.2609130834946,232.05474853515625,14789457
2022-06-03,233.32745717672793,233.92138255189266,230.44266910013675,231.3759765625,12968807
2022-06-06,231.12145290212473,234.00621399779703,228.8305902726855,233.15774536132812,11345943
2022-06-07,231.80022440494028,233.32745724290135,230.99418858633157,232.39414978027344,11245578
2022-06-08,232.43655092355297,232.81836584770733,225.86096597650308,227.30335998535156,14915091
2022-06-09,227.21852353148398,230.52753246108173,225.47916682317526,229.80633544921875,10239939
2022-06-10,228.2790949223148,229.93359933127138,228.02455164551102,229.21240234375,8693455
2022-06-13,226.03068139937048,228.32151727461266,223.14589324207893,224.54586791992188,11519902
2022-06-14,223.31556174485257,226.92153313227908,223.18830355529187,225.224609375,7708043
2022-06-15,225.6912702445092,226.79425519418118,223.1882973521104,223.48526000976562,5254329
2022-06-16,226.53972697915424,227.3033568168182,220.17626600482828,221.1944122314453,14843837
2022-06-17,219.75204525130263,224.12163344025166,219.37023030890438,223.4004364013672,17296080
2022-06-20,223.4004307530777,225.81856510352503,221.7459262681198,224.07920837402344,17738981
2022-06-21,224.84281250933563,229.80632569301108,224.07919613070356,229.0002899169922,14417711
2022-06-22,226.53973164755035,229.33968088641635,224.75796899168597,225.09735107421875,11756920
2022-06-23,225.2670440673828,226.75187094288194,222.63681273726155,225.2670440673828,9416459
2022-06-24,225.77610396474796,227.68515149896322,225.01248764008844,225.56398010253906,7283228
2022-06-27,226.53973619016412,229.63663472949503,226.11551530105876,229.04270935058594,8487729
2022-06-28,228.15181224250156,230.9941672121413,227.85483613717997,230.65478515625,11673046
2022-06-29,228.44878447821705,233.32745916509273,228.36394567826173,232.52142333984375,16635367
2022-06-30,232.4365365454252,233.07289471298512,230.78203220003644,232.05474853515625,20003893
2022-07-01,232.05473067792394,241.81205152463303,230.1032503744232,241.26055908203125,36520000
2022-07-04,242.3635928896713,248.85433944842745,241.64239583977948,247.66648864746094,41417701
2022-07-05,248.59975658547253,248.59975658547253,242.44841999762534,243.42413330078125,19283789
2022-07-06,242.7453508932818,246.05435922111775,242.066586849178,245.46043395996094,18997440
2022-07-07,246.90288748109674,248.72706965242884,244.78172916217488,247.70892333984375,14326277
2022-07-08,248.51492502241908,249.83004730173616,246.3937669952023,248.64219665527344,11538313
2022-07-11,248.599785089008,251.95122689053898,247.79374927212905,250.29672241210938,12828405
2022-07-12,248.59980755792196,250.59369430312924,246.81803127470602,248.3452911376953,14616684
2022-07-13,248.59977540835277,250.12700818356478,248.34525902104085,249.4906768798828,9634877
2022-07-14,249.7027674087541,251.44211047987065,245.33317986601148,246.77557373046875,13930984
2022-07-15,247.75129574215404,249.44820584912938,245.63013794073692,249.06639099121094,11450042
2022-07-18,250.296710996578,251.39972289531465,249.23613194057785,250.55125427246094,11751684
2022-07-19,250.29670322754595,250.80578976351006,248.3452496567952,249.9573211669922,9542292
2022-07-20,250.21187278325772,254.11480694524707,249.10886088195596,253.0117950439453,16397373
2022-07-21,253.69060328884123,256.4056872261121,252.84213451651797,254.15725708007812,16660697
2022-07-22,254.53903779989557,256.6601960000569,252.92696617265906,255.0056915283203,10351425
2022-07-25,253.69057491867736,257.0420167829678,253.52089731735128,255.47235107421875,11050533
2022-07-26,255.38748024513643,257.72074864777426,254.92082656460886,256.61773681640625,10114261
2022-07-27,256.9571382319894,258.7813471417001,255.04811741612986,258.0601501464844,9706094
2022-07-28,258.6965005582375,258.95104383009493,256.575342479782,257.4662170410156,11256515
2022-07-29,258.781366120212,259.5449960147736,255.68446747605176,257.1268615722656,17584873
2022-08-01,257.93283949221336,262.00547756796766,257.16923665942454,260.9024658203125,16501510
2022-08-02,263.02366453297435,268.66594198841216,261.4964317397,262.9812316894531,40483892
2022-08-03,263.787244007661,263.787244007661,257.6358811655729,261.4539489746094,18376724
2022-08-04,261.3267403205295,263.32065382141474,260.6055701764938,262.5994567871094,16514348
2022-08-05,262.59945512447496,264.5509088770924,262.2600730322923,263.744873046875,10477269
2022-08-08,263.8297349818389,266.37514123181234,263.06613193003716,265.69635009765625,8627072
2022-08-10,265.69631350505483,266.5023761852095,263.6600210538475,264.04180908203125,9267241
2022-08-11,265.56903501324547,265.9508499218457,259.03588317622376,259.8419189453125,11305242
2022-08-12,259.8418816365106,262.51453183243063,258.35708194772474,261.7933349609375,6669853
2022-08-16,261.79335828016326,264.2963311353098,261.79335828016326,263.49029541015625,8941455
2022-08-17,264.46605886022286,265.78118121807273,263.8721335015251,265.187255859375,8283028
2022-08-18,265.5690445651854,268.11445049047194,265.2296624865342,267.8174743652344,10264507
2022-08-19,268.2417000828232,268.2417000828232,264.04179006291065,264.7205810546875,10823811
2022-08-22,264.04184364297384,268.9629516031954,263.87216602829795,266.7569274902344,11793184
2022-08-23,265.5266592918155,268.11447137206255,264.80546223466206,268.0296325683594,9698555
2022-08-24,267.90234153713817,271.0416459497589,265.6114788807127,266.50238037109375,11783894
2022-08-25,267.6477922857257,268.453828070298,264.38121630446545,265.0175476074219,8057930
2022-08-26,267.053857455251,267.6053499429559,264.72058898003723,265.48419189453125,7224507
2022-08-29,263.02364614369816,267.22352930900115,262.0479059330763,266.03570556640625,11798961
2022-08-30,266.62963366461634,272.69615913543754,266.62963366461634,271.93255615234375,18516092
2022-09-01,271.0840526858052,273.12034497288255,268.11442615431827,269.4719543457031,13765474
2022-09-02,270.4052762609814,275.1142730153722,269.853783764817,274.1809387207031,26750910
2022-09-05,275.75066578790694,279.65360075392084,274.69008651095555,279.0172424316406,18144801
2022-09-06,279.9929057619507,279.9929057619507,276.9384404370111,277.5747985839844,12431779
2022-09-07,276.59906013573766,278.5505136483378,275.9627019847451,276.68389892578125,8397233
2022-09-08,279.1444816742229,280.5020369739865,277.87179206775534,279.9081115722656,11331350
2022-09-09,280.5019835622618,282.7928190396403,279.9928970605042,280.4171447753906,9770432
2022-09-12,281.68983810122353,282.0292201437466,279.9929009983427,280.75653076171875,9048240
2022-09-13,281.4353033027904,284.2352254054314,280.5019959352434,283.7261657714844,10925371
2022-09-14,280.84137259577165,287.62906730038276,280.7989397561464,284.5321960449219,12739464
2022-09-15,285.4230721514989,285.9745915086481,282.45344561777057,283.47161865234375,8742900
2022-09-16,281.98679126088575,283.89583880584445,279.7383616686424,281.0959167480469,12973988
2022-09-19,279.2293480137439,285.8473662510156,279.2293480137439,284.7443542480469,14918717
2022-09-20,287.4169782644429,288.1381752501277,284.23524109303435,285.0837097167969,9892945
2022-09-21,285.08368629522374,292.889553968105,284.65946546332907,289.2835693359375,21800547
2022-09-22,289.326018228077,295.9016028288756,289.24117943504405,292.7622985839844,25111230
2022-09-23,294.84099161846655,296.5803614725286,291.277466907098,293.9076843261719,23718397
2022-09-26,292.5925971711066,293.52590457504243,281.47774711779783,282.1989440917969,16829922
2022-09-27,284.2352428302619,288.0957710584365,283.3867742013136,284.10797119140625,10375837
2022-09-28,281.64741725032246,282.7928350538754,275.1566715464111,275.70819091796875,16151900
2022-09-29,279.1444689082173,284.150415192397,278.08388980295234,282.58074951171875,18985406
2022-09-30,282.5806939469135,284.8715561955442,280.1201541333555,281.8594970703125,12906555
2022-10-03,282.4534589234243,282.5383246071473,274.26580276287336,275.24151611328125,9462192
2022-10-04,278.8899222393101,283.386754569709,278.29599692921727,282.4110412597656,9142294
2022-10-06,284.2352621563399,287.88365330764236,282.1565367308051,285.6352233886719,23091432
2022-10-07,285.7624541996013,285.80488703946384,281.0959174253611,283.47161865234375,10910698
2022-10-10,279.9929443291806,281.22322795270395,276.6415293341949,278.16876220703125,9750594
2022-10-11,279.14447354216315,280.3747571564123,275.8354645275837,276.8536376953125,11018577
2022-10-12,278.2535768254512,281.2232035118425,275.5384934107888,280.0777587890625,10735673
2022-10-13,279.95051554877637,281.09593338744793,278.29601116390967,278.8475036621094,7546587
2022-10-14,281.9444237301811,283.3019521043014,280.71414011214864,281.77471923828125,6672357
2022-10-17,280.9262068479893,284.02310494370334,279.65351747271103,281.9019470214844,7195922
2022-10-18,283.3443523696678,289.32601149959356,283.00497031516136,288.7320861816406,21691854
2022-10-19,291.10780955143014,294.79863337104103,288.30788722151016,293.8653259277344,16923690
2022-10-20,294.416839815796,297.76828179838714,292.55022479370285,296.70770263671875,19186222
2022-10-21,299.6772868189587,299.6772868189587,292.2956659273252,293.2289733886719,28426343
2022-10-24,296.0713212663584,296.7076794697808,294.4168168277286,295.0107421875,3292671
2022-10-25,296.495526509488,296.53795935090176,291.5744462967065,293.8228759765625,17906260
2022-10-27,294.1198211853786,295.5622150905754,291.7441467942074,293.3986511230469,19273344
2022-10-28,294.8834509788122,295.77432551421805,292.8047258026874,293.3986511230469,13572499
2022-10-31,295.2652970290846,297.38645526984885,292.50778055998325,295.8592224121094,14358449
2022-11-01,296.3258229416731,297.38640187161934,294.5864799502247,296.5379333496094,20422565
2022-11-02,295.6895056704918,302.2650905663757,295.6895056704918,300.9075622558594,17427813
2022-11-03,300.3561058113575,304.1741748109055,299.5076370702563,300.1015625,11149636
2022-11-04,300.35607156761785,302.05298196608305,299.08335515593325,300.01666259765625,8709851
2022-11-07,301.2044826045163,302.3499272582186,296.96216670558687,299.9317932128906,10437370
2022-11-09,299.93181003220974,306.67709914342777,299.6772667615574,306.0407409667969,21404869
2022-11-10,304.5983844196486,305.3619873676679,300.44090693293117,302.052978515625,20071989
2022-11-11,305.44681649600983,306.2528791521114,300.90755112409437,302.3499450683594,11372654
2022-11-14,302.34998418138673,302.85904389971773,294.0774612429606,294.5865478515625,18319254
2022-11-15,296.07131112129144,296.07131112129144,287.75635636940854,292.9320068359375,16046491
2022-11-16,293.31379658565174,294.28953683980063,289.8775161651745,291.9562683105469,7897812
2022-11-17,291.95623383534144,294.7985885772583,290.68354450514727,291.6168518066406,10379179
2022-11-18,291.61689907183046,292.50777368027974,288.3078901428437,289.36846923828125,8140173
2022-11-21,287.7139355046524,288.4775383927463,283.7261628139261,286.1018371582031,9553090
2022-11-22,285.9321471171892,289.32599435136825,284.82913533771836,288.68963623046875,6746019
2022-11-23,290.1744760470947,290.1744760470947,286.35638092900854,288.307861328125,8067471
2022-11-24,288.3078863197395,290.5987220769565,286.39883859521296,289.1139221191406,8454385
2022-11-25,289.32601149959356,290.08964128993296,286.61092817327545,288.7320861816406,7200274
2022-11-28,288.4775561710592,289.96238297928875,287.4169771181529,288.5199890136719,10284123
2022-11-29,288.47756604814566,292.71988240502225,288.47756604814566,290.4290466308594,10582296
2022-11-30,289.5381486822823,291.99868897256374,287.62910092026095,288.4775695800781,23425220
2022-12-01,289.91997683377264,289.91997683377264,285.7624990342661,288.0957946777344,17270904
2022-12-02,287.92612450240057,289.1564082954281,285.7201271355401,286.05950927734375,8711914
2022-12-05,286.4836957780927,287.5018689713266,283.5140687816108,285.7200927734375,10090597
2022-12-06,283.4716232240956,286.95030944094776,283.4716232240956,286.18670654296875,6571118
2022-12-07,287.2049140877032,289.75029347867644,285.6352482254487,288.5624694824219,10191144
2022-12-08,288.6472277034351,290.3017319127253,286.35636537893134,287.1199951171875,6439244
2022-12-09,288.26547452819443,290.5987432995631,286.7806744619426,289.6654357910156,8445424
2022-12-12,289.3260425256171,291.87144854277307,288.5624395436589,291.1926574707031,11646572
2022-12-13,292.2956659273252,293.56835547550077,290.5138898037718,293.2289733886719,11105261
2022-12-14,293.56835170555905,294.7137695951809,291.65930396267674,293.05926513671875,7664099
2022-12-15,292.50774999690054,293.65316779795717,286.7806341013506,287.5018310546875,8469001
2022-12-16,286.35642198521447,287.5442727749147,281.09595912387766,284.32012939453125,12907968
2022-12-19,285.76249351633334,290.4714637783214,284.5322367839802,288.9018249511719,8113695
2022-12-20,288.52001959448774,289.28362261057686,285.7200970517099,288.6048583984375,5693354
2022-12-21,289.32603162216475,289.5381420597002,283.81102579490107,284.3625183105469,7316532
2022-12-22,284.7867693372603,286.27156930728074,279.9080947667324,282.0716857910156,6838031
2022-12-23,280.75657603821094,281.6050447264805,276.04760574212514,277.1930236816406,10461859
2022-12-26,277.0233127651438,284.32012180287114,276.17487098681516,283.8958740234375,9934633
2022-12-27,284.74431354747776,285.4230776567746,280.12018263364325,282.66558837890625,6986433
2022-12-28,282.4110435107773,284.2352254054314,281.26559883129704,283.7261657714844,8035558
2022-12-29,283.683727484279,284.87157809112585,281.30802627058534,284.5321960449219,8417520
2022-12-30,284.57462036820016,285.7200650996448,280.4171698660711,281.30804443359375,7228324
2023-01-02,280.75653695952593,283.386754569709,279.6959579693791,282.4110412597656,6181118
2023-01-03,281.26562109325386,282.8352867403055,280.20504201070946,280.9262390136719,6228015
2023-01-04,281.56258479060807,282.11407728430135,276.5990716765669,277.4475402832031,6947412
2023-01-05,278.8475235094153,283.30195043486935,278.46570857259275,282.9201354980469,8486143
2023-01-06,283.98070331866836,286.3988375987267,282.6231750065621,284.2776794433594,8603181
2023-01-09,285.8897820611871,289.5806062569387,285.2110178314748,286.8230895996094,11027747
2023-01-10,286.6957845799462,287.12003234184647,282.15651907046407,282.8777160644531,7217255
2023-01-11,284.32005976847773,284.32005976847773,281.0958902873787,281.5201110839844,4760847
2023-01-12,282.87769044623434,283.04736802341336,278.380831297003,279.8656311035156,6894087
2023-01-13,279.8656805570768,281.9020000749129,276.93848637596466,278.932373046875,14967746
2023-01-16,280.2898998113737,281.8595385239895,277.91419843087994,280.1626281738281,8571826
2023-01-17,280.16260397892853,282.96252598259383,279.22929664437345,281.9019470214844,14240647
2023-01-18,283.38677405884465,285.55036502803495,282.02924576542426,283.93829345703125,13039078
2023-01-19,283.3867467309152,284.78673462261804,281.3928604358136,281.8171081542969,8667564
2023-01-20,281.68987699729814,284.4049606026502,279.3566083263557,283.8958740234375,13608325
2023-01-23,285.08371202697504,286.90792092736035,282.58073897818645,286.5685119628906,7399204
2023-01-24,286.6109601175791,289.11393330008354,286.4412825165477,287.5867004394531,12776694
2023-01-25,287.54427141743565,289.32604759357434,284.44737280960385,287.84124755859375,12978859
2023-01-27,290.0047769334252,295.9864629809435,289.7502336688159,293.5683288574219,21850457
2023-01-30,294.33197749206926,298.44702215928777,290.0472283408259,292.5502014160156,14634225
2023-01-31,293.5683509628021,301.2045150247423,289.3684674513022,298.9560852050781,17794183
2023-02-01,299.5075967647228,310.2830649667827,279.22932296558173,306.6346740722656,67003785
2023-02-02,306.8043851857387,326.4038952631198,305.78623894558626,321.228271484375,57892084
2023-02-03,324.0281693359263,324.3251185496889,315.62837609580293,322.96759033203125,23153980
2023-02-06,324.537269869911,329.3735114120182,322.0767028112403,325.3008728027344,26783409
2023-02-07,325.7251210184186,325.7251210184186,312.61638330032497,316.6889953613281,21438758
2023-02-08,317.96168133443524,320.12527243334034,315.24659769454775,318.6404724121094,10821785
2023-02-09,317.32536512853994,322.41615055743557,315.7556993413105,317.5374755859375,12318006
2023-02-10,315.7980707062556,319.8282492829872,314.18597238529725,315.0768737792969,10674456
2023-02-13,316.47684894022876,318.30103086856315,313.9314431624316,317.4949951171875,10282470
2023-02-14,318.1738128292252,328.9068755452573,317.11320683176126,327.8887023925781,30246745
2023-02-15,329.2090652796974,330.1576679226677,326.44948650079726,329.5971374511719,12679568
2023-02-16,329.4246244991014,332.2273312860376,328.56225107766346,329.89892578125,10151755
2023-02-17,328.605395400252,331.6236888575602,327.05313409805785,330.6319580078125,7967611
2023-02-20,331.75300155554396,334.16763599613205,328.8209376402737,331.19244384765625,8105569
2023-02-21,332.01176213727604,332.7878791255196,329.1659269645161,329.6402282714844,8577674
2023-02-22,329.4246300412966,331.92549387387686,327.69991050035287,331.02001953125,9306194
2023-02-23,331.5374255660815,339.77303253424947,330.37320921112376,334.2538757324219,19555814
2023-02-24,335.46122933796937,335.46122933796937,328.5622689227143,332.0979919433594,13407431
2023-02-27,332.09800144908905,333.5640336540253,326.0614143293228,329.5971374511719,8455904
2023-02-28,329.85581977604465,331.3649527420199,323.3880602116682,324.85406494140625,16997837
2023-03-01,322.74125813257007,328.0448283784041,322.1807277426097,326.57879638671875,8065784
2023-03-02,327.26870383245233,327.48429035456184,323.12934968272515,323.86236572265625,5212922
2023-03-03,325.1128257778651,332.35673063556044,324.33670873222746,331.9686584472656,8495772
2023-03-06,332.78784665393346,338.47948911314455,332.2273162542871,334.7281799316406,11126980
2023-03-08,334.598839237063,339.04003641351176,332.09797543504453,338.39324951171875,9261146
2023-03-09,338.13455943528567,339.42810589779805,332.57227411624933,334.16766357421875,10005328
2023-03-10,333.6933720845052,336.4960516136908,330.71817960319845,334.5988464355469,8684320
2023-03-13,335.6336753224757,337.09970743167725,329.8558306919474,330.8475341796875,9130473
2023-03-14,332.61540586254597,333.26216543515204,325.2852727230352,327.4411926269531,10623744
2023-03-15,328.5622708095923,331.4081060043401,325.9751777208582,327.1824951171875,8748113
2023-03-16,328.21730135413816,329.72646164762585,324.9834215793122,328.9503173828125,16315136
2023-03-17,332.0117439736037,332.0117439736037,318.77438167994,323.86236572265625,50787703
2023-03-20,321.9220263410037,327.1393403346496,320.8009381836736,326.6650390625,10512002
2023-03-21,326.6650611683009,326.6650611683009,322.5688077238388,325.0696716308594,12057999
2023-03-22,325.06963690778554,326.70815450911823,322.69813063987283,325.7595520019531,4958761
2023-03-23,325.1127863070593,330.07141300627836,322.8706372651541,328.26043701171875,10127917
2023-03-24,328.99343088338946,330.28697726919245,325.97513776255107,326.57879638671875,10317108
2023-03-27,325.9320420504929,331.4943275946929,324.5522663895454,327.87237548828125,11232922
2023-03-28,327.87235557744657,329.7264597565682,326.1045078701083,327.4842834472656,9523719
2023-03-29,327.87239332381387,331.14940169325064,325.24217191247357,330.0714416503906,10551626
2023-03-31,329.4246541006751,331.5805741825232,327.6999344337672,330.71820068359375,9877493
2023-04-03,331.14937807779063,331.14937807779063,326.4063378288794,326.75128173828125,7331070
2023-04-05,326.75129823985384,333.77961615807664,326.75129823985384,333.2190856933594,12055499
2023-04-06,333.43464091257056,336.58226419828117,331.3218219791794,334.0382995605469,13394394
2023-04-10,334.03834931494004,336.3236268704563,331.7961726708039,335.07318115234375,7044256
2023-04-11,335.0731407552796,343.3087482121327,334.5988394706166,341.4977722167969,18939829
2023-04-12,343.00690038151225,343.0500286146007,338.134530611312,339.38494873046875,10122932
2023-04-13,341.06657237712915,342.0151748719387,339.51431126462745,341.1528015136719,6292395
2023-04-17,338.82445634896516,346.67199180859274,338.82445634896516,345.0766296386719,11466474
2023-04-18,344.9472603068738,346.6719797998749,342.36014007094957,343.6536865234375,9860308
2023-04-19,341.5408877821473,346.1114421725692,341.4977595466149,343.8692932128906,10119480
2023-04-20,344.94727888172514,347.2325562475899,342.9638171942822,345.20599365234375,6924577
2023-04-21,345.205993335354,352.7085850216558,344.1280333460661,352.0617980957031,14801099
2023-04-24,353.5709478133228,353.5709478133228,348.56919284238995,352.4498596191406,6212135
2023-04-25,352.44989067847706,356.6323734928454,351.3288023855,354.90765380859375,9180650
2023-04-26,355.29564714247545,356.15802052504404,352.751682560677,355.5112609863281,7914219
2023-04-27,355.46816995826964,359.9524956184329,354.4333381894397,358.74517822265625,13100076
2023-04-28,360.4698558768053,369.3091214497726,356.7616749731286,366.9807434082031,13208557
2023-05-02,367.3688708739612,368.2312170453855,363.22948899493935,366.0321960449219,10648421
2023-05-03,365.6440843931658,369.52475106941137,363.9624658109192,368.36053466796875,7607609
2023-05-04,366.7651882201884,368.2311930145085,365.6441000071677,366.1615295410156,8292456
2023-05-05,367.32569139031006,372.45677611686307,365.9459158437518,369.7403259277344,12890455
2023-05-08,371.68068077279236,373.7934724501675,370.2577769087297,372.0687255859375,7522610
2023-05-09,373.232921261212,373.53473691364513,363.4881539490621,365.4715881347656,10377820
2023-05-10,365.60094080056166,367.6706314296894,364.0918078959365,366.8082580566406,10130159
2023-05-11,368.4468107695465,368.5761681543761,361.2460347814821,362.5395812988281,16597954
2023-05-12,362.5396049128946,364.5230393912233,358.78829517039424,362.5827331542969,11564770
2023-05-15,362.19460741222855,369.6971984567748,361.3753622633982,368.92108154296875,9503538
2023-05-16,370.8183244052902,370.8183244052902,365.2129378350131,365.6009826660156,8302077
2023-05-17,365.77346151768853,369.9128158423285,364.4367867607991,368.7486267089844,9844782
2023-05-18,370.81827624550255,372.9310677457083,360.5561070574364,361.9358825683594,24919291
2023-05-19,363.0138796934658,364.86798397388037,354.73514378539636,362.0652770996094,26759905
2023-05-22,363.8762587942892,367.15323968544413,361.4184957949731,366.2908935546875,16015615
2023-05-23,367.3688462448959,371.85314442709114,365.81658497706684,370.0852966308594,9068926
2023-05-24,369.3522833399385,374.91456886776746,368.231195120506,373.83660888671875,11921823
2023-05-25,376.81176382297446,381.5547766783347,374.9576595870935,380.4337158203125,18905572
2023-05-26,382.3739926667582,383.53820900402974,379.0107830185918,382.5464782714844,13496209
2023-05-29,383.7538549804455,389.61795648566954,382.977710635322,387.28955078125,20589822
2023-05-30,388.8466198986373,398.0607904227817,388.8466198986373,396.694091796875,19627897
2023-05-31,396.16500689487293,398.5457120356545,390.1250920308218,392.81439208984375,14821960
2023-06-01,394.1370210863762,394.1370210863762,387.08309960226313,387.7003173828125,9142172
2023-06-02,387.9648733488517,392.28539814754544,387.78851342152177,390.9627685546875,9558309
2023-06-05,392.3735334972519,394.0047579044921,388.0530090359599,388.5379638671875,7427630
2023-06-06,388.67022845667185,391.13909958783097,388.3175365729127,390.4337158203125,6703067
2023-06-07,391.4917924087194,392.94665691202545,390.3896197900168,391.4477233886719,7833952
2023-06-08,392.99075223023965,393.03484919494707,389.6401374232792,390.5218811035156,7294955
2023-06-09,383.6884458318554,392.1090385407523,383.6884458318554,386.5981750488281,7329661
2023-06-12,387.9648432684456,388.8024899824118,382.54214619271056,385.2755432128906,9054977
2023-06-13,388.846557926619,393.6079399018476,386.4658529665835,392.7261962890625,16732376
2023-06-14,393.475678073175,394.7982795236642,391.2713330074123,391.9326477050781,9039402
2023-06-15,392.3735365538048,395.68005441379864,392.15310761877413,395.10693359375,7787525
2023-06-16,395.9004842667059,401.71997024510654,394.9305745944466,399.515625,12181426
2023-06-19,400.9704885685225,401.9844952034513,398.76614332858287,399.95648193359375,4350517
2023-06-20,401.0145589993537,401.0145589993537,396.9144913699615,399.2951965332031,4644353
2023-06-21,398.54574360586776,400.48556308802296,392.41766227187026,394.1811218261719,6292873
2023-06-22,395.0187695039324,396.4736620636969,393.12304698565055,394.7101745605469,6892713
2023-06-23,394.57785015245804,394.71011309183916,390.3455199267897,392.153076171875,6325479
2023-06-26,394.04885942548816,398.0166923317774,391.49182210948834,392.99078369140625,5688287
2023-06-27,393.34344411970375,394.31335378452604,390.7423100436601,392.4617004394531,5052984
2023-06-28,392.37356700527516,397.3113096684264,391.9327091009996,396.2091369628906,12548096
2023-06-30,396.78228901151283,398.5016796850736,393.7843656033149,398.1930847167969,9456776
2023-07-03,398.1930552054477,410.8459789191786,396.826356573286,408.4653015136719,11111199
2023-07-04,410.0083307348918,412.6535619979312,405.42330792404516,411.19866943359375,8022597
2023-07-05,411.19864047327803,423.8075221771925,409.3910840683227,418.9138488769531,16878943
2023-07-06,420.89776591610007,420.94186288148336,414.85787890084566,417.85577392578125,9835812
2023-07-07,417.0622242218856,419.26656948415007,412.30081386393067,413.0062255859375,7605499
2023-07-10,414.41702254158486,415.210600305827,408.86206202643064,410.7578125,6772454
2023-07-11,410.89004764135507,418.4288961670022,410.89004764135507,417.1944885253906,8783282
2023-07-12,421.25045876818416,421.25045876818416,414.8137828842925,416.44500732421875,12816220
2023-07-13,417.85580505615246,420.3687733733142,415.29876771516933,416.1805114746094,8214385
2023-07-14,417.0622539956688,418.82571356446556,415.6073614272469,416.97406005859375,5277090
2023-07-17,418.38482504271707,419.53106669234575,414.9460442041412,416.48907470703125,6325310
2023-07-18,416.6654653767685,418.1203300012632,415.2987667445577,416.6213684082031,5558415
2023-07-19,416.84176976869503,423.6311655117629,412.7417020883116,422.22039794921875,14401395
2023-07-20,423.14621228731295,435.31420831259464,419.97195731460386,433.947509765625,21030102
2023-07-21,433.6388859893509,438.84115426116944,429.4065553495226,432.44854736328125,14510084
2023-07-24,435.0937776752237,440.60466916135977,412.7857975889099,415.60736083984375,40477929
2023-07-25,412.5653388861595,413.0943906903244,401.54361259835747,407.62762451171875,45211370
2023-07-26,409.9201666316123,417.06225474642486,407.4071983173887,416.40093994140625,18842179
2023-07-27,418.29665888677584,418.9579456970976,406.56952087917085,410.0523986816406,14528232
2023-07-28,412.3890366283196,413.9320672418531,408.5975636299245,413.0503234863281,10362522
2023-07-31,413.5352478268591,414.15246561566977,408.68569944680746,410.6255187988281,8510403
2023-08-01,410.8900458794789,413.40298606230425,408.950226521892,409.83197021484375,6686176
2023-08-02,409.65560727477833,409.831967190005,403.8361213001244,405.6877746582031,10715605
2023-08-03,405.6877760875922,408.9061279792718,400.57370181098145,402.11676025390625,11026824
2023-08-04,402.3372172249558,406.8340740267068,400.5296327547288,401.1468505859375,7097614
2023-08-07,400.39736891347656,402.55761719475873,397.6198749005769,401.1027526855469,9513953
2023-08-08,402.9544046394637,402.9544046394637,397.7080394977841,398.85430908203125,6638681
2023-08-09,398.8543111498685,405.5114438652784,394.0488317979139,404.4092712402344,10134166
2023-08-10,404.62972812954496,404.9824200405429,395.90051251159446,398.3252868652344,13702317
2023-08-11,400.2210071328504,400.2210071328504,392.15310692217804,395.6800537109375,12028396
2023-08-14,395.68002392475313,397.88436899489363,392.4176032810885,396.0768127441406,7854074
2023-08-16,397.6639697776685,403.3070958142908,395.19509864354063,397.0026550292969,15494896
2023-08-17,396.7822253766388,396.7822253766388,387.9648444534809,388.8465881347656,16896158
2023-08-18,388.846587435329,390.9186697129564,386.64224220850457,389.4197082519531,20068497
2023-08-21,389.7283631048948,395.459655576108,389.1552142963807,394.8424377441406,9940689
2023-08-22,395.9004826440001,401.32317974929236,394.1370232220497,400.52960205078125,10234488
2023-08-23,401.72000041237055,401.7640694358814,395.54782208463297,397.1790466308594,8770272
2023-08-24,397.31127976346886,399.86831689446626,396.16501017584454,397.5758056640625,6322751
2023-08-25,397.57583435275706,397.6640003443687,389.772431501537,390.918701171875,9628041
2023-08-28,392.37353468000396,394.00475909216124,388.8465879018226,389.19927978515625,7176903
2023-08-29,390.5659771185241,391.4917898163721,387.25945928431116,388.0530090332031,9845106
2023-08-30,388.8465883709738,391.49179147159015,388.4057025576413,390.4337158203125,7648569
2023-08-31,390.6100463718974,392.2853677447282,384.5260624956572,387.7003173828125,20666732
2023-09-01,387.96487326520196,392.3735640541868,386.46591169018393,388.89068603515625,11879159
2023-09-04,390.9186692245814,390.9186692245814,385.0110173173097,385.760498046875,14128562
2023-09-05,386.9949657146354,391.932708368559,386.6422738029047,390.6982727050781,8701612
2023-09-06,391.4477522723604,395.45965419370054,389.7283617425222,394.5338134765625,13358433
2023-09-07,395.72415138285294,395.9004833529414,392.02084467285863,393.1671142578125,8401953
2023-09-08,394.93060291197133,394.93060291197133,389.59609933204774,390.3014831542969,10322317
2023-09-11,393.25530927658383,395.1069627682871,390.3014830834986,394.3133850097656,9679540
2023-09-12,395.81231782358947,400.5737001941304,392.90258881017746,397.7962341308594,14961276
2023-09-13,398.722047063466,402.9544055806916,397.75213739177775,399.8683166503906,12268130
2023-09-14,401.98449378836676,401.98449378836676,394.2692854757375,396.7381286621094,14986708
2023-09-15,395.0628361608855,398.63387991662444,394.1370234569155,395.3273620605469,15657801
2023-09-18,395.3273618255969,400.309173116776,393.431611509047,398.58978271484375,8513132
2023-09-20,398.28115876113765,401.2790535323377,396.3854085827855,399.3833312988281,10343224
2023-09-21,399.25109722827455,399.91238403180046,391.93267775558206,394.577880859375,11132308
2023-09-22,394.5779116789628,395.371489438992,389.9487919133328,390.6982727050781,7795399
2023-09-25,390.6982711003939,392.1972047328813,386.51000925541774,390.25738525390625,6005673
2023-09-26,391.13909818042134,391.93267587465755,387.7003173950868,390.1250915527344,5533023
2023-09-27,390.12509342536094,396.6058661800201,386.90676950287354,396.0327453613281,10894817
2023-09-28,396.73812888894656,396.73812888894656,387.6121530360298,388.62615966796875,10610213
2023-09-29,389.728331124361,392.9025860154766,387.25945999908333,391.844482421875,8474326
2023-10-03,388.84658789792655,390.5218813299559,387.303529470407,387.7444152832031,7770032
2023-10-04,387.7443830864504,389.4637733404414,382.0571605709903,384.5260314941406,13912656
2023-10-05,387.9648418483198,388.4056997135795,383.60024838080864,384.4819641113281,10416552
2023-10-06,386.06909252228434,391.13909770977415,385.01101687608707,389.8605651855469,8742804
2023-10-09,388.8024911690002,390.7864074656745,385.54007028758423,388.36163330078125,5827256
2023-10-10,388.36163261252193,392.2412712694756,388.36163261252193,391.844482421875,5207891
2023-10-11,394.3133561268852,396.29727243302307,392.19717687068186,395.23919677734375,7946195
2023-10-12,396.4736623220496,398.98660267358673,393.38757316194955,397.39947509765625,12227957
2023-10-13,396.649963614009,398.3693540169631,394.1370234569155,395.3273620605469,7926432
2023-10-16,395.0187401290674,397.66397118708454,393.431612672195,395.8564147949219,4377288
2023-10-17,396.60586687701203,400.7500593993467,395.9004831074062,399.82421875,7203352
2023-10-18,400.52960228676164,404.0124800575382,397.66397024508717,398.2370910644531,7160492
2023-10-19,396.5617973938608,401.10275081576816,394.0047602733921,397.1349182128906,9830006
2023-10-20,392.37353324783265,395.90048001314057,385.6282346346906,386.46588134765625,13521824
2023-10-23,386.2013849260132,387.9207754477462,381.88088808255816,384.3497314453125,7555671
2023-10-25,385.2314438673201,386.2013535243227,376.5463259738046,381.52813720703125,11308597
2023-10-26,378.75070392513396,384.9669512491503,378.75070392513396,382.9830627441406,19525305
2023-10-27,382.98303128732067,385.1432795427069,381.0872809846565,382.4539794921875,13638258
2023-10-30,383.1593632352452,385.45187443929177,377.692597150259,379.54425048828125,7911426
2023-10-31,379.14745928157436,382.10128521111284,377.2958059550796,377.7366638183594,8952141
2023-11-01,379.1474920453739,380.11740178427897,375.17965915360094,377.4721984863281,8297973
2023-11-02,379.19152840440415,381.52810844204106,377.9570929440438,380.16143798828125,8465990
2023-11-03,381.61633114121383,383.0270986623854,380.11736969133574,382.0130920410156,14334179
2023-11-06,382.23354963743043,385.1432786139572,381.39590292705253,383.86474609375,7589690
2023-11-07,383.4679844658809,383.4679844658809,381.04318237852993,381.52813720703125,5321353
2023-11-08,381.924928412181,385.76049804438924,381.17544768262053,385.2755432128906,7248663
2023-11-09,386.02505327297996,386.2013852551894,382.5862722265829,383.0271301269531,8085620
2023-11-10,383.02713162242185,386.2013867630515,381.3518380606581,384.9228820800781,4236307
2023-11-13,386.5540480245854,386.5540480245854,383.5561530493976,384.4378967285156,3888975
2023-11-15,386.28958104203184,390.16922000738833,385.76052920317534,389.68426513671875,7722827
2023-11-16,389.684234611322,391.93267680548666,385.84866496975997,386.7745056152344,11276031
2023-11-17,387.3035583496094,389.28747479301074,386.46591157113573,387.3035583496094,6911592
2023-11-20,387.832610813884,388.2293996921755,383.1153250770185,385.143310546875,4502356
2023-11-21,385.4518749441646,387.3476252492101,383.99701045056537,384.6583251953125,6228803
2023-11-22,385.31964018986827,388.3175351633618,383.37979291896715,387.7003173828125,5074887
2023-11-23,388.8024892951886,389.94875886981583,386.42181210652865,388.2734375,6611803
2023-11-24,388.8465874220955,389.94876003547023,385.18737769907284,386.0250244140625,7084608
2023-11-28,386.20138567247454,387.08312941901437,383.46801638650174,383.776611328125,9082513
2023-11-29,384.43792646738143,386.64227186327514,382.8067019320691,385.4960021972656,14316126
2023-11-30,385.05511333677407,386.5981438118981,383.11529401552866,384.26153564453125,15710110
2023-12-01,386.11322083208256,397.6199027048791,385.672362929922,396.60589599609375,20081576
2023-12-04,401.1909182058432,402.4253537779579,397.66397140473475,400.353271484375,13293194
2023-12-05,401.1909470662568,403.659818388089,396.87042225305044,398.3252868652344,12603697
2023-12-06,400.22104069698486,409.5674742241446,398.633913111698,408.4653015136719,21203900
2023-12-07,409.78787141814973,409.831968383296,403.3070986184266,403.92431640625,11746535
2023-12-08,405.5555100688054,407.01040251522204,395.45962454263616,396.0327453613281,19386851
2023-12-11,398.10482764719234,399.9564809977906,396.1650083117594,398.9424743652344,6854157
2023-12-12,400.4855346722593,405.5996089341438,398.8543102485301,399.515625,10549319
2023-12-13,402.3372174115911,404.5856318410862,399.51565417402054,401.7640686035156,11718443
2023-12-14,405.5996086730122,406.4813523594561,396.2972728624452,405.6877746582031,14924265
2023-12-15,407.2749025937947,408.20074324634294,401.19091865642844,404.0124816894531,16397959
2023-12-18,401.19091703591056,402.0726607198276,397.09082148087657,398.2370910644531,12490839
2023-12-19,399.7360837925379,403.83615172335817,398.58981411932143,402.1608581542969,10664235
2023-12-20,404.7178645413679,404.9382934765252,396.16500947644437,397.6639709472656,10766954
2023-12-21,395.900514625066,400.0887765009009,391.888612678095,398.060791015625,11584223
2023-12-22,399.4274317600194,401.9844968402244,397.2671834762267,401.3672790527344,11450973
2023-12-26,402.1167600176528,404.62970018930855,400.92639346227867,402.4694519042969,6097422
2023-12-27,402.9544060361889,404.27700759500016,400.08874603806044,403.0425720214844,7833901
2023-12-28,403.1307402806648,409.74377605686726,402.16083060240936,409.2147521972656,21493169
2023-12-29,409.21478145632807,412.5653686044719,406.78997914247,407.4512939453125,13384631
2024-01-01,408.6856996614059,414.3729227144936,407.93621892139623,412.6976013183594,9706230
2024-01-02,414.4169935867092,415.6073322050578,408.7738674736452,414.7256164550781,10924918
2024-01-03,414.63742290547475,423.8515928269022,413.84387314079436,420.8096008300781,24961710
2024-01-04,423.23440532205296,424.51293796394583,418.12033064417545,420.0601501464844,12240910
2024-01-05,422.7053512147422,422.7053512147422,416.1804814002084,417.8998718261719,9564086
2024-01-08,418.82571459836834,419.2666004502911,409.61154401480087,410.44921875,8311403
2024-01-09,412.2126453306293,414.37292155899934,408.8179614722768,409.61151123046875,5916180
2024-01-10,409.6115416025299,411.55138903884136,405.64373662767423,408.5093688964844,6123200
2024-01-11,409.21475080316065,411.3749990892165,406.5695197347844,407.93621826171875,6786448
2024-01-12,408.46527119962445,412.3890068755031,405.9082340544786,411.50726318359375,9714589
2024-01-15,414.4170217073618,414.8579075571134,410.97824062559533,412.30084228515625,7167978
2024-01-16,412.4771746656909,418.8256845634594,409.34701668229076,416.44500732421875,12531058
2024-01-17,415.651428506,420.5891708332484,410.18466231857855,411.4190979003906,11536527
2024-01-18,410.2287618516151,412.5213012139807,400.7941623145097,410.44921875,9495938
2024-01-19,413.1384873419948,417.06222301526753,411.2427370084064,415.7395935058594,12673308
2024-01-23,417.72350799852904,417.72350799852904,402.42535422515556,404.9823913574219,8728196
2024-01-24,405.6878060944037,412.12451035385544,403.9243465297125,408.7738952636719,22459072
2024-01-25,408.7298246781795,409.9642323963227,398.63391042262094,401.7640686035156,20435547
2024-01-29,401.9845244825636,403.1748631742745,394.5779105233698,396.60589599609375,18557346
2024-01-30,394.1370522199117,400.0446766491432,385.672362537243,386.2454833984375,45190319
2024-01-31,387.96487486493197,390.1692202685137,386.8186051949246,389.3315734863281,20648695
2024-02-01,389.72833135269406,394.7983086105753,387.3476262105403,390.5218811035156,19903526
2024-02-02,392.3735334944645,394.3133528193609,387.5239851822233,388.0530090332031,17816750
2024-02-05,389.728361423408,391.1832260328726,384.9228817484557,386.2454833984375,12505666
2024-02-06,387.96484228867234,388.7583920360094,378.70657560411007,380.38189697265625,19487043
2024-02-07,383.5561516187938,383.5561516187938,379.8528449472176,380.7345886230469,13376903
2024-02-08,384.0384650856425,384.12797657888825,365.77650329864366,371.1029052734375,50039587
2024-02-09,367.11932249698526,379.74157904258544,365.77653649119355,371.953369140625,33527317
2024-02-12,373.7884809183948,374.1913251991492,363.49375120632266,364.20989990234375,11326971
2024-02-13,364.25470380272145,367.74596448553467,361.0320059987887,364.12042236328125,16207766
2024-02-14,363.4490304322448,369.04399563612463,362.01670458696765,368.4173583984375,12618012
2024-02-15,369.7154093192213,371.10296536010526,360.8977455956946,361.56915283203125,21169031
2024-02-16,362.55381409855795,366.6269417755661,357.5407164214317,362.19573974609375,38963810
2024-02-19,362.5538636156247,369.49161543120795,362.1957892142552,366.3584289550781,17602580
2024-02-20,367.4326485808488,367.4326485808488,361.9271948494633,363.5385437011719,14626643
2024-02-21,364.3442216530248,367.1193336213837,359.24161197934507,361.0767822265625,20162369
2024-02-22,364.2546993925409,371.64006498707033,361.166283065441,371.013427734375,19321180
2024-02-23,372.3114390234385,372.3114390234385,367.477392438148,368.2830810546875,11576964
2024-02-26,368.0145200385987,369.7601503452562,364.6127709260232,366.31365966796875,8289561
2024-02-27,367.0298119400418,369.49159101888046,365.73176749593637,368.05926513671875,8083518
2024-02-28,368.05925560223767,369.1335070788597,364.1651791134282,365.5079650878906,8949664
2024-02-29,366.13456651153365,367.96970810950256,362.10618061087337,363.717529296875,15468800
2024-03-01,366.0451169501413,369.84968221119516,364.79184238551517,366.58221435546875,12873024
2024-03-04,369.044002904538,369.6706401545669,365.6422537799073,366.22412109375,7103794
2024-03-05,366.71646865030743,368.28307592576715,361.61385926389903,363.5832824707031,10108373
2024-03-06,363.89662847613386,366.98504483260456,358.7045074023188,365.1051330566406,11534613
2024-03-07,365.1051538103014,371.4610382604241,361.34533004465396,370.207763671875,23907135
2024-03-11,373.11715357829127,374.4599396612226,365.2394317224076,366.4927062988281,18298683
2024-03-12,363.896634790929,363.896634790929,357.49598065421884,362.0614929199219,36226074
2024-03-13,389.4096888737355,392.0952609994141,377.0112531117893,378.17498779296875,105525827
2024-03-14,377.72738966516533,380.9053175233625,374.1913590552437,375.6684265136719,31949569
2024-03-15,373.47519557546644,383.6356443794862,371.7295653076996,375.1760559082031,76074975
2024-03-18,375.08656109013026,376.60839849305466,373.2066493049854,373.6990051269531,16547358
2024-03-19,374.1913725840706,375.57892859039265,365.86606491745584,366.6269836425781,21803126
2024-03-20,367.02980631746095,372.9828459519357,366.62696200946334,372.1324157714844,20364534
2024-03-21,375.086545384835,377.77211732469914,372.57999644292715,377.1007385253906,19968509
2024-03-22,377.1007730502114,384.6203921930658,377.1007730502114,383.6804504394531,40358503
2024-03-26,380.9500748588195,384.2175424825222,380.9500748588195,382.8299865722656,10669833
2024-03-27,382.2480799478754,383.94896861397046,381.75572415879077,383.1432800292969,12698464
2024-03-28,383.1433017081666,387.84306693740666,382.24810157609323,383.4566345214844,29009002
2024-04-01,384.127999416165,386.14219254747997,381.1290946866631,381.97955322265625,9743648
2024-04-02,383.76994910118805,383.76994910118805,380.0996653454435,381.2186584472656,9194659
2024-04-03,381.3529263895928,383.8594753883552,376.87695414075034,380.6367492675781,13152268
2024-04-04,380.9500915414978,382.561440456257,375.89225185348187,378.44354248046875,19065447
2024-04-05,378.21973637562843,386.4555320406198,375.9369803377719,382.740478515625,16768902
2024-04-08,383.4118724683771,386.18698442346965,382.9195166413107,384.1280212402344,8844633
2024-04-09,385.3365720410326,386.2765138011743,380.9501109606296,381.666259765625,6967273
2024-04-10,383.4118639636001,391.9162226475416,381.1291078862097,391.1553039550781,14547618
2024-04-12,389.4096847827078,390.08109199273235,383.411874944211,385.0232238769531,18785009
2024-04-15,383.14330901862525,384.1727906087181,378.5778251406515,381.2633972167969,9083087
2024-04-16,378.8911295886313,382.24810886947125,378.8463880225293,381.2633972167969,10357752
2024-04-18,381.35292440864043,382.1585846561629,373.87804738734405,374.9522705078125,22133191
2024-04-19,374.19136796591687,381.5767338052428,372.4009960212404,380.23394775390625,17221280
2024-04-22,382.24809683901475,382.7852225858655,378.9806575358475,380.7262878417969,7386048
2024-04-23,380.72626885904805,385.3812638619412,380.5472174952533,384.217529296875,12484384
2024-04-24,384.26227903854186,385.64983493071486,383.41184887787193,383.948974609375,6070285
2024-04-25,385.82891540742,392.36382269137283,384.0385150815419,391.69244384765625,30337038
2024-04-26,393.2142129703609,396.83975482059645,390.6629225550479,393.8856201171875,15342965
2024-04-29,395.67604109637887,396.07885703437194,389.05159426034965,392.2742919921875,12075706
2024-04-30,393.84085089564684,394.3332066804385,389.4991603284896,389.99151611328125,12528665
2024-05-02,390.3049062713783,396.21317655724835,389.2754246168458,392.990478515625,24123523
2024-05-03,393.93039811859694,393.93039811859694,386.14218854115893,390.7076721191406,23786388
2024-05-06,392.0952475427761,394.2884921290817,387.93260805370363,389.1858825683594,10753860
2024-05-07,391.1104975273433,399.2567810732374,389.5886602844062,394.19891357421875,26969062
2024-05-08,395.00464621540885,398.09306260698986,392.27430420837044,394.7808532714844,10916481
2024-05-09,393.930416513751,395.22843258972705,378.9806622581897,380.5472412109375,24314298
2024-05-10,381.8005259086496,390.6181892842415,381.8005259086496,387.9326171875,14524604
2024-05-13,387.8430593472191,389.8125109477641,384.48608019612794,386.5898132324219,7584217
2024-05-14,385.38127935657843,387.88782832259807,383.6356490674802,384.6651306152344,11423749
2024-05-15,385.6050659023784,387.84305196048183,382.02429388367585,382.9642639160156,7856433
2024-05-16,384.93367347333725,387.2611709473564,378.57778988889186,386.231689453125,23911954
2024-05-17,387.08216474486596,391.64764839572535,383.9489785643487,390.57342529296875,11894830
2024-05-21,390.30490344243583,391.2896151496103,387.7983542346034,389.23065185546875,11175153
2024-05-22,391.5133561127143,395.6312537828145,389.767725887034,393.7961120605469,11036895
2024-05-23,395.13894718561795,398.27213366936695,390.79725604789365,395.09417724609375,27244733
2024-05-24,394.78083588666976,396.0788519270615,389.67822648183704,390.48388671875,13252938
2024-05-27,392.8113936754333,392.900905170469,385.56031003732085,386.2764587402344,12282545
2024-05-28,386.81362516359485,387.17169955273744,383.3671059718784,384.03851318359375,9668761
2024-05-29,380.90533235072377,387.0821936743324,380.90533235072377,385.7841491699219,10832067
2024-05-30,383.5908902240176,385.78410628483164,378.08543673388806,379.42822265625,21314885
2024-05-31,382.0243307145405,384.53087988068245,379.78634444067336,381.7557678222656,29300711
2024-06-03,388.514477016602,389.3201656528504,383.725200249957,385.24700927734375,16116836
2024-06-04,388.3822180405629,388.6557312027862,367.2764561221505,378.535888671875,47791986
2024-06-05,384.7354289238378,397.499184347516,381.13424920337036,392.3025207519531,28197030
2024-06-06,397.4991442097778,399.04900387392235,393.0318302625804,396.9521179199219,32318523
2024-06-07,393.30540065100246,402.6502707286166,393.0318874662661,400.37103271484375,29543660
2024-06-10,401.14593572253284,402.05763661284067,397.36240447731143,398.3196716308594,11872688
2024-06-11,398.4108722591482,399.1402214325666,394.0803145887873,394.7640686035156,13158571
2024-06-12,392.5303996702627,396.04041761505835,392.2112913693166,394.1258544921875,10751658
2024-06-13,398.3196949708831,398.3196949708831,391.8010895670423,392.3025207519531,9641349
2024-06-14,392.9406665240471,393.7611770597148,391.1628599867876,393.0774230957031,9572809
2024-06-18,394.7640665251691,395.8581191738071,390.38794261342787,390.8893737792969,14641141
2024-06-19,392.0290022211883,392.71275624893684,385.6927197561344,386.23974609375,11329972
2024-06-20,386.6044066765355,388.8380493170652,384.2795737201941,385.9206237792969,15147549
2024-06-21,387.47051347196447,387.74402663160475,381.5900672225091,382.54736328125,26176371
2024-06-24,382.9120368199867,386.5132163607238,382.9120368199867,385.9206237792969,9723008
2024-06-25,385.64711062040146,386.5588115186297,382.68411881899715,385.9206237792969,10655609
2024-06-26,385.6471083760463,388.74688563312844,384.7810026407644,386.5132141113281,11511714
2024-06-27,386.51322519909763,389.5218411214756,383.9149079187151,388.0175476074219,38438054
2024-06-28,387.9263614555754,390.2055993306075,386.1029884921122,387.3793640136719,18554411
2024-07-01,388.6557165788598,392.25689602791135,387.1513942432347,391.1628723144531,13391362
2024-07-02,392.0290008128207,392.6215934135948,385.2368534593977,387.9263610839844,11177863
2024-07-03,388.4733708395652,391.70987576739714,387.9263445272619,390.4790954589844,7435499
2024-07-04,392.0289780327245,393.3965148981146,389.33947056442025,391.1628723144531,9478861
2024-07-05,391.1172932126966,395.67576888063064,389.84091771413347,395.356689453125,13427543
2024-07-08,396.7241904746056,405.29411470865244,395.3566536768295,404.4280090332031,21311436
2024-07-09,408.07479488064865,414.8213465379182,404.79269491641344,412.6332702636719,27489709
2024-07-10,413.6361603295421,415.1404827339749,407.0719599600082,411.5848693847656,12065662
2024-07-11,410.26287723172686,418.9239921454672,409.0776632126487,418.1490478515625,19556596
2024-07-12,418.14905833228465,422.3428593192128,415.5963073929136,418.51373291015625,19693114
2024-07-15,418.5137615167691,425.2603139042144,416.82711619633983,422.4796447753906,16876907
2024-07-16,422.52516465798533,425.53378036576675,420.6561966884638,424.4397277832031,13497253
2024-07-18,422.1149345797316,429.31732238979913,421.7958262702707,428.7247009277344,21907158
2024-07-19,429.40848412543824,437.0667368269077,427.94975694190003,432.6449890136719,25939326
2024-07-22,432.6906158768297,437.1123351198066,424.7132831753787,425.3514709472656,18762384
2024-07-23,425.3514491191427,453.4772470105013,425.21469253973703,448.7364196777344,56125835
2024-07-24,452.2008718247006,465.55721919731405,447.3233168036432,450.4230651855469,43693692
2024-07-25,446.7306858915952,452.20086227300567,441.8531309735649,446.68511962890625,18567567
2024-07-26,450.42308880903994,461.6825218161174,444.36031941248064,457.8534240722656,21534703
2024-07-29,460.8620109629043,461.50019873560984,450.42308858670805,452.2464904785156,12978187
2024-07-30,452.47437734621525,453.8419142238035,445.4999074868191,446.6395263671875,13891052
2024-07-31,448.9643640042543,453.97867557287424,447.1865573764219,451.6082763671875,11982586
2024-08-01,452.155294892808,452.88467297760064,447.59681911064166,450.10400390625,12114803
2024-08-02,441.9898988909283,455.3462174298525,441.9898988909283,445.9101867675781,22141163
2024-08-05,437.6593419676077,448.4629384481495,437.20347706841375,443.08392333984375,25022076
2024-08-06,443.31185723274336,448.28060277815945,441.3061325083515,443.3574523925781,14251363
2024-08-07,446.73070357474273,451.8362055853885,444.99849206153243,449.1466979980469,11320399
2024-08-08,450.3774947823807,454.02426944874264,449.00992900000904,451.0612487792969,21349889
2024-08-09,454.02427391323624,454.02427391323624,449.55695973352357,452.1097106933594,9556181
2024-08-12,448.5541002742936,455.84764972526483,448.5541002742936,450.92449951171875,9425644
2024-08-13,452.15526355477385,453.8875038800431,445.13522751757506,446.7306823730469,8056478
2024-08-14,448.5085016768149,454.93597422607183,446.6395336172972,448.7364196777344,9609981
2024-08-16,450.833335370804,459.67677341741495,449.1466901515516,458.2636413574219,13643352
2024-08-19,460.1782036565068,464.32640951224664,455.4829714833437,457.16961669921875,10591508
2024-08-20,456.7593256186916,458.94740189187496,453.75073880198227,454.75360107421875,6888634
2024-08-21,455.84766424126957,464.0529437527386,454.9815584669918,460.7708435058594,8801221
2024-08-22,463.0044670797505,463.5970596598946,457.16961601684477,459.9958801269531,8686423
2024-08-23,460.45171515256504,462.18392662579055,455.80207815406663,461.135498046875,8195369
2024-08-26,461.31782468341106,463.1412264870548,457.67104997039354,461.0443115234375,8126402
2024-08-27,462.73093528684996,462.77653044282096,455.847627025735,456.3946533203125,8260450
2024-08-28,456.2123437617104,457.94458422323976,452.65675920109425,453.3861083984375,8081932
2024-08-29,454.02427560774544,462.86771368427515,453.4316541292554,460.497314453125,19389694
2024-08-30,457.6254612839912,464.1896905333773,456.0300063539427,457.57989501953125,15523349
2024-09-02,459.49448026617716,467.6085696752679,458.85629248475635,465.0102233886719,16497266
2024-09-03,465.0101951235504,470.3892102248928,463.0500656317912,464.4176025390625,12481552
2024-09-04,455.8476475462073,465.0101939214988,455.8020812824538,461.6369323730469,8739052
2024-09-05,463.4603086443522,466.6968425307686,462.27512346983656,466.05865478515625,11318636
2024-09-06,466.7880172017965,466.7880172017965,453.2493464731528,457.3975524902344,14245025
2024-09-09,457.67105577087847,467.38059970737794,456.16676226622855,466.5600891113281,14265060
2024-09-10,466.6968459549575,469.52308122545986,463.8249866314957,468.2467346191406,11332248
2024-09-11,467.69973107275973,473.6257439602737,466.74243495355415,468.9305114746094,15497555
2024-09-12,469.61425271712204,474.5374027816373,463.6426451989518,473.6257019042969,19085324
2024-09-13,473.6257080193676,474.0815440167886,466.7879946924352,468.4746398925781,9165077
2024-09-16,470.34362273274417,471.3464850740398,464.69112327323506,465.9674987792969,7821668
2024-09-17,465.9218864737128,468.20112423719047,461.5457337870447,462.9132995605469,10889862
2024-09-18,463.0044794093549,467.15268536936793,460.4973235485926,462.5486145019531,5638729
2024-09-19,464.96459551918156,469.34074825372676,462.685357730768,463.369140625,14461616
2024-09-20,466.78799784894,471.6655817468218,463.14122316210313,468.97607421875,24725118
2024-09-23,469.93336635185545,473.580141232498,468.2467499449426,471.3009033203125,8105508
2024-09-24,471.34646193720454,472.07581107793266,468.74814478800965,469.7510070800781,7015487
2024-09-25,469.978932353214,473.44338416672934,467.061506850851,471.847900390625,8802667
2024-09-26,471.93907909068867,477.50044603773256,471.3464864947561,476.5887451171875,16086557
2024-09-27,474.30950915137026,481.83097676370437,474.30950915137026,476.54315185546875,17916386
2024-09-30,474.6285705979751,478.047427263378,468.6569629993216,472.3949279785156,10936940
2024-10-01,472.39490247305895,473.8536007022903,468.61137143493846,470.6170959472656,5285319
2024-10-03,463.6426448944806,470.161249819359,463.2323751658065,467.4717712402344,16481353
2024-10-04,464.9646155648812,471.6656015344404,457.260796130997,459.0841979980469,18930962
2024-10-07,462.2295469719965,469.47753046957075,462.00162895956305,465.14697265625,17114457
2024-10-08,464.964610200732,467.28944322025905,461.317835402975,463.09564208984375,9868331
2024-10-09,464.7822693286866,464.7822693286866,447.2321211477684,448.28057861328125,24874940
2024-10-10,451.60828794604396,451.88180111030306,446.22927276700216,448.5997009277344,13292273
2024-10-11,449.4658135509857,450.3319193215231,444.3603114582125,445.08966064453125,14949380
2024-10-14,447.64240464295625,454.9359830741221,445.4999233829581,453.0669860839844,6970606
2024-10-15,454.024264650634,455.3006401045124,450.83332601593787,454.52569580078125,8347216
2024-10-16,452.2008833474638,454.79922952979206,448.87318798542856,449.64813232421875,6939430
2024-10-17,451.2891822969338,451.2891822969338,444.9073336349127,445.72784423828125,7669729
2024-10-18,445.5910443421621,448.1437951165415,436.1550144021536,443.7220764160156,22616838
2024-10-21,443.72210571019014,444.54264518224113,435.1977471460307,440.9414367675781,7680088
2024-10-22,440.94143646609285,445.27199403454927,438.34309036731116,439.2547912597656,12772970
2024-10-23,438.5254539217694,440.62234002608295,437.15791699336745,437.932861328125,10553961
2024-10-24,439.43715647575334,439.80183106506763,428.4968032192426,430.04669189453125,13596626
2024-10-25,433.78459129154515,449.9216066412517,432.3258930580839,439.71063232421875,32154050
2024-10-28,439.3915531808061,442.9927616367931,433.96697181201,441.39727783203125,8946214
2024-10-29,442.1722173304157,446.00134374693727,438.7989558078247,444.8617248535156,7131161
2024-10-30,444.861729212034,449.6937179905663,443.5397585692342,448.1438293457031,6640080
2024-10-31,448.55411388015784,449.46581481275115,441.89872307707066,445.6366882324219,8111694
2024-11-01,447.6423991695266,448.6452614962307,446.09251052124927,447.00421142578125,1517892
2024-11-04,449.87605007209993,449.87605007209993,437.20348528133655,441.80755615234375,8754385
2024-11-05,440.30326795355165,442.21783124301106,434.8330912542778,437.7961120605469,7610046
2024-11-06,437.7961275415375,441.62525425585875,435.79040275620883,438.61663818359375,11749720
2024-11-07,439.20920454261847,440.0753102371216,434.0581077425567,435.69915771484375,9267980
2024-11-08,435.6991809205033,438.2519318787487,432.69059396011545,435.8359375,6325023
2024-11-11,435.83596174114274,438.98130545597087,432.2347819988186,434.8330993652344,5700343
2024-11-12,435.4257115541998,435.74479098776305,429.545265117447,431.09515380859375,5236095
2024-11-13,428.54240340663677,432.7817708396454,426.9013532883317,430.5025329589844,11548660
2024-11-14,429.59083522023593,431.1862900835361,421.4311513821743,424.8044128417969,12087836
2024-11-18,424.8500397618024,426.49108990461576,421.20326487713623,425.3514709472656,8448573
2024-11-19,426.67340147942747,431.9156308531127,425.0779177527912,426.0807800292969,7121472
2024-11-21,420.2915427797919,423.0722117400087,415.1860408616483,416.7815246582031,20313155
2024-11-22,415.9153768353446,434.4227918075198,415.27718911581206,432.7361755371094,20214206
2024-11-25,436.7020748832458,439.61950063345034,430.684900526477,434.69635009765625,14427013
2024-11-26,437.6137665685303,440.0297610711077,432.2347801116228,434.8786926269531,6791715
2024-11-27,435.33453055318853,437.7049588001279,431.23191962291025,434.8330993652344,7339184
2024-11-28,434.8786745654213,441.0782002838839,428.9982282727063,432.964111328125,14967609
2024-11-29,431.4142229467061,436.6108863385638,430.8671966230568,434.6507568359375,8668142
2024-12-02,433.966980868156,436.9755679077777,431.5965815849029,435.0610046386719,5689595
2024-12-03,424.85001711458597,431.5965690728606,421.886996425715,430.8216247558594,23073942
2024-12-04,432.5082652197201,435.97268813501296,425.2146870249997,425.8528747558594,13957078
2024-12-05,426.26315497287504,431.0039534664892,421.6590841659863,426.2175598144531,27432375
2024-12-06,428.49680007286037,433.009709482812,426.3999139761327,429.5452575683594,7842234
2024-12-09,429.86430754264455,430.3201724154078,422.0693273870647,423.8927001953125,12154116
2024-12-10,424.25741035905713,425.26027264301655,421.75022575488975,424.34857177734375,9163636
2024-12-11,425.94403586168113,426.8557367471317,423.6647980951895,424.1662292480469,7005617
2024-12-12,424.39416334324943,426.5822107292306,418.60487878705237,419.9268493652344,13380617
2024-12-13,419.3798443995844,432.508273854474,411.76718663458706,428.4967956542969,32976794
2024-12-16,428.7247082387903,432.50826838863884,426.67341734781934,428.58795166015625,9354160
2024-12-17,428.4967870668491,433.7846117539849,422.1605049160377,428.0865173339844,20608409
2024-12-18,430.9583919205292,431.9612542626298,425.67053815077026,428.9526672363281,12841386
2024-12-19,427.5851137017342,432.46269786421396,424.2118519899155,425.3514709472656,15161531
2024-12-20,425.3058484782107,426.17198310137036,418.74164832844355,423.6192321777344,20231570
2024-12-23,429.590821673927,435.5168338433801,426.3086928429072,432.3714904785156,19562956
2024-12-24,432.96411751939024,437.84167265770424,430.9127976719345,436.20062255859375,12009880
2024-12-26,438.11519966716565,439.3004137906353,433.9669935764291,434.8330993652344,9188830
2024-12-27,437.38582931183106,439.3459877026604,433.96697258814555,436.3373718261719,16906420
2024-12-30,438.2975495010603,438.93573727333114,433.96699168167027,434.8786926269531,13578360
2024-12-31,436.20060946013535,441.853137660656,432.6449962031207,440.9414367675781,13787501
2025-01-01,443.08393393717887,443.8588782795,439.57391571135923,441.2149658203125,18931186
2025-01-02,442.49133193531964,446.7306992540878,439.7106629516162,445.8645935058594,27131131
2025-01-03,446.9586213713376,447.6424042811121,437.47699542332975,439.0724792480469,38500784
2025-01-06,431.36547703293587,437.18833703154587,417.77878443999913,419.10430908203125,22009958
2025-01-07,421.8027268642203,423.7910283252627,416.7373011331246,417.63677978515625,14294780
2025-01-08,419.43569096537107,428.0042866384456,413.84953291421215,425.63726806640625,13482926
2025-01-09,425.4952737464954,436.1468578467629,422.32346292445044,426.1580505371094,19732649
2025-01-10,426.01601399088287,427.95695766150703,418.96228709118776,421.234619140625,9145729
2025-01-13,411.8612119173213,420.3824783707832,411.8612119173213,415.6957702636719,17799607
2025-01-14,417.54207605782796,418.0154797721792,412.6660235788637,413.3761291503906,18048459
2025-01-15,413.37613709061446,418.2995184778754,412.19262778200317,414.08624267578125,9786805
2025-01-16,414.74900410675934,416.0745576911416,408.1687094723871,409.82562255859375,15774070
2025-01-17,409.96764249427747,418.2995368348359,409.4942387500577,416.78466796875,11270061
2025-01-20,415.6484405775987,417.7314283751026,412.8080184324215,414.4176025390625,8742771
2025-01-21,414.7016486258057,423.2229153783908,412.0979282291825,414.27557373046875,15686500
2025-01-22,416.50058809880306,418.4415606921262,413.32877738816876,413.7548522949219,9619648
2025-01-23,411.8612574711563,418.3468945458208,411.00913651041515,416.78466796875,8888248
2025-01-24,416.0271805454013,421.32930795242055,415.69579216478695,418.11016845703125,9665384
2025-01-27,417.3526892479191,421.3292918750087,413.3287578086634,416.68994140625,10480203
2025-01-28,416.59528541451135,418.2995272971351,411.3878443468299,412.2873229980469,20813072
2025-01-29,412.76071636128813,414.2282563403287,407.221887040512,410.29901123046875,15158510
2025-01-30,409.9676410136649,414.701678438765,408.50010096959244,412.9974365234375,22496695
2025-01-31,413.2814379814617,424.3590963304251,411.9559133750371,423.6963195800781,13546181
2025-02-03,437.4250476268326,440.4548430642073,428.24100368388565,430.1819763183594,16991730
2025-02-04,433.63782972847304,435.8628331052791,424.87986045993944,430.9394226074219,18923681
2025-02-05,430.9393889625346,431.6021657104411,422.7495106053608,424.3117370605469,12836283
2025-02-06,426.06336046890937,426.06336046890937,414.8910439076552,417.63677978515625,17469129
2025-02-07,416.59528946296075,421.8027305812478,405.6123169619012,407.9320068359375,18875982
2025-02-10,404.2867622150675,410.25163731299205,403.8133585122395,404.47613525390625,12227140
2025-02-11,405.9910391677168,407.64795227119043,395.2921261144242,396.049560546875,14288751
2025-02-12,397.34792371808146,397.97305679084684,392.01021063862936,394.22222900390625,13884574
2025-02-13,394.27031475204564,398.1173234410263,393.35663844827394,394.0298767089844,12989029
2025-02-14,396.0014661827297,400.2812751894459,392.77959046029304,394.558837890625,14124236
2025-02-17,394.12603937418936,395.6648487625189,391.1927069076455,392.9719543457031,11975265
2025-02-18,392.39491018757707,395.1359099155748,388.54790126416947,389.7500915527344,12998403
2025-02-19,389.3172697473528,393.1642784577035,389.02875583421536,390.8560791015625,7079032
2025-02-20,384.65279872265523,388.45170224904115,381.0462280233567,386.6724548339844,15355585
2025-02-21,386.6724764914858,387.8265909200422,383.93150608677536,385.56646728515625,8240986
2025-02-24,384.700874956215,387.97082652327333,383.4986847219768,386.5281982421875,7037625
2025-02-25,386.62438730224534,391.43314833834296,385.1817589914161,389.3653869628906,15760891
2025-02-27,389.3654104380863,390.9522958056036,384.2200299491726,386.2397155761719,19051003
2025-02-28,383.73912917511376,387.10526188717614,377.1992259318174,379.8921203613281,31954776
2025-03-03,380.8057848257319,383.7391172146777,376.23746200174764,382.2484130859375,10702826
2025-03-04,380.2768157418011,382.00798731989397,377.82435936077115,379.74786376953125,13404774
2025-03-05,379.4112349821189,396.9632122658291,379.4112349821189,389.5577087402344,15665018
2025-03-06,393.5009194323491,394.0299007695933,385.22984437591543,390.1828918457031,17869996
2025-03-07,388.11510203965406,390.3271497866334,386.33588388818345,388.45172119140625,11180761
2025-03-10,385.7107105996322,391.2888910064267,385.0855775356017,389.5096435546875,9785018
2025-03-11,386.1435403860541,392.77962524740065,385.8550264422196,390.6637878417969,11099475
2025-03-12,390.85607392496263,397.4921579923581,388.547874599392,396.6265869140625,13844306
2025-03-13,397.2036849356402,398.55013223484355,392.5872858097,396.2900085449219,8196569
2025-03-17,397.20363838043716,400.32933287132437,391.43312547418384,392.3468017578125,5257805
2025-03-18,394.31842149451984,396.1938501173774,392.1544789375377,393.4528503417969,13861897
2025-03-19,394.3184059049263,395.0397200620695,387.20144542451675,387.63421630859375,12830387
2025-03-20,389.50964497469676,391.0965302508203,386.5282072542035,388.49981689453125,16994037
2025-03-21,390.4233291082126,391.9140333230442,386.3358821349048,390.0386047363281,25302035
2025-03-24,391.4331323758087,397.05938842867533,390.08668521067875,395.1839599609375,14362572
2025-03-25,396.2419041658655,399.36759879824183,393.06813366389935,394.12603759765625,20338110
2025-03-26,394.60692684899476,395.47252733324694,390.71184207125464,391.769775390625,13891436
2025-03-27,392.3948763562974,394.99161889585264,390.1347529385877,393.7894287109375,18642328
2025-03-28,395.18398159578936,399.7042287729926,392.5391629889967,394.0779724121094,12981873
2025-04-01,394.1260406660441,398.55010666561213,390.08669902758044,391.0965270996094,15206240
2025-04-02,391.4812500970324,394.31843103609066,390.51949782621267,393.4047546386719,8001323
2025-04-03,391.4812095354885,394.51075235495847,391.1446197558559,393.7413330078125,7059566
2025-04-04,391.91401018990615,397.01128496266676,389.0287536731707,394.0298767089844,18627592
2025-04-07,375.2276160600784,392.49107984083315,375.2276160600784,390.51947021484375,26762866
2025-04-08,396.14571046934793,399.89653803876325,391.6735687769548,396.7708435058594,18600796
2025-04-09,397.20367078899557,403.02226003741157,395.5206043873473,400.37744140625,21785572
2025-04-11,403.9359315444841,406.292236218633,401.05067489059496,405.4266357421875,8939356
2025-04-15,412.78405461806295,412.78405461806295,402.97417047029376,404.32061767578125,11685880
2025-04-16,402.01244544834776,409.754539416005,402.01244544834776,408.21575927734375,13034594
2025-04-17,408.7446879057106,411.48568756526555,405.4266310519838,410.90863037109375,22410217
2025-04-21,411.6780349602343,412.6878924233474,405.3785695227371,406.67694091796875,27388236
2025-04-22,409.6583488347964,418.169832064902,407.3501201449234,417.0157470703125,32031936
2025-04-23,419.5163213012109,420.7185115509847,412.4474367624713,414.3709411621094,19566317
2025-04-24,415.3327035949578,419.372045323511,412.88021781478574,413.6015319824219,26064089
2025-04-25,413.60153406654683,416.1502009519827,407.10970652510946,411.4375915527344,22944377
2025-04-28,410.3315915600767,414.0343435923546,408.5042681552906,412.39935302734375,6287095
2025-04-29,412.49552702272155,413.16876532622075,408.7446991826447,409.7064514160156,11189930
2025-04-30,411.05290860172727,412.88023201920157,405.8594522861451,409.51409912109375,10026546
2025-05-02,407.87911477952554,414.99607520497585,407.87911477952554,413.07257080078125,9263372
2025-05-05,413.7938888263413,421.72834456792714,412.92831770641976,420.2376403808594,11525305
2025-05-06,420.7666029152538,422.834364350939,416.43871785669694,418.89117431640625,15026568
2025-05-07,416.823396791454,418.362206178502,413.2649312686502,414.6594543457031,9710361
2025-05-08,412.59168381124715,414.9960642530376,407.350122708005,414.1304931640625,19937960
2025-05-09,409.6583569091965,412.73594630577514,406.8211762096756,407.3501281738281,8226512
2025-05-12,413.072565475096,419.5163168862086,411.7741941489348,418.84307861328125,8031891
2025-05-13,418.2660177094136,421.1993794721109,409.08129611962823,411.53375244140625,14976369
2025-05-14,410.7643618513902,415.332684705315,409.6102474955229,412.6878662109375,9557309
2025-05-15,412.6878727466996,418.74689983509177,409.7064350721147,416.1020812988281,24263510
2025-05-16,418.26604202592637,419.51633754430964,415.573147502307,419.03546142578125,16402035
2025-05-19,418.362202884726,421.72833555161463,416.10207936688846,418.6988220214844,7543854
2025-05-20,420.28573786333305,423.9403847133091,416.3425477249801,418.26605224609375,9868414
2025-05-21,419.90103464370577,421.4398441006694,415.4769684613164,416.438720703125,5776672
2025-05-22,416.43869651769444,416.43869651769444,406.7249935694986,409.8026123046875,19451749
2025-05-23,417.40046939575757,422.20923056391143,412.59170822760365,419.61248779296875,18536884
2025-05-26,421.48791053602,426.58518556334417,420.0452822056058,425.9600524902344,13107662
2025-05-27,425.9600297748,427.2103252046928,414.37092787863105,417.30426025390625,26986022
2025-05-28,409.12572033536514,413.92513013654184,404.5221871211176,411.57440185546875,431851622
2025-05-29,413.337430183069,414.12099629331436,408.04828421108533,410.1541442871094,21478547
2025-05-30,410.49697001748797,411.4274510468685,407.85238205791916,409.468505859375,30656239
2025-06-02,409.7133679967952,411.8192579553598,406.0403458241328,410.6928405761719,14973380
2025-06-03,410.3990201585084,413.04360813984886,407.1177809642176,408.39111328125,13216486
2025-06-04,408.586978384479,410.39900862513116,407.4116292300163,408.4400634765625,12598933
2025-06-05,409.9092587388879,412.30897842272395,407.2157092489669,410.4969482421875,13212523
2025-06-06,411.67231694542346,412.6517895338172,410.39901453696416,412.40692138671875,8774988
2025-06-09,413.33744096123485,414.9046031137218,411.86823204786555,414.3658752441406,10473123
2025-06-10,415.78612073411426,419.75297282706833,414.3658735007135,418.23480224609375,13041075
2025-06-11,419.2142518774774,419.312205110815,416.12891931968926,417.4022216796875,20789182
2025-06-12,418.2347759328376,418.43068239792314,410.9376935297822,412.3579406738281,18508835
2025-06-13,406.48111231744474,410.7418239308055,405.01190347774315,405.4036865234375,17873926
2025-06-16,406.4321620890675,410.30106087453294,404.7670467340719,409.6154479980469,7006629
2025-06-17,409.5174909056936,410.44797192026425,407.1667626963428,408.83184814453125,9028406
2025-06-18,408.4400661979771,409.86031339660474,406.3831678000489,407.3626403808594,8036215
2025-06-19,407.11778041824044,409.66441515775824,406.2852227295919,407.4606018066406,12601006
2025-06-20,407.46057840418473,410.8887323090276,407.46057840418473,409.9582214355469,13203184
2025-06-23,408.4400574370469,408.9297937169475,403.2978264980913,405.4036865234375,14839890
2025-06-24,408.3421256239387,412.0151479158747,405.25679287693885,405.844482421875,16690068
2025-06-25,407.85236743319786,409.5664444107915,406.5790650634376,407.80340576171875,9946718
2025-06-26,408.635961243395,412.25999175637196,407.70545036119364,411.67230224609375,13703918
2025-06-27,412.3579493645105,413.3374219283217,409.2236252038625,410.0561828613281,21409935
2025-06-30,411.18257641188427,412.1130873177171,407.26468609870335,407.9013671875,12317124
2025-07-01,408.4400629554616,410.25209319380195,406.38316457386264,406.5790710449219,13670465
2025-07-02,408.3421042433258,408.3421042433258,403.2488648665335,404.47320556640625,15990899
2025-07-03,405.5016414226337,407.4605865502793,402.80809187212105,404.864990234375,14185298
2025-07-04,406.383156862037,406.48111009570783,403.2978242937535,404.0813903808594,8256733
2025-07-07,404.52218073930493,408.63597758463175,403.54270814671577,407.6075134277344,6845218
2025-07-08,407.60752214922184,409.5175057020906,406.1383132289018,408.635986328125,6807192
2025-07-09,407.65649685248883,411.6723104890166,406.9218924227146,410.83978271484375,9930533
2025-07-10,411.67231432927395,411.67231432927395,407.8523772370402,408.29315185546875,6220360
2025-07-11,408.44007762067145,409.4685119028319,406.9708687083669,408.2441711425781,8578844
2025-07-14,408.4890354163033,411.3295298660291,407.9992991168515,410.7908020019531,6896989
2025-07-15,412.26001519971453,413.72922411339215,410.3990232206159,413.4353942871094,8532755
2025-07-16,413.43538226908703,416.7166213924788,411.67231368924485,415.8840637207031,9780773
2025-07-17,417.05940633871836,417.1573595734722,414.3168951123935,415.2474060058594,7240795
2025-07-18,416.4717411939595,416.4717411939595,411.4764251990089,414.072021484375,6730256
2025-07-21,413.3374323697135,414.0720368111289,409.8113250726935,411.4764404296875,4822343
2025-07-22,411.47644544690354,411.77027527059994,406.6770356826959,407.4606018066406,9869507
2025-07-23,408.53801949465566,409.32158560296745,405.5016485154682,406.4321594238281,12196187
2025-07-24,407.3136721952123,407.3136721952123,401.04505375648824,401.5347900390625,9005157
2025-07-25,401.58375275125957,401.8286208931811,399.3799394739661,400.9960632324219,5824089
2025-07-28,402.36732868040224,402.41632024466196,400.21250691352043,401.4858093261719,8123337
2025-07-29,401.5837527990323,402.9550084157297,399.62480766342725,400.0655822753906,6811772
2025-07-30,400.60428786940514,400.898117688896,397.4210019633524,399.2330322265625,10915863
2025-07-31,397.61690837848414,405.50165074201533,397.2250954310459,403.4937438964844,19364174
2025-08-01,403.9344853107258,410.74183168633,403.34679578552243,407.9013671875,14324065
2025-08-04,411.57439098396185,413.8271659664987,406.5790748366726,408.29315185546875,18352458
2025-08-05,408.6359688485212,409.37057327725813,404.522172091142,405.6485595703125,8495104
2025-08-06,405.6485541142926,406.4811117672226,402.07348525408406,403.5426940917969,9080543
2025-08-07,403.542701181929,406.2362507650608,403.1998798022133,405.10986328125,11514878
2025-08-08,405.40370450279846,406.82395173394906,404.4732234643995,405.99139404296875,9814361
2025-08-11,405.99138530914485,408.4400667645679,405.5016490180602,408.29315185546875,8514272
2025-08-12,408.44005694659893,411.1825681542966,406.77494164048437,407.80340576171875,13635738
2025-08-13,408.6359804112558,408.92981023461243,405.1098730753178,405.599609375,10874910
2025-08-14,405.74650902132066,406.5300751148795,402.563223193151,403.0039978027344,9580361
2025-08-18,404.5221643400549,405.207807083524,396.5394690122968,397.9596862792969,30950814
2025-08-19,398.00869038492266,400.99606980890684,396.19666012675947,400.7022399902344,16681331
2025-08-20,400.7022224165175,401.82860986020313,397.1271536208501,397.7148132324219,18188129
2025-08-21,397.7148339521601,398.49842996029514,395.07027588892424,397.22509765625,15028966
2025-08-22,397.6658518940437,398.1555881648492,389.34033529035065,390.1239013671875,13087624
2025-08-25,390.8095528920783,392.327723409267,388.1160033420702,391.1523742675781,10440286
2025-08-26,391.1033999896865,397.07818887017044,390.22188062167817,395.0702819824219,13715752
2025-08-28,396.19667011274,396.19667011274,391.78904337477377,392.6705627441406,12471719
2025-08-29,393.74798505781916,402.02454048128317,393.6500318196282,401.3388977050781,25255050
2025-09-01,401.3388884886885,401.77966310485994,396.68639374720885,397.5189514160156,12268090
2025-09-02,398.20457570023547,399.4779080217149,396.14770714215564,398.4004821777344,19808255
2025-09-03,400.114535268611,404.76702986475766,398.9391562562904,403.2978210449219,12936588
2025-09-04,415.24741259106247,418.2347920060821,406.4811210363561,407.3626403808594,27274123
2025-09-05,408.3421103092152,408.4400635448862,396.09870312861307,398.9881591796875,16000675
2025-09-08,399.08612816526716,402.1224693529809,398.44944705384466,399.1840515136719,7419022
2025-09-09,400.1145503991436,402.51427018540727,399.0371245789613,401.6327209472656,8825896
2025-09-10,402.56322964572416,405.2078175633528,400.555322816839,404.5711364746094,9252397
2025-09-11,404.5711451336769,408.1462440335788,403.9834854870758,406.53009033203125,8274406
2025-09-12,406.82393698895356,408.48902241943284,404.37525556960406,405.25677490234375,7803379
2025-09-15,404.5711348581344,405.7954755760093,403.29783246799684,404.1793518066406,5707331
2025-09-16,404.7180704209207,405.8444578774336,403.54269140213233,404.6201171875,8239087
2025-09-17,405.45267306623015,406.08932424399245,399.6737611220478,400.8981018066406,14113882
2025-09-18,402.90605212943706,404.5711375822802,401.68171140331816,403.1019287109375,15647808
2025-09-19,403.101917268776,404.13038138420126,400.55531254363956,402.22039794921875,19505321
2025-09-22,402.2204050878021,402.56322646569487,397.7148252853857,398.59637451171875,8930779
2025-09-23,398.7433075819584,399.7227801970498,393.8459445065011,394.9233703613281,14936357
2025-09-24,394.9233452248436,396.34356249165154,392.4746638429711,392.76849365234375,12380865
2025-09-25,393.209287397003,394.7274579712088,389.83009496908466,391.8869934082031,22006368
2025-09-26,391.8869695711551,397.5678983516164,391.59310987422305,396.7843322753906,14414044
2025-09-29,398.5473763816621,399.6248021696593,394.9233458652918,398.89019775390625,19717660
2025-09-30,398.4004591506758,398.4004591506758,392.1808024887207,393.30718994140625,9465490
2025-10-01,394.0907925326749,397.665861416941,391.5441578852763,397.2740783691406,17643039
2025-10-03,396.58845248171,397.1761420239669,394.04181772601805,396.0007629394531,16987141
2025-10-06,394.7274338215943,395.60895312981853,391.5931097355416,392.52362060546875,13989077
2025-10-07,394.237727666254,394.3356809060124,391.29930982029435,391.5931396484375,12298968
2025-10-08,391.7890270774703,393.5031040709342,389.8300819420829,391.5441589355469,8402463
2025-10-09,390.80955123133737,393.1602793958562,390.7605895598157,391.6910705566406,15656267
2025-10-10,392.22981845621223,395.5600193505022,391.299307520674,394.53155517578125,15085738
2025-10-13,391.78901724913896,392.71952812155763,390.36877010515894,391.0544128417969,9508594
2025-10-14,391.78901770158024,392.6215753424221,388.0670339898672,388.6546936035156,10291102
2025-10-15,389.83007867186035,392.62158144459596,389.0954742522526,391.6910705566406,16043867
2025-10-16,392.7685077269394,397.665870666178,391.3482605181077,396.83331298828125,22962049
2025-10-17,397.0292043259007,405.35472100520315,396.9312510926241,403.6896057128906,21071344
2025-10-20,404.0814001855026,406.3342050500721,402.85705946273583,404.5711364746094,13083621
2025-10-21,405.0119258790611,405.4527005118031,403.88553835121513,404.3752746582031,1142130
2025-10-23,407.46058276503413,411.8192475900064,405.0608630495091,407.41162109375,24305990
2025-10-24,407.411643338511,409.3705885549171,404.96296181800335,408.2441711425781,14935678
2025-10-27,408.4400677633165,414.02307345178554,408.048284707717,412.01513671875,11603679
2025-10-28,411.86822898071654,412.9946164943518,407.3626490350436,409.32159423828125,17163147
2025-10-29,409.61544737952806,413.53333772312516,407.5095574069397,412.9456481933594,11470661
2025-10-30,412.94564712794636,413.04360036450976,407.60750959211543,410.1541442871094,12938674
2025-10-31,411.8682283883677,417.64711075138126,409.615453364337,411.7213134765625,18599864
2025-11-03,411.3295333977877,412.9946188955417,404.816016646247,405.45269775390625,7635440
2025-11-04,405.50163308974254,405.99136936159005,399.96761919609156,400.5063171386719,10085404
2025-11-06,401.58375221673697,404.8159997293463,398.20455990626584,399.13507080078125,10095563
2025-11-07,397.71483508178255,400.70224442999825,394.82540886238485,395.7558898925781,8411611
2025-11-10,395.75588876851964,398.7432981082502,395.3641057100178,397.22509765625,6650003
2025-11-11,397.6658554399186,399.673762211673,396.2945998476621,398.4984130859375,12005318
2025-11-12,399.624797249309,399.7227504817627,397.22507756427666,398.64532470703125,7987236
2025-11-13,398.64534219930255,399.1350784919307,396.1966607361619,397.3720397949219,6617185
2025-11-14,396.3925660411311,400.3594180432725,391.8869861840081,399.771728515625,64020258
2025-11-17,401.3388824449565,403.542695710365,397.6658603359422,398.7432861328125,7855399
2025-11-18,399.8696796229581,401.3878501610938,396.2456191310374,397.5189514160156,7661681
2025-11-19,396.5394760749311,397.2250889394812,394.5315393710832,395.2661437988281,7882450
2025-11-20,395.2661449461201,398.64533728000737,394.97231513062155,397.1271667480469,6693410
2025-11-21,396.68640238950724,400.1145564842314,396.39257256641207,399.4779052734375,5808131
2025-11-24,400.01659174313806,400.4083747930425,394.580530934278,395.2661437988281,11037491
2025-11-25,395.26615093538965,396.1966618504526,391.8869884414304,392.5726013183594,8199785
2025-11-26,392.7685066776832,395.6579627605675,392.71954500487413,394.04180908203125,11443953
2025-11-27,395.21719681053185,397.61691665344256,393.8459411393536,396.0007629394531,8679529
2025-11-28,396.0007438980914,396.68638664627787,394.23770524722676,395.9517822265625,6883500
2025-12-01,394.5315350586607,397.17612292608806,390.025985197311,395.9517822265625,13442658
2025-12-02,395.95179101910213,397.1761317458155,392.27876883896204,392.71954345703125,8093808
2025-12-03,393.45415715794644,393.94389346016385,390.66265425708065,392.2787780761719,10772192
2025-12-04,391.8869716290837,395.26613397807347,390.85850752111554,394.7763977050781,8057989
2025-12-05,394.7763988983853,397.0292036956514,393.7479646784384,396.6374206542969,4419747
2025-12-08,396.6374353457986,396.93126516491554,392.32773205787674,394.04180908203125,6056866
2025-12-09,393.7479852919042,396.19666679247575,391.78904009144696,392.8174743652344,9426717
2025-12-10,392.86645232636994,396.09869983875063,392.7684990915125,394.8743591308594,6969146
2025-12-11,394.8743542225189,395.70691187176226,392.86644744298803,394.6294860839844,6980147
2025-12-12,394.62950473294,395.7069305716336,391.6421252580969,391.8869934082031,12407516
2025-12-15,391.8869873292014,395.07027323120263,391.29929779983655,394.04180908203125,7756564
2025-12-16,393.16027238279855,397.4209839187486,392.81745101487064,393.4541320800781,12347384
2025-12-17,392.76851874327417,394.8254172136723,390.9075267523928,391.5931396484375,8087490
2025-12-18,391.7890335950218,393.69901709025,391.6421186856499,392.1808166503906,7227668
2025-12-19,392.0339082415041,394.38463650382647,392.0339082415041,392.8174743652344,10654835
2025-12-22,393.35619843948285,395.3641052941498,392.96441538139317,394.4336242675781,6847871
2025-12-23,394.2377112153877,400.50632971362984,393.5520684568217,398.9881591796875,10081997
2025-12-24,399.5758645628573,401.09403515706003,397.323059617528,398.2535705566406,5777430
2025-12-26,398.1556179415121,398.7922691629462,395.5600214903535,395.8538513183594,3152453
2025-12-29,395.80487169747335,396.4904845621106,393.2092753640043,394.3356628417969,6647710
2025-12-30,394.7274371230106,395.1682117263742,392.0828492850893,392.376708984375,12340527
2025-12-31,392.8664555965065,395.462051940615,392.62158745289,394.7274475097656,9945109
2026-01-01,394.4336191525785,394.4336191525785,355.2547160290497,356.381103515625,282626710
2026-01-02,352.6101130575833,352.6101130575833,338.1628931475851,342.8643493652344,118790358
2026-01-05,343.0113122216596,346.68433442609853,338.9464770691755,342.5215759277344,48358124
2026-01-06,343.06028462397126,343.50105925874186,330.816876892923,335.42041015625,72582738
2026-01-07,335.9591026893029,337.4772732668689,332.33504210325714,334.2450256347656,29440734
2026-01-08,334.48988067886347,338.06494956001615,332.09016094008854,333.9021911621094,36706319
2026-01-09,333.9022093273418,334.0001625673181,329.20075271979715,330.22918701171875,35193201
2026-01-12,331.306606816801,332.5309475663088,328.9068869913131,331.4535217285156,16156143
2026-01-13,332.0412186059658,332.5309549165941,326.8500256697591,327.8294982910156,24922339
2026-01-14,329.1027892200336,329.1027892200336,326.6051460797269,327.8784484863281,14913422
2026-01-16,330.5719932075216,330.5719932075216,321.805701727492,322.4423828125,30526898
2026-01-19,323.22593594715954,327.7804772481891,320.58134815114005,326.3602600097656,15507440
2026-01-20,327.1928108616433,327.6335854891576,318.81833206792464,319.6018981933594,18771011
2026-01-21,319.3080504008492,322.54029785029536,317.6919266761261,318.0837097167969,14177965
2026-01-22,319.4060118581559,321.9526465247838,314.4596574325432,318.1816711425781,18622852
2026-01-23,318.86727355776696,319.69983119529894,316.0758007306446,316.76141357421875,11950089
2026-01-27,316.95731824004827,318.034744006556,311.32535116493864,312.1089172363281,47847784
2026-01-28,313.38226801086364,317.0552902337236,312.7945784769798,314.5576171875,28400238
2026-01-29,315.97785732428986,315.97785732428986,311.52123919238704,312.0599670410156,17719420
2026-01-30,312.25583980702623,318.4754965339916,309.95410320661756,315.5370788574219,41975824
2026-02-02,303.09778990932085,308.92563359629287,295.8007075190383,308.2400207519531,35227572
2026-02-03,314.60661217674976,318.08372796245794,305.2036692056378,310.1499938964844,33168353
2026-02-04,312.5,314.95001220703125,311.3500061035156,313.8500061035156,11196759
2026-02-05,313.95001220703125,315.3500061035156,309.29998779296875,310.20001220703125,15816704
2026-02-06,310.0,327.70001220703125,308.29998779296875,325.79998779296875,68057745
2026-02-09,327.95001220703125,328.70001220703125,321.6499938964844,322.79998779296875,20059198
2026-02-10,323.0,323.54998779296875,320.75,321.3999938964844,11489090
2026-02-11,321.95001220703125,322.20001220703125,316.29998779296875,318.25,24843366
2026-02-12,317.29998779296875,320.3999938964844,316.8999938964844,317.45001220703125,13294561
2026-02-13,316.0,318.3999938964844,313.25,313.75,8730618
2026-02-16,313.75,318.25,313.1499938964844,317.95001220703125,11693763
2026-02-17,318.45001220703125,328.04998779296875,318.1499938964844,325.45001220703125,39360672
2026-02-18,326.0,332.95001220703125,324.79998779296875,332.45001220703125,35473203
2026-02-19,334.04998779296875,334.25,325.0,326.0,19911747
2026-02-20,325.04998779296875,327.8500061035156,325.04998779296875,327.0,11282027
2026-02-23,327.0,328.1000061035156,324.3999938964844,325.3999938964844,13486092
2026-02-24,324.0,325.3999938964844,322.04998779296875,323.5,13135859
2026-02-25,325.5,326.6000061035156,318.1000061035156,319.75,13492101
2026-02-26,320.0,321.3999938964844,317.6000061035156,318.29998779296875,11270119
2026-02-27,316.0,317.75,312.6499938964844,313.6000061035156,13892595
2026-03-02,307.0,315.75,307.0,314.8999938964844,22194311
2026-03-04,310.6000061035156,315.5,310.5,311.95001220703125,24165489
2026-03-05,312.20001220703125,313.6000061035156,308.20001220703125,311.5,19938009
2026-03-06,310.04998779296875,312.29998779296875,309.20001220703125,309.70001220703125,21288269
2026-03-09,305.0,307.20001220703125,303.6000061035156,306.0,14084931
2026-03-10,309.0,310.0,303.75,309.04998779296875,18352950
2026-03-11,309.04998779296875,310.6499938964844,307.70001220703125,309.0,14842485
2026-03-12,307.04998779296875,308.0,302.8500061035156,304.1000061035156,23319679
2026-03-13,304.0,306.0,300.6499938964844,301.45001220703125,25659996
2026-03-16,302.54998779296875,309.45001220703125,302.0,308.25,37472204
2026-03-17,309.95001220703125,309.95001220703125,304.04998779296875,304.8500061035156,25649286
2026-03-18,305.8999938964844,306.95001220703125,303.5,304.04998779296875,16702554
2026-03-19,301.5,305.5,297.1000061035156,298.0,17851126
2026-03-20,301.04998779296875,308.75,298.1499938964844,299.95001220703125,58679529
2026-03-23,298.8999938964844,299.0,289.54998779296875,290.45001220703125,31788160
2026-03-24,295.95001220703125,296.0,288.75,291.25,33335721
2026-03-25,292.70001220703125,298.5,292.25,295.70001220703125,26184716
2026-03-27,294.70001220703125,296.8500061035156,291.54998779296875,294.70001220703125,22179022
2026-03-30,293.6000061035156,294.45001220703125,287.0,287.70001220703125,24586921
2026-04-01,293.0,294.45001220703125,290.8999938964844,291.70001220703125,18604340
2026-04-02,290.25,293.6499938964844,288.3999938964844,292.8500061035156,18082775
2026-04-06,293.0,295.3500061035156,290.25,294.8500061035156,18047063
2026-04-07,294.1499938964844,299.0,292.75,298.45001220703125,26963485
2026-04-08,303.8999938964844,304.6000061035156,301.54998779296875,302.45001220703125,22310207
2026-04-09,301.5,304.3999938964844,301.25,303.0,17691477
2026-04-10,303.0,305.3999938964844,302.6000061035156,304.25,17744386
