date,open,high,low,close,volume
2001-07-02,0.4436475932598114,0.457035494284908,0.4431859196768117,0.4436475932598114,554000
2001-07-03,0.4570355310069114,0.4570355310069114,0.43856943921793295,0.443185955286026,387600
2001-07-04,0.4478024980074011,0.45241901406659385,0.44087769640200564,0.44687917828559875,246800
2001-07-05,0.4524190003255968,0.4565738701559987,0.44318594097103403,0.44595587253570557,313500
2001-07-06,0.4478024988707253,0.4478024988707253,0.43395292314983996,0.443185955286026,589000
2001-07-09,0.4385695018380041,0.4478025628091164,0.43395298511075303,0.4394928216934204,710900
2001-07-10,0.4344145142266481,0.44318589914828704,0.4247198372149852,0.43210625648498535,473000
2001-07-11,0.45703554056165224,0.45703554056165224,0.424719899892807,0.424719899892807,388900
2001-07-12,0.42933641605741246,0.433952932222018,0.424719899892807,0.424719899892807,177000
2001-07-13,0.42471993275644365,0.44226270654599786,0.4154868721961975,0.4154868721961975,400000
2001-07-16,0.41548685983116096,0.42471992011662796,0.41087034344673157,0.41087034344673157,209500
2001-07-17,0.4062537303497916,0.4247198190080918,0.4062537303497916,0.41687172651290894,448900
2001-07-18,0.4154868288453681,0.41964169878481816,0.3887110248058955,0.41456353664398193,304000
2001-07-19,0.41271694731500963,0.4154868515873873,0.4071771387702543,0.41133198142051697,345500
2001-07-20,0.40625381570866453,0.4150252020972668,0.40209894557547327,0.40256059169769287,285300
2001-07-23,0.38455614363028,0.40625378489494324,0.38455614363028,0.40625378489494324,10500
2001-07-24,0.32777295175697163,0.40163729325311254,0.32777295175697163,0.36886000633239746,470600
2001-07-25,0.36701337299074716,0.3914809183490478,0.3573186675551076,0.3845561444759369,723900
2001-07-26,0.38778766989707947,0.39101924734188526,0.375323088726467,0.38778766989707947,372400
2001-07-27,0.3873259802631909,0.3924041688884912,0.37947791559670946,0.39055755734443665,470300
2001-07-30,0.37024495231422627,0.3900960108387409,0.37024495231422627,0.3827095627784729,339200
2001-07-31,0.379016284713469,0.39240421303488826,0.379016284713469,0.38778766989707947,277600
2001-08-01,0.3882493940073707,0.3970207803326727,0.3877877203718754,0.3919425904750824,448500
2001-08-02,0.38871101901156513,0.392404242795269,0.3831711833360094,0.38963431119918823,186700
2001-08-03,0.39702071932185057,0.39840565746568907,0.3877876607799125,0.39748236536979675,466800
2001-08-06,0.39702078700065613,0.39932904515047096,0.39702078700065613,0.39702078700065613,10110100
2001-08-07,0.39702078752648884,0.40163730383223284,0.3924042712207449,0.39517417550086975,632600
2001-08-08,0.3979440787317635,0.4039455609200501,0.3933275624381916,0.3988673985004425,277000
2001-08-09,0.39702074069231513,0.40071393679128137,0.39702074069231513,0.3997906446456909,194800
2001-08-10,0.3984057253805804,0.40117565717364434,0.39702078700065613,0.39702078700065613,138400
2001-08-13,0.4062538195999154,0.4062538195999154,0.39702078700065613,0.39702078700065613,108500
2001-08-14,0.40163730330028574,0.4039455614501006,0.39702078700065613,0.39702078700065613,393100
2001-08-16,0.39702080046595223,0.4053305410937605,0.39702080046595223,0.3979440927505493,421400
2001-08-17,0.39702078700065613,0.40163730330028574,0.39702078700065613,0.39702078700065613,398500
2001-08-20,0.39702078700065613,0.4007139835303952,0.39702078700065613,0.39702078700065613,78500
2001-08-21,0.39702078700065613,0.40117565717364434,0.39702078700065613,0.39702078700065613,174500
2001-08-23,0.3960974672307656,0.4002523374037538,0.3960974672307656,0.39702078700065613,320500
2001-08-24,0.39702078700065613,0.39932904515047096,0.39702078700065613,0.39702078700065613,284800
2001-08-27,0.39702074874450993,0.40117561851714295,0.39702074874450993,0.3993290066719055,279400
2001-08-28,0.39702071932185057,0.3993289770781843,0.39702071932185057,0.39748236536979675,258000
2001-08-29,0.40163723483451813,0.40163723483451813,0.39702071932185057,0.39748236536979675,133100
2001-08-30,0.39702078700065613,0.39932904515047096,0.39702078700065613,0.39702078700065613,100800
2001-08-31,0.39702080046595223,0.40163731692215493,0.39702080046595223,0.3979440927505493,362200
2001-09-03,0.40486888941961663,0.4062538554383258,0.39702082202455796,0.3984057605266571,351000
2001-09-04,0.4196417223721629,0.4196417223721629,0.39702078700065613,0.39702078700065613,105100
2001-09-05,0.39702078700065613,0.39932904515047096,0.39702078700065613,0.39702078700065613,247800
2001-09-06,0.40533052734663255,0.40533052734663255,0.39702078700065613,0.39702078700065613,377000
2001-09-07,0.39702082202455796,0.40071401888009905,0.39702082202455796,0.3984057605266571,246200
2001-09-10,0.39702078700065613,0.4007139835303952,0.39702078700065613,0.39702078700065613,266400
2001-09-11,0.39702078700065613,0.4002523374037538,0.39240427070102646,0.39702078700065613,1542500
2001-09-12,0.38409443052471504,0.38409443052471504,0.33238941738098815,0.34854722023010254,1187800
2001-09-13,0.35547199287972303,0.3591652159661608,0.34854722023010254,0.34854722023010254,359100
2001-09-14,0.3485472769070678,0.3485472769070678,0.2908407737434261,0.2963806092739105,530700
2001-09-17,0.27699130829190477,0.27699130829190477,0.24467563272733828,0.2520620822906494,1470800
2001-09-18,0.24883044816007735,0.3023820854687685,0.2400590618998838,0.2968422770500183,784300
2001-09-19,0.2963806170411963,0.34069919238011465,0.29591894343076974,0.33008119463920593,750200
2001-09-20,0.3323893918152991,0.33700590655996737,0.3046902758306908,0.3190014660358429,482600
2001-09-21,0.3190015104695423,0.383171134895131,0.3190015104695423,0.3490088880062103,1705000
2001-09-24,0.38686441642586467,0.38686441642586467,0.3508555524600615,0.36932164430618286,1149000
2001-09-25,0.36932164430618286,0.37116825624245564,0.36932164430618286,0.36932164430618286,858300
2001-09-26,0.3711682996929256,0.37763142846817727,0.36793672154699497,0.37024497985839844,645600
2001-09-27,0.37116825624245564,0.3831711925533191,0.36932164430618286,0.36932164430618286,346000
2001-09-28,0.37347650607130384,0.37393815216606935,0.36932163618520275,0.36978328227996826,463900
2001-10-01,0.36932164430618286,0.3702449365160161,0.36932164430618286,0.36932164430618286,321400
2001-10-03,0.37162990234737225,0.37209154845228887,0.36932164430618286,0.36932164430618286,243100
2001-10-04,0.36978328227996826,0.3716298941756361,0.36932163618520275,0.36978328227996826,239500
2001-10-05,0.3693216196916788,0.3730148433180788,0.3693216196916788,0.37255316972732544,173900
2001-10-08,0.3508555935326435,0.3739382041632879,0.3508555935326435,0.37024497985839844,881700
2001-10-09,0.36932168625127926,0.38501784821735374,0.36932168625127926,0.3739382028579712,333200
2001-10-10,0.3693216323964708,0.3776313720834265,0.3693216323964708,0.3771696984767914,194200
2001-10-11,0.3739381599488179,0.3785546760257677,0.36932164387186805,0.37116825580596924,195500
2001-10-12,0.3693216246393197,0.36978327071965306,0.34854727585827044,0.3577803075313568,212500
2001-10-15,0.34439243096947925,0.36008859145041405,0.343930784855812,0.3508555591106415,574600
2001-10-16,0.3420841390634313,0.36932161479277953,0.3420841390634313,0.3674750030040741,302100
2001-10-17,0.3647051341669158,0.36839833058303806,0.3513172042899246,0.35454878211021423,227900
2001-10-18,0.3527021324495634,0.35870361381970095,0.35085552068055154,0.35501039028167725,166100
2001-10-19,0.3550103690168644,0.3785546195074286,0.3471622763478089,0.3490088880062103,328500
2001-10-22,0.35547201964049036,0.36932159349896015,0.3517788237926206,0.3614735007286072,487400
2001-10-23,0.36008855584925226,0.37301483837019045,0.36008855584925226,0.3674750030040741,297000
2001-10-24,0.36932157938479365,0.36932157938479365,0.3605501948668352,0.36239680647850037,128200
2001-10-25,0.38686442495388434,0.38686442495388434,0.3656284284935318,0.36886000633239746,194000
2001-10-29,0.3716299045997541,0.37855467876529203,0.35778032875207166,0.360088586807251,190500
2001-10-30,0.3637818107021805,0.36470513043421615,0.3568570365366426,0.360088586807251,90500
2001-10-31,0.36008862479220055,0.3647051689061547,0.3536254960525961,0.35962697863578796,115000
2001-11-01,0.3554720819972177,0.3596269521319435,0.3513172118624918,0.3559337556362152,73000
2001-11-02,0.341622431955741,0.36008849151014916,0.341622431955741,0.3531637191772461,209200
2001-11-05,0.3508554830699644,0.36424338256440547,0.3508554830699644,0.3610118329524994,273800
2001-11-06,0.360088586807251,0.37024493876000386,0.35547207069689235,0.360088586807251,701500
2001-11-07,0.35639535571870995,0.3619351635049622,0.35547203607659866,0.3568570017814636,200600
2001-11-08,0.3476240153667635,0.36008859825433365,0.347162341727766,0.3559337556362152,664400
2001-11-09,0.36147349253088257,0.367474973482894,0.3554720115788711,0.36378175020217896,271500
2001-11-12,0.3670134182559045,0.3739381929830741,0.3610119358190473,0.36193522810935974,358400
2001-11-13,0.36008853508777944,0.36562837013448785,0.3563953392399097,0.3614735007286072,296800
2001-11-14,0.3693216111356092,0.38317115813885017,0.3665517072382818,0.3767080307006836,1007300
2001-11-15,0.44133930508234914,0.45241897570486655,0.40394550616031544,0.44734078645706177,4546300
2001-11-19,0.4616519592672057,0.4967374967246073,0.4616519592672057,0.48473453521728516,2839400
2001-11-20,0.4856579050152732,0.4893510733135997,0.4261047682232899,0.4616519808769226,1320500
2001-11-21,0.4279513426955849,0.48011800077407235,0.4265664047040781,0.465806782245636,850700
2001-11-22,0.4708850539224738,0.5355163304379889,0.46165202228214447,0.47365498542785645,4085200
2001-11-23,0.5059705865700842,0.5059705865700842,0.47550156072175087,0.479656457901001,1267400
2001-11-26,0.4962760798467617,0.4962760798467617,0.4708851809529551,0.4801182150840759,1033800
2001-11-27,0.48011800077407235,0.49396760082193975,0.4616519407545157,0.465806782245636,1060600
2001-11-28,0.4708850557994987,0.4708850557994987,0.4431859332514926,0.4445708990097046,670500
2001-11-29,0.43395289366943623,0.451957310615198,0.4293363779149642,0.44503253698349,761000
2001-12-03,0.4339528536047566,0.4662684884191255,0.4293363382765042,0.45842039585113525,1077900
2001-12-04,0.4510340143991318,0.4588821076208464,0.4478024644068167,0.45611217617988586,285700
2001-12-05,0.46211366291099715,0.46903843614724194,0.44457086552259967,0.45749711990356445,878500
2001-12-06,0.489351207075193,0.489351207075193,0.4478025570630711,0.4487258493900299,1729200
2001-12-07,0.4431859325812498,0.4556505418364926,0.4431859325812498,0.44826412200927734,756200
2001-12-10,0.4985842011376206,0.4985842011376206,0.44872576451389573,0.45565053820610046,1627200
2001-12-11,0.4482641851147305,0.4791948620506534,0.4408777367310655,0.45518895983695984,1351100
2001-12-12,0.4524190003255968,0.4648835823001971,0.444109260664793,0.44595587253570557,389500
2001-12-13,0.45703546407882667,0.4787330754148322,0.42933634420990985,0.4381077289581299,3128700
2001-12-14,0.4441092598004587,0.47088506308506556,0.44318594010849666,0.4676535129547119,2617800
2001-12-18,0.46257530802463803,0.4773482024708653,0.4487257607562066,0.46488356590270996,2737900
2001-12-19,0.46626855176134013,0.4708850677167426,0.45241900389513273,0.45657387375831604,1623200
2001-12-20,0.4616519891477614,0.46442192045433633,0.42933635320941044,0.45934373140335083,1577500
2001-12-21,0.5078172237063647,0.5078172237063647,0.43626114760822415,0.45611217617988586,1842300
2001-12-24,0.4154867141610197,0.45703540208708077,0.4154867141610197,0.44180089235305786,1392400
2001-12-26,0.45195730158243436,0.4708850378107658,0.44318591632092047,0.4510340094566345,661100
2001-12-27,0.44410924903368115,0.46165202007300143,0.44410924903368115,0.4538039267063141,1471700
2001-12-28,0.4339529125569172,0.46257532799037593,0.4339529125569172,0.45657387375831604,1731100
2001-12-31,0.5078172453982276,0.5078172453982276,0.4616520312650777,0.4676535129547119,838900
2002-01-01,0.4593437703839318,0.4695000943145777,0.44318593728527766,0.4533422887325287,1001000
2002-01-02,0.46165205346922045,0.48473463412939616,0.45103405535889696,0.4787331521511078,906000
2002-01-03,0.4708850513305666,0.4801180829200743,0.46996175917825767,0.47550156712532043,1032000
2002-01-04,0.4736550609823677,0.47550164559170544,0.46165209592201734,0.4671919047832489,676500
2002-01-07,0.4662685871653938,0.56090728150354,0.4662685871653938,0.5442878007888794,4134900
2002-01-08,0.5539824369937449,0.6532375800538343,0.5539824369937449,0.6172287464141846,6309400
2002-01-09,0.6370796113809599,0.6740117827049265,0.610303816063511,0.6250766515731812,8808900
2002-01-10,0.6315400293782376,0.649082801857276,0.6116889988107261,0.626000165939331,2331300
2002-01-11,0.6403113506590916,0.7294102287371877,0.6403113506590916,0.6661638617515564,10517700
2002-01-14,0.6915547826379342,0.7986580551329611,0.6915547826379342,0.7437214255332947,6884800
2002-01-15,0.7524927769725536,0.7654190319811239,0.7035576883805404,0.7114057540893555,3777800
2002-01-16,0.7289484699655684,0.7289484699655684,0.692477965541448,0.6929396390914917,2008000
2002-01-17,0.6980177567601166,0.7063274952354276,0.6740118884128201,0.6938629150390625,2409200
2002-01-18,0.6481593959990145,0.706327511644308,0.6481593959990145,0.6929396390914917,2212000
2002-01-21,0.692478082235973,0.7386432987250139,0.692478082235973,0.716484010219574,2101000
2002-01-22,0.7155606053963698,0.7571093023971966,0.7109440896221901,0.7252553105354309,3063200
2002-01-23,0.7389930763226988,0.748467394315163,0.7105702917584658,0.7200445532798767,3728600
2002-01-24,0.7290450926929462,0.7295187718585019,0.6916217280036497,0.696832537651062,2820600
2002-01-25,0.6854634370411096,0.6868845874590569,0.6442503572758822,0.6575143337249756,3625200
2002-01-28,0.6736205947856715,0.6736205947856715,0.6404606262260785,0.6489874720573425,1250500
2002-01-29,0.6622514892275312,0.6631989040517069,0.6352497996766916,0.6380921006202698,1086100
2002-01-30,0.6347761866306932,0.6366710164764467,0.588352234228105,0.6058796644210815,2531100
2002-01-31,0.6631988298827464,0.7271501421928406,0.6631988298827464,0.7271501421928406,3032500
2002-02-01,0.8725802957329858,0.8725802957329858,0.7484673718755963,0.7754690051078796,18120100
2002-02-04,0.7579416955983539,0.7911016126628687,0.7153074600443502,0.7427828311920166,7443500
2002-02-05,0.7285713159915606,0.7731003738938311,0.7100964742709956,0.7394667267799377,5976400
2002-02-06,0.7854168156523262,0.7854168156523262,0.7342557493434501,0.7423089146614075,3651000
2002-02-07,0.756046765442402,0.756046765442402,0.7105702878042758,0.7176759839057922,2321800
2002-02-08,0.7342560914742178,0.7513097881901093,0.7200446963679962,0.7356772422790527,3579800
2002-02-11,0.7361507005700552,0.78636430027411,0.7200444249710928,0.7764163613319397,5167200
2002-02-12,0.7678896310580401,0.80483926122886,0.7678896310580401,0.7749953269958496,5479700
2002-02-13,0.7768901596474869,0.8024706990046825,0.7579416370737353,0.7778375744819641,3893500
2002-02-14,0.7958386660207053,0.9190042296560192,0.7811535952076163,0.9024242162704468,21638000
2002-02-15,0.9464797153304939,1.0772246136781747,0.9114249110589941,0.9692179560661316,22982700
2002-02-18,0.9947982515327524,1.0336427645837194,0.9569012097043331,0.966375470161438,15193000
2002-02-19,0.9947982550212963,1.0042725155116252,0.8905813331566304,0.9028978943824768,8716600
2002-02-20,0.8545790715280331,0.9407948822055581,0.8545790715280331,0.9066875576972961,4776500
2002-02-21,1.0042723341960735,1.088119626045227,0.9578485113518513,1.088119626045227,29166700
2002-02-22,1.0885937392416272,1.181441525267599,1.0705925744833686,1.099962830543518,54909400
2002-02-25,1.099015224970376,1.1222271968771784,1.0184840114171165,1.0289056301116943,12440200
2002-02-26,1.0611181435361188,1.170072247202843,1.0421696234100952,1.1013838052749634,43210400
2002-02-27,1.1165428781454,1.1165428781454,1.0232212971917536,1.050696611404419,22841500
2002-02-28,1.0753298254779708,1.1274383829090238,1.0004830829013223,1.0279585123062134,35516400
2002-03-01,0.9569014612092537,1.1842839978275044,0.9569014612092537,1.1620194911956787,30851300
2002-03-04,1.203232172551398,1.394612431526184,1.1748093920050082,1.394612431526184,64728000
2002-03-05,1.468511801441457,1.6565760957463158,1.3950862226635943,1.557096242904663,128337400
2002-03-06,1.5348318736558535,1.675998554613757,1.4794073407015396,1.5300947427749634,153845300
2002-03-07,1.5537800131021002,1.6011514231434207,1.398401977909266,1.429193377494812,64930400
2002-03-08,1.4855654220405516,1.5011979631360528,1.3922438546091978,1.4201929569244385,50226400
2002-03-11,1.4561951088753762,1.4561951088753762,1.3363457074158591,1.3552942276000977,26840200
2002-03-12,1.3912966230699932,1.4107188249522298,1.2984487263220508,1.3230818510055542,57643700
2002-03-13,1.29797497302554,1.3988759748644406,1.29797497302554,1.3785063028335571,34485000
2002-03-14,1.3723481375577704,1.4841444470902787,1.3723481375577704,1.4140348434448242,58757100
2002-03-15,1.421140380219304,1.4580900626323277,1.3837170186806023,1.4235090017318726,33935400
2002-03-18,1.4457736220913497,1.458090183920216,1.3500834283350966,1.3590840101242065,12469600
2002-03-19,1.3737689474065649,1.3808745853774302,1.3169232789292464,1.3263975381851196,10957300
2002-03-20,1.364294967925537,1.364294967925537,1.2529722294270458,1.2780790328979492,11970500
2002-03-21,1.279973831500547,1.3169235170446416,1.2534458781991176,1.261025309562683,8329900
2002-03-22,1.2771312371901364,1.3188179270122107,1.2553404213068442,1.269078016281128,12794700
2002-03-26,1.2515509143163972,1.2695520759913055,1.2131801953915997,1.2198121547698975,5094800
2002-03-27,1.2221805137796893,1.2501296111030782,1.2221805137796893,1.2363919019699097,6162600
2002-03-28,1.3737692881209145,1.39129666079711,1.2463403227005185,1.3429778814315796,28297100
2002-04-01,1.3737690817139163,1.4381940735408176,1.3737690817139163,1.394612431526184,21759000
2002-04-02,1.4012445289416968,1.5154094544291632,1.3927177391156165,1.4732489585876465,44661200
2002-04-03,1.4680378199955966,1.6106256098264988,1.4500367730876558,1.5760444402694702,46008300
2002-04-04,1.620100205337263,1.652312647424182,1.5656231483466212,1.6234161853790283,31571700
2002-04-05,1.619152983157136,1.657997504245579,1.5158834550415243,1.5225154161453247,14331700
2002-04-08,1.4969344018349022,1.5452531682857729,1.4268248169269315,1.5229885578155518,27759500
2002-04-09,1.5210942539018233,1.5632547552210163,1.5064091811492524,1.5168308019638062,15040000
2002-04-10,1.4969345531162839,1.563254373332005,1.4969345531162839,1.5390950441360474,20094600
2002-04-11,1.5158832957312662,1.5916773871054612,1.5135146739047702,1.5679917335510254,17950500
2002-04-12,1.5727289712697756,1.7622144384819902,1.5727289712697756,1.735212802886963,63335800
2002-04-15,1.7148427623076636,1.7906369606030557,1.6570497270489373,1.6603658199310303,34549600
2002-04-16,1.6343112557149846,1.9412775404057723,1.6343112557149846,1.901485562324524,75859000
2002-04-17,1.9138023806303144,1.9673319624225245,1.763635253780075,1.7849522829055786,51627900
2002-04-18,1.7944266207411659,1.851272181211427,1.7110529965209427,1.732370138168335,31451700
2002-04-19,1.7527401264099782,1.7716886500021765,1.6295746101185804,1.6712614297866821,26672300
2002-04-22,1.6911571191799957,1.733791405348747,1.657049735421833,1.6651029586791992,15632300
2002-04-23,1.6835773289564588,1.724316776881601,1.6390483356716459,1.6669974327087402,20212800
2002-04-24,1.6816827720327674,1.8076905686236622,1.6774193210465933,1.7792677879333496,26003700
2002-04-25,1.8095854656149937,1.8261654781074874,1.7480027718210502,1.7517924308776855,17922600
2002-04-26,1.780215063400414,1.8185858946073254,1.6864198237191699,1.706789493560791,10239500
2002-04-29,1.7025258010995872,1.752265598163195,1.658470378018353,1.7337908744812012,10132100
2002-04-30,1.7394761597353685,1.7707412474660433,1.6963683007703523,1.712948203086853,6586600
2002-05-02,1.7527395529708951,1.7527395529708951,1.6584705321167086,1.6669974327087402,8785600
2002-05-03,1.7053683108462447,1.7053683108462447,1.620099974363391,1.6291004419326782,8055500
2002-05-06,1.6058884803305065,1.643785516298446,1.5679913314204907,1.5760444402694702,7709900
2002-05-07,1.5822031497955322,1.6485230937007347,1.5760448684833197,1.5822031497955322,9759500
2002-05-08,1.6106256142767514,1.6177312520693352,1.5684651277633037,1.5769919157028198,7417600
2002-05-09,1.694947197469945,1.694947197469945,1.582203293859657,1.5954673290252686,12971400
2002-05-10,1.601151593967111,1.609204704038944,1.5348316580105525,1.5424110889434814,7926700
2002-05-13,1.5916775806883203,1.5916775806883203,1.4903028807922662,1.5002509355545044,8691400
2002-05-14,1.534831626828545,1.534831626828545,1.4220878622292272,1.4301409721374512,10902900
2002-05-15,1.45903733734882,1.5514115380926417,1.449563077725159,1.4760910272598267,27356600
2002-05-16,1.504040251540554,1.5253573939295209,1.4381941078225715,1.444352388381958,9072500
2002-05-17,1.4590376201988704,1.4590376201988704,1.3358721082722398,1.3671371936798096,8451500
2002-05-20,1.3453464681570182,1.3737693675595635,1.1842838986057915,1.2127066850662231,7854100
2002-05-21,1.1558609205479635,1.2780789498340277,1.042169680609769,1.1999162435531616,24974800
2002-05-22,1.0971204019002059,1.2648150155771758,1.0971204019002059,1.2250230312347412,12624700
2002-05-23,1.2411290986494035,1.2648148598592048,1.1842835428068719,1.2098640203475952,6086400
2002-05-24,1.2321288746308037,1.3642949648834246,1.2321288746308037,1.3434514999389648,15939700
2002-05-27,1.3079225552538674,1.3822955839004523,1.3027117471174685,1.314080834388733,8438800
2002-05-28,1.3263977107195672,1.3927176470794878,1.2629200750945437,1.2903954982757568,12526700
2002-05-29,1.3192921295783344,1.3500834210420687,1.2633939224853137,1.288974404335022,7024100
2002-05-30,1.2979747154673245,1.3353980721146388,1.2624461880171491,1.2728679180145264,7291700
2002-05-31,1.3145552498169923,1.3164500797705252,1.2363924130480892,1.29371178150177,5736800
2002-06-03,1.3169236619446942,1.3330298847756135,1.262446598908218,1.2714471817016602,3305900
2002-06-04,1.2695523856812247,1.2880272309778147,1.250603861154091,1.2558146715164185,2735800
2002-06-05,1.2780791829361056,1.3169237035879235,1.2690785998580505,1.2941855192184448,4590900
2002-06-06,1.3169232674391622,1.3500831745454,1.2704993297251823,1.319765567779541,6798500
2002-06-07,1.3074494384579514,1.3074494384579514,1.2378135089745699,1.2596043348312378,3105500
2002-06-10,1.2885007380138196,1.3832434609302373,1.269552216018956,1.3619263172149658,11390400
2002-06-11,1.3737693535616489,1.4557217316483908,1.3652424499451352,1.379927635192871,8351000
2002-06-12,1.369032198992136,1.4685119488794125,1.369032198992136,1.4386680126190186,12318500
2002-06-13,1.3263975932583576,1.477985860588491,1.3263975932583576,1.3856117725372314,6025800
2002-06-14,1.3974545647702674,1.4495629895299922,1.3794534048152984,1.4306144714355469,5853600
2002-06-17,1.4448262400008782,1.4779861553873348,1.3941389520615055,1.4074028730392456,4267700
2002-06-18,1.417350628035859,1.428246037803912,1.373768988963648,1.3780323266983032,2657100
2002-06-19,1.378506352512674,1.3993497044524763,1.3316087259415423,1.3396618366241455,2250900
2002-06-20,1.2993960609727255,1.38892785518442,1.2993960609727255,1.345346212387085,2767900
2002-06-21,1.3453462688428484,1.3813484822807267,1.3263977473431332,1.3410829305648804,2213800
2002-06-24,1.3311346275970215,1.439615039624079,1.316923239142564,1.4239825010299683,7885200
2002-06-25,1.459037388210094,1.6030463428055701,1.4211403483943785,1.564201831817627,35274000
2002-06-26,1.5916773993960738,1.6362065187759423,1.5452535632477458,1.573676347732544,67470400
2002-06-27,1.5859929311757301,1.5869402895724507,1.5253575890434188,1.5523592233657837,14604300
2002-06-28,1.580308194940811,1.585992796607237,1.536252870852304,1.5438323020935059,12823000
2002-07-01,1.5774656876894062,1.5774656876894062,1.5173041506745528,1.533884048461914,5769700
2002-07-02,1.534831699287715,1.534831699287715,1.4751438343810555,1.5007243156433105,5184900
2002-07-03,1.514935605758174,1.5462006865258908,1.4732487937538554,1.4784597158432007,7332700
2002-07-04,1.4969344103738418,1.5518851359010903,1.487460151246457,1.524883508682251,12911100
2002-07-05,1.5627807117840928,1.6106258045371247,1.5348316104963118,1.5793607234954834,15169900
2002-07-08,1.5537801329508065,1.6054148846543776,1.5490430028754907,1.581255555152893,8634700
2002-07-09,1.6011516401659776,1.6627343347420016,1.5964143968718791,1.6333640813827515,28069500
2002-07-10,1.6395222046417965,1.6485227853286317,1.5916771136231174,1.6125205755233765,9895300
2002-07-11,1.5916774931172608,1.6390489163233555,1.5727289690116681,1.6305220127105713,8445700
2002-07-12,1.653260224483813,1.666997937637372,1.5656232485258115,1.5822031497955322,10352000
2002-07-15,1.5822030719607458,1.5822030719607458,1.4779860869177601,1.5357792377471924,8500500
2002-07-16,1.5158833039535529,1.5490432191096255,1.5158833039535529,1.5381478071212769,2598800
2002-07-17,1.5253571701712094,1.6087306721194576,1.496934393116721,1.5769919157028198,5938700
2002-07-18,1.591677615412194,1.7020529010441692,1.5822033526314523,1.6707878112792969,16159600
2002-07-19,1.6835775937388706,1.7138953166892883,1.6579971138237846,1.6793142557144165,30122400
2002-07-22,1.6110995436731117,1.6248372552665973,1.4879340443578126,1.5163568258285522,8162900
2002-07-23,1.4898288348026583,1.6030463915171502,1.4893551556731943,1.591677188873291,16504900
2002-07-24,1.5263048637050107,1.5679916803106253,1.5263048637050107,1.5357792377471924,2927700
2002-07-25,1.5983093321123274,1.620100154221056,1.501671783016408,1.529620885848999,3309300
2002-07-26,1.5774658309998324,1.5774658309998324,1.497881975564174,1.5116196870803833,5596500
2002-07-29,1.5518851633850863,1.5518851633850863,1.4462470480075995,1.5101983547210693,5501700
2002-07-30,1.54430592386969,1.5528328260524933,1.501671751781953,1.5154093503952026,6227800
2002-07-31,1.487460543572215,1.5348318517035786,1.4429314235750472,1.5177781581878662,5726400
2002-08-01,1.4320355906608537,1.5443056595937472,1.4320355906608537,1.4741960763931274,1812000
2002-08-02,1.4543005698501401,1.4685119628261478,1.4026658081546781,1.4462474584579468,5016700
2002-08-05,1.4306148090718729,1.472301626483315,1.4306148090718729,1.4519319534301758,1311000
2002-08-06,1.4775124112093396,1.4775124112093396,1.4310884639448462,1.4405627250671387,772400
2002-08-07,1.4685118703163795,1.5111461595007427,1.4495633475420424,1.4959872961044312,3732300
2002-08-08,1.552358922962594,1.563254333011219,1.4685116222046422,1.519199013710022,7373000
2002-08-09,1.5433584676555872,1.544305938888033,1.512093385232109,1.5201466083526611,5255800
2002-08-12,1.5253574744592104,1.5343580562045813,1.5106722909921109,1.5187255144119263,1756900
2002-08-13,1.5158831338197085,1.5348316546393648,1.5016717432049664,1.507830023765564,943900
2002-08-14,1.5253574071769147,1.5253574071769147,1.5097248660737985,1.5163568258285522,2330000
2002-08-16,1.515883211454807,1.5343580540827784,1.4400890113523321,1.5196728706359863,1286300
2002-08-19,1.515883267854417,1.5485695030410753,1.5083038362679608,1.5182517766952515,1381900
2002-08-20,1.5329371383044987,1.5329371383044987,1.5158834434945463,1.5168308019638062,900600
2002-08-21,1.5158833284510331,1.5348318517035786,1.5021456152103054,1.5177781581878662,1239300
2002-08-22,1.5334105811470446,1.5334105811470446,1.4741963941464165,1.4850918054580688,597400
2002-08-23,1.4874604621053045,1.5158832454274316,1.4623535459344474,1.5030930042266846,1488800
2002-08-26,1.4779863168575746,1.506882896767917,1.422088212847514,1.5002509355545044,702700
2002-08-27,1.489828753212893,1.5092510647044384,1.4694590835143018,1.4836704730987549,738300
2002-08-28,1.4874602601860107,1.5064087798285444,1.4732487575120246,1.491249918937683,1041100
2002-08-29,1.451458039822479,1.519199126564045,1.451458039822479,1.5163568258285522,1801500
2002-08-30,1.5021457292112352,1.522989083782459,1.4969349188039582,1.5168308019638062,1174000
2002-09-02,1.5443059878153238,1.5443059878153238,1.502619172282584,1.5139883756637573,1608300
2002-09-03,1.5158831403214557,1.524409929550036,1.5035665791474337,1.513514518737793,980400
2002-09-04,1.493144716470452,1.5139881779863964,1.493144716470452,1.5049875974655151,1179400
2002-09-05,1.5135143859459772,1.5158830073218232,1.4879339075625078,1.5049875974655151,1449000
2002-09-06,1.494566212198806,1.5064090959315282,1.4874605723128602,1.4983559846878052,765100
2002-09-09,1.477986063602612,1.4969346984459606,1.450510752022641,1.4917237758636475,1271900
2002-09-11,1.47798605332347,1.5016718184774003,1.47798605332347,1.4850918054580688,849100
2002-09-12,1.4874605405198311,1.499303311057316,1.477986165970893,1.4822496175765991,865800
2002-09-13,1.4794070253852467,1.4893550771742954,1.4457734371821191,1.4538265466690063,672400
2002-09-16,1.4637748000166169,1.4637748000166169,1.422088093369967,1.427298903465271,577600
2002-09-17,1.44198374074909,1.4746699724484835,1.4040866998021144,1.463774561882019,1428600
2002-09-18,1.452405324407192,1.460932225517922,1.4334568058616757,1.447668194770813,716200
2002-09-19,1.455833802114312,1.4673614354937035,1.4313378102150007,1.4524716138839722,903800
2002-09-20,1.4025188534059738,1.450550273927025,1.393873129002621,1.4419046640396118,862400
2002-09-23,1.5177944927207938,1.5177944927207938,1.4395031453436953,1.4452669620513916,439500
2002-09-24,1.4409441660132054,1.460156736570829,1.426534738094988,1.4510307312011719,1640800
2002-09-25,1.4313376200947439,1.46976275421296,1.4226918962085857,1.4683218002319336,869300
2002-09-26,1.4601566841828104,1.4841723965181957,1.4433457428060157,1.478408694267273,1142900
2002-09-27,1.4611170140901104,1.4769673919470472,1.4313374920070334,1.4390225410461426,700300
2002-09-30,1.440943989822815,1.4601565580312355,1.4313377057186047,1.4419046640396118,1270900
2002-10-01,1.4601567600936525,1.4793693309607865,1.449109520393455,1.462558388710022,1116700
2002-10-03,1.4505504414716557,1.4736055946942905,1.4505504414716557,1.4688024520874023,790800
2002-10-04,1.4419046219792702,1.4880148072376338,1.4419046219792702,1.4841722249984741,876700
2002-10-07,1.487534632741637,1.487534632741637,1.4505504460046181,1.4798496961593628,1188600
2002-10-08,1.4601566277887004,1.4856132933326172,1.4601566277887004,1.4803298711776733,450000
2002-10-09,1.4937781271167594,1.4985812678014085,1.4630380496381863,1.4654396772384644,725700
2002-10-10,1.4654401680849427,1.4683219618482581,1.4505503468140775,1.4587156772613525,214500
2002-10-11,1.4779282800702154,1.4779282800702154,1.4462275173087844,1.4524716138839722,545500
2002-10-14,1.4740858797671266,1.4784087424832641,1.434219784538622,1.4471882581710815,265000
2002-10-16,1.4534323934847937,1.4644796332632144,1.4361410566787456,1.4447866678237915,430700
2002-10-17,1.4572743006451645,1.4572743006451645,1.429416129225844,1.4351798295974731,327600
2002-10-18,1.4500699748916894,1.4524714886279995,1.4409439707586478,1.4414242506027222,888600
2002-10-21,1.4697628851563955,1.4697628851563955,1.422211743093919,1.4322984218597412,214500
2002-10-22,1.4351799650063994,1.4515107372232667,1.427494915936566,1.442865014076233,601800
2002-10-23,1.4241332854568354,1.4414246239980846,1.4241332854568354,1.43085777759552,758500
2002-10-24,1.4217315821750631,1.4399834782279315,1.3640937565246392,1.3741804361343384,559300
2002-10-25,1.3929126769225153,1.3929126769225153,1.3030938105441197,1.3218261003494263,582400
2002-10-28,1.331432285590222,1.3400778954988366,1.2795582825907164,1.2862826585769653,174800
2002-10-29,1.3160622487218034,1.3160622487218034,1.2834008124008656,1.2882039546966553,125900
2002-10-30,1.2968496150132671,1.3237472334345752,1.2584243640428703,1.2680307626724243,203500
2002-10-31,1.2776368813524641,1.3929123903054377,1.2593848751903765,1.3208651542663574,529600
2002-11-01,1.3391173815637991,1.3400779412998418,1.2968496612474398,1.3021330833435059,554900
2002-11-04,1.3069363164625196,1.3247079324906186,1.268030896064461,1.3011726140975952,129900
2002-11-05,1.1830150005347249,1.306455849798178,1.1830150005347249,1.2665897607803345,223300
2002-11-07,1.2963692252513666,1.3064559037676489,1.2502590384390382,1.2646684646606445,355400
2002-11-08,1.2968491930166184,1.2968491930166184,1.2507390213724,1.2843610048294067,531900
2002-11-11,1.2766764676213993,1.2766764676213993,1.2214402725976163,1.2310465574264526,542200
2002-11-12,1.2824400654636015,1.2824400654636015,1.2199991102164032,1.2536211013793945,841200
2002-11-13,1.285321974199563,1.2958888170055758,1.2574636842216846,1.2824400663375854,754700
2002-11-14,1.2007868612531793,1.306456118785374,1.2007868612531793,1.2891647815704346,1969100
2002-11-15,1.2968500124360378,1.3256688736084892,1.27763743832107,1.2800389528274536,309500
2002-11-18,1.2968496984689397,1.2987709325121113,1.276676454725773,1.2814795970916748,483400
2002-11-20,1.3333535612254386,1.3439205199029365,1.2776370886381585,1.3165425062179565,3847800
2002-11-21,1.308857582907315,1.3530465413761046,1.308857582907315,1.345841884613037,2373100
2002-11-22,1.364093674713703,1.4207708226396503,1.3285504445489926,1.3463220596313477,1893600
2002-11-25,1.3640935846977873,1.39339283099499,1.354967695078864,1.3616920709609985,936700
2002-11-26,1.3881098134253118,1.3881098134253118,1.3256688348607677,1.3299916982650757,691700
2002-11-27,1.3544873327272695,1.3640936169333115,1.3381566724801863,1.348243236541748,1715000
2002-11-28,1.3813851960693015,1.4087632139698836,1.3664954872675505,1.399156928062439,2267900
2002-11-29,1.425574204231133,1.5081884260917258,1.425574204231133,1.491857647895813,5158000
2002-12-02,1.5081879744665307,1.5317232885099057,1.4846525459072255,1.500022530555725,2246200
2002-12-03,1.5177943172446509,1.5221170647597106,1.440943932929349,1.4438258409500122,1440300
2002-12-04,1.4226922306595677,1.4639993969663885,1.4130859448717377,1.442385196685791,994700
2002-12-05,1.460156562587723,1.468321892650188,1.4217314260509744,1.438542366027832,484600
2002-12-06,1.440943959528973,1.498581662942482,1.440943959528973,1.4664006233215332,3207100
2002-12-09,1.4865737266352492,1.4928178220407742,1.4505501081046002,1.4731248617172241,1320600
2002-12-10,1.4697629265989811,1.498101500689729,1.4697629265989811,1.4808101654052734,1466800
2002-12-11,1.507227505763428,1.5456526443959966,1.479369211545248,1.4880149364471436,843100
2002-12-12,1.4985815318696223,1.5129910709786119,1.480329639858114,1.4913768768310547,1101100
2002-12-13,1.4985816502229508,1.5850383191253323,1.4908967147791268,1.5528572797775269,2897900
2002-12-16,1.6042510790673288,1.6042510790673288,1.5494952776288906,1.5658259391784668,3049600
2002-12-17,1.5038653943373883,1.5946448233447217,1.5038653943373883,1.548534631729126,1624600
2002-12-18,1.556219757527787,1.5946448999677956,1.556219757527787,1.5835976600646973,2963800
2002-12-19,1.589841481977074,1.623463590308387,1.5730305423273554,1.6042509078979492,1786400
2002-12-20,1.6037707676993225,1.6811014403691986,1.5898416204081862,1.6484400033950806,4827800
2002-12-23,1.635471510943504,1.660928176769209,1.6282668546993704,1.63691246509552,1053700
2002-12-24,1.654203606744379,1.654203606744379,1.6244240819489468,1.6311484575271606,2196500
2002-12-26,1.6522822035056008,1.6522822035056008,1.6186601000304386,1.6297073364257812,1579900
2002-12-27,1.63306971842038,1.661888567512099,1.6186601793585937,1.6465184688568115,2827200
2002-12-30,1.633069631638035,1.6522821966782133,1.616258579969919,1.6402742862701416,1458100
2002-12-31,1.671495151477008,1.6753376195746605,1.633070012436692,1.6700541973114014,3335500
2003-01-01,1.6748571715105722,1.6748571715105722,1.6148178405309574,1.6287469863891602,722300
2003-01-02,1.6335501240500778,1.6335501240500778,1.5562194595360082,1.5634242296218872,1037400
2003-01-03,1.5370066870706194,1.5960853358343146,1.5370066870706194,1.585998773574829,1597100
2003-01-06,1.5682273455596039,1.5706288592045383,1.511069809199841,1.5192352533340454,948200
2003-01-07,1.5475735235408155,1.5475735235408155,1.488975154757323,1.4956996440887451,810000
2003-01-08,1.5096289967758834,1.5975266260324235,1.5096289967758834,1.588881015777588,1828900
2003-01-09,1.5658260036328573,1.6518022920280286,1.5494953414110588,1.6441173553466797,3618600
2003-01-10,1.6806210559384243,1.6806210559384243,1.59464466360199,1.6234636306762695,1834400
2003-01-13,1.6426761931331932,1.6426761931331932,1.6052116162326986,1.612416386604309,851900
2003-01-14,1.6282670221082922,1.6282670221082922,1.595125302236379,1.6128969192504883,557400
2003-01-15,1.6234637642191287,1.6325896547854553,1.6042510797505656,1.6239440441131592,681000
2003-01-16,1.6234636780125924,1.6330699624788019,1.6138572790304393,1.6176998615264893,831300
2003-01-17,1.5763930108501725,1.6234638792797231,1.5763930108501725,1.6128969192504883,1265100
2003-01-20,1.6052117922980629,1.6052117922980629,1.5754322623556476,1.577833890914917,1344200
2003-01-21,1.5754322245184786,1.604251079441853,1.5667866138478463,1.598487377166748,1106300
2003-01-22,1.5859994308753558,1.633070303292815,1.585038756421869,1.6244245767593384,1000700
2003-01-23,1.6330697701906796,1.6522823368608872,1.6004083381417682,1.619140625,1043100
2003-01-24,1.6234636874773816,1.6234636874773816,1.521156631348264,1.5346053838729858,1828300
2003-01-27,1.537006924098619,1.5696682437943117,1.5134714940144065,1.5571801662445068,1942700
2003-01-28,1.537487368935518,1.5850385140506005,1.5274008040381186,1.5768731832504272,1340300
2003-01-29,1.5754322335476207,1.5754322335476207,1.5370070934295654,1.5370070934295654,569000
2003-01-30,1.5466136660822298,1.5466136660822298,1.5283616524222632,1.5384483337402344,1125900
2003-01-31,1.5370071077559984,1.5466133928750523,1.5182748174190577,1.5374873876571655,1289900
2003-02-03,1.5370071650199038,1.5466134504968567,1.5326843022004881,1.5355662107467651,508200
2003-02-04,1.5643847608114745,1.5658257148024193,1.5225974386218746,1.533644676208496,907600
2003-02-05,1.5274007316666935,1.537007016213608,1.5177944471197788,1.5201959609985352,672900
2003-02-06,1.451991239498215,1.6782194266218449,1.451991239498215,1.6633297204971313,7264600
2003-02-07,1.7286524139320238,1.9788963025464605,1.6959909801788162,1.8280775547027588,138163400
2003-02-10,1.8439280525234905,1.9198177683984303,1.7051170933312891,1.722888708114624,83601500
2003-02-11,1.7579516570466132,1.7762035505008091,1.724329549155942,1.733935832977295,30132800
2003-02-12,1.9692900156323119,1.9692900156323119,1.724329549155942,1.733935832977295,13265000
2003-02-14,1.7079993110417986,1.7473851302348655,1.68110168680136,1.7031961679458618,8988500
2003-02-17,1.7411405741830348,1.757951627849159,1.7099200950242044,1.7329752445220947,5507900
2003-02-18,1.75555029457438,1.7579519231512253,1.709920382257897,1.720007061958313,3851700
2003-02-19,1.7291327427155272,1.7483454254480486,1.6522824698491994,1.6811013221740723,3859100
2003-02-20,1.6618887885110145,1.7718807781926504,1.6532430639242295,1.700313925743103,11162600
2003-02-21,1.7132827086720994,1.7132827086720994,1.6623693697073922,1.6695741415023804,2568800
2003-02-24,1.6811014457304008,1.693109359006283,1.6638101101614235,1.6666920185089111,2376700
2003-02-25,1.6335501762568008,1.6681328447423789,1.6162588420140118,1.63018798828125,1647400
2003-02-26,1.6378732543951657,1.6383535343075852,1.605211815515598,1.618660569190979,1672000
2003-02-27,1.6138572163580702,1.6714950354329687,1.6138572163580702,1.6556446552276611,2152900
2003-02-28,1.7003139502254778,1.7291328035644993,1.6148179499434814,1.63931405544281,5118100
2003-03-03,1.6791799531023641,1.7099200368715104,1.6090539473369896,1.619140625,2851000
2003-03-04,1.6498809013172668,1.6498809013172668,1.5807155616198854,1.5922431945800781,1470400
2003-03-05,1.5658257387455687,1.5754320224881357,1.517794320032734,1.530762791633606,1864600
2003-03-06,1.4985817808615323,1.5341251257094153,1.4803298858174405,1.4880149364471436,2350000
2003-03-07,1.4889755826586222,1.4889755826586222,1.4318181512691281,1.4433457851409912,1409100
2003-03-10,1.4505503827681563,1.4505503827681563,1.3064559958770314,1.3871488571166992,1288300
2003-03-11,1.351605613062715,1.4294166863058226,1.3256686649923168,1.4049205780029297,2826100
2003-03-12,1.4409441472068285,1.5149126345010475,1.4025190065930844,1.4212512969970703,4594500
2003-03-13,1.431337665421236,1.4505502330887527,1.3929125300862024,1.4226919412612915,1923400
2003-03-17,1.3981959531411428,1.4928179520560605,1.3981959531411428,1.4697628021240234,3891800
2003-03-19,1.4889753911601191,1.5754320615000557,1.4793691071796748,1.528361201286316,6086700
2003-03-20,1.4409441554721496,1.5687078861648498,1.4409441554721496,1.5379676818847656,5494300
2003-03-21,1.5370071650199038,1.5629441129044856,1.5283614393810725,1.5355662107467651,1676900
2003-03-24,1.6234638331472564,1.6277865814089625,1.5456527612131832,1.553337812423706,2702800
2003-03-25,1.4841721887214117,1.621061901641302,1.4841721887214117,1.5879201889038086,4859500
2003-03-26,1.5859989979990088,1.6455580494761424,1.5763927141499146,1.62538480758667,5127500
2003-03-27,1.582156280939231,1.6657310349179575,1.582156280939231,1.6465184688568115,7205500
2003-03-28,1.6383535343075852,1.679180304278056,1.6056920954280176,1.618660569190979,5288600
2003-03-31,1.614817900786858,1.6273060930901366,1.5033849587950576,1.5182746648788452,2321700
2003-04-01,1.5341248819011846,1.5754319222697328,1.4899359336900067,1.5206760168075562,1837800
2003-04-02,1.5129908618659793,1.5600615965578988,1.5129908618659793,1.542770266532898,1058700
2003-04-03,1.5610226963319311,1.5725502146542787,1.546613269800011,1.5591014623641968,620900
2003-04-04,1.5610225759006409,1.5735107675013755,1.5394083805123024,1.551896572113037,826200
2003-04-07,1.5797548314800038,1.5797548314800038,1.5177942690662591,1.5365264415740967,2044700
2003-04-08,1.5230777670543794,1.538928146944688,1.4519911974681559,1.4664006233215332,2984400
2003-04-09,1.47936912619454,1.4870541763808618,1.3727393268346821,1.3948338031768799,5568900
2003-04-10,1.366495346967191,1.4294165933618967,1.344881148636626,1.3621724843978882,2866600
2003-04-11,1.354487730423525,1.3977161365591102,1.354487730423525,1.3712987899780273,1134500
2003-04-15,1.4025189784589878,1.4591961284369055,1.3890701108043861,1.424133062362671,1426800
2003-04-16,1.4294167401224855,1.440944260308227,1.392912830771004,1.399156928062439,1071200
2003-04-17,1.3929127783286908,1.4217316349660123,1.3919521039677307,1.4049205780029297,1950600
2003-04-21,1.4399834908633147,1.4981015969283744,1.3688969111308003,1.4908969402313232,1004600
2003-04-22,1.4918573273133724,1.4918573273133724,1.4255738978922152,1.4313377141952515,541100
2003-04-23,1.4375817387192693,1.5249989660358056,1.4217313591916576,1.4327785968780518,3730400
2003-04-24,1.4510307911410976,1.4601567968877367,1.4005977340860445,1.4054009914398193,1714000
2003-04-25,1.4193300597584961,1.419810454215041,1.3938733906521716,1.399156928062439,521200
2003-04-28,1.402999144592633,1.402999144592633,1.3554480035377972,1.3626526594161987,1624800
2003-04-29,1.3785032171444522,1.4111646562748925,1.3785032171444522,1.3933930397033691,1167400
2003-04-30,1.378983493264893,1.4289361502490416,1.3688968142803266,1.3861881494522095,821800
2003-05-02,1.3929122007035737,1.3929122007035737,1.3693767765215181,1.3765814304351807,404900
2003-05-05,1.3703376694373524,1.4073219655160332,1.3703376694373524,1.3866684436798096,857800
2003-05-06,1.4025185077995865,1.4025185077995865,1.364093266335493,1.36649489402771,679000
2003-05-07,1.3746604919433594,1.3929124995367579,1.3660148824889675,1.3746604919433594,1323600
2003-05-08,1.367455792981023,1.3861880813735756,1.36409360498994,1.373219609260559,605800
2003-05-09,1.3751410956110308,1.3881096846205805,1.3607316667830476,1.3809049129486084,1036400
2003-05-12,1.3924321589609319,1.396755021113015,1.3736998708178434,1.3799439668655396,2085900
2003-05-13,1.3957942203052003,1.4601564088399632,1.390030519141143,1.3977155685424805,2943300
2003-05-14,1.4121251188273,1.4591959790247309,1.409723490575052,1.4414242506027222,3274400
2003-05-15,1.460156762548916,1.5360464863112777,1.445747334374336,1.5245189666748047,8731800
2003-05-16,1.549014887293704,1.5610228007985343,1.480810218005186,1.5005031824111938,3532400
2003-05-19,1.5197156346185323,1.5197156346185323,1.4721644932117164,1.4788888692855835,2413400
2003-05-20,1.4793691198835583,1.527400654714182,1.4697628358206214,1.5177943706512451,26534100
2003-05-21,1.5547784487816452,1.5850382530062215,1.5225974107762563,1.5365264415740967,5436100
2003-05-22,1.5514165158010502,1.5562196582997923,1.4899362231075812,1.5005031824111938,1727800
2003-05-23,1.5033847879165703,1.536046104521141,1.4769674522379923,1.4913768768310547,1220900
2003-05-26,1.5081879880452322,1.5168335973306069,1.4601564563529275,1.4678415060043335,1341300
2003-05-27,1.4889754191618543,1.4985817033229547,1.4265345721147014,1.4313377141952515,1854000
2003-05-28,1.4774479834576488,1.4788889376137588,1.3900307469106707,1.4010779857635498,2459800
2003-05-29,1.4390226746597197,1.4880147666315349,1.3929124906596464,1.4395029544830322,4604500
2003-05-30,1.4505501650351826,1.4784084555556527,1.4409438816521096,1.449589490890503,3457500
2003-06-02,1.4025189691427205,1.4471882053650256,1.4025189691427205,1.4274952411651611,1684600
2003-06-03,1.5370072210383314,1.5370072210383314,1.4409442482516932,1.489936351776123,4504700
2003-06-04,1.5274008795429508,1.5754323069277156,1.513952011165643,1.5355662107467651,8671400
2003-06-05,1.5658257865146257,1.5744715108562546,1.4697628316424034,1.4779281616210938,3163200
2003-06-06,1.489456015245987,1.5225977344449018,1.4553536216944833,1.4736056327819824,2191800
2003-06-09,1.506266756776394,1.5081881052254755,1.4601565698013106,1.4639991521835327,1529200
2003-06-10,1.4601563458543776,1.4889751939793112,1.4409437804377552,1.442865014076233,2066300
2003-06-11,1.4673613067323965,1.4692825406217238,1.4121251166896274,1.4231723546981812,2950200
2003-06-12,1.4332588073849615,1.4572745154294822,1.416928148817873,1.4198100566864014,1689800
2003-06-13,1.4217313125366051,1.4495894884951095,1.4073218874858067,1.4097234010696411,2313600
2003-06-16,1.42653483144706,1.434700163016792,1.3943537851087167,1.399156928062439,1277500
2003-06-17,1.430377276491038,1.4697630938705195,1.4130859392386814,1.4567946195602417,3355600
2003-06-18,1.4860937244276278,1.4860937244276278,1.4183693364235708,1.427014946937561,2610800
2003-06-19,1.4399834199665202,1.4596763839685252,1.4130857996221815,1.427014946937561,2855300
2003-06-20,1.4361408287700899,1.4572746306165574,1.4270148246370482,1.4414242506027222,2083700
2003-06-23,1.4601567219174147,1.5201960615654397,1.4601567219174147,1.476007103919983,9867700
2003-06-24,1.4419042824769346,1.4495892161139323,1.3688963822822737,1.3765814304351807,11452000
2003-06-25,1.4025189642028806,1.4217315339290655,1.3929126793397881,1.4164479970932007,3415800
2003-06-26,1.4183696151203051,1.4697632374492857,1.417889220624728,1.4611176252365112,7212400
2003-06-27,1.4764875628918432,1.502424627642738,1.4649600421780935,1.4923380613327026,9388700
2003-06-30,1.4956997139364139,1.6522822626886065,1.4894556185973058,1.5302823781967163,8282200
2003-07-01,1.555739417091564,1.5749519875642948,1.5000228253015004,1.5562196969985962,8888400
2003-07-02,1.5840778782665697,1.6998336871496178,1.5615030065303162,1.6724557876586914,19813200
2003-07-03,1.7209671615479314,1.7291324903968828,1.6273058479013802,1.6340302228927612,10607400
2003-07-04,1.6522825490841448,1.6522825490841448,1.57927474055368,1.5855188369750977,5056900
2003-07-07,1.613857231974216,1.64988085493011,1.59464466360199,1.6234636306762695,5023900
2003-07-08,1.6047311413569387,1.6273058949179087,1.5610224736182758,1.566786289215088,2116900
2003-07-09,1.6191408395679197,1.6191408395679197,1.5105896860769727,1.524038553237915,2161800
2003-07-10,1.517794805634256,1.5514168094902254,1.5096293587762888,1.5384483337402344,1706700
2003-07-11,1.5379675395953023,1.5850384014718155,1.5370069798728891,1.5480542182922363,1844200
2003-07-14,1.5514164421168024,1.6806211180671469,1.5514164421168024,1.6724557876586914,14338000
2003-07-15,1.671495151477008,1.700314005757245,1.642676297196771,1.6700541973114014,9223300
2003-07-16,1.6714951277235943,1.786770657722323,1.6714951277235943,1.7709202766418457,14690400
2003-07-17,1.7771642622197956,1.8348019663651163,1.6940697794427595,1.720487117767334,12918500
2003-07-18,1.66381025171437,1.7483457026916518,1.6618890174912404,1.6892669200897217,3774700
2003-07-21,1.7014198465384096,1.8073939654551368,1.7014198465384096,1.7855186462402344,8170300
2003-07-22,1.7757959966501855,1.7757959966501855,1.6926694944520795,1.7607262134552002,4532700
2003-07-23,1.7310730444831728,1.837533237530316,1.7310730444831728,1.7704486846923828,4372200
2003-07-24,1.7597539017350217,1.793296176079695,1.7597539017350217,1.7772542238235474,2694700
2003-07-25,1.764615650126114,1.9726749964961288,1.764615650126114,1.9561469554901123,28875200
2003-07-28,2.04170380109072,2.225457277632924,1.9639246793120466,2.127747058868408,44798700
2003-07-29,2.181706716192626,2.181706716192626,2.071843667866561,2.094691276550293,15351800
2003-07-30,2.123372176284967,2.158372829289669,2.0903160941472243,2.095177173614502,6335300
2003-07-31,2.1282324313436525,2.1583719932059826,2.07087051048952,2.0898289680480957,9496200
2003-08-01,2.1292056138127697,2.148650394886853,2.0903160516646038,2.101496696472168,5505100
2003-08-04,2.1097608887271613,2.1097608887271613,2.0324678471364805,2.0796213150024414,3027600
2003-08-05,2.1087881845130387,2.1321221045098975,2.0037864717273663,2.0387868881225586,5055300
2003-08-06,1.9882307845818408,2.041703815276168,1.9260073012865289,1.9610079526901245,5219900
2003-08-07,1.9833694833749973,2.0222590447274373,1.974619262530677,2.004758834838867,3200500
2003-08-08,2.0028136860229155,2.0825373565065464,1.9940636995039829,2.003786087036133,3612900
2003-08-11,2.020314780454693,2.0417039009095004,1.935729888665008,1.9561469554901123,1884300
2003-08-12,1.9882303416042841,1.9882303416042841,1.9153123147762507,1.9323264360427856,1970300
2003-08-13,1.9493407684547304,1.9639242345858048,1.8958675184407563,1.9075343608856201,1817800
2003-08-14,1.9444795575792837,2.0125362771905513,1.925034780547493,1.9386460781097412,4561500
2003-08-18,1.9736466808492643,2.3042081151087395,1.9542019042340022,2.251221179962158,23066100
2003-08-19,2.2944854766322167,2.311013743573124,2.042675577379526,2.0635786056518555,7843500
2003-08-20,2.126288317819261,2.283791096079943,2.0908015900426262,2.2147622108459473,16871200
2003-08-21,1.9658684802966084,2.2726100846297825,1.9658684802966084,2.097606897354126,13387500
2003-08-22,2.119482723508928,2.1875394412206766,2.080593170530786,2.110246419906616,11480100
2003-08-25,2.119482890621753,2.1486500576550753,1.9760774788578905,2.0067028999328613,7297800
2003-08-26,2.012535936246397,2.0903152629969735,2.012535936246397,2.0762176513671875,4740800
2003-08-27,2.107329596991712,2.1282326265815663,2.0767039477414473,2.1005239486694336,5337400
2003-08-28,2.11948250617552,2.1330938019621524,2.041703176394769,2.0635786056518555,5542600
2003-08-29,2.080593197040001,2.087884930366303,2.0222586350295164,2.04121732711792,2501700
2003-09-01,2.0222586792161437,2.06698171304804,2.0188558548028492,2.023717164993286,2302600
2003-09-02,2.041703877055624,2.119483233528272,2.0344121420675894,2.0679545402526855,7184900
2003-09-03,2.1078155333891773,2.118996406132383,1.9639240640939752,1.9930912256240845,5137600
2003-09-04,2.0028139981856694,2.225943093395879,2.0028139981856694,2.1924009323120117,18558000
2003-09-05,2.169066136477336,2.2458730484492366,2.1146207334567473,2.1953165531158447,8110900
2003-09-08,2.178789469807152,2.1967759944131187,2.100524270316421,2.1729559898376465,3467900
2003-09-09,2.1535110918857603,2.1768450104716344,2.1486500133803923,2.158372402191162,6831100
2003-09-10,2.148650223467403,2.2361517313199015,2.1194830541832372,2.20066499710083,4458000
2003-09-11,2.1515669143338076,2.450044481797358,2.1515669143338076,2.426224708557129,37580200
2003-09-12,2.430599268074006,2.430599268074006,2.2604573656688274,2.3708064556121826,12828400
2003-09-15,2.4014321946869326,2.569629533116654,2.2954580941514386,2.4364328384399414,16424600
2003-09-16,2.4597665226628176,2.4597665226628176,2.3654593806838173,2.4140713214874268,5381100
2003-09-17,2.4305991524110846,2.510322821299768,2.417960025692147,2.4568495750427246,8636200
2003-09-18,2.459280966219345,2.469489441210636,2.294486184931122,2.3562235832214355,2409400
2003-09-19,2.3333746114371494,2.4257371488190973,2.2555953031892897,2.2876791954040527,3824100
2003-09-22,2.265318704424605,2.376640208221959,2.265318704424605,2.2905969619750977,2146000
2003-09-23,2.206984458527071,2.332889434802057,2.206984458527071,2.3071250915527344,1395900
2003-09-24,2.260457697853086,2.332403331788001,2.260457697853086,2.293513774871826,1142900
2003-09-25,2.150108323470087,2.3771263283325648,2.150108323470087,2.311014175415039,2968400
2003-09-26,2.3800431416427346,2.4792116058778486,2.313930986686023,2.4549057483673096,13380700
2003-09-29,2.513240089317376,2.634770072500614,2.430599663664766,2.591505289077759,13953000
2003-09-30,2.605602416067151,2.6785204386723893,2.5963661131144873,2.656158924102783,8639000
2003-10-01,2.6931044802525985,2.9361644530681765,2.6931044802525985,2.8092870712280273,27150100
2003-10-03,2.8194955401144552,2.9069970395166154,2.7708833642021102,2.8651907444000244,10960900
2003-10-06,2.9162333345927682,2.9162333345927682,2.8204677006795187,2.8360235691070557,6214000
2003-10-07,2.8506064762816092,2.88706560093858,2.764077163493047,2.8486621379852295,3565100
2003-10-08,2.8486630211555335,3.062555830669607,2.824356930515275,2.971165180206299,16866500
2003-10-09,2.9653311278014787,3.1490845627257755,2.9653311278014787,3.11554217338562,14797800
2003-10-10,3.159779283582463,3.451451171091608,3.120889729487914,3.407700538635254,32054700
2003-10-13,3.4028396886867913,3.8306253051822874,3.4028396886867913,3.7299983501434326,50281400
2003-10-14,3.7431237457172934,3.7431237457172934,3.451451804666607,3.4830496311187744,25950600
2003-10-15,3.499090455172017,3.6750658251058694,3.4893680680077157,3.561800003051758,11794400
2003-10-16,3.5097857816029565,3.626454684973162,3.4514514458178764,3.4796464443206787,10079300
2003-10-17,3.5379803268779,3.552564024855969,3.427145149444637,3.4665207862854004,10075700
2003-10-20,3.51950768681774,3.5238829120698703,3.262836459226615,3.3075594902038574,4979500
2003-10-21,3.325059946191671,3.5778422663711535,3.2414473629061513,3.298809289932251,14212300
2003-10-22,3.3911724359166087,3.402839395437436,3.2628368083876587,3.2817955017089844,7588800
2003-10-23,3.3056152761853412,3.5195078193667255,3.2083911611210536,3.2103357315063477,13596400
2003-10-24,3.2414473047816172,3.354227050088593,3.199154697466492,3.3138790130615234,9046900
2003-10-27,3.3347824280002563,3.3347824280002563,3.2083911484556302,3.2147107124328613,3999700
2003-10-28,3.2326969565231742,3.264294773686634,3.1938074067219935,3.2098493576049805,5427100
2003-10-29,3.208391857825953,3.3153383844401927,3.1986694673883016,3.2886016368865967,5737200
2003-10-30,3.30561642211945,3.3819370694494126,3.2113090140402263,3.2992968559265137,4274900
2003-10-31,3.315338303753339,3.4018676460825565,3.286171133150239,3.3304078578948975,4786600
2003-11-03,3.380963883976315,3.4806184268765463,3.363949761568968,3.4354093074798584,9247900
2003-11-04,3.479646390745679,3.5195081167117324,3.235128176187962,3.3605470657348633,7073700
2003-11-05,3.3600613830304265,3.378533762361211,3.2229755173857737,3.2433924674987793,4845500
2003-11-06,3.2667257488295123,3.334782704284323,3.2667257488295123,3.291031837463379,3516500
2003-11-07,3.3386711983853066,3.3386711983853066,3.2521418766730497,3.2604057788848877,4873400
2003-11-10,3.257003218377677,3.295893004864003,3.2190860648185593,3.274017572402954,753900
2003-11-11,3.3265183701630163,3.3347825047079596,3.28617056214954,3.3070735931396484,2958600
2003-11-12,3.315337401723305,3.3921443329540204,3.295892626611731,3.3576297760009766,4343700
2003-11-13,3.354227416063731,3.392630886992895,3.308045894933703,3.339643716812134,3692500
2003-11-14,3.393117069689188,3.4028394588711035,3.2958931778700307,3.322629690170288,3374800
2003-11-17,3.23853117801041,3.325060515700868,3.23853117801041,3.308532476425171,1837700
2003-11-18,3.3323520376089966,3.344505081884165,3.305615525643658,3.328949213027954,1893400
2003-11-19,3.3153377919975737,3.3153377919975737,3.2443640995054603,3.2584617137908936,2301000
2003-11-20,3.2861708518472312,3.3056156305847852,3.1602656429515172,3.200127601623535,2421800
2003-11-21,3.198668728166172,3.198668728166172,2.937136184494222,3.127209186553955,6790100
2003-11-24,3.2375589581702653,3.3051296050007775,3.208391787496667,3.2453370094299316,3260300
2003-11-25,3.276448027791591,3.2939484666517416,3.140820669725572,3.260892391204834,6571000
2003-11-27,3.2472807050732824,3.3620050260746766,3.2472807050732824,3.3265182971954346,7522100
2003-11-28,3.335754404643112,3.3620048283248254,3.3065872414634296,3.342560052871704,4347500
2003-12-01,3.402839253648353,3.5350637849080506,3.383394476457222,3.506382703781128,13048700
2003-12-02,3.5389526457432248,3.5963145716578993,3.4519370081285685,3.5350635051727295,19712200
2003-12-03,3.6458993998415434,3.7416650370581834,3.549161593252158,3.6021485328674316,19505600
2003-12-04,3.578814962109344,3.6458995188188115,3.427145640409702,3.457771062850952,3349000
2003-12-05,3.4801321721035507,3.534091508300857,3.3255461285869594,3.348879814147949,2729500
2003-12-08,3.3736717532555858,3.3833941408868697,3.2706143980039757,3.299781560897827,1492600
2003-12-09,3.3250602407329213,3.3727000157644786,3.286170685229618,3.310476541519165,2902600
2003-12-10,3.344504680791276,3.432006171838718,3.2861703534263147,3.305128812789917,2640600
2003-12-11,3.3445055557531473,3.373672727066102,3.257976211318027,3.2886016368865967,2224600
2003-12-12,3.354227472594282,3.5277722217129317,3.327004644132512,3.4922854900360107,6602300
2003-12-15,3.553536373814372,3.645899180879318,3.4806183438367806,3.5598559379577637,12718800
2003-12-16,3.5972878613118144,3.5972878613118144,3.3445054835872043,3.4849941730499268,4036700
2003-12-17,3.509785859777706,3.6040932466841693,3.4908273972553245,3.5340919494628906,4314600
2003-12-18,3.5107579104610664,3.547216809548591,3.4514511780866632,3.537494421005249,3037400
2003-12-19,3.595828590982786,3.6167318529034183,3.4611734113871364,3.4801321029663086,5926300
2003-12-22,3.5389534310333484,3.8792373122596047,3.5389534310333484,3.719303846359253,17979200
2003-12-23,3.7859018238423574,3.8763200619710956,3.6619411940142297,3.7013168334960938,8692800
2003-12-24,3.7061780273868528,3.733400622183806,3.5827034861006077,3.6152734756469727,3040000
2003-12-26,3.654649264598561,3.679927520234839,3.5302025567738147,3.5943703651428223,4976900
2003-12-29,3.6531911830962525,3.8792370231165942,3.6254825011983063,3.8218748569488525,8969500
2003-12-30,3.8452082858950067,3.9570161025443227,3.6361768150028735,3.7188172340393066,9490600
2003-12-31,3.7431230991920734,3.7528454878211424,3.665830074820969,3.7256228923797607,5080500
2004-01-01,3.879236790895196,3.879236790895196,3.7236783402643003,3.806318759918213,5405100
2004-01-02,3.8646536902739417,3.8646536902739417,3.6847893560056098,3.7402069568634033,10095600
2004-01-05,3.7722909510666565,3.800485719225613,3.5972877028728276,3.6201353073120117,9836300
2004-01-06,3.6536770282006685,3.6536770282006685,3.529230546566824,3.580272912979126,8457500
2004-01-07,3.402839610831981,3.6648582775556475,3.402839610831981,3.6060378551483154,5879900
2004-01-08,3.6740940061957215,3.772290288176612,3.636176623100129,3.734858989715576,5098000
2004-01-09,3.7528449581383043,3.9084033860476626,3.7528449581383043,3.807776689529419,18427000
2004-01-12,3.775206995224146,3.782012875867171,3.6750663694200116,3.7188172340393066,13731400
2004-01-13,3.791734740175037,3.791734740175037,3.69256629740369,3.747497797012329,5571200
2004-01-14,3.7382616081578286,3.791248539207684,3.7382616081578286,3.7440950870513916,1699700
2004-01-15,3.8403472910467813,3.8646531471862975,3.7431231710886146,3.795624256134033,5000600
2004-01-16,3.791735115098204,3.840347056204587,3.6463851446200954,3.7129836082458496,2719700
2004-01-19,3.6750662453489777,3.741178624706162,3.646871249808413,3.6706912517547607,1837500
2004-01-20,3.7431238549367793,3.8111808208811397,3.728540384948756,3.79319429397583,4764500
2004-01-21,3.7256231220608083,3.7917355078942605,3.597287491525316,3.6629135608673096,3954000
2004-01-22,3.675066389066469,3.713469859028698,3.5000631614537716,3.5758979320526123,7541600
2004-01-23,3.512702311508312,3.645899245538946,3.512702311508312,3.6006901264190674,2210200
2004-01-27,3.738261998135234,3.738261998135234,3.6070096365377697,3.6337461471557617,2011300
2004-01-28,3.6507605932700753,4.083407011477536,3.6507605932700753,3.940974235534668,22691500
2004-01-29,3.976461146994982,4.025072861483376,3.8418057196659445,3.8777787685394287,7945300
2004-01-30,3.6847892723237936,3.907918156705043,3.6847892723237936,3.871459484100342,4771100
2004-02-03,3.8986816361846386,3.8986816361846386,3.6458990776090574,3.6818718910217285,28448700
2004-02-04,3.66339958724681,3.6945113250026322,3.597287434265737,3.689164161682129,2726000
2004-02-05,3.5486750747730245,3.694510893859579,3.5486750747730245,3.622565269470215,978800
2004-02-06,3.5583981596372043,3.6750668377564284,3.5583981596372043,3.5933988094329834,778400
2004-02-09,3.6249958568683627,3.743123003171303,3.624023687570403,3.720275402069092,2820600
2004-02-10,3.752845507231774,3.752845507231774,3.6468714010867873,3.6945111751556396,3656500
2004-02-11,3.69256629740369,3.7625673465952323,3.665343473995871,3.747497797012329,2515500
2004-02-12,3.7820129785775394,3.7820129785775394,3.7188173350334335,3.7421510219573975,5064400
2004-02-13,3.6750668359657275,3.791735745828162,3.626454886773071,3.7299983501434326,4922900
2004-02-16,3.7820127525845466,3.8296522929326104,3.7431229676350735,3.8048603534698486,1983800
2004-02-17,3.8077774661073875,3.840347458470279,3.757707034033064,3.792707681655884,1966000
2004-02-18,3.8194442741332675,3.8879873167389705,3.773262982227337,3.7912492752075195,4387500
2004-02-19,3.9365987573935137,3.9365987573935137,3.7917353270585505,3.849097490310669,6553400
2004-02-20,3.8695138099095923,4.034794623917789,3.8111794867772857,3.8432633876800537,19030300
2004-02-23,3.8889595201683993,3.917640604047243,3.79173562488421,3.811666488647461,2653500
2004-02-24,3.7936802431947325,3.820903074959874,3.7917359042258374,3.805347204208374,1624200
2004-02-25,3.7917348684710506,3.8306244188266505,3.7917348684710506,3.8068044185638428,605200
2004-02-26,3.8500695540888286,3.8597919425870315,3.7917352230996104,3.7922213077545166,974900
2004-02-27,3.801457589189658,3.8306247545123377,3.7042334729807007,3.789790630340576,1999600
2004-03-01,3.7917354252460824,3.957016270327077,3.7431232483634096,3.8947927951812744,5593500
2004-03-03,3.9852102652728347,3.9852102652728347,3.845693789665213,3.8743748664855957,7843000
2004-03-04,3.840347296875547,3.9084040186895344,3.792707522065746,3.813610553741455,2095000
2004-03-05,3.840347017170701,3.858819624143374,3.743122904146116,3.7863876819610596,935600
2004-03-08,3.850069774676212,3.8889593308971775,3.746040003165094,3.7674293518066406,981300
2004-03-09,3.7820127525845466,3.8510416398848175,3.7431229676350735,3.8048603534698486,1412700
2004-03-10,3.772290506070052,3.8111800606810786,3.772290506070052,3.799513101577759,806700
2004-03-11,3.7722907337925906,3.810207889567272,3.7722907337925906,3.792707681655884,817900
2004-03-12,3.7056917875952586,3.8014574136252826,3.7056917875952586,3.7859015464782715,600300
2004-03-15,3.79173551227193,3.8209026799909394,3.7625681127528767,3.792707681655884,1076700
2004-03-16,3.753331926614648,3.8111801756130568,3.7484706162416543,3.7961103916168213,2056200
2004-03-17,3.772290728343176,3.8403474529225505,3.7625681073175077,3.826249837875366,1190100
2004-03-18,3.8014577037317814,3.8500696474009795,3.7820129262641022,3.8087494373321533,2484200
2004-03-19,3.7635407726271364,3.9375718533194615,3.7635407726271364,3.909376621246338,2565900
2004-03-22,3.9375708689085442,3.956529327459287,3.8597915372901026,3.9225010871887207,3517900
2004-03-23,3.8515276548659654,3.918126349539851,3.801457460401683,3.8913896083831787,1498500
2004-03-24,3.9084043990925723,3.9084043990925723,3.8243057159328604,3.897709608078003,1027500
2004-03-25,3.9667384161511516,3.9667384161511516,3.8014578033448787,3.854444742202759,1074600
2004-03-26,3.8695147303590423,3.9181269096661056,3.8656258209184915,3.8899316787719727,945900
2004-03-29,3.942432064109226,3.9468075213315292,3.816041015710421,3.8408331871032715,538900
2004-03-30,3.845207752978236,3.8889586115339925,3.798054302272584,3.807776689529419,407400
2004-03-31,3.8111793891977572,3.986182354113989,3.7980541784190396,3.92055606842041,1137900
2004-04-01,3.9375722033809706,4.15535394212045,3.9297939198830054,4.06056022644043,10348500
2004-04-02,4.005628408153888,4.083407528529673,3.9327105987016227,3.9390299320220947,3024700
2004-04-05,3.949724143282358,3.9861830426541838,3.9093761030228475,3.9380571842193604,1261100
2004-04-06,3.918125800699124,3.9472927291480184,3.8806942756030853,3.899653196334839,766300
2004-04-07,3.888959053935795,3.9259042687945955,3.8262494983254713,3.8476388454437256,338000
2004-04-08,3.84131912652052,3.9079173566304446,3.8403469572634448,3.857361078262329,578500
2004-04-12,3.8719450761906833,3.888959198508146,3.8403472548868005,3.8422915935516357,616000
2004-04-13,3.841805997688404,3.888473608582556,3.84034774350424,3.871459484100342,599200
2004-04-15,3.8452083333489195,3.888959198508146,3.8403472548868005,3.8422915935516357,734000
2004-04-16,3.8500686148431456,3.957015094033216,3.8403462287167724,3.9419453144073486,2854500
2004-04-19,3.947293929659906,4.046462629186786,3.947293929659906,4.007086753845215,2509500
2004-04-20,4.0250719999549815,4.0250719999549815,3.9521542120297055,3.986182451248169,2559400
2004-04-21,3.952155183807027,4.027503645003565,3.952155183807027,4.006600379943848,1858100
2004-04-22,3.9861826126184288,4.019725000405928,3.947779378745792,3.9764604568481445,439900
2004-04-23,3.9861832482148527,3.9861832482148527,3.8695145787685834,3.8884732723236084,926600
2004-04-27,3.705691626878306,3.869513961746466,3.6954831546995788,3.7061777114868164,818000
2004-04-28,3.7431233239222568,3.840347447850134,3.741178985159726,3.8082635402679443,833800
2004-04-29,3.799027069928804,3.879236835383344,3.799027069928804,3.855903148651123,635700
2004-04-30,3.821874523403857,3.8597919077445755,3.821874523403857,3.838888645172119,406700
2004-05-03,3.8403468006317074,3.85249984304953,3.791734862760421,3.8111796379089355,3041400
2004-05-04,3.888472324082777,3.9715988119220764,3.859791248401382,3.899653196334839,3825800
2004-05-05,3.937572089611201,3.9521555594482383,3.841320122406418,3.8802096843719482,995500
2004-05-06,3.926876547897314,3.9570161149249166,3.8792367740472575,3.911320447921753,1080600
2004-05-07,3.874375457736472,3.927848711043257,3.8403472134685415,3.893334150314331,521700
2004-05-10,3.811666081792555,3.8597919395913123,3.811666081792555,3.825763463973999,184600
2004-05-11,3.6556216141308044,3.791735287206965,3.6458992254682236,3.721247911453247,884700
2004-05-12,3.743609650765558,3.840347458470279,3.7149285677385255,3.792707681655884,460600
2004-05-13,3.6458996066770437,3.9084043598137863,3.6458996066770437,3.8525006771087646,4225000
2004-05-14,3.8500694695390956,3.851041638827559,3.2570030887727084,3.476243257522583,3270200
2004-05-17,3.597288003435807,3.597288003435807,2.800051277852761,2.928386926651001,6412300
2004-05-18,3.3931170530940005,3.3931170530940005,2.9575536489943777,3.100959062576294,4539100
2004-05-19,3.3970063744683445,3.6984007059949424,3.1111679138037753,3.2030446529388428,10875300
2004-05-20,3.3056151333186135,3.3833942365684595,2.9653310930005143,3.316309690475464,5713100
2004-05-21,3.4028394835579925,3.7120118326659615,3.2278362452138545,3.6697192192077637,10286000
2004-05-24,3.7431232561440027,3.908404101568556,3.650760676195029,3.7159006595611572,7869800
2004-05-25,3.8111799445651005,3.9852107656872215,3.4125615583468045,3.6128430366516113,54112000
2004-05-26,3.72902618251659,3.7382624876377037,3.560342498525823,3.5933988094329834,32422200
2004-05-27,3.6070095686713546,3.6264543454458615,3.3833944039645036,3.414019823074341,14070300
2004-05-28,3.3610331975837773,3.480618608959983,3.1695019200641297,3.231239080429077,12873200
2004-05-31,3.111167536397371,3.218113816875387,2.968248207502167,3.100959062576294,8261600
2004-06-01,3.11602869131336,3.2083915062499555,3.11602869131336,3.144223690032959,3556300
2004-06-02,3.2074187821110702,3.2074187821110702,3.1500566251957762,3.174848794937134,2916900
2004-06-03,3.247280450424635,3.2599195774014373,3.1938074348766268,3.207904815673828,4094900
2004-06-04,2.965331107816313,3.2633225420211636,2.965331107816313,3.2292943000793457,2661700
2004-06-07,3.160265908331176,3.2458230810410043,3.160265908331176,3.209364175796509,1732500
2004-06-08,3.208391786617216,3.3056159206359603,3.1597798355078774,3.1938083171844482,863200
2004-06-09,3.2083911527762368,3.2667254825830723,3.2083911527762368,3.248253107070923,1584500
2004-06-10,3.247281161004635,3.25700355066812,3.2083916023506958,3.212280511856079,908800
2004-06-11,3.2064472684652894,3.2458229118933932,3.1597796589282345,3.16755747795105,1066900
2004-06-14,3.1306116024617405,3.1695011501519503,3.0144290439672403,3.047485113143921,1048300
2004-06-15,3.1004729904679036,3.101445391718013,3.0275551821128257,3.0562362670898438,779800
2004-06-16,3.0722782245782425,3.1306125640309794,3.053319529486094,3.107764959335327,1225300
2004-06-17,3.117973522219434,3.120890262454631,3.063528090829199,3.113112211227417,624400
2004-06-18,3.1111676499251524,3.2176278496012327,3.1111676499251524,3.1826272010803223,2012200
2004-06-21,3.213252460766569,3.2521420139461914,3.1704737668289678,3.181168556213379,1398900
2004-06-22,3.1855437028503606,3.205474565042397,3.1150563263760596,3.1602654457092285,1054800
2004-06-23,3.1500570143334183,3.196724620093928,3.111653543440928,3.131584405899048,2355700
2004-06-24,3.111653918113437,3.188946953879812,3.111653918113437,3.1821413040161133,1350800
2004-06-25,3.1753350465552255,3.227835896486382,3.1753350465552255,3.2166552543640137,4355500
2004-06-28,3.236586681051669,3.4111038463483525,3.2288088618507294,3.362977981567383,3333000
2004-06-29,3.344504766977852,3.376102586398139,3.3056152143990425,3.359574317932129,1494600
2004-06-30,3.3639492180278583,3.397977457344328,3.3445044436184483,3.3765883445739746,918200
2004-07-01,3.330893718519366,3.4018671804524336,3.326032408184207,3.377561092376709,716700
2004-07-02,3.3639502035669624,3.4514517140446928,3.3639502035669624,3.4149928092956543,1493300
2004-07-05,2.74268824125331,3.5972868722553146,2.74268824125331,3.4738123416900635,8206300
2004-07-06,3.500063057931998,3.5671476072160284,3.37610266418109,3.5413832664489746,4122700
2004-07-07,3.432006540428015,3.6458993288711254,3.4140200165821035,3.61041259765625,3621400
2004-07-08,3.63617702384852,3.654649632797653,3.519508122096139,3.541869640350342,6712700
2004-07-09,3.3153379769906666,3.5486755506175762,3.3153379769906666,3.488396644592285,3641800
2004-07-12,3.5389525105060082,3.6162455255407684,3.4854792636052303,3.573953151702881,1196600
2004-07-13,3.6945110419470395,3.6945110419470395,3.55839760534374,3.5836758613586426,1537800
2004-07-14,3.688387632927976,3.688387632927976,3.571932879060061,3.63456392288208,1034500
2004-07-15,3.612055769084319,3.6551145961481506,3.6012911206481637,3.618906021118164,526700
2004-07-16,3.523001750773012,3.6795796945057297,3.523001750773012,3.6262452602386475,1486800
2004-07-19,3.6502214139749474,3.6502214139749474,3.581718664915137,3.622330904006958,994300
2004-07-20,3.6208633359789246,3.6306494436443053,3.6022696614189385,3.618906021118164,4142100
2004-07-21,3.640435689204321,3.6551147345988078,3.603737609079664,3.6203742027282715,628300
2004-07-22,3.6208633265725365,3.6551145866527834,3.5915050036526632,3.62575626373291,936300
2004-07-23,3.5239803205521443,3.638477741324349,3.5239803205521443,3.575357437133789,363700
2004-07-26,3.5024515830950365,3.6154812183990606,3.4544995812510213,3.557253837585449,2243400
2004-07-27,3.5817187511371813,3.6208631801136746,3.485325489788925,3.52691650390625,956500
2004-07-28,3.5230015303543487,3.562146188827814,3.4349265737572026,3.467710018157959,800400
2004-07-29,3.4843466244198287,3.4931541907044625,3.42514071214249,3.433948278427124,933400
2004-07-30,3.44471317956259,3.4838576103931995,3.4349270718549376,3.474071502685547,599200
2004-08-02,3.520555815102735,3.601291264905966,3.503429951012896,3.5866119861602783,1136900
2004-08-03,3.6203739231367127,3.6688151891721295,3.572911197833567,3.65120005607605,1569900
2004-08-04,3.60618418479605,3.640435679490492,3.603248329061142,3.6272244453430176,762000
2004-08-05,3.650221648175834,3.7187244016308307,3.62086332526655,3.706491708755493,29921600
2004-08-06,3.7089384082636485,3.7378074616784236,3.631628085558238,3.674687147140503,1627900
2004-08-09,3.6688156928212026,3.6688156928212026,3.5230023710125997,3.536703109741211,1969800
2004-08-10,3.618906172576334,3.620863487519012,3.5044087314313668,3.5293631553649902,1736500
2004-08-11,3.580739959569777,3.580739959569777,3.4936435355274567,3.513705253601074,1089700
2004-08-12,3.5616568434422007,3.5616568434422007,3.433948185699915,3.452052354812622,1311200
2004-08-13,3.454498903732524,3.4730925763084537,3.415354477247947,3.4256298542022705,2691800
2004-08-16,3.452542416238759,3.5122376068995846,3.415844335107991,3.4442241191864014,1505200
2004-08-17,3.488750438885133,3.488750438885133,3.4246513580222735,3.445202112197876,1316200
2004-08-18,3.5127263187566693,3.5127263187566693,3.444712841858341,3.445202112197876,682100
2004-08-19,3.4642850241297505,3.4828786967796197,3.4251405974895115,3.4422662258148193,1549900
2004-08-20,3.454499486996026,3.454499486996026,3.4065474864603673,3.4275877475738525,1730800
2004-08-23,3.4740714551600083,3.4936436703075637,3.4261194580527348,3.4579243659973145,3001800
2004-08-24,3.4931544026499814,3.581718874583041,3.444713135124136,3.4814109802246094,4198100
2004-08-25,3.3272799854918564,3.4809218577148107,3.3272799854918564,3.4222052097320557,1282200
2004-08-26,3.42514101357323,3.5024513355750613,3.366424366480015,3.4094831943511963,902550
2004-08-27,3.462328600959114,3.4721147094794595,3.4251412485902613,3.4398205280303955,906150
2004-08-30,3.289114026130965,3.464285425644353,3.289114026130965,3.4231836795806885,333750
2004-08-31,3.3664240699441628,3.483857353786329,3.3664240699441628,3.403611183166504,350550
2004-09-01,3.483857607491668,3.483857607491668,3.3859965304966484,3.396761178970337,488300
2004-09-02,3.42024775980468,3.4222050746545354,3.366424284604558,3.3938252925872803,594850
2004-09-03,3.4231832476203286,3.4819001202959354,3.375231255483495,3.4427554607391357,565000
2004-09-06,3.448627111943596,3.4936432480053856,3.3859960777059306,3.4065468311309814,1023550
2004-09-07,3.4055682735069666,3.4496058687058464,3.1511292752941094,3.4202473163604736,1030250
2004-09-08,3.425140959364475,3.4593924529530358,3.4055687439765006,3.427098274230957,1185750
2004-09-09,3.463306777712896,3.463306777712896,3.4153547810086957,3.42807674407959,630850
2004-09-10,3.4496064747406523,3.4496064747406523,3.3478307642476466,3.3781676292419434,380500
2004-09-13,3.385996415805606,3.4486274562971273,3.385996415805606,3.4085044860839844,1319000
2004-09-14,3.4251404288131275,3.5230014905944036,3.325322052468555,3.4143757820129395,1131800
2004-09-15,3.5190878731945037,3.6003125957714492,3.492665404000937,3.534745693206787,5185100
2004-09-16,3.5621466987466506,3.6110772371938826,3.523002034669654,3.558232069015503,2110400
2004-09-17,3.594441053057325,3.620863521777758,3.5445317380794203,3.582697629928589,2183950
2004-09-20,3.5963976418702934,3.5963976418702934,3.504408284364948,3.5357236862182617,975500
2004-09-21,3.523001715228785,3.581718589360644,3.516151463799226,3.542573928833008,1077450
2004-09-22,3.5817187546733376,3.5817187546733376,3.5190874815937523,3.550403118133545,5186500
2004-09-23,3.632606912176778,3.8400727434316053,3.5817192868871373,3.7343826293945312,7038750
2004-09-24,3.751997041085209,3.8116922226891288,3.6511998841920215,3.680558204650879,2363950
2004-09-27,3.6795800036027897,3.7412325055890516,3.5846547820224726,3.628692150115967,1155800
2004-09-28,3.5866120680112035,3.6600079967761867,3.572911563082046,3.6022698879241943,521150
2004-09-29,3.6668576828021586,3.6795796449337845,3.5621463637057227,3.610098123550415,716350
2004-09-30,3.6404354457801236,3.657071804997092,3.5768256311394775,3.5934619903564453,571600
2004-10-01,3.654135533809632,3.7148094860024665,3.562146181548865,3.6834938526153564,1905550
2004-10-04,3.7157889122632577,3.7187247681754867,3.6697942251703948,3.714810371398926,2578600
2004-10-05,3.722638474655966,3.7872268261097903,3.6717508593583994,3.69425892829895,1176550
2004-10-06,3.738296606874697,3.738296606874697,3.6404355307729546,3.6629436016082764,1868000
2004-10-07,3.706981735258394,3.7187249260867365,3.669794381003867,3.699152708053589,1020350
2004-10-08,3.6423925816834632,3.7108955676980178,3.6404355001694064,3.6600077152252197,719800
2004-10-11,3.6893661737210524,3.7187244973863,3.5836760685346305,3.63456392288208,653050
2004-10-12,3.625756294467172,3.6795800036027897,3.604226997468295,3.628692150115967,715700
2004-10-14,3.620863563653322,3.675665816689177,3.55236080568831,3.6022698879241943,779400
2004-10-15,3.5543174780870483,3.6198843726861494,3.5543174780870483,3.5778040885925293,758750
2004-10-18,3.6952373704182286,3.6952373704182286,3.5269162448547866,3.570953607559204,6340200
2004-10-19,3.6189062716184877,3.6189062716184877,3.5230022698677677,3.534745693206787,4063300
2004-10-20,3.5758471692535396,3.5758471692535396,3.5230020015716317,3.5318095684051514,3768750
2004-10-21,3.544531253128207,3.5797612843751336,3.542573938434803,3.566060781478882,401200
2004-10-25,3.543552835546883,3.5621465091630067,3.542574061506582,3.5474672317504883,551800
2004-10-26,3.5445310768919542,3.562146208299178,3.3859960608228374,3.4202473163604736,663850
2004-10-27,3.4368846422936272,3.532788411632416,3.4368846422936272,3.460371255874634,576300
2004-10-28,3.476028409696456,3.5709536199907537,3.4055683491410758,3.4427554607391357,1245300
2004-10-29,3.425140814731426,3.562146549981132,3.425140814731426,3.5132157802581787,2066900
2004-11-01,3.5073444653933823,3.542574266584465,3.4691785752306283,3.521044969558716,1047350
2004-11-02,3.5230022600264355,3.552360818291972,3.483857826764688,3.541595935821533,1172000
2004-11-03,3.579761096718236,3.579761096718236,3.5249588546868607,3.548445463180542,1670300
2004-11-04,3.533766998768306,3.787227263824923,3.533766998768306,3.705024003982544,5474050
2004-11-05,3.5934623778011776,3.7187247057841497,3.5934623778011776,3.6619653701782227,2886050
2004-11-08,3.7089383462533143,3.7089383462533143,3.642392673396449,3.6688153743743896,1632100
2004-11-09,3.660007811780273,3.7950562392196368,3.660007811780273,3.7157886028289795,2774850
2004-11-10,3.8165858954731933,3.8165858954731933,3.67077258133962,3.727532148361206,6075350
2004-11-11,3.73829609438321,3.7774405194575094,3.647285282753548,3.6834938526153564,722550
2004-11-12,3.757868824772667,3.757868824772667,3.6609862893671465,3.6864302158355713,186950
2004-11-16,3.683494214562271,3.6991520327943923,3.6423924708678532,3.695237636566162,1255800
2004-11-17,3.7187247838434554,3.797013886300688,3.7187247838434554,3.7784202098846436,2885850
2004-11-18,3.816584651798751,4.07102337971158,3.742209974425873,3.9575047492980957,5612900
2004-11-19,4.029923972291178,4.247175941002377,4.002522957610784,4.216838836669922,8765850
2004-11-22,4.247174598894985,4.401795228072129,4.185521868707832,4.363629341125488,7653450
2004-11-23,4.392008418280481,4.589688083384614,4.392008418280481,4.538800239562988,5108500
2004-11-24,4.521186126593913,4.871529402014268,4.521186126593913,4.800090789794922,8770950
2004-11-25,4.893058893894374,4.925353075127862,4.681678671282876,4.710058689117432,5229450
2004-11-29,4.716909512489633,5.069209459501585,4.695379744636385,5.01049280166626,13952200
2004-11-30,5.049635168402666,5.245357747522364,5.0104907459063925,5.086822509765625,7166850
2004-12-01,5.108353660040302,5.2708035857845585,4.996792062015126,5.221872806549072,5513750
2004-12-02,5.2453589613479625,5.458696253312421,5.227743827156833,5.332455158233643,7833900
2004-12-03,5.439124343137607,5.439124343137607,5.090738602743629,5.160219669342041,3922150
2004-12-06,5.160218169119157,5.421507631769557,5.010490730208099,5.100522994995117,6369650
2004-12-07,5.123032115560598,5.123032115560598,4.853913818632535,4.880336284637451,2816250
2004-12-08,4.947861316506251,5.068230238941228,4.914588128219793,4.952754020690918,2458500
2004-12-09,4.952754377736247,5.008535409208804,4.815748851281278,4.89403772354126,1579850
2004-12-10,4.932202695078991,4.960582242634947,4.7785606020549825,4.805961608886719,1344450
2004-12-13,4.81672764045366,4.932203872980584,4.758010983232285,4.910674571990967,1706650
2004-12-14,4.961562065701327,5.0281075122726095,4.863700510976118,4.929267883300781,1854950
2004-12-15,4.93220232168714,5.205234761887196,4.93220232168714,5.121074199676514,3520800
2004-12-16,4.932203999783098,5.261017568659404,4.932203999783098,5.2375311851501465,3887600
2004-12-17,5.282546601875197,5.389215496466501,5.2473167950815505,5.274717807769775,6175400
2004-12-20,5.284502814476494,5.3725775425148745,4.9909191433128735,5.199363708496094,2459200
2004-12-21,5.240466146363096,5.243401768941613,5.088781113816566,5.1191182136535645,1819550
2004-12-22,5.138689447151285,5.206213886555287,5.0887801397620285,5.139667987823486,1350850
2004-12-23,5.2199151350932045,5.382364575849639,5.130861388261161,5.357899188995361,4341450
2004-12-24,5.421509163533423,5.480225813683354,5.364749595063618,5.3960652351379395,3011700
2004-12-27,5.401936760177795,5.499797840379877,5.401936760177795,5.48609733581543,2510450
2004-12-28,5.675947850268115,5.852097782183512,5.61723073965791,5.686712265014648,4264850
2004-12-29,5.717047783245824,5.754235120823059,5.519368143116874,5.621143817901611,2067250
2004-12-30,5.675947738933309,5.714113626762108,5.500775884552638,5.560471534729004,2034950
2004-12-31,5.608422826982445,5.7327063538845024,5.4997968835332625,5.6074442863464355,1447450
2005-01-03,5.675948906520842,5.695521124820356,5.480226256887215,5.618210792541504,3805600
2005-01-04,5.675946820641686,5.94995777613736,5.5193686651486935,5.822738170623779,3725650
2005-01-05,5.83252533300516,5.910814188486294,5.460652802831384,5.656375408172607,3682150
2005-01-06,5.656376578943343,5.656376578943343,5.1474984463487345,5.498819828033447,5138950
2005-01-07,5.675947738933309,5.705305827024142,5.49979734383473,5.560471534729004,1133550
2005-01-10,5.57710810000248,5.646589629475407,5.522306082370943,5.5878729820251465,3575400
2005-01-11,5.383342808126536,5.617230847778513,5.284503192200635,5.335391044616699,16472450
2005-01-12,5.284503012799835,5.392150425151538,4.934159768955041,5.149454593658447,1252900
2005-01-13,5.149455032569859,5.538942271713111,4.990919756016976,5.33147668838501,2074150
2005-01-14,5.401937662915389,5.401937662915389,5.190557414371299,5.238509654998779,829750
2005-01-17,5.338327388654752,5.338327388654752,5.191535522733558,5.258081436157227,1228400
2005-01-18,5.321691505679303,5.361814483778276,5.196428933438562,5.274717807769775,748050
2005-01-19,5.284503978239733,5.304076196184979,5.1876214294149925,5.2502522468566895,629450
2005-01-20,5.250250949326046,5.284502672244225,5.108352287631784,5.255144119262695,855500
2005-01-24,5.2845039822309445,5.2845039822309445,5.088781335992178,5.10933256149292,389100
2005-01-25,5.088781073012784,5.127925506909924,4.959604347824531,5.099545955657959,720650
2005-01-27,5.480225218197061,5.578086291146607,5.108352674350379,5.269824028015137,660500
2005-01-28,5.324626424158243,5.480225611305242,5.324626424158243,5.445974349975586,1076400
2005-01-31,5.480224560990187,5.675947150055977,5.480224560990187,5.642673969268799,2247250
2005-02-01,5.558513624686911,5.773808434312297,5.49979698569045,5.754236221313477,1779400
2005-02-02,5.7150929757299,5.871670712060539,5.7150929757299,5.831547737121582,1853650
2005-02-03,5.754236307053148,6.026290211781933,5.675947453891343,5.968552112579346,3540100
2005-02-04,6.047820526681409,6.145682076281349,5.969531660312218,6.028248310089111,2516800
2005-02-07,6.302259051384541,6.634987160092662,6.067392013873397,6.1261091232299805,5402700
2005-02-08,6.165254001614167,6.282687295620159,6.165254001614167,6.247457027435303,1852700
2005-02-09,6.282686977155536,6.302259191831101,6.067392149085919,6.231799125671387,1632850
2005-02-10,6.243542666784158,6.517553677463741,6.184826021638534,6.458837032318115,3682550
2005-02-11,6.51363964795588,6.514618188732603,6.431436156411604,6.463730335235596,6240350
2005-02-14,6.554740456800447,6.556697538143814,6.263114337911951,6.298344135284424,887950
2005-02-15,6.37076202515409,6.432414289930062,6.107515440707165,6.132959365844727,2157100
2005-02-16,6.106535451824366,6.243541395915095,5.8931982112284045,5.971487522125244,1109750
2005-02-17,6.057604845187008,6.057604845187008,5.915706205624331,5.935278415679932,1132250
2005-02-18,5.969531395689519,6.047820258588252,5.812953669892055,5.870691776275635,11602500
2005-02-21,6.36097547056061,6.556697606076353,5.87166966513287,5.960723400115967,1500550
2005-02-22,5.968552160071858,6.145681088402496,5.968552160071858,6.102622032165527,1012400
2005-02-23,6.1065366595495325,6.380548135285509,6.1065366595495325,6.324767112731934,2256500
2005-02-24,6.458837004515448,6.556698079336905,6.223970424943955,6.3179168701171875,1631750
2005-02-25,5.937237056206125,6.359997464417963,5.937237056206125,6.263114929199219,1669800
2005-02-28,6.282687916154845,6.5048325625919245,6.263115698554051,6.440244197845459,1631750
2005-03-01,6.5351690489134455,7.711460476077704,5.969531406788472,6.95988655090332,18496700
2005-03-02,6.889426299330365,7.607727485450761,6.889426299330365,7.319036960601807,25311950
2005-03-03,7.398304694657271,7.437449126906375,7.085148770025998,7.227047920227051,7945700
2005-03-04,7.227047341778444,7.2994644889792175,6.967714915586894,7.087105751037598,4430500
2005-03-07,7.096892189481422,7.338609501805348,7.096892189481422,7.173223972320557,3198200
2005-03-08,7.143866180346657,7.300443915815583,6.941293291777196,7.000988483428955,1191700
2005-03-09,7.044047353568525,7.349374489300052,7.044047353568525,7.198668003082275,4077800
2005-03-10,7.065575938353746,7.33958740686424,7.065575938353746,7.28967809677124,2739850
2005-03-11,7.32001529786789,7.457020800777094,7.125271691594045,7.315122127532959,3850100
2005-03-14,7.41396303450463,7.476593848544319,7.006860176735131,7.068512916564941,2647600
2005-03-15,7.0968918559779866,7.202582191341802,6.989244905724613,7.063619136810303,6869150
2005-03-16,7.1419080371499115,7.181052467756765,7.0636191759362035,7.143865585327148,952650
2005-03-17,7.1047215266368395,7.202582608276787,7.050897581756034,7.118422031402588,947550
2005-03-18,7.241726939227003,7.805407041539612,7.06557652811058,7.139951229095459,8252700
2005-03-21,7.332737684489299,7.3767752867716405,7.143865778375433,7.147779941558838,1556700
2005-03-22,7.183009650526651,7.251512167284639,7.1184212966471785,7.155608177185059,1762450
2005-03-23,6.8708327557874105,7.141908152089774,6.556698298469158,6.738720417022705,6650850
2005-03-24,6.81113750944729,6.816030679969331,6.3609760874648575,6.463730335235596,3733450
2005-03-28,6.497981184587048,6.693703793342548,6.439264541951916,6.631072521209717,2561650
2005-03-29,6.654559427678173,6.654559427678173,6.458836817076815,6.57627010345459,2646550
2005-03-30,6.517553584043878,7.339587537576767,6.507767709979081,6.749484539031982,4208600
2005-03-31,6.946184554799541,6.98728605907947,6.556696938169031,6.64379358291626,1487550
2005-04-01,6.770035901228884,6.770035901228884,5.8765633219781135,6.639880180358887,1784150
2005-04-04,6.948143813648646,6.9990316729759074,6.380549033938087,6.4666666984558105,1544350
2005-04-05,6.554741179286622,6.634987589508563,6.482324028577865,6.550826549530029,782050
2005-04-06,6.633031262337327,6.633031262337327,5.912772852503963,6.567464351654053,1049150
2005-04-07,6.6535802872567205,6.708382766453442,6.537125543931874,6.578227519989014,673900
2005-04-08,6.654560475342103,6.654560475342103,6.36097674653877,6.4206719398498535,518350
2005-04-11,6.419692016167669,6.5312535850960645,6.400119802905874,6.500916957855225,730400
2005-04-12,6.576270401637685,6.693704159978574,6.497981540502707,6.612479209899902,793450
2005-04-13,6.689789376441548,6.689789376441548,6.421649613245268,6.459815502166748,375600
2005-04-15,6.106535829907892,6.45883611752207,6.106535829907892,6.181889057159424,773700
2005-04-18,6.067392015586312,6.150574042786826,5.969530944361706,6.011611461639404,2107500
2005-04-19,6.164275164846405,6.164275164846405,5.582979923448968,5.761087417602539,1851850
2005-04-20,5.803167394822609,5.891242599906287,5.67594822448205,5.815889358520508,2270250
2005-04-21,5.815889023476575,5.910814475341511,5.673011808625752,5.813931941986084,2071900
2005-04-22,5.871669695036099,6.400119930258277,5.871669695036099,6.276814937591553,2459700
2005-04-25,6.302260115708738,6.378591904124794,6.106537473622792,6.165254592895508,1376750
2005-04-26,5.921579582024249,6.337489279429494,5.921579582024249,6.221034526824951,792200
2005-04-27,6.223970238740572,6.263114667498065,6.0673920570722,6.145681381225586,680450
2005-04-28,5.96953101474495,6.20439805509158,5.96953101474495,6.0106329917907715,630150
2005-04-29,6.028248512172281,6.086965163917514,5.775766769676236,5.931365966796875,846500
2005-05-02,5.969530722116825,5.969530722116825,5.8041456812279435,5.906899452209473,2068350
2005-05-03,5.91081501645776,5.969531666293485,5.898093052328097,5.9274516105651855,3042850
2005-05-04,5.948002289523897,6.008676020228645,5.911793479282363,5.982253551483154,816650
2005-05-05,6.1632962628009,6.8463671751084485,6.1632962628009,6.243542671203613,3754000
2005-05-06,6.243541581752486,6.349231431319654,6.205375699044712,6.299322128295898,1654750
2005-05-09,6.345319343847683,6.357062301365194,6.204399187252676,6.2905168533325195,661700
2005-05-10,6.331617268633076,6.359018742438126,6.184825892161251,6.292472839355469,1468550
2005-05-11,6.126109191206333,6.535168613340214,6.126109191206333,6.508746147155762,2762250
2005-05-12,6.537126385084998,6.648688439242464,6.360976436375219,6.451987266540527,1413750
2005-05-13,6.4979821895152865,7.0636198743408345,6.458837755038086,6.72404146194458,7785800
2005-05-16,6.713275665175156,6.928570010523896,6.713275665175156,6.804286479949951,2259850
2005-05-17,6.849303160995677,6.849303160995677,6.654559554058299,6.749484539031982,2045000
2005-05-18,6.654559899333955,6.850282057169128,6.556698353777936,6.690768241882324,5516100
2005-05-19,6.7524211018998965,6.850282182609487,6.61737267052913,6.702511787414551,1222350
2005-05-20,6.195589871559572,6.948142241496253,6.195589871559572,6.790585994720459,2052350
2005-05-23,6.811137487953001,6.948142995668822,6.705447618185625,6.854196548461914,2010100
2005-05-24,6.693703461799875,6.869853380980471,6.693703461799875,6.851259708404541,1373350
2005-05-25,6.758291934526576,6.926613064785496,6.752420223783741,6.863003253936768,803900
2005-05-26,6.869854742787459,6.94422944783443,6.679025275868362,6.758293151855469,564050
2005-05-27,6.723062811589689,6.832667319668574,6.716212558999663,6.806244850158691,807000
2005-05-30,6.850283387049783,6.850283387049783,6.7328500695507465,6.779823303222656,955150
2005-05-31,8.098990649601998,8.098990649601998,7.132122348492456,7.309250831604004,36245950
2005-06-01,7.408090486829244,8.140091688930271,7.341544583628491,7.8200860023498535,55536500
2005-06-02,7.709502014133323,7.776047913144773,7.496164747630586,7.544116973876953,24668450
2005-06-03,7.544118021146925,7.609684921945644,7.3983047074518575,7.4217915534973145,7185600
2005-06-06,7.731032330521055,8.220337701679693,7.61849174517576,7.65078592300415,7031350
2005-06-07,7.71145899202643,8.024614383937616,7.662528228721136,7.8014912605285645,63451800
2005-06-08,7.8288934274981274,7.905225205612165,7.723203560348482,7.744732856750488,21621300
2005-06-09,7.828893617810226,7.828893617810226,7.656657842492072,7.701673984527588,6625050
2005-06-10,7.711459538723994,7.784855222246919,7.655678520598011,7.679165363311768,3403700
2005-06-13,7.633169830080611,7.73103088602763,7.344479365058164,7.590110778808594,3121850
2005-06-14,7.665466481199364,7.68993140312033,7.594027863919964,7.636107921600342,3849100
2005-06-15,7.727118267955268,7.727118267955268,7.49812338411195,7.5353102684021,3145450
2005-06-16,7.61359995831428,7.725161549709465,7.452128583088651,7.476593971252441,5453550
2005-06-17,7.525524313106799,7.567604367677248,7.2417269467237055,7.395369052886963,3278100
2005-06-20,7.474637312393972,7.474637312393972,7.27108586865275,7.3229522705078125,1866850
2005-06-21,7.35720276968654,7.392432570086811,7.290656865270717,7.3268656730651855,1641050
2005-06-22,7.375796137077523,7.66252909868219,7.324908286786762,7.634149551391602,5992450
2005-06-23,7.770176613114486,7.828893256541942,7.5460744540514,7.767240524291992,7607900
2005-06-24,7.809321589048436,7.809321589048436,7.6351287280212725,7.719289302825928,2117050
2005-06-27,7.711460223461849,7.868037944421182,7.635128444502649,7.783877372741699,4758550
2005-06-28,7.770176626597256,7.770176626597256,7.594026696009233,7.652743339538574,2012050
2005-06-29,7.478550859316109,7.730054038160357,7.478550859316109,7.6742730140686035,1115300
2005-06-30,7.648829472236086,7.76822031929069,7.648829472236086,7.688952445983887,1077100
2005-07-01,7.644915004552968,7.760391224111135,7.635129129434347,7.720268249511719,810150
2005-07-04,7.720268051755141,7.828894015956256,7.71243925853309,7.817150592803955,1591150
2005-07-05,7.6723156002418715,7.877824087151094,7.6723156002418715,7.833786487579346,3135350
2005-07-06,7.90718174678802,7.946326173919575,7.789748465393358,7.839657306671143,4676200
2005-07-07,7.9071833429339105,8.044189332188791,7.811279337110884,7.8846755027771,7497050
2005-07-08,7.965897818237978,8.122475506402823,7.949261228883219,8.1038818359375,3640700
2005-07-11,8.259481100193785,8.357342628846121,8.142047825777006,8.318198204040527,5154900
2005-07-12,8.318198794809133,8.435632077566169,8.174342580125302,8.276118278503418,2325350
2005-07-13,8.414104994351963,8.41606300963983,8.026574757901644,8.0715913772583,1843250
2005-07-14,9.05802850028942,9.05802850028942,8.036358315869721,8.1312837600708,1496800
2005-07-15,8.247110539132667,8.247110539132667,8.048833778748342,8.075336456298828,887150
2005-07-18,8.107726043881105,8.225513715848496,7.832887674577252,7.881965637207031,28138450
2005-07-19,8.04883130102419,8.04883130102419,7.891781080296796,7.988955974578857,1460200
2005-07-20,8.048831036645431,8.245143806106418,7.993863648414979,8.155821800231934,2299700
2005-07-21,8.186252472543357,8.264777599792755,8.068464781669258,8.230422973632812,1985400
2005-07-22,8.245147118398256,8.38256658027251,8.166621979068253,8.338396072387695,3212100
2005-07-25,8.338395556076916,8.519985514591992,8.284409175095297,8.408086776733398,3168150
2005-07-26,8.40906927089832,8.500354300849413,8.166621990195436,8.442441940307617,4591200
2005-07-27,8.44145837634885,8.50624164371161,8.343301513517241,8.443421363830566,3189250
2005-07-29,8.345267233066153,8.578879669548293,8.343304244941795,8.365880012512207,2525900
2005-08-01,8.461090139504206,8.537652276467098,8.205883016294568,8.33054256439209,2228550
2005-08-02,8.434589336272637,8.480722828724762,8.372750068271909,8.446367263793945,1177400
2005-08-03,8.441459131710282,8.702555212006525,8.404159557940346,8.629919052124023,2603900
2005-08-04,8.638754896349788,9.030399572416876,8.559248729934687,8.947948455810547,3221600
2005-08-05,9.030399076948191,9.56927812770104,9.02254712499374,9.448546409606934,4570350
2005-08-08,9.619335598107696,10.754024685454883,9.560441295955949,9.822519302368164,5801350
2005-08-09,10.011963590217064,10.099322634871914,9.658600499771781,9.76755428314209,4841400
2005-08-10,9.889268134772282,9.914788849682372,9.759701572320045,9.815650939941406,1989150
2005-08-11,9.888286092189883,9.888286092189883,9.482899645208224,9.601668357849121,4049750
2005-08-12,9.717493593133257,9.815650472293543,9.580075085620907,9.641913414001465,2589150
2005-08-16,9.751848431676136,9.815649743125396,9.65859949701032,9.672341346740723,3418100
2005-08-17,9.672342520917768,9.815650934699411,9.524126169337565,9.592835426330566,1864000
2005-08-18,9.69786226499808,9.77540542782857,9.580074577904174,9.598724365234375,2130550
2005-08-19,9.717494741401786,9.717494741401786,9.524126846084345,9.580076217651367,1508900
2005-08-22,9.91380725994425,9.91380725994425,9.521180683020628,9.56142520904541,5494550
2005-08-23,9.756757604787875,9.756757604787875,9.305237578645166,9.370020866394043,2917850
2005-08-24,9.423025345211537,9.423025345211537,9.0323617310226,9.123647689819336,23998200
2005-08-25,10.306431438599978,10.306431438599978,9.226709675356972,9.950613975524902,3335800
2005-08-26,10.208275267567705,10.821753371053584,10.061040897168413,10.519922256469727,5813280
2005-08-29,10.502746119943845,10.699058947812315,10.124843341238666,10.22054672241211,2991260
2005-08-30,12.009445425962591,12.009445425962591,9.992330325450382,10.080671310424805,3333840
2005-08-31,10.306432139996529,10.306432139996529,9.766571221635195,9.820557594299316,4460000
2005-09-01,9.96042995886861,10.110118757376448,9.496640688798912,9.553080558776855,5406180
2005-09-02,9.665961697773618,9.712586636833631,9.329775929640071,9.39848518371582,4871040
2005-09-05,9.47210386838836,9.614431272657267,9.398486665118782,9.545722007751465,2264200
2005-09-06,9.545722147919719,9.661055424834638,9.442657312954097,9.494189262390137,1274380
2005-09-08,9.57026146633706,9.5972546612735,9.383764475284494,9.415664672851562,1838800
2005-09-09,9.562900026297521,9.562900026297521,9.34940890421492,9.415664672851562,2090280
2005-09-12,9.47210215247217,10.944449695515098,9.44756340119213,10.51010799407959,21067600
2005-09-13,10.551821361379336,10.625438532495917,10.257351740819892,10.308883666992188,5915260
2005-09-14,10.306432391090912,10.387411952059992,9.864728332977108,9.965338706970215,4827660
2005-09-15,10.036502036213644,10.134657970027368,9.872089419533395,9.977607727050781,4164160
2005-09-16,10.083127502852856,10.083127502852856,9.938346613508621,10.026687622070312,3033100
2005-09-19,10.102756261389306,10.551822651462338,10.011961770447945,10.19845962524414,5387300
2005-09-20,10.095394850004162,10.208274588878451,9.940798116097842,10.063493728637695,3144100
2005-09-21,10.257352711541898,10.257352711541898,9.472100627767427,10.061039924621582,4862300
2005-09-22,9.962884275033172,10.011962711756617,9.32486740590835,9.611974716186523,4356780
2005-09-23,9.815648708317635,10.011961495265346,9.423023134422213,9.572710990905762,2267720
2005-09-26,9.766571374126045,9.953069244735836,9.61933700140742,9.761663436889648,1514800
2005-09-27,9.960430887301376,9.962884387923355,9.692954387025793,9.80828857421875,2022740
2005-09-28,9.913807948717924,10.038957087898277,9.820559001507144,9.997241020202637,2039760
2005-09-29,10.105210858156982,10.42912720468564,9.93834474799455,10.01932430267334,5742480
2005-09-30,10.061042890143018,10.085581644705973,9.717494709700741,9.805835723876953,2633800
2005-10-03,10.036504678957192,10.061043434848678,9.815652131559686,9.840190887451172,2008760
2005-10-04,10.011962221612087,10.061040655932853,9.76657098610153,9.788656234741211,2201660
2005-10-05,9.864730932666296,9.91626288353976,9.37885624708742,9.511366844177246,7623640
2005-10-06,9.37394724197161,9.815651366233421,9.040214945744719,9.11874008178711,10298200
2005-10-07,9.226709579346883,9.560441791279949,9.128553652132773,9.265972137451172,5500420
2005-10-10,9.415661962839701,9.472101837783391,9.19481040037656,9.243887901306152,2039380
2005-10-11,9.4132095686091,9.4132095686091,9.079477280940134,9.312599182128906,2241180
2005-10-13,9.324863840055507,9.398480998942615,9.131004603981514,9.15554428100586,1677200
2005-10-14,9.324867389991129,9.324867389991129,8.846354270917656,8.92733383178711,4849960
2005-10-17,8.991135812389386,9.077023316915438,8.73838310863607,8.804638862609863,1403780
2005-10-18,8.88316276539969,8.956779947613478,8.735927464878857,8.780097961425781,1066880
2005-10-19,7.982576944481011,8.735927995913089,7.982576944481011,8.468451499938965,1988160
2005-10-20,8.583786046255108,8.73592836328915,8.097911470364444,8.230422973632812,1832520
2005-10-21,8.392382063284213,8.613233656261443,8.097912336554451,8.583786964416504,2469520
2005-10-24,8.588694061514426,8.63286456300397,8.451274619536585,8.546977996826172,1881400
2005-10-25,8.573969713781493,8.68685039726039,8.458636465841131,8.625502586364746,2279720
2005-10-26,8.664763661219572,8.924877735687776,8.515074878542434,8.831629753112793,1855600
2005-10-27,8.831632699140647,9.15309468121088,8.515077718974888,8.689305305480957,7070400
2005-10-28,8.73592613513258,8.834082987205443,8.343300599027362,8.431641578674316,1387020
2005-10-31,8.53961621070502,8.566609400818233,8.34821131512904,8.446367263793945,1211860
2005-11-02,8.686850890711717,9.423024663277344,8.539615574542578,9.359222412109375,3872100
2005-11-07,9.275788594696413,9.712585634197753,9.177632661305664,9.638967514038086,3291440
2005-11-08,9.619336743248784,10.061040785643755,9.607067368533729,9.977607727050781,7045400
2005-11-09,9.97760867405922,10.090488429900777,9.423024833899067,9.52608871459961,3868840
2005-11-10,9.638967327635275,9.766570881059549,9.570258081981152,9.5923433303833,1722600
2005-11-11,9.663509278022445,9.759211731503132,9.62424670900233,9.69295597076416,1678800
2005-11-14,9.69295391175878,9.864727965768099,9.69295391175878,9.751848220825195,2334660
2005-11-16,9.80338061147454,10.289255173486936,9.72485548646809,10.161651611328125,7571320
2005-11-17,10.166559307174495,10.20827536930249,9.840188503542642,10.016870498657227,2718440
2005-11-18,10.100303261950474,10.18128281936077,9.987423517766375,10.127296447753906,3128080
2005-11-21,10.20827722351675,10.20827722351675,9.815651536494366,9.827920913696289,1239160
2005-11-22,10.002147726731652,10.397227820156413,9.84264396331168,10.326065063476562,11015100
2005-11-23,10.537101845034995,10.649982551895333,10.110121516971391,10.289257049560547,9501920
2005-11-24,10.306431700380873,10.44139669019102,10.061040469419424,10.21563720703125,6515460
2005-11-25,10.257353157845472,10.306431590734284,10.20827472495666,10.252445220947266,2563660
2005-11-28,10.281893010639166,10.57636174060566,10.065948464049578,10.193552017211914,6462000
2005-11-29,10.30152490823368,10.404589723459525,10.016871086128695,10.262262344360352,4279820
2005-11-30,10.262260928146544,10.762859250517895,10.254899490965364,10.438942909240723,11729900
2005-12-01,10.453666126957994,10.755498166605424,10.453666126957994,10.667157173156738,5681740
2005-12-02,10.748135454013488,11.565288681541505,10.669610337001535,11.153031349182129,27578700
2005-12-05,11.287997211941708,11.528480518473618,11.238918775975474,11.30272102355957,5261220
2005-12-06,11.302722189612739,11.435232763470818,10.681881642363052,10.890464782714844,6575420
2005-12-07,10.895372216083587,11.211926227078843,10.89046427859849,11.067145347595215,2320360
2005-12-08,11.278181356758079,12.392257829889772,11.189840359086906,12.227846145629883,24997660
2005-12-09,12.514954251063887,12.514954251063887,11.489218710108828,11.60209846496582,26155020
2005-12-12,11.77878127967455,11.77878127967455,11.042607449694891,11.103955268859863,11833740
2005-12-13,11.184934877556545,12.024172597265316,11.184934877556545,11.864667892456055,19218560
2005-12-14,11.926012448959874,12.220482088608069,11.781231597404947,11.891657829284668,28311540
2005-12-15,11.926012052058702,11.975090479715588,11.435229647676152,11.55056381225586,6450200
2005-12-16,11.66835396679351,12.01926353569228,11.631545840266515,11.923561096191406,6942520
2005-12-19,12.367718616617413,12.367718616617413,11.933376018400134,12.043802261352539,5093540
2005-12-20,12.024170989622068,12.159135986980795,11.778779744935903,11.867120742797852,4480960
2005-12-21,11.950553137183535,12.009446508412616,11.599643601958297,11.756693840026855,2959660
2005-12-22,11.857305263245125,11.88184401409366,11.50885013351057,11.607006072998047,2602320
2005-12-23,11.99472500639693,11.99472500639693,11.51621186395389,11.616822242736816,2083900
2005-12-26,11.616820226897987,11.616820226897987,10.907639760966884,11.052420616149902,4524240
2005-12-27,11.05242216230089,11.422962539181682,10.944449412833462,11.18493366241455,2852460
2005-12-28,11.518663365857797,11.518663365857797,11.000888685345743,11.052420616149902,3558620
2005-12-29,11.057330782344405,11.140763850223545,10.753045200640077,10.821754455566406,7629400
2005-12-30,11.027881162612761,11.209471078492637,10.900277615039133,10.964079856872559,3896380
2006-01-02,11.167757075733181,11.238920773729127,10.94935897976046,11.047515869140625,3389820
2006-01-03,11.162849343164723,11.582468192419539,11.08677771206914,11.523573875427246,9011820
2006-01-04,11.631545158973651,11.906383085869232,11.533388288464296,11.714978218078613,9085280
2006-01-05,11.776326429806327,12.097788366307393,11.636452556926839,12.02662467956543,7192860
2006-01-06,12.085521030416743,12.208216675395592,11.63154751843239,11.7714204788208,6419620
2006-01-09,11.778779978197461,11.975092790615419,11.631545602907323,11.899022102355957,5585600
2006-01-10,11.87693637320882,11.87693637320882,11.636452134595563,11.722339630126953,4218140
2006-01-12,11.729701480683802,11.729701480683802,11.27818154640031,11.341983795166016,2490020
2006-01-13,11.391060761366552,11.656083746398922,11.194747959172172,11.30026626586914,3815220
2006-01-16,11.361614767835167,11.503942143162803,10.99352789024163,11.049967765808105,3063000
2006-01-17,11.09168430915707,11.24137311632984,10.907640877930216,10.986166000366211,3708320
2006-01-18,11.18983870306625,11.231555695167497,10.748134716172904,10.831567764282227,5628400
2006-01-19,10.895370231430846,11.165300191288456,10.895370231430846,10.991072654724121,5359960
2006-01-20,11.022974711903005,11.778780225710932,11.022974711903005,11.690439224243164,10275140
2006-01-23,11.675715811795289,11.68062281290181,11.388607570211922,11.535841941833496,2633140
2006-01-24,11.560381468055683,11.764055710520307,11.410692661856404,11.481856346130371,3261940
2006-01-25,11.562835049107084,11.624182859544335,11.140762749842235,11.219287872314453,2085560
2006-01-27,11.287995971272577,11.975091191000963,11.287995971272577,11.773870468139648,7493360
2006-01-30,11.84994364455169,11.859759519178793,11.346891771079259,11.786141395568848,3924240
2006-01-31,10.858562658726662,11.778779833195024,10.858562658726662,11.484310150146484,2979180
2006-02-01,11.602098160383301,11.602098160383301,11.31253640650427,11.486764907836914,4292760
2006-02-02,11.341985224080391,11.582468565363195,11.116224760449663,11.172664642333984,2138080
2006-02-03,11.224195439811368,11.435231114446676,11.140762382920844,11.351798057556152,3291880
2006-02-06,11.526027692281357,12.34318009496982,11.33707631121685,12.09042739868164,12253280
2006-02-07,12.122327930602419,12.755436858710532,12.097788244338807,12.657280921936035,14263760
2006-02-08,12.662189916454022,12.662189916454022,11.859761239223733,12.296557426452637,10434180
2006-02-10,12.318642541600658,12.438883745548626,11.749334842341398,11.791050910949707,13505300
2006-02-13,11.967731962734673,12.07079584347279,11.778780578621417,11.903929710388184,5025980
2006-02-14,12.063433329809563,12.063433329809563,11.589828161374523,11.714978218078613,4313040
2006-02-15,11.714981218808832,11.970187462534948,11.631548138332928,11.663448333740234,1391180
2006-02-16,11.827858689867114,11.827858689867114,11.533388996358442,11.570198059082031,1301600
2006-02-17,11.668353637529384,11.77387194889722,11.386154264412289,11.469587326049805,1473040
2006-02-20,11.44013905145121,11.530934481895166,11.18002494286384,11.351798057556152,1858320
2006-02-21,11.47204043862929,11.680622617621596,11.317443695745919,11.376338005065918,1445600
2006-02-22,11.484312423641258,11.521121492344236,11.150580112525068,11.253644943237305,2040960
2006-02-23,11.37388593291498,11.42296437820208,11.28799935573267,11.327261924743652,1365980
2006-02-24,11.337075484988993,11.680622659629089,11.28799704972804,11.474493980407715,2739960
2006-02-27,11.189839378801434,11.567742086358274,11.189839378801434,11.430323600769043,1105820
2006-02-28,11.533390869880728,11.81559123368755,11.042608279673038,11.253644943237305,1458420
2006-03-01,11.33707667437581,11.975093591423487,11.33707667437581,11.724794387817383,3487120
2006-03-02,12.272014245555324,13.938220819427702,11.82785674567557,12.171403884887695,20382900
2006-03-03,12.26220032047139,12.26220032047139,12.024170522816801,12.156682014465332,5348440
2006-03-06,12.220483116852215,12.318639983691693,11.729700654841336,11.756693840026855,3683560
2006-03-07,11.77878079728704,11.872029740705045,11.54075096912531,11.60455322265625,2292040
2006-03-08,11.656083247484606,11.680621995673594,11.19474748000437,11.243825912475586,4096320
2006-03-09,11.310082672004857,12.019263229842892,11.310082672004857,11.921107292175293,14827400
2006-03-10,11.975094304245431,12.166500139627951,11.501489057871773,11.594738006591797,5391580
2006-03-13,11.602098050993547,11.862213114120312,11.238919111742593,11.290451049804688,5950960
2006-03-14,11.287997211941708,11.607005641582269,11.263458462005245,11.30272102355957,4427720
2006-03-16,11.54565728877125,12.146865994930929,11.533387914378862,12.087971687316895,40649940
2006-03-17,12.16404493857885,12.41679764213307,12.033987867599441,12.30391788482666,18997460
2006-03-20,12.379988585045085,12.858501703398764,12.318640773361109,12.642557144165039,20388860
2006-03-21,12.701451313588738,13.084262019433453,12.416797487014989,12.92721176147461,11328820
2006-03-22,13.052360405486478,13.202049219538775,12.397166209531685,13.103893280029297,8797760
2006-03-23,13.103892955265353,13.78853382249567,13.103892955265353,13.454802513122559,6748540
2006-03-24,13.599582606648255,13.840066855073928,13.447440293967247,13.741909980773926,4877040
2006-03-27,13.74191025675363,13.840067133024924,13.447440564033098,13.525965690612793,4543560
2006-03-28,13.525965413099417,13.692831537681002,13.45970966338967,13.51615047454834,2061200
2006-03-29,13.543141606645822,14.033924065194087,13.162785388489565,13.92840576171875,3537500
2006-03-30,14.375020171535017,14.429005611107726,13.521057780116818,13.744363784790039,4334700
2006-03-31,12.870770424649244,13.92840604525071,12.870770424649244,13.705100059509277,2395800
2006-04-03,13.876875925415298,14.033926186110483,13.744364416918712,13.975032806396484,1795680
2006-04-04,14.124722241924148,14.227786128945214,13.790989955410048,13.874423027038574,1336240
2006-04-05,14.073187761645041,14.141897947937467,13.79098838683208,13.869513511657715,1177060
2006-04-07,14.09772635598124,14.09772635598124,13.643752018655823,13.793440818786621,2000540
2006-04-10,13.103893106103897,13.9357692926651,13.103893106103897,13.741909980773926,1486860
2006-04-12,13.786079302900685,14.232691264235797,13.786079302900685,13.943129539489746,3672240
2006-04-13,13.938222911557808,13.98730134912428,12.367719462084066,13.471980094909668,5162580
2006-04-17,13.835159397329257,13.982393777789639,13.47443394827995,13.79835033416748,3209060
2006-04-18,13.648662253258044,14.330850624298373,13.594676810093183,14.097728729248047,2699160
2006-04-19,14.227783248003266,14.379925546838988,13.992207894433133,14.092818260192871,1717080
2006-04-20,14.085457019234479,14.91978664211355,13.950491093449797,14.73328971862793,5332240
2006-04-21,14.72347602691742,15.891538982598503,14.625319145633945,15.5332670211792,6055200
2006-04-24,15.55780576227481,15.847367514727706,14.826539007033876,14.954142570495605,3867320
2006-04-25,14.870709466941614,15.435110094284461,14.772553527994456,15.08910846710205,2895640
2006-04-26,14.797094806509058,15.307509146164845,14.281773464746983,15.184813499450684,2313220
2006-04-27,15.165178391445016,15.440016317172283,14.919787152308064,15.248611450195312,3058260
2006-04-28,14.232693777218032,15.646147092177893,13.727187419861142,15.42284107208252,2419100
2006-05-02,15.545537981814876,15.705042696134893,15.165181666236558,15.319778442382812,2115040
2006-05-03,15.508727081940263,15.60688301961795,15.410570208169252,15.501364707946777,2188400
2006-05-04,15.636332637351167,18.603112309385978,15.606885009808707,18.129507064819336,10273700
2006-05-05,19.140520400531003,19.628848537819383,18.208032760348303,18.37489891052246,14705580
2006-05-08,18.53685199542902,19.147875576448634,18.23011298677853,18.4926815032959,4711700
2006-05-09,18.551579716571137,18.83868705436905,18.163861058995064,18.57611846923828,1891180
2006-05-10,18.69881422717841,18.895127994174437,18.163861177910412,18.320913314819336,2549580
2006-05-11,18.50004423668163,18.551576169084594,17.96263685675772,18.127050399780273,1062520
2006-05-12,18.15895631729572,18.15895631729572,16.841204353796513,17.7957763671875,1202240
2006-05-15,17.864486446620564,18.846051594848355,16.44121623281549,17.832584381103516,3123760
2006-05-16,18.146677033155445,18.84604339471483,17.422773800190974,17.63626480102539,11391420
2006-05-17,18.60801976120979,18.60801976120979,17.484127337093554,17.606822967529297,1855880
2006-05-18,17.275542010259084,17.422776365672558,16.19582028358294,16.27434539794922,3676520
2006-05-19,16.931995764859444,17.152848257968845,15.410569871233124,15.972515106201172,10072240
2006-05-22,14.82163179654326,15.901353665306187,12.779976682160505,14.568878173828125,6206660
2006-05-23,14.782369794364971,15.292783124255894,13.741910448524203,14.941873550415039,2176120
2006-05-24,14.870708957569615,14.968865829247907,14.13453522826234,14.34066390991211,4618700
2006-05-25,14.330847873818657,14.330847873818657,13.496517336746148,13.557865142822266,2174060
2006-05-26,13.987301557970504,14.37992719217795,13.54559748546379,14.083003997802734,1550300
2006-05-29,14.18361417783758,16.674334823886092,13.157878669629437,15.307506561279297,7663360
2006-05-30,15.55044458444261,15.768843601997125,14.878073025973153,15.000768661499023,3032040
2006-05-31,14.723475917359199,14.723475917359199,13.98730212149124,14.448637962341309,3028960
2006-06-01,14.723474693879826,15.263335619874082,13.305113597919263,13.604490280151367,3435960
2006-06-02,14.20815309205229,14.23023834097418,13.054814083196494,13.970123291015625,4197000
2006-06-05,13.98975509298476,14.132082470792682,13.5750442073293,13.955400466918945,8046620
2006-06-06,13.496518059703584,13.935768599399962,13.152969952837454,13.759086608886719,1388260
2006-06-07,13.594676227288787,13.741910609380515,12.76279906658107,13.062176704406738,4119220
2006-06-08,12.760345884766945,12.760345884766945,10.451214099601893,10.581271171569824,28560660
2006-06-09,10.551822723252453,12.698995951821265,10.306431497130303,12.679364204406738,3830280
2006-06-12,12.826600636924518,13.840066752609573,11.778779896316804,12.274470329284668,7825560
2006-06-13,12.220482895657508,12.220482895657508,11.04260519537002,11.71743106842041,5074380
2006-06-14,12.063434507786614,12.662188855299952,10.897826003111183,11.189841270446777,5300140
2006-06-15,12.024169889318575,12.171404248219881,11.435230581526906,12.038893699645996,4276820
2006-06-16,12.662188196126985,13.398361950229562,11.636452690523262,11.982455253601074,6878360
2006-06-19,12.168952475250048,12.171405975939612,11.670808522959899,11.766510963439941,7240820
2006-06-20,11.34934506169536,12.122327856550854,11.34934506169536,11.754240989685059,38278320
2006-06-21,11.778778347755964,12.171403918243882,11.584919062786778,11.795955657958984,7244440
2006-06-22,11.827857778084576,12.269561816250954,11.827857778084576,12.014354705810547,5245960
2006-06-23,12.024168787633677,12.024168787633677,11.63154324247473,11.842578887939453,23433380
2006-06-26,12.097787813679293,12.10024225026494,11.557926904311033,11.759147644042969,6136620
2006-06-27,11.778778311354042,11.80331705839875,11.096591033704609,11.32235050201416,16152840
2006-06-28,11.287998376475885,11.287998376475885,10.797215838368238,10.890464782714844,3825740
2006-06-29,11.18984034555316,11.533388461393699,11.091684409665367,11.415600776672363,2242420
2006-06-30,11.778781949946637,12.09533693951389,11.607007859291219,11.97509479522705,4238320
2006-07-03,11.975095125473871,12.021720071078054,11.788598151337672,11.970187187194824,2493900
2006-07-04,11.975091187586838,12.06588567565857,11.903927510082388,12.021716117858887,4542080
2006-07-05,11.926013489818935,12.514952820515807,11.85730424447183,12.215575218200684,8607980
2006-07-06,12.026626451618641,12.514955520067089,11.827860110105627,12.296557426452637,2790720
2006-07-07,12.392489378803628,12.535157483310387,11.80705592638503,11.880849838256836,1136320
2006-07-10,12.49580050229593,12.49580050229593,11.634869352396834,11.762779235839844,963500
2006-07-11,11.807054818931249,11.856251068344879,11.570913947754322,11.713582038879395,715120
2006-07-12,11.26589857646536,11.856251725467928,11.26589857646536,11.807055473327637,852820
2006-07-13,11.68898579549707,11.905448756063826,11.570915345644435,11.622570991516113,700300
2006-07-14,11.856247260206956,12.146504006344621,11.46267832964973,12.057950973510742,15386200
2006-07-17,12.102230991023914,12.32361269881278,11.883308673374094,11.98661994934082,3207640
2006-07-18,11.957103075777134,12.195704277874363,11.388888219187614,11.863630294799805,9298880
2006-07-19,12.200622006247354,12.200622006247354,11.519257428821806,12.043194770812988,58693260
2006-07-20,12.299014551602658,13.356729615372418,12.254738024149662,12.471200942993164,26457160
2006-07-21,12.003838937145483,13.036956426539323,11.740640080582581,12.89920711517334,9668780
2006-07-24,12.544995390604402,13.376409073344472,12.471201487739512,12.941023826599121,7296400
2006-07-25,13.184542700471267,13.430522981736331,12.854929086042471,13.250957489013672,5548340
2006-07-26,13.373948787845835,13.725700695584226,13.036956036064016,13.583032608032227,4420240
2006-07-27,13.600250781656564,13.821632484899578,13.38624724867918,13.494479179382324,1856420
2006-07-28,13.233740301846066,13.742919461226684,13.233740301846066,13.6691255569458,2877900
2006-07-31,13.873290032623899,14.045475501102292,13.824093782341318,13.971681594848633,1606300
2006-08-01,13.971683075765375,13.971683075765375,13.627311163966754,13.7994966506958,2002000
2006-08-02,13.922483568751394,13.937242723455764,13.578111737378856,13.710941314697266,581380
2006-08-03,13.868369784384162,15.447562883625784,13.528916702566281,13.715861320495605,23433000
2006-08-04,13.824092442112367,14.21766052953621,13.627308398400443,14.129107475280762,4512140
2006-08-07,14.266857522229044,14.301294614389617,13.460042431585704,13.993819236755371,4272280
2006-08-08,14.161087619979176,14.41444706134471,13.976602371216195,14.12173080444336,8579100
2006-08-09,14.124187313259783,14.660424401994469,13.789654918627225,14.466100692749023,2841720
2006-08-10,14.51283943677302,14.808016019765313,14.286537984094569,14.448884963989258,2150960
2006-08-11,14.512838820547055,14.734221482976325,14.4685622880612,14.58663272857666,1910080
2006-08-14,14.672726463334968,14.857211703334952,14.613690773665173,14.768658638000488,1765020
2006-08-16,14.955603790258458,16.256839015330733,14.874430769762686,16.01331901550293,6732400
2006-08-17,16.372448270029903,17.12022861191618,15.939524290527928,16.377368927001953,10096080
2006-08-18,16.500365191008733,16.517583743428688,15.841137663573825,16.350317001342773,2695680
2006-08-21,16.09203309824252,16.67746749781696,16.0871143172721,16.41672706604004,2660920
2006-08-22,17.203864684300054,17.203864684300054,15.253239676265029,15.484461784362793,4364840
2006-08-23,15.988720705480592,15.988720705480592,14.812935083100347,15.113030433654785,5230000
2006-08-24,15.250778267731548,15.349170760924023,14.86458928021267,15.12040901184082,1946000
2006-08-25,15.248319338698563,15.447562782844074,15.152386232682135,15.243399620056152,2665580
2006-08-28,15.349171438331565,15.693543303022734,15.103191132834842,15.37868881225586,2195740
2006-08-29,15.452483170340859,15.570553607848188,15.022017623071452,15.287676811218262,4014480
2006-08-30,15.299975281591108,15.496759339504031,15.201582783464444,15.363929748535156,1433100
2006-08-31,15.595151837630693,15.7402802562803,15.159766581681875,15.363929748535156,4833000
2006-09-01,15.447563198966272,15.496759448375228,15.108110110218927,15.34917163848877,9846720
2006-09-04,15.447563784355912,15.570553943368843,15.253239107913776,15.309815406799316,1394620
2006-09-05,15.49676082179307,15.68862517931774,15.299976745057448,15.570554733276367,12282520
2006-09-06,15.693543843667339,16.185505409949318,15.30243510692019,15.585312843322754,4007360
2006-09-07,15.644346893765697,15.937064054841771,15.427884902754274,15.73781967163086,2119580
2006-09-08,15.737819125423943,15.890326645239055,15.427884367304152,15.531195640563965,1346160
2006-09-11,15.511520064935292,15.742741239081726,14.857212419719579,15.11057186126709,2141920
2006-09-12,15.250781303301805,15.250781303301805,14.817856311432754,15.073675155639648,2957560
2006-09-13,15.201581979819201,15.496758520254016,14.852290412781926,15.053994178771973,3388080
2006-09-14,15.201582702392843,15.395907369069427,14.958062725255694,15.017097473144531,2149700
2006-09-15,15.20158416342374,15.30981610885616,14.955603834118048,14.992501258850098,2126040
2006-09-18,15.053991897439756,15.565630343429728,15.053991897439756,15.457399368286133,5206880
2006-09-19,15.467242204347357,15.900167138443814,15.250779268128921,15.400827407836914,4176500
2006-09-20,15.418045258989272,15.661565230201541,15.053994528064198,15.55333423614502,1675080
2006-09-21,15.816535461923452,16.234701258826927,15.791935928368368,16.170745849609375,4987140
2006-09-22,15.991180021764823,16.136307499712295,15.585312146522723,15.73781967163086,2350220
2006-09-25,15.841132440486167,15.841132440486167,15.302434957608568,15.368849754333496,1888720
2006-09-26,15.39836891663895,15.543497354847736,15.176987173528609,15.317195892333984,7162360
2006-09-27,15.491839172295155,16.18550448116066,15.447562643253944,15.76733684539795,5426460
2006-09-28,15.978878684680337,16.933281490761626,15.75257727860136,16.679922103881836,7238360
2006-09-29,16.78815508185981,16.972640302539588,16.239618199965758,16.401966094970703,6625540
2006-10-03,16.424103638016028,16.424103638016028,15.698462511077437,15.764876365661621,3070420
2006-10-04,16.17075038541209,16.41673077651162,15.742745030369722,16.18305015563965,4547160
2006-10-05,16.382289741657882,16.52987756557388,16.119090861392035,16.215023040771484,1725480
2006-10-06,16.2838941292191,16.38228661863312,16.23469882285241,16.325712203979492,1051940
2006-10-09,16.23470192967637,16.815215663962913,15.988721597408544,16.709444046020508,2420900
2006-10-10,16.72666468834082,17.00462182299771,16.480684325276982,16.613513946533203,1803260
2006-10-11,16.699597574282617,16.72665554957075,16.39212228844492,16.490514755249023,1313340
2006-10-12,16.569237753832855,16.721746257738186,16.340475936315492,16.652870178222656,1517960
2006-10-13,16.726662715434205,17.01691958468104,16.677467399296514,16.9751033782959,2400560
2006-10-16,16.975102469763723,17.55807462918605,16.975102469763723,17.32193374633789,5421740
2006-10-17,17.36867204667791,17.452304461900237,16.603673035217124,16.687305450439453,2184920
2006-10-18,16.579075836923554,16.874251503964828,16.579075836923554,16.76110076904297,2951940
2006-10-19,16.825050073577724,16.92836133184783,16.33308955608528,16.721738815307617,2286400
2006-10-20,16.77585445121061,16.918523464914426,16.185503276829017,16.288814544677734,1120880
2006-10-23,16.623348218537163,16.623348218537163,16.168285063671345,16.261756896972656,951220
2006-10-26,16.33063192682961,16.45116174806351,16.099409844858627,16.27651596069336,963720
2006-10-27,16.377366246965376,16.748795090300487,16.286352874683814,16.593828201293945,2518880
2006-10-30,16.625806888211844,16.913605253580027,16.340470727893145,16.85702896118164,1188240
2006-10-31,16.9677226207428,17.189103398544308,16.579073280282792,17.078413009643555,3724820
2006-11-01,17.211242855461013,17.211242855461013,16.9726416508254,17.016918182373047,1694280
2006-11-02,16.972643487420633,18.446065200930367,16.972643487420633,17.87293243408203,7463480
2006-11-03,17.956563460751877,18.20254378213204,17.32193378118764,17.98116111755371,6708620
2006-11-06,18.101689092913663,18.101689092913663,17.617109485908852,17.949182510375977,3029400
2006-11-07,18.153348553882736,18.227141524635197,17.813894507706262,18.01559829711914,3353060
2006-11-08,18.054952402806588,18.20254019118277,17.61218716099749,17.72287940979004,1433120
2006-11-09,17.28011482142297,17.63186669997254,17.2186197508841,17.47197914123535,1391700
2006-11-10,17.65154985840978,18.005760274566427,17.395730077658207,17.808977127075195,14720760
2006-11-13,17.907369115616515,18.202544766564067,17.808976606406993,18.096773147583008,2186140
2006-11-14,18.219764279905533,19.01428162875258,16.85457259943561,18.77322006225586,13070520
2006-11-15,18.694499064452575,20.131022828598667,18.497714113101978,19.826007843017578,12132720
2006-11-16,19.97360393162994,20.317976801488626,19.247962640272945,19.572656631469727,13338080
2006-11-17,19.629233793889313,19.629233793889313,18.59611513929021,19.12497329711914,3870120
2006-11-20,18.940484454943974,19.083153489553457,17.92704487084055,18.569053649902344,4313000
2006-11-21,18.596117639804035,18.8420980368297,18.264044479155686,18.441150665283203,5198640
2006-11-22,18.596111448721775,18.70680371654017,18.460823401407126,18.59857177734375,3554200
2006-11-23,18.69450124520617,18.743696550442365,17.907365101343412,18.059871673583984,1675820
2006-11-24,18.054949139690105,18.53460983439255,17.93195902549151,18.355045318603516,3740360
2006-11-27,18.46327694774701,19.235654781913325,18.305849738023962,19.07084846496582,6575200
2006-11-28,19.038875689819363,19.45704145122227,18.4485225915535,18.514936447143555,3083540
2006-11-29,18.73140103862846,18.98967923890304,18.104150495554347,18.362430572509766,2905700
2006-11-30,18.448523640121415,18.940484270524653,18.448523640121415,18.763378143310547,1918860
2006-12-01,18.694505251176587,19.129889613523556,18.26649999852822,18.357511520385742,1739480
2006-12-04,18.546914465520327,18.78797410169293,18.202541680021614,18.273876190185547,1215860
2006-12-05,18.54691740538969,18.940485561195207,18.313234964015695,18.455904006958008,3743400
2006-12-06,18.546913447270327,18.940481519084006,18.546913447270327,18.913423538208008,3095380
2006-12-07,18.989681077690943,19.776819274305286,18.989681077690943,19.580034255981445,5835900
2006-12-08,19.629224732923564,19.653822382627904,18.85438656881441,19.235654830932617,1947680
2006-12-11,18.94048244029838,18.94048244029838,18.202541566001038,18.699420928955078,2552840
2006-12-12,18.320614370086382,18.891288615949392,17.816353982385166,18.362430572509766,3168620
2006-12-13,18.448522328440294,18.544454494413724,17.909824875912,18.411624908447266,4417540
2006-12-14,18.212379527131183,18.795353446193403,18.212379527131183,18.640384674072266,1925800
2006-12-15,19.2848577077072,19.432445526241203,18.743699870841294,19.26763916015625,2797960
2006-12-18,19.432441606543705,19.432441606543705,18.448520512541492,18.642845153808594,2106660
2006-12-19,18.82241224199274,19.1372686109647,18.104150196868453,18.620708465576172,1938100
2006-12-20,19.137270209117865,19.530838357348674,18.207462995778812,18.416547775268555,1272920
2006-12-21,18.15334068492253,18.62070159380982,17.858163299820955,18.50263214111328,439380
2006-12-22,18.25173780195435,18.74369840984186,18.25173780195435,18.583812713623047,871040
2006-12-26,18.694501900134238,18.989677495253567,18.453440391998278,18.85930824279785,615300
2006-12-27,18.9404869656495,19.304538709689997,18.596114100028736,18.743701934814453,1939420
2006-12-28,18.755996614086563,19.08806962142607,18.59610905449921,18.721559524536133,1658960
2006-12-29,18.864230057681997,20.652506036655424,18.84209085451443,19.6685848236084,16442100
2007-01-02,19.848154928523414,20.36717361418956,19.62431191049666,19.69810676574707,7745100
2007-01-03,19.877664759765498,20.440959795944693,19.80141147759451,20.14332389831543,8783080
2007-01-04,20.268781033739366,21.06083805391196,20.177767629449583,20.455726623535156,14852680
2007-01-05,20.509837346300966,20.972281525083368,20.126108667465193,20.26631736755371,8973000
2007-01-08,20.165462159988476,20.718917734543982,20.138404181764663,20.487695693969727,4069480
2007-01-09,20.662349318521166,20.80747682364193,19.833394866684813,19.995742797851562,4363980
2007-01-10,19.97360009330407,20.251559040114923,19.730080115873996,19.902267456054688,2339120
2007-01-11,20.313050740551923,20.416362001481403,19.73499749295451,20.337648391723633,2949460
2007-01-12,20.659888283509982,20.85913363555827,20.517221112225872,20.77549934387207,2612680
2007-01-15,20.87880603826196,21.201041489654163,20.66234406179109,20.893566131591797,3796880
2007-01-16,21.151848189882426,21.496221029476033,20.72138260956067,20.795177459716797,4896660
2007-01-17,20.79517464301278,21.395367171389026,20.79517464301278,21.17398452758789,3429320
2007-01-18,21.429806314497718,21.429806314497718,20.58363340682265,21.011638641357422,3298260
2007-01-19,21.843054068184838,22.130850604059436,20.809935555537145,21.946365356445312,4821380
2007-01-22,22.876169427989623,23.953562538347885,21.84305284965599,23.76907730102539,20396240
2007-01-23,24.35205436758551,24.35205436758551,22.541638862446685,22.79745864868164,7553560
2007-01-24,22.9745607301455,23.70758098388662,22.63018792979079,23.188562393188477,6829040
2007-01-25,23.269738137273453,23.614110964170457,23.07541345726242,23.35091209411621,5721900
2007-01-29,23.122149280938206,23.926504073801485,18.738780205087156,23.267276763916016,18510040
2007-01-31,23.22054157778329,23.60673058839235,22.826973458162726,22.967182159423828,6394400
2007-02-01,23.072955193322926,23.264819546201817,22.70644315853536,22.826974868774414,3207800
2007-02-02,23.171341982112605,25.026033547072217,22.925361698325077,24.010135650634766,19556640
2007-02-05,24.10607142563692,25.176085445214213,23.76169860136307,24.895668029785156,16134700
2007-02-06,25.089988375506035,25.803331557596735,24.548832514157553,25.018653869628906,14650620
2007-02-07,25.188383960311445,25.42944361164827,24.721020998925937,25.10474967956543,9650200
2007-02-08,25.32366916244954,26.01733347936875,25.089988646317842,25.22035789489746,17232980
2007-02-09,25.335970413233326,25.798412692743597,24.649685164216873,24.851388931274414,11225640
2007-02-12,24.851392680106468,24.888290105299703,22.95242421386207,23.235301971435547,5415360
2007-02-13,22.876172198701877,23.909288902164356,22.384211506256673,23.323856353759766,7642680
2007-02-14,22.212022381903555,23.761697183655393,21.154306315458317,23.587051391601562,13062360
2007-02-15,24.401246536045953,24.401246536045953,23.318934649673306,23.833032608032227,4692900
2007-02-19,24.302852970491724,24.59802856257031,23.86746681399307,24.079010009765625,2627480
2007-02-20,24.35205143887418,24.35205143887418,23.122149851052253,23.277116775512695,3350180
2007-02-21,23.860088830967417,23.860088830967417,22.97456013628828,23.112308502197266,2039340
2007-02-22,23.363211254848647,24.09377121743917,21.351092193572608,21.99064064025879,11289980
2007-02-23,22.187426758994302,22.187426758994302,21.154310042476062,21.579856872558594,6272460
2007-02-26,22.133316463456136,22.133316463456136,20.76320575721555,21.479007720947266,7342600
2007-02-27,21.697926277046058,22.06443647018264,21.257621228819456,21.54541778564453,7539120
2007-02-28,20.416364336882378,21.59707049498882,19.79157416691345,20.903406143188477,8313040
2007-03-01,20.711542853785026,21.395369741603115,19.786658172302214,20.72384262084961,8729260
2007-03-02,20.859127509196544,21.64626361733658,20.71153784682484,21.12970542907715,7279060
2007-03-05,21.031317238718863,21.031317238718863,19.776817989289356,20.315513610839844,9789360
2007-03-06,20.760739604947855,21.424885725364955,20.760739604947855,21.309274673461914,6862420
2007-03-07,21.843057085138458,21.843057085138458,21.105115992757852,21.503602981567383,7453380
2007-03-08,21.30189285834768,22.280895243787665,21.154305058854604,22.084110260009766,3085000
2007-03-09,22.187419536344155,22.625265992033942,21.166602920270414,21.557710647583008,11640920
2007-03-12,21.641347972270754,22.02015598896236,21.20350145472653,21.675785064697266,2818100
2007-03-13,21.67578434593306,21.83813036532028,21.31419301076421,21.565092086791992,3369520
2007-03-14,20.662346539680577,21.351092175008947,20.662346539680577,21.134628295898438,12407980
2007-03-15,21.154305837365555,21.52327628801728,21.01409714118513,21.144466400146484,7548300
2007-03-16,21.301897060315355,21.447026436732628,20.957524209114105,21.1370906829834,11948420
2007-03-19,21.151846393667466,21.793855154791007,21.151846393667466,21.324033737182617,3870860
2007-03-20,21.641346823731862,21.641346823731862,20.982119568912193,21.097728729248047,7209800
2007-03-21,21.09772588761298,21.483914817325562,20.913240694246838,21.146923065185547,12548080
2007-03-22,21.53311338997347,21.889784036250287,21.356007292598846,21.597068786621094,9792640
2007-03-23,21.867647750883904,23.016375233481764,21.54787262914064,22.699060440063477,17927840
2007-03-26,22.777779770506385,23.407490735346705,22.384211590406885,22.79745864868164,13204420
2007-03-28,22.826976296821822,23.122151954073743,21.941445571703937,22.686767578125,13998580
2007-03-29,22.482603228209342,23.26236044786725,22.482603228209342,22.716283798217773,17518160
2007-03-30,22.733504799341016,23.663310275354576,22.236625289607012,23.584596633911133,17998760
2007-04-02,22.630186173364564,23.12214674235075,21.73973686789454,22.56623077392578,20033120
2007-04-03,23.122145021281003,23.614105553648685,22.43585985342643,22.89830207824707,28783180
2007-04-04,23.06311452399642,23.76169770761595,22.876168961848315,23.10247039794922,18704040
2007-04-05,23.11722891264999,23.491118134708984,22.679382411842568,23.173803329467773,7172900
2007-04-09,23.368127908744523,24.991597472331684,23.22054010781491,24.848928451538086,16006640
2007-04-10,25.08999181030608,25.181005201301513,24.305314014916483,24.551294326782227,15950800
2007-04-11,24.352048283091488,25.099828576784056,23.761695222104656,23.882225036621094,12657840
2007-04-12,23.860089681389034,23.860089681389034,23.375508178312515,23.587051391601562,6535740
2007-04-13,23.61410943887012,24.347131578441267,23.61410943887012,24.081472396850586,6502640
2007-04-16,24.35205104658461,24.548836048138448,24.064254530073836,24.192163467407227,4869680
2007-04-17,24.401249094962797,26.319896506884767,23.86009309502638,24.238903045654297,9989340
2007-04-18,24.106071921456472,24.83909411786895,24.106071921456472,24.443065643310547,6167700
2007-04-19,24.05687400724244,24.740698938601994,23.52801598874038,24.529155731201172,5727700
2007-04-20,24.62263087875962,24.94240606130339,24.352052888666194,24.81695556640625,8251680
2007-04-23,25.065395257193835,25.478642274376096,24.106071623376348,24.273338317871094,12740960
2007-04-24,24.115908300789176,25.21298018918521,24.106068863806346,24.620166778564453,29202520
2007-04-25,24.647224238897156,25.3064514893341,24.627547242029102,24.775135040283203,22623200
2007-04-26,25.139187850031075,25.286777542769357,24.455362863509848,24.826793670654297,11145540
2007-04-27,24.89320243215533,25.970597209720825,24.772672626009417,25.658201217651367,26502460
2007-04-30,25.626227950348873,26.910245427705245,25.188383312837022,26.73805809020996,21939600
2007-05-03,27.05783189314516,27.891704925899454,26.991418040601484,27.2078800201416,17298580
2007-05-04,27.289059577655834,27.62113266201954,26.70362516614602,26.875812530517578,9132080
2007-05-07,26.959443962737847,27.549797133798293,26.671647425225714,26.925006866455078,11457800
2007-05-08,27.052917908304746,27.544878575381762,26.44780463632073,26.63228988647461,11841100
2007-05-09,26.811850875295477,26.811850875295477,25.640984201509244,26.374006271362305,11784680
2007-05-10,26.762655731070257,26.910243526581915,25.88942496954862,26.081289291381836,7436660
2007-05-11,25.87713077645615,26.462565181282642,25.4835626114558,26.14525032043457,7246820
2007-05-14,26.31989199793479,26.66426479193551,26.228878611682656,26.40352439880371,3574140
2007-05-15,26.319893634270176,26.954523295668135,25.92632550666399,26.563413619995117,8625820
2007-05-16,26.53635332926782,27.345628718318515,26.374007311786052,27.180822372436523,13267980
2007-05-17,27.49567926354514,28.140148363351297,27.259538386749515,28.012237548828125,19916340
2007-05-18,28.209021812954745,28.287735436493406,27.333332516502026,27.571931838989258,11549760
2007-05-21,27.77855718978696,28.48452137304501,27.653106703026072,28.34431266784668,14417140
2007-05-22,28.48452181042808,30.944325010752408,28.238541490395647,29.86693000793457,31216820
2007-05-23,29.86693210738283,29.955485178953673,28.681306956552113,28.94696617126465,8688820
2007-05-24,28.946964878127137,29.44384431158348,28.314795514514362,28.595212936401367,9989320
2007-05-25,28.53371481405451,29.025675414296828,27.54979361356987,28.47713851928711,6844840
2007-05-28,28.772318187600245,29.222462621365345,28.34431295839913,28.415645599365234,7139600
2007-05-29,28.705902670119347,28.705902670119347,28.280357766322272,28.38612937927246,3464960
2007-05-30,28.381205212961273,29.010916032133515,27.54979250753534,27.734277725219727,9707520
2007-05-31,28.041758404148748,28.33693405773053,27.746582750566965,28.154909133911133,10376280
2007-06-01,28.42548262678654,28.951880314195122,28.18934176598761,28.637025833129883,9285520
2007-06-04,28.7796987005765,28.828894016058936,28.241001175643177,28.307416915893555,5498480
2007-06-05,28.58291553988291,30.00960230161578,28.336935193148356,29.857093811035156,11225400
2007-06-06,29.911206934050234,30.698345094516334,28.855951122028888,29.050275802612305,13957160
2007-06-07,28.97155768732411,29.37004642490826,28.28773279481403,28.6444034576416,6619760
2007-06-08,28.469762916507893,28.730503342888543,27.99502080374393,28.076194763183594,7940980
2007-06-11,28.430403614325524,28.779695191026914,27.81053220542372,27.985177993774414,6532080
2007-06-12,28.041754105193892,28.18688158089647,27.37268739118701,27.653104782104492,4655360
2007-06-13,27.690002187012297,27.79085501042235,27.057832893566207,27.126707077026367,2889560
2007-06-14,27.495677851028834,28.154905135305924,27.266916095153704,27.559633255004883,5828260
2007-06-15,27.844972823117093,28.35661236392232,27.795777507404708,27.980262756347656,7192620
2007-06-18,29.271658029778358,29.271658029778358,27.598991105975806,27.69246482849121,4184280
2007-06-19,27.451398064580417,29.22245715445433,27.451398064580417,29.01337242126465,6808540
2007-06-20,29.27165749669714,30.009598441992026,29.055195495015752,29.625869750976562,6487020
2007-06-21,30.00959574987018,31.288692522962858,29.81281076477252,30.99351692199707,20628860
2007-06-22,30.929491551656213,31.505726693505363,30.12177900574716,30.345870971679688,17993640
2007-06-25,30.53548592204527,30.85315370265423,28.26010023907057,30.61182403564453,5868240
2007-06-26,30.92949290373156,30.92949290373156,30.042979140901263,30.1562557220459,7625340
2007-06-27,30.535485156264407,31.510650424512274,29.902612676160306,31.27178382873535,13124780
2007-06-28,31.52050322633087,31.9342080275588,31.323499329658944,31.619003295898438,16682520
2007-06-29,31.668243549054335,33.39202033227581,31.668243549054335,33.14822769165039,20832920
2007-07-02,33.39202891477172,33.43142668135901,32.14598107773714,32.66557693481445,8682760
2007-07-03,32.70745672062453,33.39204251149326,32.70745672062453,33.219661712646484,13069860
2007-07-04,33.441278682787605,33.441278682787605,32.26418540083144,32.680355072021484,9739620
2007-07-05,32.1903154778673,33.01034155254997,31.76921958531358,32.14845275878906,10655880
2007-07-06,32.251868097167396,32.72713623970107,32.017927683470774,32.24201583862305,7499140
2007-07-09,32.50551803218325,32.73207119180618,31.833245870446092,32.47104263305664,8761040
2007-07-10,32.5129029669004,32.98324883001287,32.000694390597204,32.150909423828125,6758440
2007-07-11,32.111516301513255,32.45627411528677,31.766762245277146,32.17554473876953,5217580
2007-07-12,32.407012454422656,32.751766387061515,32.23463173056717,32.367610931396484,4400400
2007-07-13,32.8010184677615,33.485604003716915,32.50551454161769,32.79855728149414,12272620
2007-07-16,33.11376587730626,34.2736197697115,32.82811042006519,34.09878158569336,12803040
2007-07-17,34.57405682031514,34.91388851052056,29.20572125634707,33.5816535949707,18236180
2007-07-18,33.83528866068516,35.4113160756707,33.39203459033425,34.87694549560547,17785260
2007-07-19,35.21430987465504,36.347079387623594,35.16505984312087,36.07619857788086,20945740
2007-07-20,36.34707919053663,36.54407931560509,35.70681751145456,35.898895263671875,15566220
2007-07-23,35.84225729796737,36.83958638347098,35.608316835327386,36.61302947998047,14081380
2007-07-24,36.69183743625902,36.98241528482105,35.46056772363288,36.37663269042969,21316700
2007-07-25,37.17941281724251,37.17941281724251,35.3669839606327,35.93336868286133,13428380
2007-07-26,36.73615204763704,36.73615204763704,35.65756260739691,35.98508071899414,14190480
2007-07-27,36.1697799152637,36.1697799152637,34.23175885203576,35.187225341796875,19059440
2007-07-30,34.97298736377845,35.75361194179941,34.4755533279364,35.31774139404297,6938680
2007-07-31,35.31774161447885,36.88637809827873,34.77105753626361,36.48006057739258,12918660
2007-08-01,36.50221849061813,36.50221849061813,34.91880754607584,35.12565994262695,13971600
2007-08-02,35.214314740314855,38.45501761402965,34.83262036749634,37.80982971191406,25291100
2007-08-03,38.12994692807709,38.656930040214014,37.29761143318191,37.570953369140625,18352620
2007-08-06,36.99227008585406,38.11518753963909,36.19933203589342,37.612831115722656,14829800
2007-08-07,38.35897718421084,39.62225733793645,37.87385662309407,38.472251892089844,20984320
2007-08-08,38.716037856912465,39.84388115228888,38.716037856912465,39.085418701171875,12354900
2007-08-09,39.40063203607072,40.139393886747044,37.33210035719184,37.74087905883789,14279220
2007-08-10,37.09077036241536,37.42567589930672,35.90382822562654,36.21657180786133,21904780
2007-08-13,35.854576419491075,36.92824378569803,35.165064611897584,35.49750518798828,18378640
2007-08-14,35.70681910587848,36.470207775984356,34.87447963741246,35.044395446777344,24119080
2007-08-16,30.978748702868508,34.475554158907386,30.978748702868508,32.81087875366211,25275440
2007-08-17,32.81087266094435,33.44128207586784,30.158716970665036,31.27178382873535,38883040
2007-08-20,32.01301394047416,34.07169714110152,31.766759987085894,33.79835510253906,27070440
2007-08-21,33.98304139432823,34.22929531747554,31.18805974235998,31.486026763916016,22870200
2007-08-22,31.274246986498156,32.456266521747125,30.550259880250547,31.92189598083496,21284480
2007-08-23,32.43163477577355,32.85026561421607,30.537943743504425,30.808822631835938,19158160
2007-08-24,31.274253845214844,32.13614273071289,30.892559444415383,31.951452255249023,17796680
2007-08-27,32.50551151688807,33.82789362391361,32.12628220250686,33.576717376708984,20716920
2007-08-28,33.78602860640302,34.9187978575688,33.09651705167323,34.47554016113281,23597680
2007-08-29,34.38197517848296,34.672556792404066,33.22212118218793,34.443538665771484,24488300
2007-08-30,34.72180930685437,35.209391108840165,33.61366645663561,33.95595932006836,19443300
2007-08-31,34.359801956568994,35.214303180502945,33.835280014475906,34.81290817260742,20710940
2007-09-03,35.43593704314297,35.90382173851063,34.820302252556495,35.664955139160156,15406920
2007-09-04,38.26785544913385,38.26785544913385,35.46548855692624,35.9579963684082,14292480
2007-09-05,34.7291864863737,36.297822593988634,34.7291864863737,35.34728240966797,7105480
2007-09-06,32.09427321988195,36.19932553548455,32.09427321988195,36.07619857788086,9218280
2007-09-07,36.34707751288907,36.44065144071661,35.24385732423636,35.35713577270508,6408340
2007-09-10,34.655316914623434,36.93809205578107,34.655316914623434,36.83959197998047,14511480
2007-09-11,36.98733825567249,37.4773849121426,36.25350262175482,36.374168395996094,17410860
2007-09-12,36.67952094494868,37.25083184783299,36.64258435964868,36.866676330566406,10807480
2007-09-13,37.13509685398625,38.26786278296134,36.83959286197262,38.12257385253906,21870260
2007-09-14,38.56336602120527,39.0066200786034,37.82460424882614,38.02899169921875,20440440
2007-09-17,37.430596133286166,39.59270526722437,37.430596133286166,39.28981399536133,14753720
2007-09-18,38.090552819949814,40.41026794811023,35.18475970134686,40.200950622558594,24906400
2007-09-19,40.87815722436513,41.83854616216364,40.823981052741914,41.252464294433594,14964080
2007-09-20,41.74004073777418,42.646253387932404,41.043141671601916,42.03800964355469,17373760
2007-09-21,41.1490336330332,43.178163632466685,41.1490336330332,42.801395416259766,13180760
2007-09-24,42.80139237464443,44.128700826493784,42.759529659989326,43.85289764404297,10271220
2007-09-25,43.833199738808254,44.30108070491565,42.3729157309027,43.77409744262695,11529660
2007-09-26,43.389942529493666,45.94113344251461,42.8555719422609,44.9216423034668,19211520
2007-09-27,45.8032260792789,46.1972338281367,43.490902074287725,43.9834098815918,20393680
2007-09-28,44.07945674690961,45.65548051305804,44.07945674690961,45.4190788269043,11169220
2007-10-01,45.55697313331258,46.78824267745616,45.07185263231709,46.55430221557617,15292620
2007-10-03,46.689746156243714,49.15228543120305,45.07185604897779,48.6770133972168,25140340
2007-10-04,48.85677167827242,49.876262661895005,48.26576382828749,49.31480407714844,13316520
2007-10-05,47.33985117410828,49.73343938702892,46.66511413417807,47.16254806518555,11463040
2007-10-08,47.62550978481583,48.704103228389464,43.537696696121884,44.90686798095703,17653460
2007-10-09,45.071858759461634,48.06876878640775,43.96617720579936,47.88654327392578,15042460
2007-10-10,48.26576526621284,48.80752310442836,46.98524571473896,48.21405029296875,10765140
2007-10-11,48.06876587600306,49.24585934834838,47.41126834076274,48.55388641357422,5852940
2007-10-12,47.8446726047073,48.66962474215696,47.083748891470066,47.53193283081055,6012080
2007-10-15,48.46769515404354,49.69403854297147,47.82250737090277,49.063629150390625,9596920
2007-10-16,49.15227941193358,50.925306721269095,47.84959419078851,49.21876525878906,12947720
2007-10-17,46.295736249032586,47.2684384665874,39.794634363885194,45.987918853759766,15009260
2007-10-18,46.28342870032167,48.36427380605265,44.0794566207896,44.7763557434082,13961600
2007-10-19,44.325702224774744,44.818210027272244,39.44987422854226,40.91754913330078,16578340
2007-10-22,40.93233010744226,42.3039625959734,39.89313818257712,41.318946838378906,15727980
2007-10-23,44.32570441977984,47.278290194677204,41.6169113719044,46.85226821899414,21307520
2007-10-24,47.773259689780645,48.644996898845086,46.68974396271776,47.23396301269531,14687520
2007-10-25,47.72401344298718,49.497041026766986,46.83749777232885,47.91855239868164,29688040
2007-10-26,49.053788139238556,51.856159409806544,48.369202430221684,50.58302688598633,25601480
2007-10-29,51.71331807356839,52.59490747067928,50.62980243599384,51.32916259765625,11513240
2007-10-30,51.023807537741064,52.10732695670636,49.34928025936657,49.9008903503418,14777380
2007-10-31,50.08804357448417,51.073059210226525,48.807523999526396,49.29264450073242,10726920
2007-11-01,50.0387911878332,51.368564487987044,48.80752170113683,49.21876525878906,10765360
2007-11-02,48.01951083049028,50.08804210171225,47.28074912540581,49.831939697265625,5793200
2007-11-05,49.63494577469578,50.97456786967481,48.019520456940036,48.359352111816406,13592080
2007-11-06,49.25079512678366,49.67927839710016,46.44350130757198,46.98772048950195,9493420
2007-11-07,47.5122298830401,48.11801239597171,45.556973241107805,46.01993179321289,9114500
2007-11-08,46.54199662438676,48.70903213935769,44.079457120450954,47.593502044677734,10960860
2007-11-12,46.17753828593911,46.7266835010613,44.82806403592333,46.00516128540039,9697800
2007-11-13,46.29573096244382,48.75826984342487,45.80814931611969,48.18449783325195,9952580
2007-11-14,49.103030928922514,50.28505051530096,48.56373799184338,49.706356048583984,9096040
2007-11-15,49.49703515551638,54.12660934445505,49.35420743898913,52.27970504760742,16071080
2007-11-16,53.68335852823571,54.86537818311709,49.32959070442587,53.774471282958984,16891220
2007-11-19,54.663448741172935,56.1705254143938,54.35809625932359,54.79888916015625,18802920
2007-11-20,54.9146272425066,57.475666651250016,54.22511547629511,56.145896911621094,14552480
2007-11-21,56.643322050583,57.07672755360995,52.747583623211845,53.547908782958984,11608280
2007-11-22,53.437099185542834,56.04739216951023,50.26042520702057,55.067298889160156,15223420
2007-11-23,53.32382072870568,57.07180558945624,53.32382072870568,55.40959167480469,13087440
2007-11-26,56.63840271932681,57.13091056906009,55.648460889252654,56.27640914916992,8221780
2007-11-27,55.65338607688536,56.62855325615044,54.776722720419926,55.389892578125,7180140
2007-11-28,53.44448390894397,57.32790898531141,53.44448390894397,54.638816833496094,10660820
2007-11-29,59.58359677753866,59.58359677753866,55.11162494063369,55.333251953125,12347840
2007-11-30,56.14589183850226,61.447738254052645,55.45884507853138,60.75083923339844,23727280
2007-12-03,61.46498570609687,62.74550545882035,59.408763778019036,61.51669692993164,11749620
2007-12-04,61.760478473470606,62.89324415164832,59.65500689053278,62.50170135498047,10500420
2007-12-05,62.79474611517944,64.56777724681365,62.6494572122511,64.27473449707031,9721560
2007-12-06,64.51853400421608,65.50354979053998,63.78962442655712,64.3190689086914,7448740
2007-12-07,64.51852527959417,64.76477919287507,61.76048220235546,63.74774932861328,12920080
2007-12-10,65.78919800848692,65.78919800848692,61.120222043362844,64.50867462158203,21542440
2007-12-11,68.90183612898603,68.90183612898603,64.42247722232662,64.91744995117188,7754340
2007-12-12,64.0260234655215,65.24744088587387,63.87826960066324,64.60225677490234,13327880
2007-12-13,64.76476333272595,65.29913750031551,63.13948640006916,64.05062866210938,8442520
2007-12-14,61.64474560132855,64.45450003464447,61.64474560132855,62.230831146240234,9011600
2007-12-17,64.1146613402136,64.1146613402136,56.15820224661256,57.22940444946289,12908680
2007-12-18,56.9018967896383,61.31722790288288,54.76687193313451,56.342899322509766,11972140
2007-12-19,58.559183333622265,58.6010460494082,53.68335493230049,55.34803009033203,16899680
2007-12-20,56.638406203166056,58.01742977025791,55.36281259751247,57.34515380859375,15152460
2007-12-24,57.623416917369866,59.29794431433921,57.22448677189209,58.896549224853516,11566080
2007-12-26,59.10094758007172,62.055994959075306,59.05169754192907,61.82698059082031,6440620
2007-12-27,62.05598247045314,63.8265486032564,60.63509642288855,61.06357955932617,11050060
2007-12-28,61.563470882218645,64.07526350024202,60.13273642012166,63.597530364990234,9566920
2007-12-31,65.98619617671214,65.98619617671214,62.105235875045906,63.85856628417969,6449020
2008-01-01,66.48856619151536,66.48856619151536,62.794756958653394,63.577842712402344,4219600
2008-01-02,64.76479234009352,69.19736367895923,63.34144473299407,68.79104614257812,15288860
2008-01-03,69.39434866563637,69.39434866563637,65.89754766106176,66.35311889648438,10993240
2008-01-04,66.73480793076219,68.85259300648727,66.73480793076219,67.89220428466797,8275780
2008-01-07,66.48856140771507,70.82263209878825,65.16371405577179,68.3305435180664,12114780
2008-01-08,69.12347011613853,69.19242090492229,63.60245458076193,65.41242218017578,10496400
2008-01-09,62.8538516223855,66.0699234449701,62.8538516223855,63.89303970336914,13448220
2008-01-10,64.26735042833025,65.93202180902549,61.31722577593329,61.68906784057617,15143760
2008-01-11,60.67696786753068,62.30224533582788,58.90640523744027,60.75823211669922,23849980
2008-01-14,60.758225290479714,63.33650774932798,59.8396992714682,63.0557746887207,18213180
2008-01-15,61.07835353160311,64.91252849640041,61.07835353160311,62.31208419799805,11947180
2008-01-16,61.95747942047561,61.95747942047561,58.41142119611515,61.2384147644043,15590300
2008-01-17,61.95502712556512,63.45717764470523,60.088421831672115,62.17911911010742,13499180
2008-01-18,59.37920501356023,62.05598374490708,54.175858824918876,55.485931396484375,20034960
2008-01-21,55.16087841031828,56.14096796567707,42.35567449363725,47.462982177734375,32045460
2008-01-22,45.80323200262898,51.698551819657126,39.40062967968085,49.80731964111328,46049340
2008-01-23,59.53434810783392,59.53434810783392,50.33430123414545,54.35809326171875,65856440
2008-01-24,56.14589860086224,57.32791827028252,47.726475748939315,51.85615539550781,27358680
2008-01-25,46.29819536115833,54.658518448225344,46.29819536115833,53.56761169433594,16981780
2008-01-28,53.68336009061651,55.40713770820511,50.13730478030619,53.700599670410156,16558460
2008-01-29,56.392153832605146,56.62363314386631,49.79254730505487,53.58978271484375,17912980
2008-01-30,51.7280978328912,54.12168623584309,50.33676468793551,51.29715347290039,7127700
2008-01-31,51.45229306216843,53.377996703371146,49.25078248393088,50.65935516357422,18972160
2008-02-01,50.97456497194463,51.56557291787996,47.199491665871555,47.903778076171875,37010540
2008-02-04,48.51202829500923,49.92552732494772,47.90378073608813,48.57851791381836,16242660
2008-02-05,48.26576857075671,49.10303040009192,46.89905855614887,47.68214797973633,18308900
2008-02-06,45.8032332871691,46.83749909375908,45.31072540236083,45.532352447509766,13322040
2008-02-07,45.901722012995066,46.985241346220775,44.030194767936905,44.49068832397461,18129920
2008-02-08,44.81822104625098,44.81822104625098,40.927407698420645,42.276878356933594,24027780
2008-02-11,42.749683396291005,44.05975233910134,38.169358833282416,39.27257537841797,32546980
2008-02-12,39.65180298347263,42.35566968199198,37.57834565110737,40.29206085205078,21814240
2008-02-13,40.292060993315495,43.242185353214204,40.292060993315495,41.56519317626953,16578140
2008-02-14,43.09936585819148,43.83320155115097,42.60193184465796,42.85064697265625,16604700
2008-02-15,41.2031983335301,44.71477708192025,40.69591221729317,44.36509704589844,16201480
2008-02-18,44.81821262561482,46.54199003429232,43.93169702670892,45.372283935546875,12545040
2008-02-19,46.23417305265037,46.49274041776772,44.38726866972159,45.04230499267578,8559240
2008-02-20,43.83318818303835,45.06445751402258,42.10941111966044,42.774295806884766,17206620
2008-02-21,43.73469467380433,43.73469467380433,40.6318939931324,41.12194061279297,14539180
2008-02-22,41.124418637616955,41.124418637616955,39.99164871703869,40.15910339355469,12312700
2008-02-25,40.68114185769521,41.195811585748714,39.44987240826414,40.97911071777344,11104780
2008-02-26,41.365734512430485,41.98629547418862,41.173656745761484,41.50117492675781,4872160
2008-02-27,41.870536022813695,42.94666399603814,41.42481721717707,41.74987030029297,9657320
2008-02-28,42.06016610701577,42.1044900045927,40.18863499801845,40.61957931518555,13878340
2008-02-29,40.13938286177917,40.81904222500797,38.661859566253554,39.50404739379883,20925100
2008-03-03,39.00661836248975,39.00661836248975,35.47780309164286,35.87180709838867,34965280
2008-03-04,34.55681024652623,36.593331052144514,32.160760851038596,33.783573150634766,25848660
2008-03-05,33.49052648387757,34.86954966563982,32.31835940965477,33.414188385009766,25440500
2008-03-07,33.219653518876136,33.219653518876136,29.35346758510783,30.92210578918457,48219520
2008-03-10,30.633986325292863,30.90486524652068,28.811707042573065,29.877986907958984,51893820
2008-03-11,29.550474654935446,33.820517340764695,28.644260023700017,33.167945861816406,44018680
2008-03-12,34.47554996111864,35.70681960258716,33.736788176237525,34.152957916259766,27224120
2008-03-13,33.24427981879699,33.24427981879699,30.304007358061966,30.73249053955078,18931100
2008-03-14,30.83099459491351,33.09653024266384,30.5527283004918,32.60648727416992,19820140
2008-03-17,30.61674764997842,31.003366195454625,29.00870999345148,29.456892013549805,19035920
2008-03-18,29.306676495531278,30.274454375572695,27.321868829312727,27.794677734375,25052380
2008-03-19,29.37809205977246,30.47638426713555,26.44767017045339,26.905702590942383,33262600
2008-03-24,27.087933746449377,28.402928901059045,26.664376663629213,27.18643569946289,15677920
2008-03-25,27.82669404278896,31.66825684728604,27.82669404278896,30.887630462646484,35526820
2008-03-26,31.52050265195463,33.93379188775225,30.20058145310256,33.51023483276367,41453780
2008-03-27,32.50552213762421,34.22929982674065,32.02286273135526,33.53732681274414,22722660
2008-03-28,34.08153736685409,34.47554509957804,31.692875350747716,33.1703987121582,30626960
2008-03-31,33.145780414644214,33.145780414644214,30.141481347398937,30.826066970825195,21282180
2008-04-01,31.09447840347811,32.20508399271457,29.370701143551344,31.63623809814453,22128000
2008-04-02,32.25925818246798,33.490527578745386,31.3973696050738,31.793838500976562,20684920
2008-04-03,31.62393037884319,32.653273797241006,31.094484034517958,31.69780731201172,13466180
2008-04-04,31.62638374941605,32.01300414151158,29.749930401378965,30.267065048217773,25883020
2008-04-07,30.63399225341662,31.22500211877155,29.119530060559796,30.986135482788086,29588260
2008-04-08,31.175743975791764,32.357761591717406,30.732488074357722,31.63131332397461,43781120
2008-04-09,31.520501522862286,33.239352819420624,31.109257930460583,33.00787353515625,23326500
2008-04-10,33.39203456890892,33.44128460363444,31.675644368090026,31.89973258972168,28667160
2008-04-11,32.013008831661956,32.604016722462646,31.323497120703472,31.449087142944336,16345280
2008-04-15,31.449092135518487,33.490537632855826,30.683242190818607,33.30584716796875,35024140
2008-04-16,35.70681933900694,35.70681933900694,33.638287859623986,35.002532958984375,22812140
2008-04-17,35.46056055144852,36.283047651319265,35.275870131909734,35.458099365234375,13698360
2008-04-21,35.85456701364804,36.68936753011203,34.633146095684204,36.39385986328125,13333100
2008-04-22,36.255962644281944,37.676848777749115,35.95553256911135,37.14493942260742,26862200
2008-04-23,37.03658411033063,37.72609576421398,36.91345716347775,37.51185607910156,18347920
2008-04-24,37.67684974958668,37.9107902220147,36.59825637787307,37.2237434387207,14172220
2008-04-25,37.92309768062998,37.92309768062998,36.305207878559834,37.45029067993164,16227880
2008-04-28,37.43059778148176,38.72096974192504,37.23359388375607,38.58552932739258,17257700
2008-04-29,38.02159964437083,40.63189241786643,37.92309959000867,38.94997787475586,28802540
2008-04-30,38.94998216840699,39.64688121457377,38.16935769104928,38.989383697509766,17049100
2008-05-02,39.40062454057415,41.11947573404652,39.35137451140571,40.46444320678711,30245020
2008-05-05,41.173645676605275,43.72976201013998,40.484134099746946,42.774295806884766,48543960
2008-05-06,42.345826697249834,42.848183052131084,41.20320863282781,42.271949768066406,23809700
2008-05-07,41.37312370167486,42.25225208373535,40.66883727284501,41.193359375,13221280
2008-05-08,41.124400086681064,41.124400086681064,38.31710721252091,38.580596923828125,20300480
2008-05-09,38.514111817377646,39.395701307201506,35.76345596528471,36.374168395996094,52686540
2008-05-12,35.70681827466271,37.16956715553406,35.01730654957569,36.60810852050781,36111780
2008-05-13,37.19419610902854,38.26047619652565,36.248581813489714,36.669677734375,24950180
2008-05-14,36.44557896710365,36.69183287904354,35.2266228545085,35.69450378417969,20986600
2008-05-15,35.980165693718085,37.43060134555693,35.980165693718085,37.20404815673828,23043720
2008-05-16,37.38134632610743,38.36143588919419,37.38134632610743,37.97481918334961,14887060
2008-05-20,37.676846580189796,38.33680522647373,36.494827112441286,37.34440231323242,17134660
2008-05-21,37.43059385555468,37.43059385555468,36.248574350714094,36.35446548461914,9988520
2008-05-22,35.706821071336385,36.199328948182405,34.672555281467126,35.229087829589844,15206900
2008-05-23,35.364516517331424,35.74867193264662,34.236673402538855,34.51740264892578,14100620
2008-05-26,33.98304247271,33.98304247271,32.017937155746196,32.39963150024414,13175860
2008-05-27,32.604014597820196,34.475545725958156,32.40701448541518,32.79855728149414,26091960
2008-05-28,32.79857002335454,35.21432110043724,32.50798835685788,34.81785202026367,14068140
2008-05-29,35.312810791319066,35.509814679754335,33.04727546815506,33.4856071472168,21589480
2008-05-30,33.933787492225854,34.67254917743743,33.293525862027984,34.128326416015625,12264020
2008-06-02,34.47554642542037,34.47554642542037,31.673175806428137,31.95390510559082,22422580
2008-06-03,31.52050309199938,33.362481439327794,30.33848347454205,32.961090087890625,20213820
2008-06-04,33.0497394632957,33.39203225357893,30.78666351283718,31.449087142944336,17256560
2008-06-05,31.751987221279236,32.244495157064456,30.683244023665594,31.85541343688965,22261940
2008-06-06,32.50552076443569,32.89952857974668,31.082173261868665,31.44170379638672,14217780
2008-06-09,31.025529496357926,31.75936697248647,29.18847555904163,31.355510711669922,28538980
2008-06-10,31.22499902253072,32.109049727922006,29.11952717309553,30.887630462646484,30604380
2008-06-11,31.66332802712829,31.961293152393267,31.03291674338194,31.389986038208008,20587920
2008-06-12,29.848434809743612,30.78173731044859,29.11706043064445,30.579809188842773,34605920
2008-06-13,30.83098691695683,31.077240812072358,29.944473270294555,30.225202560424805,13858460
2008-06-16,30.77927371019533,31.421996524362797,30.550257513437174,31.074779510498047,21203760
2008-06-17,31.126491328748845,33.92885985369841,30.88023744462705,33.42157745361328,28797300
2008-06-18,33.42157977346791,33.933788338898935,31.82831673200561,32.03024673461914,18436720
2008-06-19,31.766753598765177,31.766753598765177,30.0429762717004,30.23505401611328,14458540
2008-06-20,30.43944710270456,30.781739900092116,28.368450740417575,29.304216384887695,31848120
2008-06-23,29.057961263637612,29.45196714230617,27.580437809554343,27.713415145874023,20752460
2008-06-24,28.072945409042912,28.516203193324557,26.10291415226797,26.509233474731445,23524760
2008-06-25,26.509233609597754,26.585571719980326,25.117898651668362,25.878822326660156,39688500
2008-06-26,26.102919680677136,26.925407002768786,25.265655843467734,25.620262145996094,25954100
2008-06-27,25.36415199383241,25.36415199383241,23.88662857671596,24.162433624267578,48303780
2008-06-30,24.231383041869005,24.231383041869005,22.458353914648498,22.72923469543457,19831540
2008-07-01,22.236728664707076,23.093691213238458,21.461028478027856,21.89443588256836,34128620
2008-07-02,22.015100444350903,24.57614154396822,21.424090670782554,23.726564407348633,36427900
2008-07-03,23.394123255081926,23.73887913143681,20.613916171209983,21.182762145996094,53415560
2008-07-04,21.172909960224708,22.502679442570354,20.734576464663068,22.209638595581055,73944340
2008-07-07,22.510072887588,23.871856834675228,22.458357908410147,22.8720645904541,30198240
2008-07-08,22.354930622982256,24.37913815196005,21.325589159193207,23.765966415405273,36240200
2008-07-09,24.428387048734244,25.807410443697947,24.182133139457616,25.625181198120117,34920220
2008-07-10,25.117901652831762,26.49692332860609,24.66971956123589,25.51190757751465,37912660
2008-07-11,25.61041104284406,26.201420904201864,24.526893276816175,24.945526123046875,33431440
2008-07-14,24.415289104721474,25.401765432184966,23.848064463808257,24.252519607543945,39366720
2008-07-15,23.74942219090735,24.168673945503432,22.45220508291545,22.886255264282227,30765100
2008-07-16,22.688958657377174,23.418951014480157,21.76906852740604,21.98116111755371,25320700
2008-07-17,22.925714610179828,23.404156335144958,22.688960465887565,23.095882415771484,22061260
2008-07-18,23.18219632964955,24.612587919632702,22.49659550520438,23.196992874145508,33324020
2008-07-21,23.428812185663215,24.070021406012625,22.836926027819825,23.598979949951172,52095900
2008-07-22,23.527464317216968,25.37710770879763,23.332634987517256,25.169946670532227,44616940
2008-07-23,26.141624250001485,28.928420795312075,26.141624250001485,28.533828735351562,51034580
2008-07-24,28.657137399509804,29.5942906906694,27.034385223286055,28.5560245513916,38601640
2008-07-25,27.700254375138517,28.21322250171895,27.177421259790666,27.601606369018555,27775800
2008-07-28,26.634863180164025,28.80511204376213,26.634863180164025,28.467243194580078,43871960
2008-07-29,27.621342389123733,28.36119977454669,25.35244715978185,25.8481502532959,49870320
2008-07-30,26.21807269516947,27.372250016515814,25.907334022096588,26.866682052612305,31663400
2008-07-31,27.177423879156237,27.226748827747276,25.700176007222414,26.168752670288086,23994800
2008-08-01,25.406698780848966,28.084982349649767,25.16994467131824,27.885221481323242,28573860
2008-08-04,27.670660954032563,28.509166230545073,27.029451700777464,27.34265899658203,39733400
2008-08-05,27.342661912238924,29.19723682609113,27.17742567548046,28.955551147460938,34753700
2008-08-06,30.33414727380994,30.674480931717532,29.451250503210574,29.683073043823242,54736640
2008-08-07,29.54497268977367,30.28236336571035,28.711398821575575,29.65595054626465,21138480
2008-08-08,28.632475031267212,31.81386156397563,28.632475031267212,31.473527908325195,42158020
2008-08-11,35.92006510976852,35.92006510976852,31.831124346625487,32.617835998535156,38382100
2008-08-12,32.80033849172042,33.16040401363792,31.12579466925133,31.722614288330078,41835420
2008-08-13,31.567246210917098,32.79047865735809,30.891510373549913,32.21092224121094,40975300
2008-08-14,32.770743464709646,32.770743464709646,30.04066853361403,30.31934928894043,33165820
2008-08-18,30.13685412596627,30.812591833936967,29.22683090049704,29.507976531982422,42173300
2008-08-19,29.579494877288948,29.579494877288948,27.473367578714896,28.2650146484375,34385680
2008-08-20,28.607820943077837,29.05173615860957,28.129379197621944,28.43518829345703,23120700
2008-08-21,28.605347909772522,28.605347909772522,26.992458824813532,27.170024871826172,32795900
2008-08-22,26.750776447570665,28.27981425038754,26.750776447570665,28.05292510986328,31832060
2008-08-25,28.22802213688355,29.3180781141328,28.22802213688355,28.782915115356445,23742280
2008-08-26,28.755787534819742,29.791588914410646,27.86795912485216,29.48084831237793,37023560
2008-08-27,29.60415248835866,30.03326913027455,28.173761173233522,28.363658905029297,35698980
2008-08-28,28.824844059589083,28.824844059589083,27.207023122720262,27.43391227722168,38617980
2008-08-29,28.58314995914566,29.988877874532275,27.966602297738525,29.855703353881836,45313500
2008-09-01,29.594296476205894,29.594296476205894,28.72619794078792,29.266292572021484,33194900
2008-09-02,29.59429439674729,33.73749636491374,29.347675276774396,32.097476959228516,82187380
2008-09-04,32.00129467484637,32.603045911285214,30.876712124240214,31.54505157470703,72739700
2008-09-05,30.087528405808264,30.876708726125777,29.54989872460624,29.79898452758789,63776040
2008-09-08,31.31815678430967,31.86071989516616,30.457456712547376,30.654752731323242,34182080
2008-09-09,30.575836212998965,31.074005956803475,29.724999206677673,30.548707962036133,39595100
2008-09-10,29.93956110316928,30.713944978034824,29.840913080311886,30.356346130371094,38390380
2008-09-11,30.30949246210511,30.72381268955716,29.30821748152241,30.065340042114258,44135960
2008-09-12,30.33414818442973,30.967959172858485,28.237885911521982,28.519031524658203,51363200
2008-09-15,28.11457458483941,28.854431810756235,26.09229891995511,28.131837844848633,50074980
2008-09-16,27.374720043946603,28.454911022375178,26.649659289333847,28.010997772216797,55576820
2008-09-17,28.87416391990244,28.87416391990244,26.758171646000505,27.28593635559082,45138940
2008-09-18,24.664379435651114,28.88896440680675,24.664379435651114,28.62508201599121,70252820
2008-09-19,29.840911661511715,31.32062628935527,29.34767345223053,31.091270446777344,50006680
2008-09-22,31.83853010277574,31.83853010277574,30.092464388776435,30.5240478515625,39111300
2008-09-23,29.84091276877057,30.630093180281534,29.032002376583197,29.28848648071289,36773360
2008-09-24,29.396997270530314,30.82738886656052,29.207101382996278,29.685543060302734,45444300
2008-09-25,30.08753190054328,30.26756468160265,28.85936788524367,29.135581970214844,36329440
2008-09-26,29.051727950715367,29.57455918845579,27.892617162775693,28.17622947692871,34377120
2008-09-29,28.213225042265638,28.410519190717302,25.530008065644363,26.583072662353516,57252560
2008-09-30,25.79635823138486,27.808771048859853,24.73836203593279,27.332796096801758,55280600
2008-10-01,27.490632155263494,28.41052037060009,26.437567514820795,27.611474990844727,39228560
2008-10-03,27.374720887427245,27.904952343990107,26.190948420754548,26.649660110473633,34490680
2008-10-06,26.1416240325604,26.32905507132719,23.09094515441996,23.527462005615234,45940360
2008-10-07,23.92205271326425,24.80001610765365,21.021811568820894,21.448463439941406,58302720
2008-10-08,19.85530878361538,22.6741658129826,19.38426529233777,22.368356704711914,63328880
2008-10-10,21.653158286817927,22.72841774086273,19.680205436321696,21.976228713989258,51260080
2008-10-13,21.791263730854464,23.675433496058066,21.791263730854464,23.20192527770996,28344920
2008-10-14,24.65698033830354,25.285857962637156,23.986176033770704,24.388164520263672,33506920
2008-10-15,24.119348803731096,24.504073998767943,22.88625330009565,23.470739364624023,25426140
2008-10-16,22.688959313512793,24.41529317432355,21.75180589359369,23.056421279907227,42323760
2008-10-17,23.182195590634645,23.56198923354434,20.720936124510978,21.187047958374023,26277400
2008-10-20,21.258565041877997,22.114333594747045,19.926823446305956,20.264690399169922,37229200
2008-10-21,20.706144945980252,21.401610918650196,20.351012744938608,20.87384605407715,23222720
2008-10-22,20.962622056752686,21.406537158811513,19.433584494646556,19.77391815185547,27669460
2008-10-23,19.236293939879804,19.97615139910595,18.101846212044013,18.553159713745117,35736420
2008-10-24,18.74305253094882,18.891023621987515,13.450606607864811,14.649175643920898,44403660
2008-10-27,14.797144611749614,15.537001842337094,11.83771568939969,14.659037590026855,45664240
2008-10-29,15.783623224189215,16.720776605747254,15.576463131740642,16.086965560913086,39380700
2008-10-31,16.89340991556532,17.460634650753583,15.393965197034014,16.631994247436523,55285980
2008-11-03,17.164691241451138,18.54082645203449,17.164691241451138,18.281875610351562,28829380
2008-11-04,18.249813887500924,21.42626730299283,17.556814800086492,20.861509323120117,48182140
2008-11-05,21.702481762593266,23.132873358658713,20.582830773145666,21.120460510253906,63099040
2008-11-06,20.222765530734584,22.195718265440398,20.222765530734584,21.182113647460938,60779800
2008-11-07,20.970018460190825,21.44106176994585,19.502635799553918,20.277019500732422,50421320
2008-11-10,21.209247185467255,21.78633510108831,20.498984701267158,21.480527877807617,34426500
2008-11-11,21.110597437237836,21.30789349652838,19.643214346511392,19.736928939819336,26162180
2008-11-12,19.487840272096296,20.3214140265054,18.602478614511845,19.10311508178711,40346240
2008-11-14,19.951491865567043,20.45212849558363,17.761512361933104,18.678936004638672,39014720
2008-11-17,18.743049995832447,18.94034601156817,16.123954700634222,16.63692283630371,49382020
2008-11-18,16.242333887793453,16.424831492837654,14.900725397285118,15.228729248046875,65296440
2008-11-19,15.093088533015427,16.09929393346863,14.353231261208563,14.565323829650879,49336160
2008-11-20,14.249652265901975,14.599851900919067,13.514727410821674,14.306374549865723,34150980
2008-11-21,14.501203326688975,15.633185067264552,14.0844173738707,15.270654678344727,42240120
2008-11-24,15.14241318577455,15.672643688740584,14.464210657663392,15.44328784942627,47033820
2008-11-25,15.57646283817811,16.397703979379973,15.026502339718395,15.369302749633789,38526900
2008-11-26,15.537001330560804,16.151082284885895,14.747820122440393,16.010509490966797,39592160
2008-11-28,15.783625146756318,16.75777000866079,15.53700600383825,16.53581428527832,37839760
2008-12-01,16.775030849274263,17.199216014843884,15.586327768226015,15.751562118530273,30874140
2008-12-02,14.999377348769325,16.326187762190386,14.908128522300595,16.14369010925293,31157500
2008-12-03,16.513619071133753,16.619665387400666,15.80582138985879,16.232473373413086,23122740
2008-12-04,16.271929658161238,17.70725279890715,16.185611464669744,17.463098526000977,25702320
2008-12-05,17.460632831850347,19.024197004725558,17.361984816673772,17.736845016479492,57491460
2008-12-08,18.249813806436546,18.989671122913702,17.172087638075215,17.401443481445312,36087680
2008-12-10,17.75657453801185,18.119104902544954,17.130161821578803,17.83795928955078,45480580
2008-12-11,17.805899268677255,18.891023746009154,17.559280154808846,18.68386459350586,39680000
2008-12-12,18.64193586100674,18.64193586100674,17.50995515616946,18.360790252685547,26321100
2008-12-15,18.792378171745437,19.729531679125817,18.693732018593618,19.15737533569336,28462860
2008-12-16,19.08831823591245,19.581556423499052,18.545755100634565,19.068588256835938,35515160
2008-12-17,19.53223179600177,19.53223179600177,17.685055280044196,17.9883975982666,26974420
2008-12-18,17.75904301682624,19.1129814327774,17.38171607152465,18.85403060913086,39034740
2008-12-19,18.74305174379195,19.35959949852195,18.165963948510797,18.706058502197266,34283140
2008-12-22,18.743049338658693,19.080918142254546,17.472960750583482,17.76397132873535,28488620
2008-12-23,17.756575625054946,17.756575625054946,16.331117493981193,16.565404891967773,23584460
2008-12-24,16.44949172501937,18.121570651827877,16.091894815083652,17.455698013305664,32872740
2008-12-26,17.50995688958223,17.97606685907633,16.528411999437164,16.698579788208008,23185660
2008-12-29,16.69857879730196,17.509955850528467,16.326183434772393,17.35951805114746,25557620
2008-12-30,17.579012069280797,18.220221459564364,17.164691837142154,17.847827911376953,27363840
2008-12-31,18.022925096203352,18.19062616706417,17.524753437960403,17.63326644897461,23525160
2009-01-02,18.44711000405174,19.58155752288226,18.205422450681123,19.315208435058594,31294420
2009-01-05,19.608683604644586,20.000807039238662,19.095715465964993,19.65800666809082,29784780
2009-01-06,19.680203716991944,20.26715646137677,18.55808612868245,19.08091926574707,45076500
2009-01-07,19.236291782256387,19.847908041166004,17.66286243947764,17.907014846801758,32412040
2009-01-09,17.756578691666277,19.729531879629196,16.227540723616926,16.9920597076416,25381380
2009-01-12,17.016718778814052,17.16468987014501,15.84774471127861,16.212739944458008,20160900
2009-01-13,16.29658931100512,16.942730098513053,15.41369255015899,15.943923950195312,34862700
2009-01-14,15.783624493634258,16.91807212780329,15.783624493634258,16.646791458129883,16495620
2009-01-15,16.289191976687853,16.289191976687853,14.74782169222538,15.058562278747559,34106040
2009-01-16,15.043766345144483,15.7342996941432,15.043766345144483,15.581396102905273,22307540
2009-01-19,15.734299070476258,15.931594170830298,15.100488031401706,15.386566162109375,17954960
2009-01-20,15.043764235786773,15.181871262532788,14.619579107106064,15.011703491210938,15389920
2009-01-21,14.797145189780537,15.216397824979751,14.303907016787853,14.476540565490723,24183040
2009-01-22,14.733024765183398,14.945116391101784,13.120135700141454,13.65776538848877,37466700
2009-01-23,13.406214465922455,13.514726531561553,12.249570281425903,12.634296417236328,65756200
2009-01-27,13.021488089573301,13.218783178353148,12.335887303271893,12.824193000793457,38309240
2009-01-28,12.922842520532534,13.909319020091436,12.922842520532534,13.576382637023926,37281760
2009-01-29,13.73668373875563,13.993167822578496,13.228648065888477,13.81806755065918,43271840
2009-01-30,14.007962936930625,14.205258004058107,13.551718035399748,13.99563217163086,19083600
2009-02-02,12.890782570444085,14.057290990633168,12.890782570444085,13.531991958618164,17708500
2009-02-03,13.56405046845295,13.968505640987921,12.898178711846182,13.448139190673828,28284620
2009-02-04,13.56404923160649,13.808202531717338,13.176857356075528,13.462935447692871,28756700
2009-02-05,13.485132824026094,13.564050862875188,12.676222455434251,12.871050834655762,18301340
2009-02-06,13.070810866673567,13.31742993962967,12.98449456744977,13.117668151855469,13807980
2009-02-09,13.268107149946314,13.657765772415289,13.201519881267037,13.485132217407227,18963660
2009-02-10,13.56405225816302,14.345834454924026,13.480201715663283,13.857528686523438,28650300
2009-02-11,13.613374984587315,13.736684538902821,13.22371634137724,13.598577499389648,20150760
2009-02-12,13.662700772889826,13.931515673919314,13.36675761585539,13.455540657043457,19542400
2009-02-13,13.564050524527666,14.044957958552725,13.564050524527666,13.825467109680176,15719300
2009-02-16,13.810669675165457,13.909317692013238,13.028887575483617,13.164527893066406,16235460
2009-02-17,12.922841259459119,13.063414071666303,12.60223567576688,12.83652400970459,17660720
2009-02-18,12.58990533983504,12.969698993890049,12.284098171181398,12.636763572692871,19024860
2009-02-19,12.528248355696487,12.915440213777776,12.38520978672273,12.44933032989502,15736440
2009-02-20,12.528249340601214,12.528249340601214,11.8944383668692,12.067071914672852,18072080
2009-02-24,11.837716632454825,12.419737850741539,11.640421543402683,12.316157341003418,19733660
2009-02-25,12.429603315721135,12.814328518891168,12.338353569163479,12.49372386932373,18226440
2009-02-26,12.523319007714763,12.617034539689522,11.961027697420832,12.385212898254395,24194820
2009-02-27,12.330956676683341,12.863653967484968,12.1977821187886,12.797066688537598,22377280
2009-03-02,12.676223982535568,12.676223982535568,12.035013663668694,12.136127471923828,11967740
2009-03-03,11.90430465854814,12.269300831703537,11.603429040621462,11.719340324401855,35856600
2009-03-04,11.83771549288839,11.9511600405754,11.383936361363252,11.539306640625,37127920
2009-03-05,11.82785312906703,11.832785624510288,10.333341818520374,10.673675537109375,79889820
2009-03-06,10.36786592741966,11.48751673088015,10.259352934534533,11.189106941223145,100629620
2009-03-09,11.110190534733524,11.44312689222761,10.806849147312619,11.001678466796875,41936260
2009-03-12,11.196508724105739,11.541774936884128,11.075664938128053,11.406134605407715,32674380
2009-03-13,11.756334019322486,12.11886445824027,11.714409216856344,12.022683143615723,34474720
2009-03-16,12.158321849927006,12.429603433498636,11.74400167275857,12.335887908935547,38808020
2009-03-17,12.281630664854351,12.663890071521507,11.921567014227334,12.375346183776855,39173420
2009-03-18,12.454264882870524,12.972164630401773,12.454264882870524,12.6688232421875,31577240
2009-03-19,12.774869867080458,13.462937418235883,12.631831270724074,13.282905578613281,72710800
2009-03-20,13.107805702536512,13.243446021049444,12.577574254703798,12.678688049316406,27618280
2009-03-23,12.774868441417594,13.605974496178778,12.774868441417594,13.438274383544922,29447600
2009-03-24,13.58378044162118,14.303907760036148,13.120136271498941,13.245911598205566,49992440
2009-03-25,13.662698609363407,13.85259448977279,13.070812389021365,13.694758415222168,35413120
2009-03-26,14.254582938969296,14.747821109458041,13.820533762881146,14.53079605102539,42139400
2009-03-27,14.53572958378904,15.088156788133631,14.407487537409452,14.880996704101562,33795680
2009-03-30,14.742888428880727,14.747820923416649,13.09793960262456,13.295234680175781,32747700
2009-03-31,13.554184735803252,14.572721824027363,12.848853999577548,13.919180870056152,66177620
2009-04-01,14.047425405769099,14.940187332887046,13.406216044684578,14.77001953125,49937200
2009-04-02,14.809475025386964,17.26333496999112,14.809475025386964,16.79229164123535,78929460
2009-04-06,17.509956607687798,18.98967125059099,17.098103150319478,18.254745483398438,64021700
2009-04-08,17.509961246180158,18.101847636446536,16.775035284301367,17.828100204467773,58610160
2009-04-09,18.496427685159073,18.673993691985228,17.660389304314197,18.33365821838379,44127620
2009-04-13,18.69372928420961,19.998342719894158,18.587682991683803,19.70979881286621,39976100
2009-04-15,19.236289829610786,21.653157765952884,17.88728304948553,21.01688003540039,77827900
2009-04-16,21.59150387076388,21.801129738318437,19.189432380456935,19.556896209716797,72093000
2009-04-17,19.976145785556188,20.75546299342271,19.364529629917,19.719661712646484,51867980
2009-04-20,20.824518570160063,20.824518570160063,19.14997456176877,19.61855125427246,37327960
2009-04-21,19.236286488877965,19.236286488877965,18.020454459895692,18.937877655029297,44512780
2009-04-22,19.18696808691387,19.53716678205922,18.003195570736757,18.215288162231445,39584600
2009-04-23,18.175828854898505,19.458249440535557,17.263338840249993,19.26342010498047,50340960
2009-04-24,19.260950655953916,19.963814689911352,18.942811802361742,19.662940979003906,42210060
2009-04-27,18.743052873506223,20.25729409986776,18.743052873506223,19.428653717041016,38458200
2009-04-28,19.4656432380654,19.67033751739878,17.667789994961836,17.971132278442383,37932600
2009-04-29,18.46683783039624,19.23629011224567,18.111707600088728,19.002002716064453,34574040
2009-05-04,19.581557237404677,21.332552499806205,19.581557237404677,20.898502349853516,65864540
2009-05-05,21.40654230125208,22.639638012578708,21.011950168383773,22.410282135009766,52008180
2009-05-06,22.590310661587118,22.836929777721377,20.390468597242627,20.920700073242188,56498940
2009-05-07,21.307890258659175,21.99842259813598,20.868908569076165,21.746871948242188,40786620
2009-05-08,22.393015843687902,22.52618850674348,20.68394534352387,21.38187599182129,47105720
2009-05-11,21.80112823625409,22.511390547996744,21.14018899057735,21.783864974975586,47472180
2009-05-12,21.899774657132966,25.253793707639165,20.878771835082116,23.904787063598633,108689360
2009-05-13,23.92205410753342,25.105826609806368,23.581720406868346,23.93191909790039,88426600
2009-05-14,23.67050575541782,24.859209928443953,22.836931862589093,24.612590789794922,77710500
2009-05-15,25.105825770146176,25.747035070117832,24.711233694882576,24.96031951904297,67229500
2009-05-18,28.361196367249107,32.06048284993377,28.361196367249107,29.73733139038086,111360
2009-05-19,30.854517841125375,35.656192344364186,28.427784754368247,33.10615158081055,78569380
2009-05-20,32.30710525355819,33.48594436557822,31.715220861026758,32.598114013671875,46250780
2009-05-21,32.4550765791245,33.04202750558908,29.951890339497012,30.56597328186035,67807480
2009-05-22,30.442665732698586,31.96184046284175,29.406864267176985,31.76947784423828,49852540
2009-05-25,31.956905408395194,34.11728750345029,30.982758774141846,33.77202224731445,47353960
2009-05-26,34.28005497605587,34.28005497605587,30.827387568395572,31.09373664855957,38031760
2009-05-27,33.2935754352908,33.471141471994365,31.99142700820366,32.573448181152344,30947200
2009-05-28,32.54386074831335,34.420632403038006,31.621503884302467,33.78681945800781,69745920
2009-05-29,34.02357821522902,34.657387448306395,33.20480086401471,33.468685150146484,40707620
2009-06-01,34.033433453356125,35.92746620446818,33.1209435988951,33.52293014526367,34739760
2009-06-02,33.796678588688,33.91998813423841,31.66096011971754,32.47480010986328,34099740
2009-06-03,32.75102148065336,33.33797245587091,31.823731135987803,32.84473419189453,27129280
2009-06-04,29.971615828920097,33.91012275052009,29.971615828920097,33.636375427246094,38285820
2009-06-05,34.53160573873151,34.53160573873151,33.046957776019035,33.41195297241211,31818580
2009-06-08,33.540195435516594,33.68323495585874,31.35268348232593,31.813861846923828,20883660
2009-06-09,30.59556711990635,34.03343822051044,30.59556711990635,33.6807746887207,29351360
2009-06-10,34.033427080420225,36.35164452123469,33.97670575562306,35.65864562988281,53788760
2009-06-11,35.976791410923575,36.203680505485686,33.84600278035292,34.57352828979492,27061540
2009-06-12,35.19253968277135,35.25666304780537,33.00009635417414,33.229454040527344,26260820
2009-06-15,33.170272077182574,33.54513419819379,32.09254771277314,32.455078125,21205100
2009-06-16,32.55372407874895,34.082761881341085,31.468599566479735,33.87560272216797,21169400
2009-06-17,33.786818710788246,34.5266760548201,31.448868675763578,31.984033584594727,24319680
2009-06-18,32.297243472881256,33.48101230663739,30.099866083857812,31.39708137512207,38951260
2009-06-19,32.20845537828059,32.482202724816204,29.710202736613613,31.05181121826172,32187460
2009-06-22,31.61656640024727,31.961835382090747,30.334147892378212,30.615293502807617,25152360
2009-06-23,29.685541915889218,30.279892971915213,28.856901584576796,29.618953704833984,35440540
2009-06-24,29.458651100888584,30.326751397123793,29.24902523964833,30.0135440826416,28691320
2009-06-25,30.186178195987644,31.31076068913309,30.09986188735664,30.46485710144043,35732500
2009-06-26,30.630093130401256,32.33669694348614,30.585701614728897,32.11967468261719,28957900
2009-06-29,32.455072992528116,34.36390229623272,31.66588891244162,33.108612060546875,34066140
2009-06-30,33.34290432710824,33.540200376059836,30.834788324089217,31.162792205810547,32569040
2009-07-01,31.39462058472782,32.25285422874543,30.580776584297926,31.71029281616211,29601260
2009-07-02,31.966765449468845,32.30216756457414,31.226910056212276,31.86318588256836,27148820
2009-07-03,31.717679741626753,32.213382733211375,31.332954582413794,31.93470573425293,18866780
2009-07-06,31.986498096350584,32.88172667773722,28.965413972218652,29.42412567138672,36398960
2009-07-07,29.8409118841549,30.18617900953866,28.90375852690676,29.562232971191406,29118840
2009-07-08,29.34767366139551,29.34767366139551,27.616408362363536,28.070186614990234,30180440
2009-07-09,28.139237508965664,28.351330074751516,26.989993539561564,27.981401443481445,23214280
2009-07-10,28.311873625445408,28.73112534567904,26.881482083081675,27.389516830444336,26662780
2009-07-13,26.881480921737506,27.865490568092497,26.107097126442994,27.377185821533203,29069000
2009-07-14,28.110638117270533,28.794696555,27.910605064943564,28.602073669433594,24291640
2009-07-15,28.844089584395544,30.473977788765396,28.276097355492197,29.868942260742188,46420000
2009-07-16,30.15293933637619,31.26422704079374,29.6343387844681,30.74315643310547,30036320
2009-07-17,30.77032463634731,32.03719207458429,30.77032463634731,31.693927764892578,20719780
2009-07-20,31.859379581787397,33.481861297235554,31.711210161729575,33.26454162597656,24195760
2009-07-21,33.33863181280145,33.83006929755737,31.52105884620512,31.73590660095215,26580500
2009-07-22,32.08904884130617,32.83978372820097,30.622148542102973,30.827119827270508,29180940
2009-07-23,31.338311903709336,32.23721809549931,31.116053998329757,31.661821365356445,26618940
2009-07-24,32.15819254761613,32.202642240986386,30.812298714486857,31.385229110717773,22745580
2009-07-27,31.51117761310399,33.23984913615005,31.363006306585863,33.029937744140625,30521600
2009-07-28,33.3238024551562,33.66953477471153,32.00507576288128,32.72123718261719,43444360
2009-07-29,32.810146685534136,33.08673259486116,30.62214489173535,30.8197078704834,35935100
2009-07-30,30.836995880524526,31.313614845456403,30.37519348023189,31.05431365966797,29606620
2009-07-31,31.71368359978913,32.6990267984797,31.37535941119522,32.35329055786133,31373840
2009-08-03,32.592826244496315,33.1805750558139,32.15325060570932,33.04228210449219,16188980
2009-08-04,33.01265179113611,35.01297117812156,32.99042694128542,34.7413215637207,50551420
2009-08-05,34.74378973612588,37.018222894374055,34.39064527569847,36.80831527709961,57703000
2009-08-06,36.54901875540367,38.072717260792786,35.659987062180974,36.14401626586914,68016480
2009-08-07,35.80815232742116,36.46998395480563,34.67710816723996,35.126564025878906,43626780
2009-08-10,35.80816024133141,36.447767164722094,34.338791660930795,35.734073638916016,47963260
2009-08-11,35.956327243021335,36.68730538130293,35.094460661072624,35.862483978271484,45115820
2009-08-12,35.506874130329365,35.75382693622577,33.93131402288604,35.29696273803711,29305920
2009-08-13,35.81556723780378,37.435577136564,35.54391762810881,37.245426177978516,27434760
2009-08-14,37.47014711122897,37.47014711122897,36.10943854623338,36.386024475097656,15359400
2009-08-17,35.9908986658869,35.99583500826634,33.36332129931478,33.67448043823242,23040460
2009-08-18,33.83253360052965,34.859858152913894,33.71646548307178,34.30915069580078,23831380
2009-08-19,34.40546727852024,34.57339338048907,32.94597526787568,33.41024398803711,21532540
2009-08-20,34.17333099051789,34.958639116131295,33.89674128145209,34.65242004394531,24791740
2009-08-21,34.4672041256025,35.734069427992985,33.89180364907008,35.54885482788086,26175280
2009-08-24,35.80815607037777,36.741637354756385,35.80815607037777,36.166236877441406,16087380
2009-08-25,36.06004762116525,36.53913663893952,34.983333300953184,35.6204719543457,25936900
2009-08-26,35.78346388651253,36.27736955102313,35.00062386044736,35.91682052612305,15905840
2009-08-27,35.709381162548425,35.80322067672073,34.64748322690506,35.294498443603516,27711220
2009-08-28,35.264859959639786,36.42059723412533,34.96851735860764,35.79086685180664,22415760
2009-08-31,35.11669066612487,35.53650971145513,34.88208623798746,35.3735237121582,14618080
2009-09-01,35.447597335615086,36.203275942734585,34.50917986685503,34.83268737792969,19617920
2009-09-02,34.32644157478154,35.180899979903224,34.11900211279857,34.388179779052734,18355300
2009-09-03,34.57338728543998,35.26238384547745,34.28445300102425,34.56597900390625,20667780
2009-09-04,35.067299214540014,35.54144816018631,34.63759996620391,35.254981994628906,13159980
2009-09-07,35.55132916418817,36.00078133129528,35.19324456527092,35.832855224609375,17802400
2009-09-08,36.351452117494496,36.440355277961714,35.5612038956752,35.71925354003906,13290080
2009-09-09,35.995836000810776,36.19833908996023,35.39080244102097,35.4920539855957,14031360
2009-09-10,35.80815679585166,37.092310630752394,35.71431352394173,35.921756744384766,32842780
2009-09-11,36.302072763645896,36.4996358180408,31.25435537645522,35.781002044677734,22159600
2009-09-14,35.56367245585404,36.549015514451334,35.561204284331026,36.31687927246094,14533180
2009-09-15,36.055108117936186,37.531884778903425,36.055108117936186,37.0355110168457,31818860
2009-09-16,37.53682595768554,37.73438895320823,36.368740257651126,36.56630325317383,21913120
2009-09-17,37.13182384349176,37.21578689267199,36.06004957609488,36.341575622558594,12042480
2009-09-18,35.95632587638569,37.03797647840975,34.84750654993464,36.35144805908203,12494780
2009-09-22,36.400843133622665,36.79596914175407,36.25020176694517,36.4798698425293,11829540
2009-09-23,36.30452815495854,36.637915927394445,35.85754420977298,36.050167083740234,11333060
2009-09-24,35.80815845879093,36.647796529164964,35.32906939098185,36.4477653503418,19060700
2009-09-25,36.47493120280359,36.929323492747166,35.9069389562736,36.19587707519531,7191140
2009-09-29,37.18368443814612,37.56645825878243,36.31193759834039,37.43557357788086,15992200
2009-09-30,37.63560791742508,38.722202576434256,37.403475434031314,38.499942779541016,29565380
2009-10-01,38.22829142299552,38.667867073680654,37.791183943579256,37.97393035888672,13197860
2009-10-05,37.04292445667173,37.83070458636246,36.38602902527181,36.55148696899414,9611760
2009-10-06,36.746570961220065,37.48742923153418,36.05510248862022,37.35160446166992,11594780
2009-10-07,37.536822527440826,38.33695089049894,36.823129144587895,37.16145324707031,11602840
2009-10-08,37.27752877790821,38.401164903317536,36.89475113937961,37.99616241455078,13343040
2009-10-09,38.27274518048351,39.17906153488464,37.662771442442846,37.961585998535156,15742140
2009-10-12,37.98133778051978,39.932263207650244,37.68499520235064,39.47540283203125,31119660
2009-10-14,39.72977519912456,40.31752041213333,39.448249104499794,39.895233154296875,23261460
2009-10-15,40.44839207899181,41.09293895206898,40.208851361567895,40.59656524658203,11958720
2009-10-16,40.5965683322103,41.37940821149966,40.352083717563914,40.84352111816406,12274480
2009-10-20,41.23618457760946,41.4880775320073,40.1051401069932,40.54718780517578,8537720
2009-10-21,40.74474324465661,40.84105468454838,40.14464598979199,40.542240142822266,7226220
2009-10-22,40.25329839653206,40.25329839653206,38.87036148421785,39.280303955078125,17381000
2009-10-23,39.71000715864662,40.0063497363872,39.149423301688806,39.27043151855469,15142940
2009-10-26,39.270428978172575,39.51244162804835,38.10481164868914,38.57402038574219,11998800
2009-10-27,37.6454969558703,38.685166451856446,36.80091857358118,37.6133918762207,19791920
2009-10-28,37.83317595246976,38.61354786461427,37.092317400783536,37.408416748046875,11938980
2009-10-29,36.79596672876581,36.93919980311556,35.06729715090433,35.36857986450195,12967200
2009-10-30,36.0550993859255,37.72943863129538,34.746249134029355,35.222869873046875,22841040
2009-11-03,34.82033793382272,35.46241659449234,33.195388378060336,33.63743591308594,22593080
2009-11-04,34.02021939592527,34.76601797332471,33.78067485717314,34.55610656738281,10770540
2009-11-05,34.52400381028632,35.51181505654229,33.90662178137634,35.45995330810547,12543580
2009-11-06,35.610591712839145,38.26286604505006,35.610591712839145,37.692405700683594,15511320
2009-11-09,38.27768416871703,40.39159954312245,37.16639656381879,39.675437927246094,26838540
2009-11-10,40.1965125112979,40.39160358567499,38.786410217945615,39.05065155029297,14714600
2009-11-11,39.27537425506059,40.36690901936567,38.45302469261589,40.15946578979492,15696940
2009-11-12,39.51244599995938,40.28787760198057,38.6382347902185,38.964210510253906,10419240
2009-11-13,39.117319641869365,40.33233066024572,38.83579361766032,40.02363967895508,16417720
2009-11-16,40.25330300000935,41.07812437797275,40.25330300000935,40.697818756103516,10663380
2009-11-17,40.74721092222532,41.288038142832406,39.76433985931872,40.98428726196289,10818100
2009-11-18,41.38929161183899,41.981976836366215,40.05574420435161,40.26071548461914,33849220
2009-11-19,40.40147815834525,40.58916092315497,38.277682646180196,38.724666595458984,15934880
2009-11-20,38.72466960682745,39.463059866683885,37.835641750057356,39.18153381347656,16100240
2009-11-23,39.4976299188525,40.176750092785454,39.13214084397747,39.766807556152344,14044180
2009-11-24,39.759396948908694,39.93226313852475,38.154203904387536,38.43819808959961,15432580
2009-11-25,38.51722941160087,39.406261019519256,38.29250145401584,39.016075134277344,14830760
2009-11-26,39.265489801886744,39.265489801886744,38.430788246815034,38.73207092285156,15177480
2009-11-27,38.52464268370861,38.52464268370861,35.832858259883835,37.71957778930664,19391860
2009-11-30,37.78378178361114,39.255622261425614,37.536828961496035,38.87531280517578,8672300
2009-12-01,39.01854290490151,40.401480110077046,36.203282455752195,40.27553176879883,15848680
2009-12-02,40.30269875843883,40.747214580226945,40.11501597510648,40.37184524536133,11832660
2009-12-03,40.500256694765085,40.845989086098754,39.56924364125881,39.818668365478516,7982240
2009-12-04,39.710018014085094,39.95697085774457,39.04571426172887,39.3074836730957,8191840
2009-12-07,39.74951857940278,39.88287141404851,38.60365790436494,38.749359130859375,8833500
2009-12-08,38.77158694440206,40.12488714061373,38.52463416131669,39.83101272583008,8231620
2009-12-09,39.665558181271386,39.897694419993925,38.778998519087,39.028419494628906,7913380
2009-12-10,39.117317246703685,39.74704756361809,39.01853764601917,39.53219985961914,5508660
2009-12-11,39.907570748177996,40.0557401552314,39.03088762569394,39.6532096862793,7504840
2009-12-14,39.48774449123023,39.932260209206184,39.267956687369896,39.4284782409668,7982540
2009-12-15,39.517382603300995,39.85570668632234,38.583901450862406,38.94445037841797,14976340
2009-12-16,38.96915088700335,38.96915088700335,38.06283460287916,38.32954406738281,24702380
2009-12-17,38.46042948621531,38.89506504701385,38.04060672194104,38.70244216918945,9948020
2009-12-18,38.54933676094227,38.919765991438695,38.08012414139286,38.27274703979492,8128980
2009-12-21,38.030733917299344,39.23339293340522,37.95664731836571,38.50241470336914,12316140
2009-12-22,38.7913428761064,39.64579737902071,38.7913428761064,39.45811462402344,9150500
2009-12-23,39.512442053191414,40.10512717670924,39.512442053191414,40.011287689208984,7025040
2009-12-24,40.2533048549349,40.34714812115708,39.611226092299894,39.766807556152344,6011800
2009-12-29,39.76680817502652,40.20144373655546,39.710010087418894,39.939674377441406,4829260
2009-12-30,39.95202423371265,40.63855272572778,39.5692466347918,40.48050308227539,12623240
2009-12-31,40.994165467901375,41.17691189943103,39.63839321726008,39.855712890625,7487200
2010-01-04,40.15946072067908,40.74226944443961,39.80878821790289,40.643489837646484,5527480
2010-01-05,40.84598560395065,41.17690517110227,40.554583151554596,41.0460205078125,7113640
2010-01-06,41.09294439326812,41.71526650406973,40.75708843469907,41.54486846923828,13930200
2010-01-07,41.73501841064621,42.21904750110915,41.21641608287879,42.01160430908203,20800120
2010-01-08,42.179542849196125,42.18201102086949,41.38929457060109,41.752315521240234,7447940
2010-01-11,42.27831175304672,42.559837748683336,41.586843271493606,41.91282272338867,6490040
2010-01-12,41.91282685840452,41.97703322577887,40.50025663056535,40.65089797973633,11324300
2010-01-13,40.253305367020786,40.5916294885145,39.82360614949547,40.15452575683594,15403460
2010-01-14,40.56940189977785,41.50041492406467,40.139702711291555,40.71757507324219,12088020
2010-01-15,40.747210476599975,40.98922315645574,40.26812145959938,40.59410095214844,12526160
2010-01-18,40.149584628451244,42.40426478328094,40.0162280130604,42.07334518432617,14503560
2010-01-19,42.475881010419535,43.26612920581047,42.26844156566704,42.404266357421875,20851240
2010-01-20,42.52527085149293,43.453815779025774,42.273377943683414,43.229087829589844,15608820
2010-01-21,43.06856771758367,43.06856771758367,41.290508273867054,41.702919006347656,13594640
2010-01-22,40.747214003712465,41.241119627999886,39.710012946349046,39.991539001464844,25045640
2010-01-25,39.71001517506912,39.75940498662968,38.240646613986065,38.4307975769043,18882760
2010-01-27,37.981345913524436,40.59904364411723,37.1664008229036,37.786251068115234,12751860
2010-01-28,38.16408552529212,39.23833175398669,38.03814094898895,38.569087982177734,15804020
2010-01-29,37.78378166923592,39.13955401509616,36.69719076249908,38.47031021118164,19616040
2010-02-01,37.941833388223266,39.38650897909439,37.79366018006169,38.769126892089844,14979340
2010-02-02,39.463061682629906,39.463061682629906,37.03798316348867,37.23307800292969,8240700
2010-02-03,36.99352544685686,38.746887840955694,36.99352544685686,38.50487518310547,13305920
2010-02-04,38.47524304459536,38.52463284588592,36.81077998688126,36.995994567871094,6263440
2010-02-05,35.56120254088777,36.17364441844022,35.124095037893184,35.378456115722656,12142300
2010-02-08,35.956324053332175,36.96635995674816,35.235218664277085,36.45269775390625,13467720
2010-02-09,36.45270379080929,37.131824006311106,36.01559626973554,36.74410629272461,10825140
2010-02-10,37.02316793262135,37.14170423628107,35.699500609117436,35.929168701171875,6777680
2010-02-11,36.252672899055405,36.840418018600445,35.981023303492,36.31687927246094,11079660
2010-02-15,39.71000299831972,39.71000299831972,35.81802524229271,35.94150161743164,4365880
2010-02-16,36.15388170276235,36.69470883729998,35.89952066742638,36.53913116455078,4754640
2010-02-17,36.63791309241538,37.72697571202232,36.59839974486406,37.45038604736328,10023600
2010-02-18,37.43803993701258,37.559044377808924,36.823126207835,37.11452865600586,11152360
2010-02-19,36.83054261850807,36.83054261850807,35.80815811679788,36.055110931396484,5123080
2010-02-22,37.52694050491729,37.52694050491729,35.24509580179098,35.37104034423828,5673620
2010-02-23,35.26485442400539,35.75628799837998,34.67710565700863,34.847503662109375,17330300
2010-02-24,34.353599739322625,35.16607268879406,34.353599739322625,34.96851348876953,7149560
2010-02-25,40.01129191212498,40.01129191212498,35.25991889720201,36.05263900756836,25307360
2010-02-26,36.4452990574991,37.4578033982981,35.86743034039809,36.75893020629883,14510440
2010-03-02,37.097242130087125,37.32937831626973,36.61568502481463,37.0058708190918,8121920
2010-03-03,37.28986752935472,37.877616316105026,36.97376829148905,37.49237060546875,8841000
2010-03-04,37.6356117835741,38.425863896105874,37.3565576332301,38.287567138671875,12694960
2010-03-05,38.52463823053227,39.75940227638266,38.28756187572063,39.60382080078125,23671600
2010-03-08,39.759403991699216,40.50026245117187,39.759403991699216,40.12983322143555,15899480
2010-03-09,40.21873074060089,40.21873074060089,38.882715268559856,39.19140625,6386620
2010-03-10,39.0185436959931,39.418606039456876,38.64811448368937,39.201290130615234,7179160
2010-03-11,39.013601938350035,39.11732166123399,38.282623767110564,38.46289825439453,7775180
2010-03-12,38.57402869320759,39.01854451089595,38.181374624333245,38.33201599121094,8046420
2010-03-15,38.65799178253066,38.68762868253895,37.339264662288684,37.504722595214844,11484060
2010-03-16,37.63560930178306,37.88009395689827,37.003410668007554,37.39606475830078,14539600
2010-03-17,37.6356081714606,38.32707681946087,37.53682855097527,37.66277313232422,17032780
2010-03-18,37.69487028507228,37.78377343211113,37.008341892794505,37.26270294189453,17694700
2010-03-19,37.49237018304278,37.49237018304278,36.68236165591318,36.88980484008789,12781640
2010-03-22,36.104495819645656,37.12688018200521,36.069922581042206,36.7366943359375,18372820
2010-03-23,36.939198695181084,37.161454698388226,35.822971031859595,36.047698974609375,13270360
2010-03-25,35.956330114339394,36.63791850336049,35.65998373213817,36.5317268371582,21898620
2010-03-26,36.79597224071322,37.398537758171315,36.662619368453385,37.13429641723633,15591140
2010-03-29,37.13429032696861,37.74673596752748,37.04291899926128,37.25776672363281,14005340
2010-03-30,37.24048357723269,37.83316879924034,36.86017414908051,36.966365814208984,12069380
2010-03-31,37.04292468646213,37.334327218592406,36.79597185521905,36.95155334472656,10457260
2010-04-01,37.141697801094246,37.27505441678202,36.704594079518934,36.88733673095703,6886700
2010-04-05,37.09230186595963,38.033191229630035,36.82806438598966,37.85044860839844,20887840
2010-04-06,38.030731741823125,39.00125445091381,37.96158525829405,38.620948791503906,29805500
2010-04-07,38.67280915936009,39.351929344821265,38.44314110081255,38.90247344970703,42158440
2010-04-08,38.91975955230726,39.36427154079931,38.524633597869474,38.8259162902832,21112640
2010-04-09,38.8703661218774,39.26549207773857,38.58637193173995,38.81850814819336,10745960
2010-04-12,39.4235409087172,39.4235409087172,37.57386326467295,37.82081604003906,9827200
2010-04-13,38.10481199628508,38.27767817634467,37.63559948675175,37.929473876953125,7308580
2010-04-15,38.15420347858624,38.223349953660986,36.610748645310096,36.798431396484375,16293000
2010-04-16,36.5490095467403,36.5490095467403,35.709371645514175,35.80815124511719,19346960
2010-04-19,34.57339130304798,36.25267106283614,34.57339130304798,35.795806884765625,16271160
2010-04-20,36.05511353589013,36.549019200765336,35.71925753304694,36.119319915771484,10820780
2010-04-21,36.30206368129885,36.91944571669509,36.173647162840176,36.677433013916016,9268120
2010-04-22,36.57371365945748,37.32444856419463,36.21069271746325,36.65520477294922,11324420
2010-04-23,36.69717905053089,37.07254450610631,36.35885123085856,36.84040832519531,5666720
2010-04-26,37.19108660011834,37.583740578204605,36.867575324129014,37.356544494628906,6876400
2010-04-27,37.33926366559614,37.507193533824314,37.00834780857692,37.14664077758789,4561720
2010-04-28,36.10449133980175,37.00833931025726,36.10449133980175,36.361324310302734,8338760
2010-04-29,36.499620110905404,36.499620110905404,35.81555988382271,35.99583435058594,18065760
2010-04-30,36.05757516517132,36.77867685286421,36.05757516517132,36.47739791870117,12643580
2010-05-03,36.54901256910539,37.06761493040668,36.26748654193625,36.47739791870117,7182220
2010-05-04,37.04292396349685,37.04292396349685,35.95633303451471,36.1687126159668,8646440
2010-05-05,35.63034829070111,37.02316187756504,35.33153752456606,36.86758041381836,14122560
2010-05-06,36.79596644205785,37.42816499412339,36.15388766800345,37.03797912597656,10302380
2010-05-07,36.561365875188926,36.64779710155331,34.97345727788882,35.18336868286133,11005280
2010-05-10,35.85754642146835,37.77883893697059,35.70937699984703,37.581275939941406,26425260
2010-05-11,37.78377705158742,38.12950945196879,36.65273281576761,36.86264419555664,22444980
2010-05-12,37.08735984134983,38.19123886551112,36.894737009984745,37.956634521484375,32094360
2010-05-13,38.425858764272114,38.67281157440702,38.17890595413721,38.35918045043945,14047100
2010-05-14,38.32707318174682,39.016073592710626,37.09230920186966,37.4429817199707,16729920
2010-05-17,37.082442590798216,38.95928207745894,36.77127957362906,38.74690246582031,24560320
2010-05-18,38.82097478438129,39.10744090264315,38.03566678261545,38.69255828857422,11256480
2010-05-19,38.292497609493445,38.76664649671233,36.400838403132404,36.7366943359375,18335320
2010-05-20,37.042923397033256,37.68006213164635,36.64779737351782,37.02069854736328,9115620
2010-05-21,36.351448037689686,37.526945668405354,35.81062085289575,36.56135940551758,17268620
2010-05-24,37.24048320541526,37.482495895695315,36.40331335938256,36.57371139526367,7944360
2010-05-25,36.40083601701405,36.40083601701405,35.215465760769476,35.82790756225586,14038460
2010-05-26,36.055102622237605,37.265169627621724,35.403147492673085,36.71693420410156,12344920
2010-05-27,36.94414196163769,37.48743739114983,36.218100095785644,37.32444763183594,10051780
2010-05-28,37.605974137159556,37.78378046433012,37.09972011586005,37.50719451904297,21984400
2010-05-31,37.722039208176405,37.722039208176405,36.96389232337399,37.4652099609375,6853500
2010-06-01,37.73438642378691,38.55920782398876,36.84782682713521,37.31950378417969,15829360
2010-06-02,37.52200802123049,37.52200802123049,36.6477930226556,37.25776672363281,6773220
2010-06-03,37.63560330063947,38.20112729410035,37.319504034154974,37.51459884643555,5322700
2010-06-04,37.51460560580601,37.675123439292676,36.99353497966467,37.149112701416016,6894680
2010-06-07,36.05510781070364,37.43804496003826,35.961264543454334,37.26023864746094,7939180
2010-06-08,37.47756022536686,37.66277484836659,36.34157946522252,36.5440788269043,7572220
2010-06-09,36.544079755153824,37.04292554086719,36.3415803883284,36.49468994140625,5205460
2010-06-10,36.49962154475934,36.877458995741826,36.190930570544865,36.75151443481445,8636520
2010-06-11,37.23060482139368,37.85786707812361,36.795969226014556,37.504722595214844,10969320
2010-06-14,37.63559766375163,38.129503164683804,37.5047130074606,38.030723571777344,7301680
2010-06-15,38.213473220011224,38.27521141288873,37.734384240369764,38.06283187866211,5459360
2010-06-16,38.178905360546125,38.292501541249564,37.48249663805678,37.77143096923828,7925660
2010-06-17,37.52447469092419,38.3246030658402,37.19602703675744,38.16902160644531,11363240
2010-06-18,38.22829523237847,38.52463784679055,37.796127820635625,38.181373596191406,7609400
2010-06-21,38.3764651174346,39.47293619533859,38.3764651174346,39.18647003173828,13167760
2010-06-22,39.00865994239006,39.8581742783572,38.88271162212567,39.18399429321289,20574240
2010-06-23,38.598722012784975,39.70260129075015,38.574025226388216,38.72713851928711,9969200
2010-06-24,38.27768135225038,38.27768135225038,37.042917437661664,37.344200134277344,375659660
2010-06-25,37.47262158710091,37.70722600822691,36.993532522034656,37.07749557495117,14569780
2010-06-28,37.042918807720454,37.882556793415226,37.042918807720454,37.682525634765625,16954680
2010-06-29,37.83316461449422,37.83316461449422,36.62803762728497,36.773738861083984,13824720
2010-06-30,36.78857705873756,38.242316621583676,36.78857705873756,38.12117385864258,47511400
2010-07-01,38.069245313754685,38.39065157729017,37.40665730593378,38.081607818603516,13569600
2010-07-02,38.182978459420305,38.365929966365805,37.41654836097792,37.552528381347656,8917680
2010-07-05,37.62917488194457,37.82696368184134,37.14706727579517,37.73301315307617,5222580
2010-07-06,37.77751423661969,38.04947051258085,37.433857687649926,37.854156494140625,6645820
2010-07-07,37.92090813356543,37.92090813356543,36.84296330800781,37.159423828125,7107800
2010-07-08,37.57972810424922,37.82696315756665,37.36710580749593,37.58219909667969,6802340
2010-07-09,37.62917292692514,38.21017678909073,37.42891314496814,37.75773620605469,7360780
2010-07-12,37.851680533042654,38.15330753901908,37.48577001177195,37.572303771972656,11767040
2010-07-13,37.53028262220703,37.7874054230574,37.18909703438909,37.64400863647461,11343960
2010-07-14,37.733014335579604,38.22748446456377,37.18415219060656,37.32754898071289,17882760
2010-07-15,37.480833590911594,37.95057865813311,37.25337403419647,37.6168098449707,19826540
2010-07-16,37.72806743585184,38.85545857947501,37.65389617166459,38.7392578125,23356460
2010-07-19,38.81589885440149,39.40926140431944,38.56866382985116,39.17438888549805,23566540
2010-07-20,39.1669735138246,39.43398780242906,38.24231313138918,38.6799201965332,12129580
2010-07-21,39.087865676626414,39.087865676626414,37.681097539098694,38.81343460083008,47485480
2010-07-22,39.063130193466385,39.063130193466385,37.71570019129437,38.04946517944336,31654800
2010-07-23,38.46976863876548,38.46976863876548,37.831901867332085,38.06182861328125,16326760
2010-07-26,38.316484109636065,38.316484109636065,37.63906253801234,37.76268005371094,7918920
2010-07-27,38.07418958386892,38.207694822506824,37.67861207918969,37.91843032836914,9662340
2010-07-28,38.11375113360588,38.25961888826285,37.58713934009024,37.856624603271484,7984140
2010-07-29,37.96541445432444,38.1211737462266,37.648953885623975,37.822017669677734,15677260
2010-07-30,37.728069089462515,38.615641988869726,37.728069089462515,38.13600540161133,11674980
2010-08-02,38.37087625629121,38.964242597282016,38.195341495972166,38.7392578125,14474040
2010-08-03,38.9642410988493,39.85181392522139,38.72442282495387,39.621883392333984,24883120
2010-08-04,39.80731221904488,40.86795264756701,39.61694395546998,40.75422286987305,30947860
2010-08-05,40.79378421568938,41.50829337620327,40.55149491725589,40.77153396606445,30288300
2010-08-06,40.546547157189124,40.89267470928413,39.970489052803785,40.128719329833984,10275780
2010-08-09,40.160853823404935,40.744328571687234,40.06690331662433,40.70724105834961,7442380
2010-08-10,40.86794888225073,41.48356165742943,39.814725300125694,40.027347564697266,14448940
2010-08-11,39.903732980896564,40.398203048925055,39.51310494696042,40.00510025024414,14576780
2010-08-12,40.005108675504694,40.37596130462934,39.3647707079514,39.738094329833984,12690400
2010-08-13,39.95318865566752,41.18936400055194,39.90373862386593,41.00640869140625,21037720
2010-08-16,41.1399139157069,41.82722710477584,40.78389858574574,41.026187896728516,23393660
2010-08-17,41.28083439929422,41.762941966587775,40.694888569238,41.201717376708984,15254520
2010-08-18,41.48109035165139,41.775300621944645,40.99403707221762,41.56020736694336,11035160
2010-08-19,41.73326772158937,42.722207697112786,41.24126872566409,42.47744369506836,21873760
2010-08-20,42.27472098624415,42.96945084731973,42.12884944506054,42.65793228149414,18056720
2010-08-23,42.5887069507285,43.201852570718195,42.52442719795052,42.93730926513672,7349580
2010-08-24,43.01890067898543,43.41447828618606,42.14616121413766,42.428009033203125,16834500
2010-08-25,42.42553696497268,42.62332199105041,41.3179212018981,41.4786262512207,12710300
2010-08-26,41.81980500694892,41.86183828305276,40.895148382809914,41.530540466308594,21762440
2010-08-27,41.288255228587865,41.89150938163672,41.15722094792649,41.45143127441406,10009060
2010-08-30,41.92365281355833,42.51948646775121,41.53549194116159,41.85442352294922,8077660
2010-08-31,41.921174893092115,41.98051266378745,40.47485209965126,40.969322204589844,10968580
2010-09-01,41.32038857982808,41.32038857982808,40.31414027463964,41.041011810302734,11836700
2010-09-02,41.81486153976478,41.81486153976478,40.08174157713539,40.341339111328125,16138320
2010-09-03,40.54654866069314,41.18936130699982,40.42293113428859,40.93965148925781,12594560
2010-09-06,41.223969145621055,41.476146153197114,40.961896852001374,41.33522415161133,12372140
2010-09-07,41.49592837564553,42.34394652797132,41.335227107999984,41.970619201660156,19426000
2010-09-08,42.032431157961746,42.22280321030747,41.535490045872805,41.85936737060547,14735480
2010-09-09,42.00522605582529,42.895273587390584,42.00522605582529,42.75187683105469,22820020
2010-09-13,43.271077177589774,45.4714674951179,43.04856338106542,44.96710968017578,19368010
2010-09-14,44.89788406925552,48.55201760137858,44.89788406925552,47.038936614990234,39111340
2010-09-15,47.37023493048581,50.0403703308099,46.49502078076246,46.86092758178711,48348040
2010-09-16,47.350461675183375,47.95371584974363,45.792879979271255,46.139007568359375,30271760
2010-09-17,46.53457948487905,47.271338847053116,46.29229020221916,46.80159378051758,16600720
2010-09-20,47.07354961710218,47.736141479110394,46.584025299298716,46.94993209838867,14204800
2010-09-21,47.17245345057401,49.090996290173074,47.07850291410258,48.27511978149414,33069440
2010-09-22,48.56685056409581,49.04154137551706,47.810311965502336,48.601463317871094,16644250
2010-09-23,48.665733860705686,48.94758159455122,47.46911743087071,47.73118591308594,11892830
2010-09-24,47.27133401906403,48.25038633641121,47.27133401906403,47.86470031738281,12897560
2010-09-27,47.86470534553988,48.94265027292417,47.820201076550035,48.10699462890625,12808070
2010-09-28,48.359176943165274,48.45806945345506,47.61747179846954,48.240501403808594,10514220
2010-09-29,48.75474794473091,48.77452720014952,47.469126522579174,47.87459182739258,7830860
2010-09-30,47.61747124030588,47.963598794770334,46.593918303523964,47.10322189331055,21675040
2010-10-01,47.43946172502708,49.73380264485153,47.2515606760927,49.1058235168457,17170030
2010-10-04,50.005753699541046,50.63373276184543,49.70907243056191,50.287601470947266,12304650
2010-10-05,50.732626058047195,51.14798285915186,50.13926351076291,50.69801330566406,10672380
2010-10-06,50.95514628633966,51.66718067862177,50.63373996070503,51.12326431274414,9622740
2010-10-07,51.123259722715254,51.74134730401562,50.341996114549865,50.71284866333008,12734900
2010-10-08,50.712851366118734,51.054036936382644,49.249220348294756,49.76346969604492,8000180
2010-10-11,50.49529183452141,51.82047195483811,50.10465997292535,51.41994857788086,10573050
2010-10-12,51.42488955768698,51.73640435748184,49.36789216457594,49.743690490722656,22274220
2010-10-13,49.901926798039916,51.820473400805575,49.74864225823424,51.583126068115234,14310380
2010-10-14,51.91936016677963,52.07264468959345,50.49528764602208,50.910640716552734,10230060
2010-10-15,50.9304159606545,51.05897923200281,50.13926462256324,50.29254913330078,9409320
2010-10-18,50.53484017206846,50.53484017206846,49.155271982186136,50.34694290161133,11298620
2010-10-19,50.772186688278474,51.11337224209932,49.620070525454736,49.93653106689453,13181990
2010-10-20,49.93653008683029,50.8809697081435,49.165158003773286,49.6052360534668,14161910
2010-10-21,49.94147928198447,50.04037179136167,48.51740677541273,49.743690490722656,26067540
2010-10-22,49.94147589322705,50.08487266284906,48.65585449602165,48.89814376831055,9850150
2010-10-25,49.1503262935587,49.84258515424406,48.97231676445368,49.649742126464844,7199460
2010-10-26,49.763468972017776,49.763468972017776,48.52729376151951,48.66574478149414,11621640
2010-10-27,48.705306720025284,48.83881199224789,46.89060228875206,47.47901916503906,19344450
2010-10-28,47.617478473548296,48.45807624636989,46.73731840955447,47.26145935058594,24160020
2010-10-29,47.27133747911908,47.46912625970262,44.99677593367644,45.91154479980469,17582120
2010-11-01,46.58896906021361,46.905429592760655,45.99560273230757,46.2972297668457,10438320
2010-11-02,46.56425371102906,47.21201218105489,46.035170794714965,46.92027282714844,11894470
2010-11-03,47.34551410865071,48.408625623816455,46.98454926024275,48.067440032958984,11534510
2010-11-04,48.1811591261809,48.982198130380254,47.91414486727885,48.487728118896484,11887490
2010-11-08,49.150325246090965,49.150325246090965,47.53340601993061,48.650909423828125,8941750
2010-11-09,48.7547418537676,48.94264287051617,48.07732035972032,48.69540786743164,5665400
2010-11-10,48.85364749427934,48.85364749427934,47.79053602248692,48.0921630859375,8022170
2010-11-11,48.26028235824451,49.204722086520945,47.97843454424455,48.32456588745117,8418160
2010-11-12,47.765807572702144,48.35422815784827,46.70764193433486,47.276283264160156,10087420
2010-11-15,47.27134385100087,48.744866503837294,46.48019239453166,47.711421966552734,10264080
2010-11-16,48.03282830676115,48.121833081395664,46.78181947676488,47.711421966552734,16693580
2010-11-18,47.66691389267518,48.24049719280013,45.98571495695186,47.69163513183594,13586980
2010-11-19,47.439457998256,47.55318399761723,45.21928474846915,45.65936279296875,12806640
2010-11-22,46.28239646795211,47.825144400136466,45.787926412156665,47.61252212524414,6742150
2010-11-23,47.38506884912701,47.661970887760894,46.312069676913374,47.390010833740234,8962970
2010-11-24,47.65702226736377,47.96359505779451,46.677973676726175,47.05377197265625,5461830
2010-11-25,46.97465974322964,47.0735522547387,44.581426257641326,45.37257766723633,15126540
2010-11-26,45.49124497986651,46.82631261701191,43.018894709221584,45.59013748168945,7237360
2010-11-29,45.63959559508866,46.28240451589504,44.50725851771669,46.089561462402344,5502960
2010-11-30,45.98077625491474,47.46913240000883,44.99678175417504,47.14278030395508,5978080
2010-12-01,46.87576690341004,48.16138840656105,46.87576690341004,47.48396301269531,8561000
2010-12-02,47.86470097714709,48.65585227997039,47.3751729254724,48.314666748046875,9677040
2010-12-03,48.31467514609704,48.65586073732538,47.67680823630422,48.04766082763672,3717350
2010-12-06,48.04765669176002,48.95253784212222,46.93509901352997,47.48890686035156,7019020
2010-12-07,47.28121729890756,47.577898510150746,45.64451922257981,45.881866455078125,11905320
2010-12-08,45.97582773260836,46.38129302997241,44.868212084559154,46.129112243652344,8999090
2010-12-09,46.480193401563966,46.57908592107481,43.498539045469144,44.77427291870117,8969440
2010-12-10,44.77426200749853,46.87575960129872,44.502301986356926,46.697750091552734,9946550
2010-12-13,46.87576422896996,46.9796024911551,44.952275955025065,46.40106964111328,6747550
2010-12-14,46.480196740630696,46.8362158724581,45.52092338792999,46.23790740966797,10933800
2010-12-15,46.18350501498866,46.18350501498866,43.91883120259516,44.48747253417969,15061880
2010-12-16,44.551752120490285,46.1291128356973,44.21551232525044,45.91154479980469,7514320
2010-12-20,47.35046076249332,47.35046076249332,44.309468704805944,44.49242401123047,7805740
2010-12-21,44.86821526082171,45.41707736681017,44.50230844766521,44.97205352783203,9338060
2010-12-22,45.39235622439525,45.39235622439525,44.62592606823696,44.942386627197266,5833710
2010-12-23,44.89788572380941,45.066003743766146,44.1759560719146,44.41330337524414,7437160
2010-12-24,44.413304773463885,44.79899085257259,44.11662346434238,44.59626007080078,8127290
2010-12-27,44.650653059652576,44.967113632629555,43.9237813842966,44.25012969970703,2998880
2010-12-28,44.45285997684508,44.79898751629202,44.05728241247094,44.41824722290039,7509000
2010-12-29,44.79899334321249,44.84843960206383,44.156184433129624,44.39352798461914,7005170
2010-12-30,44.60614564416371,44.700096166945315,43.76060225665133,44.002891540527344,11087210
2010-12-31,44.007834949790045,45.19456383776895,44.007834949790045,44.8632698059082,4477070
2011-01-03,45.28357335736174,45.486304139764655,45.08578455982918,45.2044563293457,4401800
2011-01-04,45.194567631447306,45.88682652191952,45.194567631447306,45.54069519042969,6326080
2011-01-05,45.49125228465443,45.97088891777865,44.10673440177055,44.39352798461914,5935050
2011-01-06,44.50230540222346,44.986887720950826,43.79026730858559,44.017723083496094,4606180
2011-01-07,43.71115684179669,44.462749720950995,42.71232514439235,43.03867721557617,8854250
2011-01-10,42.920004010867764,43.03867577254323,39.755394776966135,40.83333969116211,15264050
2011-01-11,40.92727751212439,42.47002516739628,40.10151357256659,41.32780075073242,12749690
2011-01-12,41.54536915117679,42.47497519715497,41.04101139394935,41.906333923339844,10114010
2011-01-13,42.0299561842184,42.80132829051467,39.82462011242969,40.21525192260742,10418640
2011-01-14,40.24987696628193,41.817346670110176,38.924696615779986,39.330162048339844,8072450
2011-01-17,39.62683400591169,40.536660962951146,39.013692130574626,39.933406829833984,7820790
2011-01-18,40.43776427096427,40.94212588677287,39.70595063382088,40.07185745239258,8383240
2011-01-19,40.393257619411564,41.32780566647961,39.8641748426455,40.91244888305664,8133500
2011-01-20,41.011343780317056,41.6343732758571,40.28941801940866,41.42669677734375,12111240
2011-01-21,41.33770116343526,41.62449473764575,40.64544224284389,40.90256881713867,5470070
2011-01-24,41.05090934670688,41.77283907062901,40.56138496460212,40.95696258544922,6010360
2011-01-25,41.13002317186004,41.60471401634742,39.903735660887016,40.06196594238281,7249660
2011-01-27,40.34875931328985,40.447655596568325,38.56866771185937,38.79612350463867,8850910
2011-01-28,38.76645039567562,39.013685406142294,37.011080312359496,37.535221099853516,9707980
2011-01-31,37.47094358963269,38.341212022288595,36.53639540205335,38.09892272949219,8138310
2011-02-01,38.148367509679915,38.89996037301546,36.98636357364775,37.25831985473633,11706660
2011-02-02,37.34732394158789,38.267038577481564,36.318825286232574,36.82813262939453,7861080
2011-02-03,36.778682783448396,37.77256868950195,36.44738873893297,37.43632888793945,4160590
2011-02-04,37.38688809720772,37.67862367298365,35.240885698629334,35.577125549316406,7507980
2011-02-07,35.77490860667882,36.24465743401345,35.413947570234335,35.58206558227539,9753440
2011-02-08,35.63151213899002,36.02214394810904,33.1344405418467,33.42123031616211,10528680
2011-02-09,33.14927657011406,35.8589706556516,32.93170851488566,35.20132827758789,21727000
2011-02-10,35.11231966140064,36.65012183423144,34.331056069108975,35.89852523803711,11740160
2011-02-11,35.94797488043309,37.82696277567896,35.206269727968795,37.39183044433594,9114040
2011-02-14,37.49072298120819,39.65650066977701,37.49072298120819,39.37465286254883,10284060
2011-02-15,39.35981205963621,41.238799607504795,38.81589580288693,40.68004608154297,15025430
2011-02-16,40.63555568367908,40.94212852426328,39.577389900785775,40.487213134765625,16082920
2011-02-17,40.447655824547596,41.02618493808451,40.05207823421898,40.7295036315918,8600330
2011-02-18,40.942121053868796,41.59482135948087,40.15591172409343,40.39820098876953,14736990
2011-02-21,40.40314767491356,41.04101449751556,40.10646639690283,40.7591667175293,7122810
2011-02-22,40.53665954194195,40.991571118261035,39.661445372113995,40.42787551879883,9392170
2011-02-23,40.353702549119774,40.72455510009991,40.07680051825692,40.34381103515625,9556200
2011-02-24,40.0026270935118,40.39820086302622,38.64283448001021,39.760337829589844,53535730
2011-02-25,39.755397238446065,40.53666091057216,38.44010494695474,39.95318603515625,7637020
2011-02-28,40.348757630086126,42.30191670264837,39.75539504519806,40.05702209472656,13085310
2011-03-01,40.62071318974289,41.5157027251796,40.279527666286064,40.98167419433594,10168620
2011-03-03,40.99157513801669,42.128854190339354,40.05208112261431,41.026187896728516,14635260
2011-03-04,41.535492156028404,42.25247235686148,41.050909754304634,41.45637512207031,9916590
2011-03-07,41.23880597207256,41.47614950100841,40.150969518176574,41.164634704589844,9769130
2011-03-08,40.84817783647858,42.22774995510072,40.645443271901506,41.851951599121094,7740850
2011-03-09,42.02996059309421,43.206798131598084,42.02007285050509,42.69749450683594,16325410
2011-03-10,42.4255261750402,42.554085654793134,41.683821198361215,42.22773742675781,7493580
2011-03-11,41.63437485314592,41.9261141314014,40.80861081169736,41.56020736694336,11125330
2011-03-14,41.33769765720222,42.49475959837237,41.07562912015503,42.13874053955078,6197810
2011-03-15,41.041017132291174,41.53548721822239,40.74928159239529,41.18441390991211,7410400
2011-03-16,41.48109884450112,42.029960989815805,41.23880953745022,41.91128921508789,3498760
2011-03-17,41.535493655419664,42.71727704214823,41.139916016364865,42.237640380859375,10423650
2011-03-18,42.81122306618934,42.81122306618934,41.54043503329173,41.79755783081055,11536680
2011-03-21,41.93106743286377,42.05468496212044,41.24869625696211,41.60966110229492,8177910
2011-03-22,41.53548021702194,41.93105772809151,41.446475465656626,41.644264221191406,3844080
2011-03-23,41.55526021312866,42.96944474761393,41.55526021312866,42.79143524169922,24231790
2011-03-24,42.92000243232719,44.4380253555583,42.92000243232719,44.12650680541992,8865690
2011-03-25,44.36385404618564,44.996775114525065,43.63698245996524,44.83359909057617,22838820
2011-03-28,44.897890507595164,45.38246913528397,44.41825386513231,44.754493713378906,10154800
2011-03-29,44.69019965855366,45.37257070985768,44.62097415661077,45.11544418334961,8480170
2011-03-30,45.239076130952164,45.64948728955579,44.878115008813076,45.402252197265625,6533000
2011-03-31,45.41213075119749,45.78792907173213,44.734709149814506,45.27862548828125,14504530
2011-04-01,45.19950835981835,45.68903264520246,44.314406531745696,44.6011962890625,5088380
2011-04-04,44.50231044992084,45.88682828403253,44.13145786283817,45.60498046875,7293170
2011-04-05,45.98572031118428,45.98572031118428,44.66054026314447,45.10556411743164,4895620
2011-04-06,45.14512423006013,45.41708053716429,44.31935624856036,44.5517578125,6823450
2011-04-07,44.47263637830839,44.878101658143116,43.80015682553268,44.062225341796875,8135120
2011-04-08,43.96334526978654,44.40342342573524,43.4243708148837,43.72599792480469,3159370
2011-04-11,43.53314521516121,44.20562480906704,43.53314521516121,43.78038024902344,6882660
2011-04-13,43.612262320111256,45.29346145351287,43.419419278449794,45.085784912109375,7356950
2011-04-15,44.8929449098812,45.56047885102006,44.43308752420638,44.69515609741211,6937590
2011-04-18,44.7989873222685,44.96710910677691,44.00783596945392,44.47758102416992,14968080
2011-04-19,44.10673237999825,44.37869244997606,43.51336975596538,43.77049255371094,4428230
2011-04-20,44.13144697098452,45.66924895435101,43.864432721484484,45.52585220336914,5535140
2011-04-21,45.57530769037142,45.94121827639203,44.99677858538962,45.639591217041016,3325760
2011-04-25,45.09567070823164,46.717535772669976,44.917661173994595,46.44557571411133,5087940
2011-04-26,46.381293675774,46.45051918317756,44.80887871580834,45.89176559448242,5902370
2011-04-27,45.89176922006452,46.4208520813092,44.95722102377726,45.293460845947266,4678890
2011-04-28,45.51597364429284,45.88682621465099,43.241408194756936,43.636985778808594,8504580
2011-04-29,43.81005080023381,44.22540765252439,41.64427308599183,42.53431701660156,5758810
2011-05-02,42.96945021087249,43.02384222084569,40.58115884661836,40.853118896484375,7117370
2011-05-03,40.917400710381585,41.851948896105114,40.383372097823155,40.798728942871094,15754390
2011-05-04,40.84323311125434,41.59482984221161,40.675115073216,40.838287353515625,13006030
2011-05-05,40.823453171052954,42.020073765816036,39.83451290026188,41.733280181884766,28447250
2011-05-06,42.02996044363982,42.96450867405661,41.93600991309277,42.74694061279297,8214660
2011-05-09,43.01889973954396,43.10295875317344,41.812391459186514,42.415645599365234,2874130
2011-05-10,42.524429650124084,42.61343442122232,41.446484654604355,41.748111724853516,4114360
2011-05-11,42.22774595684654,42.22774595684654,41.33769829603773,41.90139389038086,5270410
2011-05-12,41.89644733899545,42.33652536428556,40.54654249599406,40.78388977050781,7840950
2011-05-13,40.744334859312936,41.93106379162443,40.744334859312936,41.530540466308594,7991010
2011-05-16,41.33769801154467,41.802501094824564,40.55643437826787,40.655330657958984,2805110
2011-05-17,40.54655255390427,41.17452798843322,40.30426323518925,40.5811653137207,8310280
2011-05-18,40.59599304199219,41.11518813791739,40.50204629156839,40.59599304199219,3425380
2011-05-19,40.8432283303064,41.04101711911687,40.44270876803304,40.51688003540039,6805180
2011-05-20,40.74433945826749,41.614607943193775,40.55149640940708,41.233863830566406,5735630
2011-05-23,40.917399602027224,41.13990963164557,39.9432929293506,40.506988525390625,9664070
2011-05-24,40.447655680611724,41.23880708594609,40.34875939712775,40.76905822753906,5773980
2011-05-25,40.566334221956595,41.931072981856445,40.566334221956595,41.683837890625,27207530
2011-05-26,41.69866198413285,42.623318602305304,41.486039702746915,42.316749572753906,12498650
2011-05-27,42.12884950439082,43.612259751341306,42.12884950439082,43.325469970703125,14282700
2011-05-30,43.167244528568155,43.90894973508989,42.638161632149625,42.96945571899414,4150520
2011-05-31,43.11778685320234,44.0078344522507,42.96944810169901,43.656761169433594,5871710
2011-06-01,43.622154235839844,44.19079562372466,43.41447769252777,43.622154235839844,1646790
2011-06-02,43.29579511578469,43.51336313868033,42.44530605083664,42.72715759277344,6177860
2011-06-03,42.72221655759375,43.458975935858895,42.72221655759375,43.0782356262207,6570940
2011-06-06,42.751892724064106,43.89906342870501,42.751892724064106,43.8001708984375,10834850
2011-06-07,43.454032453873204,44.46275194362955,43.41447771168269,44.27980041503906,11511330
2011-06-08,44.10673161603684,44.70009800229972,43.74082479663793,44.037506103515625,8603030
2011-06-09,43.814991971172084,44.50230504732463,43.266129907121176,43.46886444091797,2317150
2011-06-10,43.567766192483106,43.83972629006732,43.058462530196245,43.56282043457031,8441650
2011-06-13,43.24140567053933,44.205624560688676,43.24140567053933,43.869384765625,7458040
2011-06-14,43.923777452016935,44.690203800999946,43.923777452016935,44.2995719909668,47162060
2011-06-15,44.319353762625546,44.482529801239885,43.251300306938234,43.4293098449707,2872370
2011-06-16,42.52442840874031,44.36880353334826,42.52442840874031,43.518314361572266,7738440
2011-06-17,43.88916890861205,44.28968849861973,43.21668924359443,43.503482818603516,39317990
2011-06-20,43.414478031732,44.10673318151429,42.45520479202279,42.8458366394043,11444070
2011-06-21,42.75682941432988,43.810049351090775,42.75682941432988,43.03867721557617,5015600
2011-06-22,43.46392118316552,43.51336743711531,42.3365299940778,42.56892776489258,3598210
2011-06-23,42.62331878495861,43.167238883281804,42.17335298021802,42.92494583129883,4031920
2011-06-24,43.0485615964391,44.45285850831902,43.0485615964391,44.255069732666016,10445040
2011-06-27,44.17595416240196,45.25389906393564,44.00783614971215,45.09566879272461,12145920
2011-06-28,45.0956675219978,45.96593587538928,44.70503949822413,45.56047058105469,11846970
2011-06-29,45.89177121422763,46.22801105100848,45.41213458812035,45.92638397216797,5688480
2011-06-30,45.78792329184224,47.81524962794571,45.69397655294816,47.404842376708984,15457360
2011-07-01,47.76581471519977,47.86471100659201,46.64336915857915,46.81643295288086,4137900
2011-07-04,47.34057149214617,48.94265750746374,46.920272615707894,48.27511978149414,7680730
2011-07-05,48.45806665846624,48.547071421596364,47.32572975017468,47.87459182739258,4228260
2011-07-06,47.86469786492319,48.03281585537008,47.13782635591711,47.35044860839844,2514650
2011-07-07,47.271334670649374,48.55695600930061,47.152662918352625,48.314666748046875,5112430
2011-07-08,48.359175054723956,48.55696006757996,47.27133862147943,47.55813217163086,6721050
2011-07-11,47.46912316831283,47.904255439253184,47.226833908443176,47.71635818481445,5740460
2011-07-12,47.03823785199376,47.7411128649186,46.47890837434303,47.09763717651367,5885220
2011-07-13,47.508467011911115,48.874617286916276,46.99863138180184,48.538028717041016,35598220
2011-07-14,48.31034457620652,49.63689929169363,48.260847026847784,49.25576400756836,52633700
2011-07-15,48.929073059711854,49.19636435618128,48.25094870751103,48.40439224243164,5816960
2011-07-18,48.69642460701395,48.69642460701395,47.736160186007936,48.354888916015625,4026990
2011-07-19,48.21134780740769,49.98338795858033,48.15689937207294,49.56760025024414,13882780
2011-07-20,49.80519966429793,50.38432897080318,48.33014840072204,48.572689056396484,7337390
2011-07-21,48.468733077461266,48.75582411565068,46.83529148969277,47.117431640625,17525440
2011-07-22,47.27583408694868,48.41924377052891,47.13228854343609,48.067806243896484,7782950
2011-07-25,48.10245029865301,48.349941810011295,47.19167957311573,48.19154739379883,6668690
2011-07-26,48.349942589313734,48.5083370080792,45.82057900035023,46.14231872558594,11418310
2011-07-27,46.42940518711643,46.52344938565952,44.860306265281466,45.875022888183594,8626120
2011-07-28,45.93442982438325,46.32051600986251,44.94446369693034,45.3849983215332,16303020
2011-07-29,45.38499585176442,45.38499585176442,43.69215099586147,44.058441162109375,13810340
2011-08-01,44.44947726263146,45.51368774780814,44.28613195764704,44.964256286621094,7768960
2011-08-02,44.677162357023924,45.50378298148715,44.1772285175232,45.33053970336914,17064550
2011-08-03,44.602922125192904,45.89482816427513,44.59797123738521,45.399845123291016,11710380
2011-08-04,45.602787059683784,45.835429697526926,44.57322518525134,44.721717834472656,10082140
2011-08-05,43.36050915026408,44.44947399365299,42.81602861677988,43.53375244140625,15642440
2011-08-08,41.90031250722375,44.84545990302337,41.90031250722375,43.38526153564453,8259400
2011-08-09,42.46954642540368,44.64746878451492,42.073558482062964,44.355430603027344,12620100
2011-08-10,45.439446635387796,45.88987925839814,44.64747071447196,45.449344635009766,10147990
2011-08-11,45.03356310011507,47.23128544737057,44.855368885956345,46.54821014404297,8778920
2011-08-12,47.32037275725432,47.32037275725432,44.96425268396032,45.38993835449219,5205500
2011-08-16,45.63743154903792,46.01361969022421,43.578304212039534,43.80599594116211,3424910
2011-08-17,44.05349164684037,44.91971198821083,42.59824026488329,44.102989196777344,8423460
2011-08-18,44.053492874570075,44.54352505251851,42.5784416762457,43.068477630615234,7953750
2011-08-19,42.12800528586511,43.736700106652236,41.98445975637823,42.905128479003906,9733850
2011-08-22,42.81602807400841,43.315961944755834,42.12305114180395,42.5833854675293,8447480
2011-08-23,42.73189221421589,43.459517980294066,42.3705528871816,42.5734977722168,6623180
2011-08-24,42.17254508571403,43.31100736120519,42.17254508571403,42.45468521118164,8410520
2011-08-25,42.93977826592035,42.964528928226976,41.479579823930024,41.87061309814453,8923480
2011-08-26,41.875566043094025,42.31610066356376,40.68760594601186,41.03904724121094,9736230
2011-08-29,41.28158467149048,43.9544937378959,41.08359070797512,43.68720245361328,9394420
2011-08-30,44.449473842380506,44.449473842380506,43.09816862322935,43.8257942199707,7366350
2011-09-02,45.13750406355817,45.38994269178927,43.370414783836196,43.86044692993164,8707100
2011-09-05,43.726793927886305,44.37027330196746,43.380307358101305,44.172279357910156,7426540
2011-09-06,43.79115668408692,45.72653869539298,43.11302845863864,45.424598693847656,10701290
2011-09-07,45.879984300375185,46.54821072357935,45.43944964778171,46.38981628417969,8622580
2011-09-08,46.429405097902496,46.9243880785777,45.63742930768581,46.493751525878906,5880990
2011-09-09,46.563055833793904,46.62740227143372,45.25134998273151,45.50874328613281,5546900
2011-09-12,44.8405064889184,45.51368364598486,44.390073939416546,44.929603576660156,7023540
2011-09-13,44.944456242237486,46.498702502430476,44.944456242237486,45.875022888183594,11632180
2011-09-14,46.13241777281155,46.42445972986795,45.370147215199225,46.18191909790039,5678480
2011-09-15,46.181922599264,47.74606715900063,46.181922599264,47.518375396728516,18401420
2011-09-16,47.71636021851771,47.978700594741824,46.379903901309305,46.59274673461914,13295440
2011-09-19,46.16211064007953,47.1223749881593,46.033414016613925,46.88973617553711,5399950
2011-09-20,46.726403895908525,47.65697073453643,46.58285834834411,47.45897674560547,5669840
2011-09-21,47.285723904061385,48.01334949548833,47.16692904518162,47.57281494140625,5618800
2011-09-22,46.62739638240635,46.92438919903944,44.9593061146093,45.231544494628906,5029040
2011-09-23,44.9593079161232,46.12251723981064,44.15248318911878,45.01870346069336,10469100
2011-09-26,45.09294622450714,45.67207537268172,43.96933658378159,45.33053970336914,4749600
2011-09-27,45.63743646292893,46.577905028946816,45.58793891238505,46.36011505126953,5837550
2011-09-28,46.05817174751905,46.216566163639264,45.01375726808173,45.7116813659668,5561930
2011-09-29,45.35529830562136,47.51837572686639,45.21670364731206,47.1619873046875,6920130
2011-09-30,47.10258932749443,47.10258932749443,44.87021469199857,45.50874328613281,5165080
2011-10-03,45.02365127509898,45.02860216228213,43.75649605848349,44.17723083496094,4841940
2011-10-04,44.12773374375184,44.9444564219857,43.26151352244148,43.69214630126953,7082050
2011-10-05,43.66740615337722,44.33563252903103,42.0339605449603,42.5091438293457,8319300
2011-10-07,43.657502906326,45.03850605023501,43.657502906326,44.22673416137695,5758420
2011-10-10,43.8604453697172,45.2315466630324,43.855494482157155,44.98900604248047,2465240
2011-10-11,45.33054903226898,45.835430086176025,44.68211866298182,44.85536575317383,4466430
2011-10-12,45.38994360280987,47.013491158557215,44.98405765797826,46.64225387573242,5430030
2011-10-13,46.92439533673155,47.31542862869907,46.36506206514314,46.914493560791016,7026590
2011-10-14,46.44920659351759,47.50352288409709,46.2512163989416,47.06298828125,79378380
2011-10-17,47.55797070360486,47.55797070360486,46.280913572483044,46.73134994506836,3600140
2011-10-18,46.41951091834165,46.81054799022437,45.736435652761045,46.003726959228516,5051480
2011-10-19,46.34526060843893,47.12238382905444,46.17201729997449,47.06298828125,3895270
2011-10-20,46.5333530790822,46.8253912376033,45.72652836884947,46.70659637451172,3340830
2011-10-21,46.90954495932338,46.94914451217366,45.95917834944392,46.11757278442383,2532060
2011-10-24,46.498708656775825,47.211481676691015,46.42941133228992,46.612552642822266,4019220
2011-10-25,46.6818476707385,49.859641547121115,46.033421119340076,49.07261657714844,26287510
2011-10-28,49.998238470728225,51.478236719001664,49.40425655042564,50.527870178222656,14336220
2011-10-31,50.53281754741217,50.8149615100792,49.76559608902,50.72586441040039,6924040
2011-11-01,50.156631204312205,50.99314995484572,49.21616269450178,49.95863723754883,5910030
2011-11-02,49.4240542830438,50.270474802487634,49.25576186725275,49.66164779663086,6403350
2011-11-03,49.43890035538658,50.09227776003325,48.740976293714716,49.963584899902344,4527760
2011-11-04,50.14178451081328,50.48827113548844,49.30526194727057,49.71609878540039,4098450
2011-11-08,49.706191263354896,49.99328230570881,48.64692796017926,49.438899993896484,5116230
2011-11-09,49.7061924497678,49.854688861818154,48.686528668045305,48.8944206237793,6512080
2011-11-11,48.55783133487181,49.89428769494863,48.50833379036983,49.50819778442383,11061870
2011-11-14,49.99328598861369,50.56251722792663,49.552751394392054,49.7309455871582,8238200
2011-11-15,49.696295456282435,50.18632758368532,48.087600657694345,48.6419792175293,3763970
2011-11-16,48.023249322392104,49.300306377349465,47.686660729064286,48.632080078125,5697750
2011-11-17,48.70633350401927,48.83997726761921,46.63730417725397,47.3055305480957,3509060
2011-11-18,47.32037253969799,47.32037253969799,45.815623814385845,47.0184326171875,3686480
2011-11-21,46.82539139369534,46.82539139369534,45.34044238262834,45.69683074951172,3435290
2011-11-22,45.637437486139966,46.69670095249652,44.55837424383774,44.736568450927734,3771480
2011-11-23,44.3207741328743,44.92465394068919,43.33080822535355,43.70204544067383,12998980
2011-11-24,43.66740220659861,44.444525389431185,42.38539423344994,43.781246185302734,11803530
2011-11-25,43.65750371752473,44.79596624878037,43.14272466620359,44.266334533691406,6948910
2011-11-28,44.845460064618734,47.02338606943458,44.56331989925895,46.355159759521484,5015240
2011-11-29,46.80559210919854,46.80559210919854,44.74646475608622,45.048404693603516,7096590
2011-11-30,44.548472077591946,46.51850617109282,44.449476983543384,46.20171356201172,8502880
2011-12-01,47.42926823495899,48.40933618132943,46.77589086285215,47.39957046508789,6795130
2011-12-02,47.76585595853647,49.30030238948518,47.04813217231829,49.087459564208984,5674390
2011-12-05,49.052814280898424,49.12706248578322,48.16184715154261,48.62712860107422,5048860
2011-12-07,48.90431912336576,49.59729226273469,48.498433237555226,48.73602294921875,8956250
2011-12-08,48.6073344414917,48.75583086841059,47.33028103095746,47.924259185791016,5509310
2011-12-09,47.22138249654642,48.88947291473196,46.944189427792935,48.39944076538086,5436520
2011-12-12,48.70633027882808,49.19636241480738,47.463921832161,47.9638557434082,7323070
2011-12-13,47.48371694577936,48.49843355516104,47.023382627943725,48.15194320678711,10247270
2011-12-14,48.15194498046767,49.042915878910584,47.8203072813219,48.33013916015625,8242950
2011-12-15,47.81535536229916,48.31033834488284,47.330274154162616,47.86485290527344,5229040
2011-12-16,48.09749582001422,49.10231067688091,46.553151321350335,47.671810150146484,8547630
2011-12-19,47.320369213658495,47.716357083799316,46.04331229769555,46.30565643310547,8230880
2011-12-20,46.528405458295516,46.79569675133282,43.55850723755324,44.058441162109375,16394300
2011-12-21,45.29095068415028,47.30058073009607,42.99422955266334,46.00867462158203,17574750
2011-12-22,45.86017943411653,46.28586515084214,44.77616536752215,45.7908821105957,9822810
2011-12-23,45.93442888284178,46.21656907232584,44.75636679841067,45.246402740478516,5507470
2011-12-26,45.53843372404857,46.01361692712907,45.06325052096808,45.87007141113281,3109390
2011-12-27,45.93937793521393,46.03342592782232,44.53362781633678,44.80586624145508,3335660
2011-12-28,44.5435150807953,45.32063816939804,43.75649399471352,44.974151611328125,10268800
2011-12-29,44.65736914323638,45.11770350778554,43.781247073729524,44.14753723144531,5020010
2011-12-30,44.35048336705187,44.35048336705187,42.26660504617069,42.62299346923828,6473410
2012-01-02,42.85562564522518,42.91502118360224,41.39047653467308,41.75181198120117,4823830
2012-01-03,42.12305516277856,44.90981204289228,42.12305516277856,44.543521881103516,10769640
2012-01-04,44.44948098478883,44.44948098478883,43.2120233156847,43.494163513183594,6101590
2012-01-05,43.55851554875637,44.35048780344943,42.7714941827737,44.098045349121094,13980350
2012-01-06,43.65749861107016,45.637430589375754,43.65749861107016,44.93950653076172,9397930
2012-01-09,44.266332070881525,45.22164946006048,44.06833810562387,44.86526107788086,6601920
2012-01-10,45.14245169376907,46.50365505245249,45.06325637118453,46.18191909790039,5396280
2012-01-11,46.18191607037148,46.52345177728501,45.43944155976371,46.058170318603516,4660650
2012-01-12,45.76117772648899,47.32037496199735,45.68693329618627,46.256160736083984,11423490
2012-01-13,46.52345236039086,47.112483354643636,45.63743231345677,46.780845642089844,6698300
2012-01-16,46.414559390607785,47.02339020968474,45.24145196754931,45.67208480834961,6325000
2012-01-17,45.9344247528273,47.44412066465691,45.9344247528273,47.20158004760742,10071200
2012-01-18,47.30057535544348,47.49856931526465,45.152350898898554,45.800777435302734,7883060
2012-01-19,46.2561584815177,47.02338361956297,46.033417648624805,46.95408630371094,7816140
2012-01-20,47.32037900427025,49.3250618749453,46.58285531436964,48.934024810791016,16463680
2012-01-23,49.19141212929972,49.498302967207906,46.949139609112535,47.25107955932617,13221070
2012-01-24,47.43917223075845,49.34980704672521,46.790745663786296,49.08251953125,13692480
2012-01-25,49.29041624300208,49.30031424302298,47.71636989019204,49.05777359008789,10625870
2012-01-27,49.547798478882186,49.69629489225015,47.86485549186813,48.80037307739258,7575320
2012-01-30,48.176704379174815,48.919179003743295,47.02834377756574,47.359981536865234,5218110
2012-01-31,47.51837400430161,49.498306254480845,47.39957912668876,49.3349609375,5268360
2012-02-01,49.300301897018635,50.686255690984815,48.706323857559006,50.58230972290039,13715010
2012-02-02,50.78525957681281,51.02285309964082,49.32506110707236,50.59221649169922,14577840
2012-02-03,50.61201326112938,51.47823353699223,49.49335059033156,51.34953689575195,10452210
2012-02-06,51.87421705981126,51.973212143802726,50.790203140928845,51.50792694091797,4896380
2012-02-07,51.67623114476586,53.309672942948616,51.18124809505818,53.0126838684082,10807900
2012-02-08,52.86418749838099,53.35917051324815,52.191010296048,52.78498840332031,7464160
2012-02-09,52.29495801150398,54.94311647364315,52.29495801150398,54.561981201171875,11212860
2012-02-10,54.547126581206626,55.33910242400235,53.5819112153778,54.12144088745117,21092230
2012-02-13,54.44813462142553,56.42806678947737,53.90365403049546,56.106327056884766,9665800
2012-02-14,55.96278181162171,56.373618644963116,55.190609470533516,55.42325210571289,6943250
2012-02-15,55.834085775784786,57.00719310806492,55.462848513383086,56.79930114746094,10818830
2012-02-16,56.42807250620561,57.358639359954175,55.923191413828086,56.873558044433594,7222870
2012-02-17,57.41803042699447,57.814018354300664,56.73000433002604,57.031944274902344,8771010
2012-02-21,56.908194361598234,57.90805832917988,56.363713833650976,57.06163787841797,18210240
2012-02-22,56.91810272381137,57.62592867195605,55.75984414125891,56.17068099975586,9462890
2012-02-23,55.834092905056316,56.82405906453305,55.00252118003901,56.175628662109375,16098510
2012-02-24,56.31916950630655,56.99234674066074,54.11154560815889,54.60157775878906,7300590
2012-02-27,54.61642598336817,54.61642598336817,52.4929520975823,53.7799072265625,6492340
2012-02-28,53.854155859229884,56.1310770708928,53.854155859229884,54.56692886352539,12303520
2012-02-29,55.04211035035066,56.01228039345165,53.58191195093954,54.22539138793945,6468780
2012-03-01,53.75516416127197,56.82406166177166,53.60667149641608,54.92332458496094,6165280
2012-03-02,55.43809016082642,57.05668273871852,54.27488098862884,55.98257064819336,9660620
2012-03-05,55.57669375398757,55.814287268943175,54.95796496927285,55.30940246582031,8292610
2012-03-06,55.04211725125134,56.329076286603524,54.07195086293657,54.51248550415039,6377420
2012-03-07,54.25013580072167,55.141106707282695,53.804650347441154,54.660972595214844,4649110
2012-03-09,55.48759377707205,55.913279460968276,54.61147552502834,55.28465270996094,7294430
2012-03-12,56.52706244360881,56.52706244360881,55.12626329100642,55.621246337890625,5840870
2012-03-13,55.93307689885777,56.923042861669416,55.740033838223134,56.37361145019531,7809630
2012-03-14,56.97254733782709,56.9972980004776,56.01228280500585,56.660709381103516,8147520
2012-03-15,56.527053669490954,57.01213864176791,54.3590296201699,55.319297790527344,6143670
2012-03-16,55.29455632097181,56.121177111997326,52.98793726092142,53.3740234375,6773730
2012-03-19,53.06218093832222,53.25027691241985,51.97321974937978,52.61669921875,4940270
2012-03-20,52.36920447178716,53.61656000734798,51.63167706077733,53.33937072753906,7998500
2012-03-21,52.96318017273224,54.101642565518056,52.96318017273224,53.938297271728516,7816340
2012-03-22,53.94324986920004,54.00264541324612,50.68626077047659,51.24559020996094,6366130
2012-03-23,51.676231076770414,52.72559272386052,50.889206065031864,52.03261947631836,7070510
2012-03-26,51.973223289453244,53.339377644745376,51.785131078964945,52.582054138183594,9089960
2012-03-27,53.44826574378541,54.12143914623101,52.54739683918812,53.38886642456055,7788810
2012-03-28,53.33441764108029,53.33441764108029,51.32973500339954,51.592079162597656,6770030
2012-03-29,50.75061127111596,53.086931860241585,50.5377684095705,51.93362045288086,9613000
2012-03-30,52.250405359861624,54.56692599916892,51.87916810212918,53.987796783447266,4749110
2012-04-02,54.076895062409406,55.41829859659937,54.076895062409406,55.042110443115234,7339110
2012-04-03,55.43809253271216,55.794480874649715,54.987656218202105,55.383644104003906,8473270
2012-04-04,55.27970213796083,55.27970213796083,54.32933567489942,54.537227630615234,2888280
2012-04-09,53.864053207555415,54.83421949379753,52.56719630862503,52.86418914794922,3833690
2012-04-10,53.116629984073796,54.40358893756147,52.81964090881548,54.156097412109375,5758970
2012-04-11,53.80465709332136,55.863788434910376,53.23047870765357,55.274757385253906,6648900
2012-04-12,55.6212355058311,56.41815835823016,55.27474517463748,56.180564880371094,6446960
2012-04-13,56.37856828434573,57.80906894938736,56.18552520334848,57.5665283203125,11494490
2012-04-16,57.323973605527605,58.30899238430165,57.323973605527605,57.804107666015625,4895150
2012-04-17,57.764510152470834,58.551535025757225,56.64585137741918,57.62591552734375,8060110
2012-04-18,58.01201091602537,58.30405287406194,57.07649327030404,57.37843322753906,4354780
2012-04-19,57.81401829459414,59.37816267535468,56.87354980052875,58.85843276977539,4576890
2012-04-20,59.17027671624382,59.670210674977724,57.94271703945689,58.61589431762695,4972400
2012-04-23,58.99703027967131,59.03662605314956,56.86860167785173,57.512081146240234,3532050
2012-04-24,57.61602995712152,58.25455856897221,55.76479433741572,56.3934211730957,9159370
2012-04-25,56.43796535614345,56.9230504038186,55.19060973935456,55.947933197021484,6682850
2012-04-26,55.9479357204674,58.00706710150069,55.675697298196724,57.70017623901367,8003790
2012-04-27,57.8635173763814,58.50699305413391,56.8240537612267,57.7298698425293,3739370
2012-04-30,57.37348499790454,58.4871968188583,57.333885449040736,57.695220947265625,3964800
2012-05-02,57.76946737607492,58.794082068703624,57.62592184818521,58.071407318115234,2873090
2012-05-03,57.59622978496944,58.5812450275963,57.195294710499525,57.63087844848633,11941980
2012-05-04,57.220030338506426,57.22498122558351,55.37374598288799,55.839027404785156,8603270
2012-05-07,54.94311176448425,57.39822693610516,54.77481936095056,57.13093566894531,6158870
2012-05-08,57.59622258710155,57.59622258710155,54.15114133604793,54.992610931396484,11306790
2012-05-09,54.11649416282412,54.44813187792139,52.21081030238101,52.819637298583984,9033620
2012-05-10,53.33936939171357,54.834216397215755,52.8344846145108,53.62150955200195,6618240
2012-05-11,53.06217451545801,54.7451174208213,52.62163996063916,53.67100524902344,6031250
2012-05-14,53.48291499450104,53.93829845100339,52.468198327597186,53.557159423828125,5874830
2012-05-15,53.06217820234674,54.28478686525783,53.0225824308497,53.89870071411133,5330800
2012-05-16,52.96318144788311,55.383648036238135,52.92358190120729,54.76491928100586,13613820
2012-05-17,54.943114348571186,55.53709245258206,53.25027335336158,53.69575881958008,5761380
2012-05-18,53.042379164386276,55.06685778627396,52.77508789589368,54.55702590942383,7350270
2012-05-21,54.45803168358017,56.27956939790146,54.45803168358017,55.804386138916016,7334320
2012-05-22,56.081578956187876,56.32907047183492,54.15609526656756,54.561981201171875,8009840
2012-05-23,54.230337052387064,54.33923391818232,52.42859920855819,52.74538803100586,10275240
2012-05-24,52.94338321769929,54.25013808472453,52.309805558101694,53.96304702758789,8046340
2012-05-25,53.65615664534062,54.34913358370664,53.2601687444399,53.86899948120117,3658600
2012-05-28,53.98284901560764,55.24010638762207,53.715557721423075,54.92826843261719,3580210
2012-05-29,55.09655307561862,55.72023267400933,54.54712167786829,55.383644104003906,4280780
2012-05-30,54.94311726374813,55.042112360862205,54.26994002939394,54.60157775878906,3382080
2012-05-31,53.94325040954462,56.03207555186969,53.60171092217585,55.784584045410156,10408390
2012-06-01,55.784583835599435,55.784583835599435,53.557160285841185,53.76010513305664,4369070
2012-06-04,53.29976868681475,54.44812907627575,52.66619106179083,54.16598892211914,5439500
2012-06-05,54.44813302524395,54.94311605274617,53.50766451770558,54.26498794555664,4822800
2012-06-06,54.65108364659532,56.368671761093644,54.55208476479492,56.175628662109375,12141980
2012-06-07,56.452812067960764,56.527056496044914,55.566792054091195,55.96277618408203,7465180
2012-06-08,55.834082259224296,57.2200323523812,55.22030063835462,56.833946228027344,6441100
2012-06-11,57.026994444982016,57.616025459259106,56.76465404325482,57.10619354248047,6571910
2012-06-12,56.72505290962481,58.309000827551486,56.64585759075987,58.071407318115234,9029810
2012-06-13,58.01695668252758,58.70003185955113,57.81401561729574,57.98725891113281,7025720
2012-06-14,57.54672327439078,58.0615060353685,56.032072762299606,56.2498664855957,5855650
2012-06-15,56.34391881669567,57.987262313731414,56.34391881669567,57.52692794799805,9345020
2012-06-18,58.106061291795186,58.338703934945265,55.99743239224675,56.35382080078125,12353660
2012-06-19,56.279565236519666,56.338964555658606,55.250003473055386,55.9974250793457,7113980
2012-06-20,56.131080289458694,56.6953606810748,55.73509232715005,56.32412338256836,5788400
2012-06-21,55.93307774222271,57.220032757998595,55.74498556596378,57.13093566894531,6271390
2012-06-22,56.52705634105405,58.10110241127163,56.52705634105405,57.91796112060547,8172460
2012-06-25,58.18030264545161,58.210000417187054,56.48746168096049,56.65575408935547,5685110
2012-06-26,56.77949883239116,57.66056795816387,56.670601969399826,57.46257400512695,6780490
2012-06-27,57.86846918368517,57.913015844729856,55.89348412944441,56.49736404418945,11834320
2012-06-28,56.635957247452815,57.41803133927707,56.27956886249894,57.00719451904297,10468240
2012-06-29,57.10619675992565,58.84358457445069,57.10619675992565,58.63569259643555,7870560
2012-07-02,58.72973249131762,59.59595272341251,58.72973249131762,59.28411102294922,5846580
2012-07-03,59.4474534257741,59.99688481981924,58.91287091647283,59.65039825439453,13267020
2012-07-04,59.71970777232521,59.7939559876389,58.774288301934426,59.03662872314453,5790360
2012-07-05,58.97722781432658,59.59595659169799,58.44264524433671,59.44746017456055,4635000
2012-07-06,59.45737064047041,60.22040735064685,58.83306719029008,59.72988510131836,8223420
2012-07-09,59.35826928586365,59.4821387929041,58.60514056614718,59.115482330322266,3882890
2012-07-10,59.12043595498554,59.6555531126074,58.73891955087566,59.373130798339844,6386240
2012-07-11,59.328542050136846,60.73570171108265,59.11053427352089,60.16590118408203,10014970
2012-07-12,59.903295916714384,60.13617120083065,59.34340331102273,59.848793029785156,3532400
2012-07-13,59.90825693187218,60.448326228765396,59.45737006108072,59.73483657836914,3259850
2012-07-16,59.5564617478902,59.942937812963166,58.699286814553396,58.94207000732422,4289750
2012-07-17,59.45737465601643,59.56638044771748,58.26822640685648,58.778568267822266,3600210
2012-07-18,58.84792319590578,59.21953171358191,57.995704170734264,58.882606506347656,2946670
2012-07-19,59.46727641998812,59.74969876925902,57.1137555826647,57.47545623779297,29737680
2012-07-20,56.88088603403567,57.079074245145556,55.30526556244603,55.7957878112793,13618600
2012-07-23,55.29535121192656,55.488587354560096,54.20530098270162,54.66609573364258,12599090
2012-07-24,54.824654792606175,55.35977207002535,53.734600659322886,53.93279266357422,13213390
2012-07-25,53.56117727376809,54.10620238112162,53.12020210489316,53.38280487060547,5686550
2012-07-26,53.561181528151,54.00711257147802,52.74364191208447,53.650367736816406,13421790
2012-07-27,54.205307057021706,54.66114601994696,51.93601636130526,52.47608947753906,13790360
2012-07-30,53.006245324298696,53.422445086502734,52.02519708736428,53.16975021362305,11029620
2012-07-31,53.41254233539161,53.59091475929533,51.98061088475205,53.09048080444336,11694940
2012-08-01,53.26389322806845,55.19625848261467,53.02111002901913,54.99311065673828,10405540
2012-08-02,54.99806649595905,55.374630892584946,54.50258841941888,54.99311065673828,15504750
2012-08-03,54.53231562594664,54.9980662252653,53.91296803331977,54.2152099609375,11886500
2012-08-06,54.79987730551503,55.98902550592831,54.72555483420209,55.61246109008789,11615500
2012-08-07,56.0583958916228,56.256587901662925,55.33004242833929,55.64714813232422,9071550
2012-08-08,55.49354813767619,56.27640445615164,55.24580908349014,55.97911834716797,8323220
2012-08-09,56.142616441238296,56.3507200944671,55.49354140765129,56.07324981689453,3573530
2012-08-10,55.88993362229553,57.87184610847341,55.171488077937205,57.52500915527344,10363550
2012-08-13,57.47546075197965,58.21867791687593,57.00971011898128,57.84211349487305,14785530
2012-08-14,57.97092685328778,58.406946138834684,57.386262653474084,58.08488845825195,9162590
2012-08-16,58.16912754933946,58.694333106293705,57.752923994996316,58.07498550415039,3954750
2012-08-17,58.070022799784596,58.81323983449275,57.87183461468695,58.44163131713867,7209960
2012-08-21,58.466414625784154,58.545692934686954,57.77274454367596,58.337589263916016,7506900
2012-08-22,57.82229948526033,59.06099487937643,57.82229948526033,58.842987060546875,3652370
2012-08-23,59.25917500977508,59.25917500977508,58.12948564181357,58.540733337402344,4083220
2012-08-24,58.55560066491223,58.55560066491223,57.59932780265804,57.965980529785156,18836410
2012-08-27,57.92138686795408,58.079939698404104,56.697555435950264,56.970069885253906,7683810
2012-08-28,57.34168023694429,57.56959970161212,56.28630950031114,57.1236686706543,10837320
2012-08-29,57.475462099158605,57.87184610847341,57.04439477254361,57.52500915527344,8854110
2012-08-30,57.376359704903315,59.45736600292674,57.039434479678825,58.7191047668457,11225730
2012-08-31,58.54569159528571,58.54569159528571,56.64305380732292,56.89079284667969,6871770
2012-09-03,57.202935388412946,57.57454390010952,56.63313869463602,56.955196380615234,6420270
2012-09-04,56.7322424959474,57.24754017398849,56.311086866645894,56.76692581176758,6627580
2012-09-05,56.662876255067864,56.662876255067864,55.785877894398766,56.39036178588867,4180570
2012-09-06,55.93946904105773,57.079066215415374,55.914693628055424,56.816463470458984,2282300
2012-09-07,57.529961562434124,57.73310561444382,56.95520516124015,57.148441314697266,5768820
2012-09-10,57.07907271682999,57.57455079173372,56.44981722498926,56.623233795166016,3954490
2012-09-11,56.37549567726106,58.109668967710384,56.13766831433876,57.80247497558594,3091300
2012-09-12,58.07002236656223,58.1195731926643,57.19302793543611,57.93624496459961,3004220
2012-09-13,57.9412057986358,58.13939399934164,57.47545521054231,57.89165496826172,2401110
2012-09-14,58.565511221472015,60.53751576698869,58.16417516113388,60.38391876220703,12192310
2012-09-17,60.978479589839445,61.632510423097166,59.645642510318375,60.07670974731445,11043190
2012-09-18,60.061848703142985,60.527599271100286,58.51595585516803,59.40781784057617,4750480
2012-09-20,58.763697884329304,60.146082142393404,58.56550590184671,59.719970703125,4364050
2012-09-21,59.95285406099949,62.03386070640947,59.64565625783212,61.682071685791016,13418520
2012-09-24,61.63747094846137,62.331140983193734,60.844706814566194,61.80097961425781,6027820
2012-09-25,61.83567051988664,63.8175829880856,61.81089510195494,63.53020477294922,9455310
2012-09-26,63.42119303992592,64.49142748696956,63.27750394582112,63.51533508300781,11405460
2012-09-27,63.63425327249664,64.20405766419431,63.436065042582186,63.88199234008789,6568980
2012-09-28,64.26350888436004,64.5013362585077,63.75316703962862,64.28828430175781,5426860
2012-10-01,64.2634999582736,64.6251968087752,63.3518221836747,63.926578521728516,2648460
2012-10-03,63.8423473248774,64.01080804093947,63.00003240397494,63.35677719116211,6400560
2012-10-04,63.520294550420715,64.65989575784903,63.02977226174768,63.381561279296875,8336360
2012-10-05,63.64911461438093,64.47160244420658,54.19538858666379,63.29236602783203,11490080
2012-10-08,63.02480798716464,63.28741453544416,61.94962149965296,62.167633056640625,3808020
2012-10-09,62.35591268189317,63.609475340755125,62.35591268189317,63.123905181884766,3020780
2012-10-10,62.628424761525515,62.72751885705016,62.15276629865184,62.29645538330078,3085070
2012-10-11,62.43023691128997,63.024809084080324,62.05862835824657,62.83652877807617,7545960
2012-10-12,62.62843613447743,63.24282795473448,61.93476599924625,62.12800216674805,7107040
2012-10-15,62.127996820788034,62.41041917823493,61.49874131566874,62.31132507324219,4395060
2012-10-16,62.89598822513485,62.990126489112285,61.95953496319553,62.321231842041016,3131360
2012-10-17,62.52932706095777,62.62346909810809,61.493779773094005,61.9892578125,3153490
2012-10-18,62.43024094525506,63.45092462723637,61.75639042311266,63.173458099365234,5061260
2012-10-19,62.82661897525228,63.06940216409156,61.9942156904629,62.27663803100586,3719320
2012-10-22,61.88521460670889,62.89599037062379,61.59288056597082,62.77707290649414,3927210
2012-10-23,62.70274800500966,62.92571161281861,61.260905081906195,61.508644104003906,4066950
2012-10-25,61.54828856966596,62.21222739172614,60.95371259716955,62.004127502441406,17499860
2012-10-29,61.087492150044845,61.59287812184869,60.26004467434945,60.45823287963867,7846810
2012-10-30,60.54741694825147,60.70596977500842,59.11053360960299,59.32358932495117,10991040
2012-10-31,59.45737471491653,60.05194694998647,58.57542426147697,59.828983306884766,3993910
2012-11-01,59.828973067384595,60.84470455700509,59.169986369829786,60.70101547241211,4264870
2012-11-02,61.04290321013972,61.28073437234461,60.46319471377527,60.67625045776367,2853200
2012-11-05,60.65147124579125,62.103218335155425,60.646515406727204,61.999168395996094,6201490
2012-11-06,61.4392873293828,62.32123778460193,61.4392873293828,62.132957458496094,3833180
2012-11-07,61.934758746434774,62.7622062160397,61.83566464451955,62.43023681640625,5249940
2012-11-08,61.97935332287699,62.43024020552297,61.82575632251085,62.162681579589844,1899020
2012-11-09,62.4302422784002,62.62347844017941,61.25100572956837,61.568111419677734,2132400
2012-11-12,61.97440156255484,62.23204851088241,61.56810967237043,61.82080078125,1626750
2012-11-15,61.12217861185123,63.3716496355531,60.953714092442034,63.14373016357422,7519830
2012-11-16,63.32209839332442,63.32209839332442,61.042896263894555,61.721702575683594,2503480
2012-11-19,61.924850397387466,62.0338523966214,60.75552185835398,61.721702575683594,1625060
2012-11-20,62.12799195584087,62.63338168024347,61.132080023798395,61.60773849487305,4656560
2012-11-21,61.97935392084442,62.43024080784049,61.508651236356535,62.36087417602539,3618490
2012-11-22,62.578881684108886,62.70275120147237,61.70683922341465,62.227088928222656,2649170
2012-11-23,62.281597662013034,62.62347877167739,61.587931323850626,61.87035369873047,2078850
2012-11-26,61.984304812792125,62.43023582472252,61.553241318090755,62.167633056640625,1780570
2012-11-27,62.32123199318409,63.12390783973492,61.71179607467139,62.93067169189453,6300020
2012-11-29,62.97526170098984,65.19500510941836,62.97526170098984,64.53601837158203,8686510
2012-11-30,65.10582230804935,66.88954657418611,64.33287764618882,66.43865966796875,20293400
2012-12-03,66.39405529103652,66.39405529103652,65.20491105625045,66.01253509521484,4693680
2012-12-04,66.14633036999122,66.83999672798993,65.52698270735085,66.49812316894531,5899450
2012-12-05,66.58729267966865,66.77557675189469,65.40805253954939,65.73011779785156,5805870
2012-12-06,66.06705511640793,66.39407251193204,64.62521187646705,65.9283218383789,5578420
2012-12-07,66.28506539250554,66.48821324571283,65.55671191716938,65.80445098876953,3622500
2012-12-10,65.90849747709272,67.03818691451949,65.58643218319395,66.75080871582031,4118550
2012-12-11,66.83998834215782,67.08772737613232,65.26437171506987,66.09677124023438,7474050
2012-12-12,66.2900211884741,66.6814531774865,65.12069240219908,65.43284606933594,7602030
2012-12-13,65.61120681492261,65.72021259796658,64.03063052118046,64.65493774414062,6873880
2012-12-14,64.83331037336278,66.1463242729752,64.70448123275474,65.87380981445312,3310280
2012-12-17,65.79949090158567,66.02740658583024,64.74412016599668,65.5368881225586,4043000
2012-12-18,65.69048886665489,66.05714539055434,64.59052685535252,65.77471923828125,4143680
2012-12-19,66.19589511373115,66.29498924849226,65.22970650871626,66.1711196899414,6278890
2012-12-20,65.79949837884762,66.1958824021725,65.21483024335424,65.60626220703125,3632300
2012-12-21,65.2049050759132,65.5319147962308,64.11484747354132,64.36754608154297,3830170
2012-12-24,64.74907584944323,64.8432179000991,63.61443430300236,64.08018493652344,3205790
2012-12-26,64.02567983963947,64.76889697980518,63.43110763958605,64.30314636230469,4445410
2012-12-27,64.4716047305124,64.85807702436561,64.15945868418197,64.392333984375,9099160
2012-12-28,64.60539599829772,65.01664377209637,64.09010204630223,64.50630187988281,3541620
2012-12-31,64.32791657840353,64.76393968471,64.06531381494035,64.41709899902344,6189920
2013-01-01,64.70448601069619,65.09591796013102,64.28828620352681,64.4072036743164,6666970
2013-01-02,64.8085309402403,65.8490303168407,64.63015853848094,65.09590911865234,12192900
2013-01-03,65.39815037540333,65.74002387830457,64.67474909766395,64.89771270751953,5649550
2013-01-04,65.19004941709302,65.19004941709302,64.08017588463906,64.43196105957031,4909390
2013-01-07,64.52115532534954,64.79366977780863,63.956310624068614,64.25855255126953,6578740
2013-01-08,64.15945633438174,64.89276174196493,63.71848116598707,64.68466186523438,6050870
2013-01-09,64.44684469252614,65.02159358361808,64.1644185263927,64.3229751586914,7824210
2013-01-10,64.71935202668415,65.57157502967188,64.34774342283704,64.7936782836914,7504410
2013-01-11,64.73420681761549,65.20491703240467,62.22213693426568,62.43023681640625,5782690
2013-01-14,62.6234738581156,62.727523800675996,61.726659748287126,62.28654861450195,7774120
2013-01-15,62.232052527704965,63.07436761893186,61.186593368372705,62.39556121826172,11090010
2013-01-16,62.49960640693196,62.72752587630092,61.64738348134497,61.89512252807617,6056010
2013-01-17,61.83566136721163,62.43023350758583,61.473960732015705,62.22213363647461,6233050
2013-01-18,62.05862722656268,62.47978282295891,61.36000134508616,62.405460357666016,23799970
2013-01-21,62.18248726600329,62.90588467220725,62.05366193114046,62.52436828613281,9689960
2013-01-22,62.524381097923474,64.16936441771851,62.15772459127486,63.495513916015625,28696690
2013-01-23,64.83826068566088,64.83826068566088,63.26759610754315,63.92162322998047,8382690
2013-01-24,63.7184853768974,64.90267770918645,63.61938371061394,64.71439361572266,10112560
2013-01-25,64.6747563062681,66.17605435646311,64.28333193070662,65.91840362548828,9563610
2013-01-28,66.19586886421646,66.69134690194144,65.90849069508859,66.20082092285156,6199320
2013-01-29,66.19587865066883,67.27106524424113,65.63598596593825,66.85981750488281,24055710
2013-01-30,66.98863152133487,67.86067773675408,66.42378684107248,67.26609802246094,29108000
2013-01-31,67.0877388658184,67.73186197654594,67.0877388658184,67.41971588134766,13112340
2013-02-01,67.4296105236528,67.88544945291864,66.08686915209272,66.62198638916016,6480840
2013-02-04,66.61703106657504,67.48411776804507,66.26524583865755,67.0580062866211,9911110
2013-02-05,66.59225202736553,67.6823098696802,66.49315792180846,67.42961120605469,5166410
2013-02-06,67.50888598382039,69.089462212114,67.49402224678401,68.88631439208984,12270310
2013-02-07,68.29669449577871,68.92100169478387,67.88544679560087,68.13814544677734,5075920
2013-02-08,67.8804909063037,68.2719152280218,66.85484774318243,67.22150421142578,5742110
2013-02-11,67.53366987213532,67.53366987213532,66.22064830615331,66.57244110107422,5752210
2013-02-12,66.59224666585345,66.869720723627,66.20577439301981,66.52783966064453,3029120
2013-02-13,66.79046748269563,67.22648318772407,65.89860514904997,66.1711196899414,3846460
2013-02-14,66.29001000078783,66.68639398287137,65.5220250134708,65.93822479248047,2784010
2013-02-15,65.84904064690994,66.79045363292221,65.80940904954187,66.42875671386719,1373130
2013-02-18,66.57242395175057,66.59223974504889,65.67065036859499,65.97785186767578,1342750
2013-02-19,65.97786599115415,67.0877321029042,65.94813851464596,66.8697280883789,1279380
2013-02-20,67.03818001626996,67.34042192169801,66.02244852685477,66.20082092285156,2998580
2013-02-21,65.97787508173413,66.29498080883938,65.2049303444399,65.43284606933594,5663970
2013-02-22,65.3040075490774,66.43864894044539,65.15041056548209,65.92335510253906,4699340
2013-02-25,66.10667736547579,66.10667736547579,64.80852735582192,65.46751403808594,4545850
2013-02-26,65.01663462358957,65.86885753075518,65.01663462358957,65.5368881225586,4319780
2013-02-27,65.70039263113621,65.84902999822056,64.3477321075081,64.75897979736328,6378660
2013-02-28,64.8977364974374,65.86887715554492,64.31307581458738,65.36348724365234,20862080
2013-03-01,64.86304138284035,65.34860781513869,64.46665738161077,64.89276885986328,12152250
2013-03-04,64.81844791029816,65.15536938535415,64.31801019651785,64.91258239746094,13238210
2013-03-05,64.81843794280564,65.58642282237882,64.64996967078824,65.00176239013672,10258190
2013-03-06,65.19996507196123,65.19996507196123,64.54097825424186,64.8729476928711,10076230
2013-03-07,64.67475284725828,65.1553671872353,63.7085721082719,64.93240356445312,3800820
2013-03-08,65.29905036976783,67.27105849715436,64.48151459281078,66.91926574707031,11006840
2013-03-11,66.88954093149103,67.10259287731999,65.99272681459135,66.2850570678711,9925410
2013-03-12,66.29000820485084,66.88954000106398,65.83416928394288,66.22560119628906,5145360
2013-03-13,65.8094097185246,66.19092244014192,63.93154334737893,64.45674896240234,1744700
2013-03-14,64.11485729851465,65.70039312297104,63.10904123180483,65.22968292236328,4976900
2013-03-15,65.30402560134988,66.56749647175735,65.30402560134988,65.82923126220703,3231690
2013-03-18,65.11572442871069,65.99272269418809,64.51124060283307,64.8283462524414,4650670
2013-03-19,65.00672425978297,65.5022023525563,63.03472356745587,63.25273513793945,5546140
2013-03-20,63.14868101365532,63.421195475041266,62.24195898254843,62.747344970703125,5371330
2013-03-21,62.82661765673033,64.47160083573695,61.94466356072186,62.59374237060547,6343940
2013-03-22,62.593752595367555,64.61034463776544,62.15772942494802,63.282466888427734,4845990
2013-03-25,63.81262352576654,64.17928005503093,62.37574000693415,62.61357116699219,8503010
2013-03-26,62.608607991013436,63.698658211404435,62.0685349396778,63.39146423339844,5945530
2013-03-28,63.4211811143402,65.37336555517902,63.13875881839828,64.70942687988281,6429050
2013-04-01,64.90763382976667,65.00177588238925,63.91172552862507,64.61034393310547,2026150
2013-04-02,64.90267198869604,65.40310209357895,64.10495203195704,65.03644561767578,3158620
2013-04-03,65.00176575905417,65.35355093624044,64.0256734081878,64.49637603759766,3516810
2013-04-04,64.02568504695047,64.51125150110649,62.430244851470086,62.69780349731445,5399770
2013-04-05,63.024810070030895,63.48560861441895,62.35095958088811,63.0991325378418,5736460
2013-04-08,62.499602313397425,63.42119180929201,61.75638522188229,62.44014358520508,13614170
2013-04-09,62.727526247393186,63.78289323184037,60.943805856415715,61.31541442871094,5067960
2013-04-10,61.429369258563156,63.41128142488922,61.24604102230691,63.24281692504883,3716830
2013-04-11,63.421194483314366,63.51037690906667,61.43928215571079,62.4847412109375,6420020
2013-04-12,62.4302391149209,63.60451976466067,62.4302391149209,63.257686614990234,2837780
2013-04-15,63.25769093147942,64.31306175071602,62.752304910302705,63.49056625366211,3003520
2013-04-16,63.29236849694318,65.20987001578675,63.08922445107787,64.72925567626953,3697170
2013-04-17,65.0116850885914,65.94317877926214,64.13468673115949,65.37833404541016,8172810
2013-04-18,64.8184530729437,66.59225813825812,64.8184530729437,66.2900161743164,4766230
2013-04-22,66.29001593130265,67.38502592922696,65.73013078340135,67.03819274902344,3169300
2013-04-23,66.98369348363096,68.98542191818392,66.4584878450778,68.56427001953125,3392100
2013-04-25,68.67326685644863,70.84345576722248,68.55930145133726,70.40744018554688,11319770
2013-04-26,70.3826625720463,71.00201017025087,68.96063534549968,70.63040161132812,3117780
2013-04-29,70.71464331943267,70.71464331943267,69.36694212474866,70.25880432128906,4949820
2013-04-30,70.07051086425781,70.84345547812406,69.04487514521091,70.07051086425781,6103190
2013-05-02,69.76331599869782,71.83441076852942,69.48584948028935,71.09615325927734,13904970
2013-05-03,70.94254508362837,72.12178528711486,70.12996136670702,71.6708984375,8013810
2013-05-06,71.54702906003885,71.54702906003885,69.85249499687109,70.51644134521484,3524390
2013-05-07,70.66012960255806,72.4735811978434,70.65517754347862,72.18620300292969,7049800
2013-05-08,72.33979554249092,72.81545779865921,71.34883943916913,72.22583770751953,4411020
2013-05-09,72.27044449803762,72.33981113780868,71.4132694007815,71.68082427978516,2488960
2013-05-10,71.47271392072867,72.68168166048956,70.95246041823869,72.38439178466797,4318860
2013-05-13,72.93435698738242,72.99877154397024,71.64611877838374,71.84430694580078,3425960
2013-05-14,71.92360688591549,72.57763408356894,71.42316913790577,72.32989501953125,3283370
2013-05-15,72.3397989951146,76.30857565659737,72.03260500774957,76.13020324707031,7836880
2013-05-16,75.60995608173158,77.44322341836171,75.50590236104172,77.0914306640625,7841980
2013-05-17,76.70001413249179,79.1774047210064,76.17480853739005,78.71660614013672,5716170
2013-05-20,78.73146539927463,79.07334649070111,77.09639375220205,77.46800231933594,5318660
2013-05-21,77.467989236503,77.57203538390756,75.59508297927722,75.81804656982422,5361410
2013-05-22,75.91714536666257,76.63063494897315,75.24824699314767,76.1153335571289,3175840
2013-05-23,75.60997212289362,76.51669052512236,74.57937661718356,75.86266326904297,4547290
2013-05-24,76.01625525070067,77.7157492004992,75.25322224248667,77.39864349365234,3809750
2013-05-27,77.42836125926802,78.6720085115918,76.22930521940788,78.23103332519531,6169770
2013-05-28,78.08733654686483,78.48371290221792,76.56126338549355,76.83872985839844,4371000
2013-05-29,76.79910819762631,77.49277453783353,75.74869700805648,77.0220718383789,3209700
2013-05-30,77.19548455953307,80.00484429977641,76.53154576245164,79.26162719726562,7707240
2013-05-31,78.58283761202125,78.88011996577522,76.97748568432215,77.58692169189453,6859130
2013-06-03,77.41846369407476,77.85943896086033,75.82797544936906,76.34327697753906,3504400
2013-06-04,75.80814092056849,76.96755773191768,75.57526563447763,76.03606414794922,4039190
2013-06-05,75.51086104682967,76.49191314950478,75.18385123966728,76.15003204345703,4050440
2013-06-06,75.95680242240681,77.09144406703027,75.31267931095745,76.7693862915039,3468970
2013-06-07,76.7693727891739,76.79910026348362,75.51085426716384,75.60004425048828,4034170
2013-06-10,75.85769886292147,76.1351653846083,73.66272698529937,74.68341064453125,4259890
2013-06-11,74.12351955797374,75.79823023163969,74.02441789931835,74.26225280761719,9161970
2013-06-12,73.85100094382271,74.77754242880611,73.39516206927064,73.96000671386719,7467050
2013-06-13,73.23165567039682,74.11360597491439,73.15237736966841,73.66767120361328,3032860
2013-06-14,74.6090809073038,75.50589491081708,74.12351456625137,74.98564147949219,2598440
2013-06-17,74.9856476032385,75.4464461293215,73.85595823402207,74.93114471435547,4101790
2013-06-18,74.86673991366156,76.46217991481485,74.32666306776397,75.59013366699219,7911490
2013-06-19,75.59510169232986,76.25408095006955,75.1788943184992,75.92211151123047,4191260
2013-06-20,75.21358359025362,75.31762976642118,72.47359006536001,73.19203186035156,5971430
2013-06-21,72.43889762951716,73.13257151457984,71.37857478444315,72.29025268554688,6852250
2013-06-24,71.84432796826823,71.84432796826823,68.3858927802239,68.74263763427734,6655020
2013-06-25,69.02505653177671,71.809641180908,68.5394900851487,71.18038940429688,12395730
2013-06-26,71.20019660831295,71.34884154026757,67.68230687416194,68.20255279541016,11726830
2013-06-27,68.72281214367874,70.36284347331286,68.6732688690614,69.57503509521484,11688330
2013-06-28,70.15970042602304,72.04251111589215,70.11014959296514,71.56685638427734,15418830
2013-07-01,71.6461304120259,72.83527473040505,70.87317828864474,71.74026489257812,4600210
2013-07-02,71.35875202071045,71.79972718985681,70.65517408569016,70.92768096923828,3361730
2013-07-03,70.53625414481502,70.85831184696752,68.89622304049715,69.25296783447266,4045260
2013-07-04,69.64479016171617,70.50778915781248,68.89090624218294,69.391845703125,4092800
2013-07-05,70.20524494030687,70.20524494030687,69.28768839605948,69.69934844970703,2149950
2013-07-08,69.13889925913702,69.53072367515365,67.76008961811897,68.667724609375,5298350
2013-07-09,69.04962171819177,71.32118752145311,68.0130360605392,70.83016967773438,5578120
2013-07-10,71.22199297195637,73.05709844161773,71.18231407497211,72.0502700805664,8919190
2013-07-11,72.41233930242906,74.5946259528458,72.41233930242906,73.97962188720703,8080750
2013-07-12,74.69382569312522,75.57666044190596,73.07198559190313,75.19971466064453,5916370
2013-07-15,74.97155080040939,75.61631953866245,73.99943688563134,75.13522338867188,4387130
2013-07-16,72.47184829363509,73.89033677761617,69.70430750735132,70.71114349365234,10013300
2013-07-17,70.92440904365314,71.14263920543289,69.44144140281442,70.56730651855469,10549750
2013-07-18,70.92440638763757,71.9163561273248,67.32363155704422,70.59706115722656,24207500
2013-07-19,70.53754647374292,70.80536957309019,68.06759374518681,68.52884674072266,11289760
2013-07-22,67.96839319605654,69.78366304568247,67.56665476021617,69.50096130371094,6594270
2013-07-23,69.93246037150897,72.80415169089753,69.73407344019877,72.42225646972656,6137880
2013-07-24,71.11287340790986,71.11287340790986,67.45257674792478,68.38996887207031,7965580
2013-07-25,68.3155777813896,69.33728474981693,67.57161551490654,67.96343231201172,6731080
2013-07-26,68.82148469491004,68.94052141318889,66.21265905511308,67.44763946533203,9153090
2013-07-29,67.15500440971078,67.73530175417737,65.18102625105699,65.65716552734375,12938860
2013-07-30,65.69684683717657,67.34347977668963,64.15932142683204,64.51146697998047,8764430
2013-07-31,64.27835832926631,65.4389379281281,61.7488829869474,64.70985412597656,19047880
2013-08-01,64.9925477837725,66.95661172426041,63.3657544957501,66.09361267089844,10898140
2013-08-02,65.69186959107931,66.68878391680656,63.98075781429225,64.82391357421875,7492530
2013-08-05,64.82392730042089,66.04402906095439,63.58398987092555,65.55796813964844,5222140
2013-08-06,65.14133579357694,65.14133579357694,62.492831877922036,63.30126953125,27728770
2013-08-07,62.691223845591885,64.06011553584483,62.691223845591885,63.57405471801758,10043240
2013-08-08,63.98075680319319,65.12150049234914,63.31615230852846,64.74951934814453,6404140
2013-08-12,64.78423442339525,65.51828267229818,64.1493872018406,64.481689453125,27233970
2013-08-13,64.47673943471872,65.6472405456373,63.30623832380015,65.3794174194336,7078480
2013-08-14,65.46869023491683,66.39616092482558,64.86360021973172,65.59764099121094,14761970
2013-08-16,64.69991808965945,65.54307382654751,62.18532573516614,62.71601867675781,18942830
2013-08-19,62.393648377592335,62.98881678638802,60.72221148330824,61.58024978637695,6598990
2013-08-20,60.146870663644364,63.76252791062708,59.75009303906823,62.90945053100586,47648200
2013-08-21,64.48665272697822,66.85741192700068,61.302491283980814,61.95222091674805,9416690
2013-08-22,61.67943606145814,63.33599033580157,61.00490992541741,62.55235290527344,15367480
2013-08-23,63.08800979864036,64.19899637011996,61.897672989751186,63.737735748291016,20285490
2013-08-26,64.40234527034112,64.47673847985801,61.996863922940406,62.805301666259766,7390160
2013-08-27,61.500876687135445,61.69926736873016,59.61617088796693,60.86106872558594,11276270
2013-08-28,59.31859749713813,61.882786831228856,58.32664769356061,60.1766357421875,15672150
2013-08-29,60.3601442903793,65.44885164784297,59.14500728943279,64.22379302978516,24858370
2013-08-30,62.988827551969464,66.36145920220599,60.355201406145525,65.42902374267578,17746500
2013-09-02,64.96279243749704,66.92685643654602,61.73399845588362,62.195255279541016,6813310
2013-09-03,62.5126723077344,63.48478258701959,59.12020227056683,59.581459045410156,11322490
2013-09-04,59.50706813384644,61.89766691881012,58.62422966345927,60.36014175415039,10791000
2013-09-05,62.021665004612814,66.956613924729,62.021665004612814,65.66707611083984,16316580
2013-09-06,66.23248049797057,67.61129759261492,64.74952048715912,67.17979431152344,10966430
2013-09-10,68.07750846466095,70.8648924021051,67.95847933843375,70.2746810913086,9526680
2013-09-11,69.43648406078384,71.25175396040146,68.34534082485247,70.94424438476562,9699070
2013-09-12,70.94424378012391,71.50469781844743,68.62804198970824,69.486083984375,6542140
2013-09-13,68.93058322389797,71.70804543888804,68.56356667472888,71.02359771728516,9724330
2013-09-16,72.9083113299351,73.27533548559134,69.82334680291741,70.53755187988281,56719240
2013-09-17,70.82520133003769,70.98390932705263,69.54062844379848,70.3540267944336,4979660
2013-09-18,70.42843439083632,71.12279620975266,69.13889664944742,70.90953063964844,8162270
2013-09-19,74.10856199729507,77.27288399699393,73.60266552567481,76.5438003540039,17428060
2013-09-20,76.67771277512341,76.97033611243984,72.15441711854339,74.2176742553711,12676150
2013-09-23,72.7644759142058,73.47371633989341,70.83016939619476,71.35094451904297,7619240
2013-09-24,70.13085361891645,72.65040722694798,70.13085361891645,71.43031311035156,6775070
2013-09-25,71.53942386930667,71.89156181796217,68.96531287098108,70.35900115966797,16265270
2013-09-26,70.35900466451162,71.56918471821024,69.23810403456592,69.77375030517578,12729730
2013-09-27,70.13084245068002,70.71113969896484,67.46250283968332,67.73529052734375,6823890
2013-09-30,67.15499929504372,68.36022225286585,66.30192185065255,67.26411437988281,6535710
2013-10-01,67.29387629244239,68.39494126575835,66.16305403357363,67.95848846435547,4628340
2013-10-03,68.44454718438735,69.91759347922867,68.20648131321451,69.44641876220703,7855160
2013-10-04,69.2182509574218,70.19036502285614,68.4246957141053,68.99506378173828,7772080
2013-10-07,68.76690783748933,69.4364768918509,67.16491123966046,68.12214660644531,4897270
2013-10-08,69.98206530900606,71.0980088960655,68.04775855065031,68.9256362915039,5228480
2013-10-09,68.14695987822004,71.78742201798873,67.98329479307107,71.30136108398438,5942910
2013-10-10,71.12279255941519,71.76756139701725,69.46623832789632,70.00189208984375,9726880
2013-10-11,70.9244067144732,71.42533861085234,69.6943911506261,69.93245697021484,8834410
2013-10-14,69.9324546315317,70.8748038298727,68.9901054331907,69.297607421875,7133190
2013-10-15,69.73407075909736,69.93245768278008,67.27403203836103,67.74024963378906,6686110
2013-10-17,67.91880570494317,68.89091229503732,66.75822622641223,67.14012145996094,7455910
2013-10-18,67.46251064560363,69.8679844635433,67.31371665621083,69.57040405273438,12449790
2013-10-21,69.93245971432634,71.76756529961767,69.46128508091017,71.10791778564453,14290600
2013-10-22,70.63674513641459,71.40055072898667,70.03165514623852,70.33916473388672,9479680
2013-10-23,70.52764161597963,71.34104029168883,69.94239476413004,70.43836975097656,6758530
2013-10-24,70.00188789819416,72.46192640931723,69.7935793756839,70.13580322265625,15546940
2013-10-25,70.07628976429217,71.10296143220283,68.97523245710764,69.92253875732422,10615370
2013-10-28,70.41850491664715,71.0037591569817,69.991966256056,70.27963256835938,6310860
2013-10-29,70.03164846824855,72.90830415956816,69.80846129564094,72.71487426757812,14602900
2013-10-30,73.00751173990678,73.85563224144371,72.71984535833218,73.2158203125,6364290
2013-10-31,73.27532847461224,75.566729903988,72.34289331690314,74.6392593383789,11466880
2013-11-01,74.69382612247433,75.01124976916417,73.9548207657851,74.24744415283203,11729800
2013-11-05,73.74153929008473,74.69381769063261,72.84382599537766,73.93993377685547,8455030
2013-11-06,73.9002551928022,74.21272178080592,72.41233059160484,72.55615997314453,2706760
2013-11-07,72.61071486807919,74.0887253670756,72.41232795566486,72.87358093261719,4113540
2013-11-08,72.0304252330078,72.80910937890955,71.14759060683646,72.1544189453125,4263650
2013-11-11,71.03351830625441,72.08498256182193,70.3490705945488,70.66153717041016,4901830
2013-11-12,70.5325882713685,72.35281510201426,70.5325882713685,71.04344177246094,3325380
2013-11-13,70.71610641464176,71.76757084429713,70.42844004713707,71.24679565429688,4331770
2013-11-14,71.91636342895353,72.88351300974757,71.45014579308956,71.98084259033203,5307760
2013-11-18,73.17612851625418,73.90025515167663,72.65039636833316,73.70682525634766,6059820
2013-11-19,73.99945268928946,73.99945268928946,72.67520063014298,72.94303131103516,4052110
2013-11-20,72.94301413796964,73.88040616444829,71.98082185902842,72.70494079589844,4453750
2013-11-21,72.01554881129479,72.25361462721987,70.23004383989294,70.57722473144531,6393140
2013-11-22,71.0335141149806,72.21393660482866,70.77560509031315,71.08311462402344,5308980
2013-11-25,71.61877767353684,74.19785339304154,71.47990529700682,73.9647445678711,5096450
2013-11-26,73.80106507688107,74.38631181390757,72.91823037894115,73.98457336425781,16489240
2013-11-27,73.87049838328709,74.36647325351946,73.0769355637249,74.10360717773438,2506070
2013-11-28,74.098640728497,75.0757118038059,73.42907921124913,74.58470153808594,7997120
2013-11-29,75.18979169558374,75.85439619071842,74.59461581005489,75.07075500488281,5737400
2013-12-02,75.0161963738123,76.77690861221427,75.0161963738123,76.43468475341797,4753750
2013-12-03,76.04783752538819,76.17678828373448,74.83765747575859,75.25923919677734,4328770
2013-12-04,74.70373275895959,75.52705286235377,74.06392850433097,74.30199432373047,5478470
2013-12-05,75.18979480815115,76.5090822368149,74.89220685306775,75.58161163330078,7587410
2013-12-06,75.81473111300836,76.28094877659747,74.55991509571965,75.1749267578125,6292180
2013-12-09,77.86805421973735,78.1557205511266,75.3633796245519,75.77503967285156,7859790
2013-12-10,75.8097648819363,77.05465913002234,74.84757238549774,76.62812042236328,7623780
2013-12-11,76.09742681803786,76.85627539296968,75.45762251396879,76.2759780883789,4573440
2013-12-12,75.60639956537587,76.44955521002447,75.11538178992778,75.8940658569336,3013130
2013-12-13,75.24435973439184,75.59649769556799,74.78309911552819,75.23939514160156,3690440
2013-12-16,75.22946226708842,75.29394141989921,74.17799799773174,74.4755859375,3581690
2013-12-17,75.04099482041337,75.24434632116764,73.2356467051759,73.46379089355469,3067080
2013-12-18,73.49355543431534,75.70064974519448,73.25548960658033,74.41606903076172,10754270
2013-12-19,75.0906046221979,75.10052624026049,71.42039300866567,71.61382293701172,6800400
2013-12-20,71.68820684426731,73.0422237348561,70.92936587251923,72.72480010986328,10890170
2013-12-23,72.89839202224118,73.5034820333968,72.31314524606131,72.665283203125,4064160
2013-12-24,72.80911493457798,72.90830839839552,71.7179716966326,72.29329681396484,2905530
2013-12-26,72.11475321474522,72.90831614556116,71.62374286788243,72.0056381225586,9251520
2013-12-27,72.38257663600838,73.69690706692808,72.11474595742114,73.40924072265625,5345670
2013-12-30,73.45389577508556,73.51341034948233,71.98580654015343,72.59089660644531,4467260
2013-12-31,72.90335111160739,72.90830813598876,71.96595888114945,72.23873901367188,1802710
2014-01-01,72.61072450062251,72.61568909327562,71.49478094230571,71.67333221435547,3927680
2014-01-02,71.67829248534241,72.55616258267946,69.73407184467634,70.17052459716797,4561390
2014-01-03,70.1407628225854,71.05335473604472,69.0992201717815,70.6813735961914,5725670
2014-01-06,70.42844096252804,71.12280284623543,69.9919805967823,70.83514404296875,4467150
2014-01-07,70.62682167095203,70.92440963366842,69.43648495603901,70.24492645263672,6437940
2014-01-08,70.32924278107433,71.12279808533759,69.79854600206903,70.71610260009766,3129830
2014-01-09,70.4780278406909,70.97895970497156,70.09612509458954,70.44330596923828,3075830
2014-01-10,69.84318435011066,70.90457026195925,69.23809440739572,69.48111724853516,3662240
2014-01-13,68.95539804877029,71.89156890234008,68.95539804877029,71.1128921508789,4724920
2014-01-14,71.023613613951,71.72789715747749,70.13085716160144,70.5573959350586,2638260
2014-01-15,70.82521489650419,72.52640511473963,70.68137794218374,72.32801818847656,5556430
2014-01-16,72.44208787275265,72.90830545867063,71.7179688049031,72.55615997314453,5511820
2014-01-17,72.4619234867375,73.18108545477386,71.42037334821927,72.1246566772461,3231490
2014-01-20,71.99571201270126,73.15629136102987,71.42037936263256,72.22882080078125,4993170
2014-01-21,72.38258325819628,72.61072749033454,69.8332723938383,70.06141662597656,17001420
2014-01-22,69.93244360606674,71.22198105436132,69.25791760615449,70.45817565917969,13202970
2014-01-23,70.13085653829378,70.58219556963374,69.75391829197518,69.96222686767578,3378700
2014-01-24,68.94049400818147,69.91260790108332,67.55176311888219,67.92374420166016,8578030
2014-01-27,67.26409623382384,67.70055645543488,64.92805929309759,65.28019714355469,16147660
2014-01-28,65.17108503796544,66.460622532198,63.98570558059522,65.44883728027344,13394590
2014-01-29,66.1630436335651,66.9516494166405,65.75634818164251,65.86546325683594,5372800
2014-01-30,64.48665404527792,65.46868215862405,64.25354525336597,64.481689453125,8423630
2014-01-31,64.42714413552902,65.59764534128135,64.35275091888306,65.17607116699219,5570330
2014-02-03,64.6056758606075,65.27028785596575,64.4568894723687,64.96774291992188,11592230
2014-02-04,64.27835389448536,66.24737497016395,63.841893534744976,65.99442291259766,5079350
2014-02-05,65.96465904435861,66.59950628536247,64.51145627849111,66.212646484375,8315420
2014-02-06,66.65900835579696,67.06571131382694,64.7247097133912,65.51827239990234,10905660
2014-02-07,65.66707329651256,66.1134552443326,64.71480240299668,65.3546142578125,7183890
2014-02-10,65.6522103702872,65.6522103702872,63.8815835005623,64.20396423339844,7398960
2014-02-11,64.36763689664664,64.67513898445823,63.54928114838375,64.20396423339844,4913370
2014-02-12,64.47671904213662,65.10164451761274,63.89147245576641,64.43208312988281,5221870
2014-02-13,64.37753437851777,64.88343082360802,62.7408159276789,63.167354583740234,3892870
2014-02-14,63.286400579942644,64.80408644529949,62.54243818178347,64.12459564208984,8027910
2014-02-17,64.19897148701126,64.80901829751848,63.792268568023836,64.55110931396484,4638330
2014-02-18,64.57593228259319,67.75017627265416,64.28330889967754,67.48234558105469,10661590
2014-02-19,67.45258740935158,68.28582162119132,66.51023811244093,68.03783416748047,11179220
2014-02-20,67.62120874279093,67.74024543039977,66.13824879553891,66.43582916259766,5698560
2014-02-21,66.460627080473,67.2343466027726,65.91505174142826,66.66397857666016,4761160
2014-02-24,66.2721589036816,67.5368963204339,65.66706896418404,67.21451568603516,7371790
2014-02-25,67.48234484244315,67.78984686397347,66.67390331980201,67.031005859375,4379690
2014-02-26,66.96652846153783,68.53380328491924,66.96652846153783,67.98823547363281,7556790
2014-02-28,67.98823571027992,68.84131308738162,67.05084351390344,67.89895629882812,9321850
2014-03-03,67.65097462737907,68.70740360634734,66.26225093518555,66.45568084716797,4502270
2014-03-04,66.55983303215069,67.34347431722503,66.00930056590124,67.125244140625,6892460
2014-03-05,67.55179520428555,67.8692189096387,66.5201662698933,67.5319595336914,7152170
2014-03-06,67.7501753947859,68.58836663139893,67.25420048726323,68.18167114257812,6145410
2014-03-07,69.20834626545474,71.17241054131335,68.5784634817334,70.58219909667969,18562070
2014-03-10,70.42844243229241,74.89221695264898,69.47121441777828,74.63430786132812,14748550
2014-03-11,74.97156532759095,75.1550736130308,72.85870747695445,73.8208999633789,7221030
2014-03-12,73.92506250726748,74.66406028624198,72.9132694437924,73.88538360595703,6896810
2014-03-13,73.90026628768733,77.03978857571745,73.711793388154,75.81968688964844,10012070
2014-03-14,75.05587874570244,75.52705336338107,72.7099197058671,74.98644256591797,8034530
2014-03-18,75.13027628558272,76.87611006545748,75.13027628558272,75.9139175415039,8311450
2014-03-19,76.14701101948198,76.35531952891417,75.06578957986136,75.62623596191406,5695880
2014-03-20,75.88414811388805,75.88414811388805,73.60266089503858,74.1234359741211,8131580
2014-03-21,74.7434325114722,74.89222652810378,73.24062883624717,73.81100463867188,10185540
2014-03-24,73.83082728204391,76.36525943928636,73.83082728204391,75.938720703125,9135870
2014-03-25,75.88414922548783,77.1191292804914,75.88414922548783,76.64299011230469,8287860
2014-03-26,76.87609835397701,77.3621515664723,75.72047609636988,76.53387451171875,8592680
2014-03-27,76.5388386076139,77.36711565700111,75.48736683265196,76.56859588623047,14200670
2014-03-28,77.0447553394785,78.16566369252536,76.08256262041199,77.17371368408203,10976150
2014-03-31,77.40184129002172,77.8383016215575,76.21150456325765,77.47624206542969,7620730
2014-04-01,77.5208725472617,77.58038710902856,74.59461631678566,75.75520324707031,8045880
2014-04-02,76.18175160843367,76.70748381875607,75.28403063589015,76.33550262451172,11482950
2014-04-03,76.50909109870128,76.558691619619,74.94677307349355,75.36835479736328,7548720
2014-04-04,74.61446378213465,75.48737686546309,74.39623361930848,74.90213012695312,5096840
2014-04-07,75.09059656122174,76.57852125584022,74.6839010800404,76.32557678222656,8463920
2014-04-09,76.85626819315206,77.8680535849839,76.09741968930841,77.82341766357422,10448190
2014-04-10,77.62501688969859,80.54630829694992,77.39687270898943,79.67835235595703,12244270
2014-04-11,78.87982692470922,80.14952873862272,78.5624033632245,79.91641998291016,7809360
2014-04-15,79.85195110781781,79.85195110781781,77.62502129965651,78.4483413696289,5766530
2014-04-16,78.35410949358084,78.60706152611219,76.72731249116113,77.79366302490234,4157630
2014-04-17,77.7688724032449,79.752772170838,77.3820125540024,79.43534851074219,5776660
2014-04-21,80.02058020455424,80.24873196467051,78.8302435958818,79.4898910522461,15610010
2014-04-22,79.66844015154206,80.02554263810721,78.91455628346282,79.48492431640625,4713940
2014-04-23,79.35597666689148,82.30206851152593,79.08815357555002,81.57794189453125,12931940
2014-04-25,81.5382577029614,82.78811637333254,79.9213825078443,80.19912719726562,6889060
2014-04-28,80.15945762228417,82.32190840014242,79.03855711881641,81.73169708251953,7342700
2014-04-29,81.44899923460508,81.79122312879714,79.79244487370948,80.05034637451172,4766330
2014-04-30,79.85196508235535,81.23573183058072,78.90961572658667,79.61389923095703,7710490
2014-05-02,79.7081245726558,80.40744338668556,79.23198536823307,79.6238021850586,5324410
2014-05-05,79.17742810203752,80.51655874011387,79.1327921799627,80.10986328125,3451310
2014-05-06,80.30826100901947,80.54632686009613,79.4105475826052,80.04539489746094,3659640
2014-05-07,79.38572752624873,80.97284541761935,79.38572752624873,80.35784149169922,5197290
2014-05-08,80.56616891888018,81.38948911979993,80.08507263087147,80.54632568359375,9125410
2014-05-09,80.62566670800082,84.81169546092485,80.40247954933028,84.3901138305664,10666260
2014-05-12,84.5339639679154,85.80365851307073,84.03798906321556,84.38516998291016,9395140
2014-05-13,84.83650205785571,86.20043293477308,84.12725406651124,85.41183471679688,11275510
2014-05-14,85.25808507644874,87.78756017652223,84.57364483824573,85.25312805175781,7268000
2014-05-15,85.10928835751922,86.79559984153592,85.10928835751922,86.28970336914062,7737350
2014-05-16,87.8867521763813,94.33442597982202,87.8867521763813,89.8359375,20703700
2014-05-19,90.20790804056433,92.44970891115693,89.93512035976916,90.96178436279297,10021560
2014-05-20,91.2296231213854,91.24945878721587,89.09692956573737,89.5780258178711,9319680
2014-05-21,89.47385778164902,89.84088188637816,87.65363103366171,88.94316864013672,7427820
2014-05-22,89.27546926947147,90.22774003352214,88.0256105806658,88.6158218383789,6935390
2014-05-23,88.70013850339691,89.07708422502121,86.59224543496272,87.12789916992188,10682110
2014-05-26,87.29158037841762,88.24385125620685,84.47444664428818,85.4217529296875,12403850
2014-05-27,85.30767422817446,86.68152668216138,84.3256461438833,86.35913848876953,7313570
2014-05-28,86.29962954866971,86.29962954866971,84.54883881901122,85.20352172851562,7861100
2014-05-29,85.59534405664454,86.54761489982069,84.68275211126438,85.34239959716797,13534860
2014-05-30,85.8036585171984,86.89480179399523,83.52713552083101,86.16571807861328,12851880
2014-06-02,85.90285204850399,88.38272657396874,84.58355698464239,87.94627380371094,5267170
2014-06-03,87.9809887999682,88.4025704997857,85.89293110328299,86.61705780029297,6991960
2014-06-04,86.50793646996144,86.59721588247933,85.0100902339581,85.45150756835938,3244140
2014-06-05,85.53582237968199,86.63687953804519,84.61330889458691,86.17066955566406,8721080
2014-06-06,86.567457137742,90.07896039556672,85.87309529352942,89.54827117919922,17838950
2014-06-09,90.25750341888869,90.95187276763708,88.91341577868407,89.2953109741211,7780810
2014-06-10,89.54826647268798,89.67226019320736,87.44037322385861,89.285400390625,4310330
2014-06-11,89.66728767558918,92.64810129691881,89.4788223832811,92.10749053955078,11215260
2014-06-12,92.51915376378881,93.24328044181031,91.06099392674571,92.61835479736328,5379160
2014-06-13,92.74234547985807,94.18562662812768,90.68900978061284,90.95683288574219,5769080
2014-06-16,91.269302996875,92.5489191439455,89.78137830046416,92.29596710205078,5607740
2014-06-17,92.05293296301372,93.42182079146752,90.47077201886569,92.9704818725586,6257970
2014-06-18,93.739251134716,96.41255540139441,93.739251134716,95.2519760131836,16089770
2014-06-19,95.39581413987099,95.51980786966742,91.16514868465475,91.62144470214844,6941260
2014-06-20,91.8545492463852,93.44166740034899,91.27425952609107,92.3306884765625,3799170
2014-06-23,91.75535427864521,91.85454774264852,88.13970067508814,88.78446197509766,8138740
2014-06-24,89.02749261447562,89.27052303466346,86.60713273334362,87.20230865478516,17054170
2014-06-25,88.74973742072925,88.74973742072925,86.87495316602842,87.6635513305664,5228230
2014-06-26,87.68835478496794,88.26864444993025,84.94561447643149,85.87308502197266,11170330
2014-06-27,86.29963637036394,86.59722435055588,84.83154727231467,85.9028549194336,4719980
2014-06-30,85.36719213112531,87.88674537677149,85.36719213112531,87.64372253417969,4333320
2014-07-01,87.84705430812735,88.17439949301472,87.26676469926787,87.72306060791016,3239540
2014-07-02,87.9908879433646,88.97787291662898,87.59906362728536,88.59597778320312,3367940
2014-07-03,88.59103795556689,89.46891568465442,88.08514898515692,88.40257263183594,4118510
2014-07-04,88.37277759379182,88.82948353480768,87.10194235361286,87.58843231201172,7110500
2014-07-07,87.1863303350385,87.73735736456447,84.66451341633797,86.46651458740234,143185270
2014-07-08,87.56856617322603,88.63090565535245,85.96016872959592,86.60054779052734,11601970
2014-07-09,86.75443939288105,87.15157728741862,84.75386548671617,85.80628204345703,8149150
2014-07-10,85.78145517772931,88.08484576012762,84.65954011414495,86.02469635009766,14168790
2014-07-11,87.2508705616665,87.6678695681688,84.11349671730103,85.22051239013672,28183100
2014-07-14,85.58288575566982,85.74670541927881,84.55033784679681,84.92265319824219,12144250
2014-07-15,85.67720026012418,86.81896876493694,84.92760813717987,86.53104400634766,10473960
2014-07-16,87.35016340752584,88.11960920105581,85.98996837210171,87.87139892578125,20502340
2014-07-17,87.86642947079486,91.1428078369043,87.43454605495141,90.83502197265625,31845650
2014-07-18,90.8449437743333,94.12132182561271,89.50461005327355,92.9150161743164,23693560
2014-07-21,96.00771369064687,96.00771369064687,92.9448003691864,93.4461898803711,21692460
2014-07-22,93.82346427085027,94.61774001416423,92.51291459672461,94.2404556274414,7184960
2014-07-23,94.24047963545978,94.74683074018613,92.33918793441669,92.61222076416016,8378210
2014-07-24,92.48313839059584,93.42633428749035,92.24982015535159,93.1930160522461,11661670
2014-07-25,93.19300622391009,94.57802348065701,92.59730321633899,93.7936782836914,10184840
2014-07-28,93.83339723220726,94.51845231442313,91.62928918343212,93.4461898803711,9022480
2014-07-30,93.62491088593502,97.00056428221707,93.19798894584865,96.7275390625,10304610
2014-07-31,96.72753677360052,97.25870276597584,94.2305422821704,94.68724822998047,16895470
2014-08-01,94.12132209642107,94.61774255563262,91.4902921476448,91.86756896972656,12730690
2014-08-04,92.43348991966155,93.47597593567635,92.09095858369169,93.1036605834961,6636140
2014-08-05,93.58518723472274,93.63979378831058,92.08103384699176,93.1235122680664,8572900
2014-08-06,92.73134449219239,93.62490284525785,91.8775006853493,92.5575942993164,7794440
2014-08-07,92.14555800475667,94.22059934581543,91.96188486916179,93.31214904785156,8272480
2014-08-08,92.63206964575804,92.84552682789788,91.24209071105811,92.49307250976562,7806640
2014-08-11,92.90509953471917,95.09431589880501,92.6370357803383,94.33479309082031,7360040
2014-08-12,94.51845331907158,96.2956394892282,93.59014947528642,95.77936553955078,5894510
2014-08-13,95.77937206869706,96.30557658446249,94.4291077085411,95.02481079101562,10769670
2014-08-14,95.6056073816307,95.6056073816307,93.84828241832453,94.65248107910156,10196050
2014-08-18,94.31988623415255,96.74738195055632,93.82842725790823,95.9928207397461,6457320
2014-08-19,96.30556757123465,97.89411150075364,95.92332170272111,97.36294555664062,12079580
2014-08-20,97.69555174688867,99.50252198680536,96.80199337005615,99.28409576416016,12794890
2014-08-21,99.04083453658384,102.06404062890802,99.04083453658384,101.13076782226562,18229920
2014-08-22,101.26978087593668,102.74911182857937,101.15063723033988,102.33708190917969,14528290
2014-08-25,102.33706158554666,104.68513551200641,101.82078770670788,103.71710968017578,5283680
2014-08-26,103.71713061025174,105.20143062045231,103.26539371564778,104.6553726196289,9604550
2014-08-27,104.85392949400949,105.23617536669246,102.32218213435353,103.25545501708984,12311700
2014-08-28,103.65259366716789,104.18872867347994,102.55550111656383,103.01220703125,14848780
2014-09-01,103.50366517808716,104.69507124375225,103.4490586248823,104.04476165771484,4548000
2014-09-02,104.04974208406293,105.43475197616674,102.7689762573431,105.06739807128906,4832650
2014-09-03,105.90634477990272,105.90634477990272,104.06462901672394,104.93336486816406,5705870
2014-09-04,104.64544221302025,105.80706435728221,103.85116638843778,105.12200164794922,6666040
2014-09-05,105.04257901965516,107.80763721812008,104.66529459830068,107.07293701171875,6335980
2014-09-08,107.22184954001835,107.77783798803215,105.35034243049228,106.87931823730469,5022100
2014-09-09,106.78004119891784,107.88209519743911,106.23397567720916,106.56161499023438,3258520
2014-09-10,106.23398695835294,106.59637180227368,105.25107648967547,105.73260498046875,6615660
2014-09-11,105.53900596903819,106.5814845199965,105.03265491584355,105.7226791381836,9409870
2014-09-12,105.04257401631804,106.43751431887105,104.94328386293795,106.14958953857422,11011540
2014-09-15,105.73756815658047,105.83685074318078,103.49374534048951,103.86109924316406,8623060
2014-09-16,104.29795166254124,104.66529799025895,101.6818134669064,102.00945281982422,6394990
2014-09-17,102.26263922926505,102.76899034056107,101.26979807169937,101.4634017944336,5523780
2014-09-18,101.1506334912022,104.33765203904275,101.1506334912022,104.01994323730469,4184840
2014-09-19,103.95045721916074,106.13471212265073,103.8511746269058,105.6035385131836,11660640
2014-09-22,104.84400103994375,105.2411389282128,102.75903659500024,103.63770294189453,5215180
2014-09-23,103.45402710999096,104.63054882241015,102.13851584109726,103.36963653564453,5999040
2014-09-24,103.36467429972151,104.0497369949846,102.05412451841961,102.88810729980469,6545360
2014-09-25,102.2924049166244,104.92839650550864,101.76620040939844,102.11369323730469,18165780
2014-09-26,101.761243397883,102.83847499906157,100.40104846920535,101.70166778564453,11551860
2014-09-29,101.69671008085083,101.69671008085083,98.88696806304766,99.61670684814453,3648130
2014-09-30,100.57478621231719,102.18318362265966,99.94929159738408,100.58470916748047,8637670
2014-10-01,100.12801042163659,100.74357455064487,99.4181327631841,100.44075775146484,10765250
2014-10-07,99.97908327387805,100.5847168753448,98.88695971500825,99.85994720458984,13932790
2014-10-08,99.97907725832052,100.41592968549404,99.00609740205687,99.30891418457031,12461550
2014-10-09,99.67130807847244,101.90520034403697,99.47274290699923,101.59245300292969,14513010
2014-10-10,100.97192330889108,101.19531858627516,99.0061024362046,99.572021484375,7552010
2014-10-13,99.18481768815217,100.54997406691238,98.12743959631148,100.12801361083984,7820650
2014-10-14,100.52515407136984,101.36906743010023,99.46281447454491,100.58969116210938,4733740
2014-10-16,100.0783776827175,100.22233629748138,97.54166857776295,98.45011901855469,9139900
2014-10-17,98.97632273262865,99.7556989867669,97.33317207268085,99.2890625,11413980
2014-10-20,100.7832975040156,102.54062283654656,99.39331851357707,99.66635131835938,11665000
2014-10-21,100.12801081836098,100.96200117628227,99.2840975045276,100.64925384521484,16427520
2014-10-22,101.3988414026173,106.03541430019776,101.26977480870173,105.53899383544922,31205290
2014-10-27,105.93612696287815,108.38844533587489,105.73756180161156,107.7232437133789,9601460
2014-10-28,108.12039359453318,108.56716904429038,106.90416480372642,107.50482940673828,4522850
2014-10-29,107.92180991679653,107.96152446438843,106.30348186999782,107.22186279296875,11542390
2014-10-30,106.82968921491918,109.25718513715626,106.72047609982667,108.61680603027344,8414940
2014-10-31,109.4011474403522,111.42157484831014,108.62673270610689,111.0244369506836,6135180
2014-11-03,111.12372009338483,111.28753217509666,109.0337866785664,110.25001525878906,7442920
2014-11-05,110.50319895637332,113.18386644759039,109.53517298614615,112.01231384277344,9225850
2014-11-07,112.96543770990587,112.96543770990587,109.64935270105325,111.4861068725586,11925500
2014-11-10,111.69459896408969,112.36476958778414,109.66920266056789,110.0762710571289,4554760
2014-11-11,110.11598334705575,110.75636236843947,109.21249452915005,109.95216369628906,4930360
2014-11-12,110.3542818940982,112.48889162151542,109.63447366299059,111.82865142822266,8980960
2014-11-13,111.99246354818057,112.09174612942962,109.90749146807329,110.37909698486328,6300750
2014-11-14,110.29967957873372,110.49328328385752,107.85232240906484,108.56716918945312,5203360
2014-11-17,108.7160815536232,110.77126197041301,103.30510152903786,110.0167007446289,7230350
2014-11-18,110.20534367714396,110.56772849712725,107.54452967095705,107.72820281982422,7159810
2014-11-19,107.82252572886264,108.11541199136708,105.24114077205043,106.98357391357422,10415780
2014-11-20,108.71609167093307,115.46741363565934,108.19981767352499,114.8419189453125,36340260
2014-11-21,119.73661215367002,125.56459101852292,117.47789756992462,119.0565185546875,63142430
2014-11-24,119.62740133932012,120.52592116753813,116.75809166228991,119.1160888671875,16649780
2014-11-25,118.54522135136777,119.33948963622689,114.59371069058592,115.22416687011719,22232150
2014-11-26,115.56669529053413,116.3857860953734,113.87886102557857,115.2142333984375,13614730
2014-11-27,115.76524951986728,115.84467861125057,113.78949821405219,114.93126678466797,17538920
2014-11-28,115.6163308280801,119.9252646848997,115.6163308280801,119.38912963867188,11910840
2014-12-01,119.65222904237446,122.27332860045217,118.69414114102516,119.31466674804688,13046900
2014-12-02,118.16792789282188,121.40956060058338,118.16792789282188,120.66989135742188,10481190
2014-12-03,120.6897473060555,121.98044361211724,120.19829586799263,121.19609832763672,9183740
2014-12-04,121.20604089458419,122.46198425511541,119.63735016984653,121.50885772705078,6504500
2014-12-05,122.31800245791503,124.00583662395964,121.54358772604382,123.15199279785156,10341030
2014-12-08,123.4051628764287,124.53700094257016,122.10950514613846,123.70301818847656,7496380
2014-12-09,123.2661604101904,123.49947862707172,121.57833391444564,122.31303405761719,6406250
2014-12-10,121.99532269173065,123.60868911593461,121.76696595725012,122.64067077636719,5552330
2014-12-11,122.22865225470444,124.40297639994444,122.21872172408095,123.72784423828125,10368140
2014-12-12,124.19446715431759,124.5171449984617,123.31083934073538,123.83705139160156,6182260
2014-12-15,123.31084343566638,130.60823050613067,123.31084343566638,129.94798278808594,15017110
2014-12-16,129.1735625834159,129.72459716721193,126.19007837047866,127.43113708496094,9913430
2014-12-17,126.68651038448556,126.68651038448556,122.91371912043347,123.5739517211914,22644380
2014-12-18,124.8149982232414,126.04115742044986,123.16192468305836,124.30865478515625,8615840
2014-12-19,125.10789281021835,125.70855735548015,122.31800453234237,122.74492645263672,18778410
2014-12-22,123.12221481762784,125.5943867924471,123.12221481762784,124.8944320678711,7180560
2014-12-23,125.49509588465178,126.28936408896195,122.91867244255037,123.55905151367188,6816650
2014-12-24,123.24631759705034,124.50226083508717,122.73996657457197,123.6434555053711,13588190
2014-12-26,123.79734103016216,124.92917911221531,122.61585787047802,124.4079360961914,3524730
2014-12-29,124.65118924719512,125.09796466250812,123.2463183382423,123.4647445678711,4576100
2014-12-30,123.50942733149442,124.19945155376459,122.357728085094,123.77252960205078,3589950
2014-12-31,123.52926304138498,126.38864968312355,123.12220221099994,125.48516082763672,4490720
2015-01-01,125.4752507652592,125.59439441969137,124.21434594865077,124.95897674560547,2509980
2015-01-02,125.19724243486992,126.98435917699008,124.92917871093955,126.24468994140625,6318150
2015-01-05,126.2992998614726,126.96947055131561,125.29652835308046,125.73834228515625,3051150
2015-01-06,124.60154346852566,125.32135166683494,122.47190289114813,124.2391586303711,11345430
2015-01-07,123.8569184776853,129.46151033323946,123.8569184776853,126.23973846435547,17858870
2015-01-08,129.06930892078884,134.33136839131538,127.71904477532784,133.10520935058594,34548830
2015-01-09,134.47040256421135,136.06887735969332,133.09530792908294,135.12071228027344,32187050
2015-01-12,135.12067461034204,137.7070207428596,133.86473156042962,136.1184844970703,8434210
2015-01-13,136.21778734141512,139.97569430497134,135.79087296699254,138.29779052734375,9608210
2015-01-14,138.4119710775927,138.74953339055745,136.73406731963908,138.12403869628906,7592900
2015-01-15,142.77055254138196,143.36624810886084,138.20844649627995,139.03746032714844,19854090
2015-01-16,137.7070428812899,138.99773920380693,137.01205721518113,138.53607177734375,13403000
2015-01-19,138.32261750471068,138.89845196190154,137.21062526602967,137.95030212402344,8775380
2015-01-20,138.20346981213595,139.13674281416428,137.2751658631669,138.57083129882812,18918630
2015-01-21,138.60061186061165,140.8841340772298,137.51344973638487,137.82122802734375,13420650
2015-01-22,137.67228577139565,138.84881504076108,136.0341042386629,137.77157592773438,20000080
2015-01-23,138.21337816538366,138.57575537145644,137.210599234599,137.53823852539062,7774060
2015-01-27,137.3496131408508,138.30274711694418,135.25471813412477,137.84107971191406,8433660
2015-01-28,137.31982390945566,138.00488656163927,133.6909915934859,134.147705078125,37201990
2015-01-29,133.93425395595128,134.5150726462853,131.52662648672555,132.18685913085938,22504270
2015-01-30,133.0406777939729,133.92430557035385,130.7918938088851,131.27342224121094,13992500
2015-02-02,131.05500464245847,135.02636841950266,129.50617519333932,134.266845703125,16563690
2015-02-03,135.11571167924535,135.62207022359195,129.07923731286797,129.69480895996094,15308210
2015-02-04,129.95793605912743,131.8840501582571,127.5800774553419,128.2254180908203,11783290
2015-02-05,127.87792669236113,129.99266776800306,126.75601148939145,127.86798858642578,9164000
2015-02-06,127.86798464154165,127.90770676495411,125.38092825929446,125.78302764892578,6082700
2015-02-09,124.20439903545795,127.39141751710703,122.73996017621747,125.7184829711914,8242360
2015-02-10,124.00584711772396,129.00479780341965,124.00584711772396,127.65453338623047,14259910
2015-02-11,128.7714654420726,129.2629320035481,127.11839196133772,128.94024658203125,5616570
2015-02-12,129.26787789081433,129.6650233274586,126.94463389725537,128.73175048828125,10258730
2015-02-13,129.06934668260868,131.3330232432317,127.36165872992066,130.01254272460938,11458960
2015-02-16,131.35286985713992,131.35286985713992,127.54036397967963,128.31973266601562,5491100
2015-02-18,128.2651062357315,130.28057186127796,127.46586150860877,129.84371948242188,6880870
2015-02-19,130.0125036321315,130.73727319601036,127.5800466290363,129.78912353515625,6479150
2015-02-20,129.75439705400976,130.55859586698074,128.11124635601305,128.8955841064453,5983410
2015-02-23,132.23649433689152,132.53434966482632,129.76431480944933,130.7422637939453,17787110
2015-02-24,130.74223973327156,134.43063970913522,130.41460044779433,134.06329345703125,30126650
2015-02-25,134.6292567442531,135.59726770922154,132.7924946832064,133.29388427734375,19251310
2015-02-26,133.17969238722034,133.97396822460465,130.55859272853823,132.38046264648438,19283600
2015-02-27,131.75992837974158,133.45270885811576,131.0897577124499,132.81729125976562,6264900
2015-03-02,139.39484933743788,141.47485213100617,138.8537528919115,139.46435546875,18063880
2015-03-03,139.8912952494434,140.7352161858637,139.36013681136077,139.86151123046875,16279700
2015-03-04,142.57195827819527,144.7313751005817,139.02750901880972,140.015380859375,40130710
2015-03-05,139.3948832373854,141.18200023264475,139.19631804892387,140.2139892578125,14302590
2015-03-09,139.48919529352708,139.48919529352708,134.89730554190672,135.48309326171875,7265220
2015-03-10,135.80576031299947,136.18799864554606,130.95572231471195,133.8151092529297,7286630
2015-03-11,133.33855535572522,137.4985617576518,133.01091599297243,136.60499572753906,5419210
2015-03-12,137.70702196064533,138.06941432235286,134.5150422847517,136.01919555664062,4107970
2015-03-13,138.00487883070974,138.00487883070974,132.58396109716944,133.16477966308594,3832490
2015-03-16,132.74282004170033,133.4080216004035,129.46148826896885,130.55360412597656,8266110
2015-03-17,131.55144238928509,133.72079771343658,130.3699590865397,133.00595092773438,4365280
2015-03-18,133.01089681168534,133.88460165303056,131.4670213317878,133.32859802246094,5820650
2015-03-19,134.0335220280411,135.29938812070816,130.6926069325412,131.6209259033203,7614150
2015-03-20,131.15428716550517,133.43780908479866,129.7643008346856,133.01089477539062,7948870
2015-03-23,133.1896045083971,133.4576758009862,131.70034311553596,132.628662109375,4676000
2015-03-24,131.6606646999082,135.22496077065284,131.6606646999082,133.11517333984375,3243160
2015-03-25,132.85206780572574,133.28892032233077,130.86141651283128,131.70533752441406,3687870
2015-03-26,130.52878810310415,132.9264920963282,129.06931083782024,129.60543823242188,19963690
2015-03-27,131.05500434631503,131.45213466330185,126.65671867018634,128.98492431640625,4885690
2015-03-30,129.20833253892087,131.0103414532288,128.15095440576155,130.245849609375,8516560
2015-03-31,130.55362307180673,131.52164911125902,129.0941455828594,130.3848419189453,3822510
2015-04-01,131.3429096997084,135.90006072593428,129.58559229861552,135.13059997558594,4826140
2015-04-06,136.01919467523268,139.3948474613678,134.26683120382933,138.75942993164062,11079010
2015-04-07,138.98780393241506,140.29834605101826,136.02912712384503,137.692138671875,15741490
2015-04-08,137.6921619049708,138.5013298040988,135.75115578761938,136.17808532714844,3017120
2015-04-09,136.9127498550143,143.39599952139602,135.61213073979476,142.0358123779297,16092230
2015-04-10,142.7705397511438,142.84996884960248,140.2784991293509,141.22171020507812,8832860
2015-04-13,141.177026295872,144.32433029252107,140.00049704334242,143.52508544921875,8131980
2015-04-15,143.65417859673582,146.47384363408096,142.02591982803133,143.3563232421875,25209020
2015-04-16,143.2669808536743,143.5995741548928,139.7920368316149,140.8245849609375,7282460
2015-04-17,140.2884374828708,141.11745124093528,136.25253636077352,137.66236877441406,5857060
2015-04-20,137.22055848324462,137.70208696442717,135.0462343135658,136.1085662841797,12147920
2015-04-21,136.1085691057308,136.9921969900839,133.68108073757682,134.33139038085938,9936670
2015-04-22,134.52498628138017,137.1063789380199,129.47142923349955,135.24977111816406,8498090
2015-04-23,135.91990897701268,137.78645465955984,133.87962826193962,136.768798828125,5056230
2015-04-24,136.61490445964566,137.95523049229837,132.6484950365331,135.84544372558594,8463600
2015-04-27,135.90006979801117,137.40917708674237,131.55142172629715,132.72793579101562,5945240
2015-04-28,132.2712370633641,135.27457477375026,130.3600152705956,133.2442169189453,9738080
2015-04-29,132.9413964705594,132.9413964705594,130.07208674560192,132.02798461914062,6131490
2015-04-30,131.05502654576097,133.00100178754684,128.8012729837431,132.33578491210938,21565340
2015-05-04,129.69979018917738,133.19956411713488,129.69979018917738,132.92156982421875,6377160
2015-05-05,133.82007688665826,141.92166302599122,133.24422729273223,141.30609130859375,33406860
2015-05-06,142.03083853629548,142.46273702561942,133.32363531138634,134.15264892578125,23519200
2015-05-07,134.23210196436267,134.23210196436267,128.27505588473517,129.8834686279297,14546420
2015-05-08,130.75714829240547,134.13281656585534,130.55858313503794,131.99819946289062,10870640
2015-05-11,132.53434303060504,134.1526634671692,131.45710394086998,132.9463653564453,7095060
2015-05-12,132.5938996702225,132.5938996702225,129.86358730960205,130.94081115722656,6853980
2015-05-13,131.26349198153383,134.15761631713443,130.16143806112436,133.18959045410156,9090850
2015-05-14,132.28613672727337,132.42513385754384,130.5585879800113,131.73013305664062,8461230
2015-05-15,132.44496142240823,134.21221689798827,131.84926601071822,133.49241638183594,7811260
2015-05-18,132.80238443481971,135.86033601993861,132.5442512719479,135.45823669433594,5241350
2015-05-19,135.4234925646954,138.35733923920623,135.234865519506,136.7439727783203,7842300
2015-05-20,137.16097240564642,138.60060391562308,136.9127621659333,137.48365783691406,5331100
2015-05-21,137.14609842319274,139.0970426774209,135.82066405266323,138.74954223632812,5419060
2015-05-22,138.34244997262527,139.32039888350457,136.81843552656332,137.73681640625,4437580
2015-05-25,137.5084765012309,138.4417494515934,134.82780887010628,136.5255584716797,6185290
2015-05-26,136.3121088966836,137.88576861236223,135.25473076416372,137.25035095214844,3805220
2015-05-27,136.50571559557417,137.31983734408,135.87029795666052,136.47096252441406,6515930
2015-05-28,136.51564975238415,137.5134598947948,135.46820967516027,135.83555603027344,15978050
2015-05-29,134.7384627102813,139.49416457334928,134.7384627102813,138.92823791503906,6561840
2015-06-01,138.9977240272994,139.9905649132087,137.70702784570742,138.2779083251953,5012310
2015-06-02,138.05946016075333,138.43674448524982,134.26681645754428,134.9568328857422,7370490
2015-06-03,135.40367953879849,135.40367953879849,132.64358238120113,133.63145446777344,8053990
2015-06-04,134.03851927395215,136.0192324460208,133.04070910778674,135.52281188964844,7259390
2015-06-05,134.73844613491963,135.62207393603742,134.04344538048204,134.66397094726562,5338380
2015-06-08,135.02637547910354,135.215017692304,133.24919676176202,134.31649780273438,3549190
2015-06-09,133.93423676283393,135.5078963187318,131.58617763515426,132.1421661376953,4917770
2015-06-10,132.14221562160682,133.63147758948287,131.55644288346906,132.50460815429688,4191520
2015-06-11,132.85205606527882,133.41798272529215,126.19009364966797,127.17300415039062,7871980
2015-06-12,126.30922095144383,131.02521524292732,125.51494519875769,130.17137145996094,7894810
2015-06-15,130.35504395368827,130.55360910348298,124.89938806415795,128.04669189453125,9796250
2015-06-16,125.79295668056378,128.64242076575607,125.31639722345628,127.99209594726562,6120440
2015-06-17,128.69703220658306,129.26791282966204,127.13331044786989,128.57789611816406,8358540
2015-06-18,129.01501736537367,130.58977132511248,128.11587264958922,129.89430236816406,10091120
2015-06-19,130.003586074705,132.93450058973778,125.43333570001668,131.95587158203125,4300720
2015-06-22,132.8301867741024,136.476445164735,131.97077666210794,134.91162109375,6227380
2015-06-23,135.06067427437753,137.56437789435935,133.89824424083642,137.1520538330078,7400000
2015-06-24,137.10733176077466,138.5976288451309,135.73625359193943,137.48487854003906,5890680
2015-06-25,136.61055939417858,140.50520043187876,136.03430939716017,139.7501220703125,13364180
2015-06-26,138.1008727235905,138.29957598326175,136.5062589776137,137.13714599609375,5051870
2015-06-29,134.92156983517248,137.05269897537787,133.34185851617778,135.95980834960938,5329910
2015-06-30,136.90862523869694,139.4421332534937,136.51120359632725,137.68357849121094,9396850
2015-07-01,137.06760461680503,142.07499642164728,136.80927673903741,139.9140625,9222040
2015-07-02,140.48533756832998,143.00394337158838,139.3576848574835,142.60653686523438,8388930
2015-07-03,143.36659466041655,145.14500932757232,140.91257070802436,141.9607391357422,16482870
2015-07-06,143.06854746028716,145.45301718725642,142.0750158807018,143.45602416992188,21559530
2015-07-07,144.05707915249644,144.95622384833035,141.19571905595657,141.63783264160156,11735120
2015-07-08,139.85941392648363,141.52853933604732,137.71338254839995,140.5052032470703,11708460
2015-07-09,141.28015503450473,143.0685144977436,139.31296720498463,140.12765502929688,3897800
2015-07-10,140.48531332086563,141.37950054595703,138.43864136222945,140.96221923828125,6924625
2015-07-13,141.65771555963258,142.63137213305498,139.69052753901968,142.0749969482422,4775500
2015-07-14,142.06507362890736,142.124683092868,139.88923723381933,141.22056579589844,5863765
2015-07-15,141.27022495692944,142.07498292410267,140.5846859004233,141.53848266601562,4469840
2015-07-16,141.86634273864297,147.63877293979198,141.51861584272618,147.29103088378906,11094165
2015-07-17,146.4465115022522,146.6452298956747,144.48925357570332,145.68150329589844,5789030
2015-07-20,146.08886266702027,147.0426595616423,144.08193998556342,146.3670654296875,4119160
2015-07-21,146.04910772135142,147.9964358280736,142.6711072122386,143.1976776123047,4841140
2015-07-22,142.88968959393222,145.79079938900304,142.57175227716988,144.78732299804688,3288990
2015-07-23,144.85686642587984,146.06897582346377,142.6909603108209,143.1380615234375,4614385
2015-07-24,143.06851947848506,145.05558224901955,142.59162865838078,144.00244140625,3748745
2015-07-27,142.96916918667893,143.96270063386945,141.69745014708204,142.0749969482422,3932575
2015-07-28,142.65124551298362,145.33377736028922,142.57176117883031,144.93637084960938,4228590
2015-07-29,145.4430586026156,146.5061444596443,143.2970271761529,144.25082397460938,4672395
2015-07-30,145.7510386070427,145.8404527855789,141.83652286133446,142.43264770507812,12005090
2015-07-31,138.5479606799759,140.82315623954557,135.87535859580862,138.18035888671875,24718095
2015-08-03,138.09093114243868,140.19721280428266,136.5410094643859,137.14706420898438,7285045
2015-08-04,137.90215948314327,138.89569086967876,135.15007329761593,137.27622985839844,7329755
2015-08-05,138.1008631503455,138.2200820658665,135.78593319343514,137.48487854003906,7395090
2015-08-06,137.9418989887874,141.08146192065365,137.2663048986849,140.4456024169922,5928790
2015-08-07,140.26674950974896,141.5782181760098,139.3626474977986,140.08792114257812,4386630
2015-08-10,140.68404617611603,142.3730464505293,139.4917964199792,140.54495239257812,4832340
2015-08-11,140.455546850234,141.27024997764704,139.07453863676744,140.02833557128906,3455910
2015-08-12,139.68058192860784,139.9389098062353,135.62697182208342,136.34231567382812,3933155
2015-08-13,136.7098871548191,138.10082464839618,135.73621574923348,137.25631713867188,2962430
2015-08-14,137.60407474744704,142.9691373017257,137.50471556085236,142.61146545410156,4112580
2015-08-17,142.83007491811063,144.0123797619711,140.18729279898997,143.02879333496094,3811935
2015-08-18,143.03871796513246,143.3864600218273,138.89569381464636,140.10780334472656,2369785
2015-08-19,140.02831792400528,142.81020887567266,138.5578956970143,141.558349609375,4726350
2015-08-20,141.66761472493954,142.07496616845793,137.70343481192342,138.58767700195312,4078760
2015-08-21,137.02786788759224,139.09441530562933,135.1202891540399,136.70994567871094,6153965
2015-08-24,133.53061281815098,134.077058114939,125.32404899031427,128.68218994140625,12484965
2015-08-25,130.74876056194208,131.2455263465086,123.57545383995019,127.06275177001953,8822655
2015-08-26,127.06272293242914,128.66230900210192,123.8536209372778,124.63850402832031,6370775
2015-08-27,124.1914149840415,130.21221235685425,124.1914149840415,129.23855590820312,9747585
2015-08-28,130.94742915875335,131.5435388462841,127.37071039323051,128.65237426757812,6085340
2015-08-31,127.5694187121473,130.92755951153262,126.67524656513339,129.4968719482422,2913180
2015-09-01,128.52322954268627,128.64244846598191,120.91277496385162,121.95598602294922,11287915
2015-09-02,122.79053853993018,122.9991867983398,119.4224677976435,120.95250701904297,8736275
2015-09-03,121.15122608026545,125.17502385962455,120.21730410212268,124.60871124267578,9177905
2015-09-04,123.95299981062914,123.95299981062914,118.13090425029044,120.47563934326172,8481030
2015-09-07,120.26699052744402,121.85663940377466,118.23024793024169,119.35293579101562,6181830
2015-09-08,120.01859258523147,124.09206968816478,119.33305351399098,123.27737426757812,7786650
2015-09-09,124.80742005079836,127.01305344199864,124.41000596570204,126.11888122558594,6330965
2015-09-10,123.95298045651639,127.13227792681667,121.65791775197663,126.23809814453125,5905800
2015-09-11,125.78107646154008,127.56942847243667,124.68819341376276,125.43334197998047,4756570
2015-09-14,125.56252639520999,129.02001985031904,125.25453401129397,128.31460571289062,4755230
2015-09-15,127.69859039082985,128.235105839678,126.20829328194122,127.1720199584961,3677950
2015-09-16,127.82774335822758,128.5629468330829,126.19834501865908,127.37071228027344,3808235
2015-09-18,127.76815620736758,132.73581367794816,126.09901541400701,130.6295166015625,14723015
2015-09-21,130.96733656103794,132.93452479066855,129.95393013240283,132.22911071777344,5114355
2015-09-22,133.11331629766948,133.13319116804053,126.88387852375656,127.70850372314453,5256665
2015-09-23,125.38368585130587,131.54357878661455,125.38368585130587,130.87791442871094,4600675
2015-09-24,130.74874898299035,131.49389759385065,127.56943611524986,130.0433349609375,9066070
2015-09-28,129.76513386911142,131.1262670055565,126.90376622968093,127.39059448242188,4238000
2015-09-29,125.39359089449312,130.55001345152334,123.99271563126798,129.45713806152344,7455745
2015-09-30,129.75519626563548,130.69904798623352,127.66877443266308,128.78152465820312,4614400
2015-10-01,128.364255638093,130.05325600962985,126.77460689193309,127.3409194946289,4805725
2015-10-05,129.13920708572337,131.14614475790327,126.66531602292953,129.76513671875,6383575
2015-10-06,130.94744024177731,131.5435499797611,127.56942441952559,130.3016357421875,5290870
2015-10-07,130.2022876977087,132.1396708167645,129.35777997807867,131.24549865722656,3885495
2015-10-08,131.84162349745085,131.8913031031418,129.0398726255108,129.8744354248047,7332765
2015-10-09,130.34138465447984,131.54354913912044,129.91415827624007,131.04678344726562,4604335
2015-10-12,131.37466901589127,133.07361459032924,130.41094222596183,131.5535125732422,3030865
2015-10-13,131.2653845444197,132.0900175564731,129.35780577295787,130.3612823486328,2282655
2015-10-14,130.35131730834362,131.64291116690404,129.35778590331037,129.72540283203125,3272410
2015-10-15,130.25197125919135,131.9409715897353,129.5862918871887,129.84461975097656,4245175
2015-10-16,129.45715809758022,131.54356516144844,128.19536884175594,131.00706481933594,4561480
2015-10-19,131.13622041917134,131.74227520488037,129.84462651322414,130.8182830810547,3275615
2015-10-20,130.94745356255817,131.5137586292551,128.56296888780085,129.96385192871094,4820130
2015-10-21,129.94398014579173,131.1461599490971,129.16902677708137,130.47056579589844,5580545
2015-10-23,131.94095977327893,132.73578784590583,131.19581129770702,132.1793975830078,4309160
2015-10-26,132.90470499483095,132.93450972522876,130.07313432634447,131.52369689941406,2892595
2015-10-27,131.44421345983875,132.3383856980341,130.60965068284483,131.23556518554688,3002590
2015-10-28,130.88783272935734,134.52414614935364,130.73879392258183,133.42132568359375,7530700
2015-10-29,133.72932317234188,134.12672964057623,131.3150341555673,131.9409637451172,9247245
2015-10-30,132.11980967183933,137.8624203137347,131.4740202850858,136.640380859375,22078050
2015-11-02,136.7099123964089,136.90861562359603,135.12025625874284,136.41184997558594,4664055
2015-11-03,136.72976783725971,137.10731456918435,134.2658145448979,135.73623657226562,5381815
2015-11-04,136.61057915815303,136.8986966183027,133.13321896140005,133.6995391845703,2186090
2015-11-05,133.51077441395347,133.51077441395347,128.7418199464463,129.2783203125,4656100
2015-11-06,128.86102719537575,132.2390432518993,128.59276945663163,130.45068359375,2845220
2015-11-09,127.78799987319499,131.88135942373117,126.10893701344065,131.166015625,5847510
2015-11-10,129.77504083432322,130.75864218254182,128.16552513731378,128.5331268310547,3263170
2015-11-13,129.83466404220718,133.89821861326627,128.56294518087574,133.0537109375,4441780
2015-11-16,132.33837429213386,137.00796865819117,132.33837429213386,134.94143676757812,5557965
2015-11-17,135.279243941546,135.31897852854124,133.62997811964118,134.553955078125,2358845
2015-11-18,133.3418483210357,135.69651275460032,132.66623912401147,133.6895751953125,3512805
2015-11-19,134.31551250170526,135.9150986634198,133.1431375654996,135.5375518798828,3177785
2015-11-20,135.1302149774038,137.63391862298042,134.83216765300347,135.5773162841797,5108935
2015-11-23,136.78940480590586,137.90217035541497,135.12027922177282,135.9349822998047,2940215
2015-11-24,135.73626234376167,136.17341860897295,134.18635570171207,134.6433868408203,2294225
2015-11-26,135.14015798626215,136.61058035176944,134.38506434877092,136.15354919433594,2337000
2015-11-27,136.15354659327195,139.68058635971855,135.71640547897087,138.8460235595703,6154565
2015-11-30,138.63735038875,138.63735038875,136.8490061838196,137.57427978515625,3403690
2015-12-01,137.80280387826855,138.2002255393103,136.4317408379117,136.8291473388672,2176670
2015-12-02,137.30603816592946,137.57429589210994,134.52414717910577,135.20968627929688,1948270
2015-12-03,134.32544345091458,135.81574056426072,133.31203716901507,134.08700561523438,2004905
2015-12-04,133.510746711025,134.19628576324425,131.34484050024417,132.0701141357422,6317890
2015-12-07,132.1297428115352,133.88828242726393,131.94096942496773,133.45114135742188,2258455
2015-12-08,132.73580486898166,134.72286772534315,132.5470314720135,133.92803955078125,3457820
2015-12-09,133.66969879568254,134.44466718226187,132.29863586577682,132.85501098632812,1485595
2015-12-10,133.0140024074359,135.22957341321145,132.13968983399792,134.7030029296875,3082470
2015-12-11,135.51766283530972,135.51766283530972,131.92108439170082,132.67616271972656,2864940
2015-12-14,131.92110903889852,134.6235158842152,131.74228064888317,133.9479217529297,4359430
2015-12-15,133.91811387176577,136.88877872862014,132.63646481478108,136.4317626953125,5283485
2015-12-16,137.08746351672556,138.49827633892264,135.9151036971863,138.0015106201172,5965905
2015-12-17,138.47839590174755,140.08791173858083,136.78938058250566,139.73023986816406,7209105
2015-12-18,138.8261441943295,140.2866366273866,137.71339383012852,139.58123779296875,5621265
2015-12-21,139.4918160546606,140.68406597861693,138.89570625276997,140.2667694091797,4170025
2015-12-22,140.2468968346551,140.2667565475025,137.96177157005542,138.73672485351562,3722030
2015-12-23,139.4321757209365,140.08791000191889,138.37903499334408,139.60107421875,2197800
2015-12-24,139.29311641502403,139.96872573353357,138.498288165049,139.3626708984375,2420515
2015-12-28,138.9056218280149,141.76699709516723,138.776457895513,140.68405151367188,5253100
2015-12-29,140.68407271914228,141.9756515984985,140.08794772860227,140.32640075683594,5459480
2015-12-30,140.6840591503757,141.18082487455064,139.98857500846137,140.91256713867188,2336465
2015-12-31,140.31642947162325,143.83353896924547,140.31642947162325,143.0784454345703,5821050
2016-01-01,143.06852250752738,145.02578059074975,141.32984254649838,144.50914001464844,3112190
2016-01-04,144.45947560875916,144.45947560875916,139.85943502253605,140.14755249023438,6112235
2016-01-05,140.70392347569197,141.6378454933643,140.08793880875373,140.63438415527344,3449210
2016-01-06,139.88922248944536,141.28016036887976,138.4982694499251,139.8097381591797,3008320
2016-01-07,138.59764119178055,139.69053188170048,136.938445442602,137.43521118164062,3163480
2016-01-08,137.9419144973329,139.88924297377915,137.81276570681476,138.12075805664062,2230145
2016-01-11,137.10734417273076,140.0382590052753,135.31898447759073,139.2633056640625,2888295
2016-01-12,139.07452698067925,139.23349564979074,136.02439333754702,137.50474548339844,4170100
2016-01-13,138.70691541502313,139.22355597315192,135.56735264190422,136.9384307861328,3366030
2016-01-14,135.51768574368438,137.29611555544324,133.72934123499527,135.9349822998047,4452225
2016-01-15,135.00103463432447,136.92848773538103,133.331894207398,134.24594116210938,5443705
2016-01-18,134.3254679550766,136.471499828203,131.76215463330155,132.61659240722656,11034040
2016-01-19,133.14315103736521,134.3254559495776,131.8515722136892,132.87490844726562,5526025
2016-01-20,131.14617420372332,139.09442718576716,129.67575164687025,131.67274475097656,3551885
2016-01-21,133.43127502995125,134.5539552449767,129.35779007394692,131.31504821777344,4253900
2016-01-22,133.33191915653592,136.90863848345293,131.9807157619325,135.72633361816406,5008920
2016-01-25,136.1138132039615,136.1138132039615,134.02739102512132,135.31898498535156,3534325
2016-01-27,135.12027221535297,135.59716304893593,132.40793570173656,134.04725646972656,3278810
2016-01-28,134.12675148245498,135.12028297491761,131.19583661170773,131.7919464111328,7343655
2016-01-29,132.04033459356143,136.312523214952,132.04033459356143,135.83563232421875,8227885
2016-02-01,135.74618188203326,137.3060180882162,135.0208931417527,136.65028381347656,2962850
2016-02-02,136.51121321952445,137.30604140020878,133.43127486449174,134.553955078125,3006535
2016-02-03,133.5306112102079,133.5306112102079,131.48393899605273,132.24896240234375,6035160
2016-02-04,133.212692149617,135.2792392842155,132.86495009501243,134.3751220703125,2412730
2016-02-05,134.5241511579483,138.55790154619697,134.216158836599,137.50474548339844,9341885
2016-02-08,138.05121553455814,138.05121553455814,133.1928465203028,133.7492218017578,2869680
2016-02-09,132.7258537418817,135.12026801198527,131.61310344477516,134.53408813476562,4489805
2016-02-10,134.52412113712728,135.11031607864797,131.37462898862918,132.6066131591797,4981775
2016-02-11,132.53707740872255,132.53707740872255,124.1914200456866,124.97631072998047,7927835
2016-02-12,125.18495510401888,126.57590056562768,121.94604065113779,123.59530639648438,6502565
2016-02-15,124.58882329713919,126.45665936376683,123.60522945812099,124.2410888671875,6381475
2016-02-16,125.16508976786176,125.18495706074769,122.2043628450156,123.24757385253906,3703345
2016-02-17,122.99920101218618,125.16509995510333,121.21084130517433,124.25104522705078,4779580
2016-02-18,125.1849527044766,126.72492936103292,124.02252282000244,126.28777313232422,4248325
2016-02-19,125.69165859973123,127.15215095965422,124.25103353244126,125.42340087890625,2934240
2016-02-22,125.97979216660066,127.60918315468233,125.6121827975658,127.21176147460938,2222910
2016-02-23,126.97332690882025,126.97332690882025,123.19790423101365,123.79402160644531,3176410
2016-02-24,123.26744605552715,125.17502461036977,122.50243017823539,122.94951629638672,3347355
2016-02-25,123.39658779728377,123.49594699403056,120.11793896578678,120.58489990234375,5119335
2016-02-26,122.00565908033039,123.47608130905273,120.53522927156502,122.3533935546875,2932180
2016-02-29,122.20437131381584,127.24158316432474,116.3922137063626,125.26445007324219,10496935
2016-03-01,123.19788817120626,127.41046657920728,123.19788817120626,126.86402130126953,9902315
2016-03-02,128.61264492482647,131.136223331898,127.50982439387995,130.4109344482422,6218455
2016-03-03,130.74872316796123,131.44419203543336,129.14913719273324,130.67916870117188,4612120
2016-03-04,130.7487276404858,133.10339201521757,128.1655401471299,132.26882934570312,3582405
2016-03-08,132.1297312802604,132.2986297797949,128.77159067987566,129.2683563232422,3317790
2016-03-09,129.14914874793132,131.9707742113221,128.70204750161804,131.1262664794922,4064310
2016-03-10,133.13322967333346,133.13322967333346,129.37768157147488,130.07315063476562,17833535
2016-03-11,130.55002348480718,130.96732002515446,127.27138190274565,127.69859313964844,21468120
2016-03-14,129.13919524862666,129.1789449906186,125.69164797497692,126.53614807128906,12830510
2016-03-15,126.75474023208993,127.7681465241091,125.5923102912825,127.07266998291016,10754985
2016-03-16,126.47655597257636,129.8247520907884,126.27784513556281,129.407470703125,10768580
2016-03-17,130.33144767007533,130.59970540503278,128.00658772734212,129.407470703125,28952985
2016-03-18,129.15908967468877,131.33492599559168,128.9206366668888,130.90769958496094,9695990
2016-03-21,131.1560892558316,132.13969090895088,129.67573700750327,131.88137817382812,5821815
2016-03-22,131.1560504566854,133.1033783118206,130.15258938546557,132.39796447753906,5897795
2016-03-23,132.33837971675428,134.28570793514706,130.17248853719678,131.13621520996094,16347850
2016-03-28,132.03037490314867,134.7029765470683,131.25542169577747,133.0537109375,14524240
2016-03-29,133.14314180899487,135.51768132621828,132.92456368104237,133.4312744140625,9831650
2016-03-30,134.136659578323,136.4118548165991,132.23902625724506,135.88528442382812,14137090
2016-03-31,134.5440518130826,138.0810219980942,134.5440518130826,135.2494659423828,19910660
2016-04-01,135.51768422338324,136.4416763585881,134.55395750046782,135.10040283203125,7351630
2016-04-04,135.41834638006387,136.96825309328295,133.97772873816598,136.5708465576172,10299785
2016-04-05,135.91508489898536,136.06410852998113,132.08998332919256,132.8848114013672,14462615
2016-04-06,132.93449730483186,133.9876381073885,132.00057541272758,132.7357940673828,8418790
2016-04-07,132.5370860368646,132.73580444994258,130.25197588733204,131.64291381835938,8097120
2016-04-08,130.76861097360427,133.21270513020818,130.76861097360427,132.20924377441406,5038705
2016-04-11,133.3120561840843,134.11682947455307,131.20577414801815,133.39154052734375,9954090
2016-04-12,133.10340707654314,135.52762619475618,133.08353220309104,134.5937042236328,5928440
2016-04-13,136.51119402147802,139.08445160006707,135.75611569406485,137.57427978515625,12188990
2016-04-18,137.3259111483252,137.3259111483252,130.6891135214163,135.7859344482422,8191005
2016-04-20,136.59071049230403,137.5047576806448,135.16002266356608,136.54103088378906,5438255
2016-04-21,136.90863023648123,137.0278491535014,135.7462003152763,136.45159912109375,10687120
2016-04-22,135.130189469392,135.86540810433303,133.71937681322265,134.34530639648438,9875030
2016-04-25,133.35178738927874,135.6865922725258,133.35178738927874,135.20968627929688,6058445
2016-04-26,135.11035135654197,140.08793861126838,134.89177321824224,139.2633056640625,10542295
2016-04-27,139.57129403505508,143.0287944008727,139.29310644149552,141.57823181152344,9645560
2016-04-28,142.0749995241485,142.75059364364535,138.79634265695844,139.3825225830078,7576220
2016-04-29,138.89570357036771,142.93936880007718,138.20023456821605,142.50221252441406,7450705
2016-05-02,141.9160178160913,144.01236962152177,141.49873645824408,142.71084594726562,6482800
2016-05-03,142.86979223771525,143.6546752298134,138.8956673641214,140.57473754882812,6790965
2016-05-04,140.29656351657306,143.18772811857028,140.0481806880798,141.60801696777344,10556840
2016-05-05,141.8564189825869,142.12467671846565,139.8991608165307,140.91256713867188,4879865
2016-05-06,140.296587597809,141.08147080013188,138.31945448600672,139.6805877685547,3336315
2016-05-09,139.6905350449923,142.2737078504368,139.67066017015622,141.84649658203125,9426675
2016-05-10,142.62145079623616,145.05559995524848,141.35966153810227,143.63485717773438,7884015
2016-05-11,142.6313449491573,146.44650134082298,141.876266650833,145.36355590820312,20587085
2016-05-12,146.1881890661631,147.78777500199988,143.2672047346278,144.40977478027344,13928815
2016-05-13,144.45947734110192,144.83702417096796,140.48535125017654,140.73373413085938,7147530
2016-05-16,140.7039118915472,143.06852147267026,139.69052077971105,142.7207794189453,12194845
2016-05-17,142.86980677286334,144.06204132421925,140.6840409020301,140.8628692626953,12358385
2016-05-18,140.6840409020301,141.80672098418185,139.1440643248232,140.8628692626953,5739560
2016-05-19,140.73372619388223,141.18082748196647,139.4222725410848,140.2965850830078,4820755
2016-05-20,141.0615831387221,141.2205518002542,139.1440748242812,139.5216064453125,3002500
2016-05-23,140.28664197454046,141.21063413438713,139.29311049432405,139.7203369140625,7189935
2016-05-24,139.67064609670533,139.680575953079,137.60409896452595,138.77645874023438,10344860
2016-05-25,139.88921928047023,142.1743444529095,139.19375035670666,141.62789916992188,14539060
2016-05-26,142.29355597482075,146.84393121122142,141.9458139509579,145.09530639648438,9680565
2016-05-27,145.9299010049462,147.9666283044037,145.67157313119478,147.54934692382812,6467605
2016-05-30,148.77142062397596,149.92390570704333,147.05260011716842,147.55931091308594,3645025
2016-05-31,147.69838787253812,149.0297163669958,146.94329427382317,148.34417724609375,5838425
2016-06-01,148.98002544347978,148.98002544347978,147.12212663849388,148.10572814941406,4591255
2016-06-02,148.8310407145629,149.02974400788884,146.3273367704053,148.29452514648438,8029905
2016-06-03,149.02971417588705,153.4906757445164,147.65863595424122,152.86474609375,12403875
2016-06-06,153.02370896109085,153.9973654786479,151.5234668594568,152.0599822998047,5788250
2016-06-07,153.00384231735157,154.7623972173818,151.1856779563181,153.41119384765625,9288805
2016-06-08,152.62631452015012,153.00386136695928,150.0232666650055,150.88763427734375,6138060
2016-06-09,151.39435180192865,151.39435180192865,149.04961659253482,149.57618713378906,6506980
2016-06-10,149.24829231684342,150.52001133179024,147.7083155715306,149.16880798339844,7553170
2016-06-13,148.23488418536002,150.51007961688364,148.03618093424407,150.2020721435547,8149210
2016-06-14,150.71870994256923,150.71870994256923,148.89061580990722,149.44699096679688,3317845
2016-06-15,150.4206378785875,152.62627865250803,149.62582493958755,152.1195831298828,4436055
2016-06-16,152.1891049941328,152.1891049941328,148.30440944581633,149.91392517089844,5395000
2016-06-17,150.22194756168594,151.18567425118525,148.78133003576093,149.248291015625,4071290
2016-06-20,147.40032296975744,150.38091724779778,147.04265104998916,149.4171905517578,4470035
2016-06-21,149.04960596337193,149.73514515198963,147.59904324367915,148.38394165039062,3514265
2016-06-22,148.43358448899275,149.21848278143136,145.73117787923653,146.91348266601562,13434650
2016-06-23,147.24131662609267,149.04955063557574,146.6750117414198,148.4832305908203,4938325
2016-06-24,145.0555826189937,146.6551687597573,141.23048071192426,145.83053588867188,10010940
2016-06-27,143.67457940481825,147.95669740394106,143.67457940481825,146.92343139648438,3874345
2016-06-28,146.7247230010248,148.59256705134806,146.58562919898506,147.69839477539062,3806320
2016-06-29,148.03615327705202,149.8245125231539,147.5691923861231,149.5860595703125,7386400
2016-06-30,150.99691019351627,152.31830888207136,149.87422992917308,151.6824493408203,16671825
2016-07-01,151.81160392494203,152.20901042869002,149.2085412971078,149.70530700683594,7826050
2016-07-04,150.1226156647355,150.27163932565153,147.28111496926513,147.82754516601562,5863470
2016-07-05,147.9268740127838,148.5130538388361,146.72469447453003,147.1221160888672,5626500
2016-07-07,147.24137019769478,149.32779248158423,146.87376838161532,148.21502685546875,4816065
2016-07-08,148.05606239139,148.5726878352484,146.56576520161784,147.7281951904297,3022315
2016-07-11,149.2185196998656,151.61293459490173,148.45349609089388,151.1260986328125,9358070
2016-07-12,152.01032318601688,152.3580652834841,150.60944009862658,151.7420654296875,7707845
2016-07-13,151.70230522200825,154.3451022682381,151.10618034418252,153.9973602294922,10092985
2016-07-14,154.89213027491388,155.88630310701234,153.97749308976813,155.13072204589844,7779395
2016-07-15,154.89213270770165,155.28979577883746,152.6353560958279,153.5301055908203,10296390
2016-07-18,154.09677859424477,155.65763711702851,152.97335851529527,154.45468139648438,11794690
2016-07-19,154.9915490808616,155.37927590516372,152.98333074466842,154.65353393554688,8044350
2016-07-20,154.69329508798077,155.95588363260936,154.69329508798077,155.5283966064453,6584740
2016-07-21,156.38338664150413,156.5822181702854,150.9154361657164,151.24351501464844,19245670
2016-07-22,151.51194863810824,152.08857075855568,149.77214600860955,151.1242218017578,7148085
2016-07-25,151.50198563075193,153.73887433102414,149.12591335147994,151.9891357421875,16965590
2016-07-26,152.20785473291144,152.30726290640604,148.40017126401725,149.46392822265625,8745100
2016-07-27,149.54345890123668,151.11425362110384,148.2311587975973,149.92124938964844,5383780
2016-07-28,150.31893112232518,151.12420869955415,148.26100122161495,149.19552612304688,17177630
2016-07-29,149.42418707595922,152.33710633628925,148.9867485810583,151.81019592285156,7287990
2016-08-01,152.30725906750206,152.9932406777757,148.72824634458638,149.7522430419922,8753250
2016-08-02,149.1855548232394,151.710762008332,149.10601918584806,151.13414001464844,7478715
2016-08-03,150.91543796846852,151.90961079412395,150.0803364356876,150.35870361328125,6721560
2016-08-04,151.06454668246502,151.37273780850754,149.3247443658887,150.39845275878906,6247560
2016-08-05,151.07451308881562,154.29562341682706,150.4382430710712,153.96754455566406,11826830
2016-08-08,154.4944599758063,155.4488726183889,152.69500948445855,153.40087890625,8299200
2016-08-09,153.65938077853428,153.67926848665945,151.13418796219224,152.0587615966797,4387675
2016-08-10,153.04296268036433,153.04296268036433,150.84583412592983,151.36280822753906,5469795
2016-08-11,151.31309174752536,152.89382280256797,150.94525267895978,152.03883361816406,5032730
2016-08-12,153.48040152286714,153.48040152286714,151.11426540752157,151.69088745117188,5640660
2016-08-16,152.40668011668654,154.27571450381888,151.5417395398433,153.65933227539062,9130715
2016-08-17,153.30145853336862,153.4207695971848,151.33300043395985,152.23770141601562,4074430
2016-08-18,152.4862307299501,156.2740267157708,152.47627929311315,155.96583557128906,8828800
2016-08-19,156.2740338266817,156.2740338266817,153.89796130513,154.84242248535156,4980850
2016-08-22,155.09095608051413,155.48861913072008,152.86400355769092,153.66929626464844,3063810
2016-08-23,153.7687359365366,155.09098784560538,153.31142485212246,154.76290893554688,2864930
2016-08-24,154.89212401948424,155.46874605919885,153.52016071223656,154.49444580078125,5708595
2016-08-25,154.69331406996616,155.8863185527162,153.51024585536715,155.24009704589844,7385560
2016-08-26,155.58804563409666,156.88047332829066,153.66929938161792,155.25003051757812,4269865
2016-08-29,155.23014014547863,156.86058292816574,154.12660773238792,155.36932373046875,3810195
2016-08-30,155.4687591546589,156.49275600302897,155.1307288478201,156.3137969970703,3995125
2016-08-31,158.0734847109548,162.04023988278055,157.70564560718205,160.4396209716797,16732220
2016-09-01,161.65248602584808,162.53729911623978,160.5588899950847,161.19515991210938,5809640
2016-09-02,161.45366222105758,162.19929184677653,160.71798403240066,161.7718048095703,4653795
2016-09-06,163.0244400078669,163.44199073405673,162.05015498009064,162.65660095214844,5139395
2016-09-07,162.8156801980364,163.64084542465483,159.55479469783523,159.88287353515625,5855265
2016-09-08,160.01209550141454,163.50165144100674,159.11734612554935,162.99461364746094,8621810
2016-09-09,162.9847119227455,164.11806845164006,160.77764681333903,162.81570434570312,5724665
2016-09-12,161.4437272880832,162.05017332880806,160.061827643792,161.712158203125,3707645
2016-09-14,161.83144828520545,163.04434032315046,159.7238067890461,160.25071716308594,10205775
2016-09-15,160.44958526314366,161.40399805000996,159.7238431962841,160.7776641845703,5913325
2016-09-16,161.23496380886343,163.03442961404272,160.00219904383792,160.37998962402344,21762045
2016-09-19,160.73785565563637,161.4934367141343,158.8887087574139,159.63433837890625,11289775
2016-09-20,159.46530918940564,159.72380382310504,157.37755543571564,157.6260986328125,7785335
2016-09-21,157.89452568905068,158.22258935174318,156.4132028092642,156.7611541748047,11589240
2016-09-22,158.86881931922758,159.44544137393933,157.2781367427901,158.10330200195312,10557490
2016-09-23,158.2126978664731,159.74371768191727,157.68578736590695,158.3021697998047,20953255
2016-09-26,157.5068045817109,157.92437054738784,155.95589729162342,156.63194274902344,5588885
2016-09-27,156.1348708794787,158.71971154767928,155.588072701823,155.97579956054688,7136570
2016-09-28,155.68746239008172,157.43720101019804,154.79269779205393,155.54827880859375,9776355
2016-09-29,156.58221378439782,158.958286135982,152.95348918369265,153.6195831298828,275291850
2016-09-30,153.50027300883318,155.54828170293945,152.32715639587346,154.49444580078125,12160390
2016-10-03,156.87053319362172,157.61616285900783,155.71730417359572,156.69158935546875,4913960
2016-10-04,157.2582413382413,158.39161285811852,155.54827813163357,157.4173126220703,5760785
2016-10-05,158.03371908181913,158.03371908181913,155.19038419291402,155.51844787597656,5037740
2016-10-06,155.48863802207575,157.0793207559083,154.5938884654667,155.68748474121094,6813165
2016-10-07,155.60792262040198,156.08512129143577,154.12659976609993,155.61785888671875,3702290
2016-10-10,156.06524693525074,156.18455799061658,154.89213027491388,155.13072204589844,3748000
2016-10-13,154.6933054573018,154.72312942996942,152.16809785902984,153.56988525390625,8820280
2016-10-14,154.29561127694404,155.87634234464343,153.22190286212768,155.4389190673828,5165400
2016-10-17,155.66754764584368,155.66754764584368,151.90957642859772,152.95346069335938,9600320
2016-10-18,154.07691305478644,155.27986894837144,153.0827401466541,154.48452758789062,8136765
2016-10-19,154.89210664036136,156.08511082286765,153.5897428562162,153.89793395996094,5289465
2016-10-20,155.4687590864091,155.6874783325547,153.21198241202023,153.56988525390625,8309335
2016-10-21,153.11257188006093,155.717315346891,152.89385261559715,155.3892364501953,8837230
2016-10-24,155.46875392436513,156.98983715940747,154.59387696883144,156.55239868164062,4699655
2016-10-25,157.06935589514336,157.67580187040923,155.20030629861137,156.393310546875,16337325
2016-10-26,155.6874661358494,163.24317029392589,155.30967561849005,161.354248046875,22158720
2016-10-27,161.4536830742471,161.4536830742471,159.26650559028604,160.37998962402344,5474240
2016-10-28,160.3700200284843,163.44201049463916,159.06765602198413,162.91510009765625,7209950
2016-11-01,163.02445957756967,163.02445957756967,159.86299719839482,160.1711883544922,5877560
2016-11-02,159.04774716399248,160.29046306138244,158.25240595568854,159.86297607421875,6343860
2016-11-03,159.80335486196805,161.2449025100336,158.47115166808135,160.2606658935547,3982285
2016-11-04,161.01623159310242,161.4536548776016,157.09918837697282,158.998046875,5471590
2016-11-07,160.5787936528627,160.64837785998674,159.06764676106812,159.43548583984375,4982960
2016-11-08,159.6243956884969,162.10982789632692,157.8746568753393,161.41390991210938,4831750
2016-11-09,154.85235824891208,164.91339784502387,151.51193685330213,163.46189880371094,21350670
2016-11-10,164.67478051689636,165.71866498156325,161.6723744401026,162.8952178955078,12885775
2016-11-11,161.65250517180408,164.13793719984614,160.5589090115163,162.16946411132812,11578190
2016-11-15,162.74607592791384,162.74607592791384,155.78686668702673,156.9898223876953,15099270
2016-11-16,158.44133449027547,158.44133449027547,152.48624836744392,153.2119903564453,23642440
2016-11-17,152.3271672166344,155.52840504770117,152.3271672166344,154.3453369140625,7943505
2016-11-18,155.27984859979378,156.0851261226738,153.76870172989527,154.94183349609375,6751805
2016-11-21,155.09096785480963,155.27986312745367,149.8616240152188,151.651123046875,10259105
2016-11-22,152.14819439509623,153.59969331737003,151.42245251889565,153.0230712890625,8502995
2016-11-23,153.50029292386262,153.8979711941601,152.10845690250855,152.3371124267578,6888175
2016-11-24,151.11428619307807,151.11428619307807,146.51126064744204,147.55514526367188,25374535
2016-11-25,148.52940899994093,151.04466494914737,148.12180968448052,149.55340576171875,7835965
2016-11-28,148.0124386469985,149.7224169301969,146.3819960013758,149.15573120117188,11504390
2016-11-29,148.72826257527325,149.62301206117803,147.67442662470668,148.21128845214844,5050065
2016-11-30,148.33059329797734,151.11428044542052,147.13758885475156,150.20957946777344,5668925
2016-12-01,150.1200927796609,150.4083962168777,147.37618131318695,148.12181091308594,5755035
2016-12-02,147.13758226602127,147.9329235825151,143.1608908534261,143.86676025390625,14225185
2016-12-05,144.35390070581866,145.52703260526187,143.75740607328137,145.10948181152344,4639780
2016-12-06,145.34802470001804,146.68021228471827,145.19890488451776,145.9445343017578,2480505
2016-12-07,146.25276709900422,147.03815696785878,144.0655898849818,146.01416015625,10661950
2016-12-08,146.36209974401527,149.40426564656764,146.36209974401527,148.8574676513672,4133075
2016-12-09,149.02649528988343,149.62300503238026,147.70425882745752,148.18145751953125,4055335
2016-12-12,148.3305894109542,148.43001276606532,144.8708720652994,145.11941528320312,1977205
2016-12-13,144.7515308195632,146.80946013065312,143.75735825945594,145.3380889892578,3430320
2016-12-14,145.20887839785996,145.4574216006962,143.85680276763594,144.7117919921875,4262975
2016-12-15,142.92227860118484,146.06386834126573,141.57020296430656,144.1053466796875,5216825
2016-12-16,144.15506555273905,144.5527286311418,142.6041583091446,142.98194885253906,18907690
2016-12-19,142.96204593287527,143.54860422055063,142.2462403320309,143.09127807617188,5084970
2016-12-20,143.35971983743906,143.75739807354188,142.54450600070703,142.8328094482422,4583755
2016-12-21,142.58427765710647,144.45332759177379,142.58427765710647,143.1211395263672,5372810
2016-12-22,142.86261555515205,142.96203889421355,141.4707798275212,141.79885864257812,4205060
2016-12-23,140.19825613387667,141.96788255010978,139.9994246027027,141.5205078125,5108450
2016-12-26,141.55032469019395,141.96787543569667,140.02924155662245,141.38131713867188,2428280
2016-12-27,140.60584858519422,142.3655386482441,140.2976574514696,141.6000213623047,6685225
2016-12-28,141.57017825193142,142.94214135321022,140.99357146865404,141.77896118164062,6059835
2016-12-29,141.1725415360344,142.16671436375296,140.84446268250247,141.84857177734375,6515615
2016-12-30,141.98777333082973,143.7076881090687,141.98777333082973,143.1012420654297,4951835
2017-01-02,143.16085544422063,143.3596869316969,140.82454374923148,142.12692260742188,6032775
2017-01-03,142.15677781418074,142.65386422705237,140.60585546332757,141.5205078125,6909880
2017-01-04,141.7690430751204,141.7690430751204,137.69292865002268,138.30931091308594,21293040
2017-01-05,139.75087153768993,139.75087153768993,138.42861995234344,138.97540283203125,10901015
2017-01-06,138.7865254589683,142.86262473457464,137.8619368898777,142.5345458984375,18323435
2017-01-09,142.76320924960783,144.00592515474065,140.59590482272282,141.02340698242188,7701630
2017-01-10,141.39125649175202,142.30589364518184,141.17253726268478,141.69944763183594,4335025
2017-01-11,142.16672437941514,145.90480901383094,140.77488839050355,144.8311004638672,17887590
2017-01-12,145.63637224686002,145.63637224686002,143.76732261431036,144.74160766601562,5533925
2017-01-13,145.44750348083582,146.26271739951665,144.0357797329738,144.70187377929688,5030255
2017-01-16,144.37378731196134,146.3820207835911,143.75740497873684,145.38784790039062,3709690
2017-01-17,145.7059419957279,146.14338039142578,144.0158515149713,144.35386657714844,3406665
2017-01-18,144.17493096008712,147.48552791185153,144.17493096008712,145.36793518066406,5629255
2017-01-19,145.34807043912735,146.54107484816024,144.5527291098141,144.7913360595703,4576810
2017-01-20,145.69603170754056,145.77556735456398,142.7632248842173,143.767333984375,5575240
2017-01-23,143.65797235009606,147.1176895127622,143.55854900024354,145.69602966308594,7285995
2017-01-24,146.64049996936336,148.1317592910857,145.96446969172223,147.80368041992188,6033395
2017-01-25,148.6288192907023,159.2465764909345,148.14166920444856,158.11322021484375,43862620
2017-01-27,158.6700122983878,159.48522624657477,155.18045546016342,156.0950927734375,18546835
2017-01-30,156.283945490629,157.07928668503388,153.32131509058925,154.216064453125,10917390
2017-01-31,154.49446608764296,155.1506238572591,151.72073030862921,153.92779541015625,7003400
2017-02-01,154.59388170781398,155.67752649830797,146.96857759444367,154.50440979003906,24759335
2017-02-02,154.8921379938428,155.18044145477438,151.99909126749392,153.18215942382812,10114765
2017-02-03,153.0032076986561,154.53424250438113,151.11428520158628,152.16810607910156,7812880
2017-02-06,153.10262993704032,153.84825962829214,152.1681049634914,152.44647216796875,9837780
2017-02-07,152.90379695478728,156.07521097239243,152.80437359560148,153.7687225341797,14980555
2017-02-08,153.9774722035628,154.33537498136562,151.51191299208935,152.62539672851562,13038340
2017-02-09,153.08273169616862,154.99154175402748,152.1084465475464,153.03302001953125,6531395
2017-02-10,153.3213310124634,156.3436096612089,153.3213310124634,154.8722381591797,9356480
2017-02-13,155.0512030337972,158.2723133315113,154.9915399206138,157.7056427001953,9023340
2017-02-14,157.85478280204137,158.34193301799985,156.27405142212345,157.13897705078125,6694845
2017-02-15,157.3179321452323,158.07349812163977,155.43894588756254,155.9459686279297,6803720
2017-02-16,156.08512632929563,158.7693897990733,155.14066522306106,157.57638549804688,11281025
2017-02-17,160.06182539367052,161.25482975393436,157.0991946122094,158.37173461914062,21295865
2017-02-20,159.44544321836773,160.06182551817759,158.0734798595667,158.48109436035156,4237005
2017-02-21,158.89864391343397,159.186947356984,157.29802506369458,158.6501007080078,3160670
2017-02-22,159.02789773214693,159.95247121256904,157.82494189398992,158.24249267578125,5532555
2017-02-23,158.7693775564775,161.93085463878464,157.57637334744277,161.244873046875,22877735
2017-02-27,160.55891970064943,161.55309257805285,158.18284713045028,159.16708374023438,11908390
2017-02-28,159.44545399228392,160.74781805949655,158.82905648094984,159.48521423339844,4860945
2017-03-01,159.4852159337246,164.47596817484163,159.47527966580867,163.86952209472656,14842915
2017-03-02,164.53560038330664,164.77420731933708,161.6027936219293,162.27882385253906,22276865
2017-03-03,162.24900118627292,162.44783271629365,159.6641609562567,160.95657348632812,6585175
2017-03-06,161.63260029286602,163.4817621320315,161.2746975120639,162.83554077148438,7197870
2017-03-07,163.04433995089173,163.24317147783282,161.85133561937204,162.4478302001953,4748770
2017-03-08,163.65080710938113,166.81226975480922,162.8852897033993,164.01864624023438,19075645
2017-03-09,164.2373198040775,164.59522256717798,163.04431565036606,164.12796020507812,7987745
2017-03-10,166.03679313479412,166.80231043498344,164.26716677218621,164.81396484375,6763985
2017-03-14,167.6175354360775,169.29767467815398,165.4303432016629,166.25550842285156,15581710
2017-03-15,166.42453157935898,168.70119593597192,166.05669247356633,167.84620666503906,8591550
2017-03-16,168.85031176668247,170.27198681842148,168.85031176668247,169.28775024414062,6308725
2017-03-17,169.59594766223998,169.89420255969395,167.5280662550665,168.6614227294922,23232470
2017-03-20,170.00353160802123,171.3953673193196,168.6116958967229,169.9239959716797,7961440
2017-03-21,170.0035631947826,171.27610327294306,169.19828558577666,170.90826416015625,7291645
2017-03-22,169.60589103699823,171.9720120592705,168.71112638717176,171.43516540527344,46771635
2017-03-23,171.6240523150536,173.68198208670722,171.4053330892912,172.61822509765625,8050770
2017-03-24,173.18490227771866,176.24695638490033,171.77317869315166,174.8451690673828,11400145
2017-03-27,174.8451798577397,174.97442718672605,170.73925617165662,173.21473693847656,9996530
2017-03-28,174.47731563376527,174.96446573685967,170.20236982357895,170.8883514404297,15245650
2017-03-29,171.8129507465349,171.94218289514833,169.51639883358266,170.52052307128906,12418935
2017-03-30,171.49480290208888,173.37378883143862,170.8684692023481,172.02171325683594,17671925
2017-03-31,171.9918812816543,174.97439945416852,171.40532301516242,173.42349243164062,12932155
2017-04-03,174.37789620263962,174.93464569146437,173.1848919234744,174.16912841796875,6827130
2017-04-05,174.97441595714199,178.27507699423634,174.49721725209614,176.9329376220703,10031640
2017-04-06,175.96855402943964,178.45398558352778,175.7100746089678,177.82765197753906,9941750
2017-04-07,176.96277194410015,177.59904197800307,172.98608043973837,173.6024627685547,8063385
2017-04-10,174.51709397621724,174.9545324537925,172.4889880536735,174.447509765625,4727575
2017-04-11,173.5229150840665,176.76392814407285,173.20478767411464,175.18319702148438,7002720
2017-04-12,175.1732452071177,175.66039534272227,173.7018737032814,174.85511779785156,5444935
2017-04-13,174.7755918159278,175.7697646758934,173.48316406399775,174.875,4689340
2017-04-17,175.96860628001613,176.91306751703559,173.98026044634364,176.48558044433594,6164030
2017-04-18,176.96274157333318,177.4995881595425,174.29836600421686,175.30247497558594,6331485
2017-04-19,174.79546616575826,175.29255255776206,172.42933008546083,174.0995330810547,4491320
2017-04-20,174.29839377980664,177.251073229294,174.19897042546742,176.79376220703125,4990375
2017-04-21,176.96278053124814,178.45403991774742,174.6761797713076,175.05397033691406,6303725
2017-04-24,174.57673237236432,178.6428950788905,174.2387021249049,178.1060333251953,15641625
2017-04-25,178.7522830759042,179.74645593486932,175.98848374157106,178.55345153808594,12482915
2017-04-26,178.8914436086048,183.12661398068903,178.06627842165028,179.02069091796875,18056605
2017-04-27,180.53183733673174,182.79855013508475,176.9627605815036,182.26170349121094,35302185
2017-04-28,182.43071478617182,182.90791349826588,179.14994140454388,179.33883666992188,6183310
2017-05-02,179.35871279194504,182.90790168688108,179.14992983583232,182.51023864746094,12852815
2017-05-03,182.9377476927568,183.32547451235183,181.69503158253244,182.3213653564453,5062760
2017-05-04,182.38097716187144,182.53011216747035,179.04055631273238,180.03472900390625,7517130
2017-05-05,180.73067258242494,181.337118617169,179.00082156223993,180.6014404296875,10979005
2017-05-08,180.4423911136957,180.93947759059293,178.95113168300398,180.41256713867188,5339955
2017-05-09,180.93944405071264,181.2078749460445,180.0248069231487,180.3131103515625,2916860
2017-05-10,181.13830071305995,184.846561410481,181.13830071305995,184.4488983154297,9703005
2017-05-11,185.52261977923214,187.00394297559416,185.02553329090773,186.26824951171875,11000005
2017-05-12,186.9045092108969,191.27886399681898,186.41735901828798,189.8174285888672,21542525
2017-05-15,189.8870194316356,195.14618727413364,189.7677235408027,193.52569580078125,20779135
2017-05-16,193.56543630580165,193.86369117234904,190.30455081659503,190.85134887695312,11986620
2017-05-17,191.35839201396783,191.35839201396783,188.01797052480197,189.13145446777344,5935155
2017-05-18,188.48520616130097,189.46944263518793,185.9301901074892,187.47116088867188,29135705
2017-05-19,187.89867731116487,188.395763759078,186.05945138593646,186.37759399414062,6210640
2017-05-22,187.4015888756173,189.6881895457403,186.37759201736702,187.15304565429688,6930165
2017-05-23,187.10331296332993,188.1173734399976,185.96995660818578,186.95419311523438,6853250
2017-05-24,186.62613000780982,187.58052745580022,185.4132379081718,186.12904357910156,5071745
2017-05-25,186.10915740002565,191.37827662150156,186.10915740002565,190.18527221679688,20721450
2017-05-26,190.8811601897779,192.78003370535166,189.38990112579523,191.88526916503906,8166890
2017-05-29,191.96484028374547,192.9888371500263,190.284685667263,192.58123779296875,5551995
2017-05-30,192.2631091223704,192.32275707309893,189.9963959754325,191.26893615722656,3162900
2017-05-31,191.46775470964775,193.12802162826898,191.3782827896329,192.0841522216797,6755665
2017-06-01,191.54727990474836,192.47186853738316,190.6624666809762,191.40809631347656,3786725
2017-06-02,191.97477576141006,193.36661162805862,191.57709753531532,191.92506408691406,2249620
2017-06-05,192.05427578652294,192.67067317886654,190.7717996723763,192.2729949951172,4172920
2017-06-06,192.86952266863338,192.86952266863338,190.90106477762106,192.15371704101562,8500360
2017-06-07,192.86953565723022,192.86953565723022,191.67653125415,192.60110473632812,3319780
2017-06-08,192.85958507244447,195.51402460244967,192.05429236952057,194.62921142578125,7549470
2017-06-09,194.60934441654342,196.2497236272005,193.97307436981814,195.8719482421875,6917105
2017-06-12,196.0210439284872,196.84620915086796,193.2870688013918,194.2017059326172,5963705
2017-06-13,193.50578883976777,194.8578644242,193.11806206326963,193.70462036132812,4502130
2017-06-14,192.86953833907677,193.29702539509282,191.4777023777754,192.4818115234375,4776295
2017-06-15,191.3782598798715,192.81980737486225,190.92093372697303,191.3981475830078,5790430
2017-06-16,192.2630938862053,196.86611920440805,191.3484566511398,195.38479614257812,20987425
2017-06-19,196.10059035005753,197.20412279608473,195.85204714302324,196.35906982421875,4589665
2017-06-20,196.84622460803942,196.84622460803942,194.93741455343724,195.46432495117188,3288840
2017-06-21,195.44443362033346,197.84039378889833,194.6888677283243,197.23394775390625,5471275
2017-06-22,196.84621261613916,199.67961113841156,196.84621261613916,198.41700744628906,8725330
2017-06-23,198.63571106419113,199.75911591421465,195.4046497473833,195.89178466796875,7278480
2017-06-27,195.8520219128581,197.42281659934582,192.16363452087248,193.81396484375,7889085
2017-06-28,195.60351323333452,195.60351323333452,192.44205077112827,193.30697631835938,6668830
2017-06-29,193.60522181585407,194.25142808553719,187.898664326991,188.56475830078125,13991430
2017-06-30,188.09748370009854,191.15953763010768,186.10913817436835,190.03611755371094,9607990
2017-07-03,189.50920705738605,189.97646946916345,186.94423951078005,188.66416931152344,6688170
2017-07-04,189.3899409676775,191.1595675489561,187.55071500056636,190.64259338378906,7190025
2017-07-05,191.02035642835966,191.53733051905027,189.70805625337294,190.85134887695312,6196350
2017-07-06,191.23908078575323,191.44786374890236,189.69810990878952,190.50338745117188,4020510
2017-07-07,190.2846545865199,192.37242338892213,189.70804775220583,191.81568908691406,6117550
2017-07-10,191.08001175191757,193.4262601989555,190.8811802231598,192.47186279296875,1770385
2017-07-11,192.84963043275468,193.05841339001677,189.93671148677868,190.63262939453125,6674495
2017-07-12,191.0007243797613,191.59760771519754,189.25983236067492,190.33421325683594,8322240
2017-07-13,191.00072106938086,192.55259949936982,190.36405260632452,191.4185333251953,13936220
2017-07-14,192.7813692197478,195.66628461823254,191.74678881505167,194.42279052734375,18855700
2017-07-17,195.5767650844333,196.9694724542805,194.26362798197295,194.92019653320312,12766270
2017-07-18,195.33803372878887,196.37261431023555,193.25891489666964,194.40292358398438,5482015
2017-07-19,195.47729714074967,198.5611689689179,194.1940177468415,197.80511474609375,24951875
2017-07-20,199.34702430186408,202.22198203585955,194.08456398258983,194.97987365722656,53447685
2017-07-21,195.9547818103158,199.45646565711382,193.0698813962511,198.84963989257812,10520095
2017-07-24,199.87427137250367,200.63031034167193,196.48201573069056,197.556396484375,11131900
2017-07-25,198.9590600480738,198.9590600480738,195.59664707586242,196.5615997314453,6503275
2017-07-26,198.06374255490954,198.06374255490954,195.49716895977096,196.28305053710938,9083305
2017-07-27,197.6658358359642,199.95386820956006,195.47728907054005,198.59100341796875,12824215
2017-07-28,198.30248279983962,202.44083471018283,197.9642560556579,201.48582458496094,6524320
2017-07-31,202.54034415477537,205.26607376388392,201.51570613422578,203.26654052734375,12323035
2017-08-01,203.73407731144624,203.73407731144624,201.14760349987108,202.0031280517578,10319740
2017-08-02,202.1026264341173,203.5848617870424,199.99364997551749,201.12771606445312,5595360
2017-08-03,200.92875747851514,200.92875747851514,197.7653155998579,198.24281311035156,5760575
2017-08-04,198.76013172312494,198.87950231839037,196.68101289892564,198.2030487060547,5936375
2017-08-07,198.98891464173988,199.34704157850632,197.82500589209215,198.541259765625,3096200
2017-08-08,198.95907463482297,198.95907463482297,194.99979329981437,196.51187133789062,6113210
2017-08-09,196.77050695339622,198.89936821873653,194.84060170568776,197.44696044921875,5656995
2017-08-10,197.94437586108924,199.45646905376603,195.5867157226908,198.32240295410156,12475820
2017-08-11,196.75061224832498,198.4517188818504,193.6965985856754,197.4071807861328,7108715
2017-08-14,197.46689839806788,198.95909158495505,195.029652562027,195.49720764160156,13331735
2017-08-16,196.9694779230997,199.95386395223758,192.5028413682493,199.06849670410156,15736385
2017-08-17,199.55595308440903,199.55595308440903,195.37780047504287,196.77052307128906,5380385
2017-08-18,195.5767596553066,196.00451434296684,194.18403714474894,195.68618774414062,4780900
2017-08-21,196.65113967655157,197.30770825786155,192.49290235366678,192.90077209472656,4226245
2017-08-22,193.96519941798337,194.4725547778266,192.25415014583623,193.14947509765625,6030490
2017-08-23,194.5819589304827,195.77571020662526,191.79652916656937,194.99977111816406,11772595
2017-08-24,195.95476979890947,195.95476979890947,192.20440252638542,193.40809631347656,6683200
2017-08-28,194.9798971851088,195.56682282440218,193.4877040944064,194.1940155029297,3109530
2017-08-29,193.98509040405094,194.16414627832526,191.39861646024806,191.87612915039062,6573825
2017-08-30,192.99028164313597,194.2536758814361,192.18449990621195,193.25888061523438,4986645
2017-08-31,193.88557939869517,195.15891604685027,191.70699065023697,194.18402099609375,12623030
2017-09-01,194.78091991763293,198.58103001459634,193.48768301073574,197.476806640625,9741665
2017-09-04,198.56116422338417,198.6805348117674,193.62697245211487,194.60186767578125,3515510
2017-09-05,194.60186230498775,197.16843614000268,194.15420743153254,196.65113830566406,4257605
2017-09-06,196.37259218155134,200.54078704531332,194.9898272792425,198.1930694580078,8690700
2017-09-07,198.76011347356982,199.89417956258598,196.61135187984266,197.66583251953125,7573850
2017-09-08,198.16323725223643,201.10783826475895,197.27786996856588,200.46121215820312,10382690
2017-09-11,200.94867308799152,201.94346849931821,199.17793847017987,200.2523193359375,6619590
2017-09-12,201.34655977864196,203.8435056608531,200.38160713704482,203.2864227294922,8247545
2017-09-13,203.33616329385546,203.9529467322997,202.06282646129736,202.9680938720703,5553885
2017-09-14,203.29636053347048,204.22151284186958,199.43655005601875,200.4711456298828,7420430
2017-09-15,200.53084678315983,201.286885778209,198.46167065108747,199.96380615234375,26642480
2017-09-18,200.4512556675662,203.92309677620858,200.4512556675662,202.351318359375,4696890
2017-09-19,202.93826175930664,207.99182421679848,202.06283694922,205.79331970214844,9883090
2017-09-20,205.82315268997164,206.310607878051,202.98799503843173,203.57492065429688,9855460
2017-09-21,203.33616278832693,206.32054882834763,202.93825072140646,204.75872802734375,4619805
2017-09-22,203.88329435043656,205.12678847940893,202.73928582353065,203.31626892089844,9229780
2017-09-25,203.1372273419249,203.2764980973988,197.96429405084297,198.85960388183594,9283005
2017-09-26,199.15802725097922,200.45126424975535,197.04906595349266,197.76531982421875,6688165
2017-09-27,198.46166817227012,199.96380365476446,194.3830012508656,194.90029907226562,10204425
2017-09-28,195.47726444258973,201.8638480547621,192.59236432154663,200.0035858154297,29040390
2017-09-29,201.74449814503095,201.94345417731148,198.64072635984002,199.40672302246094,8302165
2017-10-03,200.17270961571128,200.94864872813358,197.99410550030584,200.26223754882812,10665535
2017-10-04,200.67011054269548,206.3603409130939,200.67011054269548,204.8184051513672,11278920
2017-10-05,204.7289005203906,206.3703068920302,202.98800853497804,205.4849395751953,6984945
2017-10-06,205.3257543612924,207.5441589230262,204.65924329769044,206.8179473876953,5329765
2017-10-09,206.3404481510627,209.66306095246637,205.94253608575139,208.89707946777344,7730920
2017-10-10,209.49394520903996,211.09556629986488,207.79285369269235,210.03114318847656,8013085
2017-10-11,210.25003057848858,210.32960085896673,206.55933267212123,207.68345642089844,6646800
2017-10-12,207.57399789864053,211.39400833563275,206.51951727399526,210.4191131591797,5883605
2017-10-13,210.49870471493134,216.62663260980858,209.40442374475367,215.34335327148438,8775575
2017-10-16,215.34334155920823,218.59632646692614,214.45797434217226,215.37318420410156,12871020
2017-10-17,215.3732140136401,216.3680094594306,213.30403766487103,214.59727478027344,8393690
2017-10-18,214.6768324963796,221.84929823323554,214.37839086533307,218.0392303466797,13769970
2017-10-19,217.66123133475145,217.66123133475145,213.00558108115428,214.4281463623047,1389580
2017-10-23,214.87579916210697,215.44283980710586,210.50864811038537,211.2050018310547,9697690
2017-10-24,212.97575332110844,214.15956233015928,210.6976784294415,212.03070068359375,6527360
2017-10-25,213.18464804046135,213.88100175448517,198.6606297565473,201.05809020996094,41250615
2017-10-26,203.2167885334931,204.04247047784284,196.00452240038237,202.71939086914062,18399545
2017-10-27,203.6345857245672,207.91220835824254,203.52515763930907,204.72886657714844,13202490
2017-10-30,204.52992849944022,205.72367987462232,203.0377354856195,204.708984375,7818575
2017-10-31,205.12678673468562,205.92262600633322,203.34610983606643,203.94297790527344,4869915
2017-11-01,205.325746552194,206.32054186529453,202.45078870450845,203.8037109375,8287185
2017-11-02,203.53515089891454,205.60431203393233,202.44086985497603,202.84873962402344,6437875
2017-11-03,204.41054080332128,204.41054080332128,200.6800583040474,202.04293823242188,14712095
2017-11-06,201.94346397561918,202.73930332272775,198.85959219783837,200.89892578125,13967505
2017-11-07,201.14761208003924,204.11209790422367,200.51094367794514,201.605224609375,9254445
2017-11-08,201.60523046176687,203.13720863086837,200.35177859858408,201.22720336914062,7256175
2017-11-09,201.22722305060705,201.94347699123128,199.47638851762224,200.02352905273438,8242040
2017-11-10,199.17794379220982,200.69997959785854,196.96949670570504,197.6459503173828,9269145
2017-11-13,196.9694767464157,198.76011138907575,195.48722622955808,197.9045867919922,10662040
2017-11-14,197.76531577004576,199.59573554465678,197.46687413346584,198.79989624023438,6867825
2017-11-15,198.5611413859788,201.8240686477347,198.53129874231533,201.24708557128906,6669770
2017-11-16,200.94864254219863,204.2215122690369,200.5606729979306,202.43089294433594,6535720
2017-11-17,204.43044526599124,204.92784294303746,201.814128627329,203.57492065429688,9213165
2017-11-20,203.5749144803881,207.2954544564333,202.31152016878198,207.02685546875,6242135
2017-11-21,207.37505627054398,208.9070345113698,204.3807123944155,204.89801025390625,12199665
2017-11-22,205.4252262835671,205.98230921428075,202.75918220676,204.18173217773438,7727380
2017-11-23,205.2660844973957,205.2660844973957,202.21207043374852,203.3560791015625,6169625
2017-11-24,203.93305918309983,206.2210916634678,203.12727732917367,204.99749755859375,5882820
2017-11-27,204.90795629319123,207.25567409078494,203.63461937036482,206.2111358642578,4854085
2017-11-28,206.1216043486769,206.91744370649963,204.15191370207992,204.89801025390625,3673385
2017-11-29,204.70897246425773,205.49486923959202,203.33615011401955,204.18173217773438,7073210
2017-11-30,202.75917769487745,203.01781899856158,198.19305590354466,199.01873779296875,14002640
2017-12-01,199.55594890825472,201.2968407326011,199.1878643148485,199.98370361328125,14397975
2017-12-04,200.15282968317757,201.14762507442535,197.46688516268318,198.55120849609375,11121745
2017-12-05,198.66063073838697,199.98371039125755,197.99411966742917,198.92922973632812,9118205
2017-12-06,198.95906251364232,201.05808123033611,198.222908517768,198.88941955566406,8877305
2017-12-07,199.55596153912123,200.15282966619543,197.7951694465376,199.2774200439453,5137600
2017-12-08,200.3119824629778,201.34656289733414,199.5559434986163,200.74969482421875,9422800
2017-12-11,200.7496931205587,201.22719061087307,199.3669282707578,200.65020751953125,5423855
2017-12-12,199.95386039047034,200.33188747149316,198.50145253657107,199.0386505126953,9131050
2017-12-13,200.15281897942089,204.33095636334883,197.5763026969254,201.92355346679688,14278380
2017-12-14,202.3413676526645,204.3409160163619,200.53084801310413,203.8634033203125,7305950
2017-12-15,205.42523615682646,206.3205458843083,203.0377334306267,204.94773864746094,47593060
2017-12-18,204.70898675078732,206.51952158133432,198.87948536863087,203.57492065429688,9946515
2017-12-19,203.9131443347616,204.57965539035635,201.44605614430495,203.20684814453125,5162930
2017-12-20,203.20683130795874,203.3560445246945,200.62035756915148,201.48582458496094,9901635
2017-12-21,200.95860460251217,201.94345747051392,200.31199369221272,201.05809020996094,10774280
2017-12-22,201.74451504957491,201.84398548436386,200.1926366166308,200.9586181640625,5060680
2017-12-26,200.92875959191858,203.07752118079935,200.36173413837557,202.19215393066406,8160215
2017-12-27,202.28166532436106,203.33614587542687,200.97848595731287,201.75442504882812,2804730
2017-12-28,201.54555051666523,201.88377730358252,199.47637430004954,199.9041290283203,5178750
2017-12-29,199.60568414491533,201.3465760356662,199.45647091174288,200.9884490966797,5952110
2018-01-01,201.3167298045579,201.3863727650468,198.32240127035502,198.94912719726562,6587075
2018-01-02,199.15802127034843,200.15281659655335,197.4668722516745,199.59573364257812,5361035
2018-01-03,199.47638636868191,200.33191105635694,198.58106136285988,198.97898864746094,4420105
2018-01-04,199.15802109433534,199.53604817535816,198.1831259257403,199.0386505126953,3919750
2018-01-05,199.45647461048102,200.29209909048788,198.28262334276272,199.56590270996094,10737010
2018-01-08,200.7198546917978,201.5654216008042,199.6952167330553,200.17271423339844,8902060
2018-01-09,200.94866858657673,203.06758762263652,198.16323846138323,200.89892578125,6210530
2018-01-10,200.4711613231888,200.8392307418764,198.9789683120264,199.40672302246094,3384405
2018-01-11,199.69521563522068,203.13719890118892,199.1679753362176,202.47068786621094,10388690
2018-01-12,203.43565345408751,204.1121070205499,202.1623165930279,203.60476684570312,11603980
2018-01-15,203.93304016844846,207.19596759679388,203.00788780890474,206.58914184570312,17556860
2018-01-16,207.62375416083626,207.71328210359175,204.43045425486528,205.574462890625,5790935
2018-01-17,204.53987414240132,205.75352569337375,203.29637994504208,204.35086059570312,8017325
2018-01-18,205.52473358426408,209.06620274290492,205.20639177346027,208.21067810058594,18241070
2018-01-19,209.44419134765647,211.67253823704033,207.52424374541377,211.0060272216797,21521570
2018-01-22,211.09556079206004,214.51765907169306,207.71326282509537,213.70193481445312,15949650
2018-01-23,214.2689769290836,215.6218992570873,212.93595475896356,213.9705352783203,12292315
2018-01-24,213.1348989378959,215.6716300591455,213.07521364693955,214.89569091796875,5840000
2018-01-25,214.07996165106778,218.45707040842447,208.92692889498102,217.33294677734375,20306595
2018-01-29,217.2633032463133,222.73467779415827,217.06434720772077,221.85926818847656,11075070
2018-01-30,221.45139374842603,222.4362466107353,215.66167751806563,216.4774169921875,13464675
2018-01-31,215.67163162872288,221.4812327411267,215.5025182433251,220.63565063476562,15715055
2018-02-01,219.86969361860787,225.02272674029155,219.86969361860787,223.023193359375,19281415
2018-02-02,221.83935928683377,221.83935928683377,214.46792222532957,216.05960083007812,11409100
2018-02-05,213.88099997392828,215.0847090247984,209.06619412919247,211.34426879882812,11852655
2018-02-06,206.05196827305667,208.78765551967984,202.58012699367714,205.6838836669922,16672600
2018-02-07,206.32056042203695,208.90703454047787,205.12680897482315,206.18128967285156,17681475
2018-02-08,206.18127414824818,210.10077016796632,205.0472080818796,209.2552032470703,9196485
2018-02-09,206.91743856378122,208.01171955101188,204.5299357290252,205.3257598876953,9492815
2018-02-12,206.42005587501063,208.11120510413593,205.45510307416066,207.50437927246094,3864305
2018-02-14,208.90702751053695,209.37458254836272,206.2807683432937,207.40489196777344,5936665
2018-02-15,207.61378331676607,208.40962262040338,205.5247222215118,207.34518432617188,4543530
2018-02-16,207.5143304674838,211.2945409160454,207.0865605440554,208.9468231201172,8278030
2018-02-19,210.69764690236354,210.69764690236354,208.2206011487078,210.14056396484375,5940840
2018-02-20,210.14057199197393,211.97099176499358,207.2556564133723,208.07139587402344,4176755
2018-02-21,208.4494080643166,211.05578216708236,207.42477008240058,209.91175842285156,17860140
2018-02-22,209.4044095197202,214.3783859928727,209.0363401181058,213.3835906982422,25711650
2018-02-23,213.38360022155842,215.5323617969088,213.37365773274217,215.04490661621094,11364270
2018-02-26,215.07474494178203,220.76497538107256,215.07474494178203,219.87960815429688,9089990
2018-02-27,219.84977404274846,219.84977404274846,216.48736087646017,217.4722137451172,5170600
2018-02-28,216.8653948980335,217.89997542412752,215.78107156659286,216.97482299804688,4434510
2018-03-01,216.48735751321814,219.60107179171843,216.0695452910168,217.99945068359375,7402970
2018-03-05,216.8654048572887,219.62099246281008,215.03498489970806,218.85499572753906,12045605
2018-03-06,219.8497722952301,220.03878584038262,213.94068548900262,215.36325073242188,12020755
2018-03-07,215.31350455555759,218.3774760063131,213.54277007509214,215.89048767089844,14829560
2018-03-08,216.60675670240357,217.48216633583206,213.74174108186946,215.3334197998047,8758330
2018-03-09,215.87059089622142,217.2434133362786,214.20928448365999,215.36325073242188,8224955
2018-03-12,216.36800606469637,219.84979007033516,215.57216668467564,218.974365234375,6277370
2018-03-13,218.8450176459836,220.546109062942,214.66686535447116,215.65171813964844,6900820
2018-03-14,214.8757993143807,215.88053717067473,212.8862085799883,215.22398376464844,6045500
2018-03-15,215.87061070011228,217.25337575594725,214.60721623979938,215.99993896484375,6840855
2018-03-16,215.20409005508847,215.27371783960461,210.18037026435093,211.04583740234375,13624550
2018-03-19,211.83172566016196,212.0107815382487,207.9619723302166,208.70806884765625,9400115
2018-03-20,208.48919109269656,209.1954872223783,206.63887131363327,207.97189331054688,4935780
2018-03-21,209.8620390520613,211.28458915264034,208.0216615360085,209.12588500976562,8705805
2018-03-22,209.12588539057046,210.79713433801757,208.5290020925549,209.51385498046875,8826575
2018-03-23,207.09649265341972,208.2703590822331,204.60950423066635,206.67868041992188,9807460
2018-03-26,206.91741417876045,207.09647003954782,204.69902499812554,206.7880859375,39086245
2018-03-27,207.51430206798244,210.49868791644218,207.51430206798244,208.87716674804688,10743090
2018-03-28,207.72321805031976,210.2997344065072,207.03680681873462,208.4693145751953,29636940
2018-04-02,208.71800810168097,218.94450299453442,208.71800810168097,218.16856384277344,13330135
2018-04-03,217.7607164670983,219.8696931288731,216.36800891822477,219.51156616210938,6725650
2018-04-04,220.6257097754451,221.20269289543708,213.88099856978042,214.53756713867188,6525390
2018-04-05,217.24342270329177,223.03312399521374,215.77111459302805,222.49594116210938,9938470
2018-04-06,222.0383345904701,223.43105728535622,219.25290438007139,222.6750030517578,6466925
2018-04-09,222.81426146462317,226.31594539748104,221.83936625775067,222.48597717285156,9255470
2018-04-10,222.83414929800185,225.79863506968866,220.9241441255436,221.5707550048828,5992515
2018-04-11,220.8445636041907,224.6247888999567,220.8445636041907,224.0478057861328,4416230
2018-04-12,223.55040596429006,226.28609309966893,221.5409151637149,225.73895263671875,6722045
2018-04-13,226.59447134070803,230.20558312309973,226.2363444269223,229.0217742919922,14760390
2018-04-16,228.30551448813637,233.77688847369083,227.80811685308595,233.1999053955078,8126910
2018-04-17,233.9758508098553,234.27429243481856,230.91187947368425,231.75746154785156,4562910
2018-04-18,232.28470815936976,232.28470815936976,229.0317231995904,229.58880615234375,4448050
2018-04-19,230.792508898536,231.90667477375072,229.02177448426767,229.578857421875,3303645
2018-04-20,228.97205259564205,231.58836932303817,227.81808630270805,229.36997985839844,6090280
2018-04-23,230.53388436813688,234.2046665305308,229.44954587917323,232.58316040039062,6770770
2018-04-24,233.26954621820204,233.26954621820204,229.52910632201667,231.9862518310547,4961760
2018-04-25,231.58835819634618,232.88159517426794,228.9322564599737,232.35435485839844,6258845
2018-04-26,232.5831489910116,237.30842676383838,231.00142807431465,235.90576171875,15984510
2018-04-27,236.76128733220787,240.14358536520487,234.46331256033008,236.51258850097656,9081330
2018-04-30,238.54195958316453,242.49129815962482,237.4377361870872,240.95932006835938,17153405
2018-05-02,245.1175573975793,256.3388472381566,243.3667231230865,250.0616912841797,44457135
2018-05-03,249.6936296737578,251.32509341982978,243.893971035508,245.42596435546875,14888205
2018-05-04,246.74903150707837,246.75898917535943,241.55621375410817,245.40606689453125,9572795
2018-05-07,245.7144560316032,248.44020080600163,244.60029007622757,247.7139892578125,11527340
2018-05-08,248.20142455914956,248.20142455914956,243.884016648745,247.07730102539062,13371440
2018-05-09,247.04748016777324,249.7533248063215,245.29664576963083,248.92764282226562,8356080
2018-05-10,249.59413864468607,250.68841956373686,247.2862214054679,248.20143127441406,4922335
2018-05-11,248.698855049033,253.1555342812871,248.31088544233145,252.14085388183594,7081180
2018-05-14,252.2801145200254,256.2891386883512,249.94233930453237,252.99636840820312,8371965
2018-05-15,253.47386085511732,259.5321761360213,250.53921757793546,255.43359375,19896975
2018-05-16,253.07593161323288,257.26401154695793,251.68322419143243,254.94615173339844,6905970
2018-05-17,255.66239115564224,257.8509529510555,251.6832099703404,252.81727600097656,11007855
2018-05-18,252.28007519839946,258.05983302847716,252.0811040098505,257.5325927734375,16842745
2018-05-21,258.6368334292377,258.6368334292377,252.5884910568045,254.0010986328125,9994395
2018-05-22,254.0309312598014,255.51318173797335,250.41981942296542,251.22560119628906,6788225
2018-05-23,250.68842753342565,251.67328039188104,247.10715821119922,249.76327514648438,7563955
2018-05-24,248.79831027586243,254.5780685325924,247.93282804402335,253.7623291015625,7862165
2018-05-25,254.25978204742478,260.0096989100377,253.17545857907518,257.8211669921875,5328215
2018-05-28,258.6467830498099,260.57668839818876,256.61739209774004,258.0797424316406,7639045
2018-05-29,258.0698456709791,258.8258695592873,254.3592477611501,255.51321411132812,5472950
2018-05-30,254.0409077815379,260.3180646070641,252.73772817806085,259.2934265136719,10222160
2018-05-31,260.01961741268605,278.5427022552617,258.93529410767036,265.5307922363281,33424490
2018-06-01,262.0290866497047,265.41138473609146,260.0693386143175,262.2280578613281,11663440
2018-06-04,265.4113774108761,265.4113774108761,257.2540740581094,259.43267822265625,7310235
2018-06-05,259.4326654442318,261.16359948909604,258.08968576584925,259.5818786621094,10427190
2018-06-06,260.0394823314796,262.8149696867287,258.64677499938534,261.77044677734375,5151345
2018-06-07,263.42180865291147,265.5506853720293,259.94002476776257,260.7259216308594,10246015
2018-06-08,260.2384653479081,263.61080574234796,258.8954855757662,262.2976989746094,9240235
2018-06-11,263.4218394191091,264.58576352593275,262.4270439071657,263.29254150390625,6556110
2018-06-12,264.4166025470901,265.1428141110172,262.6458679670485,264.4762878417969,4888760
2018-06-13,264.89410011418295,264.93390042795994,261.1636176146261,263.7500915527344,7476990
2018-06-14,263.6107681347977,266.2171266796633,262.5264450188893,265.14276123046875,7921145
2018-06-15,265.1328554730932,267.5004733502934,263.0935370743261,266.60516357421875,8291175
2018-06-18,266.60511719905566,266.8040883852378,260.9845303149282,261.6908264160156,9018440
2018-06-19,261.6908871777493,263.0537520791911,258.6866158647808,259.2934265136719,8084725
2018-06-20,260.43741172239424,264.29722255610994,258.45777868129835,263.54119873046875,5626690
2018-06-21,265.01346827642703,265.01346827642703,260.8552311076631,261.4222717285156,4577330
2018-06-22,262.2777845782185,263.42179314423737,260.3279942177758,262.9045104980469,6336050
2018-06-25,262.82497430388645,265.6103894656448,261.63120760099093,264.2176818847656,5256485
2018-06-26,263.02388787114796,267.02298465948337,262.6558184442852,264.5857238769531,8185110
2018-06-27,265.0134565775769,266.5653347860132,262.6458389532659,263.4615783691406,6542350
2018-06-28,262.42701992126564,268.5748786958097,261.0542277416072,266.4261169433594,21541805
2018-06-29,265.80932789596085,270.5843334007108,265.6700419756895,267.19207763671875,11526965
2018-07-02,268.36597358408284,269.47021238582965,265.0135175755244,266.19732666015625,6508435
2018-07-03,266.0082662068834,269.9874475423902,264.1380461217961,269.2214660644531,7436185
2018-07-04,269.6093816743446,272.55399729732756,267.8684900904906,271.6288146972656,6738890
2018-07-05,273.1707493279218,274.0760165411201,271.28064464880737,271.5790710449219,9070555
2018-07-06,270.2262695586816,273.92687974777346,270.2262695586816,272.8127136230469,5210920
2018-07-09,273.5488557525128,276.1054569114312,272.0765476005165,275.5782165527344,9378320
2018-07-10,275.7871236401317,276.2745636429988,271.81786958090987,273.0016784667969,7380115
2018-07-11,273.08135340496125,276.66445125279364,272.1159080178265,276.0871887207031,7236090
2018-07-12,277.66967809483197,278.7844127403635,275.1415996402751,276.6544494628906,7998395
2018-07-13,275.7486859556445,281.05366799283496,275.7486859556445,279.5507507324219,7195995
2018-07-16,280.6356337250669,282.06887251764954,278.3265537807842,280.3669128417969,7525645
2018-07-17,280.36695456793484,281.82008870264946,277.3312920255203,278.8043212890625,7246275
2018-07-18,279.48111704109687,280.26741504752545,277.13221614747715,278.396240234375,6865075
2018-07-19,280.2773633306036,280.2773633306036,265.5170011218,268.21429443359375,30066400
2018-07-20,266.7412342646959,272.02629136440413,264.9497008111217,265.40753173828125,16529215
2018-07-23,264.7505804000255,268.9308648718252,263.2178053771343,266.1539611816406,9788330
2018-07-24,267.13935100603203,268.52283692077344,259.8039718804929,261.2173156738281,15629820
2018-07-25,260.5703313059157,262.2623586728556,257.5844220990141,261.74481201171875,15585390
2018-07-26,261.0978298716858,263.2576508062924,257.6540899008967,261.0182189941406,18322485
2018-07-27,261.37655576924635,264.1534601701289,259.9035264896865,260.9884033203125,9429105
2018-07-30,260.35136194767097,260.35136194767097,255.89242366335463,259.8238525390625,8601690
2018-07-31,259.53524419498797,261.48602975206404,256.22086788643173,260.1423645019531,9138695
2018-08-01,259.74425160649406,263.9742897877562,259.74425160649406,261.306884765625,8422445
2018-08-02,260.69972153473987,260.96847279871963,254.14067805654759,254.83740234375,10325285
2018-08-03,258.1816334590611,261.56565812598336,256.65882084023406,260.6698913574219,13728745
2018-08-06,261.5556833035661,261.5656156790632,254.59850988139746,255.3549346923828,9478805
2018-08-07,256.1909764761438,258.5598023868038,253.6330557597853,255.53407287597656,8756960
2018-08-08,256.39008282834436,258.71908842102556,255.3052061018971,256.4497985839844,7585360
2018-08-09,257.18632431984156,257.18632431984156,252.82690691051727,254.25018310546875,7113895
2018-08-10,253.4141003128376,256.7682817881363,253.2050799981338,255.8924102783203,7697420
2018-08-13,253.8022766021462,257.0370115000167,253.8022766021462,256.2208557128906,9906555
2018-08-14,256.7881880689962,258.5399311647271,255.79288501446518,257.3853759765625,8026645
2018-08-16,252.80698458995863,253.20509975068543,247.38258579267682,247.91009521484375,28747470
2018-08-17,249.22388593411227,253.5932658614491,247.83046769261617,251.46331787109375,16269850
2018-08-20,251.46331757433626,254.84734197804457,251.1050078573573,253.7525177001953,5273715
2018-08-21,252.6577126391714,253.32456393232886,250.86616391801357,251.49319458007812,5717355
2018-08-23,251.6126021723187,251.6126021723187,246.43702959462593,248.36790466308594,15759965
2018-08-24,248.60680774340548,251.60266461475914,247.30296310898618,249.72154235839844,11071805
2018-08-27,250.82631265942416,255.78291752679354,250.4779657090617,253.78236389160156,12497515
2018-08-28,254.67814499495952,257.7834855986638,253.83213134189236,255.81277465820312,8043980
2018-08-29,255.22557195387157,257.78350826391426,253.8022957810739,256.509521484375,7367820
2018-08-30,255.19570658808442,255.19570658808442,251.49317787270098,254.409423828125,11864215
2018-08-31,253.91176300020504,257.58441851643283,253.91176300020504,256.24078369140625,7848165
2018-09-03,257.18632846618686,257.7835164323844,251.81169751889283,252.6278533935547,10383735
2018-09-04,252.8069857249153,253.86200457398562,249.04474124681335,250.33863830566406,10007445
2018-09-05,250.21920081073955,252.01074948218934,244.36682873349758,246.4669189453125,11312730
2018-09-06,247.23326963111185,251.73204363467647,246.46689722327088,250.99551391601562,14738165
2018-09-07,250.21919506912903,250.81638300828254,246.4569505389744,247.82052612304688,7261450
2018-09-10,247.0342317932646,247.13376818029275,241.8586585973302,243.52081298828125,12189100
2018-09-11,244.24738790888327,244.3767821787778,239.61923431778072,240.14674377441406,11436865
2018-09-12,240.06711023570708,245.59104560590842,238.87274952550362,244.9241943359375,10526440
2018-09-14,246.8351791065813,247.76080373841307,244.55594159474478,246.74560546875,9606245
2018-09-17,244.37677458085082,246.6162066076524,243.18241387064737,244.9241943359375,9308395
2018-09-18,244.43649648692454,245.61096209893708,240.9628982199556,241.9183807373047,11353325
2018-09-19,242.25676696680605,245.64080659814798,242.25676696680605,244.22747802734375,10385120
2018-09-21,244.24738887342178,248.02954391085993,227.52630797042522,234.9313507080078,22665640
2018-09-24,234.89152624483097,235.4787514155343,227.7850628803323,228.6609344482422,17288950
2018-09-25,228.12347961825117,237.1011183102357,222.97776413996465,235.5583953857422,18880355
2018-09-26,236.10581833002257,236.61341747748352,231.16910794272908,232.78150939941406,12230885
2018-09-27,233.29903881673678,234.3241997870843,226.7200847675567,227.41680908203125,19836580
2018-09-28,228.32251832170422,231.50750029733265,225.60534519134887,227.2476043701172,17108015
2018-10-01,216.97607457168974,225.0977514666214,199.49855466456987,223.34600830078125,52675400
2018-10-03,222.3308080939498,226.6404722765238,216.19973744249666,218.61831665039062,14809870
2018-10-04,215.98078294276087,217.88181559882503,210.3274683564734,213.89064025878906,17195555
2018-10-05,213.13420224333612,216.76705243264013,207.11261553519455,209.4515838623047,18835195
2018-10-08,209.02360219715558,222.31090488798068,207.8491518085574,219.82264709472656,20339050
2018-10-09,220.16105392330647,224.2418029165047,216.08032011722906,220.6487579345703,15574240
2018-10-10,221.65399047026486,228.2429071155165,221.4051647029684,226.48121643066406,16926305
2018-10-11,218.96669458628617,222.9479072151277,217.97139142907577,222.0620880126953,11416085
2018-10-12,223.34601683471132,233.52797881384453,223.34601683471132,232.33360290527344,31383075
2018-10-15,232.90093539526777,235.6479666017972,230.4126775384807,232.99050903320312,15909195
2018-10-16,233.19950324474607,235.229914746037,231.45772294016726,234.04550170898438,18427010
2018-10-17,235.88685516937224,236.61342224302737,233.3488290067079,234.09530639648438,23964220
2018-10-19,231.90562535106065,240.06710784101298,231.02975375165886,238.66372680664062,17833920
2018-10-22,239.90786162094795,242.69471344384,230.41267636993675,231.70657348632812,21713015
2018-10-23,228.91972658255938,234.85174009285805,227.63579218971216,233.78675842285156,11187685
2018-10-24,235.88683548643954,237.8873892567461,229.7059965325,234.3142547607422,21549170
2018-10-25,233.49812318817573,237.7181987905008,231.9056320861266,236.0460968017578,18069465
2018-10-26,235.88683677244347,237.47932782128274,229.3775611235874,230.6316375732422,9211060
2018-10-29,229.33773979493168,229.4969919367539,218.65814172307154,226.55088806152344,18556500
2018-10-30,226.92908715901177,228.12344773821442,222.01228784062752,223.7042999267578,9753165
2018-10-31,224.7593296926954,225.93377993735464,220.36007708872228,222.77867126464844,13824200
2018-11-01,223.68443124223634,224.2915667599404,219.18565683543116,220.8677215576172,13346585
2018-11-02,222.59953866600992,228.12347406789527,221.4549461428166,225.57550048828125,19503550
2018-11-05,225.93379702561356,225.93379702561356,222.05212112513146,224.82901000976562,7019100
2018-11-06,224.6299449433693,226.92909252985112,223.17679582641594,224.00289916992188,10531665
2018-11-07,225.7347483546755,226.78976722119256,225.4062965059658,225.79446411132812,817830
2018-11-09,225.33661729643526,226.70019287994313,222.1018821994535,226.0432891845703,8184035
2018-11-12,226.7300563638288,231.2984940919146,226.56085665395014,229.65625,11436895
2018-11-13,228.9197061004533,233.17960202509218,226.92909996044938,232.0847625732422,10588105
2018-11-14,232.92082413243926,233.8962168695444,223.42562452579946,224.9185791015625,13534490
2018-11-15,226.7300467827875,232.10467739022647,225.3366133454782,231.3582000732422,15245955
2018-11-16,233.2990522701071,233.49812504979093,229.4671442551267,232.62225341796875,9310215
2018-11-19,233.89624620810494,236.67313538500827,231.9056398573977,233.94601440429688,10028470
2018-11-20,232.90093877514556,234.5531456609381,231.3383055285883,232.8909912109375,9025805
2018-11-21,232.89098428945536,235.88684123610327,232.87107397451007,234.23463439941406,7162860
2018-11-22,233.09999655849032,235.28966046859392,232.42319770089068,233.02037048339844,6285445
2018-11-26,233.52796835219416,234.89152872261235,229.52684568681374,233.01040649414062,12281895
2018-11-27,231.52740989071717,234.68251899922043,231.52740989071717,233.60760498046875,8688795
2018-11-28,233.32890942888946,236.4243028231131,230.4325888137347,230.96009826660156,9754780
2018-11-29,232.00516002828908,242.83404749175284,230.31313259879525,241.45057678222656,33036205
2018-11-30,240.66430634251424,246.5166785770335,238.41491148847436,245.630859375,15027475
2018-12-03,246.83517882003926,247.6314243697861,242.5354619636787,244.0682373046875,9089565
2018-12-04,244.247380740751,246.09864516028557,240.86335619142216,243.9089813232422,7825650
2018-12-05,243.16249527006445,244.52605564226423,239.4699293142605,241.1619415283203,14282635
2018-12-06,239.86804673863023,239.86804673863023,233.12984050938795,234.94129943847656,15486500
2018-12-07,235.0905801198488,267.92563359042276,234.12513493509704,254.7279052734375,169038095
2018-12-10,247.65132889883407,256.76830909682786,236.48402670945256,238.54429626464844,94740175
2018-12-11,236.68308145140895,246.63611250330067,233.0999841978799,242.59518432617188,50392955
2018-12-12,244.72514503994756,251.01545309326303,243.69002125214672,246.26785278320312,32819995
2018-12-13,246.83517660080915,253.165305124347,244.56588667606167,251.6922607421875,21138660
2018-12-14,251.69224221055543,253.14537617070047,248.2484869469458,250.0101776123047,13357645
2018-12-17,250.81638033371868,252.01074101216952,240.27612418603192,243.34165954589844,36928205
2018-12-18,241.8387406428162,246.76548790266477,241.6595933763693,246.2578887939453,18392330
2018-12-19,246.59630519368255,247.96982841291,243.27199628770407,243.97866821289062,15160015
2018-12-20,242.8141598704333,246.71574634318029,241.97809369353558,246.09864807128906,11504770
2018-12-21,246.83517449255697,247.41245212632467,243.58052902810417,244.28720092773438,11040145
2018-12-24,244.84454792741352,247.52191553590842,243.05299941735007,246.53656005859375,7699145
2018-12-26,245.7403311136374,248.98502896314105,240.96288834836906,248.45751953125,11896120
2018-12-27,250.26897335651282,250.54765702279312,245.90955589848772,246.88494873046875,13268690
2018-12-28,247.68117469697125,249.00491441354944,245.8498055085289,247.10389709472656,8700670
2018-12-31,246.2379684177763,251.31402004602896,245.54125932041907,250.11965942382812,11621760
2019-01-01,249.6220314112432,250.02014659376943,247.28306294931966,248.9153594970703,6012900
2019-01-02,248.40773899048403,248.47740230722857,244.24736431153931,246.95458984375,8568385
2019-01-03,246.83515276607778,249.02481640641756,244.37675305380097,245.88961791992188,9129440
2019-01-04,246.43706580354157,249.22390247145535,244.84457469005872,248.41770935058594,7343980
2019-01-07,249.01488037860275,249.62201586577373,247.03422177914865,248.1489715576172,6057280
2019-01-08,247.43234169519897,247.67120470492335,244.03835468558643,244.62557983398438,8307640
2019-01-09,246.3076691309696,247.63142412887274,244.46635224816643,246.48681640625,8238110
2019-01-10,246.636117589633,247.2332903527898,242.12739564511307,242.76438903808594,8257215
2019-01-11,243.84927654540616,244.68532756293848,241.50036045772885,243.490966796875,10646495
2019-01-14,242.2567718180098,243.739778924898,240.1467340766851,241.2117156982422,6823475
2019-01-15,242.25675000760472,242.853937896953,240.92304760012834,241.54013061523438,5769355
2019-01-16,241.9979974241917,242.2468232015542,238.47463109907153,239.420166015625,11873245
2019-01-17,240.4652507017054,243.85922295161916,238.87275956310296,242.84402465820312,19672500
2019-01-18,242.8738620322815,247.43235196485753,242.15724259912685,246.87496948242188,12992860
2019-01-21,246.97451844303959,253.9018349206158,243.3814735308381,252.32925415039062,48926830
2019-01-22,254.59850996184844,260.3613076387517,253.42404452674063,257.13653564453125,45363400
2019-01-23,258.55982933895916,258.55982933895916,253.01599915717367,254.1008758544922,16292910
2019-01-24,253.6032445325676,254.10089610536028,251.41358064970402,252.35911560058594,7298880
2019-01-25,252.56809778311526,256.3303573033688,250.52773866995025,252.04058837890625,7206480
2019-01-28,252.60795046424,255.79291760713807,249.82109851903368,250.90597534179688,10272960
2019-01-29,250.81636887397232,253.40416288164676,248.42764762621078,249.1044464111328,12957950
2019-01-30,249.82107109906477,249.9206074811234,242.4160138126434,243.29188537597656,13771160
2019-01-31,243.2520863569014,250.81639645172237,241.142048516472,249.9703826904297,14843300
2019-02-01,250.22917006444212,252.9662537431093,246.87498810188777,249.96043395996094,10945770
2019-02-04,247.83046762274975,253.74257036465332,247.83046762274975,253.2449188232422,6896595
2019-02-05,254.00137209658888,256.19103608618195,252.30935970404522,254.62841796875,9588910
2019-02-06,254.79758020285664,256.5493232865076,254.07101323045282,254.6980438232422,5793705
2019-02-07,254.79759389729222,257.7835032007761,253.8620065522614,255.7033233642578,5992050
2019-02-08,255.5938123739987,260.9684731703833,254.26012511232832,258.65936279296875,12407165
2019-02-11,257.98256947376217,261.76470901323097,257.5844239439323,259.08734130859375,15723375
2019-02-12,258.77882223749424,260.76942856239805,257.8432348348501,258.5101013183594,7410050
2019-02-14,259.1769139263095,259.22669730446313,253.1155218615137,256.15118408203125,12455555
2019-02-15,256.3502887274521,256.78822456362406,252.80701177969192,255.52420043945312,10034775
2019-02-18,254.99665558655238,256.3900737927803,253.45391762224668,254.21035766601562,6325865
2019-02-19,254.20043013740616,255.84267433565944,253.17526906068198,254.88719177246094,6341640
2019-02-20,255.05639957147721,257.1863325565586,254.6383588762178,256.73846435546875,6751010
2019-02-21,257.16642297332794,258.3010527265568,255.4943210347588,256.6189880371094,9095470
2019-02-22,249.02483405290894,250.41826751340832,243.8492609397745,246.41714477539062,419299520
2019-02-25,247.51198081743803,248.19874242300068,244.84457565700893,247.0242919921875,18677950
2019-02-26,243.65020732424094,248.7660647642816,242.87387210398296,246.06878662109375,25132855
2019-02-27,246.43705509036036,247.15367454156245,241.08231952085566,242.0875701904297,26943610
2019-02-28,241.5003485472253,243.85921208289847,240.8633551575991,241.48043823242188,43614180
2019-03-01,243.19236212268055,244.9441053439149,242.32645326307886,244.0383758544922,10814170
2019-03-05,243.63026269461417,248.0892158011349,242.4159918417262,246.92471313476562,15642255
2019-03-06,247.25318524055567,248.22857799050402,246.1583609828519,247.09393310546875,11534170
2019-03-07,247.6313989946094,248.02951413512702,245.8796559272461,246.2777862548828,7172805
2019-03-08,246.23797564884472,247.5318726888588,245.18295681513348,246.61619567871094,5257165
2019-03-11,246.43705828028683,249.8011724944601,245.64081274785326,248.7362060546875,10326930
2019-03-12,250.9059377508814,253.2050853254022,249.44284107852837,251.48321533203125,17706800
2019-03-13,251.5130994382441,252.62784927784364,248.2385588030269,251.06521606445312,12127350
2019-03-14,251.41357870765412,254.2900041686919,250.2192027924811,252.5979766845703,12486930
2019-03-15,253.18521453048376,266.61184400585387,252.80699448201008,263.7851867675781,51967525
2019-03-18,266.7411913472398,270.72240315839264,264.9098375590178,267.4677734375,26923700
2019-03-19,268.7318340867154,269.7271371759255,266.45258150763726,268.283935546875,15586060
2019-03-20,268.5527024303747,270.30441531472144,264.94970989788504,269.05035400390625,19847040
2019-03-22,269.667421811005,271.64806524164436,264.94969488107455,265.9947509765625,13100245
2019-03-25,263.94438042370274,264.9197882076065,259.41576434506345,260.5006408691406,14347820
2019-03-26,261.21731534631004,268.3237638108927,260.77937954465614,267.3284606933594,10255850
2019-03-27,268.721882341414,271.4987865788237,263.76529219366716,265.3179626464844,15197290
2019-03-28,266.34312886477073,269.12996553350376,264.53166984297343,266.8905334472656,23083475
2019-04-01,265.9449968453381,271.12055467026033,263.96432304884786,266.6217956542969,15837560
2019-04-02,267.5374434164674,267.7066582969292,264.3524919318893,266.6317443847656,8877995
2019-04-03,267.13934029497955,270.214823163792,264.94969174600004,265.586669921875,13832830
2019-04-04,266.22368355669266,267.68678032555147,262.1727926584878,263.3372802734375,12964745
2019-04-05,264.7506453818392,266.7512144896325,263.9842728694086,265.93505859375,8718645
2019-04-08,266.9403458699016,268.23422795523817,265.3876752177997,267.3882141113281,7939335
2019-04-09,266.7312675549936,268.1645064462771,263.17805857900015,267.0298767089844,11234215
2019-04-10,266.3530506949499,272.3049742276437,266.3530506949499,268.7119445800781,15156035
2019-04-11,268.67211672180736,268.7218697262739,265.4572768281912,267.37823486328125,6742865
2019-04-12,267.3782255128984,268.3337079346152,266.0544554488979,267.427978515625,8524160
2019-04-15,268.33373095993113,274.3055497630116,267.4280014632216,273.47943115234375,14395115
2019-04-16,275.18143074832653,276.7838542687333,272.7329630862598,275.9776611328125,11663980
2019-04-18,275.97767394109405,277.0924086808068,271.28980430831353,272.6434020996094,12044680
2019-04-22,270.7224554785149,271.87701077178815,267.955513949991,270.0655517578125,12095540
2019-04-23,270.3143606332127,272.42439830903015,268.93090514262053,269.79681396484375,8098435
2019-04-24,269.72713277786545,272.7130419968086,266.67154505399617,272.06610107421875,9672055
2019-04-25,272.4940904636172,274.10647667875986,269.72714896959985,270.80206298828125,9037990
2019-04-26,271.1205742779828,275.57954336241875,267.29861379457003,274.55438232421875,12804320
2019-04-30,275.14159846484404,278.0876872117688,268.9408490577636,276.00750732421875,31052865
2019-05-02,277.4905135128129,283.0144643680145,275.20132835611184,279.94891357421875,23904025
2019-05-03,279.9588595223728,285.8012839590251,278.72469337710453,282.2281494140625,21348375
2019-05-06,278.68484897595494,282.0688732101011,278.6251332239706,280.75506591796875,10547535
2019-05-07,280.67550830843567,283.66141797129137,278.5356124582379,280.3072509765625,13933680
2019-05-08,279.48109726937963,281.65088110356555,276.4354722248802,279.122802734375,12696575
2019-05-09,277.5303407984303,280.2574618481989,271.9765623039887,275.79852294921875,23523910
2019-05-10,272.71305837573976,279.978759095178,272.3348383254131,278.3166198730469,20748545
2019-05-13,277.8886505650977,278.6351279247379,274.7136310988219,276.56488037109375,8274820
2019-05-14,276.39569584154356,278.0876929654903,272.4343783850537,275.2908935546875,14651480
2019-05-15,275.4998545572744,279.3914928800161,274.4448358213557,277.8487854003906,10611000
2019-05-16,278.0677856684544,283.3528427134008,274.43493541875773,281.3025207519531,7116800
2019-05-17,281.8698246630725,292.579264399283,281.75036278747865,290.62847900390625,18996095
2019-05-20,296.79942383507256,299.64597638293486,290.8474998155747,299.09857177734375,23343645
2019-05-21,299.18814710630755,301.537048071695,295.3661864745673,296.18231201171875,16121390
2019-05-22,297.1975175629488,302.1143174033074,296.34154108555805,297.6453857421875,12493315
2019-05-23,302.37309164506377,309.71843391773166,296.44109324196234,298.54119873046875,28982870
2019-05-24,300.5815529646131,303.36838965034985,296.60034034256523,300.9199523925781,14366950
2019-05-27,299.91468135280377,305.15994833209544,298.59094154329466,304.4433288574219,11140315
2019-05-28,305.1599676602681,305.1599676602681,298.5909604554006,300.7806396484375,9966510
2019-05-29,300.442156972133,304.5627260810997,298.9890230583627,301.35784912109375,7254130
2019-05-30,301.35788754946947,306.9017334033205,300.9597723629869,305.62774658203125,14697095
2019-05-31,305.75713115712665,307.3495918525644,292.10157111148663,303.0001220703125,13801070
2019-06-03,301.2185547422633,305.5182411922788,299.7853158008444,304.81158447265625,6176510
2019-06-04,304.5627610203615,306.55336730154033,303.0100905509813,304.83148193359375,5872165
2019-06-06,305.07039516326137,306.73253450646524,298.79003436802543,301.4275817871094,10224595
2019-06-07,303.32860174465276,303.32860174465276,296.15244406833574,300.9398498535156,7669460
2019-06-10,299.24781647827575,300.7606661685307,295.9235079603976,299.10845947265625,8575750
2019-06-11,300.442192183073,301.427562949182,297.1079509532305,300.12371826171875,4724055
2019-06-12,298.5909149163374,299.088566441198,293.84333030389354,295.3064270019531,8842145
2019-06-13,295.0078186406174,300.38244904844015,294.00258321222987,299.38714599609375,11516575
2019-06-14,299.39710642361683,299.39710642361683,291.7432235805138,293.3854675292969,9767550
2019-06-17,294.21159984950043,294.2912107321352,288.8568643586761,290.69818115234375,11831110
2019-06-18,291.62381095530657,293.5148807876772,289.66306261548385,290.99676513671875,12124090
2019-06-19,293.21631991894475,299.5464334996902,292.99735200660336,298.15301513671875,19456650
2019-06-20,298.69047393230363,302.57215004553973,297.99374959500244,302.24371337890625,12837830
2019-06-21,301.77589443353196,301.77589443353196,295.246708909045,296.56048583984375,6074210
2019-06-24,296.4012950884011,298.0535021248996,291.4944573658497,292.73858642578125,10132655
2019-06-25,292.987333021786,296.84911343957003,292.02188791734,295.3860168457031,10262450
2019-06-26,295.60499205838676,297.7946708159215,293.68406455132595,296.7197265625,11052310
2019-06-27,298.5908998874747,299.9246022620636,294.11203638916254,294.9281921386719,19302695
2019-06-28,295.60500563875814,295.8239735245712,292.9376007564815,294.0324401855469,9070430
2019-07-01,295.98326249195196,296.779492880777,292.4997013859184,294.8486022949219,9521795
2019-07-02,295.38608752222876,295.99323827919716,292.0319205408639,292.917724609375,9018660
2019-07-03,293.4053747612415,295.00779798368023,291.09626455166836,293.6143798828125,13235240
2019-07-04,293.6144351120448,299.5563962511464,293.6144351120448,298.15301513671875,15129625
2019-07-05,299.55637067317394,302.57213780540957,298.6008882164703,302.0147705078125,14836600
2019-07-08,301.2583068358316,301.2583068358316,292.6290467756629,293.6741027832031,8961290
2019-07-09,292.81818018965527,293.216295349396,286.64728890383515,291.1958312988281,11487100
2019-07-10,291.22566385388285,294.9779452288874,290.79769085373056,293.7835998535156,10903660
2019-07-11,294.41061872436615,297.3567375085812,293.0271633326446,295.59503173828125,7992455
2019-07-12,296.1527411545083,297.6564382235715,293.95191384701593,295.4954833984375,10362725
2019-07-15,296.56105829219035,300.93280927749913,294.4897250336629,300.36517333984375,8760770
2019-07-16,300.3452273673974,301.04229684822377,296.76019875399174,299.0406799316406,6757175
2019-07-17,299.1302975685366,308.0828856577337,298.16433196139184,305.6430969238281,31012670
2019-07-18,304.9957926001721,307.36589578254194,303.9700789966925,306.37005615234375,11334100
2019-07-19,306.7185781076638,306.8679479604382,296.76018271455786,298.53277587890625,10471145
2019-07-22,297.3577531324415,298.1444750382406,287.2300495812584,289.6499328613281,17115785
2019-07-23,290.7851870856304,301.14191369822845,289.8391272316742,297.556884765625,38298140
2019-07-24,297.3577122455392,300.7435608257194,294.0813914344569,298.1942138671875,14691180
2019-07-25,297.158554379169,299.54856353260595,294.758577103937,295.77435302734375,14194615
2019-07-26,296.76021562243267,302.32695561760386,294.18099457648054,301.1120300292969,8406765
2019-07-29,301.4904561225269,303.62156757575997,298.19422928948023,299.24981689453125,10498675
2019-07-30,299.74771805397745,300.6639038531216,295.57514772024945,298.4929504394531,8718740
2019-07-31,296.78011979161704,305.6630227887861,294.91790451966364,302.6456298828125,14739040
2019-08-01,299.93695862828326,302.5360856313926,295.96356799063153,297.9154052734375,11288765
2019-08-02,296.361859387471,301.7294188173415,292.7867990108882,300.2655334472656,19354045
2019-08-05,297.7560559399079,297.7560559399079,289.79930684564073,290.8050842285156,19322730
2019-08-06,289.64990914424203,297.5270045078113,289.1221153396582,295.8241271972656,14153040
2019-08-07,297.53696073611127,298.6722324915051,291.89053671337336,294.0316162109375,11811905
2019-08-08,295.76437250556484,300.7037286009997,292.16940599964175,299.2995910644531,9660605
2019-08-09,299.9469183848612,305.8223663132085,299.5983684249985,305.14520263671875,12228295
2019-08-13,303.7509907432573,305.5235840558516,299.7975062259312,301.02239990234375,13829875
2019-08-14,301.7394240978003,301.8190779006088,294.65901853567397,297.11871337890625,11774540
2019-08-16,296.56101370424363,300.04645222174435,294.2705948347023,298.5427551269531,10848770
2019-08-19,299.74771577035955,302.6356444953402,296.86972477563523,298.02490234375,7737990
2019-08-20,296.869742144758,300.9925328647929,295.29632887667333,299.76763916015625,8623045
2019-08-21,299.5485447823212,302.2970718515676,297.95522570684074,299.8970947265625,7422075
2019-08-22,299.53864428534763,300.74360186290903,293.2548979491965,294.4200134277344,9373755
2019-08-23,294.7486121397981,296.1626873357414,288.0167268012254,292.8166809082031,18078965
2019-08-26,298.75192222616937,302.63569113698617,289.4109405953991,301.30126953125,10938390
2019-08-27,301.54023895553047,303.2829583724578,297.6465326020223,299.06060791015625,13704020
2019-08-28,298.5925298406471,298.9510478851455,293.4440563373429,295.4954833984375,11455030
2019-08-29,294.6689095871641,294.6689095871641,288.14617284983746,288.9627685546875,19656835
2019-08-30,288.4150706053202,290.70552000319924,283.43587242377504,285.09893798828125,23587665
2019-09-03,284.6109372742937,284.6109372742937,279.840887609795,281.68316650390625,13762825
2019-09-04,281.6433633479438,286.40347542677887,278.5662226266416,284.10308837890625,12098145
2019-09-05,285.18856754764704,287.17027875198704,279.92056722109345,280.8566589355469,11905115
2019-09-06,281.32467867681726,287.71798209153667,281.32467867681726,287.1105041503906,11226095
2019-09-09,286.6026508357831,293.68308683999186,283.625099885498,293.0357971191406,16063780
2019-09-11,293.03583770201624,294.5495033009332,290.5860498423038,293.8125915527344,13024480
2019-09-12,294.76852075961557,295.49549460616356,289.1918129373922,290.2972106933594,12124770
2019-09-13,290.1876822356853,295.96357072475655,288.23584493484816,295.6150207519531,8842450
2019-09-16,293.57351386713145,297.128668677512,291.7810146704528,293.7627258300781,9288840
2019-09-17,293.0257950231463,294.95772623041876,287.59845718168094,288.45489501953125,6772930
2019-09-18,288.7935228357314,294.55944340447957,288.7736169816751,291.73126220703125,9272125
2019-09-19,291.74119164495914,291.74119164495914,287.7976749201319,289.31134033203125,7249365
2019-09-20,289.78934273421925,318.4496070989755,288.8930931131642,306.48956298828125,35797445
2019-09-23,313.6895014953725,329.02542660146764,304.4879525098385,326.7549133300781,34270145
2019-09-24,325.30101243569527,326.97401590165214,316.6770366584374,322.2736511230469,18852705
2019-09-25,322.0545076785103,322.0545076785103,314.78489104556684,318.9873352050781,17837720
2019-09-26,320.06287260828816,335.3888601359949,319.71432263613815,324.016357421875,21540140
2019-09-27,321.82549723561954,328.5075724491361,319.85372388496637,327.3324890136719,12912805
2019-09-30,325.6594524329056,331.01707430032553,321.51675608334153,327.5216979980469,16789295
2019-10-01,326.39643221031514,330.0212729419963,323.38897684408437,328.26861572265625,14627680
2019-10-03,327.48183953911973,327.48183953911973,320.0628227932921,321.8055419921875,13272830
2019-10-04,324.64368475614634,325.38059627875697,310.1641695708418,311.3293151855469,27438405
2019-10-07,311.2994873391356,317.39402126524055,308.57086597404475,309.8356018066406,15227670
2019-10-09,310.5625433206194,324.19559076489395,308.26215612585776,321.12841796875,12992150
2019-10-10,318.6487820968105,320.1325734500773,312.09614018211136,315.6413269042969,7847105
2019-10-11,317.7127036416863,323.64789969283487,313.72934487623604,316.2288818359375,12129205
2019-10-14,318.2703608644503,320.46118987829783,313.93845227280883,315.78076171875,10050950
2019-10-15,317.75249519349023,324.5441287515466,314.18740269641205,321.77569580078125,13532355
2019-10-16,321.6561993329869,323.30929675971424,317.1948268660137,319.7740478515625,13431665
2019-10-17,320.66035165538676,321.3773573840295,315.97989337249464,319.57489013671875,10381745
2019-10-18,319.4255123850934,322.5723690947113,316.8761654996886,321.7059631347656,11788035
2019-10-22,324.0163735485506,327.23294687128447,317.0753692978427,324.4147033691406,24475410
2019-10-23,324.643744520798,326.3764958861879,319.3259641316564,321.3873596191406,15426150
2019-10-24,322.63212037447136,324.62379954870346,318.1807162044382,321.2976989746094,8000005
2019-10-25,321.42714072776545,321.42714072776545,312.52433216237944,316.3981628417969,14335100
2019-10-29,318.15085594180437,318.15085594180437,312.29531405474455,313.79901123046875,15012650
2019-10-30,314.66539711052695,316.3881801102915,313.45047162397617,314.4662170410156,8386345
2019-10-31,315.47208704237386,319.66456393539346,311.8970259399394,313.5899353027344,12407105
2019-11-01,313.09196169907113,315.8703626705876,311.29946258941624,314.6654052734375,11098685
2019-11-04,315.4819920680996,318.03133916593606,311.69781351710895,312.90277099609375,7171965
2019-11-05,312.41483169419917,312.64388576567023,308.7700547477218,309.487060546875,11316970
2019-11-06,309.99493620822466,316.2687139087129,306.9177953063193,312.90277099609375,11236175
2019-11-07,314.0877947892782,316.0794739323815,310.4928285234703,315.4819641113281,12559560
2019-11-08,314.4662508766484,319.8637152787937,313.0919872647443,318.7184753417969,19568135
2019-11-11,317.65294897987883,322.5325572863328,317.0753449523478,322.0346374511719,14617870
2019-11-13,322.05452353868486,324.2453828351805,318.887760875161,319.8238525390625,13019170
2019-11-14,319.86370753594423,320.74002089927944,315.49195688768697,318.190673828125,13196490
2019-11-15,319.8637595288021,324.4445983480432,319.1666595046815,323.1997985839844,10342030
2019-11-18,323.9765014052052,325.6395669999807,321.96491624386937,324.0860595703125,10074870
2019-11-19,324.6238306576301,324.8628224564447,321.48691134511154,323.4089050292969,7982410
2019-11-20,323.2495390558801,323.40887703817094,317.9118230162835,318.55914306640625,7812180
2019-11-21,319.3558173333547,319.6446193390053,316.17908644304003,317.7226257324219,8369070
2019-11-22,317.06539876258176,317.4537604205268,311.7177143475027,312.514404296875,9312170
2019-11-25,313.4903082064751,319.86370624933943,312.7036167678744,319.3956604003906,10092105
2019-11-26,318.86784979831896,320.7599389466797,316.9359185568713,319.5450134277344,7784040
2019-11-27,319.6545437292915,323.4486901770133,319.00725406690725,322.2337646484375,10204415
2019-11-28,322.0545187244486,323.86695407985513,320.08277577769024,321.65618896484375,11188800
2019-11-29,320.66033277044977,323.0503415949645,317.13505227968926,321.6960144042969,8652390
2019-12-02,321.5565923575574,325.9382804049135,318.70850576349017,325.2412109375,11448520
2019-12-03,325.53997804550926,328.6270870627061,324.93253044176714,327.97979736328125,11608915
2019-12-04,327.2926866044907,330.59888177452206,325.28110130713304,328.8760681152344,13520395
2019-12-05,328.87603241768875,330.61875174162805,326.7150470841342,328.4876403808594,14684450
2019-12-06,328.6270916927223,334.60212972349905,327.29267017938923,333.46685791015625,18997535
2019-12-09,334.19385226215576,334.40297009665767,329.9216912993436,330.46942138671875,9468700
2019-12-10,331.6146274727035,331.8038394511595,328.8362261385596,331.0968017578125,7065780
2019-12-11,331.81379078270436,336.76311516691686,330.4395271731936,335.90667724609375,10145585
2019-12-12,336.63365269888294,342.5688486604889,335.0004610421923,341.6925048828125,13477940
2019-12-13,341.8120005194629,342.36966830653586,336.0461106791249,337.1415100097656,17638170
2019-12-16,337.3904508747172,344.56050829018017,337.3904508747172,339.3721923828125,18310635
2019-12-17,341.7821051486115,342.8476608285188,340.29831384988927,341.2344055175781,13234410
2019-12-18,342.3696554749631,343.7538871596288,339.84024467504383,343.4352111816406,22963340
2019-12-19,343.5546893115961,345.51649451313926,341.63272620289484,344.4609069824219,13507510
2019-12-20,343.19622105880956,343.44518096958075,336.0560374460214,337.1315612792969,15293395
2019-12-23,338.38625711783254,340.81610798059626,337.60950350698914,339.5613708496094,8727440
2019-12-24,339.57134864111356,341.8717357750297,338.58547712389634,340.8858642578125,8513520
2019-12-26,340.7862529716457,341.57297474646816,336.5340289205243,337.44024658203125,8234850
2019-12-27,339.581300216136,339.581300216136,334.87096801445296,335.7174377441406,7646830
2019-12-30,336.59377760205734,339.93978399901005,335.6975280593459,336.6734313964844,9341420
2019-12-31,336.6734633546143,336.84276947093446,332.68016693056967,335.468505859375,9848395
2020-01-01,336.3946346844311,337.9382044362754,333.00878582099614,333.4170837402344,7375280
2020-01-02,334.6021304156127,335.2992303435579,331.5448953231272,332.9191589355469,9260445
2020-01-03,332.79963291921257,333.2079307954168,327.7407508151025,330.0411682128906,7970445
2020-01-06,330.0411969951475,330.1108826752207,326.3565780577594,329.1349792480469,7400435
2020-01-07,330.8278566730204,333.55647777390266,328.7067135159543,332.77972412109375,12489655
2020-01-08,329.5631436072042,330.9075330798619,326.2370431520419,329.593017578125,15629655
2020-01-09,333.30751352720335,333.35729334905415,330.3598065427122,331.6245422363281,13342120
2020-01-10,333.4270328506564,336.9921253610328,332.84942884540357,335.5382080078125,12680415
2020-01-13,336.99211004278675,339.481709009401,335.7074684666423,336.8128662109375,9039790
2020-01-14,337.78880298815847,337.8087088394502,332.8096050100937,333.9647521972656,10684460
2020-01-15,333.79554615811685,335.91668980201814,331.7938984281335,333.725830078125,12451225
2020-01-16,334.3830129572802,339.70079266761473,334.3830129572802,338.8941650390625,16606410
2020-01-17,339.36223942449516,339.75063148088407,336.6137122273266,338.2070617675781,11479375
2020-01-20,340.3779633902688,340.3779633902688,320.85953152747624,322.2337646484375,40020170
2020-01-21,319.66452127202587,324.763215315798,315.72100484607927,323.66778564453125,28727345
2020-01-22,325.2810805681144,326.21714188753236,313.8886724461407,315.78076171875,27395810
2020-01-23,316.2787071431742,320.3417199058915,314.9442855399627,319.8338623046875,17478415
2020-01-24,319.75413389927684,328.4278883162716,316.0794833396361,327.2229309082031,21264685
2020-01-27,324.3847902230332,324.44453816937624,320.3416837705437,322.32342529296875,9372145
2020-01-28,322.6520676009276,326.2370966523944,320.71016800078655,323.8570251464844,9905520
2020-01-29,325.24124522444936,327.8702461737676,323.25950359771286,326.72503662109375,11137465
2020-01-30,326.19722333576453,326.69514314552003,322.15411691179906,324.295166015625,7950780
2020-01-31,340.50744487681584,344.36133946712977,335.22950687804746,336.9423522949219,47475230
2020-02-03,327.7507529820439,334.7614728891604,325.4403976140395,333.8552551269531,12551470
2020-02-04,335.40876848826457,339.1431673806614,332.64033532499235,338.2469177246094,10352085
2020-02-05,338.98382588204714,340.06928750202576,334.02456365412803,336.5440368652344,10482560
2020-02-06,337.37055726154455,338.1672168296678,332.21211514000265,333.4071044921875,12663090
2020-02-07,333.75561710966286,334.19378894029296,327.432029926834,329.2344970703125,11450755
2020-02-10,330.61876115409945,333.52662628069845,327.7706743653872,332.47100830078125,6775620
2020-02-11,335.09007794265943,335.7573038876742,331.923315113125,334.09423828125,9573830
2020-02-12,334.62203460902913,342.568846107612,333.6062890873547,341.5531005859375,15052685
2020-02-13,341.5132783763159,341.5132783763159,335.0602260053445,336.5539855957031,11234600
2020-02-14,337.78880775083553,339.18297712622837,331.3357561396578,334.79132080078125,9460785
2020-02-17,335.5979406996052,338.42612147880556,333.05856190990363,336.8128662109375,9063825
2020-02-18,335.1000596184599,338.54565647693255,334.2635579159148,336.7929992675781,11095195
2020-02-19,346.5521966565572,346.5521966565572,337.6692936462488,338.8045654296875,15842670
2020-02-20,338.0477154507687,338.43610749759426,333.84527095725633,335.78717041015625,10499515
2020-02-24,333.00877100117077,335.34900024357694,331.07683965983244,334.2535705566406,9630665
2020-02-25,333.84527880114615,336.5340580467029,332.28183362756215,333.765625,7677775
2020-02-26,332.63033581342773,334.14403147162966,330.02124089598567,331.913330078125,12929475
2020-02-27,331.81377238809006,336.37470445998326,330.7382485834811,335.1498107910156,13446760
2020-02-28,329.6030270513635,330.63867843362647,321.4072555735754,322.7217712402344,18716560
2020-03-02,324.842879984208,326.0976171771549,315.5218058031937,318.469482421875,23814235
2020-03-03,319.42555119384895,325.90844696095945,316.0795140060943,323.9068298339844,14591930
2020-03-04,325.0819036633873,325.26114750988535,314.20732111661493,320.2520751953125,12651105
2020-03-05,321.65619207843963,333.90500705087805,320.26202271102096,328.89593505859375,25304810
2020-03-06,319.7043702582657,327.43206528904534,318.31020082415193,324.85284423828125,17711215
2020-03-09,317.67280782598976,320.65035827466124,307.2363986846917,314.31683349609375,27677505
2020-03-11,313.87863184859765,319.64455064803553,307.21646364177855,316.5375061035156,23571010
2020-03-12,300.7236679693396,308.00325336801274,269.06591703681715,291.7909851074219,39039565
2020-03-13,278.83508197946463,299.7477131279245,233.43475924261026,292.78680419921875,57044450
2020-03-16,282.22094924539397,287.7478775081517,273.8559023075763,275.5886535644531,32902600
2020-03-17,277.24174520673836,279.4226364142584,259.5357179099892,263.4394226074219,24105575
2020-03-18,264.0966884692135,264.69416794928526,231.4530506224906,233.41485595703125,55827210
2020-03-19,218.0988404612848,249.6769230546713,199.36709871659082,241.16249084472656,49586245
2020-03-20,242.38735924328608,255.65195037467169,228.34602961342063,251.4196319580078,51895950
2020-03-23,226.55350715270083,239.88779868016184,214.7328960595832,218.7361602783203,33472025
2020-03-24,229.6705073026936,236.0140011200896,207.3537367144645,229.62071228027344,36859170
2020-03-25,227.05142098989168,263.6983048530681,224.07385521800362,256.95648193359375,32245300
2020-03-26,258.9183047123369,276.8434181154987,249.51757614076294,273.4476013183594,36274745
2020-03-27,286.00515462213815,288.7934934370086,273.7662770288324,278.6558532714844,51116430
2020-03-30,267.92067869305686,274.85171339093546,254.09842099771058,257.66351318359375,27851625
2020-03-31,264.5547385338667,264.89332033403684,255.93076438288523,258.1315612792969,22384305
2020-04-01,257.9025637070216,257.9025637070216,230.63646920538497,235.34678649902344,54192310
2020-04-03,235.3467889237714,235.61566988694597,216.4955362381836,227.22073364257812,50557355
2020-04-07,243.18404435902553,244.7873468354329,233.22564765967718,238.61314392089844,42762850
2020-04-08,235.9741731171644,247.47610906304843,231.1045177752438,236.5417938232422,37025435
2020-04-09,241.98901928206735,255.17392566939472,237.02974240084896,253.52084350585938,40487010
2020-04-13,248.9599010624431,250.38394440277315,242.18818871448335,249.13914489746094,21252680
2020-04-15,252.11672599993634,253.13248671225895,229.70038062573883,233.7733612060547,45228380
2020-04-16,232.020667606094,232.020667606094,221.96268183969565,225.22903442382812,55276025
2020-04-17,236.4820406484517,238.59321582384283,226.05559839664699,236.26295471191406,42926975
2020-04-20,242.98486422722542,243.88111379584257,233.47459293664772,234.5700225830078,32800900
2020-04-21,229.04311466970253,230.03895429870124,224.06391652470901,225.08963012695312,23998980
2020-04-22,224.47222451359795,232.37919395465943,220.71790468876165,229.47132873535156,34818460
2020-04-23,233.4247805015182,249.95572283058758,230.65634781487557,248.89016723632812,52791235
2020-04-24,242.78571467989678,250.5532671479924,241.66041098985883,246.8786163330078,33921175
2020-04-27,249.33833660022927,263.8776015783077,249.33833660022927,259.63531494140625,38857060
2020-04-28,260.9298781285008,266.18790994197695,260.9298781285008,264.2261047363281,33391940
2020-04-29,264.29581231166844,269.2750100959523,261.9456455449799,264.4651184082031,33516145
2020-04-30,266.8850088582374,274.85172554057283,265.699957320491,270.3106994628906,31362610
2020-05-04,257.9224557837833,260.0933788128495,251.68850537298744,254.49676513671875,25482195
2020-05-05,258.3207974237037,259.49588090918587,243.98071263665187,246.6396026611328,25024205
2020-05-06,245.1757086356543,254.41709898924734,241.8396550635194,248.1532745361328,23021370
2020-05-07,245.07613992356707,246.96822914941157,235.86462331214747,238.96168518066406,34216360
2020-05-08,243.38319223392918,247.55576259041345,241.2023162733409,242.47698974609375,17556020
2020-05-11,247.07777330802924,249.41800253655109,236.013994316841,236.7011260986328,23370405
2020-05-12,234.6198235950331,234.6198235950331,226.45392644881022,230.4771270751953,51342750
2020-05-13,241.99899397318774,242.98488072183704,233.5642307095551,236.3525848388672,59574620
2020-05-14,234.7990526704956,241.78985070871067,232.45882360216038,233.6438751220703,35499850
2020-05-15,234.9882885554659,236.9899208253471,229.87962617695536,234.67958068847656,19319900
2020-05-18,234.02231669020262,234.22148158023924,221.0764012988297,221.80335998535156,31987080
2020-05-19,229.04312023580428,233.00655780085086,224.12366991775133,225.14938354492188,31914605
2020-05-20,225.0597591173762,234.61982575977694,222.07224019103933,231.05471801757812,26271940
2020-05-21,232.03065010134608,236.92022667524833,227.96762230188554,229.09292602539062,29885640
2020-05-22,227.05143015641573,232.46880004402837,222.37098704751583,231.07461547851562,25948740
2020-05-26,231.03479293689546,234.02231181107945,227.95765214335958,229.68045043945312,27353985
2020-05-27,231.82150043267154,247.56573772332052,231.23395869872996,242.4969024658203,58726830
2020-05-28,243.78154285187884,249.93582443085714,240.91351987393577,244.86700439453125,53550015
2020-05-29,242.287780499848,244.93671751312394,239.0114596688734,243.7815399169922,27486760
2020-06-01,248.7607464418106,254.77561121365213,246.56990226115207,248.6412353515625,34717880
2020-06-02,263.49916330524286,269.52398070766776,258.5299030532191,267.46258544921875,86600150
2020-06-03,271.66503414010197,284.4516415086403,267.32318801699483,276.1562805175781,61722075
2020-06-04,274.8617044716918,274.8617044716918,264.9630561733286,265.7696838378906,30020720
2020-06-05,267.68163908700893,270.47000785515826,263.1008018082798,266.4468078613281,28440585
2020-06-08,269.8725714497704,271.86425094386465,262.0054435262216,266.2377624511719,26511485
2020-06-09,267.2734182424205,270.8683847913103,258.73906514844685,259.7448425292969,27386665
2020-06-10,259.81456330735875,267.7414385553972,259.63531946086334,265.34149169921875,24381800
2020-06-11,265.68998779675803,265.7696719819035,256.7672736690271,258.65936279296875,21884065
2020-06-12,246.96822117016833,256.86686924025395,245.29521793340783,254.89511108398438,44962120
2020-06-15,252.94325853891687,253.17229739235685,246.4105531905781,248.74081420898438,37767895
2020-06-16,254.13826943489232,258.0818010385266,246.58980324878868,254.297607421875,26331460
2020-06-17,252.83371385850276,255.92080748205544,246.29105562888833,247.7250518798828,27146320
2020-06-18,246.96823875054366,260.89008831105457,244.6479304904585,259.5855407714844,33362610
2020-06-19,259.71493843456665,262.0551674187026,254.2079622198554,259.41619873046875,42463075
2020-06-22,260.87011625164575,275.84755137731577,258.1116516784925,269.9422302246094,38169335
2020-06-23,269.87251539684104,277.9786638416416,268.8866439770289,276.823486328125,23349125
2020-06-24,277.2417144193288,278.43673399151015,266.27754204371905,267.6617431640625,26663085
2020-06-25,266.287528815162,276.79365584954695,263.89751962124365,275.1903381347656,49925190
2020-06-26,274.85174926122795,275.4392910203836,264.28590493690564,266.9049377441406,33470980
2020-06-29,266.1082473322956,272.2426226432611,261.50747344672436,270.0019836425781,19098405
2020-06-30,271.84431969206315,273.43763882598637,267.8908350500219,270.9580078125,23888320
2020-07-01,262.7024921295421,271.82438713069115,262.1050126415356,270.2210998535156,44697925
2020-07-02,270.49991807474754,273.2384770017206,267.3430931397852,269.2750244140625,24964910
2020-07-03,270.8484398173978,272.6010966825689,268.8866347747006,269.6335144042969,13840515
2020-07-06,272.86006901091383,275.10070826374067,271.06756976489834,272.4418029785156,16240365
2020-07-07,272.86005507104244,273.73639879654246,269.175436331721,272.5115051269531,17871440
2020-07-08,272.46176801912065,274.62272330816677,268.478408926416,269.4244384765625,16915525
2020-07-09,270.02191439906795,273.7762493209365,268.42856488460546,272.4916076660156,17229575
2020-07-10,271.54552969215166,273.8558848141489,267.9903750937265,268.7472229003906,15089795
2020-07-13,270.8683577335347,271.8442914336359,263.7182370547565,265.9986877441406,16783485
2020-07-14,264.6543394988855,265.17216514572146,257.5838723228001,258.5797119140625,14574715
2020-07-15,260.1929886553783,261.2983864959936,254.93495639534885,256.9266357421875,21862715
2020-07-16,256.64777823852876,264.47506276402584,252.34574395138222,263.429443359375,21020285
2020-07-17,262.30413596282307,266.46673806061443,259.1373734323854,264.38543701171875,21000815
2020-07-20,264.8933547079389,266.22777623139825,260.7108158984095,262.71246337890625,17408710
2020-07-21,263.91742797874605,271.4659099699792,263.89752212524513,270.6692199707031,22021225
2020-07-22,271.8642100207736,272.1330757713824,265.0825447954605,267.3530578613281,20862875
2020-07-23,266.8850215447596,274.82186463244284,265.9489298588386,273.66668701171875,21543595
2020-07-24,270.8683883101852,271.8642279730903,267.203705644442,268.876708984375,15561890
2020-07-27,271.86422584485484,274.7521547665491,260.9398636126806,263.41949462890625,37804195
2020-07-28,264.9132086512228,279.19354320804496,262.78212795811174,275.6583251953125,33758855
2020-07-29,275.84754444920327,278.4267651349056,268.06007218219776,276.7338562011719,20338950
2020-07-30,277.85918045593326,283.75456481578925,274.0550959220405,275.84759521484375,30485515
2020-07-31,273.8559203823574,276.8334713916993,268.94643790343247,272.01361083984375,16115350
2020-08-03,270.0717558351692,270.0717558351692,258.93824418988396,260.6212158203125,26206300
2020-08-04,262.90166319009006,265.16220821705053,259.31663443210243,263.6883850097656,24732980
2020-08-05,265.29168650496393,269.4742253460786,263.30000713121706,265.7298583984375,17378010
2020-08-06,267.88087156257365,272.3422442303338,265.02281656862374,266.9049377441406,18389150
2020-08-07,267.18375449259963,268.43852212284196,263.5489460039378,267.3829345703125,14035345
2020-08-10,268.6775321054028,274.85175024542286,268.1198643187628,270.9082336425781,14800280
2020-08-11,273.4575797697624,275.84758890234565,270.3007546404173,271.7845764160156,12514625
2020-08-12,268.8766703265971,269.8426358763578,265.60034979732063,265.9090576171875,19200950
2020-08-13,267.26345677113454,270.56965178504265,265.68007533516044,266.1381530761719,16656640
2020-08-14,266.39707373523686,268.2393527699809,259.3763859884307,260.402099609375,16657510
2020-08-17,262.92160410826364,265.60041551035425,261.34819064967854,264.4054260253906,14156700
2020-08-18,262.6228247942232,273.8459263279343,262.5033289027799,272.7305908203125,21309745
2020-08-19,273.3280728472883,275.03094990825355,268.8667008802911,269.99200439453125,16983820
2020-08-20,267.48252000952675,268.87668935770347,264.9232049689305,266.556396484375,14206945
2020-08-21,267.28332855392836,269.2750076495472,265.10243751297685,266.7655029296875,12425830
2020-08-24,268.398684031222,278.1379943205864,267.353064584171,276.29571533203125,30145690
2020-08-25,277.24172525667035,279.83091417053424,274.96124417274217,278.85498046875,22811185
2020-08-26,280.8267816763257,287.1304332974027,279.47245433800566,286.1445617675781,28593240
2020-08-27,287.00098947093915,287.9669551140281,281.13547954554207,282.8184509277344,21417855
2020-08-28,280.82677775389095,293.57351295668724,279.03427856277125,292.19927978515625,53228510
2020-08-31,296.361859485073,299.05060806589006,273.6566992558187,279.10394287109375,34868765
2020-09-01,282.7885581212596,287.2001200323302,276.06664116132356,284.9395751953125,21291070
2020-09-02,283.81427315750267,286.30387204484913,280.2591186526251,283.5155334472656,16626250
2020-09-03,285.56700034587254,286.2043219468442,276.8434349023692,278.1778564453125,11975745
2020-09-04,274.85172621506416,277.7794970342562,269.6733482025934,274.8616943359375,20508780
2020-09-07,274.6525737054476,274.6525737054476,270.15138925776296,272.6111145019531,11607735
2020-09-08,273.23852528308885,273.2883051161302,268.41866436681835,269.01617431640625,14119345
2020-09-09,267.48253109205376,268.92648032332283,261.52739915521795,264.1265563964844,17217005
2020-09-10,264.8933322154733,267.49245897039424,261.9257192823636,262.80206298828125,16449740
2020-09-11,262.30413817377547,266.1281584977725,261.10914891724565,264.9630432128906,17501570
2020-09-14,266.28751626272293,268.4684075269057,258.91830893275954,259.8544006347656,19455565
2020-09-15,260.5315600003479,264.66428840040265,256.7274453074106,263.6883850097656,25149565
2020-09-16,263.6983389527215,265.29168854207705,259.02784835417214,263.9771728515625,16429435
2020-09-17,261.90585568769603,264.2162112141266,259.1573282376108,259.93408203125,16544955
2020-09-18,261.5274032599305,261.7066471026618,251.4495108937372,254.35736083984375,32645685
2020-09-21,254.13826290094337,262.79212665218,253.57064223045802,256.4984130859375,34298955
2020-09-22,256.53823420180316,259.2170452555561,251.29017025744457,253.0528106689453,21191625
2020-09-23,254.9449223593374,256.4187456135306,251.97730921704297,254.01878356933594,14176745
2020-09-24,252.34575356184777,255.91087641923016,246.17155095857362,248.1831512451172,28080625
2020-09-25,249.96569732323343,250.63290804460232,245.09604219358334,249.56736755371094,18199870
2020-09-28,250.55325004446019,255.72166001221672,249.68685925755517,254.676025390625,9460495
2020-09-29,256.28927311059334,257.504198677289,250.77234343041388,251.598876953125,11747350
2020-09-30,251.5988758714649,254.32748192179463,249.3582367090403,252.5847625732422,14753080
2020-10-01,254.9349366802077,260.8701321654222,254.71585075337364,259.9241027832031,15811955
2020-10-05,260.9099860330899,265.6302562080814,260.63115214913716,261.826171875,19300040
2020-10-06,263.89752980352563,267.28337882476825,261.11912843320255,266.5364990234375,13162655
2020-10-07,266.86509883847816,266.88500468925264,263.270102188613,263.8377380371094,14173350
2020-10-08,264.1962433430045,267.13398242621116,261.1589446086631,262.92156982421875,25856265
2020-10-09,263.4991795011357,266.5364783008241,260.0336465517764,262.8717956542969,26563380
2020-10-12,264.4950347390561,270.50991513514566,260.41208582392295,261.4875793457031,25875695
2020-10-13,262.8319642038157,268.81697051389347,260.352333080751,267.87091064453125,24360745
2020-10-14,265.9389499563872,270.4700383184928,263.7281848542619,269.5439147949219,16790105
2020-10-15,269.54393883352316,272.0534438797616,259.16727602392234,260.82037353515625,17482370
2020-10-16,260.61126039153316,267.54229616079124,260.61126039153316,266.1979064941406,11790145
2020-10-19,268.8766784585065,274.85171575758443,265.59042010025814,274.1944580078125,19853580
2020-10-20,273.198636838322,276.04675394561696,269.9721262047412,272.6210632324219,16140555
2020-10-21,273.8558947407501,278.8350928269455,270.59951013299906,277.50067138671875,21402230
2020-10-22,276.44508933138593,279.83093801933336,274.3637881367635,277.45086669921875,18050460
2020-10-23,278.83510908481907,280.36871069415776,274.5032004191283,275.4591979980469,11929255
2020-10-26,278.6359267767222,284.6109647810032,268.3489163845557,282.2010498046875,40111940
2020-10-27,289.29141009895125,319.0670087091543,289.29141009895125,316.2089538574219,165834400
2020-10-28,313.68948896751203,313.68948896751203,306.91779152064953,308.9791564941406,36224915
2020-10-29,305.1252332553438,316.4379863914519,303.73106395792155,312.87286376953125,36430145
2020-10-30,313.49031835321546,313.61978237380225,302.4564280972436,308.1924743652344,21009920
2020-11-02,309.7061075503732,319.62466119920674,305.68290716156935,314.8247375488281,28562300
2020-11-03,314.8844772134166,318.96739504746273,312.7334601430028,317.39398193359375,26303090
2020-11-04,316.4778428101258,325.79891815536445,314.2870137162195,324.7831726074219,25440305
2020-11-05,327.2329029694352,334.6021100288528,325.0520117853195,333.6958923339844,30372525
2020-11-06,330.61879607922685,343.56471279317253,328.6271165847737,342.18048095703125,29788295
2020-11-09,344.5605334602905,348.90237993027154,338.6452432580756,344.19207763671875,26051055
2020-11-10,344.759688563195,357.39689577088603,343.65429078199486,349.13140869140625,40019115
2020-11-11,353.3239112038423,362.176940669216,350.5355722174497,360.0657653808594,52671695
2020-11-12,358.30305429720363,358.30305429720363,348.2351311363801,349.4898986816406,33875995
2020-11-13,348.5239368393098,353.48319835101773,342.6385214487332,351.1927795410156,31322780
2020-11-17,352.88569805738996,358.9005776142133,351.431780783768,357.83502197265625,29133725
2020-11-18,356.8093285300249,368.42082230361336,355.34544305314216,364.5968017578125,30876240
2020-11-19,362.2864198068151,370.59174848175707,361.6988781132317,363.75030517578125,43588840
2020-11-20,362.485603243062,378.21985628253253,360.9121900953597,376.307861328125,45581330
2020-11-23,376.9054136380547,379.4746666447493,372.67309499119335,377.9908752441406,52217195
2020-11-24,377.6224050092126,388.0587850241434,376.59669139192965,383.37835693359375,44749430
2020-11-25,386.1866104787216,386.1866104787216,369.0780923034935,370.9403076171875,34185845
2020-11-26,373.43983307171027,378.42899896654393,368.47060341796504,376.24810791015625,34322855
2020-11-27,377.4232151533988,383.4281268332228,367.8532110136527,379.8331604003906,393510620
2020-12-01,384.39405962677563,384.39405962677563,371.35852379045076,373.609130859375,39778990
2020-12-02,374.4357290159477,375.1627029410951,360.2947930511203,361.3304748535156,37290055
2020-12-03,365.67233341767917,367.26565255294986,360.8325368919819,362.684814453125,22312640
2020-12-04,364.07899735583976,369.85485541132977,358.9803029969435,367.71380615234375,19947155
2020-12-07,368.3511360563615,369.65568354299126,359.49810714066604,362.59515380859375,30160865
2020-12-08,364.935391246261,366.26981273629866,361.9379345521003,365.2341613769531,19767180
2020-12-09,365.6921927967714,376.22816163428274,365.6921927967714,375.1427001953125,21853220
2020-12-10,378.41906664762894,382.38251939155947,370.4224754811997,379.0763244628906,23476080
2020-12-11,377.12446420765986,384.13515302734834,377.12446420765986,382.4820556640625,27332990
2020-12-14,385.1907309944327,387.7600140869311,378.219854050134,386.25628662109375,17284855
2020-12-15,387.9790920554507,389.9707711415766,382.26295241265376,388.6064758300781,20709490
2020-12-16,391.36494571214405,391.36494571214405,385.6986162042994,388.88531494140625,13823490
2020-12-17,391.3649984360411,392.16165803233645,386.89368794989855,391.4546203613281,17301850
2020-12-18,391.1259769147051,391.1259769147051,382.6712779176882,388.24798583984375,16858380
2020-12-21,385.3899597751373,390.16997812773,379.93274733692465,382.5717468261719,19707555
2020-12-22,384.3940877093117,384.44386753333976,375.6506171889576,379.006591796875,25368720
2020-12-23,378.61820981657144,383.35838541834966,376.92527042197196,382.5517578125,11704095
2020-12-24,382.00410439310315,393.9541804613507,381.8049243023864,390.4886474609375,16685820
2020-12-28,390.9666495012655,397.5591030683679,390.78740565946487,396.1250915527344,13715345
2020-12-29,394.94999467581596,401.72169185508335,394.94999467581596,398.1964111328125,15764325
2020-12-30,398.9731801728238,403.71335586350307,398.13664818973905,401.910888671875,13287155
2020-12-31,401.661978414491,402.07027633578633,395.7466882025988,397.45953369140625,13974145
2021-01-01,397.71842321770305,399.9192202182844,396.48359184209204,397.1507873535156,5530495
2021-01-04,399.13252731065165,399.5209193691849,389.37331070747746,391.4745178222656,15707145
2021-01-05,390.26955623776524,391.24549004409096,385.389947987366,390.3193664550781,16316150
2021-01-06,393.1375295166573,394.15327489942496,388.05874182159755,392.4404296875,17262575
2021-01-07,395.1491210884466,395.1491210884466,387.8795045332842,388.8554382324219,17096585
2021-01-08,392.7591417773466,393.55583171121873,387.6305737899123,392.500244140625,16314485
2021-01-11,390.3691484554231,391.74341205483086,385.46960393457124,386.017333984375,14977605
2021-01-12,384.35429615977097,384.4140441127069,377.5925662307149,379.1062316894531,30177900
2021-01-13,380.6099253341363,380.6099253341363,373.83819749848664,374.8539733886719,27915650
2021-01-14,376.82570566479603,379.41489475172307,372.65313523089674,376.9551696777344,24018190
2021-01-15,377.26385016215477,379.21568716399076,369.26725981910937,371.22906494140625,13575820
2021-01-18,372.54360653257754,372.892156476402,366.2399247427122,367.85321044921875,25023140
2021-01-19,369.6755829769805,376.8257041166327,367.51459764125593,375.8298645019531,24027570
2021-01-20,376.4273834830333,376.4273834830333,372.33449715487916,375.1527099609375,15207240
2021-01-21,378.41904882993225,379.39498258069324,367.61418306811294,370.01416015625,28344310
2021-01-22,368.4606987273185,373.43989735876875,363.38191004511594,364.0790100097656,21490875
2021-01-25,367.4648245970588,371.9261970937633,353.52306973429774,357.3869323730469,33050690
2021-01-27,358.1039759918417,363.1727966132124,347.8169344758528,351.4716796875,39461595
2021-01-28,344.7597287591304,351.4218990242136,338.7846903431358,343.1365051269531,30179620
2021-01-29,348.51400487712823,348.51400487712823,339.3821418793585,341.1647033691406,25703435
2021-02-01,344.56050078305583,360.454092252001,337.7987414057162,358.8009948730469,24146050
2021-02-02,364.47733734178837,374.2564906811548,358.5122671469022,370.7113037109375,29356685
2021-02-03,372.44402087295566,375.06308395710056,362.4856245929301,368.8988342285156,21446975
2021-02-04,366.26979846751124,381.4065727811277,364.6764793950154,380.4903869628906,48208370
2021-02-05,381.4065815734138,398.0371156938265,381.03812576964003,394.8902587890625,81341680
2021-02-08,398.33583572852757,404.3108732644555,388.67617955586576,389.8014831542969,20107375
2021-02-09,390.36914582953165,393.35666480271686,385.95758343954236,388.2081604003906,11154615
2021-02-10,388.3774382072007,390.94669096500974,385.78824920769694,388.7857360839844,14304705
2021-02-11,388.2181011104293,395.2985363800582,386.6347198133152,390.56829833984375,11233885
2021-02-12,390.3691091809181,393.3566278736292,387.58077055729905,388.5865478515625,8453765
2021-02-15,390.3691266205572,398.1366634123741,389.77161677719903,395.53753662109375,14652175
2021-02-16,398.33586909860384,408.0950857352736,397.9375393076282,402.24951171875,27400915
2021-02-17,401.3432814924556,403.0163151875248,392.19151275318217,396.2346496582031,21976120
2021-02-18,394.1831710267294,395.3184427453514,386.0073365128017,387.4712219238281,17691040
2021-02-19,386.83394076140524,392.3309649241443,383.41818751878964,386.1368408203125,13678415
2021-02-22,386.1368052216739,390.7774214084133,382.7210826845755,388.29779052734375,19266380
2021-02-23,391.3649660089787,391.3649660089787,371.6473539235502,373.03155517578125,27862010
2021-02-24,376.2481252220263,383.1990661847687,368.86895013412646,380.64971923828125,19107080
2021-02-25,383.7966049493083,391.4048346594023,375.9394457108961,377.5228271484375,28112580
2021-02-26,372.2448401720022,372.2448401720022,353.1247375805214,354.588623046875,42000480
2021-03-01,360.6931132303054,369.4365836530858,358.78108783728123,367.5444641113281,16300220
2021-03-02,367.46479662916124,372.1253184633941,362.50550469338333,367.39508056640625,19185745
2021-03-03,369.45646184222227,380.1617366799686,368.6996140821863,378.3194274902344,14378090
2021-03-04,371.2290826371163,380.4903787051067,368.4606497814102,377.9609680175781,20112570
2021-03-05,373.5394731165989,384.0555377925912,372.04571358432025,382.9003601074219,27039930
2021-03-08,382.4024307655916,387.9492649847671,377.08465060963135,381.5758972167969,23490050
2021-03-09,381.9642420927391,396.54334871233067,381.9642420927391,394.14337158203125,39591725
2021-03-10,394.99981043881735,398.2064154844799,389.81149411760043,391.1558837890625,13807350
2021-03-12,394.1533021703949,394.3524822469668,380.80905758662516,385.4197998046875,13101325
2021-03-15,387.1824595742562,387.1824595742562,377.04481881703555,382.1335754394531,13217765
2021-03-16,383.41817923333457,386.72437423519483,378.41907502494223,379.0564270019531,13846120
2021-03-17,379.0564210956355,381.94435001875684,370.65153197111,372.11541748046875,13474970
2021-03-18,374.6348680367937,377.00494074630717,363.5013582606497,364.55694580078125,10987875
2021-03-19,362.17697292903716,372.8424084902497,361.30062905793733,365.30389404296875,24015080
2021-03-22,365.074792420332,368.4506727593308,359.4980847505119,363.0133972167969,12170485
2021-03-23,367.2656318591049,367.2656318591049,358.27320149810623,361.021728515625,21254280
2021-03-24,358.5022425271353,359.4980820897107,353.1944310304777,355.0068359375,15230805
2021-03-25,357.0881665321073,358.26328041007366,347.5480361048808,351.1131286621094,20565065
2021-03-26,355.5147598126711,356.9886134550368,351.0832611545586,352.7363586425781,16553785
2021-03-30,354.9371894169638,358.89067413210864,353.5230837102522,354.76788330078125,27877620
2021-03-31,354.27992418873544,354.3197358935583,347.0700244453195,349.1413879394531,18991915
2021-04-01,352.52722242182443,361.1412289819752,348.67332798835514,359.4084777832031,19013260
2021-04-05,355.73384291158453,358.4226221373648,345.43686452179674,350.376220703125,12241205
2021-04-06,353.7222612618641,354.8077228501399,344.30159614712164,352.18865966796875,14365225
2021-04-07,351.7404950962412,360.63336578292063,347.6675147966043,356.9089050292969,15790710
2021-04-08,357.70563876261224,363.2225689175579,354.2600114580443,355.1662292480469,14451450
2021-04-09,352.5272372242361,359.7869168052598,347.3687951145329,358.3529052734375,15696920
2021-04-12,349.98784891793895,352.1288980369642,343.226089344086,347.05010986328125,16641680
2021-04-13,347.7074067761007,355.72390451557584,343.2560019289385,353.6924133300781,15593710
2021-04-15,358.5022473208595,360.39433643693053,349.06167720078986,353.17449951171875,17734430
2021-04-16,353.32388533334176,356.14212847918657,350.54551467231755,351.3521423339844,14561395
2021-04-19,342.5688521523573,342.5688521523573,333.60629497395263,338.73486328125,19327115
2021-04-20,343.56468699080636,345.27753244302284,335.4685055913942,338.1274108886719,16585040
2021-04-22,336.5440180242062,346.50241441029766,332.45110130640336,345.7654724121094,17952220
2021-04-23,345.33725522908463,349.808565307528,342.6186021808048,345.3970031738281,9467250
2021-04-26,346.5522081865467,355.1164355014637,345.21778666396654,350.4658508300781,16265310
2021-04-27,348.54388974546254,351.05339481100833,343.47506939575237,348.6036376953125,22666800
2021-04-28,351.03346694723734,363.2822821482998,349.3405274326648,360.7827453613281,20872995
2021-04-29,363.5013722986179,367.5544469031529,354.62843751191184,359.49810791015625,19800475
2021-04-30,354.5189310890489,358.90061966483535,346.4426857576338,348.3049011230469,13108915
2021-05-03,345.5563542295927,350.3363723335836,335.5979578541002,343.654296875,27969345
2021-05-04,348.7430319724595,351.33219055980464,343.62440195990763,345.0882873535156,21275755
2021-05-05,346.75134754913034,354.12055422777814,342.94723312959144,352.67657470703125,12058215
2021-05-06,354.85747041062484,357.24747931184237,351.17288221850964,356.1620178222656,11901275
2021-05-07,357.7056059398371,361.09145459129184,353.22432762127875,354.588623046875,8053650
2021-05-10,360.2947553697522,361.1412251084527,356.63007293299717,360.3644714355469,6662450
2021-05-11,353.84174608903965,357.3869327552555,349.19116162583214,349.62933349609375,14779880
2021-05-12,349.34050303929405,349.34050303929405,341.68249444540635,342.3397521972656,15909150
2021-05-14,344.3414413334431,344.3414413334431,338.8045751760729,339.9099426269531,14689460
2021-05-17,341.97132127254145,349.5397085034453,340.57715187515186,347.37872314453125,21057205
2021-05-18,352.12888398285446,352.7164256922134,348.56376124324345,349.5596008300781,23292070
2021-05-19,348.13554601607626,348.61355994258906,344.0525977667875,344.6700134277344,11860210
2021-05-20,344.9588343182736,345.9546739268082,339.60121236185915,340.2186584472656,12990190
2021-05-21,341.67261385826964,351.42189322210925,341.67261385826964,350.0675354003906,21465560
2021-05-24,351.26253307867546,354.29983187562635,346.9505303460488,349.93804931640625,18069535
2021-05-25,352.606854577152,353.30395441856456,346.1538337415872,348.6434326171875,11008125
2021-05-26,350.5455339465545,350.8940535205359,345.93479138584917,346.6816711425781,14225500
2021-05-27,346.55220424565647,355.20605338637336,343.70411738446603,353.9712219238281,26699940
2021-05-28,355.7139331291476,361.0914611306823,354.1703634459885,358.6516418457031,16235045
2021-05-31,358.3031069522023,360.8524541177225,355.51476798698195,360.035888671875,11554045
2021-06-01,361.48978336170404,363.28228252791337,356.11225547246255,357.9047546386719,11449080
2021-06-02,357.10809541858634,357.10809541858634,352.5272270678308,355.1363220214844,15494245
2021-06-03,356.510614329014,364.0690340417971,356.510614329014,361.3304748535156,17220655
2021-06-04,362.485628161363,362.67484012379526,357.9047597493329,360.7329406738281,7543530
2021-06-07,363.48146425854304,363.48146425854304,359.89643551924013,361.4698791503906,5480695
2021-06-08,361.48978132003606,361.78852104917917,356.0823794882522,357.2176208496094,6655155
2021-06-09,356.4906657967951,360.8922597464423,353.52305289106096,355.0964660644531,10188570
2021-06-10,356.0525538564789,359.09982106991856,353.7222924809436,358.4126892089844,9272445
2021-06-11,360.2947558652579,360.493935941913,356.1122477710178,357.376953125,8109640
2021-06-14,356.49069991417934,356.49069991417934,350.43597763547825,352.13885498046875,12715010
2021-06-15,353.68244633874195,355.345481688775,351.7306089542189,352.7065124511719,8679120
2021-06-16,352.6965186775184,354.7081036956675,349.1413640705005,350.655029296875,14227715
2021-06-17,347.9962028632503,352.88574915247784,345.7555634896897,351.74053955078125,12891210
2021-06-18,353.51314281739,353.8517246852189,345.20784295654977,350.6252136230469,13393945
2021-06-21,346.55218087320003,353.96122993001404,344.8194296938301,352.9355163574219,6396605
2021-06-22,354.518940358727,355.51478007883577,349.3405616579147,349.9580078125,7858715
2021-06-23,351.33217276583684,351.33217276583684,344.01277655911525,345.8948974609375,38011745
2021-06-24,345.5563375427949,347.129750722273,344.00283021448547,346.1339111328125,17976965
2021-06-25,345.5563659667969,349.3405445617723,342.74809079977445,345.5563659667969,47888225
2021-06-28,345.5563913554451,348.145580769373,343.0070440406716,345.1679992675781,17502535
2021-06-29,346.1140406937356,346.1538827907619,338.98382485680855,339.7506408691406,51973310
2021-06-30,339.7506408691406,347.24931252936807,338.27678718532366,339.7506408691406,44110495
2021-07-01,340.5572523069927,343.6045191855895,339.81037257418734,341.7920837402344,14941930
2021-07-02,343.96300986960927,344.1621899563401,340.5771611294858,341.6028747558594,11212755
2021-07-05,343.9630062506367,346.5123533027739,342.8675765663713,344.77960205078125,9438355
2021-07-06,344.3613415873926,350.5355596233682,343.96301180230716,349.60943603515625,18461110
2021-07-07,349.73883488925924,352.2284335704453,347.1795201512539,350.89398193359375,13630910
2021-07-08,350.1372154240805,351.1330550411054,343.56466787359346,345.0185852050781,11040075
2021-07-09,344.3613580963679,344.5605381937668,341.563050954425,342.5788269042969,8490830
2021-07-12,344.9588207867193,347.1496799958008,343.59452543904155,344.9488830566406,8685325
2021-07-13,347.1496933041626,349.04178248057093,343.2858307639909,347.9762268066406,10333195
2021-07-14,346.55219157808074,350.12725220639476,345.67584784032766,348.1754150390625,10794920
2021-07-15,349.93809554564405,349.93809554564405,346.5522463434012,348.55389404296875,9752780
2021-07-16,349.63932521777343,350.933904673266,346.5522160655035,348.4443054199219,9190250
2021-07-19,345.33726052256304,346.55218606865816,340.9754781457525,343.1264953613281,10731685
2021-07-20,343.1265139002212,343.325693990256,337.78882786217457,339.11328125,10719295
2021-07-22,339.89003671229943,342.95723992705956,339.2128730277059,340.0195007324219,9291265
2021-07-23,340.57715109340853,344.02274767989405,337.42032611637455,343.1563720703125,9979000
2021-07-26,340.8958041083189,348.5438446047565,333.2776375829372,346.6716613769531,19695475
2021-07-27,348.94220930629893,349.14138939370025,337.36058924710875,338.17718505859375,21505655
2021-07-28,339.58133330896135,339.74067130577487,327.8304371571555,329.1947326660156,25263775
2021-07-29,331.41539330520584,331.41539330520584,325.65944186588086,326.9639892578125,14971325
2021-07-30,326.9640058106084,332.5905239201354,323.8470533591262,329.58306884765625,16110005
2021-08-02,331.61461563126494,334.06437275088035,330.1208561013944,331.634521484375,12954880
2021-08-03,331.61459448636003,336.4444227364312,331.61459448636003,335.7274169921875,16150700
2021-08-04,338.3265487441701,349.19116283696894,335.59795786221565,348.5339050292969,35020800
2021-08-05,350.87411564908035,357.1080811747026,349.0517425808306,352.8757629394531,30260460
2021-08-06,352.32805108513264,355.4550021298855,349.7687663173007,353.96124267578125,18202345
2021-08-09,353.961239036647,356.4309322493289,350.953814307258,354.6981506347656,7984430
2021-08-10,355.5147475262585,363.46155870570163,354.3794757617893,361.1412353515625,22974240
2021-08-11,362.66563216085916,362.66563216085916,351.1380386983768,354.81451416015625,15509515
2021-08-12,353.71855794737223,356.8869238225426,351.1081671993599,356.2293395996094,8208450
2021-08-13,355.4920074655726,358.4810098727575,353.4694503862724,356.2890930175781,9199585
2021-08-16,355.4920154190266,358.91940735506967,353.05101497530245,355.1632385253906,7768305
2021-08-17,354.4956857612306,357.6839672696491,354.10713124563733,356.3588562011719,7096685
2021-08-18,356.35887043792263,356.7972295172797,347.84019469496536,348.6571960449219,13818265
2021-08-20,345.1301422611098,345.1301422611098,338.1558032357179,339.46099853515625,28216210
2021-08-23,343.64559960668066,343.64559960668066,338.7535955052585,342.1112365722656,15465845
2021-08-24,343.7352631060321,343.7352631060321,337.0797586423914,339.7300109863281,23539855
2021-08-25,339.74995760948036,342.08137595729465,337.5580102368141,338.1956787109375,14569050
2021-08-26,337.51812416238266,342.04145874543354,336.5417058714727,338.2554016113281,21912885
2021-08-27,337.75725287827044,343.4961469047882,337.75725287827044,341.4536437988281,18306575
2021-08-30,341.9318878520832,346.6345858228224,341.9318878520832,345.8973083496094,12806265
2021-08-31,347.53130605594464,350.62992101658836,346.5349719242156,349.4542236328125,22463045
2021-09-01,349.4642158821929,349.48413161986673,346.32576927615264,348.0494079589844,36331770
2021-09-02,349.11545442050794,356.3687652831954,347.5213138165288,353.9775695800781,28819220
2021-09-03,357.28541168383333,360.96188691794583,354.20674298641535,357.0562438964844,24225670
2021-09-06,360.27445657170045,360.27445657170045,352.7023104913106,353.6089782714844,9509655
2021-09-07,353.6089465354138,354.5853649200546,347.9198872180589,351.6760559082031,14614185
2021-09-08,350.7295336782649,364.2597683521793,349.71328379960187,361.7390441894531,76247785
2021-09-09,363.8612120049464,366.98968515210254,360.03526244563943,362.2371826171875,18214625
2021-09-13,364.3594201937598,368.60378310610525,357.6341645081911,366.66094970703125,16358075
2021-09-14,368.6436290193053,374.4223548254341,367.677183694567,372.18060302734375,20840400
2021-09-15,373.4260481409544,378.2981370016564,370.23779692607985,372.9677429199219,24070115
2021-09-16,374.02383210462824,380.59964354545514,372.2304428051778,379.96197509765625,20643915
2021-09-17,381.79523000857864,401.921160096303,381.1974234819585,400.1177978515625,73192445
2021-09-20,396.5409876247103,405.9463843365065,394.8173186168707,398.8226013183594,29405445
2021-09-21,401.9211930239174,404.04338964414455,397.7565235432522,400.71563720703125,19334440
2021-09-22,401.8215775937209,402.99727507823525,394.30923948890415,395.6542663574219,9559045
2021-09-23,399.3307035548595,408.8955171980876,396.7203130226192,403.3160400390625,14945535
2021-09-24,404.51163793972563,408.96525250962515,401.3034409743204,404.1330261230469,10574440
2021-09-27,404.75078293547966,410.0911498903174,403.6149777942056,405.1792297363281,9150320
2021-09-28,406.50431823272504,414.03660169693393,401.1041739600452,412.1236572265625,19496335
2021-09-29,410.46977186977153,410.48968760758163,402.54890287137175,404.6013488769531,17101570
2021-09-30,403.60503307169876,405.5080351161376,397.8960269383823,399.6296691894531,22863740
2021-10-01,397.9358555680114,400.68574756661945,392.9342690541786,397.2483825683594,16869890
2021-10-04,397.53731384921235,401.50273459255885,396.14245216246127,396.73028564453125,10215265
2021-10-05,397.5174100081658,398.1251592447669,393.651628642273,395.0166015625,13599035
2021-10-06,393.7611783350472,399.5299610999373,386.9960919082789,389.716064453125,14896375
2021-10-07,392.15711713264807,394.99667546606736,388.4208641691238,389.0585021972656,11110650
2021-10-08,388.570314426335,391.78848464315047,384.7842568583091,385.8503112792969,9689170
2021-10-11,388.37104024386616,399.5299949072998,387.57398508463746,393.6316833496094,11880835
2021-10-12,394.54830243194556,399.33069393550585,391.55930014079445,397.5572204589844,9454510
2021-10-13,399.33073517704497,402.9175443780006,397.44767935011,400.3968200683594,8712390
2021-10-14,400.12779055305054,403.6149599894342,395.5446474983768,402.0805969238281,8261780
2021-10-18,402.0806290095384,407.8892744471487,400.1178494110604,400.8451843261719,10833895
2021-10-19,400.90491892285,407.49067271104127,396.95944441127324,405.5777282714844,8476015
2021-10-20,406.9028671925117,407.4907007015926,398.17500057682156,401.6123352050781,8974465
2021-10-21,404.71095988344695,429.42003561748356,402.91754009916116,427.17828369140625,47477590
2021-10-22,429.4001280734585,438.7158285972414,422.9936760052409,432.6880187988281,29659130
2021-10-25,428.82217598450933,434.98948628635765,421.4592830467174,429.3203430175781,33886310
2021-10-26,429.32037917645124,446.35769922348885,423.18295716344363,440.5690002441406,53345005
2021-10-27,438.38701505447875,448.9481628619321,433.7241786462684,436.0456237792969,22752840
2021-10-28,436.0456488361006,436.39437188107377,416.54738158961555,418.1614685058594,15511445
2021-10-29,413.9867934823311,417.8525746726263,401.5226441054604,404.7408142089844,23331725
2021-11-01,409.4933327209732,415.8300032749097,405.4681342701672,413.7775573730469,9832940
2021-11-02,411.71518713101227,417.16513635133447,410.4896851346773,413.8074645996094,7681030
2021-11-03,414.47501109839015,420.77185029513885,404.1131419020715,406.0161437988281,10336455
2021-11-04,406.50434608447375,410.8882104022827,406.30506708587535,409.8918762207031,1025885
2021-11-08,409.49334575343175,423.9601070223163,409.49334575343175,422.2165222167969,10609980
2021-11-09,422.4456861471121,423.8306052318143,415.1325970214576,417.90240478515625,8887865
2021-11-10,415.47131273363084,416.73664607336116,411.09739151323225,413.6878662109375,7228940
2021-11-11,413.08013716365247,414.01669368008754,408.0088000810057,409.3139953613281,7735765
2021-11-12,412.0837697794467,414.47496542189407,409.10471028959927,413.4188537597656,7172140
2021-11-15,414.4949104344038,420.05447186163417,414.47499469801994,417.92230224609375,9096640
2021-11-16,418.4404414477786,419.2275235608521,412.4823520827512,415.0429382324219,7725535
2021-11-17,412.4823605691065,414.8436677683209,407.6003290493092,409.11474609375,7233815
2021-11-18,408.4970147962274,410.97787718065166,400.307146600426,403.40576171875,13965995
2021-11-22,407.3014118535196,407.3014118535196,386.7769515040991,389.6563415527344,13741645
2021-11-23,386.17912883425186,397.1686934693312,385.12301705071684,395.1261901855469,16148125
2021-11-24,394.45865422522087,403.5053548656416,392.555652363303,400.8052978515625,9737415
2021-11-25,402.5189750406212,408.0984520629191,401.1340560515606,405.52789306640625,15822140
2021-11-26,398.93216742985527,399.92850152953304,389.58654870996475,391.4197998046875,13237765
2021-11-29,397.13876548179263,407.5006337051347,386.01967363714425,402.43927001953125,20859500
2021-11-30,403.11679359548657,406.42463019228137,387.9525869764696,390.94158935546875,21329080
2021-12-01,394.34905328525394,395.7239993081194,386.5776589025874,389.2378845214844,12928465
2021-12-02,388.0821291396655,394.73763404392827,387.6935442217776,391.4098815917969,9664645
2021-12-03,391.89809365475344,396.5210989737719,379.64319506086525,381.43658447265625,17458620
2021-12-06,382.59231409340805,383.8875363277963,374.0238343112167,375.6578369140625,15406680
2021-12-07,380.9981755144817,391.320213190853,380.6395098127391,386.0097351074219,36722375
2021-12-08,392.5556512979128,392.5556512979128,381.68564217800935,382.6819763183594,25627975
2021-12-09,383.7879076389165,385.95990868043407,375.8371505716182,381.8649597167969,23272265
2021-12-10,381.59596400510645,382.59229811478036,376.31540538611637,377.9593505859375,15274610
2021-12-13,380.5996551844366,381.7952683577696,371.08467596710807,373.2467041015625,20425550
2021-12-14,373.2466855555206,373.42601840089804,361.8785095249634,366.73065185546875,50556260
2021-12-15,367.76683787731247,374.97034436147345,366.00333746756354,372.1108703613281,26528735
2021-12-16,375.79729548334285,376.8036026727592,368.82295665449465,370.7857360839844,15272310
2021-12-17,369.6399751851164,370.6263362785608,356.6876310411635,357.4448547363281,14675630
2021-12-20,354.6949797401811,354.6949797401811,343.2172205553175,347.22247314453125,16345895
2021-12-21,350.91883535425075,352.30375438945435,342.93821965018196,346.03680419921875,11321155
2021-12-22,348.31844931068173,352.70231379650244,345.359335461754,351.1878967285156,17269195
2021-12-23,355.6714042653244,356.4285976040172,352.17426138924145,353.8182067871094,9598245
2021-12-24,354.6949717035159,354.6949717035159,344.73162980173174,348.39813232421875,11357850
2021-12-27,347.34198478067265,354.48571356781855,342.9382051403389,353.3897399902344,8269165
2021-12-28,355.6912643026964,356.627820764409,351.8155101613554,353.6786804199219,6428355
2021-12-29,353.4993457352051,354.6949588824844,349.5339552612827,351.5465393066406,7059540
2021-12-30,350.51034265532263,352.6923168815555,347.451619915762,349.7630920410156,12491975
2021-12-31,351.1081313364836,358.87955557269095,350.7195768478103,357.90313720703125,11064460
2022-01-03,358.0825032801248,364.27970318368494,357.0064757290025,363.5523986816406,9925545
2022-01-04,364.6583234489444,370.03852214000045,361.72909841829136,369.1617431640625,13177875
2022-01-05,370.03851845033046,384.2562270458583,366.6709039652871,383.020751953125,21040835
2022-01-06,380.02178424649094,381.59597882239154,373.62530563550087,376.992919921875,11290150
2022-01-07,376.9929109179703,383.6683313091358,375.33899262250713,379.453857421875,11516755
2022-01-10,379.4538537642794,389.62641656444055,378.8759629504073,388.16180419921875,14310435
2022-01-11,388.17178103888926,389.4171986946829,382.6321657383757,385.9399719238281,13570095
2022-01-12,389.52677144212856,393.7811375111788,388.0023814844969,389.8854675292969,10746980
2022-01-13,390.5629750722542,391.9379210228804,383.1004422426633,383.8576354980469,7435760
2022-01-14,380.4003457445611,387.57396339906165,378.20842897647185,386.2189636230469,9143810
2022-01-17,382.9908198222502,389.15813029930064,382.3133199353987,386.0694885253906,8382365
2022-01-18,384.58498827080984,393.55199576935206,384.58498827080984,387.0060729980469,10407280
2022-01-19,387.57396306855037,387.57396306855037,378.62687194677574,379.7328186035156,7608510
2022-01-20,383.58867242484547,383.58867242484547,374.02385788843515,377.1324157714844,7449105
2022-01-21,372.28023173841757,378.8062383605849,368.5539519206845,377.3615417480469,8769480
2022-01-24,375.43862545893694,376.19581870430125,360.6729466973293,364.8376159667969,12737170
2022-01-25,361.6095207758306,373.40611352651104,355.1333487660441,369.5702209472656,12845325
2022-01-27,366.6510062804747,378.31807190694246,362.8948370806673,376.46490478515625,18593095
2022-01-28,377.610634820439,389.9452562000668,376.34530142289907,378.2682189941406,24859820
2022-01-31,382.5923303565311,386.3584723922499,366.8502622593523,370.0883483886719,22583125
2022-02-01,375.0201479237625,379.60329084980907,365.47528065570737,375.0799255371094,15485430
2022-02-02,380.75909305100555,388.1718221559378,377.98928510735726,387.09576416015625,13552540
2022-02-03,386.5577344390981,387.065844179687,377.8198644844882,380.41033935546875,11198565
2022-02-04,381.3967311446663,382.1938167722225,374.67147509105627,375.4585876464844,8856335
2022-02-07,368.64362388831444,376.614296837251,362.66561917661204,364.34942626953125,10269795
2022-02-08,365.65462572653007,368.2550432112094,357.30534085183984,362.22723388671875,17846850
2022-02-09,365.77418780128903,368.2052455565433,363.19368600487275,365.6546325683594,8120290
2022-02-10,365.6546502613983,376.3951316877255,364.70812061206294,372.071044921875,12540405
2022-02-11,369.46060021890946,369.46060021890946,363.0641222307346,364.3095397949219,9298775
2022-02-14,356.69757446252083,363.4327721816401,346.3157599485273,348.0892333984375,15134105
2022-02-15,349.91256111311077,362.46634691605385,347.92983550439504,361.2906799316406,10276375
2022-02-16,361.6892141254352,369.2115552416747,358.68029592236275,364.66827392578125,11348780
2022-02-17,365.65462532421674,367.497849543913,360.7526480312785,362.1275939941406,14051145
2022-02-18,360.4836859022949,364.8576077737532,359.84604780503975,363.9708557128906,6148340
2022-02-21,360.2744707228182,368.9027289727115,359.09880360570486,364.0804748535156,6719555
2022-02-22,356.687600501504,368.4642766199001,356.687600501504,366.9996643066406,15110375
2022-02-23,369.2214550669611,381.1675208792763,369.2214550669611,375.8371276855469,34579605
2022-02-24,365.5251172245273,373.5057637683104,354.04735837073326,357.6540832519531,24780215
2022-02-25,362.854945971156,371.8817311727933,358.8895250048266,369.9787292480469,19969430
2022-02-28,366.0531658839889,369.0421683768996,361.60952402479256,367.1989440917969,13562810
2022-03-02,361.03163641125127,362.536110742631,353.7584091090681,359.87591552734375,14154775
2022-03-03,361.2607938761947,362.58593531583364,353.22037003113866,357.135986328125,14810715
2022-03-04,352.7022752982916,355.88058354487663,345.4688799225183,349.1453552246094,12745970
2022-03-07,337.4583756970653,344.91093539076627,334.7782345049144,341.1248779296875,13489675
2022-03-08,338.75360017455824,344.6319653905641,333.28373559568263,343.3566589355469,27182480
2022-03-09,343.3566709407075,348.3483147770452,337.15947129284166,346.5449523925781,34597305
2022-03-10,358.6803067291926,361.2707816922669,345.9272413188816,349.5837707519531,20942345
2022-03-11,347.72059478637567,354.6750176281563,345.92720560018853,351.3074035644531,12531700
2022-03-14,347.8103100993156,358.1522641942389,347.1228370533034,356.4385681152344,16583245
2022-03-15,355.4919969231997,356.67763694201176,341.54331943666176,345.4788513183594,24037275
2022-03-16,350.70962563920284,353.6587662502985,349.26492893948637,350.80926513671875,14636205
2022-03-17,356.68764420394064,364.1800664545723,355.2031159732532,362.6656494140625,16795035
2022-03-21,361.79882370794957,364.658297845266,353.30009464925945,354.1170959472656,11988495
2022-03-22,354.11711855624435,361.39034613229205,349.78305865842646,360.24456787109375,16987280
2022-03-23,361.6693085343855,364.1103394457293,350.31110492601715,352.6524963378906,16131700
2022-03-24,341.7426323808937,344.5124402550995,338.95290876863857,341.5732421875,98550890
2022-03-25,344.3330951084752,345.0902884015211,341.1448136033472,343.18731689453125,15195750
2022-03-28,344.3331217476598,344.3331217476598,337.16947608128453,343.7751770019531,15351020
2022-03-29,346.32573853829615,346.9035989366138,342.4898461799401,344.7315979003906,12928950
2022-03-30,348.5974160721048,352.4731403137152,345.927247703431,351.3273620605469,16790770
2022-03-31,349.7332144054347,354.4458860429383,348.11915789188095,349.484130859375,14242040
2022-04-01,348.57745569693503,354.69496205292364,347.84017814608904,354.02740478515625,11868865
2022-04-04,356.0897956323016,366.6509430065662,345.72792723716975,365.86383056640625,19987830
2022-04-05,365.86385409955864,366.26238167775495,357.52454214283773,359.1186828613281,10664355
2022-04-06,356.1894654244454,357.28543909150795,353.0510188731754,354.5754089355469,11745005
2022-04-07,352.90160189405873,357.0861874814454,351.307461020227,351.99493408203125,21943915
2022-04-08,353.7484200687276,356.68761790931245,349.93247373608494,355.5916442871094,11908355
2022-04-11,353.69863906780427,359.90581204595003,351.3672207012252,355.3824462890625,9589710
2022-04-12,352.91149788885315,361.2010050119424,352.70227623857994,359.0489196777344,12061210
2022-04-13,360.21465796402475,362.366743381844,353.25026156302897,354.6152648925781,9618460
2022-04-18,353.81819423003776,353.81819423003776,344.73163124254614,348.7966613769531,9800705
2022-04-19,351.3074544255607,352.04473202351323,336.1631620170066,340.2481384277344,11947870
2022-04-20,341.34409796115733,344.13382151768405,335.4457862057356,342.9980163574219,16007725
2022-04-21,343.7352987333433,353.3897795563103,343.54599280303364,350.8790283203125,13653455
2022-04-22,346.7242643324877,348.4977378016383,343.01790029063636,344.2832336425781,11280190
2022-04-25,339.2518015362671,346.3058344275849,337.5580212018501,344.5024719238281,10746970
2022-04-26,347.93979848018824,348.31841030621507,344.98068496262005,347.2622985839844,7273885
2022-04-27,343.5360236225797,349.11550128259364,343.5360236225797,347.023193359375,14112960
2022-04-28,348.5176700228087,353.30009213841134,345.20986378622024,351.8354797363281,11712485
2022-04-29,352.49306438875743,360.73273679183046,352.1044794788849,356.8370666503906,18443295
2022-05-02,351.8155036124422,354.7845900427844,348.72689236609915,353.5690612792969,9897330
2022-05-04,352.303789704016,363.4029372119361,352.303789704016,353.8182067871094,28732370
2022-05-05,358.8795566667024,362.86489308540774,355.551774000064,358.2020263671875,17840235
2022-05-06,349.74316702255874,357.6739781516722,348.7169440890392,353.7583923339844,14237415
2022-05-09,347.72059814798445,355.49199190419665,347.3220705922793,352.2041015625,10846810
2022-05-10,352.7022787443701,360.43384125119076,352.2041116839967,358.11236572265625,9949270
2022-05-11,358.28177154319,362.267108200165,357.88324395863367,360.6629943847656,13109420
2022-05-12,359.2382626495166,359.9954863838424,350.1118375781812,350.88897705078125,21411340
2022-05-13,355.69128620302115,357.6839544730661,349.9125603821728,354.60528564453125,13685110
2022-05-16,354.89423165821376,363.6619598989756,351.9351180559583,361.2408752441406,15195905
2022-05-17,363.2634466590897,367.627395214983,362.1873887217896,366.71075439453125,15103905
2022-05-18,368.03587014040073,371.43334268604434,366.82034131442214,368.0059509277344,26608920
2022-05-19,361.0714997510634,364.12027990096493,354.36619019788213,355.3724670410156,15541605
2022-05-20,360.8722545624393,366.6310649449767,357.57439083712524,364.4889221191406,13248360
2022-05-23,369.042152581306,372.92784957463476,366.90004030088033,369.5004577636719,14130390
2022-05-24,370.22778959042193,376.61429490670423,367.2088984427154,375.13970947265625,17109500
2022-05-25,378.1785595174548,386.8765371621093,375.87703007007775,380.1114501953125,31263010
2022-05-26,381.5859571148781,382.9907917336947,375.4286201601765,380.3305969238281,24749145
2022-05-27,382.79157780408536,388.57030348855665,381.19743714452994,387.8130798339844,12201835
2022-05-30,387.62380317703304,388.9190558631792,377.7202389286845,379.2446594238281,19939000
2022-05-31,376.8334932461474,377.8398004402799,364.32951216382156,368.01593017578125,74151530
2022-06-01,366.65094072961244,373.4260002982045,365.72435733437646,371.65252685546875,11913225
2022-06-02,368.2849436686592,374.422334840153,367.8465542413092,370.1679992675781,13321505
2022-06-03,374.422335656003,374.422335656003,369.2613324113315,370.3672790527344,9076875
2022-06-06,367.6473020520391,374.0238345430743,367.278663280748,372.4894714355469,12940485
2022-06-07,371.4333636206735,371.6326426154573,365.0568310617639,370.2676696777344,8558195
2022-06-08,370.6363112541567,374.64156367165555,366.4018910314949,367.7469482421875,7328080
2022-06-09,366.40189947458947,373.19690596819754,364.2000094216643,371.6725158691406,6404340
2022-06-10,366.6509710680812,369.48055643524805,355.5019893795057,357.0462951660156,14299750
2022-06-13,347.3220904808155,349.23503502002154,342.46994803928425,346.19622802734375,11747225
2022-06-14,345.8475189310618,348.44796697614845,343.0577953632547,346.6645202636719,7755235
2022-06-15,346.3257618619569,348.71695777700086,344.5124263841471,346.0567321777344,8850845
2022-06-16,347.1228207228637,349.42435023620874,332.77561467433304,333.9313659667969,14866460
2022-06-17,330.9821994589932,335.5055343710017,328.5112799503395,333.4929504394531,15819320
2022-06-20,333.4929668217069,336.73105279869606,329.188796010309,334.6088562011719,8837885
2022-06-21,336.7609187687922,340.54697610746183,333.2837225622175,335.067138671875,12518015
2022-06-22,331.7792942337186,333.941352862942,329.38809819425666,332.7158508300781,8859625
2022-06-23,333.77196106739217,337.7572979159581,328.5511795255972,335.5852966308594,12454005
2022-06-24,338.75361816766235,341.72270494353893,336.7908386344038,338.4347839355469,8088605
2022-06-27,342.1809926016304,342.7190215400219,335.76459843644204,337.0697937011719,10640560
2022-06-28,335.7446654233663,337.2291934559344,331.71946727214015,332.5364685058594,13997215
2022-06-29,328.7902407664094,330.5736872526482,326.13998851033523,327.2857666015625,14664150
2022-06-30,325.2034641152592,334.1505558283588,325.00421552645435,331.00213623046875,19910320
2022-07-01,327.7939017175665,334.668600566065,326.0005125938546,332.32720947265625,11502570
2022-07-04,332.08811972644,335.65501286694877,330.7928975458979,332.9549255371094,9343905
2022-07-05,333.77196997806396,337.71744504987805,330.1752179709506,331.3907165527344,13210485
2022-07-06,335.1668255988803,341.22455468497816,332.9749085578337,339.65032958984375,27864745
2022-07-07,342.34040856207855,347.52132772523595,341.951823661847,346.4253845214844,15850325
2022-07-08,349.7132489924696,350.00219437845305,345.16996819015174,347.6707763671875,8890745
2022-07-11,347.322111726556,348.1191669323636,344.3729709782193,346.973388671875,7665895
2022-07-12,343.0378644218609,346.5250342390102,341.13489279295374,342.5297546386719,9144160
2022-07-13,343.5360301210424,347.90995198267245,343.41647487843244,347.1328125,18067340
2022-07-14,346.72427199531046,354.0971383646446,346.1364385161868,352.7122497558594,32854910
2022-07-15,353.16061322592105,356.6876448195785,352.7023080059519,356.2293395996094,11668660
2022-07-18,358.6802894130883,368.6436307856741,357.5345112363819,367.7768249511719,15585190
2022-07-19,365.6546263914566,369.04215635862886,364.26970735343735,365.6446533203125,14475875
2022-07-20,367.8963788769765,368.64362947726823,362.2870128392069,364.2099304199219,12857345
2022-07-21,363.6619442709052,363.6619442709052,356.2492161798858,358.78985595703125,10933370
2022-07-22,358.87960885457284,367.0495314575575,356.62788372073567,364.0804748535156,16747900
2022-07-25,361.868551224205,368.4045003783297,355.71118348095126,357.79351806640625,9432575
2022-07-26,356.8869228656266,357.6740049920985,349.1154978564681,351.0284729003906,9012235
2022-07-27,350.9387702736958,350.9387702736958,345.19987613956886,349.533935546875,17398225
2022-07-28,353.6587562263423,365.0269323611738,351.70594983434387,364.3594055175781,10772005
2022-07-29,366.1827131211415,370.018605933159,359.4076526159031,360.74273681640625,11939990
2022-08-01,361.6693111397672,371.0348464490221,361.0715045443453,369.7894287109375,8277685
2022-08-02,368.9824035057649,377.2121337170291,365.49523381024034,375.5382995605469,16788030
2022-08-03,373.62529942004073,374.58177167295867,366.6509604975333,368.8628234863281,12678395
2022-08-04,369.9587790560346,370.43699995630095,361.51982815544824,365.7641906738281,11805930
2022-08-05,367.5975139068634,368.6436526507518,363.1937033804705,365.4354553222656,8322855
2022-08-08,364.6583054512635,368.5440026249309,362.0279686532697,367.54766845703125,7779625
2022-08-10,368.24511479380214,368.4941983359509,362.87485903033706,364.32952880859375,8286635
2022-08-11,368.6661506620457,370.1914583394402,365.4759803792382,369.56341552734375,13891690
2022-08-12,370.8594126145072,370.8594126145072,366.1738110919787,367.1109313964844,6982610
2022-08-16,368.9552494164346,371.2182783310211,366.5825419565207,368.13775634765625,6568120
2022-08-17,369.6630754621435,369.6630754621435,365.10711069205655,366.8118591308594,16916670
2022-08-18,366.672276514993,381.2275175502979,365.27657513878745,379.73211669921875,18306580
2022-08-19,382.62323188477285,387.29885447141646,373.0526904529484,374.2489929199219,22819530
2022-08-22,364.2696984162317,366.4729138533539,361.1492903892076,365.28656005859375,20813785
2022-08-23,363.6814873531249,372.6538927689817,362.88395237465244,370.01202392578125,11071500
2022-08-24,369.06495828710547,373.6408814397882,367.1508317278087,372.374755859375,7078125
2022-08-25,373.8701601090987,379.92155650569543,370.09180233243814,372.60406494140625,11022045
2022-08-26,373.3218621722943,384.21834308118105,372.6339753042154,379.24365234375,16715440
2022-08-29,370.46067051021384,374.4384273274298,367.8686360952016,368.8655700683594,18198365
2022-08-30,371.82643904228354,382.8226187761056,370.261245512713,381.9154052734375,19429250
2022-09-01,373.850208146927,383.91924650448584,373.850208146927,379.40313720703125,21039210
2022-09-02,382.21451341727743,384.6170974116216,379.7121995212812,382.59332275390625,16656880
2022-09-05,381.0281832856818,390.19995774259894,381.0281832856818,386.39166259765625,19033850
2022-09-06,387.7973409851444,388.7942749698762,380.82878216755245,381.9653015136719,13839270
2022-09-07,378.83489298297195,381.84562249561446,375.983676549835,380.4798278808594,9881290
2022-09-08,382.8425578366214,386.4115983527019,381.2275297336837,384.82647705078125,12060915
2022-09-09,388.8042229225697,388.9438082727838,382.1247535899376,384.0887145996094,14089865
2022-09-12,383.8195466521629,387.607883254711,382.37398034581787,383.6201477050781,7418405
2022-09-13,385.41467591058966,386.8103773730099,382.85254832571223,383.50054931640625,7922905
2022-09-14,377.2398031877518,394.3471935382023,377.2398031877518,389.7413635253906,18712145
2022-09-15,392.29348329019945,396.2214052264412,383.420777808844,385.6439208984375,18737490
2022-09-16,384.0687982029679,394.7858379970806,380.8486906424191,384.8763122558594,25844110
2022-09-19,383.4407226636407,386.8103642093887,380.34027274991973,384.716796875,8379560
2022-09-20,387.6078980619147,391.13705267688096,385.41466168023635,386.7605285644531,8063650
2022-09-21,384.2183289900828,388.8042311344187,378.51586571648426,382.5235595703125,11191380
2022-09-22,379.941522522312,383.7398692562034,375.0864585496544,377.3893737792969,9286135
2022-09-23,372.87320882380226,376.5818041736121,367.2505174106115,371.39776611328125,13068795
2022-09-26,366.0741681850128,370.46067159494874,362.2160081414267,364.6784362792969,11425880
2022-09-27,365.3164644808933,365.8448382363292,357.3110863990948,358.7566223144531,13700720
2022-09-28,356.90235115253404,360.49131942769657,353.9314770534254,357.4207458496094,8855585
2022-09-29,359.2949691552134,360.89006946971534,350.87089600901294,351.97747802734375,13998135
2022-09-30,352.51583287640716,364.1699925931159,350.4621514777749,362.72442626953125,14023265
2022-10-03,360.4913251690146,361.488259126659,353.5726010690417,355.68609619140625,12200320
2022-10-04,360.49131279980753,364.43916261789764,359.294979922079,363.33258056640625,8344610
2022-10-06,363.88087238764854,366.871674078506,361.25893137082227,362.66461181640625,8740755
2022-10-07,360.98978863074944,364.87782494287984,359.3348746263022,363.96063232421875,5319220
2022-10-10,359.1155599215502,363.2329021317104,357.80957884011093,360.5411682128906,5188610
2022-10-11,360.86019739554644,360.86019739554644,355.566480345233,356.483642578125,7483590
2022-10-12,356.50360329661305,361.48827327999965,354.9483886957173,360.92999267578125,5175590
2022-10-13,359.89311732454934,362.06642580053716,357.50048218614035,359.19525146484375,5864895
2022-10-14,364.47905154018684,370.4606551308113,363.3824181304372,365.67535400390625,8351190
2022-10-17,364.4890081959299,371.2980841369072,362.9337936621333,370.4905700683594,5521415
2022-10-18,372.3448570590357,374.0296778947426,369.88242894715717,370.79962158203125,8049290
2022-10-19,372.6538706570005,374.33869134126076,369.86246797396973,372.7236633300781,4566430
2022-10-20,370.8594461244902,375.4353695104675,369.9323048109417,371.5672607421875,7955535
2022-10-21,372.8532736684859,383.81954642344135,372.1155523279259,379.3632507324219,19709855
2022-10-24,379.3333854622971,381.82572045219393,376.8410504724003,377.99749755859375,3245405
2022-10-25,381.02816669239775,381.1477938981897,367.27045997013596,368.1876525878906,17558250
2022-10-27,375.5849077244946,376.44228679023126,368.7559341218812,371.85638427734375,22967460
2022-10-28,373.6508471449701,377.8080752683059,373.06265974196776,375.694580078125,15243435
2022-10-31,378.63550655459295,381.22754094029784,376.6416386308215,379.2237243652344,9371740
2022-11-01,380.4299960793136,387.10943519640495,379.5128034715887,380.66925048828125,12727085
2022-11-02,382.57340009401577,382.82263357941906,378.33643084216027,380.81878662109375,9320405
2022-11-03,379.7919483989979,381.4269346776198,377.55882609064565,378.86480712890625,7959355
2022-11-04,380.03123263503807,380.4300001288987,377.6983804267336,378.8249206542969,10407065
2022-11-07,380.4299807796562,380.82874825323495,373.1822518847282,375.36553955078125,13123005
2022-11-09,378.43614406216716,379.5527052494747,374.9867610176612,377.5189514160156,11613170
2022-11-10,377.83793987072227,381.82567538386974,377.179959860172,381.2574157714844,12550620
2022-11-11,385.41466744189324,385.5941082494022,377.0204702771948,378.65545654296875,17120150
2022-11-14,379.40316365388014,384.5572951786976,379.0343029573044,383.38092041015625,10711335
2022-11-15,383.81957463852734,385.4744886631746,377.8977844816121,381.30731201171875,9951460
2022-11-16,381.6263079264055,392.52281923739235,381.6163592751269,391.9744873046875,32188255
2022-11-17,391.55580936338026,391.79506378878904,387.4583947841872,388.9139099121094,12043355
2022-11-18,390.9875143024949,398.2850778572924,388.38550096555923,390.7083740234375,21360200
2022-11-21,389.7114262909959,389.7114262909959,385.3747578325419,387.6278381347656,5963050
2022-11-22,389.5718591120954,389.5718591120954,384.8364229660056,386.7605285644531,5833775
2022-11-23,388.90396930779036,391.0972059087807,387.9369420864046,389.47222900390625,12502815
2022-11-24,389.701480031885,390.0603920790318,385.42462481211186,387.77740478515625,7002105
2022-11-25,388.6048607679783,388.6048607679783,382.82265574148744,384.49749755859375,10487705
2022-11-28,382.02512004116585,387.39857846762084,382.02512004116585,384.4476623535156,7822520
2022-11-29,385.13551114175795,386.61095384082967,383.47061814395806,383.92919921875,6817525
2022-11-30,386.61095453488156,389.8011551868323,382.0250829307136,388.2160339355469,14753670
2022-12-01,389.8011490121821,391.1470158416549,384.38780531871083,385.673828125,12355025
2022-12-02,382.2444542299523,385.7935368969715,382.2444542299523,384.9760437011719,7954840
2022-12-05,387.209157390831,387.5979762522232,382.82265389969916,386.5013427734375,6227545
2022-12-06,382.93229294176416,387.4284748860056,382.93229294176416,385.86328125,6833490
2022-12-07,385.31497282762933,385.31497282762933,379.9315355663273,381.1178894042969,11811400
2022-12-08,378.61559516079444,379.79196998480387,374.26897750299224,378.23675537109375,63099190
2022-12-09,381.6262990413334,382.174630961272,374.6976264312771,376.45220947265625,13242275
2022-12-12,371.8563558878808,374.78734407598483,371.45758840068487,372.0058898925781,16407235
2022-12-13,371.60713031307586,373.2022307198119,370.5005482307588,372.5542297363281,34697825
2022-12-14,373.07263786424977,374.03966504868356,371.60714368627305,373.4913635253906,18735705
2022-12-15,373.959895312951,375.206062803542,369.84258348020757,371.49749755859375,10208995
2022-12-16,369.8026632159918,370.25129564049325,365.9146270916758,366.9813232421875,12439140
2022-12-19,366.98134308009236,371.65696575670194,366.9713944288824,370.4905700683594,8568235
2022-12-20,367.86862786969687,371.24824856665856,365.82492544002463,368.287353515625,7052930
2022-12-21,370.9591278274151,371.0488482317794,360.69068991714016,361.8072814941406,11914345
2022-12-22,364.08026131056744,365.8747301060624,362.6845295540633,364.0902099609375,8570465
2022-12-23,362.0764332383573,366.70219081177834,361.27889827108055,363.27276611328125,10510630
2022-12-26,363.2728031888356,364.10024504123356,357.7398011076262,361.5979309082031,23733690
2022-12-27,363.4123179639974,364.4690654774934,360.2919099495387,363.0633850097656,7741430
2022-12-28,363.7612486088328,365.15694999289036,361.93684252280764,362.90386962890625,9521340
2022-12-29,361.76737696835676,362.88393806378866,359.0956014294293,362.63470458984375,10772450
2022-12-30,363.9007936007518,366.4729000463045,363.3425130623698,364.3294982910156,13463440
2023-01-02,364.43917064098287,365.4759904629058,362.1761415376026,363.890869140625,5625005
2023-01-03,363.3325803906295,366.17381773184474,363.08334690989074,365.4460754394531,8317240
2023-01-04,365.8548177901562,365.8548177901562,361.67766226710484,363.0334777832031,8320520
2023-01-05,362.8839425029578,365.4360908734535,360.12244653050965,362.9437561035156,8663090
2023-01-06,364.0803019260614,364.0803019260614,353.04423545780384,356.2643127441406,18998275
2023-01-09,359.09564257595207,362.0864446059883,356.7029766127139,361.2689514160156,17134340
2023-01-10,360.60094530626225,362.0863974761589,356.6830024586442,358.0089111328125,7370655
2023-01-11,358.89624548337804,359.7236873294552,355.72600261670436,359.2651062011719,8018505
2023-01-12,360.29191342802136,360.29191342802136,353.3931477232728,354.80877685546875,17648025
2023-01-13,354.80877915684727,356.3639936517744,350.7213439641759,354.9682922363281,19915985
2023-01-16,356.30416237401204,358.6967975995103,354.9084610278053,355.8655090332031,10590805
2023-01-17,354.90849760026225,359.2850523848693,354.23058979424906,358.42767333984375,10661970
2023-01-18,359.4843945145361,364.27964418182637,358.09867220182235,358.7167663574219,14176160
2023-01-19,359.59407341560234,359.59407341560234,351.91767014094154,352.3762512207031,22128220
2023-01-20,354.68913245095445,354.68913245095445,350.32255721528634,351.4989318847656,21351470
2023-01-23,356.90235641041085,358.82643164460404,352.9146205845962,355.65618896484375,38823135
2023-01-24,357.4406719269439,357.4406719269439,348.6776148463927,350.9705505371094,20795940
2023-01-25,350.3225807168946,351.00048849488525,345.5373099705959,348.8869934082031,21401665
2023-01-27,349.34562242522634,349.34562242522634,339.7550918780409,341.56951904296875,37584895
2023-01-30,341.5694956833754,345.0587644123733,335.7374261515343,344.1914367675781,24697780
2023-01-31,345.03885032368817,346.65387847424296,341.55953010807525,345.1385498046875,21926920
2023-02-01,347.929961310351,355.706034235935,343.0948253907202,347.8701477050781,18260490
2023-02-02,342.94524946506544,352.51582065121755,342.94524946506544,351.2696533203125,20922350
2023-02-03,353.034237980635,355.64620000611507,347.9698270091558,354.9682922363281,13376060
2023-02-06,353.91154085909864,354.5595418209403,346.933003433708,348.3287048339844,15201045
2023-02-07,349.3655446662782,354.90849513388656,348.33870388889056,353.9913024902344,18215935
2023-02-08,354.66924306170785,354.90849748163004,351.1400882478024,352.01739501953125,7233450
2023-02-09,352.5058678027148,353.95143418371515,348.51813204713807,353.09405517578125,10819125
2023-02-10,352.4959224894086,354.6393550025348,351.9177141360338,353.3233947753906,7229710
2023-02-13,353.9314843879978,355.7957764539037,351.2497295951498,353.67230224609375,11945710
2023-02-14,352.91461284039553,354.310314264002,351.66844542217376,352.9844055175781,8074465
2023-02-15,352.6055784628123,356.90236144177993,350.9705921476546,356.005126953125,12046460
2023-02-16,357.69987281448334,359.6738128983094,355.6162846046711,356.49359130859375,11458010
2023-02-17,355.52657361515435,357.18148759154093,349.13622346638755,350.7712097167969,12939545
2023-02-20,352.52579087883674,352.52579087883674,344.9590660333203,346.3946533203125,16124195
2023-02-21,347.9299504129053,347.9299504129053,343.95219366679055,344.9790344238281,14684670
2023-02-22,343.7329047707978,344.1615791169606,338.55881453981686,339.0672302246094,17695745
2023-02-23,340.4330131448179,341.69910829731697,336.51503963421635,340.3831481933594,13850550
2023-02-24,341.5495766532195,343.7926780361119,337.7612093965954,338.419189453125,10401815
2023-02-27,338.618578953241,344.89925048028965,337.12317807308574,344.1316223144531,11718990
2023-02-28,344.1316317601966,347.21215400698975,343.2742527448896,344.78961181640625,21975490
2023-03-01,344.7895956846898,349.0464924885642,344.14159473395597,347.9100036621094,28066930
2023-03-02,346.0557159515297,348.1991179093689,342.54651931808166,343.28424072265625,20599675
2023-03-03,345.3379144708515,351.9176846309055,342.9253513473712,349.12628173828125,18131345
2023-03-06,350.18302929220397,351.83794330140614,347.22213424138016,349.12628173828125,25934230
2023-03-08,346.13547952371397,347.79036310717476,344.3110733582212,346.972900390625,26013040
2023-03-09,346.79345381872685,347.8402527948133,341.6891565008563,342.2873229980469,34641580
2023-03-10,340.35324947087724,341.64928187942036,337.3624475767148,338.8179626464844,24380720
2023-03-13,338.7581374175777,343.6032521403394,332.21825326735507,333.7535400390625,44894690
2023-03-14,333.574117624261,334.4813312019233,327.69221319476907,328.6392822265625,70694930
2023-03-15,332.5771730856272,336.56490890098485,331.30109884167314,332.1684265136719,23461815
2023-03-16,332.9759336635468,334.7404957725337,328.6293163186489,331.68988037109375,18160315
2023-03-17,334.8900835566278,340.19374932847523,333.20526265822906,337.581787109375,44641505
2023-03-20,336.3654843358227,339.54570584040664,335.1791305871406,338.8877258300781,22319685
2023-03-21,340.46291909515804,341.3402258289371,337.3624387257347,340.3233337402344,9025900
2023-03-22,340.95143272794826,341.5894851003215,337.382422345022,339.9844055175781,16630495
2023-03-23,338.78806102367315,338.95755318683126,333.9728832870249,334.9100036621094,28210755
2023-03-24,334.18223582227375,340.74207854440647,333.9728882021239,337.3923645019531,27403045
2023-03-27,339.08714072555637,341.5196619361002,337.5817607633567,339.9943542480469,14186020
2023-03-28,340.74203651499397,340.9114982357329,336.05643514856706,338.7381896972656,11858260
2023-03-29,338.97744666289003,344.34095580098466,337.96058505871895,343.15460205078125,14105000
2023-03-31,344.04192160807594,347.06263034195734,343.14468711342005,345.5074157714844,17828775
2023-04-03,345.73669723950104,349.3655515842292,345.577214573457,348.0695495605469,12184330
2023-04-05,347.9299209702914,350.8609089848786,346.74356722991047,349.3056945800781,12631750
2023-04-06,348.9268697530275,351.2098569338483,346.80339564926055,350.342529296875,7786775
2023-04-10,350.35251463887283,352.5158748444665,348.85711361189465,350.78118896484375,6265855
2023-04-11,368.30724891861445,370.6599982326524,364.0802590735932,368.16766357421875,46468815
2023-04-12,367.2704831414111,369.0550035377535,365.17691563593814,367.6792297363281,17043565
2023-04-13,366.47292930399436,373.7106491558508,365.0772278466123,372.75360107421875,14620580
2023-04-17,376.63167057335903,381.5864333255944,364.10020401638434,377.86785888671875,51771495
2023-04-18,379.02431684497134,379.7520895733586,376.023535951769,376.5020751953125,14863605
2023-04-19,376.50209604697903,376.51207512260845,374.0795537418929,375.8241882324219,9383280
2023-04-20,375.7045279608035,379.51282309517165,373.26205794560695,375.64471435546875,11613885
2023-04-21,375.2459439281912,379.5626850983583,374.2789167507828,377.5688171386719,8356705
2023-04-24,376.88091008894014,379.23365955193185,374.35866847188123,378.2865905761719,10087030
2023-04-25,379.2336672767903,380.2306012235873,374.2489975428051,376.7014465332031,23692095
2023-04-26,374.34869699640007,377.7183386041825,371.52738731372375,374.5680236816406,15797590
2023-04-27,374.22906410665604,381.42692830966854,374.2190850316573,380.54962158203125,25306465
2023-04-28,380.03121969922034,387.46833816940386,378.05727959938775,386.4215393066406,21838060
2023-05-02,382.42386766432145,386.30192489270075,376.84103148346816,383.05194091796875,23028855
2023-05-03,382.62323369196486,385.584128708323,381.3671176169104,385.00592041015625,17245035
2023-05-04,384.80653836824587,389.02358006904285,383.171582456587,388.3257141113281,17257895
2023-05-05,389.23293491278156,393.58953163159435,381.92542206818445,384.55731201171875,17421090
2023-05-08,385.99286362913983,392.4928921879309,383.0220200513444,390.56878662109375,19354705
2023-05-09,391.76513703916106,392.79197779460793,388.4353812843722,389.6615905761719,18115375
2023-05-10,390.79809194630076,391.59562690311844,385.14546330122806,390.53887939453125,19562195
2023-05-11,392.7919883232212,394.78585628425276,389.17311310610717,390.3893737792969,22059120
2023-05-12,389.60179494547725,392.39322839927553,387.5381646881756,390.9177551269531,16085405
2023-05-15,390.2099453039952,394.18770227635656,389.2828039745595,393.3901672363281,14858460
2023-05-16,394.38705721500844,394.38705721500844,386.41158600913974,388.2160339355469,22847485
2023-05-17,388.7643490044326,388.983675687223,377.94760971846586,380.6592712402344,27410085
2023-05-18,383.62015752009626,385.5442630942688,381.0680091369545,384.298095703125,20726140
2023-05-19,384.81653090418655,388.1761936766221,383.5205288505388,387.1393737792969,19734635
2023-05-22,387.8072982970509,389.3026991902272,383.5504013737857,386.8502502441406,17004400
2023-05-23,386.85025775594204,386.85025775594204,381.8257021385811,383.1217041015625,21677620
2023-05-24,383.21145362388216,386.8103705608854,378.3165043043053,380.8985595703125,17787685
2023-05-25,382.4238622784496,385.5243122024597,380.34027401211296,384.8065185546875,29833785
2023-05-26,388.7942364791369,388.7942364791369,383.52047812729694,387.8172607421875,16477060
2023-05-29,391.4162010014329,393.4499547699475,388.45530596492245,389.4422912597656,18877545
2023-05-30,390.3694631826363,394.60643278575634,389.272829671144,393.7291259765625,37148525
2023-05-31,395.7727892762891,411.61408395311554,389.5818381187871,401.634765625,442990630
2023-06-01,392.3932019481802,394.61634514646715,383.81956404319277,384.82647705078125,29837160
2023-06-02,387.79731503163595,389.0733892297304,384.41772487006125,386.5611267089844,17790360
2023-06-05,387.80731572073773,389.1033177167813,383.2712783105749,383.7996520996094,12029545
2023-06-06,385.7935258352306,392.0741977933855,384.8464263765197,390.60870361328125,20564205
2023-06-07,393.19076411818355,393.19076411818355,386.01285756158245,386.6907653808594,15502070
2023-06-08,386.1922689664696,386.1922689664696,374.75743562288613,376.1431579589844,27458070
2023-06-09,371.2581768851995,378.376299508073,370.9989947604954,373.2520446777344,70984620
2023-06-12,373.8203256869439,375.6447014349239,371.7467164506382,374.7375183105469,14075865
2023-06-13,373.92004977923204,375.44535761122387,369.2643545242962,370.05194091796875,47809135
2023-06-14,370.0519047707949,372.44454009769197,368.1477573297702,371.78656005859375,27892715
2023-06-15,372.4445425376841,372.65389014385676,364.618605117514,365.57568359375,24190940
2023-06-16,366.2635777393297,371.1884034520931,365.47599140172986,370.3410339355469,15988285
2023-06-19,371.6270543888936,372.5442470015603,362.4851871835568,363.7911682128906,38049565
2023-06-20,362.88394929249364,368.26738641148154,361.94682896754284,367.6692199707031,23114525
2023-06-21,368.2773699203698,368.81572276595284,366.09408216084825,367.978271484375,11995540
2023-06-22,367.97827503506704,368.3272080017565,364.9575663888296,366.0940856933594,17141050
2023-06-23,365.4760004387454,367.97828402163606,363.66157330685695,364.5887145996094,12920315
2023-06-26,365.2666367774215,365.2666367774215,362.86402235812676,363.4721374511719,11068395
2023-06-27,364.41923808843086,368.26738846312793,363.0135575931735,367.8088073730469,10693325
2023-06-28,368.0680079660681,368.48670316652846,364.7581801170573,366.9813232421875,26699910
2023-06-30,368.44683455274935,368.97520832742225,365.4660117884634,368.17767333984375,19673600
2023-07-03,370.06188565376857,370.66002167040864,366.47291743388325,367.6592712402344,16042700
2023-07-04,368.8655729111044,372.52433400735487,366.0841185858355,371.1983947753906,32877935
2023-07-05,371.41773045786204,372.41466446283243,369.4936551300318,371.82647705078125,15595925
2023-07-06,370.859424470618,375.4154198633231,370.670004588715,374.3088073730469,18271205
2023-07-07,373.25205276909077,373.73059200231586,368.96524909181466,369.56341552734375,10382720
2023-07-10,369.46372384142563,373.7206208078885,367.86862345438254,372.2351989746094,17187710
2023-07-11,373.650827276319,377.5987075706288,371.51740447243276,372.1753845214844,20483785
2023-07-12,373.8303008509528,377.020471213739,372.43456899172384,374.46832275390625,21775415
2023-07-13,376.6416380320647,379.1539310833893,372.1454865594346,372.7934875488281,26326850
2023-07-14,372.8732268335077,376.312661147281,370.85943119739125,372.6539001464844,35659580
2023-07-17,373.092542323206,378.7252433381633,372.18532880065544,378.2467041015625,16649280
2023-07-18,377.90776304251995,380.4300047411797,374.71756220493796,377.0105285644531,28978225
2023-07-19,377.7980685249557,381.8256900668374,377.15006756395206,380.1508483886719,16888935
2023-07-20,379.03427903193335,391.2766260450346,377.4192205659376,390.17999267578125,46527925
2023-07-21,389.18309660110526,396.3310962851292,388.92388402754415,392.8318786621094,19248750
2023-07-24,388.8042313310361,388.8042313310361,376.482142603146,378.2865905761719,35165465
2023-07-25,379.03428974710835,379.23365827733085,370.15160484105746,373.9499206542969,39724580
2023-07-26,374.8471507775759,378.41616079469225,373.9798231422883,377.89776611328125,12310365
2023-07-27,376.64164968699794,379.3533113598873,371.36789077910043,373.60101318359375,31450005
2023-07-28,372.7735497444089,376.0036059527766,371.078749888112,374.2190856933594,11510165
2023-07-31,372.0557283862877,373.8501971630676,368.69603572494975,370.1715087890625,20126035
2023-08-01,368.8655700683594,372.00590599900414,367.7490088862644,368.8655700683594,22339710
2023-08-02,366.9813360758711,368.44683017674856,362.4951333700026,363.6216735839844,20902255
2023-08-03,362.9038786598391,365.6454469704658,360.06264129530604,363.5319519042969,35076460
2023-08-04,364.97872257175345,367.73253578159284,361.4167607948823,366.8744812011719,27217660
2023-08-07,368.1715423477949,368.1715423477949,364.4598930606352,365.4875793457031,18541550
2023-08-08,365.47758492173983,367.7025891717886,363.5918441117311,364.7791748046875,20448115
2023-08-09,365.97644697805754,365.97644697805754,362.53421120143565,365.4775695800781,13121620
2023-08-10,364.3301580443711,365.65718897588977,358.3935352715001,359.3613586425781,25560495
2023-08-11,358.79262149874813,359.1917173170664,355.5997940540839,357.4855651855469,21328080
2023-08-14,356.99664442678295,359.6606630595258,356.1984527906293,358.0143737792969,16499595
2023-08-16,356.59757167346214,357.166299236763,354.701843578187,356.43792724609375,9419700
2023-08-17,355.59979732700907,356.6773895403515,351.80834134450066,352.3471374511719,25658695
2023-08-18,350.63102118098124,352.8859264263066,348.51575533144364,349.37384033203125,20566460
2023-08-21,349.4137444047193,353.7240220150395,348.9846866978802,351.279541015625,19777340
2023-08-22,353.0056515132327,353.60431050925104,350.9004034086241,351.82830810546875,16644060
2023-08-23,353.16527776567256,355.57985776068574,350.0123689680379,355.210693359375,16691425
2023-08-24,356.9966599401493,358.9921695663079,354.45239734642126,355.3902893066406,20618955
2023-08-25,353.4446582647216,357.0665131390289,352.60654786845345,354.9712219238281,10216750
2023-08-28,354.9712283628961,358.51327631331264,354.1331179514248,357.2660827636719,9902680
2023-08-29,358.58310565295454,358.7028313549231,355.0011391910572,355.8193054199219,13543460
2023-08-30,357.3957856267185,357.78489416965704,352.2074484277619,354.1830139160156,12979480
2023-08-31,354.1830252186417,355.95902762166475,350.07224968723904,350.96026611328125,41570050
2023-09-01,351.9879437597628,355.1209085063569,350.08222840195964,353.4247131347656,13476050
2023-09-04,354.68189534503347,356.99666339247636,350.6709014702678,351.6487121582031,23488415
2023-09-05,352.2074590542247,355.79938257348516,351.8283073425998,353.41473388671875,21286715
2023-09-06,353.40477597653324,354.6020635132972,351.24962187148463,353.26507568359375,31101115
2023-09-07,354.2029721802158,357.6651827318835,352.6664211836123,356.9966735839844,11040445
2023-09-08,358.5930813182325,360.1894951427495,355.51002253447143,357.8348083496094,11930910
2023-09-11,359.1917188128917,361.48654261457256,358.24383959751174,360.7681579589844,11584510
2023-09-12,362.98319186287654,362.98319186287654,358.47335103159696,361.42669677734375,17044830
2023-09-13,359.3114364112938,366.3755571067871,359.3114364112938,364.1006774902344,29659350
2023-09-14,364.7791470808394,365.5274631523472,361.9854154777747,363.4920349121094,12797115
2023-09-15,362.4244433007611,363.87119993835904,361.38680023353743,361.9654846191406,20607700
2023-09-18,361.38680625754955,361.58633895116014,357.99441552650393,358.86248779296875,19850560
2023-09-20,356.5876094068658,359.88018813020847,354.3426610639338,357.08648681640625,26840715
2023-09-21,355.9989197312585,357.3558821662246,349.41376205403975,350.3516540527344,23923755
2023-09-22,350.8105832811088,353.18524450595964,349.64319680242545,350.50128173828125,18550615
2023-09-25,352.00787874517636,357.05651556117755,350.57110940751767,356.0787353515625,11132835
2023-09-26,354.422468024626,355.55989268477924,349.9525154738255,352.0278625488281,18280835
2023-09-27,352.00790166127223,353.4247269569719,349.2142002389851,352.2373962402344,15021030
2023-09-28,351.6486902857667,353.58433695738734,345.02358405938264,345.8617248535156,41315985
2023-09-29,348.0168724429419,348.0168724429419,345.81184279489497,346.3606262207031,17858645
2023-10-03,345.22316264806096,346.2209174534022,342.3196925106308,344.6344909667969,27674345
2023-10-04,342.2298808918636,344.62448621354014,341.032563006496,343.63671875,31104895
2023-10-05,345.2231608749258,348.61552110585,343.45714584020413,346.0712585449219,14834005
2023-10-06,346.28080861872166,348.61555140022824,345.26310959572527,347.9969482421875,9961615
2023-10-09,345.2231615523584,345.98146494571023,342.6389802686138,343.08795166015625,9197565
2023-10-10,344.72429859402087,352.9457887646909,343.34739203748296,350.43145751953125,16844910
2023-10-11,351.2196657430243,355.190710233574,351.2196657430243,353.48455810546875,17499220
2023-10-12,354.20293986790335,354.58209154862544,351.45911427737735,351.9779357910156,11919135
2023-10-13,350.2119444971497,353.19522168805554,349.6432169376276,351.6087951660156,10619635
2023-10-16,351.4092856685669,351.6387498066705,348.5058152746089,349.1643371582031,7899785
2023-10-17,350.2119299433335,354.1630303708036,349.3738195768434,353.5144958496094,16086785
2023-10-18,353.80385129777403,354.24286583717173,348.23636257043944,349.89263916015625,15258400
2023-10-19,347.61779074276336,349.8926706292161,346.34066572666813,346.9093933105469,9965895
2023-10-20,345.9216057624482,353.84378141166303,345.75197404669296,353.1253967285156,20361915
2023-10-23,353.0056250040145,353.0056250040145,343.7165305428797,347.3683166503906,37732210
2023-10-25,349.01460985660987,351.5589028149889,343.62674013454165,344.8340148925781,17563340
2023-10-26,344.76421035787206,344.76421035787206,337.041567315934,338.2089538574219,31396400
2023-10-27,340.8330387729418,340.8330387729418,337.04155234134015,339.7754211425781,14874150
2023-10-30,339.6357441646341,343.4072562720589,336.92184976014966,342.7287902832031,7557815
2023-10-31,344.76422576758983,348.61554494423063,342.5990843054808,347.0989685058594,24196680
2023-11-01,345.42272602477163,346.4104935390351,342.7986260130816,344.1056823730469,12640525
2023-11-02,346.22090848318226,350.94029955183345,345.6422241086639,346.75970458984375,12752790
2023-11-03,347.21867920553404,348.066776896854,345.2431136897717,345.8717041015625,7794790
2023-11-06,348.01687893644066,348.6155379352829,345.6222733901332,347.25860595703125,5933425
2023-11-07,346.2508513329499,350.09221345054345,344.4449175584112,349.463623046875,17998015
2023-11-08,349.8128564849112,351.3992830424562,347.2186877852094,348.46588134765625,18214185
2023-11-09,348.3960272712945,350.551181376785,347.0390953062049,348.2064514160156,9718555
2023-11-10,346.1411025522932,349.06451675732677,346.1411025522932,348.30621337890625,8173995
2023-11-13,349.41375125137466,349.65320266523435,345.9216093703035,348.8550109863281,14276385
2023-11-15,351.40927324289373,353.66417851709724,349.2441318029803,353.1054382324219,17161355
2023-11-16,353.404761378104,355.87917378797334,352.20744344173755,353.77392578125,10395580
2023-11-17,351.2097071697887,356.0488242816848,351.0700068752512,352.1276550292969,13554350
2023-11-20,350.4115017022465,354.3925336532945,349.2341278843185,353.31494140625,9618255
2023-11-21,354.99118369338737,354.99118369338737,351.33939752421423,352.6464538574219,13528825
2023-11-22,350.8106166231799,351.8083714881781,346.71981558687486,348.3461608886719,22568660
2023-11-23,347.2286670754808,348.974738022668,346.6200207975211,347.0789794921875,14181445
2023-11-24,347.11890295397785,349.11441263517236,345.96150368499764,348.0168762207031,12809895
2023-11-28,348.2164165209174,348.81507547580816,346.819565925545,347.66766357421875,16746460
2023-11-29,348.9148813732222,351.0600481995273,347.2586046771233,349.90264892578125,17365700
2023-11-30,350.5013209684937,352.407036446702,348.4060296268101,350.3017578125,31274735
2023-12-01,351.2096928917057,352.40701084255153,348.86496299991774,349.31396484375,10011890
2023-12-04,353.2052111885091,364.3700902153928,349.7430006970322,362.8934020996094,22895865
2023-12-05,364.7791632408594,366.57510971241663,360.8879255864453,364.86895751953125,27857360
2023-12-06,365.58731964595086,367.04403304742283,361.8158079290861,363.46209716796875,23479400
2023-12-07,364.1804877099446,366.54516162130767,361.8656893570004,364.5496520996094,12503210
2023-12-08,364.5496729502067,367.7724319737379,363.3224540115685,366.8644714355469,14927330
2023-12-11,368.1715399689173,371.4940502247082,367.2336479731799,367.9819641113281,16029165
2023-12-12,368.7701723151403,369.7679270938885,362.9931636204517,364.05078125,19074810
2023-12-13,363.98093784587695,366.32566770915366,361.80583969571387,364.4199523925781,16256660
2023-12-14,367.9719827294204,372.25235963411603,365.66717142282937,369.93756103515625,24394315
2023-12-15,372.1625401588313,372.1625401588313,367.72251912208446,369.28900146484375,19385985
2023-12-18,368.21144866720226,370.34662815642736,367.1737751248082,368.5606689453125,18793650
2023-12-19,369.1393568046435,370.13711163770205,366.3157240246746,368.4808349609375,15444615
2023-12-20,369.5983150398985,371.96298911944035,362.24486680130275,364.4798278808594,19842810
2023-12-21,363.382307125495,370.65591762983644,360.1894796141117,369.70806884765625,12019200
2023-12-22,370.10718811738263,375.08597509700866,369.36885926884565,371.26458740234375,16546475
2023-12-26,372.56164769979546,378.94727252657,370.5960694653212,376.5227355957031,21753345
2023-12-27,377.9495197176093,381.14234737260637,375.78440877484644,379.61578369140625,17036215
2023-12-28,381.34189726494054,384.4349127899533,379.76542762729525,383.4072265625,24750070
2023-12-29,381.56140570672807,382.6888430585205,377.1613033653158,380.76318359375,12230850
2024-01-01,380.9427858579088,382.9382955385664,377.769932773438,380.97271728515625,7129510
2024-01-02,380.7432256749933,380.7432256749933,371.1847179431585,372.1725158691406,25603980
2024-01-03,371.96298086883155,373.1602988200709,368.70033360284185,372.3421325683594,18907575
2024-01-04,373.459617933116,373.459617933116,371.2745324356178,371.8831787109375,14328830
2024-01-05,372.26231732567726,373.14034641057304,367.4531319418995,368.6903381347656,38996705
2024-01-08,368.77019549148406,369.4586487680127,362.9033921518804,364.4000244140625,61265835
2024-01-09,366.57512547041676,370.76570801627156,363.38232822272596,364.509765625,21696115
2024-01-10,363.3424072265625,365.6771499049469,361.50654196960375,363.3424072265625,35263790
2024-01-11,365.57737335123306,367.4531573534027,362.2548630764985,363.7514953613281,20850350
2024-01-12,364.18049293734254,367.682621941891,362.0652576858299,365.8267822265625,10863105
2024-01-15,367.77243248871304,369.88766783380765,366.4254573928279,369.4685974121094,30861560
2024-01-16,369.27903691035806,371.35438407226985,367.3733519214292,368.77020263671875,23254490
2024-01-17,363.7913637487542,366.1061621972137,354.422461991303,355.130859375,54184415
2024-01-18,353.20519041783285,357.73500562293935,352.12762865821196,354.6519470214844,21467250
2024-01-19,356.60755169619915,359.1817457185201,350.04230796914703,352.0677490234375,22801645
2024-01-23,359.3913030663606,364.1605699506708,351.9879488070869,356.09869384765625,33904120
2024-01-24,356.99667710848524,359.8901905648156,351.78839551577727,356.9168701171875,16341755
2024-01-25,357.19623351918733,358.7128099177184,349.69312806726197,352.88592529296875,33510850
2024-01-29,356.2583386995169,365.1882566461335,354.4025293232668,363.7614440917969,26180740
2024-01-30,364.1805237071427,367.0640498665654,359.8602585632178,363.9011535644531,19145935
2024-01-31,362.3845551783538,367.4631234514037,356.8969037838246,364.2303771972656,40587005
2024-02-01,365.1782630118904,365.5873461407364,361.8258214424123,363.73150634765625,10360840
2024-02-02,367.532948020318,369.1692805279368,362.8634628068202,363.77142333984375,25249380
2024-02-05,364.18051188558667,364.56965088369856,358.99217460512654,360.8580017089844,17304030
2024-02-06,361.98543460703445,361.98543460703445,355.82930445157973,356.5975646972656,23459485
2024-02-07,357.3957989627686,361.1473364882963,355.9989178154222,357.7150573730469,22961120
2024-02-08,359.50103123168395,359.95003307340573,344.63449073203867,345.1632995605469,22713870
2024-02-09,345.2231807147886,349.0146369938812,343.02810784853807,347.70758056640625,20319880
2024-02-12,347.81734688603274,349.01463443689255,337.46064666861554,341.1423645019531,22532445
2024-02-13,341.8308208071855,348.23638995094007,341.0325986504924,346.64996337890625,22461670
2024-02-14,343.95603220470156,352.1675349370985,341.6611778349576,349.0046691894531,19251615
2024-02-15,350.2119524503066,350.7008425832469,343.23765579050877,347.06903076171875,12708350
2024-02-16,349.2042147211192,349.41376516565185,345.6621971374647,346.27081298828125,8215730
2024-02-19,348.01686410811715,348.01686410811715,344.4549025924441,345.5025329589844,22239770
2024-02-20,347.1588279273229,352.9358370841897,346.68988192583174,351.7085876464844,38055620
2024-02-21,353.0056473358922,353.0056473358922,347.3284199066284,348.4359436035156,20924355
2024-02-22,348.1166503763135,348.21643194805915,342.07025860706574,344.175537109375,31003800
2024-02-23,344.12562996008734,345.77191931673025,342.3097088871321,344.0258483886719,17268830
2024-02-26,343.64671368074517,344.3052050383715,339.62576314752835,340.4938049316406,29790330
2024-02-27,341.83081170468887,342.21992025585257,338.63798406106093,340.5836181640625,22158260
2024-02-28,341.4316963897589,341.8008607848812,334.28776854257967,335.9639892578125,15381635
2024-02-29,336.64245762489855,339.6856279818561,332.73127592781924,337.1313781738281,33034875
2024-03-01,338.3386774879959,345.27305546219606,338.23889591266357,344.76422119140625,17220745
2024-03-04,344.81408584466993,347.5179928909723,342.9283450615194,344.6644287109375,13885990
2024-03-05,344.6045594080774,344.66442226045007,341.0226233121672,342.3695983886719,15610970
2024-03-06,343.79638512413635,353.59434474974665,342.9083687201072,351.1598205566406,37258560
2024-03-07,351.15981576324214,352.18750199432395,348.2164269091709,348.8250427246094,15696800
2024-03-11,352.3870428148762,353.17527765466525,344.07575849593974,345.1533203125,18200715
2024-03-12,346.2009553381941,347.9071074409777,340.7033169025976,343.2974853515625,51216490
2024-03-13,343.2974966633233,347.7674186189828,342.66890627604374,345.13336181640625,29080415
2024-03-14,344.2254036761385,350.78065997565847,343.0580171704331,347.6976013183594,24048165
2024-03-15,346.38057814031106,350.41151626889757,343.4671205743279,346.87945556640625,77537270
2024-03-18,346.69987045506764,348.18651545594355,342.2897805668598,346.79962158203125,11570715
2024-03-19,346.19097204813505,350.59107421590244,345.33288711667944,349.1443176269531,22405375
2024-03-20,349.49356061864125,352.9058955346739,345.38281559107685,352.2872619628906,22104430
2024-03-21,353.62428998295917,357.3259519784445,352.0677643921654,353.6342468261719,18918405
2024-03-22,353.1852612392173,355.69959241750536,352.2074505564639,354.4823303222656,35306415
2024-03-26,352.2074502777679,354.2827668988151,349.2141858278152,349.9525146484375,26518150
2024-03-27,350.8106068062432,355.1608032803515,349.99244053206496,354.32269287109375,41155650
2024-03-28,354.7916287861183,359.96997867940587,354.043312679563,356.2982482910156,33150360
2024-04-01,358.19399205762465,362.71382032161495,356.4977966287021,357.3359375,14429400
2024-04-02,357.974485714171,358.79265200317207,350.10221574051843,350.6908874511719,34255950
2024-04-03,349.91263256354677,350.5511798239777,345.02360951629896,345.4526672363281,63417755
2024-04-04,348.6155283987687,349.55342036651746,343.88618029050514,349.0445556640625,65626460
2024-04-05,349.02463261091896,356.63750722750876,347.23864284755575,356.2284240722656,32790115
2024-04-08,357.95451482191356,359.56088540308684,356.21840079835687,356.8769226074219,13174055
2024-04-09,357.2660686102988,357.7948774364349,354.34265435352887,355.3204345703125,11866155
2024-04-10,356.9767197690291,365.15832150674316,355.99890907969314,364.3700866699219,27629090
2024-04-12,361.3867847476179,362.8035794494486,359.06199911502017,361.79583740234375,19831135
2024-04-15,357.1862382803759,361.1273819991356,355.20071593220706,358.82257080078125,21599340
2024-04-16,354.8016302664901,360.1096933690341,354.3326842696665,357.7150573730469,20483890
2024-04-18,357.2062208243942,361.7859118965212,355.819326978091,356.5476989746094,21253700
2024-04-19,352.0078905052807,360.189492259781,351.8083578094764,357.72503662109375,19351900
2024-04-22,361.78592291716456,363.68165108541046,359.19175415843006,361.1772766113281,30755695
2024-04-23,361.1872216168249,364.97867750942225,359.8103151819059,361.79583740234375,29780025
2024-04-24,361.5863400926008,368.2713095553988,360.7482296990454,367.7325134277344,16475385
2024-04-25,332.25235591733895,338.7976251175034,319.68063906308697,327.7524719238281,330895395
2024-04-26,327.75248630476244,330.2568607630096,320.2793120994746,320.9777526855469,110734245
2024-04-29,321.29699209260775,328.71033345230614,321.1772663875786,327.3433837890625,56137045
2024-04-30,327.34338239440996,328.66042604224,323.27255619546094,324.060791015625,91032240
2024-05-02,317.2860368500258,318.1840101097892,309.7829314685677,314.4224853515625,133202390
2024-05-03,315.88915591371943,316.8669360688599,308.0767192693183,308.64544677734375,80617945
2024-05-06,320.2792962563123,325.86672932131245,318.0842234792928,324.130615234375,108041055
2024-05-07,325.0086563184569,328.73029288462527,322.87347676493323,328.0418395996094,49333925
2024-05-08,327.26357616531607,330.7457306924002,326.48532863508046,328.9298400878906,49268765
2024-05-09,328.8600128875933,331.62378292966224,326.6649399829832,327.8822021484375,23280220
2024-05-10,327.86222993169,329.8776836448934,322.4543855748129,324.8589782714844,58847010
2024-05-13,324.6694013016454,327.9919417907757,322.4743590416982,327.5030212402344,29196240
2024-05-14,327.6626974379401,329.2591113403117,325.76696925033866,328.5207824707031,21410130
2024-05-15,329.1992549105562,330.05730951100935,326.67493622562483,329.41876220703125,26304500
2024-05-16,330.2568322332641,334.2478513539078,328.70033721213787,333.6591796875,34991785
2024-05-17,334.04830325113033,340.3641083452468,332.25235674564306,338.5481872558594,48087255
2024-05-21,337.64022712145385,342.2299054121284,337.24113128075624,338.8874206542969,29050835
2024-05-22,339.7953851407248,340.22441241322366,335.4651327983629,339.1468505859375,30293485
2024-05-23,339.2366382362106,341.9505325600627,338.6479665472762,341.0425720214844,28406475
2024-05-24,341.4317294640809,342.79864876721547,338.17903883684113,339.92510986328125,24680885
2024-05-27,339.9251125649603,343.6267746446961,339.7355367018008,341.4317321777344,17271435
2024-05-28,341.6910926157639,342.4294518565582,338.8375285673379,339.9649963378906,18580705
2024-05-29,338.83754434639843,341.41173839493064,335.6846354484275,336.8121032714844,24762360
2024-05-30,336.1136659120689,340.753219798346,335.8442830686676,337.2610778808594,27902445
2024-05-31,339.83527997300945,339.83527997300945,331.36432128976213,335.3254089355469,64022380
2024-06-03,343.5170279375858,346.9891953494666,339.25659521457504,342.8385314941406,49005355
2024-06-04,339.8851674758297,342.3296789222549,319.77042699797846,326.8544921875,76147340
2024-06-05,331.763469166386,344.1755417211591,328.2613399598925,342.8485107421875,72131590
2024-06-06,343.4272332187564,346.91937521072896,339.99495408214983,346.16107177734375,31799505
2024-06-07,345.2331538530775,350.94031262228305,343.62675276475807,349.9525146484375,23040730
2024-06-10,349.234146885008,353.8936755021369,346.4504327349877,348.3461608886719,24240220
2024-06-11,348.53572413019924,348.65544983781444,342.64897672965213,343.2276611328125,20528235
2024-06-12,343.24758890703697,346.02134598113605,341.8108195860156,342.3795471191406,29407880
2024-06-13,345.5025235643677,346.7297729038802,343.0280807514294,344.4947814941406,30080725
2024-06-14,343.8263140298027,346.2009753523116,341.3119524181766,342.6689147949219,15768330
2024-06-18,342.94826574150017,344.1555404697888,339.88515133467087,343.10791015625,28536650
2024-06-19,345.02360348513423,351.818311351919,342.2299021775944,348.5556640625,49798990
2024-06-20,352.20743996525016,357.16628247677426,351.2695480291346,352.4568786621094,46215520
2024-06-21,353.20520430698895,356.9966604221855,348.2762930877971,354.3326721191406,95158445
2024-06-24,350.6409788280807,354.24288966187845,349.1643211408476,353.7140808105469,21144440
2024-06-25,354.51225954615063,358.84251177304975,351.80835253342417,355.5798645019531,29669295
2024-06-26,355.20071593220706,362.3845628160782,354.42246839054275,358.82257080078125,33429660
2024-06-27,357.395780729821,366.7746697387579,356.19846279290994,365.2879943847656,66713845
2024-06-28,363.62176922169334,368.76020045749505,358.9722281042409,359.69061279296875,24845035
2024-07-01,359.6906249040049,361.81584761509345,357.1962377687483,360.80810546875,14507550
2024-07-02,363.3723276938674,363.3723276938674,346.63999044559563,353.1253967285156,48125085
2024-07-03,352.3670858249953,362.35462103175024,349.6531915741146,361.3269348144531,44905015
2024-07-04,360.5087875723026,366.8844251924891,359.4511698734982,365.946533203125,25344465
2024-07-05,363.1827439876362,370.7556991987659,362.8734424382967,369.70806884765625,17328265
2024-07-08,369.96747530424994,370.61604029689795,366.2658134455069,369.807861328125,19306015
2024-07-09,371.40425327377255,373.16031154237754,365.17827279280795,368.7402648925781,19601055
2024-07-10,367.7724460909631,368.0717603682031,363.2226863825439,365.1483459472656,28148945
2024-07-11,365.3478956563177,369.56837905543176,363.4920558585239,368.0717468261719,23076860
2024-07-12,368.0717340106862,369.3688335003189,364.42993513609906,365.7469787597656,21204275
2024-07-15,366.9742110896012,370.7457230961023,364.5097554630608,367.8821716308594,29549980
2024-07-16,367.59285056712844,368.9897012495798,359.3713300021582,360.2493591308594,32713510
2024-07-18,360.18948462923964,365.4177100640922,357.8248106130801,364.52972412109375,37954190
2024-07-19,363.28117053741835,365.77829150486707,360.774051331721,363.90045166015625,20694325
2024-07-22,363.7805821218166,363.7805821218166,349.3771754685415,351.1051940917969,53711805
2024-07-23,353.39255510584275,355.68992473726854,347.42942888153146,353.3725891113281,30775980
2024-07-24,353.18279562916894,355.7698092798928,345.4117564388016,348.8377990722656,37436035
2024-07-25,346.00105823231297,355.39022651426393,346.00105823231297,354.6211242675781,15481985
2024-07-26,351.215050411895,365.5485302681175,351.215050411895,362.3522033691406,26546755
2024-07-29,364.51973098032175,364.97919270097884,356.28923006668975,358.3668212890625,40031835
2024-07-30,358.3668253225037,360.91387653239985,355.8497383451087,356.8086242675781,28397685
2024-07-31,358.18702563430367,362.7817341565402,354.2215964519134,361.16357421875,29031285
2024-08-01,361.00378229615495,363.2311945969579,356.83857128484254,358.1170959472656,19080220
2024-08-02,355.8097741696683,361.58311663588313,354.5911779164047,360.2746276855469,16212945
2024-08-05,353.63229485332545,360.70412808870213,353.3026578122975,354.3215026855469,24559090
2024-08-06,356.5888653537957,358.0272094341535,351.5946235421179,353.7021789550781,19620110
2024-08-07,356.58887408336034,356.9085128829166,351.6046303876664,354.90081787109375,17688725
2024-08-08,352.92309683042856,355.94960630661524,352.12403029192143,354.1416931152344,12361105
2024-08-09,356.59886998364385,356.6787644417922,352.59347822450513,353.52239990234375,12322215
2024-08-12,351.79440830804464,357.79746628712115,349.8466417924581,354.10174560546875,22722215
2024-08-13,352.1939501500617,357.8873677117227,348.8178376979969,350.0064697265625,17651595
2024-08-14,350.5957767748808,351.5946251417608,348.5081873459935,349.1773986816406,12928245
2024-08-16,351.9941551264076,356.7386848250703,348.797858671505,355.0506286621094,14809355
2024-08-19,355.6998912904797,357.587729409714,353.7921176592326,355.8597106933594,10861395
2024-08-20,356.18932949914955,362.19238738480817,354.84087812337646,360.714111328125,15577430
2024-08-21,359.5854107138844,362.98148905191783,357.05832557455363,362.17242431640625,28585950
2024-08-22,362.38219003528707,364.43981531606994,360.74409449791045,363.8804626464844,16089940
2024-08-23,363.8804499855,365.1589746832722,362.12249757758394,363.1812744140625,9075930
2024-08-26,363.58082266971985,364.17013957604513,361.52319737562334,362.0825500488281,11781285
2024-08-27,361.7928737924008,362.2024052981002,357.9273353256535,360.2546691894531,22708480
2024-08-28,358.7863625748993,360.7640629262642,356.75870151336335,357.8474426269531,21403980
2024-08-29,356.2392797355444,359.2857856789731,354.19165268568725,355.0406799316406,27655790
2024-08-30,355.05064134383275,357.5877247978712,354.4613244496836,355.7498474121094,37290860
2024-09-02,355.98955664287337,358.2769279688446,354.13171328708114,355.63995361328125,20242600
2024-09-03,355.60001533934496,356.8785400242322,354.06178032579163,356.3491516113281,25981365
2024-09-04,353.59232037605153,357.2481090412213,352.2938296975872,356.3491516113281,15962215
2024-09-05,355.8397245256233,356.85853886848406,351.59461904005445,355.18048095703125,17865025
2024-09-06,353.1028850547385,355.9795731399417,350.8954082845711,352.42364501953125,16274400
2024-09-09,353.13285641591096,358.37681028640475,351.28498086029805,357.61767578125,17182305
2024-09-10,359.1858733034622,359.5154798471938,355.20044765283893,357.9073486328125,17488060
2024-09-11,358.58656626211655,360.67415570586195,356.5888695141382,357.4378967285156,18669360
2024-09-12,360.3645243700796,366.4075449943789,358.6165396708684,365.069091796875,31827540
2024-09-13,366.9768779135837,366.9768779135837,362.9315542866308,363.6507263183594,10283600
2024-09-16,366.177831117934,368.71491459997264,365.23891117928423,365.8382263183594,13653170
2024-09-17,367.45635120746556,370.2531145111887,365.70836652203013,368.9046630859375,18374310
2024-09-18,369.57389104012077,371.46172906105556,366.69720290294356,367.5162658691406,34387495
2024-09-19,369.5539372593694,374.5681451892939,368.5950208603325,373.9588623046875,14462150
2024-09-20,374.368353136013,384.81632892899216,373.56928664098405,380.4613342285156,94247895
2024-09-23,382.54892157200123,387.9526948282527,381.200500679244,386.494384765625,18431360
2024-09-24,386.5543148176572,387.2734868552199,381.4801785677217,382.4989929199219,18546930
2024-09-25,381.57008910217314,384.097174348544,378.423692239208,379.1528625488281,16537335
2024-09-26,378.56354046908,382.21932924073684,376.42599027919033,380.0218505859375,21022565
2024-09-27,379.5623800859372,381.5600768232316,372.83015183563367,374.0587158203125,33215560
2024-09-30,370.9123610185573,376.45598792533417,368.1954921525751,370.3630065917969,16234200
2024-10-01,368.9745949130581,376.5159186644084,368.9745949130581,375.4471435546875,24357630
2024-10-03,371.15207197232377,372.3007720087156,362.74178558444726,364.1401672363281,31816160
2024-10-04,362.68185248087894,369.5739001989125,359.25580985698116,361.3833312988281,18673160
2024-10-07,361.58312824917823,366.85704669053183,353.4724839512757,357.6376647949219,37233165
2024-10-08,359.5854083532607,362.3821715585907,355.9595839418427,360.2646179199219,25485515
2024-10-09,359.78520172843366,363.5808134117366,357.56775708668016,359.7452392578125,35394010
2024-10-10,361.5631595952249,376.3660699126659,360.64420564278066,374.78790283203125,29528990
2024-10-11,374.0087885307892,378.2838583628608,371.8013421538319,376.04644775390625,26057900
2024-10-14,376.5758464846987,382.75872054304006,376.05642580594593,381.71990966796875,21955690
2024-10-15,381.99956338289076,382.62884271723635,377.05525188368864,378.6034851074219,21477465
2024-10-16,376.3660664286437,378.0541226699734,373.1997340581738,374.83782958984375,15727780
2024-10-17,374.83783484268696,375.22740035726883,369.83362499664923,372.38067626953125,17707160
2024-10-18,373.16976983948933,375.26735758442453,369.17437622339725,373.779052734375,19173835
2024-10-21,369.57388645676707,370.5727347985421,346.600374595941,357.4278869628906,65890685
2024-10-22,357.9772838669972,358.686457678402,351.3648820170518,352.2239074707031,27471910
2024-10-23,351.8243770934673,356.9984044042072,351.2150637286676,353.15283203125,14180685
2024-10-24,352.7932531607866,354.1416740616652,349.65685467690025,352.03411865234375,11584100
2024-10-25,352.59347706911507,356.888512897097,350.9953135694823,353.3625793457031,14146135
2024-10-28,353.1927799260653,355.71986501273193,348.6080696929002,349.56695556640625,16510740
2024-10-29,348.2984326803545,353.02296587852425,345.7413833367647,351.63458251953125,20790595
2024-10-30,345.00223870300283,351.59464438164565,344.92234424155106,346.5205078125,21929745
2024-10-31,345.0721527737749,348.9177251523838,344.39294318778155,345.8212890625,14723350
2024-11-01,347.51935502054965,350.4259770925354,346.8700791628689,348.4782409667969,912445
2024-11-04,348.39829808592816,348.39829808592816,344.4528653272181,345.4716796875,14424150
2024-11-05,343.9034749373325,351.6945103618963,341.80591778690433,351.0252685546875,20143075
2024-11-06,351.61458949077104,353.2826796679288,348.9177172022693,352.114013671875,18261260
2024-11-07,352.19395422097216,352.59348748707686,346.20086378209834,348.9776611328125,15304920
2024-11-08,348.59808465402676,352.41369278178325,347.37948841101047,348.7579040527344,18234125
2024-11-11,348.5980973059312,352.2538861676621,347.0398962150209,348.3983154296875,16025150
2024-11-12,348.55811744380054,349.47707135326436,342.6449521841975,343.8835144042969,16141950
2024-11-13,342.4052012438376,345.2319591367133,335.4232610509485,337.1812438964844,17967450
2024-11-14,337.61075121507906,342.12553490262246,337.57078874494266,341.1866149902344,16638790
2024-11-18,342.4052135715692,345.2519375602057,339.5485218271554,344.1531982421875,10412075
2024-11-19,345.5615700596741,347.55926677949583,342.30534513441916,345.15203857421875,13798315
2024-11-21,342.6249705890235,347.7490678089821,340.3575956722348,347.0199279785156,16470295
2024-11-22,346.40060947196827,354.0318258034216,346.1808616068627,351.8843078613281,17768630
2024-11-25,355.98956412585477,358.50668160588174,352.97305292761337,357.737548828125,34357160
2024-11-26,358.58657724471067,358.77636088017584,354.5911836263852,356.3092041015625,11563695
2024-11-27,355.77981510770184,360.6841644243865,355.4102460757766,356.22930908203125,16012220
2024-11-28,356.2392727782695,357.3679763380005,350.2961431375327,351.434814453125,19856975
2024-11-29,350.9953083983824,354.3114922768384,350.9953083983824,352.6434020996094,14939970
2024-12-02,352.5934631364908,354.11170163581085,348.79785164697455,350.3860168457031,21326400
2024-12-03,351.5946280762931,351.83434193196643,347.59923457542607,349.57696533203125,19858250
2024-12-04,349.99647550024144,352.9930207193915,348.8777701622816,351.09521484375,15933930
2024-12-05,352.393681499869,357.31802697350645,349.19738510730707,354.6211242675781,28486145
2024-12-06,354.37143004037387,356.5988729203273,351.79441461040454,354.9807434082031,12979410
2024-12-09,353.2127679435522,360.5742758079748,353.2127679435522,356.8385925292969,12770115
2024-12-10,356.2392705083643,360.14477135264343,356.2392705083643,358.5266418457031,9899420
2024-12-11,358.78635218025084,360.94383786788217,357.57772368672767,358.5266418457031,11967140
2024-12-12,357.5877148757108,358.8762378023833,352.66339974921186,353.3326110839844,17441295
2024-12-13,351.26501442464985,361.38332265583085,349.20735876945594,360.714111328125,19467655
2024-12-16,360.1847211953006,362.18241789579315,358.35681164418764,360.4743957519531,14946965
2024-12-17,358.80630655758563,360.95382441989125,354.5911652889381,356.3990783691406,17964305
2024-12-18,355.98956011499934,356.9284800402349,353.662256778469,355.59002685546875,17647150
2024-12-19,352.28383824568294,353.1927939310905,348.67797973621197,352.01416015625,20370400
2024-12-20,350.595781973686,353.3625810172951,346.2707818932329,348.30841064453125,73428440
2024-12-23,349.0974967403447,352.43364655630904,347.5992242221458,348.6679992675781,13740180
2024-12-24,348.10864436210255,350.5258402722013,347.20965647110114,349.4071350097656,13563125
2024-12-26,350.9553470168828,353.4824626443474,348.0087626285679,350.1562805175781,5660030
2024-12-27,351.5946425083198,355.0306834987004,350.3960122158858,351.5746765136719,12241355
2024-12-30,352.5934629937345,355.7897898654041,346.30073066302316,347.73907470703125,27513860
2024-12-31,346.61037950909224,358.9062003945532,346.61037950909224,356.7986145019531,23658490
2025-01-01,355.44018735902756,358.9361565438495,354.9906934137204,357.26806640625,7424140
2025-01-02,359.5854300343208,367.6161798401689,358.96614889311786,367.0068664550781,25484935
2025-01-03,369.7736752242475,370.173208471933,363.00148455982776,367.3065185546875,21385745
2025-01-06,363.7806070323967,364.5796735760278,354.1716596194765,355.5201110839844,19961975
2025-01-07,356.9884085041089,359.0759979814022,353.57236408033214,354.0018615722656,21999690
2025-01-08,355.61000328649465,356.52895724457613,352.0840695854549,353.3226623535156,21823395
2025-01-09,354.3913960401411,361.32340629479506,354.3913960401411,357.627685546875,27349135
2025-01-10,356.4290365136822,357.5177775418878,350.2661593515311,350.8354797363281,17513090
2025-01-13,346.180862721715,348.5081965481599,344.35298357433106,347.27960205078125,15461940
2025-01-14,349.5170454844923,353.3625874379313,345.5216518851299,349.716796875,24744805
2025-01-15,351.6145828876974,358.5865552986561,351.6145828876974,357.5078125,17549305
2025-01-16,358.74638627131435,362.5719621379428,356.6587968240108,360.6941223144531,22257670
2025-01-17,358.98608938625773,360.68414376710126,349.25731625248386,351.31494140625,17608640
2025-01-20,377.56467283305534,385.5354935665399,372.7702129900529,383.65765380859375,66621575
2025-01-21,383.7475684091018,383.7475684091018,377.76447626035116,378.22393798828125,22078315
2025-01-22,379.36259845015746,383.6576647274148,376.97536669850274,383.058349609375,20883345
2025-01-23,380.98076004405914,384.3468741856657,377.9842149234693,378.5335693359375,15805795
2025-01-24,377.76445835602897,383.25812428383654,374.1785659531558,376.8055419921875,20126830
2025-01-27,374.56815493794255,379.3226831390005,372.1209641327075,375.8466796875,9642515
2025-01-28,378.56354624049777,380.5612430544318,373.72912360866957,377.1152038574219,25786920
2025-01-29,377.12520316233065,384.4967093037823,376.5658504914421,383.6277160644531,11758155
2025-01-30,383.6277079634501,387.17360755035844,375.0575717182489,379.8620300292969,21195905
2025-01-31,380.17165505534354,381.35031927249156,377.48478104338204,379.82208251953125,11666145
2025-02-03,378.2838537214999,380.3215129196158,375.87662550580717,376.4659423828125,16599040
2025-02-04,377.77443383116474,387.79288177221076,375.00763481738795,385.2558288574219,26663090
2025-02-05,387.11369020585886,387.3434363155355,380.0318585844416,381.9096984863281,17136925
2025-02-06,382.9584678892273,383.5577830216854,378.85321562439157,382.74871826171875,15969855
2025-02-07,383.7575459772404,391.66840779195957,381.1405377105844,385.4056396484375,22070870
2025-02-10,386.61424415523874,392.5474058579458,384.26694441049216,391.5785217285156,17846865
2025-02-11,392.4675241006207,393.64615788890933,380.8808766420632,383.2781066894531,17533410
2025-02-12,384.2469703482383,389.35107073400496,380.551219297313,388.3422546386719,16095020
2025-02-13,392.14788701357963,398.1010149284876,391.6584305706764,394.1056213378906,63391865
2025-02-14,394.34533639696,394.34533639696,386.22472450464596,390.03033447265625,13050240
2025-02-17,390.5497067234525,392.33765381361036,386.08485335823747,388.6119384765625,11500595
2025-02-18,387.9627001326211,392.74719237335864,387.3833510062412,392.2178039550781,21720625
2025-02-19,392.3376729187464,398.5205469745791,391.9481074098399,396.5428161621094,19570825
2025-02-20,396.00342776401135,396.01342600238104,391.5485724391979,393.6561279296875,23621860
2025-02-21,393.65612562632293,395.21435716360884,386.4544372461792,390.16015625,20042760
2025-02-24,387.21355647067867,393.54625137553006,386.26463834164787,392.76715087890625,11090405
2025-02-25,393.3464902809318,395.45407626948156,391.2688990077135,392.9969177246094,20099470
2025-02-27,393.94578448199593,394.5450995905187,387.53319512337055,389.0614318847656,18540340
2025-02-28,386.9638561768171,386.9638561768171,378.34378974407076,380.1517028808594,34851575
2025-03-03,380.6710908152998,384.28694754992296,378.6034978389065,382.4790344238281,13038950
2025-03-04,379.7921200545828,382.7587008808819,378.91312862717086,381.1205749511719,15860250
2025-03-05,380.18165356083995,390.28002621588877,378.6434185689396,386.17474365234375,19058440
2025-03-06,388.35222446983926,388.5420080940458,381.5301036835318,383.8973693847656,25965465
2025-03-07,382.9584615974769,387.67302715562533,381.5700782044857,386.63421630859375,13901690
2025-03-10,386.05489706084006,387.5631678619506,382.8286058348833,383.9073791503906,11142670
2025-03-11,384.1571067437002,388.3522517998409,380.45138765683396,386.59429931640625,16035260
2025-03-12,387.5531658975251,399.07988457296057,387.1536326477256,396.0533752441406,33522470
2025-03-13,394.6849653005036,398.21089887864855,393.45637081383774,396.5627746582031,24628970
2025-03-17,395.5639377354779,399.3096192860545,394.39530216186137,398.16094970703125,15854645
2025-03-19,407.38032271136115,409.72762252868876,402.9853958837203,403.8443908691406,26691440
2025-03-20,405.7322111646116,407.31037814223595,402.8355265693654,406.6611328125,13416530
2025-03-21,407.53013144871016,419.036853598292,406.53128308731624,415.3211364746094,94254040
2025-03-24,419.51631852124484,436.34691977745285,417.56855199228,434.7287902832031,42541755
2025-03-25,435.47791380851965,439.99269736856905,431.5024864091302,433.50018310546875,36712165
2025-03-26,434.49904875335574,434.698830623917,425.4894472678244,428.4859924316406,15084580
2025-03-27,428.3061875568384,429.78449418263637,421.8835995732027,425.23974609375,47106120
2025-03-28,427.3672413177579,435.47791554242946,427.3073128552237,433.7398986816406,18361265
2025-04-01,434.35918132502024,435.198240768343,426.68803326908306,428.68572998046875,18754695
2025-04-02,427.7068982152902,431.6323651219901,427.437189637812,430.42376708984375,10660960
2025-04-03,425.3096365264536,429.84441679752905,424.9400674956435,426.02880859375,8470190
2025-04-04,425.689206703621,428.76567686679596,423.14215545919853,425.89898681640625,18942015
2025-04-07,403.2750405561581,416.2401036748553,399.6991767204186,407.10064697265625,35695245
2025-04-08,412.0149506970586,415.50095220519376,407.1305980623664,410.556640625,20471695
2025-04-09,410.3269100802715,412.52438875085255,407.9496764961044,410.0672302246094,19597890
2025-04-11,412.5243740224748,427.4072085384213,411.2258833432223,421.75372314453125,27973445
2025-04-15,428.5059455803453,428.9054788270572,419.43641590201076,423.5516662597656,28178320
2025-04-16,423.51170839371383,429.8244374006494,422.1732552373427,424.19091796875,14498895
2025-04-17,422.5128692381526,438.2746956230587,419.0568623416407,437.11602783203125,26943160
2025-04-21,438.49445141439935,451.71919459106056,434.57895224006796,447.7637634277344,24432490
2025-04-22,449.28199568553293,459.8498287702682,448.5628236221437,453.2374572753906,33664915
2025-04-23,456.4737015417818,457.4725499040176,443.4886728327158,444.8870544433594,17619395
2025-04-24,443.08913382847385,447.06453074977406,442.2301083972448,444.0879821777344,20842685
2025-04-25,443.4886860413507,446.1655924160865,435.1383281159242,440.3722839355469,10680015
2025-04-28,438.89397733604426,445.84595360908844,437.37573875392286,444.6073913574219,12190890
2025-04-29,444.607376828097,448.88244658673517,439.2535642536522,440.49212646484375,15291325
2025-04-30,442.2700874642522,445.6861623591955,437.13602260724144,441.1114196777344,23114585
2025-05-02,440.29234908944204,444.2078481102132,433.7399062240153,435.8374938964844,9079030
2025-05-05,420.5351424840396,426.26855302931796,411.1260076241954,416.49981689453125,44108085
2025-05-06,416.7195566423275,417.798299481268,412.52438125019955,414.3222961425781,17025485
2025-05-07,412.2646630535336,419.8758826924956,410.4267857258982,418.49749755859375,18697280
2025-05-08,419.3165478694598,427.2474066370105,418.49751534470624,422.0334167480469,34624355
2025-05-09,414.52206672975944,423.51170191185065,414.52206672975944,420.1355895996094,23271500
2025-05-12,426.3084723197471,432.22166808514635,424.73030530668944,428.5059509277344,15109370
2025-05-13,426.50825753224206,428.72570215135573,419.7360667466949,422.6327209472656,21539120
2025-05-14,421.71379455308727,423.49174343469235,416.31998896215583,417.9980773925781,10687970
2025-05-15,416.5397266105025,421.9135355934969,412.6042616855004,420.7948303222656,21311795
2025-05-16,419.496357478891,422.49290264655525,417.53859268866466,421.1544494628906,10289540
2025-05-19,419.9158458140422,424.31077251585805,419.5962070220181,421.75372314453125,7528520
2025-05-20,422.4728874818281,423.0921685785619,416.45983141838013,417.53857421875,19545490
2025-05-21,418.51745990562284,418.7771702317805,411.52552143464584,413.7829284667969,10708700
2025-05-22,414.3222996088333,415.0414716682881,409.6676929401339,412.6842041015625,16446640
2025-05-23,412.6842086599538,421.37417145171594,412.6842086599538,419.6761474609375,8254765
2025-05-26,417.5385730547617,421.9135336710173,416.5397247125091,417.3787536621094,10201425
2025-05-27,417.5186127620736,419.31652760970275,411.765236477768,415.00152587890625,17299700
2025-05-28,414.5220860736088,415.6008289335294,412.2047504694131,414.3822326660156,8173180
2025-05-29,414.9815506908779,418.717264461597,410.5266953301626,415.840576171875,24936910
2025-05-30,415.8405738745379,417.55859434460643,412.6242808020526,414.462158203125,49038640
2025-06-02,412.92389949984965,414.681882340463,409.76753507349036,412.24468994140625,13505700
2025-06-03,413.52324063995115,414.681908450361,406.371482385484,408.4291076660156,32319090
2025-06-04,408.94851568718207,411.2258887661281,407.689956978511,408.7886962890625,11655570
2025-06-05,410.4867109390572,410.80634972805433,406.3714605986257,407.5101623535156,18626660
2025-06-06,408.3092239750878,416.49979257149033,406.2915612981625,414.2024230957031,22121620
2025-06-09,421.71378452345573,427.98655092669617,417.51860927082373,427.14752197265625,28895440
2025-06-10,428.8455568942334,434.07951261545253,427.1475329492437,429.72454833984375,24578710
2025-06-11,429.3050255048349,431.64235756021156,426.10872894870886,428.5658874511719,8910305
2025-06-12,428.5658682551451,429.26507428927226,423.9511937807166,424.8701171875,14890860
2025-06-13,413.92276525982584,423.9112491246017,413.92276525982584,420.99462890625,22336370
2025-06-16,421.0944740543355,428.4460137624854,417.27889652331726,427.30731201171875,14707980
2025-06-17,427.3073240942392,430.663470496589,425.54937167627827,426.8678283691406,15541500
2025-06-18,424.51055453217293,426.98770944758945,421.2542991124417,425.9888610839844,19503255
2025-06-19,427.4072288472776,430.4437365509244,426.12870410086333,428.78564453125,17025995
2025-06-20,428.5059561528863,434.6988283182325,425.7691213388294,433.4602355957031,16863180
2025-06-23,431.12293181053917,437.435660871994,429.744516172428,436.31695556640625,8603070
2025-06-24,441.0914531389984,446.2055519956353,437.7752691833114,444.2078552246094,28022600
2025-06-25,444.0880000054653,444.207856934999,437.6953764100549,439.1536865234375,17877145
2025-06-26,439.97275757302407,441.4909961789677,435.49790573309934,440.27239990234375,28350635
2025-06-27,441.49097137029787,442.9492814284309,436.01727143031167,441.0714416503906,48247195
2025-06-30,441.0714383639628,441.29118621895634,430.4037453650353,432.2016906738281,18638285
2025-07-01,432.2017119658876,436.79639018903555,431.3626524909893,436.2170715332031,20128770
2025-07-02,436.4967345305596,438.9339269743134,431.702274582236,433.3204040527344,9382555
2025-07-03,427.3273211447125,429.8843705583035,423.8912802797434,424.8302001953125,23336995
2025-07-04,424.3107841133649,426.96772449012434,421.71380268387765,425.4694519042969,8431075
2025-07-07,425.5094126743062,430.8632253946964,423.87128668878063,429.46484375,10852925
2025-07-08,436.4967382408718,447.783712643143,434.73875535307457,444.38763427734375,37631455
2025-07-09,442.88936860320405,446.3054434982735,442.2900534746473,445.3465270996094,10104510
2025-07-10,445.3065811284953,448.02344987453114,436.8762985701678,440.2524108886719,28609065
2025-07-11,439.8528712489597,444.4875425034859,439.2136241173486,443.6085510253906,13395830
2025-07-14,444.2677703037788,444.88705140694907,438.9538897371681,440.2524108886719,11976685
2025-07-15,441.4909886601973,446.2055542832868,435.877465582024,437.11602783203125,14870715
2025-07-16,436.3169411225778,437.49557485320224,430.703418304162,435.3780212402344,11438515
2025-07-17,434.49903261892985,437.83518245287064,432.8409406986301,433.6600036621094,10897805
2025-07-18,433.5199890136719,433.6000061035156,426.20001220703125,428.1000061035156,12832715
2025-07-21,427.6199951171875,433.5199890136719,426.0400085449219,433.0400085449219,9135495
2025-07-22,434.3999938964844,435.0,429.0,432.0400085449219,7822810
2025-07-23,434.20001220703125,435.9599914550781,431.239990234375,434.0799865722656,13952705
2025-07-24,433.0799865722656,434.3599853515625,428.0,428.4200134277344,10292000
2025-07-25,427.82000732421875,429.9800109863281,423.6600036621094,424.9200134277344,8727375
2025-07-28,405.05999755859375,411.05999755859375,392.0,393.32000732421875,69123495
2025-07-29,393.3999938964844,395.94000244140625,390.6000061035156,394.5400085449219,25219670
2025-07-30,393.2200012207031,396.17999267578125,391.3999938964844,391.94000244140625,17949955
2025-07-31,388.239990234375,399.7200012207031,387.0,395.7200012207031,21519590
2025-08-01,396.6000061035156,401.3999938964844,394.4200134277344,398.4800109863281,13361865
2025-08-04,397.3999938964844,401.3999938964844,396.4200134277344,399.3999938964844,7716305
2025-08-05,401.6000061035156,401.6000061035156,398.9599914550781,400.6000061035156,12106660
2025-08-06,400.6000061035156,405.1199951171875,398.5400085449219,400.4800109863281,13311395
2025-08-07,396.20001220703125,399.1000061035156,393.0,398.4200134277344,72760995
2025-08-08,398.7799987792969,399.8999938964844,389.6400146484375,390.5400085449219,10928645
2025-08-11,392.79998779296875,404.79998779296875,391.2799987792969,395.17999267578125,11012565
2025-08-12,395.0,397.17999267578125,391.2799987792969,391.79998779296875,7889120
2025-08-13,393.6000061035156,399.260009765625,392.44000244140625,397.5400085449219,13733665
2025-08-14,397.6000061035156,398.70001220703125,395.1000061035156,395.6400146484375,9922965
2025-08-18,399.5799865722656,405.20001220703125,399.4200134277344,400.2799987792969,21519720
2025-08-19,398.79998779296875,406.5,398.5,405.9800109863281,15558845
2025-08-20,404.1000061035156,404.8399963378906,401.1000061035156,403.5,13134705
2025-08-21,407.79998779296875,407.79998779296875,402.5799865722656,403.55999755859375,14493935
2025-08-22,402.0400085449219,403.7200012207031,396.0400085449219,397.32000732421875,8958465
2025-08-25,397.3999938964844,399.760009765625,395.3399963378906,396.6600036621094,11849075
2025-08-26,395.6000061035156,396.7799987792969,392.239990234375,393.1400146484375,18550690
2025-08-28,391.0,393.6000061035156,388.2200012207031,388.94000244140625,17989700
2025-08-29,390.0400085449219,396.9800109863281,390.0400085449219,392.05999755859375,15371790
2025-09-01,392.05999755859375,394.55999755859375,391.0400085449219,393.7200012207031,7891610
2025-09-02,393.20001220703125,395.0400085449219,388.0799865722656,388.5,12917095
2025-09-03,388.79998779296875,392.760009765625,386.2200012207031,392.0400085449219,20037270
2025-09-04,392.20001220703125,394.3399963378906,389.29998779296875,389.94000244140625,9457295
2025-09-05,389.94000244140625,391.4599914550781,387.4200134277344,389.1000061035156,9906260
2025-09-08,388.5,392.29998779296875,386.29998779296875,390.0199890136719,12527790
2025-09-09,391.20001220703125,393.17999267578125,387.9599914550781,392.0799865722656,15873920
2025-09-10,396.9800109863281,397.7799987792969,393.1600036621094,394.6600036621094,42604510
2025-09-11,395.3999938964844,397.0,392.6600036621094,394.4599914550781,11816335
2025-09-12,394.6400146484375,397.0,393.20001220703125,394.4599914550781,18077285
2025-09-15,393.6000061035156,396.32000732421875,392.9800109863281,394.1600036621094,13098130
2025-09-16,395.2799987792969,406.1000061035156,394.6400146484375,404.3399963378906,20084385
2025-09-17,405.79998779296875,410.5400085449219,404.05999755859375,410.05999755859375,23917190
2025-09-18,410.0,412.260009765625,408.44000244140625,410.9200134277344,17420580
2025-09-19,410.9200134277344,410.9200134277344,405.4800109863281,406.20001220703125,22431125
2025-09-22,406.3999938964844,407.9200134277344,403.4800109863281,404.3399963378906,13229910
2025-09-23,404.6000061035156,410.6199951171875,401.67999267578125,409.5400085449219,25428240
2025-09-24,408.3999938964844,409.6199951171875,405.79998779296875,406.260009765625,18394385
2025-09-25,406.4599914550781,407.5,402.0,402.70001220703125,20039275
2025-09-26,401.79998779296875,403.8399963378906,397.82000732421875,398.9599914550781,9595825
2025-09-29,399.17999267578125,400.739990234375,394.05999755859375,398.32000732421875,26530510
2025-09-30,400.79998779296875,403.0,397.2200012207031,398.5400085449219,29309685
2025-10-01,397.20001220703125,414.3999938964844,397.20001220703125,412.6600036621094,30579755
2025-10-03,412.6600036621094,421.6000061035156,412.3999938964844,420.1000061035156,23679650
2025-10-06,422.79998779296875,430.9200134277344,418.6000061035156,429.20001220703125,25764180
2025-10-07,428.3999938964844,430.6199951171875,424.3399963378906,425.3800048828125,12364695
2025-10-08,425.29998779296875,426.5,422.44000244140625,423.55999755859375,4402475
2025-10-09,423.6000061035156,430.3999938964844,420.260009765625,428.9200134277344,15827485
2025-10-10,429.0,431.55999755859375,427.32000732421875,430.0199890136719,9681210
2025-10-13,427.20001220703125,431.20001220703125,426.760009765625,430.4200134277344,10600020
2025-10-14,429.79998779296875,433.0,428.32000732421875,430.3599853515625,8022815
2025-10-15,431.0,433.17999267578125,428.239990234375,429.9200134277344,11540535
2025-10-16,430.5799865722656,442.9200134277344,430.44000244140625,441.0799865722656,33692100
2025-10-17,440.7799987792969,441.9800109863281,438.0799865722656,441.1600036621094,16706510
2025-10-20,442.79998779296875,453.20001220703125,440.0400085449219,442.760009765625,15207085
2025-10-21,442.760009765625,443.9599914550781,437.3800048828125,439.3999938964844,1134020
2025-10-23,445.0,448.8800048828125,442.20001220703125,445.1199951171875,21496105
2025-10-24,447.6000061035156,447.6000061035156,433.6400146484375,437.3999938964844,16293685
2025-10-27,434.44000244140625,437.20001220703125,424.3999938964844,429.7200012207031,18599700
2025-10-28,428.3999938964844,433.6199951171875,428.3999938964844,432.1600036621094,23304345
2025-10-29,434.0,434.8599853515625,429.3800048828125,430.1000061035156,7088915
2025-10-30,430.0,430.6000061035156,425.2799987792969,427.44000244140625,12438465
2025-10-31,429.3800048828125,429.3800048828125,420.0,420.44000244140625,18931270
2025-11-03,420.44000244140625,423.8399963378906,417.5799865722656,422.70001220703125,7657265
2025-11-04,423.3399963378906,424.2200012207031,418.6000061035156,419.32000732421875,9581885
2025-11-06,414.6000061035156,420.760009765625,414.4200134277344,416.6400146484375,11902845
2025-11-07,415.739990234375,419.8599853515625,411.8399963378906,417.6600036621094,7000945
2025-11-10,416.20001220703125,420.9599914550781,416.20001220703125,418.5400085449219,10866480
2025-11-11,420.0,420.6000061035156,414.9800109863281,417.3800048828125,10814210
2025-11-12,420.0199890136719,420.0199890136719,416.0,416.8999938964844,9035425
2025-11-13,417.8999938964844,417.8999938964844,412.9200134277344,415.0400085449219,10711530
2025-11-14,413.20001220703125,417.1000061035156,412.6000061035156,415.94000244140625,12202755
2025-11-17,419.0,423.9800109863281,418.4800109863281,420.5799865722656,25151640
2025-11-18,418.1199951171875,421.3999938964844,416.0,418.6199951171875,10300340
2025-11-19,419.8999938964844,422.0,417.8999938964844,421.17999267578125,12464500
2025-11-20,422.9599914550781,422.9599914550781,418.6400146484375,419.739990234375,36702845
2025-11-21,420.0,422.29998779296875,415.70001220703125,417.55999755859375,39194210
2025-11-24,419.0,420.79998779296875,415.4800109863281,417.4599914550781,24922845
2025-11-25,418.8599853515625,418.8599853515625,413.3399963378906,413.9800109863281,15164895
2025-11-26,415.0,422.0,414.82000732421875,420.760009765625,14896715
2025-11-27,420.79998779296875,426.1000061035156,418.2799987792969,422.0400085449219,20148975
2025-11-28,423.79998779296875,428.3599853515625,420.44000244140625,424.8800048828125,15840785
2025-12-01,426.79998779296875,432.6000061035156,425.6199951171875,429.5199890136719,16310160
2025-12-02,428.0,432.0,427.8800048828125,428.4800109863281,18294165
2025-12-03,427.0199890136719,430.3399963378906,423.82000732421875,429.2200012207031,14031015
2025-12-04,429.2200012207031,429.3599853515625,424.29998779296875,427.0799865722656,12871640
2025-12-05,427.0,433.20001220703125,426.3999938964844,430.9800109863281,9658475
2025-12-08,431.739990234375,431.7799987792969,425.20001220703125,426.32000732421875,14960235
2025-12-09,424.0,426.67999267578125,421.7799987792969,425.5400085449219,16037550
2025-12-10,426.0,431.1000061035156,424.739990234375,425.8999938964844,10941335
2025-12-11,425.8999938964844,441.0,423.82000732421875,436.0400085449219,24978600
2025-12-12,436.3399963378906,440.20001220703125,434.94000244140625,435.32000732421875,14312745
2025-12-15,433.4200134277344,437.1199951171875,431.29998779296875,436.260009765625,13779900
2025-12-16,435.6000061035156,438.79998779296875,434.29998779296875,436.4800109863281,8544595
2025-12-17,437.6000061035156,438.6400146484375,432.70001220703125,434.6400146484375,8060720
2025-12-18,434.6400146484375,435.7799987792969,431.9800109863281,432.9200134277344,5633400
2025-12-19,433.70001220703125,435.5,431.260009765625,431.8999938964844,11504670
2025-12-22,434.0,435.20001220703125,429.4200134277344,429.94000244140625,9041130
2025-12-23,430.5,434.17999267578125,429.94000244140625,432.5400085449219,8070815
2025-12-24,433.6000061035156,435.6400146484375,432.2200012207031,432.739990234375,7791790
2025-12-26,432.3999938964844,434.7200012207031,430.5799865722656,432.8399963378906,3691745
2025-12-29,434.1199951171875,436.3599853515625,431.0799865722656,431.7200012207031,4858980
2025-12-30,431.94000244140625,433.0,427.7799987792969,430.5400085449219,28360690
2025-12-31,431.6000061035156,441.0799865722656,431.1400146484375,440.2200012207031,14284445
2026-01-01,442.0,444.17999267578125,437.79998779296875,443.55999755859375,6734875
2026-01-02,443.55999755859375,445.5799865722656,436.1000061035156,439.0199890136719,12238470
2026-01-05,439.3800048828125,441.3399963378906,436.3999938964844,438.17999267578125,10914245
2026-01-06,440.4200134277344,445.6000061035156,427.0,429.2799987792969,26541035
2026-01-07,429.2799987792969,430.1000061035156,421.8399963378906,428.79998779296875,10561315
2026-01-08,428.0199890136719,428.6000061035156,423.7200012207031,426.6000061035156,11484710
2026-01-09,426.6000061035156,426.6000061035156,423.20001220703125,425.3599853515625,10319615
2026-01-12,425.3599853515625,427.8800048828125,421.20001220703125,426.6600036621094,12720435
2026-01-13,425.3800048828125,428.8800048828125,424.0,426.5199890136719,12717650
2026-01-14,426.0,427.6000061035156,418.79998779296875,421.0,10818517
2026-01-16,424.0,427.6000061035156,417.1000061035156,418.20001220703125,17993251
2026-01-19,419.0,430.3999938964844,415.0,426.8999938964844,22228439
2026-01-20,428.0,431.0,422.5,423.79998779296875,18805991
2026-01-21,422.1000061035156,425.5,416.3999938964844,421.6000061035156,16386060
2026-01-22,423.79998779296875,429.79998779296875,420.29998779296875,426.0,10087657
2026-01-23,429.0,429.79998779296875,420.3999938964844,422.79998779296875,10548118
2026-01-27,415.0,415.0,400.5,408.70001220703125,47613963
2026-01-28,409.29998779296875,414.20001220703125,406.29998779296875,412.3999938964844,14823671
2026-01-29,407.0,414.6000061035156,407.0,412.3999938964844,26085514
2026-01-30,410.0,412.5,405.3999938964844,408.0,20681886
2026-02-02,408.70001220703125,410.8500061035156,405.1000061035156,408.20001220703125,15422034
2026-02-03,415.0,425.0,410.29998779296875,415.79998779296875,35396945
2026-02-04,416.70001220703125,418.6499938964844,410.6000061035156,412.3500061035156,14948177
2026-02-05,411.0,413.95001220703125,404.1000061035156,408.75,24814864
2026-02-06,411.0,424.6499938964844,410.29998779296875,422.3500061035156,21228778
2026-02-09,430.0,434.8999938964844,424.20001220703125,428.79998779296875,22538542
2026-02-10,430.79998779296875,433.8999938964844,428.20001220703125,429.29998779296875,18428055
2026-02-11,431.70001220703125,431.70001220703125,427.75,429.54998779296875,12299205
2026-02-12,429.3999938964844,431.04998779296875,425.1000061035156,426.25,14003384
2026-02-13,426.0,428.8999938964844,419.54998779296875,420.6499938964844,23233320
2026-02-16,419.0,426.70001220703125,418.25,425.6000061035156,12403028
2026-02-17,423.6499938964844,425.5,420.6000061035156,424.45001220703125,6427007
2026-02-18,425.70001220703125,427.3999938964844,421.3500061035156,426.3500061035156,7333331
2026-02-19,425.70001220703125,425.95001220703125,415.8500061035156,416.3999938964844,6473423
2026-02-20,415.0,423.3999938964844,415.0,421.3500061035156,6603883
2026-02-23,423.0,431.79998779296875,420.3500061035156,430.70001220703125,10399627
2026-02-24,430.8999938964844,432.45001220703125,425.79998779296875,427.70001220703125,15016915
2026-02-25,425.5,430.1499938964844,421.3999938964844,424.95001220703125,10192468
2026-02-26,426.70001220703125,426.70001220703125,421.70001220703125,424.54998779296875,13417228
2026-02-27,420.5,422.3500061035156,414.45001220703125,415.20001220703125,17806739
2026-03-02,410.0,414.6000061035156,407.1000061035156,413.1000061035156,15236666
2026-03-04,405.0,410.5,402.20001220703125,403.3500061035156,18393751
2026-03-05,403.6000061035156,410.04998779296875,402.3500061035156,407.29998779296875,14963265
2026-03-06,403.70001220703125,406.70001220703125,399.0,399.79998779296875,17512726
2026-03-09,390.0,393.8500061035156,385.1000061035156,386.3500061035156,20275976
2026-03-10,390.5,394.25,387.5,391.8500061035156,21346381
2026-03-11,388.8500061035156,391.1000061035156,379.95001220703125,383.20001220703125,29991868
2026-03-12,377.0,380.1499938964844,374.04998779296875,375.29998779296875,25048123
2026-03-13,373.0,373.6000061035156,363.3999938964844,366.8500061035156,32179473
2026-03-16,366.8500061035156,373.3500061035156,364.04998779296875,369.8500061035156,27927294
2026-03-17,369.8500061035156,375.1499938964844,368.6000061035156,374.20001220703125,15176772
2026-03-18,375.0,376.95001220703125,371.1000061035156,375.3999938964844,15235416
2026-03-19,366.1499938964844,370.1499938964844,363.3500061035156,368.1499938964844,17308390
2026-03-20,368.6000061035156,372.6000061035156,365.3999938964844,366.75,17077194
2026-03-23,364.8500061035156,364.8999938964844,355.25,356.54998779296875,16980244
2026-03-24,363.0,370.95001220703125,361.3999938964844,366.8500061035156,19990983
2026-03-25,368.95001220703125,378.0,363.0,371.1000061035156,42442702
2026-03-27,367.54998779296875,368.8500061035156,362.5,366.1499938964844,28928069
2026-03-30,361.0,362.95001220703125,351.6499938964844,353.3999938964844,39762775
2026-04-01,363.79998779296875,364.04998779296875,355.0,356.04998779296875,21245776
2026-04-02,350.29998779296875,359.8500061035156,345.5,358.0,22056018
2026-04-06,358.0,361.3999938964844,350.1000061035156,360.54998779296875,18320378
2026-04-07,357.0,364.0,357.0,362.95001220703125,23655155
2026-04-08,377.0,381.1499938964844,369.45001220703125,380.1499938964844,30162218
2026-04-09,377.0,378.70001220703125,369.45001220703125,371.8999938964844,12422256
2026-04-10,373.5,379.1499938964844,372.3500061035156,374.54998779296875,23751660
