date,open,high,low,close,volume
2003-07-09,141.5106770752426,146.23056035433123,133.01489241067966,140.99578857421875,35164284
2003-07-10,143.31283569335938,144.7717062521776,141.16743396142286,143.31283569335938,10464179
2003-07-11,143.956426608264,150.0493715117452,142.6691858338235,148.7621307373047,11740117
2003-07-14,149.53446458456006,153.82526701166364,149.53446458456006,152.70965576171875,5982324
2003-07-15,171.6321093769417,171.6321093769417,148.46177461105458,151.2078857421875,6173689
2003-07-16,151.4224124466873,153.6965455508948,150.47844378554515,151.980224609375,3759085
2003-07-17,152.32350711310352,152.75258741483057,146.44510174164625,147.77525329589844,3814181
2003-07-18,141.59651694883274,147.51782060162301,137.30571340492872,143.65609741210938,5375212
2003-07-21,145.02911365956854,145.37237259611507,139.9230616851265,141.51065063476562,3315845
2003-07-22,140.73833708485145,145.157858895756,139.10783719788452,143.52735900878906,4627992
2003-07-23,146.3163526095718,152.7525558035412,145.71564293036576,149.92062377929688,13262249
2003-07-24,150.95044028201812,151.89442215467417,148.33306099731868,149.40576171875,4305936
2003-07-25,149.66321277546558,150.17811440551,147.68945374744422,149.01959228515625,2832967
2003-07-28,161.3341411063829,161.3341411063829,150.26387815123988,153.4819793701172,5415867
2003-07-29,154.42603313592153,156.95760487365902,153.69660431358747,154.7263946533203,5229181
2003-07-30,155.54157588066633,158.54513734594815,154.5546966370121,155.41285705566406,4632246
2003-07-31,155.9277929793143,157.60120368686876,154.1685609659395,155.1983642578125,3562717
2003-08-01,156.1852297199965,162.19235393999637,153.39620776071087,160.60475158691406,8027285
2003-08-04,161.20545990336385,170.34486425933022,158.7596971686453,169.57252502441406,9982429
2003-08-05,170.7739858146861,174.59279845646756,165.49630254615028,166.13992309570312,9651327
2003-08-06,164.33773218086475,169.48669506903806,162.921772624413,164.42355346679688,7451054
2003-08-07,166.0540553552026,168.19945658718194,164.98135473921292,167.68455505371094,3223676
2003-08-08,169.05760624536876,170.68810583938125,168.19944580757502,169.1863250732422,2530289
2003-08-11,170.0016297630633,174.8931428422669,168.1994871628077,173.52008056640625,5651311
2003-08-12,174.89310687148514,181.9300201253606,174.63565611090038,180.59986877441406,8215213
2003-08-13,182.78820569884238,188.36624953472256,181.93004510870696,186.90737915039062,7839204
2003-08-14,191.36978827452796,192.57120771648243,184.50450439024,185.83465576171875,6298655
2003-08-18,187.16484354176245,189.65350419613193,184.84779930449633,186.13504028320312,3382031
2003-08-19,188.66661722683958,188.70951478217376,184.5045329890571,185.0623321533203,3080091
2003-08-20,186.5640952938878,194.33045076380586,186.4782870969797,193.08612060546875,6049174
2003-08-21,194.8024563471108,196.43295625054546,191.62726474361125,195.61770629882812,4012069
2003-08-22,195.70351392374417,199.7797764920319,193.85846090456164,196.77621459960938,4436016
2003-08-25,197.37691444993152,198.6212445525657,185.4484887709708,189.69638061523438,4827198
2003-08-26,186.22086659288794,201.66775875266669,186.22086659288794,199.4794464111328,3968069
2003-08-27,202.01098533633603,203.89894899486436,199.95140528365684,201.0670166015625,2267859
2003-08-28,202.31135553647138,202.31135553647138,193.94428993103938,195.70352172851562,3554363
2003-08-29,199.1361714110569,204.6713047055799,198.66418045845597,202.01100158691406,3212067
2003-09-01,202.8691686725569,203.38407029083686,198.83581631100412,202.13973999023438,2478236
2003-09-02,201.5389785654595,201.5389785654595,192.31375411039292,194.41624450683594,3975812
2003-09-03,194.88824318395177,198.87868403356086,189.65345920784011,191.19815063476562,3945233
2003-09-04,191.36977248736028,193.68680298826465,187.4651399813886,190.1254425048828,3682478
2003-09-05,192.14213982317733,197.37692435919575,190.8548990121391,196.77621459960938,2971415
2003-09-08,198.23509101242314,200.72375141937144,194.93116759108634,196.30422973632812,1817991
2003-09-09,197.37692118153313,201.6677238159143,193.77264958755106,195.8322296142578,2034401
2003-09-10,195.44605725086862,197.72017737735266,193.7726468658624,195.4889678955078,1476667
2003-09-11,197.37692449073242,197.46274578265508,193.08612178441214,193.6439208984375,1092801
2003-09-12,195.6605794475647,196.08965966565145,188.0229568034159,189.0956573486328,2496597
2003-09-15,187.93713276559555,189.95381499882103,177.7250289627035,178.7977294921875,3469640
2003-09-16,177.63922711928114,180.2137086717345,167.42712219901233,178.9264678955078,4004037
2003-09-17,182.3591062198863,188.36622971889435,179.57008459534688,185.40557861328125,3800473
2003-09-18,185.276863930411,185.276863930411,174.54985668352543,176.4378204345703,2813556
2003-09-19,177.63922897839458,180.55696953058168,170.60231528027415,176.5665283203125,3442717
2003-09-22,176.7810707006261,182.61656497371965,176.56653056628068,180.81442260742188,2575343
2003-09-23,180.47115112933514,183.9896012321886,178.6690088878687,182.91690063476562,1766451
2003-09-24,185.3626943102233,189.65349741925624,182.87403374478095,188.75242614746094,2133208
2003-09-25,188.8811516648372,188.8811516648372,181.50096533084547,183.388916015625,1916650
2003-09-26,183.98959844073732,186.95026252029785,182.87400031193485,184.33287048339844,2531520
2003-09-29,185.36269423474988,196.9049519744505,184.63325246871452,194.97409057617188,3711837
2003-09-30,197.37693447224504,200.25177766865906,195.66061330292118,199.56524658203125,3594810
2003-10-01,199.09320966177586,199.95137004824903,194.88822900585265,196.04673767089844,2402620
2003-10-03,196.5187701988551,201.6677336101788,196.43294890420327,201.15283203125,2511914
2003-10-06,203.0408054686325,207.97522897381975,201.66774325547937,207.07415771484375,3094324
2003-10-07,209.39115036494232,211.45073021270338,202.56877738793324,203.85601806640625,2440562
2003-10-08,204.8858092404305,210.24931210012764,203.4698497232662,206.1730499267578,1859277
2003-10-09,206.68797279951914,222.90720188564464,206.68797279951914,221.4483184814453,6993550
2003-10-10,223.67956248996146,233.76294987074473,222.95012071823567,230.9310302734375,3707816
2003-10-13,234.2778529264986,240.58533882000887,233.4196922930682,236.9381561279297,3693070
2003-10-14,238.56861345932367,239.0835149851613,225.52456368667532,227.3267059326172,5123854
2003-10-15,227.32677149447284,234.02044088288096,224.23738763743734,232.13247680664062,3478259
2003-10-16,234.8785851478616,241.40058526904915,233.8487818713661,237.02398681640625,4100489
2003-10-17,240.75694697038256,245.77719174144943,236.38034884128234,242.25872802734375,4126840
2003-10-20,242.0012814605963,244.4041205881582,234.5352740037722,235.7796173095703,2192534
2003-10-21,236.93808372258144,239.42674356122907,220.54721539511067,224.19439697265625,3223848
2003-10-22,226.5114608885219,239.4267651646433,223.59369441203518,226.2969207763672,2569557
2003-10-23,226.98347434892167,234.49237945498243,224.53771144800822,226.38275146484375,3114998
2003-10-24,227.412562855503,249.7247388337788,223.1217597827577,244.57577514648438,5225375
2003-10-27,253.07149736923753,255.73179985383462,241.65797449564718,243.03103637695312,5831782
2003-10-28,242.85944107101247,250.49706489870016,238.39699563581087,245.6913604736328,5640636
2003-10-29,250.11094665483373,264.5709335081401,245.60560297687522,261.739013671875,7996572
2003-10-30,263.026162463857,266.63044661758227,259.16444066585586,262.5112609863281,7108567
2003-10-31,264.14184479627744,278.2157007911912,263.0262463964543,276.5851745605469,9924397
2003-11-03,278.0440069438902,299.9271000829927,278.0440069438902,298.2966003417969,9820043
2003-11-04,304.64700723410675,306.02006940591616,296.23704398887094,299.9271240234375,7884723
2003-11-05,300.3561276907746,300.3561276907746,283.27874166843714,288.4277038574219,7280790
2003-11-06,291.7745657703603,296.66609102504356,286.625602845001,290.4444274902344,6122862
2003-11-07,292.54688618171457,294.6922872628198,284.265643246444,285.9819641113281,4584798
2003-11-10,289.20012466032784,296.06540951873325,280.70433988584784,293.2334899902344,1953978
2003-11-11,294.9926535449744,297.6529561674666,290.35859237071816,292.3752746582031,3262766
2003-11-12,290.10117504707125,297.78172275215064,290.10117504707125,294.3061828613281,3302571
2003-11-13,296.02249068295197,306.10587709384185,290.0582644153862,297.5671691894531,7982920
2003-11-14,296.92348196589927,297.3525621421506,279.88899373092755,282.5921936035156,4834168
2003-11-17,292.3323648575933,303.3597323608398,289.2000843157087,300.3561706542969,4081415
2003-11-18,302.93066934661954,304.1320888597731,291.7745823735146,295.2501220703125,4672908
2003-11-19,296.923521159823,296.923521159823,282.3347932415658,283.7078552246094,4672785
2003-11-20,284.86640973754066,290.9593287916565,275.4695410847575,277.228759765625,5484243
2003-11-21,278.04404702372375,280.6185289406101,269.5482619357957,278.0869445800781,8100784
2003-11-24,282.0773509430284,285.76743040966386,278.0439863445378,280.8330078125,5287524
2003-11-25,283.6649661960566,290.48735320935816,282.03446634936915,289.4575500488281,5021011
2003-11-27,291.7745518699383,297.78167499667234,290.4014899174606,292.3752746582031,5069219
2003-11-28,294.6923342923055,302.0725204268954,293.61963358056227,295.7221374511719,3606119
2003-12-01,297.9962327653461,307.04981553863644,297.65297380413233,305.54803466796875,4405346
2003-12-02,313.22855559568933,314.9448764482685,298.7256496291913,303.3597106933594,4496428
2003-12-03,305.84840983060565,312.28461385140537,303.788829781746,307.1356506347656,3993295
2003-12-04,307.4360446413902,313.05698627298744,304.8615627602341,310.9974060058594,4952879
2003-12-05,312.88531287685714,314.9448927688851,302.2441282772302,303.96044921875,3310018
2003-12-08,305.5051112006301,310.65407374895534,298.3394664164153,304.9043884277344,2681496
2003-12-09,308.9377109067444,317.94839414152443,305.6767122116518,314.429931640625,2685187
2003-12-10,316.2321333581147,319.53605640711476,311.72679088829085,314.64453125,3588806
2003-12-11,317.51941915433645,317.8626781534635,310.6541344158643,312.7137145996094,2250383
2003-12-12,314.68753089340714,314.9449686210454,306.36336184662997,311.94140625,3012320
2003-12-15,312.7995538215875,314.7733128214112,307.6505899726725,309.5814514160156,2126368
2003-12-16,310.22507376576334,310.22507376576334,303.01652957165874,306.62078857421875,2089553
2003-12-17,306.36330160257677,312.11298748639655,304.7756994237029,306.3204040527344,2851693
2003-12-18,308.0796171370131,313.5289415080125,305.2476979843261,312.02716064453125,2281018
2003-12-19,314.47295014420604,314.81620913309115,306.92112144382315,308.3800048828125,2514435
2003-12-22,308.0796265841862,310.48246556384663,305.67678760452577,307.2214660644531,2007570
2003-12-23,310.6540975237518,321.8530814478421,306.7923753169648,307.9508972167969,2799280
2003-12-24,309.36683311187403,311.42641289340855,303.40260768447285,304.9043884277344,3127028
2003-12-26,309.7101573226456,318.33468712229893,306.3633361986087,316.918701171875,3181691
2003-12-29,318.3775218562469,329.5336075277596,318.3775218562469,328.4609069824219,3242665
2003-12-30,332.02229873733205,332.02229873733205,315.3739899479442,318.5491943359375,2283787
2003-12-31,320.69463163875236,325.2428724132653,316.06054337613637,321.98187255859375,2088465
2004-01-01,324.384651860331,327.345315904489,321.0378313249646,321.76727294921875,2154224
2004-01-02,324.1272267806431,330.99251068437735,323.69814653665975,326.4442443847656,2620056
2004-01-05,328.6754873846103,335.02587015372296,325.24284521871357,326.4013671875,2978921
2004-01-06,326.1439541649185,330.1344222561632,313.7435481205005,317.5623474121094,1485287
2004-01-07,319.8365087972676,330.39187511093127,312.7995804621674,327.86029052734375,2860924
2004-01-08,331.42160887097845,347.51211889146913,331.42160887097845,343.5645751953125,3536049
2004-01-09,351.84581301199535,384.4559127545705,348.4131709338295,377.33319091796875,7713917
2004-01-12,376.8183287429089,382.653810409959,356.8660945787234,359.5263977050781,2832076
2004-01-13,360.4274032349137,367.2926871060549,349.01387927473326,363.30224609375,4974616
2004-01-14,364.71816469173945,375.78842845282276,364.71816469173945,372.6132507324219,3261830
2004-01-15,390.1627047492949,390.1627047492949,366.77782880703546,369.9530334472656,5989636
2004-01-16,373.128228916115,377.59067463742355,340.68976779785714,344.2511291503906,6106161
2004-01-19,345.0663395811672,369.73845376264427,335.9698331147223,364.20330810546875,7850768
2004-01-20,367.9792090058131,370.2104315259124,343.3070948264978,348.0269775390625,7225533
2004-01-21,348.41319776077574,355.19266114935886,321.81021960662787,327.5599060058594,6790202
2004-01-22,325.2428817994361,342.7493535767012,314.60169512611685,318.7208557128906,7530811
2004-01-23,323.5265697214802,360.42747820430156,321.3811680655022,356.5228576660156,9635197
2004-01-27,364.46080939302027,375.70269205807693,292.71857955080435,370.1675720214844,7134689
2004-01-28,374.93033472961764,376.56083451800146,354.93520462100156,359.31182861328125,9705337
2004-01-29,360.4274740378978,378.8779280660283,355.57887158923256,372.27008056640625,10131822
2004-01-30,343.35008465771773,381.6240552594949,343.35008465771773,370.5108642578125,8149375
2004-02-03,374.11508176261015,379.3069423302259,343.73617900488756,348.7993469238281,7114870
2004-02-04,351.8458159919975,382.7395949571485,351.8458159919975,379.7789306640625,8958172
2004-02-05,378.4488079770626,388.74673472473773,366.4345601047749,372.0126037597656,9798958
2004-02-06,376.30337857108896,386.77294712779224,372.2271162034432,385.0137023925781,6807818
2004-02-09,381.8814668806775,403.2496605762042,381.8814668806775,399.60247802734375,6506722
2004-02-10,399.98866178131465,402.47732228901515,387.9744133547769,395.3116760253906,6839293
2004-02-11,397.41417787525404,408.3557254915952,395.6120353830012,406.639404296875,5367067
2004-02-12,406.8109586811778,415.1780232298088,404.1935797338644,412.4748229980469,6110771
2004-02-13,413.20430660887405,429.76679481978454,407.3688253192739,424.1887512207031,6094853
2004-02-16,426.505828977722,448.73221003056494,423.50226680182254,445.77154541015625,9885540
2004-02-17,443.6690031721079,444.44136861624264,430.7965949562827,438.4771423339844,9302625
2004-02-18,441.309046977635,449.5903169387061,440.23634632868595,444.69879150390625,6772064
2004-02-19,444.5271822509765,444.65592728968704,426.63452884728645,429.0802917480469,8116787
2004-02-20,423.93133095465555,445.81442597356994,418.3532871263048,439.764404296875,12516219
2004-02-23,446.11475482926016,447.87402591379987,421.48556199230086,424.6607666015625,8584140
2004-02-24,423.84547066830186,433.6284952449004,416.67982517171674,429.93841552734375,13355180
2004-02-25,430.71084826519314,430.7537720134028,415.4355983455829,418.8253173828125,8753414
2004-02-26,422.8156612392297,432.94194400295424,419.2113768987971,425.3043212890625,7344301
2004-02-27,504.59839915906844,504.59839915906844,420.7990273936623,429.1231689453125,8059826
2004-03-01,430.9253122861798,442.81084106815024,430.9253122861798,441.5664978027344,6091013
2004-03-03,443.66894140728647,456.241012632389,440.75117500004075,454.22430419921875,7811331
2004-03-04,455.68323580663446,458.6010025238125,443.71188608527467,447.4449157714844,6959165
2004-03-05,448.08865758832945,456.2840822939748,447.9599125243449,454.3961181640625,4740249
2004-03-08,455.8548990679663,458.1289931207998,448.86086956627656,450.4055480957031,4088518
2004-03-09,369.8671673613364,452.85129636092176,369.8671673613364,443.32568359375,4955913
2004-03-10,440.6654215111523,443.2399030389682,403.42126064654525,436.975341796875,5672162
2004-03-11,432.51290115892505,438.43420349651893,430.7965801225801,433.5856018066406,5651181
2004-03-12,430.6249670296923,437.57607294065104,421.44266456989214,435.13031005859375,5903578
2004-03-15,438.52008010012895,442.3818029190146,405.05181566978644,415.1781005859375,5652422
2004-03-16,407.5404358506721,419.64050472154355,401.70495464506524,410.28656005859375,6944864
2004-03-17,411.9599652435511,418.3532718739352,408.65606804762956,414.8348083496094,4505236
2004-03-18,417.9241840588183,418.7823446010335,409.42839992868375,412.3890380859375,4838602
2004-03-19,412.1315835488809,416.2078459577454,400.7180592796524,404.83721923828125,6065423
2004-03-22,402.4773144172533,409.7716793907003,377.7623000416376,380.4225769042969,4941516
2004-03-23,381.7956148947454,393.38078205992707,374.71579051602333,385.056640625,5931683
2004-03-24,386.1722091513829,390.33429264336587,379.86472449744787,386.3867492675781,3774546
2004-03-25,389.21871677100944,421.2710193578536,388.66091763726956,410.45819091796875,4704378
2004-03-26,410.45811772929255,423.9312467765262,410.45811772929255,419.98370361328125,4100480
2004-03-29,419.1256084209984,427.23523611419057,411.05890446880153,422.8586120605469,3597139
2004-03-30,420.49864281617545,423.9312847983483,408.4843958785704,410.5439758300781,4036926
2004-03-31,409.814581506023,428.5653957372199,408.99934465448234,426.8919982910156,5163520
2004-04-01,426.50575614311623,445.9860094043191,426.0766759055477,443.7547607421875,4820658
2004-04-02,444.5271778136018,451.3066673067326,441.99559364196614,447.65948486328125,5055782
2004-04-05,447.9598709619631,470.8727713890599,447.9598709619631,465.46636962890625,4707517
2004-04-06,470.65817106655714,470.65817106655714,456.15523660641486,462.63433837890625,4129358
2004-04-07,464.2649727545819,468.1266961878455,451.86453925439565,456.2840881347656,3657128
2004-04-08,454.82515705165576,464.9943400836035,451.73579957758756,459.97412109375,3870722
2004-04-12,456.1551927237035,465.1229802163824,451.39241253471795,454.52471923828125,1424120
2004-04-13,454.8252052603906,461.00397324141005,446.7155755589261,458.9443664550781,2515205
2004-04-15,458.8584678595554,476.27911697793,455.9407009665228,470.3577880859375,4140375
2004-04-16,470.6152767083676,470.87271440332023,462.54854641342274,464.82269287109375,1937619
2004-04-19,464.69386683281607,475.4208720690306,463.53537121848694,471.9024353027344,4295230
2004-04-20,471.1301083639393,471.73083118170746,459.9740220092377,463.9215393066406,2451980
2004-04-21,464.30774304542905,489.83801874499545,461.6903639114861,483.3589172363281,4450079
2004-04-22,483.4018589102038,508.88923938536783,477.1801945163692,505.1133117675781,6159916
2004-04-23,507.17301265744493,514.7248169219266,493.7427757196401,497.9477844238281,4810464
2004-04-27,497.6472994397763,497.6472994397763,477.65211770505016,479.3684387207031,3958687
2004-04-28,477.9095595644237,490.86776097463485,475.59251595136493,480.398193359375,5838554
2004-04-29,476.27915227600414,497.7331681442926,476.27915227600414,491.7260437011719,4877658
2004-04-30,488.29333479279654,494.04302073958695,459.2016722783857,467.2684020996094,5234069
2004-05-03,465.1230091422122,466.66768762687065,441.78103215616187,459.1587829589844,8437660
2004-05-04,463.40673175140125,477.52348433312534,462.54857113704685,467.13970947265625,5957951
2004-05-05,465.1230420075236,473.3613627597915,463.406720819304,468.6414794921875,4223892
2004-05-06,476.27921933004023,479.45442460116897,469.9717587279408,473.14691162109375,3818512
2004-05-07,471.98825639081815,472.84641685698324,448.21720100245255,451.3066101074219,5537222
2004-05-10,446.1576904686523,446.24348557238477,430.88241697990094,434.18634033203125,6827824
2004-05-11,429.2948247259791,429.2948247259791,400.88970464874257,409.900390625,4759118
2004-05-12,407.626290674106,420.41287855429704,403.4642064683737,414.70611572265625,6309470
2004-05-13,403.2496396829496,432.34127726876096,379.5644031197381,408.65606689453125,10889675
2004-05-14,414.4915516452902,419.08271589199404,353.5621517139949,366.39166259765625,10756304
2004-05-17,361.6288423290364,381.58107466394114,257.44815916006115,343.77911376953125,7346467
2004-05-18,351.84581826909726,391.27830520679953,348.41317613964264,383.6406555175781,8696991
2004-05-19,399.0447140414907,418.7824095747257,389.34750888553896,396.8564147949219,6242233
2004-05-20,394.8396801401754,411.8741725477441,378.92078598853556,404.7085266113281,7205538
2004-05-21,404.536840654734,407.111322066863,390.4630141728916,397.285400390625,5981182
2004-05-24,400.0315056568477,413.37591693906893,399.17334517010596,406.89678955078125,3852103
2004-05-25,405.051777161014,405.9099377058467,384.799183065167,389.8194274902344,7944035
2004-05-26,394.75386306499587,398.873023334429,377.07575004646264,380.5083923339844,8089514
2004-05-27,380.9803246386859,382.48210535675196,368.2795348525124,373.4284973144531,8011955
2004-05-28,376.3463178410002,376.73250058370655,340.9901170986982,347.94122314453125,8357011
2004-05-31,326.10108738407604,342.4061417532798,326.10108738407604,331.76495361328125,7313757
2004-06-01,337.25710765267985,353.56215865878903,336.3989470734109,345.2809143066406,8425494
2004-06-02,344.122384104515,352.2320118613738,333.1808369789974,336.01275634765625,8058808
2004-06-03,343.39285821434265,350.12942218786003,316.7469898690185,323.8268127441406,9945925
2004-06-04,320.9520368297404,331.2499631451331,315.80307367204404,329.36199951171875,8173102
2004-06-07,333.1378763696683,338.8875353123623,326.1009506433525,330.6062927246094,7352579
2004-06-08,332.96628423442627,343.52164823327576,329.9627223921054,341.2475280761719,6780668
2004-06-09,344.12235179059576,360.2986820439845,341.118790116613,358.6681823730469,10963610
2004-06-10,356.05086304717724,356.05086304717724,347.5550775016019,353.2618408203125,6505462
2004-06-11,358.71113042509677,358.71113042509677,330.47765195240135,333.86737060546875,7420343
2004-06-14,329.87693979086237,338.80180507413235,324.81379732920783,335.1117248535156,9365614
2004-06-15,336.3989164747459,342.7492989459119,333.56699729634136,337.6861572265625,6941728
2004-06-16,338.9734114798288,341.0329915269733,326.35844113397434,328.16058349609375,7861983
2004-06-17,342.3202123281861,345.3237740265589,324.3846634242697,342.0627746582031,6757973
2004-06-18,342.40610509974357,342.40610509974357,333.48123942767256,337.25714111328125,5598660
2004-06-21,336.52763491457563,340.6468210289107,324.4275666239977,325.8006286621094,6010436
2004-06-22,317.99137694915515,332.10812827790403,317.99137694915515,323.0974426269531,6713892
2004-06-23,326.1010491186172,329.4907941837336,310.69705487544644,313.01409912109375,8589832
2004-06-24,311.8126540219785,329.96274516999574,309.15235096876717,327.5599060058594,10250790
2004-06-25,329.5337021886673,336.31316634485574,322.2393363850119,330.7780456542969,7249220
2004-06-28,331.59322584420386,338.50143387180094,324.642120265403,336.52764892578125,6695724
2004-06-29,334.81130479729205,343.26419073185997,331.80774312838827,339.7457275390625,8516368
2004-06-30,339.8316089741659,350.4298979766873,339.44542621564705,346.0103759765625,9768597
2004-07-01,347.76952693686616,350.98762866669523,339.9173639538789,347.64080810546875,8065259
2004-07-02,344.1224414213204,350.6444679927886,340.6897986141252,347.5550842285156,8230507
2004-07-05,349.78620330379846,354.37736693132206,342.10565683043785,344.2081604003906,7126609
2004-07-06,341.5908007170543,352.6610929014647,341.5908007170543,351.20220947265625,6065888
2004-07-07,350.1294882491731,362.48699436134785,348.6277073559475,361.02813720703125,8585289
2004-07-08,362.57830962912544,366.0232341861718,340.1863000083244,346.9900207519531,8142333
2004-07-09,327.2678937325383,371.8796645230016,327.2678937325383,368.7361755371094,6653176
2004-07-12,310.0432672397757,373.6021265108523,310.0432672397757,371.0184326171875,3793094
2004-07-13,369.4682303243393,370.32946163045665,356.7650685591085,360.8128662109375,4836610
2004-07-14,360.85588287439816,366.41083478255786,357.41095797822254,360.0807800292969,6770273
2004-07-15,360.6835767278161,364.1715784771937,356.6358062986889,360.7266540527344,6448869
2004-07-16,366.0233459472656,369.03765585506665,360.8990085909253,366.0233459472656,4729586
2004-07-19,366.36776822487275,373.60210546303074,363.91325390763376,366.8414611816406,5185823
2004-07-20,363.4395644414992,366.88448922293526,359.26258788747003,361.71710205078125,4041250
2004-07-21,362.8366766704492,374.6355540584698,361.7601377220053,367.6595764160156,3571330
2004-07-22,372.05189536297,376.2719231788358,360.0807863937091,363.35345458984375,4968481
2004-07-23,363.52572811318174,368.77924417148654,359.9946746128331,366.4108581542969,4345638
2004-07-26,366.02332485060924,378.94179513945426,364.3008621454299,371.5782775878906,5507143
2004-07-27,374.5494627224671,377.3915415970045,367.8749205821193,369.7265625,5099672
2004-07-28,369.4682501187502,372.0519441755247,359.3918327842517,361.3726806640625,4429232
2004-07-29,363.43960498818376,363.87022063390435,356.9803703023748,359.4779357910156,4319920
2004-07-30,361.71714108740065,369.2959659113927,360.4252941549456,365.5926818847656,3064558
2004-08-02,366.9706796459602,371.87968251990054,362.7937023856928,364.4731140136719,3200974
2004-08-03,365.16203075281356,368.90839174938645,359.9946435251794,362.44915771484375,4396413
2004-08-04,364.47302360187314,364.9036391655414,353.5784288149161,354.9994812011719,5212745
2004-08-05,357.4109841910022,358.61670273655375,352.88951993316425,356.5928039550781,6042084
2004-08-06,356.5497209308507,363.267313855602,342.94227832627615,344.10491943359375,9887359
2004-08-09,344.4925177604662,349.6168544752305,339.54043781765955,347.1192626953125,6605472
2004-08-10,349.2292987319521,358.6167148223388,349.2292987319521,356.5067138671875,6821165
2004-08-11,356.5497474124436,357.32485030245385,344.75086844634603,345.9996643066406,5705844
2004-08-12,346.04265625915116,347.7651185128706,336.4399344512032,339.2820129394531,5748417
2004-08-13,342.511632906065,342.511632906065,331.57398697837823,333.4256286621094,5981844
2004-08-16,335.9663975097165,335.9663975097165,327.7846986468476,332.95208740234375,4017929
2004-08-17,336.0955089935147,339.8849213912272,329.5932233044112,333.1673278808594,3839338
2004-08-18,332.5213478587524,334.02850235125146,324.38270308618223,325.5023193359375,3719959
2004-08-19,327.2678129182552,333.1241737942439,326.234325101228,331.7892761230469,3733552
2004-08-20,331.57399423100014,331.78930201946184,318.2679623909922,320.2488098144531,4729186
2004-08-23,321.8421809346599,326.75118408771544,308.32083759948125,310.8614807128906,5025973
2004-08-24,312.71318870773536,320.2058876063198,311.11990504473755,312.4548034667969,5039854
2004-08-25,312.6270136983423,316.0288884100673,306.8567525192056,310.215576171875,4763584
2004-08-26,312.842315419258,315.89967646774375,308.493107232083,311.6365966796875,4670328
2004-08-27,312.62699454919465,315.1245603234892,305.435707186634,310.8614807128906,5294582
2004-08-30,316.9331099136742,329.85157906776413,314.6077749528609,328.602783203125,5805773
2004-08-31,329.11942000333624,331.4878052433327,323.1338803482284,328.7749328613281,5090590
2004-09-01,329.85150858218526,335.70786950085676,329.4208930357333,334.6744079589844,5342329
2004-09-02,334.1576640467046,339.62648674318166,331.9184579486171,334.6744079589844,4817519
2004-09-03,335.88017486077877,336.52609827397254,330.7127875552283,335.1050720214844,3594066
2004-09-06,336.3107978484915,345.6982130696704,336.3107978484915,342.33941650390625,4805061
2004-09-07,340.1864302462581,341.90889318421387,337.2582485082731,338.8515319824219,2993793
2004-09-08,338.85147981652756,340.87535243089314,335.14816930042497,337.6888122558594,3587152
2004-09-09,340.10023822702817,340.53085388097037,331.2726173212126,332.0046691894531,3631835
2004-09-10,332.4353134235289,338.8945487879757,328.8181311063603,338.11944580078125,4539232
2004-09-13,339.32506828993115,341.0475305655146,324.33965174889323,326.2343444824219,6753948
2004-09-14,325.58844474177056,327.26785609533596,304.10074206512525,305.5648193359375,13274999
2004-09-15,307.45957554785747,310.8183723771357,299.7515448634822,305.34954833984375,16581401
2004-09-16,305.7370512875847,310.3446430916958,304.22989680940645,305.6940002441406,5696681
2004-09-17,306.5983608115102,310.81838917288246,306.5983608115102,308.4069519042969,5669998
2004-09-20,313.48821343315973,313.7465723267573,300.56974309937567,302.2922058105469,9373076
2004-09-21,303.4117439111876,310.47385032627625,303.15338506199515,309.6556701660156,11508622
2004-09-22,310.90453150522916,321.4976670794479,303.15344900232867,318.3111267089844,16585581
2004-09-23,318.69865570528583,323.73686444075327,310.9906507678247,312.75616455078125,13910382
2004-09-24,313.91884682277083,319.9474666520147,313.0576154185931,317.62213134765625,7266681
2004-09-27,320.37802176342205,320.37802176342205,314.521659835662,316.5455322265625,4409633
2004-09-28,315.9857058184037,317.27755255215243,306.8135992653255,308.0193176269531,4520280
2004-09-29,307.3735251759873,309.3112961019419,303.7132912047398,306.8567810058594,5416847
2004-09-30,309.18206610508,312.92842787292034,304.1438572643773,305.0912170410156,8091032
2004-10-01,310.8614661458938,310.8614661458938,304.4452820784053,307.20123291015625,4101193
2004-10-04,310.9044944181262,324.9425538746209,310.9044944181262,323.0909118652344,8303200
2004-10-05,322.96175297169714,327.26790967798644,320.55031572925304,325.33013916015625,5040169
2004-10-06,324.9425263728479,328.94727254217463,316.244112141784,317.5790100097656,6584924
2004-10-07,318.35414006448764,321.153141747954,315.42595894447686,318.0527038574219,3392545
2004-10-08,318.65561896986,320.8086974764131,313.6604873477354,315.210693359375,2628675
2004-10-11,315.21059339895254,318.0095945698449,308.66523155817436,310.2585144042969,2356897
2004-10-12,313.48819193024593,313.48819193024593,305.95241808576884,307.8471374511719,3895449
2004-10-14,308.3207583215518,313.0575297482796,305.73706481606393,309.95709228515625,2694734
2004-10-15,311.7656917386754,315.94266827955755,308.40689534388514,310.34466552734375,3103433
2004-10-18,312.19633280352554,313.4881796978849,306.6844579774638,307.9332275390625,1883386
2004-10-19,310.0431910712174,313.96178200084825,307.89011335544507,312.7130126953125,2347305
2004-10-20,314.1771619817036,315.7704451141066,308.4069281468374,309.3973388671875,2538306
2004-10-21,309.18197564960155,310.8183095399559,305.43561497781104,307.97625732421875,2384402
2004-10-25,308.234626995492,308.27770432311786,298.9333409779113,300.09600830078125,2346073
2004-10-26,301.43093584229524,304.0146295780864,291.09616089913084,299.6223449707031,3947713
2004-10-27,301.0003483902562,310.5600213639105,298.5889111909084,309.5696105957031,5397766
2004-10-28,313.5312460168482,318.3972239153944,313.4881949646832,314.34942626953125,4394730
2004-10-29,315.64127636653774,326.2774883437498,315.21066070983034,323.607666015625,6421212
2004-11-01,324.6841812739247,327.78461903069154,321.75600028024735,326.1482849121094,3593997
2004-11-02,327.2678668505947,331.0572789996949,325.63153277288,326.9664306640625,3343000
2004-11-03,327.4401294056858,328.8180783696118,322.9617164248512,325.54541015625,2386697
2004-11-04,335.79413848165814,335.79413848165814,325.0287453123135,328.3875427246094,3423677
2004-11-05,326.8373263784685,327.87081460341614,323.04791335815617,326.6650695800781,2006485
2004-11-08,328.12912148140464,329.4209684163708,323.90909341705384,324.77032470703125,1850403
2004-11-09,322.96174697807027,326.234415501037,319.51682167697084,322.0574645996094,2125161
2004-11-10,322.87561059358563,327.95687003034044,322.18663606350464,325.6315612792969,1950273
2004-11-11,327.00959975231115,330.88514136826205,325.6316241434333,328.1722412109375,2711185
2004-11-12,331.4018141564716,335.8802277056246,325.5454514685285,328.4736328125,761008
2004-11-16,330.712876479567,335.88026517456024,328.5597978566532,334.9759826660156,3250705
2004-11-17,335.88020944265696,337.6026720551834,331.57405291134086,334.28692626953125,2698692
2004-11-18,334.15773610944825,337.60266122397866,332.6505813718412,334.11468505859375,1735084
2004-11-19,334.5883594524829,337.38736117248436,326.1913542924785,327.7846374511719,2235066
2004-11-22,325.4592973303472,327.0095294128934,320.80865364809466,325.3731689453125,1470980
2004-11-23,327.44010275518224,335.018926570698,327.44010275518224,333.597900390625,1753036
2004-11-24,333.2103657858614,342.46860173495884,333.2103657858614,340.91839599609375,2836161
2004-11-25,343.63129440359324,348.62642551342503,339.5834967133305,343.545166015625,3698458
2004-11-29,344.4925224469364,364.90371491499485,342.94231660900266,360.8128662109375,4592456
2004-11-30,364.3008185408559,365.59266541511425,355.9468649075751,361.8032531738281,4857178
2004-12-01,366.0233587042526,366.0233587042526,346.7317798784974,351.7699890136719,6937770
2004-12-02,354.9134477138983,368.2194564188412,354.9134477138983,366.66925048828125,5979007
2004-12-03,366.8845193360314,375.4107036133584,361.7171317397493,374.0758056640625,3931808
2004-12-06,375.23846289479,380.66420920981705,367.0567660905066,370.0710754394531,3184402
2004-12-07,370.32939662248555,376.3580147070376,363.99934237716803,371.3628845214844,2997985
2004-12-08,371.190681239548,374.63560635546025,365.16206228670154,366.4108581542969,1735878
2004-12-09,366.02324442132726,387.38176675919016,364.98975651223833,383.97991943359375,4565368
2004-12-10,384.9703857453901,391.7741076642174,373.08540448377744,376.87481689453125,3604448
2004-12-13,374.63555820760206,379.5445863799499,373.77432703930873,375.71209716796875,1558356
2004-12-14,378.0804761267293,383.2478630441789,375.06616709155037,380.4919128417969,2156371
2004-12-15,382.3866909336345,397.7165973093381,382.3866909336345,395.4774169921875,3910986
2004-12-16,397.0276131365805,398.2333316509557,390.998994282012,392.67840576171875,2280952
2004-12-17,394.44387231171856,395.6065396372975,384.3244061552498,388.54443359375,2308059
2004-12-20,390.1377935700003,392.63535917737534,384.58284096304504,391.1282043457031,1494267
2004-12-21,388.63060826840604,399.91274309462017,388.63060826840604,396.1663818359375,2412161
2004-12-22,398.7500891701155,409.4293519604654,394.44393269959585,405.9413757324219,4204704
2004-12-23,404.7786918491306,406.84564161480046,399.7835610585374,402.1519470214844,1523477
2004-12-24,407.3623905862122,410.2905716467839,401.54907951547875,403.7452087402344,1646418
2004-12-27,409.0847996182471,409.0847996182471,396.2955116789072,399.0945129394531,1161522
2004-12-28,399.611306859994,405.9844129628606,397.50127974819503,399.65435791015625,1385775
2004-12-29,411.6685701729457,411.6685701729457,396.59702210176044,397.5874328613281,1254001
2004-12-30,398.75005462673244,403.0562107242134,392.7214360902592,393.9271545410156,1658405
2004-12-31,395.30516884796765,401.29073692856883,395.30516884796765,397.802734375,1343647
2005-01-03,400.47248619928763,406.888668803083,398.8361522649036,405.080078125,1538102
2005-01-04,407.2762178101454,408.22357736013515,397.88880324975196,399.4820861816406,2312917
2005-01-05,400.4725445306234,413.39101370903063,370.3294497810066,384.6689453125,2394444
2005-01-06,388.4153230333446,390.999016978134,372.0519280496782,375.97052001953125,2399370
2005-01-07,378.9417613237946,382.2144296585139,375.496836220851,379.5015563964844,1223939
2005-01-10,382.3866717134491,382.3866717134491,362.1477375123995,365.0328674316406,1549423
2005-01-11,365.1620502299262,374.37723512380535,363.48263877829197,368.04718017578125,2085983
2005-01-12,371.10455746898873,375.0662266580811,351.382366191727,355.5162658691406,2284901
2005-01-13,359.5640850316195,382.21445879718016,359.5640850316195,376.616455078125,3121027
2005-01-14,378.85570011647366,378.85570011647366,359.1335056616196,361.50189208984375,2958265
2005-01-17,368.6070024366906,368.6070024366906,357.15263647217944,362.2769470214844,1719245
2005-01-18,364.30078141918005,368.3485783924689,357.9707271237983,360.4682922363281,2553295
2005-01-19,361.11419629270006,363.52565918622446,348.92778126232673,351.511474609375,1721974
2005-01-20,349.6598276883609,349.6598276883609,335.1480783516538,339.9709777832031,3320697
2005-01-24,341.0475468099184,354.8272456709252,340.1863156311055,353.4062194824219,4570076
2005-01-25,351.3823647626989,364.3008340554452,350.6072618616727,363.1812438964844,3039705
2005-01-27,365.16208202695526,378.8556548464272,364.4300301437114,377.17626953125,5011692
2005-01-28,377.7360377348038,387.89855613929075,370.3294436061425,386.4344787597656,3131902
2005-01-31,389.27647587379477,392.29078486839273,386.30521792318706,390.78363037109375,1944413
2005-02-01,393.5826563076384,393.5826563076384,380.75031675239563,387.1664733886719,2634893
2005-02-02,383.24792219119126,391.42961940650883,383.24792219119126,387.6832580566406,1877102
2005-02-03,387.6401615622355,397.8888074055371,387.6401615622355,396.38165283203125,1702495
2005-02-04,398.44863409310005,401.0754051853488,389.40570593321416,398.7931213378906,2084505
2005-02-07,399.6113030225065,402.6256124203055,391.86022171388026,395.434326171875,1154572
2005-02-08,397.027605839395,405.03704594303485,390.65449985252445,400.9461975097656,2738393
2005-02-09,401.76438868799244,421.78801577694384,398.7500792337417,420.1947326660156,5194546
2005-02-10,422.00340371055444,423.7258665828424,411.79780593570865,414.3815002441406,2421244
2005-02-11,414.42445989917815,432.76867376665894,413.39097195621156,430.9600830078125,3749050
2005-02-14,437.07488882105133,437.07488882105133,419.0320824049177,422.9076232910156,2866704
2005-02-15,423.72582890053644,426.2664719242986,419.72110833514967,422.0464172363281,2240671
2005-02-16,423.03676322534346,424.5869688256269,403.14231784736137,406.328857421875,2371155
2005-02-17,408.5681036194089,409.51546325993456,402.2380486153194,407.92218017578125,2340274
2005-02-18,407.36233425795467,411.5823616396071,394.7453031574543,398.8361511230469,2558533
2005-02-21,402.79784230092145,407.0178699196462,398.31942955287246,401.2045593261719,2412215
2005-02-22,401.07542979722365,409.0848704315427,398.7500947574827,408.0083312988281,1579808
2005-02-23,409.0848203503364,409.9460515510739,403.1423303217853,405.89825439453125,1755617
2005-02-24,405.63992446326944,409.94608077391985,403.0562306768792,407.3193359375,1364660
2005-02-25,409.9460812592993,412.8312112473896,405.8982838094184,408.5250549316406,1815111
2005-02-28,411.4101551080816,415.97466995894416,394.96063391734924,407.448486328125,3519639
2005-03-01,409.946085480296,411.1518040045819,395.6927184414846,399.1806945800781,2011161
2005-03-02,403.05629664274284,403.74527125213046,391.0851853964315,397.97503662109375,2499042
2005-03-03,398.7500871539771,409.2571194019972,398.7500871539771,408.0944519042969,1896269
2005-03-04,409.25708754629585,418.12775862716336,407.8360350026665,416.4914245605469,1726626
2005-03-07,416.8359339399818,417.6971652084529,400.1280525881822,404.0897216796875,2311464
2005-03-08,402.19504235002665,407.3624304744381,398.8792963803236,400.64483642578125,1526766
2005-03-09,402.9700631142474,403.8312942926419,393.71182794650656,396.123291015625,1614461
2005-03-10,396.16642763654914,400.6448412446492,393.7119129913923,397.5444030761719,1575096
2005-03-11,398.8792585706452,403.831338387133,391.7741005730758,394.1424865722656,1282578
2005-03-14,394.1424051264871,398.49163792316,388.93196751803396,390.82666015625,1650505
2005-03-15,391.0420875562718,393.06598650395273,385.0995964430751,387.0804443359375,1252332
2005-03-16,388.4153375504598,392.54923750355084,385.40102783554494,387.4249267578125,977386
2005-03-17,386.69287813437387,386.69287813437387,372.95622751830416,376.74566650390625,1504543
2005-03-18,376.3580303873335,388.1999592610768,364.4730504671253,385.8315734863281,3328547
2005-03-21,388.4152781684815,388.4152781684815,367.142856633761,369.4251403808594,2446949
2005-03-22,370.32940419503575,374.291072845288,361.28647688329653,362.40606689453125,2295595
2005-03-23,362.57835809722695,366.71225760521116,351.42540283982925,354.6119689941406,3727125
2005-03-24,356.549739316513,360.29610052963795,348.7986580270236,354.6119689941406,3175208
2005-03-28,354.82730224762105,371.0615178133046,354.82730224762105,362.7506408691406,2478791
2005-03-29,363.18119127842857,363.18119127842857,351.59762164442805,354.69805908203125,1621447
2005-03-30,359.99468595704855,362.4922514882501,351.3823728958751,360.8128662109375,1879508
2005-03-31,363.0089877276305,371.3629417305251,359.1334469333853,362.83673095703125,1556182
2005-04-01,367.6596328964312,372.740892257139,359.9946796625472,370.76007080078125,1554221
2005-04-04,371.19062338394144,372.05185452868375,357.4109250680643,361.7601318359375,1596224
2005-04-05,362.3630811957591,364.300851683437,345.48294191322645,347.162353515625,2071324
2005-04-06,349.6599047701783,354.69811308806067,342.942311201464,350.9517517089844,3490605
2005-04-07,348.8417009144382,359.04729629667963,348.8417009144382,353.49237060546875,1786414
2005-04-08,356.5497456547122,357.41097692440957,350.6072551503388,354.39666748046875,1800928
2005-04-11,357.324859231609,357.7554748793412,344.6216976235103,346.3872375488281,2038229
2005-04-12,347.89439259106507,352.9325746473617,343.63128716206734,351.0809326171875,1750227
2005-04-13,352.9326260374243,356.5498085210061,350.52118857016785,354.5259094238281,2097297
2005-04-15,355.6884294872037,355.6884294872037,345.9134516527493,348.54022216796875,1241077
2005-04-18,347.0762504821244,357.4110271714184,341.30598965085676,354.9565124511719,2207205
2005-04-19,357.4110412597656,364.6453799708937,356.37755303701994,357.4110412597656,2267053
2005-04-20,358.3583423229746,369.8127078805141,356.98036701282797,367.7457580566406,1561475
2005-04-21,372.9131760285044,374.59258768074085,359.994705727286,372.78399658203125,1965668
2005-04-22,374.6355665680162,380.4919281300264,368.30551208326,378.3819274902344,2515969
2005-04-25,378.9417138510745,381.0947917706829,372.0518645083277,379.5445861816406,2114597
2005-04-26,378.0805397729486,382.3005678760625,369.5543551803935,371.0184326171875,2193667
2005-04-27,368.82235099844877,371.1476863164214,358.7028819401142,360.3822937011719,1586245
2005-04-28,361.7171214654088,367.2720734867043,355.34401553422333,357.23870849609375,2386442
2005-04-29,358.2721890167505,359.9946514639464,347.506798721776,350.0043640136719,1596954
2005-05-02,352.2435217217045,357.3247799814459,338.46382405043977,347.29144287109375,2914276
2005-05-03,349.57379349420603,355.25792555970014,345.00927793342584,353.6646423339844,2125405
2005-05-04,354.13833402477235,357.41100257138436,350.1766646433458,356.2914123535156,1634636
2005-05-05,359.9946842433032,363.3104300126092,356.16219443624806,357.927734375,1332445
2005-05-06,360.3390900222841,376.2718655066488,354.82721619233865,372.61163330078125,6038159
2005-05-09,375.84125911770695,398.75001238605694,375.75513074834294,378.7694396972656,2510186
2005-05-10,378.9417730757999,379.3723887270224,373.90356469995794,376.6595153808594,1778047
2005-05-11,370.5447927105013,377.4776946467423,370.5447927105013,373.0423583984375,1612077
2005-05-12,374.6355900415477,381.3531832119746,374.6355900415477,377.39154052734375,1472240
2005-05-13,378.9417736981589,378.9417736981589,372.87010351902717,374.37725830078125,1504615
2005-05-16,376.35809833598853,392.7214939158141,375.4968669896819,390.91290283203125,2595621
2005-05-17,391.8602742421788,393.3674291431102,379.0709831120213,384.10919189453125,1835818
2005-05-18,377.64986250733466,389.19035475957287,377.4776057627847,385.6593017578125,2278115
2005-05-19,386.6928260536328,390.9989822457668,380.92256624309664,384.2383117675781,1312819
2005-05-20,383.24800076280235,387.1665934035898,377.26243158612414,383.4202575683594,1197498
2005-05-23,379.15706163703453,397.32904645187267,379.15706163703453,390.86981201171875,2178152
2005-05-24,395.30514920600996,396.08025208516955,389.4918381882745,394.4869689941406,1566173
2005-05-25,399.91275967492516,400.4725547637551,394.65924348492644,396.46783447265625,2531745
2005-05-26,396.1664497568688,400.17117056852385,391.12824073711704,398.3625793457031,2016261
2005-05-27,399.61124269163207,403.48678276083973,397.45816487540566,401.6781921386719,1619750
2005-05-30,398.7501187357726,403.6591479892263,394.8745776249498,401.979736328125,1822915
2005-05-31,398.061105778404,402.62562102237194,398.061105778404,400.860107421875,1053371
2005-06-01,401.33368553315063,405.12309704988763,394.65914462567866,396.5538635253906,1561725
2005-06-02,395.3051113781686,397.888804916588,387.5540307629104,388.45831298828125,1155943
2005-06-03,387.6402279626253,392.6784365136112,383.33407130070475,391.1282043457031,854250
2005-06-06,389.27652941163853,397.71658524421224,388.4152981518783,392.0755310058594,618404
2005-06-07,392.29088271738584,395.9941670356684,390.1808553817883,394.056396484375,538597
2005-06-08,394.4439626979327,400.817069502452,392.72149997872776,399.6974792480469,944760
2005-06-09,400.4725048772978,402.19496726386683,393.71183475347635,395.5634765625,809269
2005-06-10,398.75006385702113,398.75006385702113,384.97036402610894,386.9942626953125,902417
2005-06-13,387.5541580747439,389.19049259674205,380.2336906444432,383.4202575683594,1130706
2005-06-14,383.4201770893006,385.6163063443487,371.6643490690639,375.06622314453125,1202146
2005-06-15,377.21931047090993,380.44892785507864,371.70743539180063,376.6595153808594,1520159
2005-06-16,378.1666304254072,380.6641956835348,374.3341410191369,378.5541687011719,1392250
2005-06-17,378.94176078376137,382.8173015190498,374.6356044112186,381.7838134765625,782867
2005-06-20,381.8269374108394,384.9704266899113,376.0997539929089,380.87957763671875,1018393
2005-06-21,377.21932968229515,392.67844286157674,377.21932968229515,390.91290283203125,1433532
2005-06-22,391.8602031517336,403.0562089560688,390.22386909840736,401.1184387207031,1834831
2005-06-23,402.7547027047271,406.2427042911744,397.11364973625285,400.7308044433594,990946
2005-06-24,394.44387773252964,408.568063731043,392.89367213224625,406.328857421875,1807249
2005-06-27,405.63993298341296,417.1804268818165,401.76439222242493,411.19488525390625,2217913
2005-06-28,409.9461193238903,411.4102231202678,403.05626857895095,407.2332458496094,1340792
2005-06-29,405.6399543990218,408.13751998697796,393.7118952817049,397.11376953125,965207
2005-06-30,398.8362444951765,406.2428393812821,395.52049853237804,400.171142578125,1184860
2005-07-01,398.75003976895823,412.5297387674535,396.16634620674034,406.1135559082031,788436
2005-07-04,407.40542592849005,407.40542592849005,394.3147269028152,398.8792419433594,1062002
2005-07-05,399.6112679801459,403.8312955104672,394.2716241449214,398.53472900390625,1218393
2005-07-06,400.3864019185215,401.3337615478123,393.7549370788703,396.25250244140625,835002
2005-07-07,396.16631154704453,397.8026454034187,384.36743479876395,386.176025390625,908870
2005-07-08,387.4680144264127,394.35786585442696,381.7408306834153,386.0039367675781,933953
2005-07-11,389.27646346343226,390.48218176629473,384.10907678028934,385.0994873046875,837628
2005-07-12,386.13294206409773,397.2428172242385,385.8745569824706,393.23809814453125,1406090
2005-07-13,394.35778620292933,398.66394247569053,386.7789616759465,387.98468017578125,880297
2005-07-14,388.0708047085047,391.860216934409,385.83159821234113,387.25262451171875,643575
2005-07-15,387.72631692716453,391.8602163891825,386.00385443754175,391.0851135253906,505885
2005-07-18,391.86023447583295,395.26210856293113,388.4153093375839,389.96551513671875,506155
2005-07-19,390.48221098510186,396.08021364405784,389.49180038659375,394.57305908203125,543954
2005-07-20,396.0802549271241,400.04192401676727,392.72145823820426,396.2955627441406,549445
2005-07-21,397.0276308412866,402.19501866134675,391.42962736955485,400.0849914550781,616423
2005-07-22,399.5251788800137,403.91746359138386,394.1424834696807,398.9223327636719,986389
2005-07-25,400.3864909857151,409.94616522115126,397.888925067588,400.68792724609375,2185314
2005-07-26,403.05625063300477,406.5011758520902,396.1664001948337,404.0466613769531,1246513
2005-07-27,402.1950175765676,418.9028995598263,402.1950175765676,415.1996154785156,1324542
2005-07-29,405.6398930930131,421.1420546124913,376.3149813984096,415.71630859375,1237420
2005-08-01,413.3910239615092,426.74010911026625,410.8073300617497,423.7257995605469,1773054
2005-08-02,426.3094960302031,434.06057777620674,422.86457080975697,429.0223693847656,1579176
2005-08-03,430.6155787765723,437.93604361577405,423.55347277156085,431.0031433105469,2023659
2005-08-04,430.87394835228827,434.8786943608985,427.17066479556394,431.1753845214844,1036724
2005-08-05,431.6491757557332,441.294977670882,427.60137777928605,432.1658935546875,2246189
2005-08-08,430.6155267387637,434.706374242782,422.51996009261217,427.2136535644531,1614326
2005-08-09,428.8932021684693,428.8932021684693,416.06086061314033,418.38616943359375,1292430
2005-08-10,422.0033772743585,422.0033772743585,407.92223891897083,412.8312683105469,944785
2005-08-11,415.11346484932403,422.39087946608714,413.3910023395758,416.3191833496094,958229
2005-08-12,416.3622213986719,419.4195815519398,409.1278585141295,410.1613464355469,903833
2005-08-16,411.66852816899956,417.5248900231808,404.82172937361435,407.1470642089844,562634
2005-08-17,403.0562163333639,410.89342579638424,401.850497865828,409.90301513671875,694732
2005-08-18,410.89343456999,420.28084993704545,406.5011499391095,408.7403564453125,521621
2005-08-19,409.084887747628,416.8359698312672,406.5011937197482,413.4771728515625,574512
2005-08-22,417.69715810767656,417.69715810767656,409.1278966189886,411.62548828125,462088
2005-08-23,410.46286029606154,412.4867591936892,400.9462382566447,404.21893310546875,573088
2005-08-24,405.63997338000513,405.63997338000513,398.06114787239534,402.7117919921875,565613
2005-08-25,422.9510740202617,422.9510740202617,394.3218651622675,398.9492492675781,876956
2005-08-26,400.46288888940313,413.43684857264515,400.46288888940313,410.6258239746094,962234
2005-08-29,410.7556026821463,410.8421010351667,397.86813994984567,402.84149169921875,479814
2005-08-30,407.3824626729537,410.71245198878404,403.23080482178653,408.766357421875,273706
2005-08-31,410.71230971167984,410.8420440254124,403.9225990734055,406.6471252441406,292373
2005-09-01,411.2745110849392,422.95107449113624,410.8420457735986,419.5778503417969,781983
2005-09-02,426.41079720456236,451.493785275419,426.41079720456236,442.541748046875,4474732
2005-09-05,441.97955440166874,448.0340688455272,434.5411456629535,436.7467346191406,906901
2005-09-06,439.3847770420423,439.3847770420423,428.2704127373531,434.9303894042969,884177
2005-09-08,435.0601665673415,440.0767543512332,432.46537432141304,434.4114685058594,549630
2005-09-09,432.46531226292007,445.43927163080764,429.9570187309127,442.1092834472656,1203321
2005-09-12,448.03409180179915,448.03409180179915,439.2982866632253,441.5038757324219,480190
2005-09-13,441.93641562436665,454.86714201730166,441.37418947160023,450.4559631347656,813138
2005-09-14,450.4559248683218,462.60819136988374,445.8718024431469,454.91033935546875,1619964
2005-09-15,460.83503943866094,471.387203919498,457.8943069054292,468.6194152832031,1725988
2005-09-16,471.21421593302045,505.11950857359324,467.92748996286633,486.0910339355469,1731170
2005-09-19,493.01062449665795,517.6179197337211,484.3613152949622,509.9200134277344,2941573
2005-09-20,511.1741923383379,511.1741923383379,491.2807804537664,493.2701110839844,1539446
2005-09-21,493.01050278105055,493.01050278105055,466.19765087541447,481.679931640625,1896567
2005-09-22,480.0365158397254,489.2912844510872,464.4677639746532,470.2195739746094,1678916
2005-09-23,471.38724481727934,490.41572075485755,469.65738336840855,476.0578918457031,1603517
2005-09-26,484.36115237194724,497.3351118104815,479.1715685965335,493.8321533203125,1004965
2005-09-27,496.38377947652486,502.04906534146005,480.9879698645766,484.44769287109375,1246992
2005-09-28,488.6858379074996,494.48088406570054,485.3558758807079,488.0371398925781,1057802
2005-09-29,489.1182943265923,498.9785250899659,483.15025158173273,488.85882568359375,2048180
2005-09-30,484.79360284931045,490.28589106039306,454.5642677244682,484.1881408691406,919597
2005-10-03,489.5507110616665,507.62778140285116,484.49088825638546,500.1028747558594,1536773
2005-10-04,501.6598363328353,519.5639134636405,500.7949055805373,510.0064392089844,2222652
2005-10-05,510.3090788964702,514.2012667863586,502.52470311669356,507.5412902832031,1245306
2005-10-06,504.25463873554406,504.25463873554406,485.4423944945525,495.9513244628906,777754
2005-10-07,497.33506396981716,500.4487928190728,483.58264717140077,494.78350830078125,1336465
2005-10-10,499.1514849989289,499.1514849989289,481.3339337259065,484.14495849609375,1209472
2005-10-11,485.2261472372484,497.33517764958617,475.7119090561259,495.6053161621094,1066433
2005-10-13,496.4702316830242,497.33516240024204,480.03654805588576,482.4583435058594,954969
2005-10-14,482.4582936761654,482.4582936761654,458.932170039451,461.7431945800781,1700017
2005-10-17,463.60288462152874,473.1603589048366,454.7373443838969,470.91156005859375,1593572
2005-10-18,467.06261153685017,481.9826671831662,466.19768077474487,477.18231201171875,1118020
2005-10-19,474.84688465698196,474.84688465698196,461.13775618909193,465.808349609375,825000
2005-10-20,470.9547852358858,476.5768350137247,455.1265633426683,464.03533935546875,782324
2005-10-21,466.19758836343027,486.95592253916743,459.66737296221436,483.5826721191406,824429
2005-10-24,481.11763867464936,502.5246706875888,481.11763867464936,494.74029541015625,1745374
2005-10-25,494.74036106678005,498.41631654673427,473.8955522851589,483.1502685546875,1980144
2005-10-26,486.09099714503486,488.68578894474143,473.24679885295694,475.75506591796875,794070
2005-10-27,478.9985888877036,478.9985888877036,456.769860370348,460.66204833984375,1198634
2005-10-28,460.57566844716547,465.28955204397045,435.1467072430042,444.48797607421875,2396154
2005-10-31,448.8990115461132,481.2474392749632,445.828518268147,475.0199279785156,982502
2005-11-02,470.5222576253137,473.9819801078528,462.8243539851941,468.96539306640625,948006
2005-11-07,471.38723659307243,488.2533854253016,467.97074973292314,480.81500244140625,1521417
2005-11-08,485.2260881848731,499.32444703379184,481.3771362854209,495.17279052734375,1197534
2005-11-09,498.2000285552022,504.6437721216598,491.1508230069183,497.68109130859375,1097804
2005-11-10,499.9299450430796,503.3464318693437,492.4050373881743,501.140869140625,688974
2005-11-11,501.65975067987563,506.8493343075985,497.4648583639362,502.4814453125,1187476
2005-11-14,505.9845221883835,511.3471037510106,490.6320003613001,496.6432800292969,1325387
2005-11-16,497.637763335773,505.76813149986623,493.8753366163722,503.3031005859375,904737
2005-11-17,502.52464004235975,512.0388759123528,501.57323757182854,509.2710876464844,1021274
2005-11-18,509.4441470949742,530.1592464866978,509.4441470949742,526.6995239257812,2567962
2005-11-21,525.8778718856031,529.1213620493712,511.3902824874389,515.1527099609375,1913600
2005-11-22,511.3901209968535,514.2011449177664,498.4594004024211,500.8811950683594,2032981
2005-11-23,505.9844174900435,521.3801721135566,499.9299030927267,517.3582763671875,2290322
2005-11-24,517.2287265755317,527.4781375826648,516.4070315854415,518.526123046875,2461572
2005-11-25,520.688178628178,537.5110879809603,520.0827166994461,535.824462890625,2223594
2005-11-28,537.9003602532346,548.5389960551577,535.4352763731276,546.9388427734375,1688909
2005-11-29,544.9062513403325,546.938817034419,531.9755289447363,534.1810913085938,1059455
2005-11-30,538.8518367163366,543.6089556600602,527.6509733724237,530.5485229492188,2082839
2005-12-01,531.9324215313343,541.3601880050301,523.6291072873189,538.7221069335938,1908770
2005-12-02,540.5815985519172,543.0899182856667,530.2024318597204,534.1810913085938,1189758
2005-12-05,535.7381360791937,543.5225129514322,530.6782594375283,535.651611328125,1263973
2005-12-06,537.1219661109453,544.9063424313938,527.0887910810618,535.4785766601562,908407
2005-12-07,537.9869200094848,542.9602717619841,533.3162728993602,535.4353637695312,666922
2005-12-08,536.1273426006708,546.6362730809648,533.7920716416608,540.1492919921875,1336869
2005-12-09,541.4465067482586,562.2048392753483,540.8410448246511,558.7451171875,1426507
2005-12-12,558.7451375151869,566.3565158271285,555.2854153014706,560.302001953125,1041627
2005-12-13,554.4206517168899,576.8656168961153,554.4206517168899,572.281494140625,1143285
2005-12-14,575.95748501219,594.164269190406,565.1025604066723,569.9894409179688,3014186
2005-12-15,566.529614106071,576.3898453001148,555.5017475719452,559.4804077148438,1129336
2005-12-16,565.5349668462429,570.6813155223635,560.4751429224449,569.1244506835938,922677
2005-12-19,570.6812928745777,583.5687820437167,570.6812928745777,573.2328491210938,848689
2005-12-20,573.0166133415265,576.9088016585632,560.5615896105357,562.031982421875,867963
2005-12-21,563.0699593636207,569.1244750557026,555.2855820452296,560.0859375,1323934
2005-12-22,566.399746234339,566.399746234339,551.090517821923,554.03125,935613
2005-12-23,557.7937726947135,561.2102063785576,539.7599377630595,541.8790283203125,857468
2005-12-26,544.0413569449214,544.8198156150488,529.6402410857916,531.2836303710938,572751
2005-12-27,531.932282396805,547.9334973957333,524.6668447402828,546.0306396484375,758419
2005-12-28,546.6361438792708,558.2694711070883,541.4465602348473,543.7386474609375,1087101
2005-12-29,544.04140789451,547.068665331125,537.9868930212801,542.1385498046875,1066579
2005-12-30,543.5223969526908,552.690639973497,543.5223969526908,549.9228515625,714980
2006-01-02,549.274193449062,561.7724517797648,547.7605648260987,557.9667358398438,811345
2006-01-03,561.7726620025807,577.6874128817191,558.3561741311617,575.3953247070312,1114721
2006-01-04,579.4170482531802,583.395708021661,546.2469270267611,572.8867797851562,523046
2006-01-05,576.0006634742808,586.8122982238125,571.7192455552293,580.195556640625,1588968
2006-01-06,579.503630802162,585.3851496311706,568.4757632010761,580.0658569335938,1379031
2006-01-09,562.2049917399949,582.9633298965484,562.2049917399949,571.9786987304688,598357
2006-01-10,572.497624553095,576.9087497994078,560.4750672713888,564.8429565429688,925446
2006-01-12,564.7997971298414,581.2334818855336,555.5017912812261,573.0598754882812,2637277
2006-01-13,578.6386605486202,578.6386605486202,566.6161022398815,567.956787109375,949708
2006-01-16,563.242938537032,574.4438027766657,562.2482470164183,569.7299194335938,532848
2006-01-17,571.7190917346333,575.1788139236477,561.3831611367184,563.0265502929688,563820
2006-01-18,562.4212030255966,569.4704095394682,550.9608709378008,558.3560180664062,734442
2006-01-19,563.934884132494,573.4491229752201,562.2050225247256,571.5462646484375,534249
2006-01-20,579.2874234824536,615.8307510556282,557.8803854366295,610.900634765625,3120634
2006-01-23,612.3708780306644,618.9876183800931,596.8021268942915,613.7980346679688,1714406
2006-01-24,619.2904320922468,646.060050015365,619.2904320922468,642.3840942382812,2734905
2006-01-25,644.3734358839391,651.725347568521,627.5505215298058,640.2650146484375,1350301
2006-01-27,638.1458769394537,665.131726058178,631.3994278575682,658.2122802734375,1725255
2006-01-30,665.9968351536371,665.9968351536371,643.7680990584519,646.535888671875,940825
2006-01-31,646.9682521431504,665.1317993289874,646.5357867339637,656.09326171875,908619
2006-02-01,654.7525701737893,660.8503213324949,638.5351187989431,642.4273071289062,941851
2006-02-02,646.5357418381541,646.96820721731,627.3775044250716,630.5777587890625,1009698
2006-02-03,631.3994289399499,641.7785976348532,626.2098445924983,631.6156616210938,942250
2006-02-06,630.7507938042475,643.5085232641208,626.2531430296478,638.6216430664062,1179685
2006-02-07,640.9137039639002,655.3580584576258,639.0108457015867,653.4552001953125,1818407
2006-02-08,653.8876191195731,669.2833752548929,648.6980348408464,662.4071655273438,2103704
2006-02-10,661.6720088674831,670.3213161729404,658.2987579018818,663.4883422851562,645862
2006-02-13,663.4020015993261,676.116496412467,656.52579037262,674.5596313476562,933704
2006-02-14,675.8569044230239,681.0464888866012,660.8070883621765,666.5588989257812,1264636
2006-02-15,661.6721395667331,674.3866343754696,646.9683142430279,651.29296875,1291864
2006-02-16,654.3200498893289,671.0132012119445,651.2495565782888,660.634033203125,2587133
2006-02-17,661.6720495891979,674.6027753648971,652.5470403785905,658.1258544921875,3071009
2006-02-20,661.4990048373886,682.8195682257,651.3360688660255,680.7437133789062,2048629
2006-02-21,682.4302531689276,691.9444899051231,675.6838049505876,681.9113159179688,1969611
2006-02-22,687.1874044337317,687.1874044337317,676.4622432103025,680.3544311523438,961099
2006-02-23,684.9385952639218,689.782185733795,676.0297674346693,677.8029174804688,918783
2006-02-24,678.1489267430866,682.4303444050046,669.93208482693,673.2188110351562,928197
2006-02-27,675.9434077235165,694.3664228652294,675.9434077235165,682.7330932617188,1579228
2006-02-28,704.918491426957,721.5684067152623,685.0250861474232,711.491943359375,5456007
2006-03-01,716.0761632631668,794.8713306351152,713.5678430619914,768.5341796875,4859572
2006-03-02,791.3251480588161,810.3103353989213,768.9234209768753,783.4110107421875,6099005
2006-03-03,782.7622674796211,812.7753727135948,778.4376140681314,805.4234619140625,5521274
2006-03-06,804.3855826270533,807.542600922654,792.492785034449,795.3470458984375,1781144
2006-03-07,797.4660919742953,801.7042734494157,784.4921316927179,794.6983032226562,1465845
2006-03-08,796.6012171079582,815.3702248553834,636.5890290895301,763.5608520507812,3235509
2006-03-09,770.6532964614321,772.2101612495821,733.6342710055842,750.0247192382812,3903980
2006-03-10,753.3546107103882,765.4636400444243,747.4730927349492,760.0145874023438,2818128
2006-03-13,767.1070625082854,771.1721945842161,752.5761844478716,758.7172241210938,1837301
2006-03-14,759.0633202156117,766.7612261746767,746.4353504667185,749.2896118164062,2042293
2006-03-16,752.4465617443489,764.5988289539888,752.4465617443489,761.6148071289062,1504070
2006-03-17,765.4204070319396,774.8914084273831,755.1277109416989,758.2847290039062,3582572
2006-03-20,765.4205155094978,768.9234746614732,758.6307771125223,762.0040283203125,1070586
2006-03-21,764.5987515116044,767.6260090119331,750.7598600815301,753.5276489257812,1478341
2006-03-22,755.0844575314044,755.8629162329593,728.5310760153063,732.3367919921875,2513858
2006-03-23,733.4612512217781,742.110558429582,719.708831644897,724.3362426757812,2465414
2006-03-24,722.2170369021828,734.3260650658123,720.48717573595,724.9415893554688,1681942
2006-03-27,727.4067495545282,732.5530979960578,722.2171651344007,725.2876586914062,1416769
2006-03-28,726.5417778423667,746.4351836642411,724.8983884188705,735.9695434570312,3277956
2006-03-29,737.0938731403485,746.2621164493308,736.9208764608786,740.8995361328125,979606
2006-03-30,742.9755676886075,748.9436114093332,725.0714893176179,740.5537719726562,3592188
2006-03-31,747.9920814411456,762.8689004896565,740.3807016090091,756.2089233398438,1742853
2006-04-03,761.1390449000309,790.5034538382174,759.409183434349,787.346435546875,2449344
2006-04-04,788.8168401519636,799.4554777668291,784.7516550885578,789.2925415039062,1886591
2006-04-05,792.2765338795733,797.2931214616226,781.8973653134655,792.7954711914062,885154
2006-04-07,795.7361110893092,798.2444308168203,758.5440972014394,773.5073852539062,1944303
2006-04-10,784.4922071502625,784.4922071502625,750.8896679053387,765.1177368164062,1061864
2006-04-12,768.0583518876057,768.0583518876057,718.2383718005544,728.1417846679688,1301170
2006-04-13,728.141998001748,762.9554639036409,701.0264376020906,752.5762939453125,3885122
2006-04-17,762.9122165909728,766.9341660065735,752.6195715431916,762.6959838867188,749340
2006-04-18,757.6792678108184,781.2918645713445,757.6792678108184,762.3499145507812,1946493
2006-04-19,766.2420896208861,773.5940002002827,749.1164203912316,756.338623046875,1236218
2006-04-20,760.1876767938155,769.7883872486449,749.8949794882867,763.3878784179688,914769
2006-04-21,763.7338315570092,792.0603128520172,763.6473596008256,781.9406127929688,2712753
2006-04-24,785.3571007016903,787.0869621569805,774.2427619679245,777.1402587890625,1070896
2006-04-25,780.1675639482715,780.1675639482715,744.0567038652999,751.0626220703125,728663
2006-04-26,765.2907776075381,803.4342583759562,755.9495353265007,798.7636108398438,2714610
2006-04-27,803.4341417037456,814.7647126635932,771.5181780211519,777.5726928710938,2868782
2006-04-28,743.8403881091482,799.9744106073452,736.9209426383654,795.6929931640625,1680507
2006-05-02,803.5207081295886,825.1439779931405,802.6557773350465,814.9378051757812,1123515
2006-05-03,815.1972556194377,837.1232296541071,808.7102748054899,833.3175659179688,1450104
2006-05-04,829.4685997662991,836.4312818338378,818.2244998737424,828.3009643554688,805189
2006-05-05,828.6036103718628,830.1604750731981,808.8399649987765,813.6403198242188,684786
2006-05-08,819.9542432832582,823.3274938815903,810.2237736240422,812.6455688476562,322648
2006-05-09,813.9000042784015,843.2644198794159,802.0072040033451,835.3502807617188,1157505
2006-05-10,838.9827755902676,841.1451023314796,817.489268899092,824.2357177734375,479457
2006-05-11,822.5491937035841,825.7494482331183,804.7316402771631,810.6131591796875,467409
2006-05-12,804.7316318511504,819.9543927090207,795.9525631756079,806.8074340820312,652088
2006-05-15,806.1155389478373,812.5592842326431,752.4898271294189,766.1124877929688,854223
2006-05-16,761.139026853463,774.1129875384652,744.7053433191268,763.1283569335938,1458313
2006-05-17,773.9400207662995,792.1900911769814,762.003987032763,789.2925415039062,1679574
2006-05-18,789.249285803126,789.6385151872379,683.3817440485134,709.6756591796875,1112635
2006-05-19,717.8924717178326,738.9968016414311,665.5209290682194,677.7164306640625,1480598
2006-05-22,694.4528368625307,696.2691701028499,566.5295731892754,647.487060546875,876824
2006-05-23,619.8093356478353,709.243193618103,570.8542777901804,696.8746948242188,881671
2006-05-24,702.3237526465306,704.4428434929247,648.7845193517077,659.6826782226562,859547
2006-05-25,654.6228304048791,704.9185756621558,618.6417315857141,685.8468627929688,1258490
2006-05-26,690.2146776866589,701.4587764459653,674.6459255583884,684.765625,1109850
2006-05-29,701.4588862692032,702.0643483938875,681.2194842172173,684.4197387695312,550832
2006-05-30,687.619975346194,695.3178804633992,653.2389765788843,665.0020141601562,601594
2006-05-31,653.2389693279656,653.2389693279656,611.2033546823222,635.72412109375,1168220
2006-06-01,639.5297765419137,653.8876049521692,580.4982566503984,591.2666015625,3005035
2006-06-02,596.8022487136982,708.724314733872,596.8022487136982,665.7372436523438,3803522
2006-06-05,683.2952873528238,683.2952873528238,632.5670781309796,636.6322631835938,1940278
2006-06-06,614.1007840791858,649.9954073739551,610.6410613519791,632.1778564453125,2297473
2006-06-07,631.399405190863,648.5682583114303,605.4514844295946,618.85791015625,1406858
2006-06-08,613.2359017793776,634.8591705304135,583.8282562779688,621.1067504882812,1674681
2006-06-09,612.3709742298556,672.9161270491917,612.3709742298556,666.0399169921875,1043767
2006-06-12,665.996579299354,682.8627264374545,641.951518553015,649.2601928710938,1587384
2006-06-13,641.9516150754467,641.9516150754467,599.4834834522119,607.4408569335938,1341620
2006-06-14,622.7501047213551,674.6459467814681,577.8601802228852,588.8015747070312,2307842
2006-06-15,605.1919932058436,626.2097976802461,594.423595933355,618.901123046875,1518714
2006-06-16,626.2098032109106,665.9966139121564,592.6937398484482,629.237060546875,1847341
2006-06-19,661.4990141550876,661.4990141550876,619.5066376188787,653.7578735351562,1169757
2006-06-20,635.724175490399,662.4505599030018,633.3456156501288,651.2496948242188,1198553
2006-06-21,644.373409337988,659.3367007684052,631.3994480761493,654.9688110351562,838123
2006-06-22,659.3366864266189,681.4356560703542,659.3366864266189,671.6187133789062,890186
2006-06-23,665.8668926448199,672.0511683997198,654.7525540264967,668.6779174804688,1019407
2006-06-26,670.3213348544215,672.0511963637232,628.8046586311799,636.372802734375,762543
2006-06-27,644.3734431825135,644.3734431825135,616.7821296666802,623.8745727539062,1382890
2006-06-28,621.8851409078757,635.2050941105516,610.2518130405846,625.5610961914062,1055693
2006-06-29,635.2050944759594,647.6168282651374,627.4207185769461,634.556396484375,947474
2006-06-30,647.6166629881117,693.674208636348,645.4543369013401,689.090087890625,1636581
2006-07-03,693.6744740869312,704.9185740409588,681.9979087500565,686.58203125,1094227
2006-07-04,618.382188952559,697.9990460370921,618.382188952559,680.2247314453125,940202
2006-07-05,680.7006148972365,704.9186799761725,665.9967896707396,700.2913208007812,1094257
2006-07-06,696.2691746796984,697.869275269013,686.10623952133,695.144775390625,1131350
2006-07-07,697.8693797262814,707.4269070919216,670.3213554602908,675.597412109375,1210676
2006-07-10,673.7809814074612,700.593831758721,662.536882873062,697.350341796875,1062258
2006-07-11,696.2693231823484,696.2693231823484,677.2408447848184,681.3060302734375,926551
2006-07-12,677.240889280488,718.9305688851115,664.353397857141,709.1568603515625,1597987
2006-07-13,708.3782982894292,708.3782982894292,688.7875952971854,698.777587890625,1604466
2006-07-14,691.4255276852341,691.4255276852341,676.8081797473836,687.6198120117188,997337
2006-07-17,683.2952963694245,687.6199501439145,650.9036290402574,653.2389526367188,826808
2006-07-18,655.617421481556,661.6719359279556,636.5889475071573,647.8762817382812,957927
2006-07-19,653.1524121970069,660.7637914838467,622.7068422584696,626.0368041992188,1284445
2006-07-20,631.3994264782739,652.6767011033979,631.3994264782739,637.2809448242188,1305863
2006-07-21,640.0487663389719,640.0487663389719,609.7761895526692,615.1820068359375,884555
2006-07-24,606.4028466537776,630.5344324697061,597.6670683629176,625.474609375,1133179
2006-07-25,630.5345013948019,644.3733930577879,630.5345013948019,642.686767578125,840108
2006-07-26,644.3734212480314,665.5642250340404,635.7241135802725,660.850341796875,866875
2006-07-27,665.564146717962,687.6198786754773,665.564146717962,675.2946166992188,2385235
2006-07-28,679.3598968924108,684.6791895552832,654.9688381520823,665.0020141601562,1211521
2006-07-31,678.4948753039845,686.322487316912,666.4290818874363,681.4356079101562,726013
2006-08-01,678.9705907210827,681.3059141391236,665.9966303888326,677.7164306640625,847471
2006-08-02,677.6732836232826,683.2953338384087,668.8077428994297,675.208251953125,1262720
2006-08-03,674.6459872096004,693.5447030425241,674.6459872096004,683.77099609375,1199518
2006-08-04,679.8354833689816,689.782185733795,673.8674408336229,677.8029174804688,519905
2006-08-07,674.6459297568152,678.2786491675878,661.7584415206301,664.4397583007812,575417
2006-08-08,664.3099875142565,680.7004341944553,660.8070288749223,679.2300415039062,487462
2006-08-09,678.9706009717382,697.1341457111096,670.32129395299,689.3930053710938,1170671
2006-08-10,683.2952523186436,696.2259768289857,657.2608593910763,686.322509765625,794581
2006-08-11,686.3224295887652,702.3236456535316,686.3224295887652,688.5712280273438,988320
2006-08-14,691.9446527344968,699.7290300777598,689.6958537295847,693.8907470703125,772472
2006-08-16,697.9990953510752,709.2431947805225,697.9990953510752,704.8753051757812,792319
2006-08-17,704.9186171857131,716.1627178279392,701.0696644845597,709.0270385742188,1247581
2006-08-18,704.9186289906274,730.8665539841475,704.9186289906274,727.1041259765625,1514621
2006-08-21,727.1040254413862,730.0015222152228,721.3522150799714,727.6661987304688,826652
2006-08-22,734.3260981403555,751.6247105818244,718.4113535777338,723.6442260742188,963155
2006-08-23,726.4671097779805,728.5516320263728,713.959764235822,717.4340209960938,737354
2006-08-24,713.959798579949,724.382569362138,709.7472832606624,721.472900390625,763270
2006-08-25,724.7298922081771,729.0727126240628,716.5653686211342,723.861328125,573169
2006-08-28,727.7700098578625,731.9825252858892,719.6489022726668,722.0808715820312,570244
2006-08-29,725.2511344709671,745.1412766095441,725.2511344709671,742.796142578125,1277777
2006-08-30,742.7962271448254,753.4795578231847,742.6225036758765,748.9630126953125,1223041
2006-08-31,751.3079756054942,753.0451038727902,740.0600594721634,748.1376953125,923910
2006-09-01,747.0087231877025,762.5994631333972,741.319637567602,759.8634643554688,1497536
2006-09-04,764.3365419883874,785.9638130748316,763.5113953461498,784.2266845703125,1165720
2006-09-05,704.4056614229276,786.0507072598637,704.4056614229276,776.8004760742188,624743
2006-09-06,778.6246268675566,786.0074248353765,769.5481175868784,775.1937866210938,839297
2006-09-07,773.0220701972145,794.7361732926419,768.679249578129,792.9556274414062,1306584
2006-09-08,798.9922423561596,826.2217092834746,795.6916559297374,817.1452026367188,2030119
2006-09-11,823.3988575543807,823.3988575543807,791.3488175266721,796.77734375,1906593
2006-09-12,800.0344771751543,809.2412896612796,783.8792039824694,801.25048828125,1491409
2006-09-13,805.1591256338597,839.7279750099385,805.1591256338597,830.434326171875,2502607
2006-09-14,830.4342806109519,836.4273953027271,822.2698082485847,824.3109130859375,986750
2006-09-15,823.3989577849434,830.2171663462284,817.7532898254475,824.9189453125,908304
2006-09-18,829.0010738048416,830.0867790057455,814.8000179692477,818.447998046875,467025
2006-09-19,818.6218155158738,829.0011690313717,788.7431837496879,795.7351684570312,811395
2006-09-20,802.900842929134,809.5019102625731,790.3934960718257,806.157958984375,1142500
2006-09-21,803.7258660532485,824.4411541544368,803.7258660532485,821.0103149414062,1061635
2006-09-22,820.7932843740493,820.7932843740493,806.0276908985373,813.7579345703125,756629
2006-09-25,812.1074390132827,818.9691166550439,799.0789774248343,804.377197265625,685127
2006-09-26,811.2389517238248,823.2251269175823,799.5567527907363,821.9656982421875,1056678
2006-09-27,828.9576209640147,839.4672256568681,824.2673534902926,837.0786743164062,1260301
2006-09-28,837.2957760112973,837.2957760112973,812.9759816873178,819.2730712890625,803248
2006-09-29,820.793152269624,857.9676886692984,819.9245880873281,852.322021484375,1410011
2006-10-03,853.0169825419142,860.4866673709955,838.7291421382702,841.465087890625,1011405
2006-10-04,846.6764725452601,855.5358390445568,819.9247025970169,822.5303955078125,1118291
2006-10-05,829.4789543051204,840.2925910659311,821.2710105944828,822.9647216796875,1015034
2006-10-06,827.6982545570677,832.8662220845009,816.5371729200143,819.0560302734375,515728
2006-10-09,816.4503178170665,825.1359594959715,791.4790979902148,816.7108764648438,488355
2006-10-10,821.5749708800823,833.8217059815031,820.793241825542,827.6114501953125,705229
2006-10-11,833.8216311095053,835.5587595076502,807.7647051373334,812.0206909179688,455134
2006-10-12,816.4504199440381,834.2559876130304,810.4573052307557,831.9977416992188,552377
2006-10-13,838.1644657936555,840.7701584334285,828.6970946639658,832.2582397460938,488305
2006-10-16,834.0389059815977,838.8594274573164,828.1760966971657,834.6469116210938,404183
2006-10-17,833.9083472624843,840.6831894583283,820.7930509342158,834.12548828125,896685
2006-10-18,836.4272980946193,840.0752782216096,816.7108807768186,824.6582641601562,843258
2006-10-19,828.6103371773813,828.6103371773813,810.3704869879422,818.5784301757812,389092
2006-10-20,826.0045911145993,828.6102838310492,810.3704348159002,814.192138671875,436535
2006-10-23,820.7931840089244,833.8216472471613,813.4972233903306,822.3131713867188,989550
2006-10-26,825.1360651678951,830.0868921614938,819.1429504367562,825.222900390625,784612
2006-10-27,830.0867598231064,841.4649288604601,829.5655895309467,839.5540771484375,539565
2006-10-30,836.4273487829504,848.5872479345197,827.6982889231643,834.3427734375,834111
2006-10-31,834.6901316366905,845.5471832968972,827.4810599369027,840.7700805664062,709200
2006-11-01,840.7702189312135,849.976979049038,830.5211710798912,835.16796875,819500
2006-11-02,837.9039292720045,858.9231943908177,837.9039292720045,853.2775268554688,972611
2006-11-03,855.5358407704699,858.1415336865222,836.5142612781057,846.633056640625,717513
2006-11-06,846.8500604374625,848.5871887665651,820.3588534186496,829.3050537109375,938098
2006-11-07,829.4788717102996,837.0353914059584,816.4504077567346,819.8378295898438,838439
2006-11-08,820.7931219245518,823.3988143751059,808.6766414268853,813.9749145507812,821116
2006-11-09,818.4480385452706,824.0937058693299,779.6666786577728,791.8699951171875,2350650
2006-11-10,792.9990835477035,797.5156278134349,781.7077493898502,788.0916748046875,1100256
2006-11-13,790.3934437419124,799.7739267573577,788.656315294128,796.8642578125,564776
2006-11-14,799.0791169242907,799.8608459612466,784.3135245463419,788.3088989257812,464172
2006-11-15,785.1820953201548,797.2551598051491,780.5352977090065,786.3112182617188,988790
2006-11-16,788.6562969300834,793.6939587087645,772.8484178207447,775.9752807617188,883141
2006-11-17,779.9706464255428,780.7957930126589,766.1604545319813,772.2838745117188,795670
2006-11-20,770.4165597406118,770.4165597406118,751.3949797323621,755.9984130859375,542274
2006-11-21,766.1604423503038,779.1020698438602,757.3879653331618,768.7227172851562,545872
2006-11-22,773.0220797868169,780.8391569981443,769.1135411811533,778.8848876953125,366355
2006-11-23,781.7080289492185,790.3936737153209,777.8429064257092,786.8325805664062,576748
2006-11-24,786.919129807811,796.3865003671907,781.7077448421965,792.0870971679688,473948
2006-11-27,792.304201643134,799.0355735797315,786.9190934912666,790.436767578125,387116
2006-11-28,786.0506661366163,800.816258760177,760.8623022493656,792.6517333984375,553548
2006-11-29,796.7339387239603,810.1532663625205,796.7339387239603,800.5990600585938,674146
2006-11-30,803.4219672648857,813.8447387321057,799.0791458202106,804.4208374023438,589456
2006-12-01,808.1122234083468,830.7817298015119,806.4619300791467,826.8297729492188,1048272
2006-12-04,828.6103446923312,845.7644896689281,828.6103446923312,835.2548828125,504719
2006-12-05,838.1645069874445,843.3758925231177,822.5303503804248,825.0057373046875,337939
2006-12-06,828.6101418544572,834.6900904844165,812.1508417464782,817.5359497070312,352806
2006-12-07,819.7509302197351,828.6102961903995,817.3189609173647,821.4446411132812,265603
2006-12-08,827.7417021344273,827.7417021344273,807.851560279846,809.9795532226562,229473
2006-12-11,812.9327621096305,816.3636016757914,773.022222171339,787.1798095703125,423967
2006-12-12,792.1305552558455,803.2481664814072,746.9652165789771,768.9398803710938,703897
2006-12-13,768.9398578995026,785.1820186669963,746.9651947495761,768.462158203125,887313
2006-12-14,781.7078890337895,791.088373099603,773.0222458223028,785.0084228515625,502948
2006-12-15,796.4736250515925,796.4736250515925,783.0108756641338,786.8325805664062,324115
2006-12-18,792.9989897834932,802.9874765113248,764.4232108960849,801.1635131835938,592458
2006-12-19,799.0792157579385,811.2391168672984,781.707928458853,790.2198486328125,776508
2006-12-20,794.73626085538,813.7578384679194,777.3649764650985,801.3807983398438,701150
2006-12-21,792.998989810645,838.1643211032557,786.9190413674089,804.333740234375,963565
2006-12-22,812.9760420769666,816.3634634574667,797.4287226312127,803.8995361328125,763074
2006-12-26,806.8960242540311,812.9759727683241,803.3349327579799,808.2857055664062,373040
2006-12-27,809.5019102625731,816.2332834434046,801.8585551888655,806.157958984375,464272
2006-12-28,806.8961650172721,811.1521509249127,799.079086992347,802.0322265625,424440
2006-12-29,804.2904691424003,811.933823689327,803.4219049208642,807.0698852539062,322399
2007-01-02,815.5817215770941,844.2443379903466,813.0628643840837,841.2911987304688,557118
2007-01-03,848.1529393042299,855.4488997722426,842.5072720175147,846.459228515625,759731
2007-01-04,846.4590548455753,849.0213293064284,834.6900229805398,840.2053833007812,434685
2007-01-05,842.2033377228112,842.5073140020633,807.7647443524936,812.0641479492188,1052426
2007-01-08,812.0206408375844,816.0594323064126,777.364910226765,779.9271850585938,1095284
2007-01-09,786.0505754876012,786.9191396594108,764.3364711923637,769.938720703125,821394
2007-01-10,773.0221732647022,780.6655279707961,757.561740401999,764.7708129882812,550933
2007-01-11,771.2850504227348,790.2631579920314,766.0736649469055,786.7454833984375,401987
2007-01-12,794.4756938211547,803.4218945852978,793.8676882713105,801.1201782226562,538033
2007-01-15,800.8161200664567,807.7646330388338,784.7476838178347,787.527099609375,911131
2007-01-16,792.9992348571624,792.9992348571624,784.0530328430744,790.9581298828125,544718
2007-01-17,807.7648539589064,807.7648539589064,786.9193093406121,789.307861328125,363570
2007-01-18,788.6562645462191,803.4218554022607,783.4448795382044,797.906494140625,587949
2007-01-19,800.8161966687502,802.55332507801,786.0506051900422,792.39111328125,643196
2007-01-22,794.7361441969238,819.9245028654601,776.1923220375069,815.407958984375,2386230
2007-01-23,816.4504432329883,818.0572659852318,790.4803494185855,798.1671752929688,957460
2007-01-24,800.034457557931,813.3235321310057,793.9979788224841,811.3692626953125,1033601
2007-01-25,815.5818864160868,830.347479673886,805.4196733948921,823.4423828125,1186227
2007-01-29,824.96227254295,824.96227254295,805.3761602934327,813.71435546875,444476
2007-01-31,815.5818794947353,817.7532902495136,799.07915775842,803.3351440429688,609536
2007-02-01,816.3635652195627,828.61030002098,799.0791153242156,816.6675415039062,602355
2007-02-02,819.7509599572172,825.1360691161456,816.4504262833441,820.44580078125,445276
2007-02-05,820.7932333571243,838.1645187191799,812.2378965214943,836.64453125,669844
2007-02-06,838.2512603985356,844.9826327251636,812.9760642224409,827.307373046875,550278
2007-02-07,827.9154303693871,833.7348212829697,819.4903467792409,826.5256958007812,213359
2007-02-08,826.8297392800597,839.0330562555123,818.2743497040503,836.0364990234375,602126
2007-02-09,836.4273482995743,836.4273482995743,814.8000779016003,817.9269409179688,400531
2007-02-12,814.886884162374,823.9199193819147,788.2653721507492,792.1304931640625,433138
2007-02-13,792.1304531372098,802.5532222574361,764.7706841966153,773.8037719726562,620657
2007-02-14,820.7931878483457,820.7931878483457,730.5493441908438,744.4029541015625,984466
2007-02-15,757.3880146311992,778.2335563182965,752.1766292094248,774.9764404296875,621597
2007-02-19,781.7077557485262,801.6847317287663,764.4233074995732,793.9110717773438,591776
2007-02-20,798.2105791171504,798.2105791171504,772.1536505279071,775.4107666015625,599075
2007-02-21,777.3650145528902,790.6106195494618,769.1136540632226,780.1010131835938,442431
2007-02-22,794.7363603765315,794.7363603765315,751.3949791901575,764.3366088867188,835805
2007-02-23,771.2850736917342,779.1021521413126,738.2796313490699,750.0052490234375,881152
2007-02-26,755.6508520773392,781.7077780110405,735.0224523798256,762.8599243164062,875100
2007-02-27,761.7309605642221,776.4965550107349,752.1767523929491,770.4600219726562,450104
2007-02-28,738.2795678418044,759.993672778328,716.9997450040112,731.0704956054688,1075465
2007-03-01,736.5425176736294,755.9983789683043,716.5655390103117,730.375732421875,1235538
2007-03-02,733.0682631098113,740.8853417448685,718.736952278873,723.6008911132812,640139
2007-03-05,716.5654020620706,716.5654020620706,661.8458622682398,671.313232421875,988480
2007-03-06,686.1657425760283,709.6169768159684,681.8229214204837,687.6857299804688,1131567
2007-03-07,692.2456137158607,696.5884343790719,655.8093377489295,673.0068969726562,765263
2007-03-08,683.5599900846273,693.1141957910198,657.6333712592781,688.206787109375,1021395
2007-03-09,687.9027394875823,707.8797129828025,678.348534772477,683.733642578125,985053
2007-03-12,685.9920113189165,700.8444913095926,684.4286063233067,692.33251953125,685011
2007-03-13,694.8514288303263,702.017084190139,687.3383265509157,696.1976928710938,746586
2007-03-14,687.0343068071371,703.4501919802767,667.0573294916325,687.6857299804688,1165193
2007-03-15,698.4124896406996,707.8798611359201,687.0343192128992,691.5074462890625,991159
2007-03-16,693.1143394049271,698.4125606438159,668.8813732506235,677.5670166015625,596137
2007-03-19,682.6914832723355,690.4217261074454,662.0196652465781,685.1668701171875,953061
2007-03-20,687.9029212932883,695.937141017989,679.217278347666,685.86181640625,2145321
2007-03-21,691.3771714259412,692.2457357116522,681.8229642831204,687.5989379882812,1459637
2007-03-22,686.600063553509,728.2911490064735,686.600063553509,722.0374755859375,1346218
2007-03-23,723.5141524742597,737.4111830139815,710.4856863432707,730.15869140625,1248363
2007-03-26,727.1185463367422,732.9813547278764,708.0101338026749,713.69921875,991767
2007-03-28,673.3544751911423,720.6478120422444,673.3544751911423,691.9417724609375,609221
2007-03-29,719.6054847424883,719.6054847424883,689.7268531871052,705.6650390625,1329498
2007-03-30,705.2740648885111,720.908219036286,686.165654263453,712.3963012695312,893379
2007-04-02,690.5085407673298,690.5085407673298,643.9100501128821,650.771728515625,1764472
2007-04-03,647.0803200696613,665.1464445777409,647.0803200696613,657.025390625,798112
2007-04-04,664.4517186516217,667.0574116659418,645.8210029966411,647.9055786132812,639319
2007-04-05,647.9489223205535,663.4962434044722,643.6061011253755,656.5477294921875,607163
2007-04-09,654.8974947250921,691.2903607962986,654.8974947250921,685.6881103515625,637121
2007-04-10,686.165728359053,695.719934703293,681.8229072934894,682.82177734375,568648
2007-04-11,686.1656980944184,686.1656980944184,675.1783400779797,679.1737670898438,416519
2007-04-12,668.7944006728945,675.742913926639,651.9008172221388,659.19677734375,582216
2007-04-13,660.1088662546948,674.8744593156551,655.7660447661771,670.4882202148438,564293
2007-04-16,674.9613128978098,682.6915565628012,673.2241842551564,675.7430419921875,442878
2007-04-17,678.4789918301401,681.388660891352,660.2391423990141,661.9328002929688,452478
2007-04-18,664.4516551248927,672.5727097045705,661.1945391683981,663.8002319335938,438847
2007-04-19,663.5830844299867,677.4801123761644,647.9489279905367,670.4447631835938,406231
2007-04-20,675.8298169991273,687.7291577436009,670.5315963163173,676.2640991210938,594583
2007-04-23,693.7223241684088,693.7223241684088,663.5831320449283,666.1019897460938,543379
2007-04-24,668.7944659515841,703.5370356114066,661.8459520196196,691.3771362304688,2359485
2007-04-25,694.851626698799,707.8800946994014,680.0860296314495,687.0345458984375,1363916
2007-04-26,729.5940377644985,729.5940377644985,682.3006993568149,692.6800537109375,1699840
2007-04-27,689.8137743328173,703.5370796039824,685.5143704659791,691.2903442382812,924946
2007-04-30,693.5484698354875,702.4512523224176,680.0857255869589,700.1495361328125,422751
2007-05-03,710.0512450617622,716.2180297769953,704.4055776698337,707.3152465820312,369317
2007-05-04,713.0913014717904,713.959865785398,697.4571438268548,701.322265625,221444
2007-05-07,712.2226994970771,715.6969565677945,695.8068136327548,699.1508178710938,391280
2007-05-08,704.4055909803797,707.7930126847269,679.6515104095525,695.5028076171875,490355
2007-05-09,695.7198762438585,707.402074531192,687.1210700513957,696.8489990234375,904909
2007-05-10,737.150564779373,737.150564779373,686.2526627291563,690.4218139648438,597803
2007-05-11,690.5085889623272,700.4970779850527,652.508902462828,690.94287109375,543745
2007-05-14,712.2226494421515,712.2226494421515,694.9382005248989,698.0650634765625,211565
2007-05-15,695.8067200486614,702.5815628357274,687.0342433301562,700.5404052734375,248635
2007-05-16,700.9313446313969,703.5370373623686,688.0766044278605,697.0662231445312,321379
2007-05-17,697.4571817972657,712.2227759324506,697.4571817972657,709.443359375,345832
2007-05-18,707.8797647317293,716.5654060167813,693.9827386756463,703.623779296875,328877
2007-05-21,703.6239362756895,716.5655658828791,695.0685989063928,713.09130859375,406615
2007-05-22,714.8283158014631,733.0681634707591,691.3770830837966,721.4293823242188,757248
2007-05-23,729.5940346072026,729.5940346072026,704.6228102084442,708.0536499023438,303632
2007-05-24,699.6719528721163,710.4855888800334,699.6719528721163,703.884521484375,178315
2007-05-25,699.1942880945287,711.7884709235607,690.5086447641619,703.7976684570312,205959
2007-05-28,711.7015399862662,722.3848692433381,705.2741435809631,717.390625,482536
2007-05-29,717.8682839090875,723.513950993672,707.9666312017133,712.17919921875,342543
2007-05-30,716.5654717753736,717.4340359835862,696.5884949864844,698.8467407226562,290268
2007-05-31,701.7998832630706,712.2226538065814,699.1941906271928,709.7037963867188,585384
2007-06-01,712.2227405142527,720.8649660779625,701.9302745546876,704.622802734375,483876
2007-06-04,760.8621961532451,760.8621961532451,698.3255772913345,700.5404052734375,303317
2007-06-05,729.42037135478,729.42037135478,691.3772612980098,694.6777954101562,624277
2007-06-06,715.4797385241563,715.4797385241563,671.0961304260474,674.5269165039062,349165
2007-06-07,672.2687125348058,680.9543548156172,642.9980874458805,660.9339599609375,407125
2007-06-08,652.7692711405142,658.3715196078391,634.9202913368474,640.609375,846437
2007-06-11,642.8242331272081,650.3807509756982,632.4014645121714,636.96142578125,561196
2007-06-12,638.3946952974816,642.6506811379791,622.760539494278,625.062255859375,559380
2007-06-13,626.2349068955762,637.5262436357183,621.0669383234573,626.4086303710938,902649
2007-06-14,633.1832927994841,636.6575495500986,629.4484773951638,633.3135986328125,434677
2007-06-15,638.3079100138202,648.817516587362,633.4005006309688,642.8244018554688,691507
2007-06-18,643.6061289536461,651.3363722204851,641.1307419705455,645.2129516601562,250702
2007-06-19,644.5180920207796,654.8106102055983,638.8290067778304,652.6826171875,250612
2007-06-20,652.6825078083571,670.878936424734,652.6825078083571,666.9703979492188,339009
2007-06-21,669.6629829269617,670.5315471071523,656.6345202241025,659.2836303710938,378134
2007-06-22,654.1156566173684,663.3658862527835,651.4231288898038,661.2813110351562,229035
2007-06-25,667.9260224401634,667.9260224401634,652.2918632673117,654.28955078125,193269
2007-06-26,650.55459946615,660.021970650211,648.9477768675762,657.763671875,187249
2007-06-27,660.1090118941785,660.1090118941785,648.035944287242,652.552490234375,270304
2007-06-28,649.6860008245086,659.153371506944,641.8255056684598,650.2940063476562,581068
2007-06-29,658.3716334291709,658.3716334291709,642.8243137564685,646.342041015625,921224
2007-07-02,647.0803294282765,683.2125789670104,647.0803294282765,669.3155517578125,1033530
2007-07-03,674.8743524898293,681.8228657715779,670.5315316887364,680.52001953125,658340
2007-07-04,686.1655809545639,693.9826571932867,674.2228255898484,687.381591796875,387120
2007-07-05,687.9463351310773,703.6239099593207,687.9029175191788,699.2376708984375,735535
2007-07-06,660.3695244764631,702.5817875151279,660.3695244764631,692.245849609375,255773
2007-07-09,696.5884597456006,699.1941522384146,686.1656897743449,691.1165161132812,205177
2007-07-10,691.1164356112893,711.3539676789314,682.8216594112725,706.7940063476562,370646
2007-07-11,703.537062677573,707.7061605945524,690.6823220114875,700.3233642578125,233135
2007-07-12,700.3233280231335,721.5597340485184,698.3256408967906,719.4751586914062,719373
2007-07-13,720.9083526241777,728.7254311466085,715.6969669425571,722.0374755859375,680882
2007-07-16,723.5141076640508,732.6340333909086,712.4833297537353,718.8673095703125,705306
2007-07-17,720.7780017943846,730.5493493376094,710.4855369207024,716.4351806640625,406536
2007-07-18,716.4785679415291,717.4339672738821,701.9735364509569,712.7871704101562,155871
2007-07-19,715.6968981033531,721.2557301675888,705.5781040062985,718.3460083007812,519599
2007-07-20,724.7299907872497,733.9367501160693,713.0912092843704,718.2157592773438,420611
2007-07-23,713.0912255922793,728.9859402373608,707.966675482111,720.9517211914062,435111
2007-07-24,721.7768579081732,727.683083928658,708.0969716120796,711.831787109375,271106
2007-07-25,711.8318701370226,718.128961388761,701.7999629523621,703.4502563476562,449106
2007-07-26,705.274193560115,744.6635623524093,703.5370650045483,729.0728759765625,3219244
2007-07-27,725.2510458128669,733.9366870800869,701.799814391373,721.1253662109375,1257326
2007-07-30,746.9652541569354,746.9652541569354,700.4970668343819,734.675048828125,774050
2007-07-31,736.5426394404553,742.5791728545004,712.2228353079875,733.5460815429688,675190
2007-08-01,700.1495420686624,724.3390855216079,700.1495420686624,713.264892578125,699305
2007-08-02,716.7392814792298,739.1482301454423,713.0913007631118,722.9060668945312,478688
2007-08-03,726.1196301943381,743.4909132133415,719.8659577049073,738.8441162109375,850182
2007-08-06,733.9368196252475,735.6739481924078,711.788430393953,716.4786987304688,801444
2007-08-07,735.6738994765709,735.6738994765709,713.0912295988957,716.4351806640625,563428
2007-08-08,722.6454338829318,730.4625118936847,716.6523195361734,726.6408081054688,589163
2007-08-09,733.0681374846738,754.7822410831535,709.6169055983158,718.1722412109375,817999
2007-08-10,703.5370437149846,708.7484292239845,690.942862068235,703.1461791992188,579132
2007-08-13,707.8798210681159,726.9013982013846,706.186110280148,723.25341796875,299829
2007-08-14,732.1996144235218,732.1996144235218,709.7472512480996,715.3060302734375,379821
2007-08-16,720.864950423213,720.864950423213,677.480153093662,689.162353515625,475593
2007-08-17,689.466334598414,689.466334598414,621.0234779777262,676.3076171875,1119851
2007-08-20,694.8514752791069,708.6616695554633,677.6539118685411,680.7373046875,597448
2007-08-21,686.1656792358001,687.0342433867314,660.9773188587897,666.6229858398438,278620
2007-08-22,668.3704581390717,689.3389431002975,654.3914681649212,669.0693969726562,450403
2007-08-23,694.5810405984662,702.4878958672003,664.1330754320365,677.9373168945312,829540
2007-08-24,689.3389260917977,701.4831946624436,669.3314758547054,690.2562866210938,922178
2007-08-27,702.4442279871214,740.8864494192525,700.9152759983435,728.17431640625,603244
2007-08-28,728.6547684403154,732.1495155311561,712.3168151255127,727.34423828125,288653
2007-08-29,716.4230915648908,732.1494521114372,707.9483199385755,728.2615356445312,586956
2007-08-30,738.2652269493904,742.4152385801709,726.0336137218264,731.0573120117188,1011839
2007-08-31,720.7914705814701,762.6410815369858,720.7914705814701,758.097900390625,1241719
2007-09-03,765.9612502924691,787.1918294790001,764.738067406985,770.2860107421875,992405
2007-09-04,777.5376478276831,785.2697553685969,760.1075839445219,780.4644775390625,1012942
2007-09-05,780.6392894215509,786.3182545936158,758.447619572772,763.3839721679688,667304
2007-09-06,733.6349241804617,771.4655575015404,733.6349241804617,769.4124145507812,496609
2007-09-07,773.1255840533588,775.7466448378195,760.1076274936231,762.9907836914062,502100
2007-09-10,731.2758620256499,769.6307344227116,731.2758620256499,764.12646484375,355967
2007-09-11,767.9707779712387,770.4170906034072,747.8759794577705,752.37548828125,408315
2007-09-12,759.932829487383,759.932829487383,746.6527783873116,750.9775390625,214247
2007-09-13,702.0511257612826,781.0761196754493,702.0511257612826,779.066650390625,861760
2007-09-14,781.9497195657268,790.5118399081397,754.4285841843633,757.26806640625,744012
2007-09-17,755.7391776218242,769.6308208297439,754.1665518479658,764.432373046875,645185
2007-09-18,765.3496301983594,772.3391245380705,758.3601358586484,764.825439453125,563911
2007-09-19,776.7076130863184,816.0235215102603,776.7076130863184,807.1555786132812,1674682
2007-09-20,812.5286338466103,812.5286338466103,792.6085876819433,795.1859741210938,623469
2007-09-21,795.2297812465974,817.1592998433956,795.2297812465974,813.751953125,979596
2007-09-24,813.7520399369621,874.735377885483,813.7520399369621,856.8684692382812,2204029
2007-09-25,856.2131429012695,874.560567392011,830.2646318849548,865.9547729492188,1440152
2007-09-26,866.6973326948631,873.6868273133701,834.3709200842685,840.4430541992188,1119400
2007-09-27,847.650922110563,860.4067277305394,835.76874994239,856.3441162109375,1830731
2007-09-28,856.4315800176245,898.1501293120306,848.5683979516632,872.5947875976562,1945086
2007-10-01,881.3754067921567,882.4238418238042,855.1211239455924,865.0811767578125,1104268
2007-10-03,860.5815358427421,904.0037290516776,838.9577865918711,890.5053100585938,1751448
2007-10-04,891.1605657082034,915.6237969237227,883.2973842460722,910.60009765625,1633283
2007-10-05,913.0027079946178,920.6037405107353,891.1605379468997,904.134765625,1133901
2007-10-08,918.2449978854243,918.2449978854243,874.6043234292661,895.74755859375,1127200
2007-10-09,894.4804882318767,973.8985821885899,882.4236216897522,965.4675903320312,1828168
2007-10-10,965.4238593596622,991.6344618762141,940.086943593662,961.9728393554688,1689843
2007-10-11,967.1711722774372,990.8044400599662,947.2947999474356,977.961181640625,1250799
2007-10-12,978.4418742846852,978.4418742846852,947.0764966538209,958.2160034179688,921226
2007-10-15,956.6870174162908,1028.6788289155777,956.6870174162908,1014.0881958007812,1226522
2007-10-16,1014.3503074993235,1039.687223018256,981.2375586460624,1035.056640625,1098885
2007-10-17,939.6939452847743,1069.392717039768,939.6939452847743,1025.7083740234375,1412586
2007-10-18,1026.5820151057126,1057.1610538535424,982.8976740373845,995.43505859375,1083966
2007-10-19,1013.4767079384369,1030.950444282203,915.6237844133465,940.6112060546875,826778
2007-10-22,926.02077505036,956.5998168280787,895.5290806331882,926.2391967773438,1130497
2007-10-23,926.9816161825673,975.7769984939804,926.9816161825673,963.589111328125,741072
2007-10-24,971.5398111094304,995.1293568827708,950.5713259775721,977.175048828125,653913
2007-10-25,969.7922786172691,1035.23143658574,952.3185438674084,1017.1460571289062,1281290
2007-10-26,996.0901278367551,1047.5502928262677,987.2659140064073,1032.872314453125,469878
2007-10-29,1043.5317147687363,1090.361313974576,1027.0627370858263,1039.556396484375,1028027
2007-10-30,1039.5562958756395,1051.0452994904233,943.5818150038712,950.047119140625,2016331
2007-10-31,952.3187443098363,986.3051868819666,913.0028328475037,938.2086791992188,1649288
2007-11-01,961.0555313508959,961.0555313508959,871.1094598197963,879.4094848632812,1160090
2007-11-02,873.6867535005114,902.5184163660283,846.6024641419955,892.2089233398438,1188175
2007-11-05,896.5337696594718,905.5764070976402,847.7383277881725,869.0126342773438,756240
2007-11-06,882.4237336837706,894.4806017561091,841.1857029890695,849.2236328125,703916
2007-11-07,869.3183801726586,884.0837086636247,838.7393416741229,873.118896484375,635218
2007-11-08,864.950000883767,882.4237382753581,839.8315033833545,868.881591796875,413996
2007-11-12,849.223667882424,874.5605880147185,836.1620380456523,869.7553100585938,248565
2007-11-13,871.8956595560677,891.160440772349,857.0866592134063,876.3514404296875,310098
2007-11-14,882.4236344820386,913.876358087339,882.4236344820386,907.1052856445312,552730
2007-11-15,906.450056159522,930.9132865908151,895.5289711455518,906.144287109375,400610
2007-11-16,891.1604836127638,926.0206062137412,879.8025558804442,914.706298828125,439601
2007-11-19,918.2447964896388,930.8259073245928,918.2447964896388,920.691162109375,174857
2007-11-20,908.6343398941782,914.487999231082,869.9300224272702,879.8026733398438,247351
2007-11-21,887.6658626293555,887.6658626293555,826.5077815426873,833.7156982421875,587625
2007-11-22,833.4971955128206,856.213051994302,821.4840021812678,843.326171875,311782
2007-11-23,847.4761620176897,860.5814634921901,820.3918723037223,827.7745361328125,375340
2007-11-26,830.0898620013465,850.7962511897392,828.4735626451766,831.48779296875,851961
2007-11-27,831.7497903045742,832.6234770590958,813.4023684596203,819.0376586914062,577041
2007-11-28,833.4971600199855,849.4419432174328,826.5076660156251,845.2919311523438,320472
2007-11-29,856.2130769967669,880.2394643614721,856.2130769967669,865.0372924804688,544149
2007-11-30,873.6867496389287,893.6067968655749,870.6288460151925,886.0494384765625,397029
2007-12-03,899.8974040867229,916.4974532883226,892.4710662860072,902.3873901367188,275465
2007-12-04,891.1604951260936,904.2657965250067,850.4903871165881,898.1062622070312,249538
2007-12-05,884.1710924431233,912.1290716508109,884.1710924431233,903.74169921875,321097
2007-12-06,908.6343208502136,930.3017973155938,904.2658866153567,909.3333129882812,475761
2007-12-07,917.3711882401784,922.6133093158365,877.4436887154594,909.901123046875,416819
2007-12-10,926.020778226872,926.020778226872,904.0475310866902,913.5707397460938,434314
2007-12-11,917.371010271193,947.9500439468994,908.6341435067054,941.4847412109375,716830
2007-12-12,943.5816858827219,959.3080473141006,924.4043044643875,937.72802734375,908702
2007-12-13,941.8342143898415,952.1437595826047,899.8972549364904,906.0130615234375,425272
2007-12-14,913.0027303769054,916.4537506685584,892.1215939691411,910.6874389648438,380200
2007-12-17,910.3817235622041,912.1290973118436,879.584261224807,884.8700561523438,391237
2007-12-19,906.7121680220496,910.3816097771715,856.2130303086642,871.9393920898438,338361
2007-12-20,878.0552660576337,898.150063191291,857.1741294450231,868.09521484375,451958
2007-12-24,873.6867194403244,884.6078034333284,858.2224538411095,865.1682739257812,622849
2007-12-26,869.0562560472293,879.8025928418439,863.8141353351627,867.6583251953125,915101
2007-12-27,872.8130408920209,886.6172805232901,866.9156554805884,869.4930419921875,485165
2007-12-28,866.6973615069213,882.4237249213613,854.9025889460912,861.9794311523438,622902
2007-12-31,873.6868695795625,882.3363909186461,860.6689138925813,868.881591796875,471363
2008-01-01,873.68686388369,873.68686388369,861.4552477893184,866.30419921875,183163
2008-01-02,878.055195419936,882.3799555550364,854.9898435831393,871.109375,351365
2008-01-03,872.8130805889203,872.8130805889203,847.4324906623422,850.27197265625,455664
2008-01-04,851.8445923353038,858.3972430455754,837.8656041533911,842.3651123046875,798963
2008-01-07,831.749865738489,847.4762287461494,831.749865738489,842.0156860351562,683162
2008-01-08,843.1078003749005,847.4762345737342,817.7708820216652,821.0908813476562,644368
2008-01-09,825.5466430879712,921.7395342940025,797.2391706571349,807.9418334960938,601337
2008-01-10,813.4023788941882,822.7945116257806,790.7301966583855,794.3560180664062,510754
2008-01-11,809.9077323068773,809.9077323068773,775.8339442162967,786.0560913085938,857643
2008-01-14,786.056098194675,794.1813755300241,733.896980687811,754.3849487304688,698561
2008-01-15,763.5586662434501,770.023917217678,744.3812283914807,761.2870483398438,1000759
2008-01-16,758.3601604093452,758.3601604093452,722.5390007586734,740.6243286132812,558884
2008-01-17,747.0022111129015,781.8623356284143,735.7753571065364,755.5643310546875,602636
2008-01-18,751.3707742215336,756.219726110979,729.6159479167321,735.6444091796875,444882
2008-01-21,719.9178511795432,729.0915616618067,659.6771416808912,701.7451782226562,614102
2008-01-22,681.4756706020938,733.8968760330241,611.5807300275201,705.10888671875,949563
2008-01-23,729.5284937352806,750.4969773875521,685.8441527930482,721.79638671875,777635
2008-01-24,742.6337356688292,742.6337356688292,664.8756151105636,689.1204223632812,1045605
2008-01-25,719.0443009659105,738.2654122918522,693.7073814908055,728.3927612304688,563334
2008-01-28,677.1508370579196,763.6021429713398,677.1508370579196,755.4768676757812,358055
2008-01-29,760.1075067442787,769.7180614272523,713.1905154904582,753.99169921875,739339
2008-01-31,736.517916531733,755.564276661857,720.7915553246497,742.8084716796875,702863
2008-02-01,727.9121583066789,802.0444598744135,721.6652765318797,791.341796875,425624
2008-02-04,803.7918970122938,807.1992970363955,778.6297265535534,784.0028686523438,773011
2008-02-05,796.8023710123429,803.7918654949073,759.2338381685591,762.3790893554688,296903
2008-02-06,747.089576959055,751.3706636987458,722.5389986963521,727.1258544921875,400676
2008-02-07,738.2654346466064,738.2654346466064,690.2126548767089,698.9495239257812,549229
2008-02-08,700.6968190059728,711.1810606868601,681.5630566081089,703.97314453125,588532
2008-02-11,703.9731606268863,742.633802709095,677.1072907053514,710.6131591796875,467655
2008-02-12,712.4044025314817,722.5391504211667,695.6732751183241,705.677001953125,313845
2008-02-13,709.4337129449947,720.7479681700158,700.827918915008,714.0205688476562,394845
2008-02-14,717.3842253798597,738.2653616734115,716.423191209701,724.4611206054688,245041
2008-02-15,720.7916018120405,724.2863489723413,703.3178660105366,709.8268432617188,658133
2008-02-18,725.1599432226184,725.1599432226184,699.8230295437558,704.3662109375,212449
2008-02-19,710.307421796352,715.549542990421,703.449001231024,707.1621704101562,394126
2008-02-20,705.9388755559238,705.9388755559238,666.622972833131,672.4766845703125,750169
2008-02-21,678.854692104979,690.2126213165166,659.1530640223962,666.754150390625,631746
2008-02-22,668.3704098590317,676.9325299345874,655.3524550557161,669.5498657226562,599096
2008-02-25,677.1072453774951,703.7546918084804,671.2098596919492,699.429931640625,623552
2008-02-26,708.8220235369308,712.9283617760068,691.086193829438,710.5693969726562,349139
2008-02-27,712.0548306587737,733.897003378368,712.0548306587737,727.69384765625,678206
2008-02-28,725.1600394754512,736.5179678045848,713.5400157730751,731.4069213867188,517893
2008-02-29,725.1600647301655,764.4759718540901,720.7916306052849,758.534912109375,1698908
2008-03-03,751.1085961812738,794.1813472539042,740.4496059380459,762.4228515625,1827854
2008-03-04,764.4760203795549,799.423495596906,764.4760203795549,790.29345703125,1388510
2008-03-05,792.4340140962515,825.1972726724472,788.0655796194254,821.4404296875,1504357
2008-03-07,804.8839570582455,819.6055581718891,763.2090864184388,810.6502685546875,1553921
2008-03-10,802.9181563584273,819.5182052929323,771.4654320614703,781.9933471679688,1362924
2008-03-11,773.2129196910754,779.3287280954115,744.3812514992047,757.1807861328125,846194
2008-03-12,765.3497374150053,773.1255722874823,743.5949119048113,749.0991821289062,965824
2008-03-13,742.6337351599261,764.3885564966185,704.1915182810594,734.20263671875,797094
2008-03-14,733.8970078114297,742.4591289041063,703.3179658192869,727.5191040039062,652894
2008-03-17,707.6863494422611,725.0727391106558,698.9494809306282,704.672119140625,361660
2008-03-18,707.6863296404317,720.6605576869282,703.4489698611011,710.6131591796875,446490
2008-03-19,725.1600453906528,730.6205879011246,700.3473188928248,718.563720703125,649083
2008-03-24,754.4723853835764,754.4723853835764,690.2127182890088,707.8612060546875,505100
2008-03-25,720.7915848078765,754.8216951436247,712.9284038826996,737.2605590820312,747210
2008-03-26,742.6337941045061,747.8759150040673,729.5721655313105,738.78955078125,699173
2008-03-27,734.1153821665071,741.3232987423758,726.0337787329573,732.4116821289062,557454
2008-03-28,729.3101192108849,747.002278437025,718.1706115499819,731.974853515625,519840
2008-03-31,733.8969301456696,733.8969301456696,708.560012319212,722.5390014648438,685949
2008-04-01,733.8969273147794,747.0022295882576,705.5457793980326,712.7100219726562,454500
2008-04-02,724.2863425512868,741.7600781978799,703.7547031665398,708.2542114257812,243586
2008-04-03,715.4184639407283,716.1611297670552,677.1073164621174,687.5042114257812,760056
2008-04-04,690.3874762659935,691.9601021967708,665.0068796472592,668.0210571289062,475666
2008-04-07,670.9914300906645,672.6514562609757,644.8245010255229,663.6961669921875,917326
2008-04-08,668.3703859710208,668.3703859710208,646.6155638425047,650.5908813476562,550601
2008-04-09,650.8967325789206,650.8967325789206,633.5103421502574,640.9804077148438,786701
2008-04-10,643.0333943933019,654.2602468646286,637.7912743303131,644.6934204101562,685402
2008-04-11,650.8965681422836,653.4302808116018,638.2281114468968,645.7855224609375,300751
2008-04-15,645.7857104460637,663.9147140977626,635.6945838252262,660.7694091796875,241386
2008-04-16,668.3703770166182,668.3703770166182,656.4008576389115,660.5945434570312,393856
2008-04-17,664.8756251187798,669.6809023042638,657.8861310308032,664.4387817382812,282042
2008-04-21,655.2651422680023,684.533651955973,633.4229708590689,671.2536010742188,354947
2008-04-22,668.3705404710173,671.8652883950488,658.4104875572791,662.1236572265625,283323
2008-04-23,662.123506998869,672.6514753918441,658.978255911108,668.4140625,446646
2008-04-24,677.8063042125606,678.8547391853062,634.7772232539038,652.6878051757812,2313324
2008-04-25,639.5386749660252,658.7597826835834,639.5386749660252,644.7371215820312,856302
2008-04-28,644.7371503287053,654.3913782885348,629.2292104560464,631.1076049804688,1017479
2008-04-29,629.0546333708485,643.6452167822133,629.0546333708485,638.7962646484375,782363
2008-04-30,642.0724735503504,654.3914365394735,637.7913867474174,648.3629760742188,927579
2008-05-02,656.2260345608871,691.8724932516685,656.2260345608871,688.3777465820312,1868089
2008-05-05,692.8337548369426,707.5990856965025,681.7379198509748,685.320068359375,1035578
2008-05-06,688.4651692421984,688.4651692421984,661.8613966437964,669.8556518554688,814237
2008-05-07,672.7387586803848,679.5535042720263,663.1718786548091,677.6751098632812,438190
2008-05-08,671.7779309202731,676.2337131261272,665.312626027837,673.219482421875,593476
2008-05-09,669.2441763653434,673.4378628889323,662.2546810508229,668.2831420898438,1618381
2008-05-12,668.2830662172912,677.0199343685142,666.6230399383144,673.0446166992188,545987
2008-05-13,679.7282778131096,686.7177716723703,671.8650972214413,673.3067016601562,420798
2008-05-14,677.1073459129341,698.5126749127623,670.161524409091,696.3721313476562,966247
2008-05-15,700.827934836194,722.4516845828401,698.9494867602801,717.995849609375,1156629
2008-05-16,726.8636883236666,726.8636883236666,712.9283742645267,717.3841552734375,453991
2008-05-20,725.1600332533517,729.5284671886128,707.6862975123071,711.7489624023438,1200269
2008-05-21,703.317780657398,712.928334181909,690.2124803967012,710.5256958007812,582101
2008-05-22,703.3179129355516,710.3074077224887,690.2562838873401,703.9295043945312,528468
2008-05-23,703.3178344020928,710.1325803932897,685.1451606503651,689.863037109375,585070
2008-05-26,681.475792018789,681.6505400664813,660.0704626540962,665.531005859375,610536
2008-05-27,682.1745776398806,682.1745776398806,659.8955663671122,668.1519165039062,327631
2008-05-28,670.9914502883221,690.212559541373,656.3571966524765,679.160400390625,268473
2008-05-29,694.4936143107038,694.4936143107038,661.5119397163996,666.6229858398438,569959
2008-05-30,683.6599681438153,683.6599681438153,661.3809532074993,666.666748046875,335525
2008-06-02,668.8072752697993,700.6968448940289,660.5072502991095,687.8536376953125,1431271
2008-06-03,672.7386572499925,690.0376406284445,665.3559950864804,683.3976440429688,281241
2008-06-04,683.6599048765581,689.3388689426255,638.6650357377176,652.2508544921875,638245
2008-06-05,649.1491792883893,672.083453792185,640.5433871381578,665.1376342773438,721143
2008-06-06,668.3703771972656,675.3598713378907,648.4066558883488,655.2650756835938,413756
2008-06-09,656.138763477547,656.138763477547,633.4229074849821,645.2613525390625,420913
2008-06-10,646.0913715632639,653.6924571879534,627.3071058585848,647.8387451171875,476415
2008-06-11,653.5177870794294,666.6230902962628,637.005083695973,641.0677490234375,367127
2008-06-12,629.0544943388815,652.6440378765896,613.3281319804095,643.732421875,391035
2008-06-13,648.2755207068194,648.2755207068194,627.394387591008,630.932861328125,406174
2008-06-16,640.4123646052436,643.7323634701362,622.5454605483392,626.47705078125,627685
2008-06-17,624.6862155359302,668.1958182046367,624.6862155359302,659.7647705078125,672708
2008-06-18,659.6335247973121,664.0019587363671,643.9945099652512,653.823486328125,329443
2008-06-19,647.4020099566435,665.7494353400301,641.5482969072965,652.6878051757812,293919
2008-06-20,652.6876845514348,655.2650711631314,621.1912874626486,636.3497314453125,493682
2008-06-23,635.1703159854616,635.1703159854616,595.2864914575055,601.0528564453125,459469
2008-06-24,598.4755904026074,610.7072083086462,578.5992113052946,591.2239990234375,858990
2008-06-25,579.254246285297,611.4933048522304,557.412080135776,604.5474853515625,358918
2008-06-26,604.5476266594575,627.3071584419863,581.9627895864776,590.5249633789062,1031938
2008-06-27,590.5249337871708,590.5249337871708,555.6648088809072,561.5621948242188,828051
2008-06-30,572.0902185718596,572.0902185718596,532.9490528933417,538.6716918945312,420913
2008-07-01,538.6715918286578,541.6858219870953,487.6045871391071,499.31201171875,599023
2008-07-02,499.31208959733135,515.4752980969824,489.26468971916984,506.03948974609375,769380
2008-07-03,504.42297452822703,506.0393268532638,476.15923225576336,479.1734619140625,595922
2008-07-04,478.78040077455034,501.2778374897779,467.4224715590957,479.4793395996094,402254
2008-07-07,484.89613507921314,518.5330741793027,479.6540146999784,500.7535705566406,578901
2008-07-08,492.67205199730176,503.2436418943502,472.2277577150977,497.3025817871094,546872
2008-07-09,502.41354509475934,530.2404995333058,502.3698714232351,511.4999084472656,816806
2008-07-10,517.2224225610031,520.7171686593882,489.2644537739218,494.1134033203125,697500
2008-07-11,499.6614936592438,505.68990048022727,485.85719979610155,493.41461181640625,352958
2008-07-14,502.1077247895464,510.84459122637304,489.35186779641907,496.69085693359375,452879
2008-07-15,454.7540269259159,490.13834602389784,454.7540269259159,479.91619873046875,201590
2008-07-16,479.6540138255066,484.7650598556999,471.79083327099005,478.9987487792969,443597
2008-07-17,489.26469897792333,526.5711429401141,485.76995112808106,523.6005859375,984968
2008-07-18,528.5806007061844,544.3069656858726,514.0336917697252,541.0306396484375,772611
2008-07-21,546.1853824944404,576.6333493855363,537.3174392001589,565.406494140625,477052
2008-07-22,546.2726176377898,546.2726176377898,511.10672741800414,513.5530395507812,2570662
2008-07-23,525.0857309040271,537.0989235827797,517.5283192704236,531.2015380859375,2110064
2008-07-24,532.9490413887644,554.6164671604296,532.9490413887644,540.9432983398438,981663
2008-07-25,532.9488482892971,544.3067745643149,524.4740772497406,536.7930908203125,747765
2008-07-28,537.3172388701925,545.1804179756099,531.2887802258006,533.5167236328125,645262
2008-07-29,525.9594284333729,527.7068019497628,488.56564584774964,494.856201171875,687526
2008-07-30,486.64358332916294,519.8436841667001,486.64358332916294,513.5968017578125,769762
2008-07-31,517.2225937687206,523.1636534374283,498.00148386515326,502.9378356933594,1262228
2008-08-01,493.54570515740005,497.9141392504002,483.14881068581514,491.14306640625,1437459
2008-08-04,491.1430879572523,503.24362959558107,486.0319878488039,500.3604736328125,519499
2008-08-05,503.2436825631108,544.3069691611424,499.83628213217526,536.4437866210938,1055990
2008-08-06,562.6541337152222,589.6510692252743,547.8014624836092,569.3815307617188,2758125
2008-08-07,567.022707585633,594.1069971621424,565.2753340645679,586.8554077148438,1381632
2008-08-08,547.4958253307843,597.6454129789706,547.4958253307843,593.3643798828125,714929
2008-08-11,603.6303487638135,634.0346446476661,595.8545134023614,628.3993530273438,1498366
2008-08-12,619.444097575357,623.5504372371025,577.7692160296334,593.2771606445312,1840440
2008-08-13,593.2769586132581,602.4069955341175,574.8858637584472,584.8895874023438,1199346
2008-08-14,586.2540982222208,586.2540982222208,566.360211875407,572.6100463867188,907149
2008-08-18,573.0500692354767,576.5711142077378,544.0014482143235,563.4552001953125,929834
2008-08-19,563.235107820617,563.235107820617,529.8732405476399,542.6810302734375,1380725
2008-08-20,542.6811167315228,554.4766401917874,541.3607247200106,550.2513427734375,1028097
2008-08-21,550.1632916179996,554.5645979509435,538.2797645190507,544.485595703125,618137
2008-08-22,536.9593918559482,558.0856630109363,530.9736257740786,555.885009765625,774964
2008-08-25,545.7621010218145,571.993881583613,541.4928544642569,550.7796020507812,749154
2008-08-26,544.8817637196256,565.0397696840147,536.6953440892479,554.0805053710938,933639
2008-08-27,554.5645824353276,558.9658886451317,545.7619700157192,551.1755981445312,797421
2008-08-28,541.3606437422354,560.4183204151329,538.1476688374033,553.9923706054688,512974
2008-08-29,558.9659548591634,582.1168175197636,558.9659548591634,571.8177490234375,1078145
2008-09-01,571.8176925976444,571.8176925976444,544.441588921912,557.6455078125,1055043
2008-09-02,554.7406642055129,589.7750520759935,554.7406642055129,585.5938110351562,747594
2008-09-04,579.2120580686886,610.4613408368322,567.8566634030269,605.3558349609375,1135093
2008-09-05,586.2539466260681,602.9789090673523,575.1186211941458,598.7976684570312,787166
2008-09-08,603.4629844887522,633.7439877256237,600.6021359226215,611.5173950195312,1293682
2008-09-09,607.3801577854284,627.9782889749881,595.4086283401173,623.2688598632812,634813
2008-09-10,614.4222950183399,623.1369020688069,605.8837509467783,612.397705078125,621547
2008-09-11,604.7394518829842,618.0313746767052,594.1763173522771,598.0054321289062,694803
2008-09-12,600.338098938135,626.6579285788125,600.338098938135,619.1316528320312,1442723
2008-09-15,577.1433685402726,649.5008076413827,577.1433685402726,634.4043579101562,1213725
2008-09-16,616.1830251229079,633.8322567399778,602.1428440193711,612.573974609375,978686
2008-09-17,629.386932471104,629.386932471104,599.458043374576,616.403076171875,1133346
2008-09-18,598.5775480197417,646.7278409367045,589.7749370194514,631.0592041015625,1114821
2008-09-19,644.7913432371637,660.1519122617052,637.3091228719543,652.3175659179688,902217
2008-09-22,674.2801230248086,674.2801230248086,625.4256232495125,634.9324340820312,1035073
2008-09-23,616.1829020408853,639.861952195782,611.8255979167906,616.9751586914062,899105
2008-09-24,614.4223832903627,630.3550912230405,609.4929415340882,618.0314331054688,563169
2008-09-25,600.9104439265654,626.7460935681481,600.9104439265654,620.892333984375,817954
2008-09-26,616.1830028619293,618.8237871599089,590.8754866729571,602.142822265625,273558
2008-09-29,567.8125008451804,607.3802542399568,567.8125008451804,583.4811401367188,517925
2008-09-30,570.0570588127499,617.0630223791736,560.1101192687028,607.5562133789062,739026
2008-10-01,612.0897068781935,623.2250344218248,602.0987620685427,616.8431396484375,600343
2008-10-03,599.4579029469028,629.3867850323575,591.5795541231493,601.0863647460938,757319
2008-10-06,585.3737921707547,609.140848394229,575.1627820988323,580.0922241210938,565467
2008-10-07,581.456648943247,606.2360284996078,544.969803674981,591.6236572265625,1383819
2008-10-08,573.0500657779501,614.422343952395,552.3639266907276,605.4876708984375,2054049
2008-10-10,555.4449771713074,607.1163352383279,555.4449771713074,598.313720703125,899350
2008-10-13,595.0568076773989,638.8938221129868,595.0568076773989,636.6051635742188,944838
2008-10-14,644.3513169177666,659.3157600702284,625.8658283176667,633.568115234375,945505
2008-10-15,620.5841686101392,627.6262584667081,588.2345683315256,600.0300903320312,868013
2008-10-16,586.1661434716968,602.9791163191808,566.1401947180307,597.521484375,706468
2008-10-17,602.1867449438545,606.5000468841481,556.5892195083917,563.807373046875,1058321
2008-10-20,560.7264264428466,594.00029155232,550.1632912508306,577.7594604492188,587307
2008-10-21,584.317479797529,607.3803381660226,568.0766469664075,596.3330688476562,825521
2008-10-22,580.9723924830507,593.2960492932972,553.2881669746566,571.0254516601562,646436
2008-10-23,552.8042953002522,567.7687427844946,516.9776367543611,524.1077880859375,1010127
2008-10-24,510.55163534530305,511.8720275056789,450.69385740826755,473.80072021484375,1557016
2008-10-27,462.57729837747667,473.9326902755937,418.1241041471007,453.9947509765625,719165
2008-10-29,489.42524927327855,494.7068167114794,444.7959936751049,477.84979248046875,1216695
2008-10-31,493.82647636096095,514.0724816306616,481.23875339517394,495.7630615234375,887142
2008-11-03,497.7878357642992,544.8818219948739,497.7878357642992,530.0494384765625,720327
2008-11-04,528.1566996231729,545.4978553395093,513.3243204661733,542.0208129882812,648039
2008-11-05,562.4870201304528,562.4870201304528,537.0474448341096,542.1089477539062,840170
2008-11-06,528.1567067161327,549.6351009466736,512.7081337900615,528.9049072265625,1095004
2008-11-07,523.7554947675935,536.7393494698154,501.7489613739971,527.6726684570312,995131
2008-11-10,528.1566429218291,535.1987314941201,514.5565986212175,523.9754028320312,560670
2008-11-11,519.3541679218222,519.3541679218222,493.0783895609387,504.7418518066406,1035231
2008-11-12,499.98845019487595,501.61691221267745,480.71070500822617,492.2861633300781,838328
2008-11-14,510.5516204967008,510.5516204967008,466.5825520895805,471.9521789550781,1225305
2008-11-17,469.17930009601184,491.8900322070639,457.8239071770413,482.25115966796875,636365
2008-11-18,479.7424905055102,500.69270228128926,445.016165539136,451.794189453125,714020
2008-11-19,455.09516311904133,482.38326767743644,443.7397959496889,454.4349670410156,707693
2008-11-21,428.0710799915576,461.8731370247731,422.65747810939934,448.8892822265625,763903
2008-11-24,453.3785705114258,470.9397941411311,435.86137606465917,466.8465576171875,468773
2008-11-25,505.27003256652847,505.27003256652847,460.11263447799917,471.0718994140625,890097
2008-11-26,474.460866208969,477.8498509054204,447.17276444184836,467.990966796875,1145287
2008-11-28,472.7003646780603,483.17549667099354,458.6161824902596,469.6634521484375,872073
2008-12-01,475.7813164321963,479.6544883249927,424.3740528323784,428.7753601074219,1306878
2008-12-02,381.15322769828464,419.00447201936146,381.15322769828464,404.9202880859375,1541283
2008-12-03,411.9623034585183,434.7610665891962,392.1564234845511,426.8387145996094,1609225
2008-12-04,426.9267357314138,435.4652811914194,412.09432727197395,429.43548583984375,1548577
2008-12-05,431.3279820849095,436.8736168234825,420.0166204473418,431.900146484375,1210630
2008-12-08,440.1306697743112,461.25694192347805,419.6205913082059,439.33843994140625,2471680
2008-12-10,444.5319761274198,461.9611398915925,429.03937119068627,454.0387878417969,1258399
2008-12-11,459.4964112117767,464.77797915673966,441.01092340440636,449.5494689941406,1335168
2008-12-12,422.52542910887706,451.5740523601124,418.74031621848735,446.33648681640625,956692
2008-12-15,453.3346109226236,461.2569633465141,445.0601593192493,447.8329772949219,1216799
2008-12-16,448.05309746975865,456.76770769323,432.69252375611336,448.2731628417969,1443868
2008-12-17,457.7358740880947,457.7358740880947,444.1358263145232,448.71319580078125,1261891
2008-12-18,420.76495620245345,477.8058851263614,420.76495620245345,471.9521789550781,1192349
2008-12-19,464.7780157909296,500.78072827761247,464.7780157909296,483.6156311035156,1641704
2008-12-22,488.5450416472815,492.0220846710497,462.4893275835151,465.04205322265625,1211067
2008-12-23,463.8977603707721,463.8977603707721,447.3488567044418,451.61810302734375,1076243
2008-12-24,461.8730825815285,461.8730825815285,436.34550666529367,442.3752746582031,1403347
2008-12-26,441.89119078007883,456.327498184765,441.3630286056608,449.1093444824219,1064831
2008-12-29,457.0317463370476,457.0317463370476,426.0465331786743,439.47052001953125,2104976
2008-12-30,444.4439929567756,461.21298940397105,437.53393532247736,456.3715515136719,1067188
2008-12-31,457.82389841755827,463.89772311417266,445.72033193599304,457.9119567871094,1712863
2009-01-02,474.46098257179534,492.0662138360549,470.05967475573044,479.21441650390625,954847
2009-01-05,509.58325834167863,509.58325834167863,478.4659909653171,490.3495178222656,906567
2009-01-06,485.904203293376,503.3773673739519,480.93070580876883,494.1786804199219,900915
2009-01-07,501.74898249544407,510.28752855697275,485.28808407872424,497.479736328125,1151237
2009-01-09,486.7845458373678,524.6357853871089,484.231766330466,515.7011108398438,1868205
2009-01-12,510.6395661018358,525.2959384517814,494.3547318138459,509.9793701171875,1977203
2009-01-13,510.55154379986703,523.7554630360705,498.22788584607713,517.1535034179688,1241692
2009-01-14,513.1923182683986,531.6778048612568,508.79101193676564,524.4156494140625,1507556
2009-01-15,506.1503225670955,526.5723985012684,477.4097653688324,519.3102416992188,1128362
2009-01-16,519.4421561346377,526.3082370512038,512.1359983080933,519.0460815429688,1073629
2009-01-19,515.0408286813984,515.0408286813984,499.63625702183134,505.18194580078125,754466
2009-01-20,499.9004196208276,499.9004196208276,489.5132931775559,492.5942077636719,451963
2009-01-21,489.4253101569737,494.4428105928097,471.95214386604596,475.1210632324219,893228
2009-01-22,475.7371589589164,484.1436423673743,451.661983779612,457.2076721191406,1104098
2009-01-23,457.73589429829536,462.1372009742405,442.1552579200719,453.5106506347656,866109
2009-01-27,451.0018675112019,481.5029438549242,451.0018675112019,473.27252197265625,768922
2009-01-28,475.34109396154696,482.3391819235801,450.03358201452016,458.2200012207031,1180411
2009-01-29,463.193560704466,488.5450783490946,458.792253692312,479.2583312988281,2407565
2009-01-30,470.9398396653774,509.5833358501713,467.418794135169,500.2525329589844,1711638
2009-02-02,493.8266771104601,518.2979348564728,488.5451083713108,499.1082458496094,1262111
2009-02-03,501.7488864678132,523.0952206728035,501.7488864678132,513.8524780273438,1028765
2009-02-04,517.1536873345359,534.1427253815917,515.3931641436099,529.91748046875,1544901
2009-02-05,515.4809343871914,531.5897572398808,502.981268397611,507.9547119140625,1405004
2009-02-06,509.6712759284512,516.4492984607867,503.5094470312161,508.5269470214844,688414
2009-02-09,525.9562312719646,527.1886188276283,505.35809126779344,523.931640625,543324
2009-02-10,519.3542542926754,542.1530472854339,518.7380605337288,535.5510864257812,902011
2009-02-11,528.1568608372348,558.0857496180114,525.5160765330486,556.5892944335938,1444048
2009-02-12,550.1634481479058,552.8042326990158,534.6708669388205,540.3485107421875,990871
2009-02-13,542.504974588423,561.0785184106996,542.504974588423,553.5082397460938,748940
2009-02-16,550.1633752550654,564.247557661595,536.0791928485356,547.610595703125,1571925
2009-02-17,543.3853488687936,543.3853488687936,524.283665835018,530.4454956054688,939119
2009-02-18,531.6778111640213,549.2830366992538,521.9949371196434,543.033203125,662741
2009-02-19,544.0014533284399,561.0785430951992,544.0014533284399,556.1490478515625,1081568
2009-02-20,543.1212450047161,559.7582057670907,541.4927830217944,554.12451171875,1142555
2009-02-24,543.1213661975089,570.2774130166242,540.4805815968726,564.4237060546875,1298015
2009-02-25,569.8812056554837,589.2469548856722,566.8882956473358,584.405517578125,2076359
2009-02-26,556.6773549555718,624.4574856905349,556.6773549555718,608.0405883789062,2256838
2009-02-27,607.3802562395224,607.3802562395224,580.1361600874601,596.200927734375,2104027
2009-03-02,615.0386735777902,615.0386735777902,578.4197657529485,593.8243408203125,1926425
2009-03-03,580.0922257805225,605.2676787318353,580.0922257805225,590.8754272460938,1575564
2009-03-04,594.1764460924146,606.4121010656671,587.0463502300624,601.4826049804688,1174421
2009-03-05,616.0068526659348,616.0068526659348,584.1413825671859,588.234619140625,957093
2009-03-06,597.697529732148,597.697529732148,566.2721849493055,571.8618774414062,1699918
2009-03-09,594.0003603154015,596.2010137351584,563.7194014956808,573.8424072265625,811568
2009-03-12,589.7311732697666,613.8063026037595,573.9744717145461,607.1603393554688,1840605
2009-03-13,613.5421204613048,633.3479995292809,605.9278387955286,627.7583618164062,1981774
2009-03-16,627.4943056157535,630.22314814021,605.9279017241781,615.0826416015625,1590378
2009-03-17,623.8411782982537,629.3868136028035,609.1408042141819,624.7654418945312,1889619
2009-03-18,629.5190005629114,640.8303387604385,624.1053711279545,631.6755981445312,1994396
2009-03-19,634.6685077977859,654.9145212226805,630.2672005315044,643.3831176757812,1334739
2009-03-20,646.9921138063762,646.9921138063762,623.4451219093414,625.8218383789062,608120
2009-03-23,632.9077966982236,649.3686917249024,631.2352789435962,645.3194580078125,523613
2009-03-24,649.6329271390472,665.4776326790239,631.7196287554418,646.1558837890625,3057474
2009-03-25,645.2315470328299,663.5409717284932,636.648999169842,646.0238037109375,1355965
2009-03-26,655.7946354684027,703.3287432741662,646.2878246526267,677.9332275390625,2063956
2009-03-27,677.8011658072239,681.8944021304493,661.2522649718527,676.4807739257812,997416
2009-03-30,668.9985219381616,677.2289427896749,644.6592779058434,667.4140625,1086494
2009-03-31,669.8788965726237,694.3941540168843,661.5164136324923,686.4718017578125,1993954
2009-04-01,686.60384987431,703.3288154481713,673.4439320063412,697.6071166992188,1232689
2009-04-02,705.6616934438633,731.8494745710444,686.6040093849188,699.4118041992188,1537827
2009-04-06,702.1402903586028,707.7299268723801,691.0489682237322,703.4166259765625,1075353
2009-04-08,691.0051899673526,721.8143385646231,677.8452714639974,719.4376220703125,1223929
2009-04-09,721.8142295274984,730.1767114549511,702.7125495373086,712.2193603515625,995199
2009-04-13,717.6330900606087,738.5392978360633,713.8919791955273,724.279052734375,922172
2009-04-15,717.4129517239728,752.4473403388585,710.3708614003019,745.2291870117188,1421209
2009-04-16,749.98270931136,769.1723969967185,743.8208795400226,752.7555541992188,1121764
2009-04-17,749.1025670165933,762.3064900544886,726.5238371310322,736.07470703125,777892
2009-04-20,737.526934965748,751.7431769575146,729.076447675716,736.20654296875,398411
2009-04-21,727.9760215989005,737.8349579088567,684.1830263455205,694.3060302734375,1276098
2009-04-22,729.5605988826294,729.5605988826294,652.2736628068935,663.84912109375,2283728
2009-04-23,664.5972539375931,718.2931910106967,654.0341187756711,702.9766235351562,2416944
2009-04-24,711.2511602000311,720.6699672500379,672.0795307088166,706.849853515625,2607684
2009-04-27,686.163733909787,723.3987788980639,680.9701703663463,712.4395141601562,2957389
2009-04-28,709.4906569819004,723.5748387582161,695.8466058860946,706.98193359375,1269732
2009-04-29,712.1313475812682,721.726216647591,690.3888840729037,716.5326538085938,1808304
2009-05-04,723.0025868669213,748.0460312371548,722.0343209416001,738.8472900390625,962631
2009-05-05,743.8209269006325,756.1445872279802,717.4570856692487,732.0694580078125,1814271
2009-05-06,728.4163160098566,737.5710561549973,701.5683430330582,711.7353515625,2001503
2009-05-07,717.4130194514107,742.8525946380513,704.2090988480106,738.8914184570312,1231223
2009-05-08,737.6589059490451,744.6569934274702,718.7772919428012,729.120361328125,582400
2009-05-11,735.8984089880984,744.6570192184411,721.1540329706933,734.2258911132812,730642
2009-05-12,730.6170011907471,770.6688970391556,721.8583890455513,760.4578857421875,1490336
2009-05-13,754.9119639722535,767.5877464129434,730.6167769756227,738.5831298828125,1105675
2009-05-14,717.9851469697835,741.0479499240937,699.8077297319049,732.9935913085938,773571
2009-05-15,741.180185320347,754.3841078616834,736.7788778065683,746.6378173828125,588323
2009-05-18,813.3615443000275,839.769386647431,808.0799758305468,825.8612670898438,22796
2009-05-19,845.0508907079455,936.5980705346396,827.4456638181967,880.17333984375,2296571
2009-05-20,873.2192151342118,932.1087179681908,863.8884667858306,917.1002197265625,1492589
2009-05-21,903.148129065442,917.1002497244795,842.9822883518864,853.1932983398438,1440592
2009-05-22,846.8113973405436,858.1667899598776,839.769306718169,846.7673950195312,1387314
2009-05-25,847.2516143104762,867.497626912181,843.2904379318817,856.8024291992188,553098
2009-05-26,856.9344485369595,862.6561474742889,834.4877834751285,843.202392578125,465220
2009-05-27,854.0295233885797,865.296857275065,832.9032522038375,857.8146362304688,584867
2009-05-28,857.8146806077043,905.6129146174333,849.7162654892215,883.6503295898438,1886752
2009-05-29,888.1838652779182,913.227262303492,865.2970659744238,904.1165771484375,1690981
2009-06-01,902.2678433265518,934.837511817364,902.2678433265518,917.5844116210938,750208
2009-06-02,911.070433642084,923.3940916816871,898.3066449582094,911.9947509765625,1394295
2009-06-03,906.6692399291995,935.9819874637639,900.2873447937756,919.78515625,812232
2009-06-04,906.6690713390024,954.819317874238,906.6690713390024,949.7138671875,956533
2009-06-05,950.6822339350535,979.5548484657024,941.9676252998938,956.9320678710938,623638
2009-06-08,946.325021157751,970.9282832690496,903.2802190216129,925.9028930664062,751314
2009-06-09,905.7889683128997,978.6746542257131,884.7947556984446,959.4408569335938,560514
2009-06-10,968.2876429320864,985.0126113100043,959.4850279963401,976.51806640625,671173
2009-06-11,944.8283889895306,977.970246465361,944.8283889895306,966.0426635742188,481712
2009-06-12,927.4874526019141,981.359407707054,927.4874526019141,955.171630859375,854058
2009-06-15,921.0611799976274,954.0270226471011,921.0611799976274,937.8741455078125,473583
2009-06-16,921.0613221043326,962.9177868261223,915.4716847506942,946.7650146484375,613585
2009-06-17,943.0241448061344,955.435809897778,924.2745327320532,934.00146484375,560998
2009-06-18,928.675732327224,932.9890344704949,902.399952291944,908.2096557617188,474395
2009-06-19,911.0704859244759,936.5980647571423,907.813561951474,924.1864013671875,410019
2009-06-22,933.0769688733283,946.0608229213298,913.7552765088277,938.5345458984375,354924
2009-06-23,926.0349962330702,939.1509126324513,911.9508137808562,927.2233276367188,806325
2009-06-24,928.6758331307274,937.3904430082099,905.7890353474108,932.9891357421875,661162
2009-06-25,940.1190281880307,940.999289450379,888.9758703363455,902.9720458984375,584588
2009-06-26,912.8309348356,936.2899191164875,896.1939753811118,932.416748046875,441041
2009-06-29,932.2847244471985,950.5061978902065,914.0193024113071,940.0310668945312,279147
2009-06-30,946.2810077678724,949.0097966250972,924.2744727035033,940.9553833007812,670630
2009-07-01,948.9217322383569,955.963823015636,926.9151985593597,943.8602294921875,425206
2009-07-02,950.6822145855461,950.6822145855461,905.7888877856731,926.3870239257812,309181
2009-07-03,924.0102160266187,939.1507744066057,915.6037853349973,931.9766235351562,272949
2009-07-06,931.976617125797,945.048475459665,872.7790468762482,913.3590698242188,801787
2009-07-07,905.5247032802988,977.0899857593114,897.8664734004483,950.814208984375,719619
2009-07-08,933.0769072316568,975.6815724111003,929.9959929153259,970.2679443359375,850417
2009-07-09,975.3295982769001,989.4137802014762,959.5728982580245,967.539306640625,485334
2009-07-10,963.8861946503868,981.4914219499373,940.7793338197268,971.4564208984375,659226
2009-07-13,959.4846539197955,963.7979550474334,915.8237223514436,939.2386474609375,319362
2009-07-14,945.664824794109,963.8861920178664,940.4272052145295,955.7437744140625,828890
2009-07-15,955.0836090079302,983.9121695563263,937.786451188136,976.60595703125,488421
2009-07-16,981.5793719608891,1014.4131620285311,956.2279105328689,1005.2584228515625,657947
2009-07-17,1020.2230364031882,1050.724117610401,1010.5401603027266,1039.98486328125,1156812
2009-07-20,1045.7505545761005,1073.8309150323269,1042.229508937797,1064.896240234375,691039
2009-07-21,1038.7084950617661,1099.0064034615382,1038.7084950617661,1091.5682373046875,591621
2009-07-22,1092.4045510319831,1100.282848688446,1057.1940900801062,1068.901611328125,542016
2009-07-23,1073.9188468905986,1148.7410616329762,1073.9188468905986,1140.6427001953125,1811332
2009-07-24,1145.2200250402457,1232.2778947066206,1141.7869842584394,1213.22021484375,1721907
2009-07-27,1221.8024560378913,1227.0840228507352,1188.088411567737,1205.8697509765625,673482
2009-07-28,1205.958029362257,1248.210573456701,1183.951495979734,1222.72705078125,972544
2009-07-29,1227.9645739837488,1249.0467901756506,1198.9159496529503,1230.6494140625,675425
2009-07-30,1215.6408066872214,1247.2861561752331,1206.8381940392326,1229.76904296875,954939
2009-07-31,1262.2947229410727,1275.1905726682894,1234.1263609228617,1245.0855712890625,577930
2009-08-03,1242.0487990973481,1306.307879419181,1242.0487990973481,1295.65673828125,705685
2009-08-04,1293.851989334496,1334.3880632705238,1276.3788248437675,1313.833984375,1168701
2009-08-05,1333.5958260029333,1333.5958260029333,1259.918000577546,1269.0726318359375,838345
2009-08-06,1270.2169790713854,1270.9212310502978,1181.4866024167013,1201.29248046875,1287527
2009-08-07,1188.3527992409631,1192.7541059048185,1128.4950286125293,1138.530029296875,1983765
2009-08-10,1161.8128594076159,1173.2123077550423,1078.408100938759,1099.05029296875,2630057
2009-08-11,1073.9188985327644,1152.7022931382417,1073.9188985327644,1141.0828857421875,1467531
2009-08-12,1119.692413463823,1143.3714647676102,1105.4322228776336,1135.6251220703125,917422
2009-08-13,1170.7477635777777,1219.9544015978581,1145.220180762924,1208.68701171875,1546332
2009-08-14,1205.9580499727858,1219.1619702279622,1181.310732163123,1187.692626953125,731351
2009-08-17,1166.346132406482,1170.7474385665064,1114.0146451452965,1122.8612060546875,784965
2009-08-18,1129.8345489204467,1164.2591953328665,1117.6976543519652,1147.84130859375,770068
2009-08-19,1154.5493716451995,1173.9683977737884,1125.4650097023643,1149.120849609375,785510
2009-08-20,1165.141902618798,1213.6894818945811,1161.8760176581957,1209.7174072265625,1169291
2009-08-21,1205.7452956498755,1226.9296932308396,1190.5190098885575,1225.3408203125,883022
2009-08-24,1237.5659574769472,1272.7408595659736,1231.3429981499744,1263.7374267578125,860804
2009-08-25,1260.4716977688017,1278.125363003659,1245.4660823191732,1251.4241943359375,777467
2009-08-26,1266.6505760867449,1266.6505760867449,1227.8566869084593,1240.3907470703125,693776
2009-08-27,1233.9910872034122,1257.8235330936068,1221.280427845426,1249.7911376953125,1179483
2009-08-28,1257.823756630928,1268.4159566867675,1226.9298398013966,1254.6461181640625,543476
2009-08-31,1245.598407441161,1287.8347766115403,1229.8425340201622,1269.0777587890625,751627
2009-09-01,1277.2426634586873,1377.8685540145202,1276.0510626204102,1359.7293701171875,2722272
2009-09-02,1363.7453860690869,1385.7242167536729,1325.7900128645751,1332.233642578125,1374367
2009-09-03,1348.4310986434318,1357.8316968771417,1318.8170322814708,1330.5567626953125,822449
2009-09-04,1332.8516528388452,1372.9254922952737,1329.3209199836429,1365.1578369140625,729249
2009-09-07,1376.9859939508217,1398.8324063548491,1361.8038837839563,1372.219482421875,634942
2009-09-08,1385.8125784981883,1387.577944840224,1335.5878845173845,1339.6923828125,518411
2009-09-09,1340.795867592703,1361.097582506878,1328.9678903971687,1335.5439453125,598369
2009-09-10,1342.9141509080175,1365.5108177448644,1308.2246604020665,1314.4034423828125,549495
2009-09-11,1341.1048947809127,1341.1048947809127,1276.6690117439903,1296.3087158203125,815499
2009-09-14,1288.5408268616936,1314.844718477367,1283.950810112065,1301.427978515625,563346
2009-09-15,1306.0181421219904,1331.9690517578124,1292.2483046875,1324.02490234375,600510
2009-09-16,1324.0249460124692,1350.5054449327185,1319.7439535702474,1339.29541015625,671108
2009-09-17,1344.7678900173798,1391.5059235677086,1342.914276799271,1376.941650390625,1076504
2009-09-18,1376.98584258448,1456.4273335028154,1359.508671482679,1446.982666015625,1661428
2009-09-22,1455.191503632858,1489.9692433024788,1447.512202883849,1463.3563232421875,619688
2009-09-23,1465.077633655175,1478.053033729987,1449.3658294324505,1460.134521484375,494508
2009-09-24,1452.013986651396,1461.7235026715573,1422.885438590912,1443.3636474609375,663238
2009-09-25,1434.3601914101823,1477.6116679511663,1428.7992441837189,1445.746826171875,548328
2009-09-29,1454.6619699200694,1472.3156346035655,1430.82952259735,1446.188232421875,683689
2009-09-30,1449.3659545802877,1533.485714775978,1437.891071870456,1501.79736328125,798362
2009-10-01,1513.801811604726,1513.801811604726,1454.3089375171396,1461.6793212890625,704599
2009-10-05,1453.779442291444,1453.779442291444,1401.3480310195716,1409.689453125,766877
2009-10-06,1429.0642202430095,1437.8468757173093,1392.168016299412,1411.6312255859375,895966
2009-10-07,1420.9434354358632,1425.0920033088773,1353.241570443205,1359.8616943359375,1441965
2009-10-08,1368.1589881888135,1376.985820370677,1328.4382433704286,1333.513671875,2200461
2009-10-09,1340.001471883816,1345.9595840507864,1298.7360283570224,1306.6361083984375,1152078
2009-10-12,1314.3152174919792,1350.4169800730374,1307.2537522536072,1337.8387451171875,1137216
2009-10-14,1348.0338105747487,1367.2763484427883,1334.6170683315015,1341.325439453125,1068818
2009-10-15,1351.476284531626,1366.3936528079012,1334.7935497788553,1347.018798828125,601444
2009-10-16,1349.6224784200654,1371.6013094615482,1332.4101577338708,1337.3973388671875,662633
2009-10-20,1348.2987656612565,1383.870946408261,1337.2652242074,1367.0557861328125,832580
2009-10-21,1368.1588869247562,1376.0147885350445,1319.8761615633684,1330.3800048828125,485369
2009-10-22,1324.907407975921,1336.7353837342484,1290.6592586606575,1316.1688232421875,1079433
2009-10-23,1324.0246551803125,1355.713000144175,1319.6112396630447,1340.619140625,821446
2009-10-26,1343.4438885211036,1368.1590191903485,1320.803041911715,1339.5159912109375,880439
2009-10-27,1324.0248859849041,1349.1813588186171,1293.4398895687686,1305.53271484375,572325
2009-10-28,1301.957624767388,1306.2827936809033,1240.6993936182819,1249.3497314453125,804616
2009-10-29,1235.7564619640102,1248.0257798148211,1207.5105999762613,1217.3525390625,1393710
2009-10-30,1256.8525629226956,1276.2715922858545,1215.1016066921406,1238.6693115234375,1057456
2009-11-03,1238.4045786881554,1268.2833846426154,1232.2257960432394,1260.295166015625,1116648
2009-11-04,1266.473772998397,1297.5441754606875,1249.967534143915,1290.74755859375,581771
2009-11-05,1287.8347461895444,1318.5962331418593,1249.9676166125673,1311.40234375,786363
2009-11-06,1326.6728976940844,1340.795829406064,1289.6884487234543,1298.647705078125,754054
2009-11-09,1300.1926147399256,1318.5524720872154,1277.3310937183724,1310.122802734375,661927
2009-11-10,1319.6996573457984,1324.9075098805552,1269.739808769606,1275.9627685546875,895514
2009-11-11,1266.9594744770366,1290.4830063687325,1251.6449405135859,1281.170654296875,1103314
2009-11-12,1288.7176423814135,1306.2388846680146,1249.879576446631,1256.1466064453125,1257254
2009-11-13,1256.0581798175374,1310.2990187625983,1226.9296345371588,1304.9146728515625,1197470
2009-11-16,1257.8236292910162,1384.0473338444303,1257.8236292910162,1375.5294189453125,1571350
2009-11-17,1371.6896321372428,1383.6058548102496,1356.772265167078,1373.763916015625,1081025
2009-11-18,1368.1590325063632,1390.9323033730113,1342.7818891614872,1376.3238525390625,747709
2009-11-19,1368.1592564256666,1389.8732463003414,1348.8284686075715,1368.644775390625,906248
2009-11-20,1351.6087978329592,1367.7177679948868,1341.7668575266086,1361.8038330078125,711990
2009-11-23,1374.955657577958,1383.2529016908327,1362.90711739613,1377.20654296875,574180
2009-11-24,1375.661816400728,1429.0641519106696,1375.661816400728,1411.9842529296875,1145376
2009-11-25,1412.513906905645,1446.717883717139,1412.293236087506,1431.6680908203125,745040
2009-11-26,1429.9470299560726,1443.716868694652,1377.2949464698406,1394.110107421875,577689
2009-11-27,1338.1480820737497,1398.0381313475448,1287.6586328947546,1383.3414306640625,613056
2009-11-30,1493.765162241296,1493.765162241296,1366.3939044088363,1374.64697265625,338523
2009-12-01,1381.3993471330011,1418.472045266922,1381.3993471330011,1400.994873046875,956327
2009-12-02,1409.6452433558163,1445.526341388115,1409.6452433558163,1423.7239990234375,844833
2009-12-03,1432.5947501147148,1458.104314658013,1423.2383302898484,1450.2484130859375,745292
2009-12-04,1439.6564476851688,1443.1871808493263,1397.2876497152804,1405.1876220703125,685680
2009-12-07,1403.466402226129,1424.2977058916765,1385.8127367893226,1392.432861328125,326349
2009-12-08,1391.9914426641924,1405.0992669757948,1379.722124314669,1384.4444580078125,382303
2009-12-09,1388.4608517675722,1443.7168056281444,1368.159135562452,1422.091064453125,1657099
2009-12-10,1425.533252539181,1437.2288039919017,1396.8460508626958,1403.4219970703125,541050
2009-12-11,1405.2317792180384,1425.533494621314,1398.2585597687676,1405.0111083984375,529544
2009-12-14,1407.87979155097,1434.3602891976966,1400.3769838843975,1420.634521484375,497722
2009-12-15,1429.0640175433023,1429.0640175433023,1378.9717488616577,1393.624267578125,639343
2009-12-16,1404.3050270345789,1404.3050270345789,1374.6028186239726,1385.7686767578125,444169
2009-12-17,1389.3434144381672,1389.3434144381672,1368.1590167593133,1372.0869140625,311706
2009-12-18,1359.3323192334035,1376.985985716954,1354.12446607087,1367.0999755859375,635325
2009-12-21,1370.8070528354817,1378.7512018860414,1337.0444193706026,1342.7818603515625,480999
2009-12-22,1348.7402876275512,1359.3324888392858,1344.326870455995,1351.6090087890625,230855
2009-12-23,1354.036103391171,1380.5166008499293,1354.036103391171,1375.5294189453125,343060
2009-12-24,1381.3111621938797,1389.343558932613,1369.130089161916,1382.2379150390625,477680
2009-12-29,1390.1379145375738,1391.991527869443,1376.0149821051634,1383.297119140625,366468
2009-12-30,1383.297172793088,1388.4608486140814,1372.7049730579522,1386.1658935546875,501393
2009-12-31,1390.3583992501917,1390.3583992501917,1360.6560894042013,1377.073974609375,664244
2010-01-04,1381.3991204044728,1400.5533015301266,1364.7605646894187,1369.438720703125,534231
2010-01-05,1380.075007390575,1383.6499169949284,1332.8514622064395,1338.01513671875,1407407
2010-01-06,1339.9131280975346,1344.1500506537361,1288.7175013322797,1290.1739501953125,1571353
2010-01-07,1295.7789893253787,1310.7846043243783,1279.8906910911437,1282.8035888671875,901165
2010-01-08,1287.8346710685742,1292.0715931410082,1254.3809592969667,1265.017333984375,1294429
2010-01-11,1272.8292843218337,1290.7036206654655,1269.2985512169187,1284.08349609375,478942
2010-01-12,1284.0835508390237,1290.4830048645147,1266.6505553902725,1271.9466552734375,767986
2010-01-13,1268.4155581016241,1279.449096359293,1245.2893050133086,1261.1334228515625,612474
2010-01-14,1270.1808295466674,1273.9322322746543,1245.465705691694,1248.864013671875,480493
2010-01-15,1244.5834478367788,1273.6237498361886,1242.9505052884383,1247.628662109375,723389
2010-01-18,1243.7007468036982,1277.2427115861967,1241.9353802361982,1261.663330078125,916180
2010-01-19,1266.6504420866565,1279.8906906102104,1247.3196576923842,1252.7923583984375,1009858
2010-01-20,1261.1778827611406,1293.1309736169585,1254.2929102455275,1287.2611083984375,1376326
2010-01-21,1275.4771985008229,1306.3711098831957,1271.0637825890553,1282.3179931640625,1220211
2010-01-22,1271.0640454852532,1286.0696626888987,1240.1701277130421,1274.991943359375,650256
2010-01-25,1246.3487743589874,1301.9578202404437,1246.3487743589874,1276.5364990234375,851324
2010-01-27,1263.1199109523036,1277.242844967144,1191.8874056147256,1209.0997314453125,1180230
2010-01-28,1215.4548856198644,1234.8739179246115,1202.2588135852718,1216.6024169921875,835498
2010-01-29,1213.1597746910106,1234.87375919997,1175.7339866006862,1226.444091796875,468949
2010-02-01,1226.0475413252022,1253.14588520791,1213.9106416180593,1234.8302001953125,584347
2010-02-02,1251.865315582252,1251.865315582252,1200.4490246373084,1212.409423828125,573306
2010-02-03,1204.8626670207275,1222.428085694211,1200.6257442127535,1215.675537109375,594119
2010-02-04,1209.2761096022653,1222.5163589774727,1196.035860227058,1204.9951171875,453970
2010-02-05,1191.1810275123967,1216.3816770111853,1165.3625428479006,1199.478271484375,471270
2010-02-08,1213.7776178278723,1225.8704420291704,1189.1507355852118,1202.2586669921875,555655
2010-02-09,1196.0355975169216,1212.8065763750924,1185.0020587944407,1194.049560546875,491001
2010-02-10,1196.0358506380664,1208.0403217587925,1172.4240727749166,1177.4112548828125,433681
2010-02-11,1174.0567420239458,1203.5383784173455,1174.0567420239458,1197.2271728515625,289022
2010-02-15,1203.980025057307,1208.216948010652,1174.0570395415548,1179.264892578125,288768
2010-02-16,1182.530485288839,1209.672990139141,1177.4992348065919,1198.10986328125,322869
2010-02-17,1209.2318062718807,1224.1933511557343,1205.1274155930016,1218.323486328125,371999
2010-02-18,1226.9295481077688,1226.9295481077688,1190.7395398542303,1200.14013671875,323684
2010-02-19,1195.1529561494233,1218.9854006221224,1178.3819767056723,1210.1585693359375,399798
2010-02-22,1218.1028587128044,1238.4045730246844,1216.6023403199542,1223.61962890625,385247
2010-02-23,1209.143667705113,1226.0470740410935,1163.111713173772,1179.044189453125,484780
2010-02-24,1169.555392822956,1225.9147009574067,1163.0676920051067,1205.2158203125,827260
2010-02-25,1212.9834300329428,1242.7299239102063,1198.6840027028297,1235.66845703125,794244
2010-02-26,1234.6973464741236,1315.1980140318783,1213.6894424790823,1288.67333984375,1711733
2010-03-02,1299.3095966292842,1324.907407975921,1290.9682839626435,1316.1688232421875,1321957
2010-03-03,1320.4941842776414,1324.8193538910023,1289.291351941019,1303.2818603515625,809671
2010-03-04,1303.722897588861,1314.3150944548504,1281.7440675420532,1286.20166015625,413804
2010-03-05,1294.8964254315083,1301.4283035241297,1277.8605943216294,1286.11376953125,353414
2010-03-08,1300.8103977993765,1317.2283941575183,1291.3657291412464,1304.7384033203125,515595
2010-03-09,1306.371293686437,1332.101533622106,1298.427143927533,1323.5836181640625,875543
2010-03-10,1331.086324256073,1341.5020295748204,1297.5443611780022,1306.23876953125,976355
2010-03-11,1297.5884654738986,1310.7403587943675,1284.3040403757452,1292.4246826171875,554034
2010-03-12,1297.5444583738642,1312.9914162116484,1288.717625323702,1291.895263671875,334671
2010-03-15,1292.2482941093497,1292.954483817921,1258.8387542302457,1276.4482421875,445078
2010-03-16,1288.5410084158332,1291.1890580773952,1267.9302690171423,1287.6583251953125,256298
2010-03-17,1293.1309378883088,1300.8544161862765,1261.0454238803493,1265.326416015625,648678
2010-03-18,1274.594522711673,1276.3598890866201,1243.700611150102,1254.91064453125,631915
2010-03-19,1260.4716093654479,1266.0325566241788,1254.2928269665977,1261.619140625,286967
2010-03-22,1253.4100407847372,1256.7642797682895,1227.8122300926545,1233.5054931640625,470482
2010-03-23,1240.1260816374363,1246.5255367101042,1225.1646401190462,1229.93115234375,313873
2010-03-25,1226.9298116429675,1233.8588541372526,1200.449312111105,1209.4085693359375,656336
2010-03-26,1211.0411772442442,1247.2311832697646,1207.5546222025205,1232.975830078125,576501
2010-03-29,1244.4069323483973,1269.1220642103362,1233.2850368109855,1259.9862060546875,628028
2010-03-30,1235.7564851451277,1276.3599125141818,1235.7564851451277,1242.509033203125,354798
2010-03-31,1228.29795572275,1256.4996432890036,1190.7397392320802,1251.6007080078125,320921
2010-04-01,1257.8236453560228,1261.3543783956186,1223.619669034938,1229.710205078125,477130
2010-04-05,1235.3152711025011,1243.700762403304,1223.6638947106294,1233.41748046875,409185
2010-04-06,1244.5834628314017,1244.5834628314017,1212.1448513001578,1215.14599609375,343707
2010-04-07,1226.6645594338652,1241.9350188996234,1207.510380849101,1238.3160400390625,634823
2010-04-08,1101.323791118146,1246.3486847124238,1101.323791118146,1221.7218017578125,410233
2010-04-09,1232.2256563588517,1234.8737057636345,1209.4965656344675,1216.0284423828125,441989
2010-04-12,1233.9910921739186,1243.52411366816,1203.5385223026738,1210.6441650390625,401803
2010-04-13,1213.6894109805435,1215.2782838546839,1194.0938868630235,1203.362060546875,309664
2010-04-15,1210.1587991672352,1217.1320187575443,1191.6224499458551,1195.9034423828125,296630
2010-04-16,1192.284478369076,1201.949817492619,1187.209049347701,1192.6375732421875,220122
2010-04-19,1193.9173061484678,1193.9173061484678,1168.8490810597457,1175.9989013671875,239032
2010-04-20,1182.7955388348064,1205.7894802828177,1175.734072931315,1193.6966552734375,379984
2010-04-21,1191.622318011143,1218.1028139669463,1191.622318011143,1215.8519287109375,314739
2010-04-22,1213.6896457274947,1235.5802366192995,1204.4214702510303,1217.529296875,483673
2010-04-23,1218.10281022211,1225.7821109259187,1196.0799075863379,1201.6407470703125,268925
2010-04-26,1209.276189927025,1222.8695350717117,1171.3649831309106,1177.2347412109375,1940724
2010-04-27,1173.08589077271,1178.5144136230067,1129.834416997042,1132.747314453125,2351290
2010-04-28,1125.4212715895624,1136.7196615727441,1107.7676045842359,1121.3167724609375,1214131
2010-04-29,1123.743934933103,1142.8098700716446,1122.7730049849638,1138.1317138671875,815734
2010-04-30,1147.4882150681149,1147.4882150681149,1125.5093807834648,1129.5697021484375,441044
2010-05-03,1125.4212376155474,1142.412891595233,1115.137955345488,1131.114501953125,599874
2010-05-04,1136.895870601511,1145.2371830740967,1109.9740351563664,1116.903076171875,457051
2010-05-05,1101.3237328992466,1138.6612735743552,1089.0545232052207,1132.0853271484375,550720
2010-05-06,1133.3648879760217,1137.7783026488255,1116.8145829530074,1128.5101318359375,394583
2010-05-07,1113.0634850568376,1136.895930811425,1103.3539701197835,1128.9517822265625,488321
2010-05-10,1139.7206418471485,1147.4000512606199,1126.9217339074564,1143.4720458984375,563998
2010-05-11,1147.4879323082994,1147.4879323082994,1116.5940264384606,1119.330322265625,395084
2010-05-12,1121.0075641625297,1135.8366837016067,1113.946099191427,1116.8148193359375,589711
2010-05-13,1125.4210076512575,1134.7774274198885,1121.316509485236,1126.127197265625,662614
2010-05-14,1120.1249924402666,1130.71719095034,1100.617715067431,1111.739501953125,443386
2010-05-17,1103.3541264190244,1107.591049364244,1091.9234207690938,1095.851318359375,322917
2010-05-18,1095.674697786521,1105.5165292537565,1090.9964337330457,1096.689697265625,462417
2010-05-19,1089.8489659695344,1106.8847957989028,1077.756248541037,1082.8758544921875,496232
2010-05-20,1093.4682280106172,1093.9095697061737,1057.9842910382104,1066.5904541015625,485640
2010-05-21,1038.0355534021498,1098.9407006680924,1032.739453639894,1093.2474365234375,744951
2010-05-24,1107.6791277801221,1111.2981072148157,1063.6332161984535,1073.0338134765625,263273
2010-05-25,1060.2791080749569,1068.9294472798813,1039.4478043103863,1058.1165771484375,457431
2010-05-26,1054.806273989354,1080.4040831489283,1045.229184181255,1059.8375244140625,584220
2010-05-27,1063.6331970314284,1102.2505848904532,1051.2756329165404,1092.8941650390625,982229
2010-05-28,1097.175058619059,1098.7639312485967,1073.5191091870465,1081.4632568359375,330714
2010-05-31,1090.9964449247577,1094.5271777562295,1080.9780120653397,1091.7467041015625,233634
2010-06-01,1090.1136856261187,1144.8400406939886,1086.6271302981706,1109.53271484375,1452405
2010-06-02,1113.0635097958025,1135.1305896886613,1113.0635097958025,1128.289794921875,785644
2010-06-03,1136.8960404902919,1156.315072237797,1136.0133572290417,1144.6636962890625,686347
2010-06-04,1151.018877234009,1178.3820560639588,1138.6613126011287,1174.0128173828125,883335
2010-06-07,1131.6881462177623,1164.9653685967944,1130.540722669848,1161.1256103515625,464373
2010-06-08,1165.0535753865838,1180.588778132122,1135.5719350033455,1142.5009765625,608641
2010-06-09,1143.648530380916,1162.935137100981,1138.7055259211102,1150.13623046875,403149
2010-06-10,1161.6110792669451,1191.4458142202232,1143.9574154482987,1188.2239990234375,910604
2010-06-11,1188.9741518491135,1203.9797647529256,1182.7953700651908,1197.4920654296875,733725
2010-06-14,1203.9797227014856,1206.627771944964,1186.3260610782968,1196.4327392578125,245161
2010-06-15,1196.03579235303,1200.3167845248527,1175.8223245707593,1185.3553466796875,316340
2010-06-16,1190.739783248136,1209.1878859469361,1176.263755437858,1204.377197265625,616333
2010-06-17,1208.3932361855068,1224.281532935937,1197.3596967754859,1217.882080078125,428095
2010-06-18,1213.4247004974668,1220.7510150541789,1188.9744159638315,1192.6375732421875,557649
2010-06-21,1202.2146101200613,1220.7509587342472,1199.2576427243494,1214.7928466796875,312694
2010-06-22,1207.069419847497,1218.1029611623737,1200.4492950585711,1208.4376220703125,235521
2010-06-23,1204.8627666328014,1248.1142505632097,1200.4493499052087,1242.244384765625,860773
2010-06-24,1244.5835659089937,1250.6741027814144,1210.158914085979,1224.2376708984375,1361910
2010-06-25,1219.8681308578323,1255.0872105996298,1214.5720318816043,1232.931884765625,1336002
2010-06-28,1233.991279379145,1239.1108857266981,1218.4118972562678,1231.12255859375,292395
2010-06-29,1226.9296680921314,1244.4950856096643,1218.3235067511973,1226.0028076171875,362725
2010-06-30,1209.276227433604,1265.723786337026,1209.276227433604,1256.720458984375,735102
2010-07-01,1257.2055874218968,1257.2055874218968,1218.1026828368656,1236.55078125,637323
2010-07-02,1235.7564535656488,1258.5297227382662,1218.9854731244006,1249.7911376953125,580326
2010-07-05,1249.7911348904338,1249.7911348904338,1228.871478895232,1232.31396484375,196977
2010-07-06,1232.225721412458,1232.225721412458,1222.5162064156548,1229.00390625,261295
2010-07-07,1228.6951044497282,1244.406909660995,1211.2621099720832,1218.1029052734375,350245
2010-07-08,1228.8715734133164,1243.6124482883442,1225.0761001007456,1238.7576904296875,419025
2010-07-09,1235.7567922261717,1262.0166240609778,1231.3433751110783,1257.161865234375,615302
2010-07-12,1266.6504909533196,1266.6504909533196,1240.8761825995437,1244.0096435546875,271217
2010-07-13,1249.0410929789796,1249.7913522618537,1227.8566929951621,1243.7890625,284452
2010-07-14,1250.7621084668674,1256.455372071132,1223.928517335197,1230.1072998046875,182512
2010-07-15,1248.9965647226072,1248.9965647226072,1210.158508999784,1213.909912109375,308916
2010-07-16,1211.835598814721,1220.4858281829975,1203.9796980036738,1212.894775390625,184121
2010-07-19,1178.3820826611095,1225.076045913444,1178.3820826611095,1203.362060546875,220018
2010-07-20,1231.342933382407,1231.342933382407,1192.5931234630013,1199.125,141510
2010-07-21,1208.393191928056,1218.0144594910967,1199.6546074854887,1202.5675048828125,293180
2010-07-22,1218.014740120195,1218.1029869026936,1187.4297413991656,1195.28564453125,514174
2010-07-23,1204.8625181033822,1211.6591353621502,1188.3563860467113,1198.8602294921875,736077
2010-07-26,1149.5183701119508,1162.935111601439,994.6515386080541,1051.6728515625,6485230
2010-07-27,1050.3931300951087,1094.4390484447804,1043.3316636743011,1065.840087890625,4499525
2010-07-28,1068.046770409855,1080.1394882643128,1059.2199375965506,1061.514892578125,848412
2010-07-29,1063.6333404267116,1071.974654229044,1050.4813381528784,1057.23388671875,1600687
2010-07-30,1058.3372257122492,1070.6065445410327,1052.6439618013053,1057.984130859375,553516
2010-08-02,1068.9291817657083,1075.5493046915901,1061.1615277662484,1067.958251953125,660849
2010-08-03,1079.91884172771,1080.4043606431292,1068.0909716914523,1070.871337890625,461037
2010-08-04,1071.5775821930229,1077.7563656158823,1064.8692103123765,1071.2244873046875,581630
2010-08-05,1075.108300841003,1095.3658402570773,1074.666959173991,1081.9490966796875,875377
2010-08-06,1085.7004296247271,1090.5993649069496,1075.549571949374,1078.109375,358993
2010-08-09,1073.9607327189528,1089.2311969756759,1073.122226680047,1087.5540771484375,365489
2010-08-10,1085.7003280008657,1092.7176162893986,1078.6388624528927,1083.27294921875,291160
2010-08-11,1083.052301686463,1090.0255206147674,1068.9735475475177,1072.6365966796875,668240
2010-08-12,1067.1638215455496,1088.0833670071054,1062.309064706426,1082.16943359375,334170
2010-08-13,1085.700354645449,1107.2378466452092,1079.080230531757,1102.603759765625,683945
2010-08-16,1102.4713188450598,1122.5965389421572,1098.9405860385102,1109.1356201171875,537805
2010-08-17,1112.1809349657544,1118.3597179377864,1099.3378501169757,1106.4876708984375,311850
2010-08-18,1111.1656777475337,1115.8439416093233,1104.2366364706413,1107.193603515625,182885
2010-08-19,1113.7696806397423,1119.1098492339668,1103.3981532652815,1104.8104248046875,202683
2010-08-20,1101.5887657102637,1109.532915462982,1092.7619326516879,1094.262451171875,152662
2010-08-23,1094.8802407372261,1105.7813564873788,1090.9964131857116,1099.02880859375,148100
2010-08-24,1113.131512998624,1113.131512998624,1086.5227915723622,1093.662841796875,215635
2010-08-25,1096.63417848814,1101.601118398343,1078.6288995085881,1082.1324462890625,198994
2010-08-26,1085.3253654445111,1095.1705702161953,1075.524443576915,1088.4739990234375,962065
2010-08-27,1080.3143536543469,1104.2622087846155,1073.263084063355,1080.9351806640625,209560
2010-08-30,1083.86189962497,1106.7454429418835,1083.86189962497,1095.7027587890625,322578
2010-08-31,1094.8156726516147,1121.5130645337447,1089.183515702659,1115.3487548828125,478908
2010-09-01,1119.340087171295,1136.325340734662,1119.340087171295,1128.8748779296875,688890
2010-09-02,1131.7575911253437,1145.9045177059456,1129.5401977258034,1132.37841796875,480517
2010-09-03,1132.6446972726242,1138.85339960693,1076.455962801393,1128.298583984375,209238
2010-09-06,1135.3057038617721,1164.5753040394584,1132.9552446175078,1155.306640625,446653
2010-09-07,1157.4793571347238,1178.5445944772139,1156.991487277275,1166.7037353515625,441540
2010-09-08,1170.517614099218,1185.7733460372995,1155.7054691234464,1159.69677734375,372456
2010-09-09,1163.6882286454486,1171.670846067559,1159.6969199343932,1166.1717529296875,244342
2010-09-13,1175.2183920247826,1182.3140502407814,1165.5949272235648,1178.0123291015625,235561
2010-09-14,1179.7864753353276,1213.2691191172028,1179.7864753353276,1194.2882080078125,1528650
2010-09-15,1196.5054704427346,1224.0011484143615,1196.239339928093,1213.9342041015625,1032922
2010-09-16,1206.2620277212209,1246.5299141243827,1205.2863962647968,1239.3455810546875,1238076
2010-09-17,1241.7405476287006,1254.3353013033184,1225.7753120163316,1231.407470703125,322006
2010-09-20,1232.8707064327275,1246.1750665740879,1224.0011330051539,1240.7646484375,542217
2010-09-21,1241.7848887510056,1257.617058440757,1230.2987241857977,1253.359619140625,582679
2010-09-22,1259.7013563326586,1303.827490800217,1259.7013563326586,1298.3726806640625,1288474
2010-09-23,1299.3927361718713,1303.8275236673385,1281.1657162570298,1293.7161865234375,494100
2010-09-24,1299.3924881632781,1317.1316347593638,1295.0463755930055,1314.2490234375,609319
2010-09-27,1325.1142453853486,1326.001202711577,1305.601184208322,1311.8985595703125,371002
2010-09-28,1287.862218609882,1316.7770098528113,1287.862218609882,1302.1422119140625,405994
2010-09-29,1287.862351504101,1314.4266865892553,1264.0918460604278,1268.3936767578125,413917
2010-09-30,1277.2185624473636,1327.9968698779967,1233.1811091087488,1278.016845703125,457480
2010-10-01,1291.4100010310342,1323.1631199143033,1286.9752139395814,1312.652587890625,736838
2010-10-04,1321.5665872657776,1328.6622467947213,1308.5283561898123,1312.830078125,246301
2010-10-05,1318.0186598240923,1351.7230400887731,1311.1003489876134,1333.4073486328125,620564
2010-10-06,1339.3057195420195,1356.1579107150646,1336.6448472515385,1345.248291015625,361329
2010-10-07,1347.3325076714416,1352.0777074940167,1317.131568795646,1321.655029296875,288753
2010-10-08,1323.3402580435386,1336.6446172061749,1305.8672429850708,1327.952392578125,208208
2010-10-11,1337.620402308091,1353.7187003995073,1326.001282291409,1345.736083984375,307964
2010-10-12,1348.130822137538,1356.1578297094902,1333.3186772470838,1348.2196044921875,355625
2010-10-13,1352.6098579922175,1389.6847157689242,1346.4011570047123,1382.2342529296875,1201084
2010-10-14,1383.6978707641892,1396.4256872074473,1367.1117031936128,1381.347412109375,647855
2010-10-15,1379.2188496683511,1384.1415068775664,1314.3378898448302,1347.19970703125,597943
2010-10-18,1343.7405148043445,1348.1753019819166,1315.003072239443,1322.94140625,388544
2010-10-19,1326.045986753953,1343.7407473461742,1313.6285805078496,1325.8685302734375,243570
2010-10-20,1321.5666730593832,1337.5319080359395,1317.1318855658953,1322.1875,151275
2010-10-21,1330.4361006501626,1347.288291258398,1313.850040570524,1342.5430908203125,208642
2010-10-22,1343.7407639313055,1352.610339930852,1326.0016119322122,1333.3634033203125,133665
2010-10-25,1334.7820646414493,1353.4081679723895,1330.6133003618318,1336.6446533203125,151666
2010-10-26,1346.3569797038265,1405.827518346775,1340.1926689097645,1389.6849365234375,2316413
2010-10-27,1389.9952104547447,1392.5230172075455,1336.82205321078,1353.14208984375,794179
2010-10-28,1356.7786767857795,1373.8969977289578,1343.740446455372,1361.30224609375,665095
2010-10-29,1361.3023051574746,1382.7666316279654,1344.671853365926,1376.203125,236775
2010-11-01,1383.6537570348448,1383.6537570348448,1314.914547951383,1337.798095703125,875788
2010-11-02,1339.1726821115944,1351.723151663492,1319.7926835139608,1324.582275390625,345655
2010-11-03,1328.263081888348,1338.063896079138,1318.9056381211208,1326.9769287109375,235501
2010-11-04,1331.3229830240807,1342.853428579919,1326.932587447822,1337.1768798828125,352793
2010-11-08,1343.7407757410222,1347.2886061720214,1318.0190051162765,1320.3250732421875,228488
2010-11-09,1321.5665089373933,1335.7578271541706,1300.2795316122272,1305.556884765625,382790
2010-11-10,1308.2620339309299,1310.9229058643486,1295.002065437855,1308.3507080078125,209770
2010-11-11,1317.1314381939771,1319.3488311875697,1299.5696423762672,1304.181884765625,217656
2010-11-12,1297.6187280449683,1302.9404726575929,1280.8109279518974,1290.07958984375,213197
2010-11-15,1287.8620280118612,1294.2037945009995,1263.0272230639741,1274.468994140625,133347
2010-11-16,1281.6090420902024,1285.5116762748028,1228.9238595471775,1242.31689453125,382476
2010-11-18,1250.4766778336352,1275.1784159983483,1221.0740228581137,1268.6593017578125,359749
2010-11-19,1271.8084413179624,1271.8084413179624,1239.1683604590144,1246.5301513671875,235528
2010-11-22,1250.6098816692383,1266.5751142011861,1237.3055212259487,1260.322021484375,145576
2010-11-23,1255.0449411826874,1289.5032205637485,1238.9910310804535,1278.54931640625,331033
2010-11-24,1277.2187848536787,1301.166637069685,1244.5344230205128,1255.9761962890625,202980
2010-11-25,1256.0648254815517,1266.4865756104018,1216.3290880647858,1224.0899658203125,407030
2010-11-26,1229.3231403878247,1232.782296419776,1184.9752637504573,1212.470947265625,199109
2010-11-29,1215.1314700822911,1257.173266686814,1210.96281418682,1247.1063232421875,143095
2010-11-30,1247.1064908014068,1267.2403803958168,1220.8524652450396,1261.25341796875,215559
2010-12-01,1259.4794077884849,1282.9837770183403,1243.6472411124175,1254.246337890625,414015
2010-12-02,1274.8240944486436,1274.8240944486436,1244.7562126861126,1249.590087890625,234362
2010-12-03,1250.6098818037574,1259.30210726944,1234.0238224244706,1242.2724609375,228411
2010-12-06,1256.81850222212,1256.81850222212,1233.7576122730904,1248.924560546875,129508
2010-12-07,1250.6099559439522,1283.16124978665,1249.4568679952527,1267.1517333984375,376506
2010-12-08,1268.3490407210845,1281.3872707682833,1234.7777258779095,1256.95166015625,309194
2010-12-09,1247.0620421485885,1255.0446583501086,1226.883762305857,1233.8907470703125,228112
2010-12-10,1232.8709140887581,1258.4596160830554,1211.3178037210373,1253.49267578125,156706
2010-12-13,1259.4795117874241,1271.9413066033653,1243.5142785394146,1261.120361328125,202845
2010-12-14,1259.523858869834,1272.7838282670073,1247.0620644901828,1254.024658203125,112041
2010-12-15,1254.15760843694,1255.0001745542318,1230.7419143196717,1237.305419921875,222327
2010-12-16,1239.9664428888107,1240.8534002871575,1210.9185880929533,1222.227294921875,338077
2010-12-20,1224.4446568990284,1261.253387982918,1193.8446274437467,1254.91162109375,325141
2010-12-21,1256.4636931803348,1290.3455271015766,1243.9576168681904,1262.4063720703125,610373
2010-12-22,1263.9587214781086,1269.2360748470269,1227.726424059285,1236.50732421875,297205
2010-12-23,1233.0923674074934,1241.6958097770416,1228.5245157283402,1234.9549560546875,346689
2010-12-24,1233.7578152194967,1240.3656049256826,1213.3577938319709,1234.2012939453125,208168
2010-12-27,1239.9664200047011,1248.6586456565478,1229.9437582798882,1236.72900390625,149330
2010-12-28,1241.7403489468197,1247.0620932994489,1229.3673366354233,1237.48291015625,193304
2010-12-29,1236.5071935026324,1263.0272393539735,1229.6332741873282,1257.6168212890625,228653
2010-12-30,1261.2533672569848,1276.7751210734384,1253.2707510085227,1259.8785400390625,231775
2010-12-31,1260.1890586459954,1268.7925017175799,1255.0446626566763,1260.8985595703125,153415
2011-01-03,1268.3488968946094,1286.0880423057229,1258.1488882832193,1264.845458984375,300162
2011-01-04,1265.6883029513888,1289.1040016889572,1245.3326724317337,1267.240478515625,540328
2011-01-05,1266.5753135265613,1272.7840160438484,1247.372661943859,1252.7830810546875,275096
2011-01-06,1255.089014052904,1263.9141961844655,1211.8498441834354,1218.5906982421875,353272
2011-01-07,1210.696682215443,1213.0914235531225,1186.3497482881426,1189.0106201171875,493731
2011-01-10,1196.505612380544,1197.3925698396847,1169.187279330547,1176.1055908203125,254474
2011-01-11,1175.2184271228773,1180.2740404443023,1158.3218471829505,1169.4088134765625,394195
2011-01-12,1174.3316208378415,1178.6777338380764,1148.5211816413344,1168.699462890625,316610
2011-01-13,1170.7835864313083,1175.2183727435481,1154.4635511480358,1166.836669921875,263445
2011-01-14,1167.2358453905451,1169.8967173785177,1120.4932374436273,1126.169677734375,468849
2011-01-17,1126.436103507089,1135.305679125255,1113.1317400798398,1126.081298828125,206244
2011-01-18,1131.757769537628,1139.7847782178205,1124.7065007239805,1133.1768798828125,210065
2011-01-19,1138.8533508383593,1138.8533508383593,1123.331595667276,1128.8306884765625,233334
2011-01-20,1124.2629128880317,1124.662000415674,1104.3506539905263,1116.901123046875,186731
2011-01-21,1121.1144113549976,1124.3961111810252,1098.2308618653824,1107.4996337890625,361853
2011-01-24,1125.5490767045455,1153.0003682455658,1113.131671602998,1146.392578125,285343
2011-01-25,1157.4795136708985,1157.4795136708985,1131.802137882992,1142.5343017578125,237024
2011-01-27,1152.8671799639578,1152.8671799639578,1120.3157810150674,1126.169677734375,188751
2011-01-28,1128.209859857698,1128.209859857698,1082.0880731339557,1090.381103515625,609439
2011-01-31,1063.4618559618027,1121.513170845749,1020.2670765969225,1111.2244873046875,1056178
2011-02-01,1122.888106309642,1130.8707231791416,1094.1506639252084,1101.9559326171875,331423
2011-02-02,1107.3218084150053,1107.3218084150053,1074.1053005223432,1079.471435546875,446214
2011-02-03,1073.218447748954,1090.8689215603808,1069.0497913017014,1080.491455078125,355406
2011-02-04,1090.9577115274956,1096.6342611116302,1043.0620071189712,1049.226318359375,309323
2011-02-07,1065.2359623501195,1065.2359623501195,1046.609854765313,1055.2576904296875,155137
2011-02-08,1059.0269840937244,1059.0269840937244,1037.8286836121574,1043.7713623046875,214476
2011-02-09,1041.2878517402107,1054.5922110043532,1015.5660904962022,1023.5487060546875,178835
2011-02-10,1026.653333729711,1042.0420251123735,1018.3159113523133,1028.8707275390625,268346
2011-02-11,1015.5661299540724,1052.6409891857493,1015.5661299540724,1047.8070068359375,306097
2011-02-14,1064.3489561596944,1089.183765136754,1058.1402539154296,1085.724609375,258845
2011-02-15,1086.5229093817163,1101.6011864915033,1074.9924621801144,1096.9002685546875,215206
2011-02-16,1099.8274086060692,1099.8274086060692,1082.975214441944,1089.1395263671875,94606
2011-02-17,1081.112345859769,1099.782733292286,1077.653190507611,1089.22802734375,128256
2011-02-18,1088.2966591856746,1114.0184221167133,1086.5227445007754,1089.804443359375,355711
2011-02-21,1090.070443676331,1090.9574009128455,1047.4964963236346,1070.8677978515625,203836
2011-02-22,1068.7835053869173,1068.7835053869173,1037.8286751534313,1047.585205078125,189502
2011-02-23,1044.8356529251835,1066.6547798804268,1044.8356529251835,1057.696533203125,339470
2011-02-24,1044.8355938329942,1063.4616952510696,1024.1694475225768,1041.775634765625,656061
2011-02-25,1049.2707880154771,1049.2707880154771,1015.2115962346176,1036.54296875,347521
2011-02-28,1038.626937772832,1089.1835009265908,1027.5399721689375,1071.6217041015625,376909
2011-03-01,1072.4202343666714,1164.3090048088438,1069.6706879176352,1144.84033203125,759153
2011-03-03,1136.3253732832015,1183.2010452117602,1127.3671261543452,1172.779296875,461594
2011-03-04,1175.218476125651,1189.9419463232573,1148.52108183167,1163.732421875,455165
2011-03-07,1136.1924032831043,1144.1750196996134,1107.9428323966918,1118.3201904296875,252355
2011-03-08,1124.4844407666292,1130.7818155644843,1104.7052508551433,1114.1513671875,406646
2011-03-09,1119.3403536297888,1137.9664609405854,1117.6551127426715,1122.88818359375,181247
2011-03-10,1121.7795670536516,1139.740457532273,1113.442144387116,1127.6778564453125,220927
2011-03-11,1114.4618921235492,1133.9749535057363,1099.8270960869088,1109.4505615234375,252688
2011-03-14,1101.8228951562655,1122.88813464909,1080.358568118362,1114.905517578125,555011
2011-03-15,1082.0879708539353,1090.8688703044413,1064.348823790756,1076.8992919921875,447418
2011-03-16,1081.9107214597398,1089.9820124560847,1076.8549991224984,1081.4228515625,233465
2011-03-17,1068.9610129816538,1076.6776073085457,1024.480186079711,1033.39404296875,1136194
2011-03-18,1049.8914510340874,1065.2358576543115,1017.428831231079,1025.5001220703125,1087299
2011-03-21,1029.9346885858693,1034.1921265835222,995.1660085992382,1000.6651000976562,524674
2011-03-22,1007.6279228117953,1045.7226970066706,1004.9670508092338,1039.4696044921875,879108
2011-03-23,1037.740103112282,1047.4966339962434,1026.2983316032219,1043.0174560546875,458496
2011-03-24,1037.7402094047322,1050.1576136198316,1026.919371897186,1035.21240234375,569659
2011-03-25,1040.401154231905,1051.0446443007734,1030.2011429159058,1048.64990234375,504995
2011-03-28,1055.3019827606963,1073.5288927986194,1046.6097567268698,1065.856689453125,604130
2011-03-29,1073.2184941830849,1108.6081174223646,1069.6706644502483,1098.0089111328125,593159
2011-03-30,1105.1489298214021,1149.3194520264228,1098.8071627031052,1125.5489501953125,934495
2011-03-31,1125.5490256668265,1140.6273026064137,1109.5837912602049,1119.473388671875,851042
2011-04-01,1110.1602213680287,1146.3037344414415,1110.1602213680287,1127.4114990234375,373301
2011-04-04,1140.6274054639175,1157.3909247567765,1116.3247470214135,1153.355224609375,406624
2011-04-05,1153.354916990268,1172.557564415756,1137.7888811545529,1162.66796875,327406
2011-04-06,1176.9925148083755,1177.9681463314505,1142.4455660657616,1150.8272705078125,477877
2011-04-07,1134.9065060207063,1139.7403810599208,1124.6621036451204,1133.75341796875,378375
2011-04-08,1130.870495648218,1139.2965895373616,1108.6965643609979,1112.111328125,274026
2011-04-11,1108.6967800403593,1112.3332838246577,1091.844588983746,1097.698486328125,161328
2011-04-13,1076.7663314584017,1137.2125026092508,1076.7663314584017,1133.6646728515625,486624
2011-04-15,1126.879463378031,1138.853389199049,1113.1316226205658,1115.0828857421875,199832
2011-04-18,1114.0185984740026,1137.0794930284007,1109.1403323182644,1119.6507568359375,472622
2011-04-19,1108.697065000328,1123.9970844973325,1099.8274884803252,1112.86572265625,342396
2011-04-20,1115.792518296072,1126.5246822311708,1108.785532496734,1122.001220703125,370509
2011-04-21,1130.7822237933353,1165.462243007902,1123.7752373599787,1159.2535400390625,687122
2011-04-25,1161.9141117133208,1184.0880451429643,1140.8932661304825,1176.5045166015625,1325337
2011-04-26,1175.1297775257847,1175.1297775257847,1150.6053859192182,1155.3505859375,543624
2011-04-27,1160.9384501343613,1179.564553731338,1157.6566431093431,1167.9454345703125,307291
2011-04-28,1171.8480771886511,1175.4846891568097,1150.3837513508645,1154.1533203125,255730
2011-04-29,1148.8315950832434,1178.4559944836885,1142.977697781639,1168.699462890625,336437
2011-05-02,1170.7838519006195,1183.2012563904746,1140.7159722316642,1145.59423828125,541711
2011-05-03,1144.1749396500422,1144.1749396500422,1100.9357704190813,1129.8062744140625,660811
2011-05-04,1125.1056558003554,1125.5491345767844,1100.7143230967608,1103.9073486328125,421192
2011-05-05,1103.374820852065,1130.2496688806352,1095.6583360725722,1112.111328125,370008
2011-05-06,1112.244613377871,1141.5142084667623,1101.9559288796463,1129.540283203125,481365
2011-05-09,1132.201123801545,1135.216800622974,1099.8271786242976,1104.7054443359375,154135
2011-05-10,1104.2620487168463,1112.6881446709106,1094.5055165595086,1101.423828125,186668
2011-05-11,1096.6339140676412,1104.971333480432,1076.8991161816832,1084.6156005859375,347243
2011-05-12,1082.08802719669,1098.0532603848378,1077.6532401999823,1081.37841796875,189669
2011-05-13,1081.3783748950857,1097.1662592829662,1077.6531972747,1084.260986328125,146615
2011-05-16,1077.6534033461055,1098.3638401018536,1067.276043511246,1091.4012451171875,221705
2011-05-17,1091.4015058533219,1091.4015058533219,1068.7840833427492,1073.2188720703125,124996
2011-05-18,1072.3315328814745,1093.5298371129354,1055.4793417112942,1079.0723876953125,343937
2011-05-19,1073.218332538168,1084.926125584668,1069.6705033396947,1074.7705078125,106571
2011-05-20,1075.2583993170829,1100.536682865912,1073.2183541783636,1084.9261474609375,82338
2011-05-23,1070.5575381903882,1082.0879839206905,1064.348836643302,1067.6749267578125,83639
2011-05-24,1069.6705238655823,1087.36527902405,1060.490537292609,1068.340087890625,139391
2011-05-25,1065.2360216149086,1072.1986167547407,1057.4751430227934,1065.0142822265625,134930
2011-05-26,1060.2244474157653,1095.03752342781,1060.2244474157653,1077.9193115234375,261038
2011-05-27,1073.2184668000111,1088.296742779846,1065.2358501048045,1083.5958251953125,215160
2011-05-30,1086.4784361569546,1087.4097847459955,1070.5575939546627,1073.6175537109375,122594
2011-05-31,1082.0879376592488,1097.1662122004022,1075.8792363775974,1091.090576171875,419395
2011-06-01,1082.0878857442945,1113.131390663188,1082.0878857442945,1108.7852783203125,444037
2011-06-02,1091.8446256339482,1105.0159221687177,1082.0880936420933,1086.877685546875,230627
2011-06-03,1090.9575925625654,1104.1732793624751,1080.8019737288844,1094.416748046875,219802
2011-06-06,1089.1837376185827,1098.8515953803435,1073.218503679548,1092.7315673828125,186588
2011-06-07,1074.0608740942373,1104.2618127638293,1074.0608740942373,1099.8270263671875,278512
2011-06-08,1086.522872748559,1096.3237958479435,1080.314170618567,1085.5472412109375,187917
2011-06-09,1077.6531185922006,1084.4826464879854,1073.2183320959364,1077.697509765625,168516
2011-06-10,1068.9166238881282,1100.714021799997,1056.410547470337,1087.9862060546875,577994
2011-06-13,1082.0878762784273,1096.6339972531218,1071.5774542163467,1086.478271484375,408847
2011-06-14,1077.6531972747,1089.9819262887006,1071.6218438909525,1084.260986328125,290861
2011-06-15,1076.944051292982,1085.5476063871802,1068.8727574630586,1073.2188720703125,175755
2011-06-16,1060.800877813569,1064.3487068363568,1050.0687166738655,1058.2730712890625,354302
2011-06-17,1085.6361655042917,1092.7318267167382,1030.0239640602226,1033.3056640625,1075331
2011-06-20,1043.9487000760553,1043.9487000760553,1002.3060998258318,1029.53564453125,523585
2011-06-21,1033.2607111863827,1037.739888200318,1007.5833444406508,1015.3886108398438,261594
2011-06-22,1015.6993505665081,1019.9123984749334,990.8201506619689,995.8314819335938,359730
2011-06-23,990.731327840225,991.6182851614785,968.557394808886,975.0322265625,556227
2011-06-24,979.2008415394074,997.8269445034722,963.0582622790123,993.037353515625,836966
2011-06-27,984.4338459585422,1028.1607722006504,980.9746911258403,1022.43994140625,434614
2011-06-28,1041.9088338607621,1041.9088338607621,1013.1271090036201,1026.963623046875,267340
2011-06-29,1026.209782966972,1049.2706769662298,1024.6576074093296,1043.904541015625,235700
2011-06-30,1051.044468364804,1052.5966437400264,1023.5931814657661,1028.7818603515625,416028
2011-07-01,1023.5490047983461,1024.435962341499,1002.2620237626786,1013.925537109375,447038
2011-07-04,1014.679256208263,1032.3740128660158,1003.4592235478808,1026.9193115234375,278505
2011-07-05,1024.5245362326943,1038.4941161709846,1023.1054259566902,1034.5028076171875,183263
2011-07-06,1024.6131450262108,1042.0418795879723,1024.6131450262108,1036.7645263671875,179419
2011-07-07,1031.531498414954,1054.5923917587106,1027.8063204909697,1049.0045166015625,229229
2011-07-08,1050.867142326172,1066.1227658839323,1043.9932226626108,1050.3792724609375,341435
2011-07-11,1042.3523283095633,1044.8358524217506,1024.4358315340594,1032.551513671875,162944
2011-07-12,1021.3314787056472,1021.7749574198051,1011.3532076370944,1017.7392578125,174207
2011-07-13,1023.5488682611123,1035.877598120571,1023.5488682611123,1033.1280517578125,151856
2011-07-14,1021.1540942611288,1054.0601920287174,1021.1540942611288,1041.46533203125,368747
2011-07-15,1037.784586836736,1050.7784266013123,1030.2897315720688,1044.436767578125,171029
2011-07-18,1037.7398345226377,1054.547628704957,1033.3050489050197,1041.952880859375,151327
2011-07-19,1037.2964719475494,1042.0860626043582,1027.4955513282573,1031.53125,245365
2011-07-20,1036.587248244411,1043.8603651372443,1028.0724773950906,1031.2655029296875,255318
2011-07-21,1024.4800571156095,1037.7400252407804,1017.8721603682648,1025.4556884765625,172146
2011-07-22,1027.9836053135475,1035.9662217482517,1024.4357757870125,1030.2896728515625,376871
2011-07-25,1025.9436567783355,1051.0445963541665,1023.1941102902094,1047.718505859375,203872
2011-07-26,1043.0619747356604,1065.8567381879955,1024.2141286785748,1043.904541015625,1430916
2011-07-27,1049.1821559308753,1078.8952352260544,1039.6916447455217,1072.553466796875,503547
2011-07-28,1061.6879786529817,1086.52278517118,1045.3236583807056,1051.8427734375,653432
2011-07-29,1054.592251982498,1081.9105807081694,1054.592251982498,1070.2470703125,333021
2011-08-01,1073.3070040393704,1089.981844540659,1056.7652287869364,1072.863525390625,381542
2011-08-02,1058.184410619274,1078.3626884419311,1058.184410619274,1075.1695556640625,271852
2011-08-03,1060.3574962829123,1083.551452297494,1060.3574962829123,1075.2584228515625,428422
2011-08-04,1062.6195798053927,1078.5404251744508,1058.4508141861656,1064.615234375,476072
2011-08-05,1037.7399920777186,1064.348709823301,1036.675686676355,1057.2530517578125,363463
2011-08-08,1045.2349172705296,1071.0454645373422,1031.6201426713053,1057.031494140625,356035
2011-08-09,1037.7845688976574,1079.3385022230002,1037.7401777183472,1074.947998046875,386251
2011-08-10,1086.5229370561085,1138.3212766891825,1078.1855149052788,1133.1768798828125,819358
2011-08-11,1126.9235243419903,1137.0791410688198,1099.161720413054,1106.6121826171875,399042
2011-08-12,1108.1642468982718,1125.5485847884531,1098.052914080461,1105.458984375,442137
2011-08-16,1105.3263531840037,1113.6637750364646,1082.176784926143,1086.611572265625,340364
2011-08-17,1082.087820223572,1091.6670016126982,1045.7225738062225,1051.9312744140625,385046
2011-08-18,1061.6880798247596,1067.009824585786,1022.3515381204079,1028.3385009765625,286994
2011-08-19,1008.4706210825179,1034.5914746877515,1005.8984228221801,1028.028076171875,271953
2011-08-22,1033.748730626401,1041.8200203824665,1019.2026092876803,1037.2078857421875,209465
2011-08-23,1038.7159437352132,1041.731620997275,1022.1298812006477,1027.274169921875,201777
2011-08-24,1022.1854920556268,1032.7198490142796,979.646484499163,994.9569702148438,650647
2011-08-25,1003.437973052661,1008.9729076050913,985.0475835981348,991.6538696289062,517715
2011-08-26,997.2333533293313,1007.9015323350549,935.3665460620493,967.1926879882812,341740
2011-08-29,964.157325264675,988.261258396292,942.73160692546,963.6217041015625,688962
2011-08-30,955.3192045100423,981.0746819006486,949.5164057333063,974.468505859375,836549
2011-09-02,957.0603453859765,972.1922192575021,952.5966529192294,963.2201538085938,425137
2011-09-05,958.3546443958537,980.3606671081853,950.0968144371562,969.0675048828125,359484
2011-09-06,972.1027828512025,998.7063195217243,972.1027828512025,984.6456909179688,643403
2011-09-07,985.0919153527225,1017.6322878696275,976.0307098763625,1005.580322265625,720712
2011-09-08,1015.8469695415334,1019.5071749065114,1002.0095253987569,1010.4905395507812,469276
2011-09-09,1014.1508585025446,1025.7564581156898,981.0302844788632,985.047607421875,355468
2011-09-12,980.2268154966504,980.2268154966504,942.7318006962321,953.6678466796875,261197
2011-09-13,955.7209197231533,978.44106323024,947.7755279800234,959.6043090820312,422726
2011-09-14,962.3719709783569,985.5831687941615,929.6530876464773,977.19140625,353955
2011-09-15,968.7995499932317,978.3072345896223,946.3025886463387,966.166015625,781399
2011-09-16,956.2119935240185,997.7690059441073,950.7663115630172,990.448486328125,1247652
2011-09-19,986.4760770009793,1025.3994551669107,978.4861107372856,1018.3914794921875,1402251
2011-09-20,1017.5875469765335,1037.2724665521912,996.7421332050923,1031.06787109375,1153749
2011-09-21,1020.4445328286073,1025.2652323510274,996.6976074390709,1002.2772216796875,448621
2011-09-22,990.939579853985,995.2247675738237,964.1574290471206,970.495849609375,569850
2011-09-23,955.230171743269,987.5026895279123,936.1255465130306,973.888427734375,659223
2011-09-26,985.5830977063524,989.8682852001615,950.7663034938997,961.3006591796875,413800
2011-09-27,966.7462770018265,991.74294811253,966.7462770018265,987.50244140625,290896
2011-09-28,990.9395972432544,991.5198989829565,952.551847079777,962.5951538085938,282421
2011-09-29,952.8644877461802,997.0997273342923,943.6246653725807,986.5653686523438,662381
2011-09-30,982.0122462560596,989.0649014563606,960.6757765647612,966.835693359375,216286
2011-10-03,967.6391052435526,982.0121706734951,958.1761006669776,962.1487426757812,421513
2011-10-04,965.9430562942655,996.296165272089,965.898375778551,989.0203247070312,1755670
2011-10-05,997.1886351987546,1007.9014943056347,961.4791048424877,969.112060546875,710373
2011-10-07,995.4033594997178,1004.3307438898498,979.1555635004216,993.79638671875,449114
2011-10-10,964.2467029768966,974.7363789477087,950.766375226798,956.078125,709266
2011-10-11,950.7663808198093,970.6744904126933,949.1594081347245,958.0867919921875,704061
2011-10-12,953.3105330318367,973.0847073668144,951.3465524425658,969.3798217773438,337688
2011-10-13,959.7384042772818,967.5051843114646,937.3752650768515,944.7403564453125,816403
2011-10-14,937.3752262563884,938.2679645671087,912.021436436561,917.0654296875,879193
2011-10-17,920.011692190635,951.5699759389094,901.6658726756465,938.8037719726562,1683826
2011-10-18,934.6970321243389,950.6770700372113,927.8229905695596,939.4285888671875,597663
2011-10-19,950.766356539214,958.8010018057425,939.4286229205196,951.4805908203125,585164
2011-10-20,949.695309535119,964.0683783410832,937.3754740003649,961.881103515625,522623
2011-10-21,990.9396151520417,997.6351530922582,971.2993705274066,977.1468505859375,1422468
2011-10-24,992.7251582145999,1003.9290693733241,987.6365926310431,993.082275390625,550386
2011-10-25,1001.6524181850571,1035.576475128936,997.3672305593014,1027.7650146484375,946337
2011-10-28,1041.825787776317,1057.895080132764,991.9663663434914,1005.2235107421875,1538204
2011-10-31,957.0155711508368,1011.5618659574395,946.3027102797453,1004.5985717773438,2206582
2011-11-01,1001.6524540279004,1017.7217447342302,993.3053720397049,1011.9189453125,860761
2011-11-02,996.2962020928326,1014.1509727396575,996.2962020928326,1003.4381103515625,359122
2011-11-03,999.8670076637893,1012.3653452595867,999.8670076637893,1008.3480224609375,360567
2011-11-04,1013.2581477378732,1029.1489358482077,997.5459727048874,1001.875732421875,738188
2011-11-08,1008.7943972860571,1012.3206703937925,998.081536429922,1003.5718994140625,228195
2011-11-09,1007.9016644539415,1007.9016644539415,956.6138864123733,961.0328979492188,667891
2011-11-11,967.7282479284619,974.6916497607477,925.7695508319326,946.079345703125,739345
2011-11-14,953.7569941215529,957.7297451638897,911.5751070975676,916.84228515625,464462
2011-11-15,920.6364037210097,930.1440887402615,884.7036859030503,895.8629150390625,598891
2011-11-16,900.773025749152,900.773025749152,876.2227202901811,885.0608520507812,606285
2011-11-17,882.0255314662757,891.8010277582482,840.0668270341755,845.5571899414062,1312556
2011-11-18,843.6377875501516,847.2087411482474,809.7583543905314,839.709716796875,1641351
2011-11-21,838.2813928817623,863.5458797674137,831.1394853811721,841.89697265625,1261673
2011-11-22,850.7797711215006,861.4926328774901,842.4326881319985,856.627197265625,844169
2011-11-23,852.2527265182094,867.2953466068586,842.8342929051287,851.3153076171875,574204
2011-11-24,851.4046284252147,891.8456673062825,849.6191516137908,882.8736572265625,656104
2011-11-25,885.5963974769694,885.6856495119914,844.4858094796796,848.0567626953125,916133
2011-11-28,863.2333428949125,881.2219876306231,855.2433239085208,861.849609375,927553
2011-11-29,862.2960438105459,875.5978132999368,850.333327434987,856.046875,423512
2011-11-30,854.3060966704902,871.4466863307431,849.9762823629284,867.875732421875,473470
2011-12-01,885.5965043680177,899.8803189545987,855.2433983715332,859.0375366210938,1036648
2011-12-02,860.1533950641203,890.0601296096813,859.7070258917985,885.9088745117188,846065
2011-12-05,876.7138076590896,897.2021665389339,874.9283307107535,892.3367309570312,520465
2011-12-07,892.3366256423335,906.0401922965608,884.7037234867275,891.5778198242188,533511
2011-12-08,895.4166392001174,897.0681834890131,862.2513849558081,871.2234497070312,537059
2011-12-09,860.1534079169991,887.8282970144843,853.7703068620478,880.0614624023438,634649
2011-12-12,880.0614937991616,883.8556319559495,848.9942087306771,855.4219360351562,546170
2011-12-13,849.9761652857751,865.4205824050349,848.1014365372206,853.9042358398438,519127
2011-12-14,848.101575790958,860.1981715795529,836.4959752801344,846.003662109375,616851
2011-12-15,839.1739991941027,839.1739991941027,813.6863317120087,831.7642822265625,539248
2011-12-16,831.7643036371185,848.0121519587138,811.2313222772311,831.63037109375,848872
2011-12-19,825.7829565531441,831.3179451055634,803.464498267924,818.32861328125,620878
2011-12-20,824.8903605694313,827.4793239726523,811.2314726395073,817.8823852539062,366360
2011-12-21,826.7649014871416,865.0633955952403,826.7649014871416,858.7249755859375,702708
2011-12-22,840.0667563546772,873.9461863848378,840.0667563546772,862.2512817382812,648188
2011-12-23,870.4199027917374,882.4718706765461,864.3939188493331,870.8662719726562,372589
2011-12-26,878.4545946283522,884.7037634925783,861.5371908767974,865.5098876953125,351164
2011-12-27,866.8489779946452,874.3480022773024,849.2620207874907,859.8410034179688,230303
2011-12-28,861.4031755817585,867.9201540328576,848.3245381754771,856.40380859375,232279
2011-12-29,851.6725305443958,856.5825923032996,817.3020982320696,822.8817138671875,544045
2011-12-30,834.7104395907141,839.0848797326043,813.2847170771557,819.8016967773438,390624
2012-01-02,823.9974557526008,843.057396774478,818.6410259210562,838.1920166015625,531425
2012-01-03,845.4232634399217,861.2247439921866,840.3792696926652,850.6011352539062,363198
2012-01-04,850.7798146359247,865.0636310411448,841.9863619568351,846.539306640625,296634
2012-01-05,846.3159928192396,846.3159928192396,826.3186311091525,833.32666015625,458779
2012-01-06,829.0862231474663,853.2794137478825,827.5685568596383,847.8783569335938,349108
2012-01-09,848.0122908896092,870.4200045972003,846.3160660083548,866.8936767578125,430392
2012-01-10,875.7763009334323,886.4891608836883,872.4285321989772,880.5524291992188,356547
2012-01-11,882.5165876339607,888.2747615588374,867.9203357092458,881.9363403320312,433994
2012-01-12,879.1688559068476,900.7731383080576,876.7138250541745,887.8284301757812,522575
2012-01-13,890.0600788219032,900.9514969027641,869.5270980667339,872.2499389648438,516919
2012-01-16,865.9561830481928,910.4591671548361,865.9561830481928,899.9248657226562,781570
2012-01-17,910.5931955394966,999.8670382394472,909.7897091598253,989.4666137695312,3155235
2012-01-18,992.7249664467303,1022.0513971223829,975.3165700027454,983.6190795898438,2781735
2012-01-19,996.7425880592662,1013.2582511842965,988.2615718599262,1008.7498779296875,857884
2012-01-20,1009.6870221171273,1013.257975334164,968.6210601212052,985.13671875,729324
2012-01-23,967.7286672496816,1046.6913548565617,955.2750070506441,1036.1571044921875,2590616
2012-01-24,1042.182657691958,1046.4231643910402,1007.0087487505173,1033.7462158203125,2008468
2012-01-25,1032.8984134115963,1069.5006908099328,1019.5073363146438,1054.1009521484375,1776429
2012-01-27,1042.5398848131265,1088.248044571065,1035.3086170237511,1080.793701171875,951880
2012-01-30,1074.8570671577986,1094.497312570981,1057.8950370282319,1065.3048095703125,656597
2012-01-31,1069.5004617625814,1080.1240691130204,1042.4058767011097,1059.4124755859375,1045424
2012-02-01,1062.3587012072983,1095.3900221692058,1056.1095323766672,1084.4986572265625,1040215
2012-02-02,1093.6044515938815,1101.148046873321,1075.0354507842426,1087.0428466796875,619866
2012-02-03,1089.140821145567,1119.493925997165,1075.7497454757447,1107.75439453125,647744
2012-02-06,1115.9230211113675,1129.314097364704,1102.9783140664756,1118.3780517578125,560045
2012-02-07,1116.8155847852972,1126.6357058345686,1106.995463736026,1113.199951171875,443305
2012-02-08,1114.1374173410975,1142.7050434267667,1111.8608910466578,1130.653076171875,517183
2012-02-09,1124.6272629144623,1141.7232260353453,1120.5206878379106,1133.77783203125,541872
2012-02-10,1126.6807706290317,1137.3042725697953,1100.969855885234,1111.1024169921875,631791
2012-02-13,1108.959421812962,1123.4218469958287,1084.9001693220441,1093.6490478515625,639454
2012-02-14,1089.319293514573,1137.7950296186866,1089.319293514573,1131.724365234375,899801
2012-02-15,1139.1340192932553,1182.7889419847359,1138.5091461022466,1163.0594482421875,1011521
2012-02-16,1160.559670306001,1227.515035900578,1141.990671990372,1213.766845703125,1510728
2012-02-17,1213.2314710010162,1219.569891769374,1176.673877551661,1179.7984619140625,650578
2012-02-21,1175.78094879278,1193.6357136870824,1156.2745309642855,1169.263916015625,665602
2012-02-22,1166.8089393763692,1186.7170467376436,1143.6424244538566,1166.2286376953125,510787
2012-02-23,1152.5250531803495,1167.121301423324,1135.2505902514408,1142.1693115234375,845227
2012-02-24,1151.6323524271786,1157.4798316058193,1140.7409892740288,1147.391845703125,375094
2012-02-27,1147.2580452751288,1151.6324850369183,1102.7550597998863,1122.172119140625,345310
2012-02-28,1127.9748503518513,1141.8122941036943,1109.7183955732216,1133.4205322265625,741718
2012-02-29,1138.4201532276788,1153.2397003112997,1106.1030613692226,1120.2083740234375,736509
2012-03-01,1131.9029706605304,1180.2000933825557,1113.9142711937093,1173.99560546875,1543242
2012-03-02,1190.9130337932595,1193.3233838991,1166.4966601806505,1187.8331298828125,924123
2012-03-05,1179.03970045141,1190.823914108415,1168.6839555844917,1174.129638671875,547959
2012-03-06,1162.3453519179184,1205.1967934632794,1160.8723118194264,1188.7703857421875,662053
2012-03-07,1179.3967958129012,1187.2529381054514,1143.5980042057374,1168.1929931640625,438170
2012-03-09,1178.4147868026278,1213.2315873217963,1178.4147868026278,1197.4747314453125,625544
2012-03-12,1206.0897297355523,1210.5534222956394,1186.1816173268157,1193.8145751953125,434638
2012-03-13,1200.733090997853,1235.5498869450028,1200.733090997853,1221.4892578125,863892
2012-03-14,1231.9790845927942,1249.5659888038444,1219.9717958010954,1224.7479248046875,688965
2012-03-15,1218.5880349476292,1231.6666755796198,1209.749902129559,1219.837890625,575251
2012-03-16,1207.2055607786886,1275.67855583592,1195.3767763968674,1226.93505859375,1604822
2012-03-19,1229.7469704900996,1230.9075738352,1208.0088153479476,1215.998779296875,323100
2012-03-20,1215.998913356369,1216.802399685648,1186.0029258858278,1212.5172119140625,471359
2012-03-21,1218.5881742231404,1225.6408308729945,1190.0205393695578,1216.981201171875,841209
2012-03-22,1210.151506479916,1212.0708067391154,1179.3966051257257,1187.60986328125,437399
2012-03-23,1178.4591931693033,1178.8608817987943,1148.2399156441065,1166.4072265625,806817
2012-03-26,1173.9512979467875,1180.4683335337475,1151.9899494535778,1158.28369140625,696029
2012-03-27,1169.4873822975517,1169.710566912494,1123.3328475182332,1137.0809326171875,1138231
2012-03-28,1138.1073510882527,1156.0513683523513,1119.4937801279052,1150.11474609375,584546
2012-03-29,1142.5266997147835,1178.370060918496,1128.5998928618346,1165.782470703125,918118
2012-03-30,1168.5944271942105,1210.999496171846,1154.3552949914047,1205.64306640625,650438
2012-04-02,1215.0166599455267,1217.8733785236607,1189.127252790185,1194.9747314453125,486296
2012-04-03,1200.733102786639,1204.8396774766356,1164.041577723622,1169.0855712890625,475271
2012-04-04,1169.0856734826725,1194.3055345375747,1166.6752142966186,1174.575927734375,543772
2012-04-09,1165.0237330145721,1179.6646660907418,1138.2415782326282,1145.6959228515625,420584
2012-04-10,1144.4905002739358,1156.2746022398412,1125.4305593697347,1138.95556640625,534399
2012-04-11,1127.6625638501284,1147.2581286971017,1126.680573377551,1135.9649658203125,401175
2012-04-12,1142.4375101812489,1174.5760988628087,1139.4022862094919,1171.630126953125,671623
2012-04-13,1174.1742127929872,1205.1968730435526,1171.6299300786002,1180.8697509765625,943900
2012-04-16,1171.763668116728,1207.7409552645445,1169.3978898892287,1198.3226318359375,526324
2012-04-17,1245.1915239520806,1245.1915239520806,1184.1281975562545,1198.2333984375,583176
2012-04-18,1205.1966212020563,1220.1053061847106,1200.77761051505,1207.428466796875,642609
2012-04-19,1218.0523338531548,1251.0836557134141,1211.803164852565,1242.0223388671875,922582
2012-04-20,1242.9149159051644,1265.054869651728,1231.978871574162,1241.5311279296875,816656
2012-04-23,1241.8884104799981,1256.9757117703407,1224.9263802785517,1229.7918701171875,518905
2012-04-24,1227.5153533348132,1228.9437130415035,1204.973707755392,1217.4720458984375,270412
2012-04-25,1215.9989912024096,1240.013676715306,1215.9989912024096,1233.853759765625,593484
2012-04-26,1231.9789303603395,1248.9409591116776,1219.5698454258327,1233.7197265625,762098
2012-04-27,1232.9162664218147,1239.4778710974706,1226.7563503883414,1234.210693359375,429216
2012-04-30,1248.9408693299947,1248.9408693299947,1212.5617839653075,1224.7030029296875,956055
2012-05-02,1235.9963097290743,1235.9963097290743,1181.985636750664,1189.9310302734375,666676
2012-05-03,1187.163349595458,1187.163349595458,1146.3651468319947,1151.63232421875,662791
2012-05-04,1149.2220302604644,1152.971487441897,1125.6982894250282,1143.8656005859375,644798
2012-05-07,1129.2693799581898,1186.4493172825248,1119.4939382033756,1170.24609375,680698
2012-05-08,1181.9856734692046,1188.8597157438035,1159.7118933793915,1165.9163818359375,632978
2012-05-09,1153.6412573031116,1171.272841618636,1147.6599533032731,1161.6759033203125,330149
2012-05-10,1151.7663691857092,1165.380628611127,1116.0568362665808,1126.5018310546875,415223
2012-05-11,1114.0928612310765,1116.949689544736,1086.551902928084,1102.755126953125,486137
2012-05-14,1102.5320564068443,1123.0650420727206,1099.7199083137527,1115.0303955078125,491946
2012-05-15,1105.2099853972907,1106.9062099166124,1075.8388743292483,1086.7303466796875,567302
2012-05-16,1073.29471476803,1073.29471476803,1042.1381235857564,1064.2333984375,673604
2012-05-17,1071.286021273635,1087.3553115927396,1060.5731610608987,1076.017578125,599674
2012-05-18,1049.1907113560596,1065.0368165477807,1032.0054986833484,1041.51318359375,612497
2012-05-21,1047.4055554461554,1085.5254498205015,1044.9952048330251,1079.1424560546875,413870
2012-05-22,1088.114286915007,1093.2475332333272,1020.7125309092361,1030.175537109375,950870
2012-05-23,1018.614392355864,1039.0581210617927,996.2959350299247,1029.41650390625,782054
2012-05-24,1007.8123805284035,1025.6224676460722,995.8049839128122,1021.6943969726562,955704
2012-05-25,1011.472580433318,1026.6491328316997,990.0468594003086,998.9742431640625,921129
2012-05-28,1003.5271653709153,1008.7943434729139,980.4052201278032,985.1814575195312,874095
2012-05-29,991.8324808731984,1014.3294476496918,986.4760498333791,1007.3214721679688,817104
2012-05-30,992.7698692382262,1033.2108569538839,990.9397117653908,1027.586669921875,1151146
2012-05-31,1007.9016412840299,1012.6777698702973,975.8969918304791,982.2354125976562,3301123
2012-06-01,988.2166943124755,998.6171181102601,956.1227935266675,959.559814453125,879733
2012-06-04,954.9622108449562,962.3719830622439,938.2680465662507,952.9982299804688,548592
2012-06-05,961.9256019061975,972.9955795842936,944.7850686462667,963.2647094726562,605028
2012-06-06,964.0681305874067,996.1174579718435,960.8988659704515,989.109375,925831
2012-06-07,999.8668219030178,1023.4351330718131,991.4750607095361,1020.6229858398438,984712
2012-06-08,1015.0433997652966,1015.0433997652966,991.9661375818314,1003.4824829101562,456053
2012-06-11,1010.5797995782445,1020.7570384365047,983.7976494127435,991.3859252929688,724281
2012-06-12,985.5830499371064,1029.1487210975258,985.0027482663226,1021.7836303710938,534252
2012-06-13,1015.9361179139162,1021.2925473581021,984.24391036915,988.9307861328125,1333440
2012-06-14,991.0735987907063,1004.5986079224557,958.0422765830521,964.2467651367188,882665
2012-06-15,976.6556098629455,990.9394213417455,961.7469252226814,988.0827026367188,685861
2012-06-18,995.4032585549281,1006.5178074027615,967.2820005778159,974.6917724609375,610175
2012-06-19,973.0849254486542,985.3153988107956,960.9437041375115,973.9329833984375,430252
2012-06-20,972.1920851852075,975.3613499902801,957.9082712614579,960.943603515625,616008
2012-06-21,964.1572719927523,976.6556070000657,948.1772361523207,972.0579833984375,844982
2012-06-22,962.3718102747519,993.8855133299556,959.2472264751584,983.8867797851562,904652
2012-06-25,987.9043524071678,1012.2761558169343,987.9043524071678,994.42138671875,910242
2012-06-26,995.4033594997178,1000.7151096211022,986.5206556222805,993.79638671875,302263
2012-06-27,1000.7597092534677,1003.4379243540568,990.0468488511112,1001.3845825195312,532527
2012-06-28,1006.0714757907052,1010.57984820959,991.25204044802,1000.6257934570312,516495
2012-06-29,1017.7219128185776,1049.8604995391643,1017.7219128185776,1044.2808837890625,1346720
2012-07-02,1053.431392859037,1075.5713504691928,1031.1129311459217,1052.09228515625,1141219
2012-07-03,1060.5731483015206,1072.3572508030206,1058.2966219429625,1063.8316650390625,973813
2012-07-04,1068.831011666629,1093.1581322077986,1068.831011666629,1090.16748046875,1044761
2012-07-05,1085.1680337650746,1115.9228231812135,1083.337876744322,1107.2633056640625,1278118
2012-07-06,1107.3079382384794,1108.780978241657,1081.5524598548855,1085.1234130859375,611047
2012-07-09,1081.998880581062,1082.8916189313763,1056.77902218468,1060.3499755859375,403988
2012-07-10,1065.036970136055,1096.9970502153753,1054.3241087432364,1089.6319580078125,794615
2012-07-11,1083.7842932211215,1087.3552464113063,1071.3306375610887,1074.3212890625,407383
2012-07-12,1071.1074764742716,1085.5697936209174,1061.599791601548,1067.35791015625,559552
2012-07-13,1071.5093218903387,1078.3387928108607,1049.5479778715037,1056.9576416015625,592804
2012-07-16,1062.3588339521218,1082.8471393018792,1052.0030889627524,1074.2322998046875,599666
2012-07-17,1080.659880021675,1085.3467568247431,1062.8943632965786,1067.8936767578125,273112
2012-07-18,1068.9203593693355,1097.1755530558532,1059.5020341250704,1095.032958984375,508727
2012-07-19,1048.9676274964434,1048.9676274964434,990.9396310817464,997.4566650390625,8345304
2012-07-20,977.7717749768093,1028.1668162501974,977.3254057574635,1024.4173583984375,4553438
2012-07-23,987.3687344225976,988.2614728804842,959.068968898337,964.1128540039062,4040249
2012-07-24,969.5138654954798,998.9742315740717,968.8443117209664,988.172119140625,2373402
2012-07-25,977.5484648325258,988.9755589710784,969.4691394091533,984.6456909179688,1202467
2012-07-26,990.939629733466,1004.8663270586733,980.7623901192105,989.6452026367188,2109342
2012-07-27,1004.1075381012508,1004.2860421945443,987.4133732345649,993.5731811523438,884839
2012-07-30,968.7101940638333,1003.8841007590727,966.5230290757663,999.7775268554688,1353345
2012-07-31,995.4033101670261,1015.5791760934262,993.3946487787966,1013.1241455078125,708501
2012-08-01,1012.3654189416126,1021.292803588364,998.5279727391479,1004.8663940429688,704104
2012-08-02,1008.6157561181002,1012.3652133174282,996.2959242171517,1004.6430053710938,429857
2012-08-03,999.688483542242,1004.1967469842735,990.0021849181145,1000.6257934570312,297511
2012-08-06,1012.365201769298,1018.6143696814541,1004.3305573108115,1015.6237182617188,425446
2012-08-07,1017.6770400366075,1025.7116851988042,1008.7943370313632,1023.9262084960938,556437
2012-08-08,1018.2574654212925,1027.7651518132436,1014.150890301711,1017.8110961914062,568514
2012-08-09,1019.5069424821517,1040.9326575605855,1015.0432518408112,1022.0066528320312,895054
2012-08-10,1021.2926552375575,1049.72634941187,1018.3020036106841,1040.75439453125,638608
2012-08-13,1052.8063354427927,1066.8222833572506,1050.931497805208,1057.8502197265625,838204
2012-08-14,1063.734974838516,1070.023948507325,1042.1727794026003,1064.5435791015625,418219
2012-08-16,1070.7429903726502,1076.3131816681325,1051.157280927976,1053.4931640625,396861
2012-08-17,1069.1257773552868,1073.4382613340367,1052.1904876061744,1057.9404296875,1988327
2012-08-21,1069.125561835307,1075.4145357284558,1056.6374345989968,1067.2388916015625,1186236
2012-08-22,1064.6336219281877,1083.5005468737506,1060.1864620594274,1062.9715576171875,700024
2012-08-23,1065.7564029806656,1070.967310610739,1057.4459737055793,1061.0396728515625,304311
2012-08-24,1061.219266602043,1071.8207224781863,1043.0711305927698,1069.39501953125,470889
2012-08-27,1073.5725630549723,1076.7620146430013,1045.8113272602886,1049.180419921875,355903
2012-08-28,1046.8444728581048,1063.1060485392406,1038.5790090420828,1046.170654296875,432474
2012-08-29,1048.686242463115,1053.852184544214,1037.0067212362824,1049.180419921875,630103
2012-08-30,1042.2178764990722,1045.7666110789166,1018.0052590052483,1027.438720703125,896906
2012-08-31,1022.766885691438,1031.8409548710356,1015.2200949101177,1027.169189453125,392594
2012-09-03,1015.3996585215548,1051.2019743066962,1015.3996585215548,1044.4188232421875,445403
2012-09-04,1044.418954313707,1059.2429652781595,1030.942580709659,1055.3348388671875,417884
2012-09-05,1051.1569178789512,1059.2427403241738,1044.0144852540654,1055.1998291015625,421800
2012-09-06,1051.1569536810475,1074.5159970961818,1051.1569536810475,1063.24072265625,767955
2012-09-07,1074.5163474941648,1085.297447970695,1070.293793675934,1082.6021728515625,1285056
2012-09-10,1088.890815942033,1096.7520326412844,1075.9534773827806,1083.590087890625,474322
2012-09-11,1076.76229957605,1096.9318957789687,1070.6529660646597,1090.5531005859375,498747
2012-09-12,1092.4845941497085,1100.7950238338244,1089.1604661444621,1096.2579345703125,482824
2012-09-13,1098.1449392550767,1104.927982312947,1081.7037176188726,1087.63330078125,347562
2012-09-14,1101.4687315209055,1139.0229295308784,1101.4687315209055,1133.00341796875,1197005
2012-09-17,1150.8823811124132,1189.9638671220855,1145.5367964346692,1149.3551025390625,1338378
2012-09-18,1158.87818467906,1161.303887798343,1139.3374450560655,1146.3450927734375,640871
2012-09-20,1123.929459460411,1169.569484576284,1123.929459460411,1152.5892333984375,940325
2012-09-21,1162.5617480822375,1183.49509081487,1156.4075598353224,1178.5087890625,800094
2012-09-24,1181.4287015761413,1230.6624282174498,1177.0713628999663,1217.05126953125,994282
2012-09-25,1222.576494983101,1229.4045014354922,1183.2704105208227,1187.447998046875,693537
2012-09-26,1175.1845655971642,1194.5455536099848,1165.6611752875901,1178.8231201171875,909320
2012-09-27,1184.0339596074944,1205.685973410399,1183.6296026811808,1195.8482666015625,1272235
2012-09-28,1208.3814403592153,1230.8420619272304,1204.7877409083328,1213.41259765625,1241053
2012-10-01,1220.959582231884,1242.3421412269436,1210.717515237015,1220.0611572265625,865209
2012-10-03,1220.0609039962999,1234.7052724119303,1216.8714520209883,1224.957275390625,639206
2012-10-04,1231.9649667201475,1266.6441409320914,1224.193570520039,1249.2596435546875,1104971
2012-10-05,1257.3453516780996,1265.88038621968,1133.0931733780658,1246.743896484375,987181
2012-10-08,1241.6230126402625,1266.6890852637973,1235.4688249966127,1244.7225341796875,1099782
2012-10-09,1257.7948505190882,1262.2869749852277,1246.564539353739,1251.146484375,755966
2012-10-10,1244.318203707779,1252.853238318049,1236.2323814454182,1238.8826904296875,450007
2012-10-11,1244.318447863261,1249.7089970958818,1210.6275151593823,1230.123291015625,1280918
2012-10-12,1217.8148630131013,1246.5644577135213,1217.8148630131013,1232.683837890625,792185
2012-10-15,1234.7051499056054,1243.689397202682,1198.4985894299925,1202.31689453125,710035
2012-10-16,1206.1355177315147,1233.2679078560257,1201.7332134607122,1228.19189453125,860593
2012-10-17,1238.7929102604137,1247.911943154306,1224.5079351972363,1229.1798095703125,896249
2012-10-18,1233.7619104546195,1247.4628892526773,1231.830275116103,1238.7032470703125,559121
2012-10-19,1233.941553352435,1241.6231296073352,1224.2834863167775,1230.168212890625,243014
2012-10-22,1223.6546621574719,1237.9396393987972,1216.0630159412692,1230.707275390625,278367
2012-10-23,1226.3499776068986,1237.9396806481543,1222.7562780388198,1228.0570068359375,351522
2012-10-25,1229.9435014690619,1237.08593447187,1211.0765814319177,1229.8087158203125,540856
2012-10-29,1230.841863110981,1233.5371372637787,1216.107675808156,1223.8341064453125,665083
2012-10-30,1213.771944788551,1274.864833201298,1202.0924220037612,1249.529296875,1697578
2012-10-31,1244.3183970459309,1297.1458212365696,1240.9942690233058,1291.8450927734375,2341085
2012-11-01,1292.8331512278696,1317.9890429821298,1292.0245470587145,1311.4754638671875,1719118
2012-11-02,1317.0905529537742,1327.2876509213693,1306.3992775542647,1317.000732421875,1151250
2012-11-05,1313.4969120938504,1336.8109892027724,1310.577031817308,1328.0963134765625,741504
2012-11-06,1318.9328433319238,1325.1318879927098,1296.517074149581,1304.1536865234375,915224
2012-11-07,1301.5031639290578,1328.0965172083652,1300.9641309602814,1318.1240234375,486738
2012-11-08,1303.7938887666892,1323.5143768552089,1303.7040682303352,1311.4754638671875,459052
2012-11-09,1311.4754885711109,1325.1764655882093,1309.4540329456372,1314.7547607421875,578089
2012-11-12,1324.2783360995945,1324.2783360995945,1297.235767859714,1306.399658203125,290527
2012-11-15,1299.391972540142,1326.973573012624,1294.4056704928491,1317.1358642578125,788772
2012-11-16,1312.5986076633267,1326.973404188045,1288.5207796160262,1292.024658203125,376344
2012-11-19,1299.0323763958324,1353.6565357479979,1299.0323763958324,1342.47119140625,1688460
2012-11-20,1352.1292780990086,1355.8127977197644,1335.9126671411186,1347.00830078125,1032949
2012-11-21,1347.8618402273412,1351.1859682028617,1329.758558116117,1340.8990478515625,421427
2012-11-22,1347.6372901787443,1360.6644506504722,1337.9792229324632,1341.7525634765625,427099
2012-11-23,1348.535379544407,1350.3322288176175,1334.160585358724,1341.6175537109375,223808
2012-11-26,1348.6254931712701,1348.7602788302493,1334.1608753125197,1340.3150634765625,381166
2012-11-27,1345.8401835427558,1356.082246927144,1341.3930252025127,1345.5257568359375,531466
2012-11-29,1347.6370897341826,1351.6350358986658,1324.4128324886276,1337.84423828125,639078
2012-11-30,1340.6743480645123,1346.7387151943067,1320.864038238788,1324.143310546875,432369
2012-12-03,1329.668925555955,1351.4557305861792,1329.1747479652142,1338.5633544921875,710972
2012-12-04,1349.434009313143,1349.434009313143,1325.760538474105,1330.162841796875,326134
2012-12-05,1335.9576629560408,1338.6529373264968,1322.4812911037607,1327.287841796875,368330
2012-12-06,1330.3875953399893,1335.9128205701966,1311.2061365713657,1331.9598388671875,340106
2012-12-07,1338.6528860076107,1383.484303251728,1338.6528860076107,1356.576416015625,1272135
2012-12-10,1352.1294705472067,1368.7503311486175,1338.8777033109466,1341.707763671875,314521
2012-12-11,1338.5633257272198,1347.63739558999,1317.6299809806505,1327.7822265625,309880
2012-12-12,1334.1608968595178,1340.404905673389,1314.4405153500961,1326.0750732421875,652425
2012-12-13,1331.4656994558818,1344.0436480337378,1320.6846006748626,1324.4130859375,536596
2012-12-14,1328.0964228213188,1336.8560643721441,1303.6143477177293,1327.197998046875,464608
2012-12-17,1338.652932776552,1357.3402122165955,1330.1628624068703,1347.32275390625,879034
2012-12-18,1347.637283493464,1352.0844426605913,1322.3466018723693,1325.4910888671875,579109
2012-12-19,1336.2722332605483,1362.865587971901,1334.0711361565996,1356.39697265625,960012
2012-12-20,1359.9455727663444,1374.7247264949785,1356.621444882382,1365.740478515625,626581
2012-12-21,1359.31664725444,1367.3126494666053,1347.7269460409411,1352.0394287109375,505267
2012-12-24,1345.1666161720339,1348.400923720698,1325.491089883739,1328.6805419921875,338405
2012-12-26,1328.3212090924033,1342.1569744287171,1327.8719966442827,1329.7586669921875,260198
2012-12-27,1338.6529746937204,1348.535647661258,1325.4910292163913,1331.465576171875,588291
2012-12-28,1338.6529422451385,1362.9104116683725,1333.352214029566,1347.99658203125,453955
2012-12-31,1349.8832205244914,1360.2151054070416,1335.7330303592596,1338.6978759765625,187038
2013-01-01,1344.941970979283,1369.199441397747,1334.1159079056056,1360.5745849609375,446063
2013-01-02,1364.5276122182486,1406.9332183538754,1364.5276122182486,1399.206787109375,801361
2013-01-03,1407.831562827412,1407.831562827412,1383.8436662187864,1386.5389404296875,584243
2013-01-04,1385.3710593234327,1400.5544605718774,1383.1249972946982,1388.4705810546875,361754
2013-01-07,1395.7028117848465,1439.0518048126025,1395.7028117848465,1423.643798828125,951298
2013-01-08,1431.9994372353394,1432.0892577890797,1411.4254855625122,1414.8843994140625,640368
2013-01-09,1410.5268723067206,1433.3468831304672,1402.9800823933017,1410.16748046875,671715
2013-01-10,1416.0072099260983,1427.5969109993089,1405.2710781579667,1412.59326171875,911264
2013-01-11,1412.3238893297796,1431.145846403782,1399.4763698777801,1406.259521484375,812488
2013-01-14,1410.5270985232196,1417.7144977513635,1375.4885272860188,1382.7657470703125,1491642
2013-01-15,1388.0661749007013,1405.9448485375028,1386.448966556695,1388.964599609375,693345
2013-01-16,1383.5745331170099,1401.5430335471008,1331.7354532446063,1341.5281982421875,1202364
2013-01-17,1335.1491490440621,1367.1330518032378,1335.1491490440621,1342.3365478515625,986779
2013-01-18,1354.644999365528,1405.316071921896,1349.8833039092951,1390.2674560546875,1741932
2013-01-21,1397.0508049268155,1422.0270625424664,1393.232498868334,1414.659912109375,1538191
2013-01-22,1420.4095510749705,1432.897677221656,1407.8765694927058,1410.61669921875,930310
2013-01-23,1423.104770725464,1425.2160469044009,1406.2143419519941,1413.8509521484375,841493
2013-01-24,1415.9174516593487,1417.7143012172921,1373.4219157455914,1382.49609375,575646
2013-01-25,1391.6601054714397,1442.870322393242,1385.5957376780684,1436.985595703125,2993882
2013-01-28,1456.346862846531,1467.9365667861136,1437.9291511325557,1444.8021240234375,1157319
2013-01-29,1444.6671250992126,1462.6356216800486,1426.6986285183766,1431.2357177734375,703176
2013-01-30,1441.0284726904194,1457.9189034856602,1433.8860391083738,1439.186767578125,649445
2013-01-31,1432.0894666732838,1451.8548169034043,1417.759631624855,1420.948974609375,933230
2013-02-01,1424.1831690781312,1457.065609574116,1419.511403264905,1446.194580078125,895967
2013-02-04,1448.2608045848492,1452.5732875736003,1429.3938834333096,1436.940673828125,416405
2013-02-05,1431.1909102371483,1446.9133464764138,1428.4956354532742,1437.7943115234375,491977
2013-02-06,1446.4639930254534,1472.5183133967193,1446.4639930254534,1462.5008544921875,1082611
2013-02-07,1461.692425209209,1463.4444196603324,1450.4172579149651,1457.5596923828125,480018
2013-02-08,1459.9403676087181,1466.1395209499954,1416.9507608721017,1426.4290771484375,659412
2013-02-11,1431.8196616921875,1432.8978373314421,1397.8143025286483,1400.4647216796875,361453
2013-02-12,1402.9356021109716,1423.105199485268,1390.896685181122,1400.599609375,442763
2013-02-13,1401.2730909757097,1410.526910114284,1374.5899187737925,1376.791015625,598533
2013-02-14,1361.2032086285772,1364.212909367726,1326.3892523324203,1334.38525390625,1655638
2013-02-15,1327.197926075072,1334.1607176994294,1314.8445860963736,1325.221435546875,688998
2013-02-18,1326.075199203598,1334.161023588986,1317.5401623523553,1329.4892578125,457163
2013-02-19,1321.8075140991716,1369.9182069939163,1314.6650806611385,1357.7445068359375,814306
2013-02-20,1350.5572706048579,1357.7446700160262,1331.780167708978,1355.0943603515625,639004
2013-02-21,1342.2467352534072,1354.7348626896307,1302.8508272405784,1318.4384765625,957074
2013-02-22,1314.754932518801,1317.9892400079332,1284.8373414845764,1292.2943115234375,648683
2013-02-25,1295.5283691968946,1311.6101926627302,1292.1592766972494,1297.4150390625,399084
2013-02-26,1293.7314293274371,1293.7314293274371,1249.7984442723318,1261.65771484375,686212
2013-02-27,1257.7948636440294,1284.6128250525237,1237.3107319962805,1265.4764404296875,504783
2013-02-28,1271.5408015993653,1274.6852887413554,1204.1589342710095,1216.78173828125,2957853
2013-03-01,1225.451545568331,1290.497529305426,1223.8793020164655,1279.7164306640625,935306
2013-03-04,1265.072126189122,1272.8884889086194,1249.6192612103418,1256.671875,277745
2013-03-05,1253.3026975171456,1298.0443000496007,1253.3026975171456,1285.42138671875,620394
2013-03-06,1288.7453560186898,1295.7081479243852,1267.9469105145988,1279.7611083984375,436690
2013-03-07,1275.314119299339,1307.0285614849422,1266.6442972585942,1302.132080078125,425637
2013-03-08,1311.700211123259,1324.2331932447023,1272.0796992831185,1283.8040771484375,756489
2013-03-11,1292.7434518660352,1300.9190955183117,1270.3726526677438,1273.92138671875,372123
2013-03-12,1267.3632604337508,1284.7477624175744,1259.3222908034195,1273.0682373046875,423192
2013-03-13,1261.388416053643,1270.103092723507,1231.7403977275958,1234.6602783203125,328461
2013-03-14,1232.6388551477655,1280.165550141234,1222.5315759054824,1274.6851806640625,627771
2013-03-15,1279.3568793873767,1282.7709374002065,1246.654195648613,1263.8140869140625,444509
2013-03-18,1248.8103775143452,1252.314255903439,1217.949509903494,1222.801025390625,369621
2013-03-19,1227.2482519118296,1242.3418321141353,1199.4420487841282,1226.035400390625,677734
2013-03-20,1217.3657101521933,1234.4357828406742,1196.7019379503479,1206.2252197265625,454199
2013-03-21,1206.5846735273992,1219.7914760483118,1157.1713026830157,1174.1964111328125,707612
2013-03-22,1180.3506035937917,1188.6160682879377,1163.9093850846737,1172.9385986328125,719856
2013-03-25,1186.8192949935783,1194.905119107842,1146.749566317096,1154.6556396484375,336083
2013-03-26,1145.6713270116493,1166.0656369477022,1137.4956827954354,1161.887939453125,303740
2013-03-28,1156.2727977178986,1182.1474776191483,1142.5268534570466,1151.0618896484375,840376
2013-04-01,1149.9838906749048,1157.5306818916608,1133.812242212289,1153.39794921875,280418
2013-04-02,1145.4915845412954,1182.1922145510277,1132.0152129584567,1174.9599609375,798827
2013-04-03,1163.4601904690198,1193.4676026438885,1163.4601904690198,1171.0968017578125,361668
2013-04-04,1160.764791610396,1194.4557201594596,1151.7805439973126,1177.9246826171875,385661
2013-04-05,1192.2097038213049,1279.3569089988985,1192.2097038213049,1263.454833984375,1681662
2013-04-08,1259.7712794463107,1279.3569850236408,1240.9493227274606,1275.8980712890625,781175
2013-04-09,1281.1537949737458,1295.528592112301,1258.6931744447531,1264.443115234375,682014
2013-04-10,1269.5640805702985,1273.6519573354462,1243.6445466646744,1269.1148681640625,479132
2013-04-11,1270.372572035629,1286.5442172242012,1255.818135234309,1282.9954833984375,506487
2013-04-12,1275.763202739603,1284.74745064622,1259.7263421604907,1265.3863525390625,245123
2013-04-15,1257.7947027713624,1298.1339976730144,1254.515430362081,1278.36865234375,358385
2013-04-16,1271.2710722732331,1336.7662611111202,1271.2710722732331,1331.510498046875,620229
2013-04-17,1335.1491322643324,1351.949742568321,1318.0790603110506,1342.6959228515625,422625
2013-04-18,1334.4304940465229,1377.6895635009112,1334.4304940465229,1369.738525390625,540860
2013-04-22,1372.7930490327328,1396.0173074110317,1370.9063789492816,1383.9783935546875,352370
2013-04-23,1384.472619136249,1387.3475346327018,1361.248359951258,1380.294921875,288841
2013-04-25,1385.2812067701186,1436.8058465846323,1385.2812067701186,1429.348876953125,775649
2013-04-26,1429.348995247868,1521.0332965987898,1408.2809760298896,1503.1995849609375,3505606
2013-04-29,1505.6254402398797,1531.2305514801228,1505.6254402398797,1512.4984130859375,897487
2013-04-30,1518.3381445677796,1524.6271191310782,1487.6569110140565,1500.01025390625,400577
2013-05-02,1475.2135698465554,1536.036886927371,1475.2135698465554,1509.174072265625,877894
2013-05-03,1511.8245894749944,1526.8732074358954,1492.8228797871761,1496.2369384765625,575722
2013-05-06,1499.4710989306873,1526.4238448671288,1489.0493924361308,1520.4942626953125,414868
2013-05-07,1527.322375369373,1533.7461355293935,1512.7679354254342,1520.853759765625,462187
2013-05-08,1524.6272618158232,1524.6272618158232,1503.9634863168462,1510.11767578125,306652
2013-05-09,1511.3753102493254,1512.9475538474446,1487.7018357204156,1491.5201416015625,344448
2013-05-10,1504.8615556814284,1558.6772236964146,1503.0647060627043,1552.43310546875,1228156
2013-05-13,1563.2590754444648,1563.2590754444648,1526.288874800761,1531.814208984375,347596
2013-05-14,1532.712842184989,1541.6072704132298,1519.6856814512948,1530.826171875,300610
2013-05-15,1545.0661184400326,1579.4308685666972,1537.9236848311264,1562.40576171875,653485
2013-05-16,1554.3647439192255,1572.0637785024219,1547.3570961944806,1552.65771484375,289810
2013-05-17,1554.2749200402639,1564.3821991445718,1527.9510292602004,1535.138427734375,288440
2013-05-20,1540.7985633503058,1594.1650194903411,1540.7985633503058,1565.2806396484375,549253
2013-05-21,1565.3704803584478,1567.3470807867222,1519.7754202434585,1524.986328125,559417
2013-05-22,1531.8143770996207,1540.4841988807486,1511.1506054437314,1516.1817626953125,419210
2013-05-23,1509.3537141976478,1516.0469353118506,1424.991600737758,1480.1549072265625,1072941
2013-05-24,1482.760080213677,1596.5006201906435,1450.057400668373,1504.771484375,743669
2013-05-27,1500.3696055842495,1500.3696055842495,1467.7567373549423,1481.278076171875,584287
2013-05-28,1482.4456871839643,1499.4707910025086,1482.4456871839643,1486.982666015625,333797
2013-05-29,1482.400899621923,1493.0023559845868,1456.0321540386046,1468.160888671875,457835
2013-05-30,1458.1436152940125,1478.807388030773,1440.4895440434045,1471.1707763671875,593474
2013-05-31,1460.0300246366612,1485.0062763043736,1435.817521735575,1442.5107421875,410598
2013-06-03,1437.4348182459646,1437.4348182459646,1391.076117166883,1409.224365234375,432366
2013-06-04,1397.6347544606992,1427.372597500384,1382.9455288926947,1389.6837158203125,431388
2013-06-05,1392.6481589787927,1416.1869528246862,1377.5097241370506,1408.95458984375,621196
2013-06-06,1400.4646579601488,1436.4016508801321,1392.5584756493529,1425.8900146484375,498248
2013-06-07,1406.0348844430107,1422.6557440993658,1388.0663875172215,1396.9608154296875,780953
2013-06-10,1415.0189981627489,1420.364581620745,1356.7561743630715,1367.2677001953125,503982
2013-06-11,1358.4181023616668,1366.5039243995338,1330.5669375645691,1339.0570068359375,675122
2013-06-12,1335.0592234673315,1338.6529225883742,1313.4072081972486,1329.354248046875,469660
2013-06-13,1310.8019937536806,1313.0480561144648,1284.7476703685834,1308.645751953125,690959
2013-06-14,1331.465595424413,1365.605738896834,1322.1669203865195,1360.3499755859375,383703
2013-06-17,1379.1718549740817,1393.816222726008,1352.2191116301638,1379.306640625,533292
2013-06-18,1379.0820325485913,1389.8631298714467,1366.5040856719265,1382.271484375,529919
2013-06-19,1373.871113045824,1392.109179727037,1369.1993481148786,1386.9432373046875,389004
2013-06-20,1365.6059994738287,1384.3831039007978,1341.5731307330884,1370.23291015625,505078
2013-06-21,1365.6057632670638,1401.4529364870245,1358.1937583019628,1396.7362060546875,433570
2013-06-24,1388.9648680609928,1412.3239150012164,1376.207278600504,1387.572265625,707604
2013-06-25,1383.5743281985117,1399.0271924112872,1349.6587886598793,1388.24609375,484805
2013-06-26,1389.144469048333,1399.6561056704443,1359.8558406649254,1387.841796875,408512
2013-06-27,1401.5427659374707,1406.0348901872703,1357.699589391026,1366.683837890625,493875
2013-06-28,1383.5740679234068,1391.8395314737754,1363.0001199142446,1381.5526123046875,444718
2013-07-01,1383.5743545050634,1457.6045886543413,1361.1137318669942,1442.376220703125,856025
2013-07-02,1428.9446518450197,1454.5497587784262,1412.773005360763,1418.29833984375,589430
2013-07-03,1402.4409611972878,1420.4094552549084,1397.634410971071,1402.39599609375,173724
2013-07-04,1410.5270841526026,1416.8160584131556,1377.3303281742294,1399.1619873046875,278194
2013-07-05,1411.4254068787804,1415.0191061961038,1391.6600606335014,1396.6463623046875,273858
2013-07-08,1388.0664387359811,1404.2380865659147,1374.5900655443695,1393.501953125,311166
2013-07-09,1387.1678667065069,1391.6599906271886,1366.5040966713711,1387.0330810546875,467745
2013-07-10,1380.9237104904546,1392.243839624498,1374.5897725719751,1386.718505859375,344394
2013-07-11,1401.542722864765,1418.702615037435,1345.1665652623522,1352.62353515625,543696
2013-07-12,1343.1453282970283,1352.1745431014785,1292.3843175620568,1300.8743896484375,945429
2013-07-15,1301.8178630910454,1316.1926635116506,1287.5778483585884,1299.66162109375,522612
2013-07-16,1283.8490174691376,1284.6576217096501,1258.6931234949348,1267.9019775390625,817379
2013-07-17,1268.8005056192371,1287.2631803182103,1259.1424383964318,1276.7965087890625,1141103
2013-07-18,1271.2708570027257,1308.1062669936175,1264.2631009897268,1298.7177734375,714436
2013-07-19,1302.9406895967668,1313.4971819965338,1286.6342559982447,1304.063720703125,403857
2013-07-22,1291.0363230089547,1317.539852256529,1289.2394735684413,1301.3232421875,324022
2013-07-23,1295.7982641376198,1315.2940404036149,1293.4622716842503,1301.548095703125,451305
2013-07-24,1291.0365570423203,1297.1458901159335,1259.6815066872582,1272.214599609375,405613
2013-07-25,1276.1224987563774,1304.647483717729,1259.8160680962417,1270.37255859375,1896090
2013-07-26,1300.919099441684,1300.919099441684,1215.2991728545067,1235.6934814453125,1226137
2013-07-29,1235.3344266724278,1238.1195223547204,1200.1162090677037,1211.256591796875,710715
2013-07-30,1212.7837185549242,1224.3734209739066,1204.3385030891773,1206.0455322265625,459744
2013-07-31,1200.2956098683394,1200.2956098683394,1160.7649161301606,1191.5809326171875,500776
2013-08-01,1191.311415627586,1221.4984702884726,1187.9423222575986,1204.158935546875,797570
2013-08-02,1220.060944269612,1225.3167076991651,1192.7937720516898,1201.8228759765625,360939
2013-08-05,1208.6056735217335,1223.4746442786438,1196.74651286272,1207.392822265625,178344
2013-08-06,1194.904975871878,1220.734688696176,1176.2626613986888,1196.6568603515625,301434
2013-08-07,1208.3813114874692,1212.783614779503,1169.7490465105463,1195.6685791015625,456603
2013-08-08,1195.8933160438062,1250.9668041448363,1195.8933160438062,1244.3634033203125,1398921
2013-08-12,1250.8319220334886,1265.8805373641126,1232.8184610081348,1240.005859375,700028
2013-08-13,1224.463093772758,1276.739964680976,1224.463093772758,1262.3717041015625,1031827
2013-08-14,1263.3203650878193,1286.815593623072,1251.5727508201928,1257.1754150390625,530381
2013-08-16,1255.3229964212305,1255.368113367649,1190.2592854081224,1197.443359375,1464791
2013-08-19,1192.834686498199,1208.016262995965,1174.761433672469,1182.3973388671875,429786
2013-08-20,1174.7613167567013,1180.815811726607,1146.3862905821961,1172.8636474609375,916913
2013-08-21,1186.5090860155478,1197.2174665957284,1152.1699045467049,1160.70947265625,926580
2013-08-22,1160.48349532449,1173.8577462574249,1113.8545260802662,1161.8389892578125,1030562
2013-08-23,1174.6713307238049,1196.4495827895398,1144.0823660959868,1168.43603515625,621224
2013-08-26,1174.7615912671881,1191.2986639453384,1169.7462188110815,1182.12646484375,438706
2013-08-27,1174.6710653663556,1181.04182067047,1120.541652201944,1138.8408203125,929746
2013-08-28,1118.7344737884273,1128.6747639432517,1097.9502307374307,1117.243408203125,1150637
2013-08-29,1120.9935127329022,1142.0488965158027,1105.450559340726,1130.1204833984375,573972
2013-08-30,1125.963807584487,1128.6747958852525,1106.9868894791307,1123.7498779296875,758972
2013-09-02,1120.7678628305289,1181.629534428303,1114.2163070913462,1174.76171875,537411
2013-09-03,1188.3162648867803,1192.4730905954127,1133.6446800764,1153.11865234375,627614
2013-09-04,1146.747799291734,1159.2183868597174,1122.3489099451015,1153.5252685546875,656723
2013-09-05,1165.7248845446452,1187.7290492567242,1165.7248845446452,1174.4000244140625,531076
2013-09-06,1184.7018078324913,1185.5602432792289,1153.97727582158,1164.279052734375,473918
2013-09-10,1179.2797915621939,1219.8993847029599,1174.761478184561,1207.8807373046875,857196
2013-09-11,1220.8484064029858,1255.0069033487828,1216.6012354937664,1229.704345703125,1255303
2013-09-12,1236.1653347387826,1243.4398635296627,1188.813497951515,1193.6480712890625,523296
2013-09-13,1188.3164422557525,1206.3896961303647,1175.665164543524,1189.1297607421875,534719
2013-09-16,1213.9352080452607,1246.4219467459943,1205.8925883370343,1228.890869140625,707004
2013-09-17,1230.788687051231,1255.0068932994518,1228.9813615195844,1243.25927734375,478211
2013-09-18,1251.5728657940579,1269.6461201737554,1244.343564042179,1266.799560546875,413270
2013-09-19,1302.1779315845386,1358.566505298854,1302.1779315845386,1337.4207763671875,1132596
2013-09-20,1337.3302795258144,1339.2279488892912,1266.0312796180142,1325.89892578125,751243
2013-09-23,1310.3108796554416,1314.2870174902662,1254.2837937667261,1266.25732421875,500010
2013-09-24,1256.0911015867582,1303.0815600633853,1253.3801135977221,1274.8873291015625,517200
2013-09-25,1278.5925821601581,1285.9122291466276,1243.5756468970296,1258.9830322265625,326342
2013-09-26,1278.682693737293,1285.9119951859846,1247.1448441052996,1253.877197265625,537625
2013-09-27,1257.8081699420582,1272.0859748216353,1230.3820282796178,1235.26171875,599199
2013-09-30,1234.4030181031196,1241.3160585315832,1210.907792282709,1227.6707763671875,406918
2013-10-01,1232.6410443171362,1274.1642976959117,1232.5958170618608,1247.235107421875,931358
2013-10-03,1260.564211175189,1283.2010054303507,1242.7168732475486,1276.2879638671875,650153
2013-10-04,1274.6163936370647,1296.7109052196934,1270.5951382563087,1290.88232421875,666373
2013-10-07,1287.7194681813012,1294.6776274992442,1266.9804513968563,1274.34521484375,329756
2013-10-08,1283.2010210653305,1286.6801003631836,1265.127767247509,1271.0919189453125,411447
2013-10-09,1271.4532265143177,1271.4532265143177,1252.6570010742503,1263.7720947265625,481828
2013-10-10,1264.2241443245464,1287.9000634464967,1263.5463972850587,1284.195068359375,617290
2013-10-11,1297.7501869583145,1328.3843794025358,1276.9659415663023,1322.96240234375,762748
2013-10-14,1324.0917091910449,1336.5170707343834,1303.443039524737,1307.509521484375,697237
2013-10-15,1312.1182567047324,1331.2758620586346,1293.14133976892,1301.1839599609375,413066
2013-10-17,1301.3196376896117,1311.9376754135753,1281.3938291558009,1289.572021484375,316070
2013-10-18,1294.0451522606384,1330.6434963015292,1290.5208452168424,1327.2547607421875,490221
2013-10-21,1328.7004462817188,1394.125648680513,1328.4745306037605,1373.5220947265625,877353
2013-10-22,1376.2782887234544,1388.025903794633,1360.283503096851,1368.6875,351924
2013-10-23,1370.675385697064,1396.1586252176662,1339.6797164305437,1381.564453125,534863
2013-10-24,1380.7966763719244,1400.4513411043126,1355.4488922135831,1368.0550537109375,580715
2013-10-25,1356.4880206864025,1385.405226314243,1346.4573870463223,1363.3558349609375,432129
2013-10-28,1364.846751525986,1381.700080654249,1358.2048536450857,1367.5577392578125,919522
2013-10-29,1437.6369388119522,1487.8805603297947,1414.9098009938511,1477.71435546875,4085346
2013-10-30,1482.9105250317418,1499.989772519231,1468.451921497002,1478.9796142578125,951167
2013-10-31,1469.4457833878914,1488.0612115393749,1461.4483911591904,1478.57275390625,760636
2013-11-01,1483.814114555468,1496.3298205607437,1469.5814274030631,1478.5277099609375,733492
2013-11-05,1486.5251471987863,1486.5251471987863,1461.403279918323,1466.8704833984375,491093
2013-11-06,1465.7407873982886,1485.6213652791532,1454.896835826908,1459.008544921875,526949
2013-11-07,1455.1679196794266,1486.434623379143,1448.0289631226074,1455.6197509765625,496581
2013-11-08,1450.4690336417727,1454.8970031046042,1407.4547095251064,1428.2841796875,740937
2013-11-11,1427.787168559693,1449.4750749175619,1410.888718980012,1430.091552734375,509621
2013-11-12,1438.1791407437422,1465.7408522063147,1429.6846895751673,1434.2030029296875,720325
2013-11-13,1427.7869143098092,1440.438190765719,1421.4612760818543,1427.3350830078125,446748
2013-11-14,1442.8782008505116,1468.451899595312,1438.1339716364346,1457.2464599609375,633129
2013-11-18,1470.891868915117,1477.6242228399703,1456.7496345984268,1472.3829345703125,642611
2013-11-19,1472.9701250412631,1528.183891101899,1468.8584158441422,1520.4576416015625,1253144
2013-11-20,1527.190040287606,1536.2266677449293,1484.8082354506819,1490.907958984375,612988
2013-11-21,1495.4714771757795,1507.0382939585788,1480.9676462037316,1488.33251953125,591465
2013-11-22,1501.887341044941,1515.2163652810498,1478.618027548005,1482.142333984375,822901
2013-11-25,1493.7542960002543,1527.0091242095891,1487.699800630635,1517.1591796875,730897
2013-11-26,1518.1532559592665,1525.3825571781201,1495.1550855809414,1503.0621337890625,395917
2013-11-27,1507.354668507628,1509.116766715864,1482.9105474136124,1500.034912109375,571218
2013-11-28,1508.2130628452808,1513.6350391047606,1489.3717174056667,1506.0894775390625,888680
2013-11-29,1509.1167685199812,1529.5847515443218,1506.5413517854838,1514.67431640625,502124
2013-12-02,1509.1168146158734,1520.231910727921,1497.0077115263375,1501.3453369140625,495575
2013-12-03,1500.0800640336126,1524.3433851759344,1493.076678192492,1503.0169677734375,572128
2013-12-04,1493.1220175844082,1508.9361158326406,1476.5397177443742,1481.781005859375,428767
2013-12-05,1506.5411934057413,1544.088309938122,1506.5411934057413,1536.362060546875,1947489
2013-12-06,1541.4225975931165,1552.1762054159192,1530.804561232736,1537.58203125,834899
2013-12-09,1571.3790870328983,1599.482974868223,1544.8113816594503,1593.8350830078125,1184977
2013-12-10,1593.1573551646723,1609.0617967729847,1577.7950891194089,1583.036376953125,1048021
2013-12-11,1575.3552433933214,1604.8146256197624,1567.8547987908005,1584.1207275390625,668007
2013-12-12,1579.602387361523,1579.602387361523,1545.6246921668537,1549.600830078125,478485
2013-12-13,1545.2632325383854,1554.254632369643,1520.50285224733,1526.8284912109375,577334
2013-12-16,1524.478910480837,1549.6911208075346,1514.538621200879,1537.67236328125,428119
2013-12-17,1545.4439378970294,1564.872686355371,1531.663081432392,1537.943603515625,552326
2013-12-18,1539.6153409070862,1573.1412053586712,1532.0697793468169,1563.291259765625,791839
2013-12-19,1573.2768184126082,1624.7855942021076,1559.0441303655095,1609.0167236328125,1469454
2013-12-20,1622.0746728439444,1653.7028698074755,1603.9561901735344,1635.3133544921875,1493300
2013-12-23,1634.7257481598192,1644.5756931931187,1622.616646481744,1628.7615966796875,681383
2013-12-24,1622.0743436025346,1628.8970402582715,1604.2270075099718,1616.4716796875,409326
2013-12-26,1613.0380923219366,1629.981769762293,1607.1190568786121,1620.8095703125,362435
2013-12-27,1617.7821376109691,1627.2253686372314,1593.1573292043786,1604.0465087890625,503568
2013-12-30,1613.0378707837763,1621.938926047873,1597.6756053477404,1605.9892578125,358010
2013-12-31,1608.6098719584159,1612.9926137781433,1588.232345250897,1593.9705810546875,303542
2014-01-01,1599.4828889807877,1605.7181833219418,1587.3286704739846,1594.0609130859375,214453
2014-01-02,1589.5429009425382,1639.9673304405446,1589.5429009425382,1598.037353515625,1565710
2014-01-03,1595.868256091927,1634.4094905675488,1583.4428945283573,1625.32763671875,583504
2014-01-06,1631.1110583267462,1644.1238223499884,1619.8605026303064,1633.5509033203125,549379
2014-01-07,1660.9320388953086,1675.6165577375548,1644.7564545393102,1667.9354248046875,1614578
2014-01-08,1671.7758855495324,1680.8125119579083,1651.0368720664621,1660.4801025390625,1398622
2014-01-09,1679.7282498846498,1679.9089382982356,1627.5868465602746,1637.256103515625,947521
2014-01-10,1636.6237428460477,1639.7414458214978,1597.6758966139757,1621.261474609375,670378
2014-01-13,1626.5930663651661,1639.9220928812142,1594.9648678525102,1611.0048828125,559984
2014-01-14,1611.2304984352545,1619.1827738472537,1589.6329391255042,1602.5101318359375,530939
2014-01-15,1617.5563775856363,1632.918644858796,1596.8624778438298,1626.683349609375,612338
2014-01-16,1629.3941850183076,1636.3524539634104,1613.0379122835602,1617.420654296875,429527
2014-01-17,1606.8931172563464,1634.545286675649,1596.139618382616,1604.18212890625,310359
2014-01-20,1603.0977269603777,1624.1982302221572,1592.2537739031486,1606.89306640625,340046
2014-01-21,1610.32690495635,1638.0693052666286,1610.32690495635,1628.309814453125,541958
2014-01-22,1631.562938241273,1643.7623841932295,1622.0744802786405,1633.6865234375,424767
2014-01-23,1623.068470221934,1644.575685503795,1616.1554288591656,1620.9901123046875,493794
2014-01-24,1612.9476385932162,1631.0208933025124,1598.8052947211133,1603.3236083984375,377713
2014-01-27,1585.9277820349048,1585.9277820349048,1527.189716033612,1538.3048095703125,923081
2014-01-28,1549.7816137944753,1582.7653041172148,1392.0021199565451,1415.1358642578125,6599087
2014-01-29,1459.5958666935226,1534.238489757046,1459.5958666935226,1512.595703125,6737926
2014-01-30,1507.3094314108348,1512.7314077828162,1468.994109653421,1478.3018798828125,1651215
2014-01-31,1495.5619639723789,1495.5619639723789,1464.701856671835,1478.6182861328125,729347
2014-02-03,1463.9336190917516,1500.0801282051282,1457.6532072574591,1462.578125,957497
2014-02-04,1446.7642195349729,1472.9704421249255,1436.8239282077495,1463.6175537109375,703285
2014-02-05,1463.0298900949288,1466.734885049151,1447.7579686242013,1451.914794921875,627278
2014-02-06,1455.077667534992,1486.479947053161,1439.5347128760548,1481.7357177734375,1237835
2014-02-07,1495.51635265515,1509.4780057958083,1489.6877730992935,1504.552978515625,921283
2014-02-10,1504.5984231075558,1537.6724564723465,1504.5984231075558,1526.1507568359375,896683
2014-02-11,1527.4159868353336,1534.4193732562617,1507.3998345508596,1516.481689453125,294694
2014-02-12,1522.671628182574,1527.0092532060023,1484.8081395205857,1488.9649658203125,442825
2014-02-13,1487.4288726318546,1498.9957998481673,1475.2294256205969,1483.136474609375,439092
2014-02-14,1483.8141958248746,1494.251544432452,1460.0027050611395,1485.079345703125,451950
2014-02-17,1477.4883158546893,1513.5444747990894,1477.4883158546893,1505.230712890625,617227
2014-02-18,1513.635074596899,1566.6349158381463,1505.592454228007,1543.862548828125,954637
2014-02-19,1548.8776564454975,1555.2032944823227,1528.9970797583323,1534.5093994140625,341015
2014-02-20,1533.5156331651242,1541.6485976309382,1512.9120790609063,1521.135498046875,344996
2014-02-21,1523.665581909507,1538.3953273234629,1510.5173564536117,1514.1771240234375,340948
2014-02-24,1513.6349435323355,1531.7081965894379,1487.2480381931186,1522.12939453125,326898
2014-02-25,1527.2802434168464,1530.7142056575726,1511.285458419068,1516.345947265625,245384
2014-02-26,1507.3094138468466,1521.8583615467196,1491.9471476385754,1503.739990234375,584837
2014-02-28,1482.0067160950284,1499.2215333543086,1421.4613197667559,1435.919921875,1768632
2014-03-03,1429.594458060105,1461.132309822751,1423.2688188651487,1429.775146484375,1060385
2014-03-04,1425.0762430496761,1448.571475972499,1400.6773473221294,1443.510986328125,797764
2014-03-05,1459.144097548602,1479.2505923477715,1440.0317199541055,1468.8133544921875,728060
2014-03-06,1472.699313110481,1497.3693532170366,1462.1265018136182,1491.4503173828125,422906
2014-03-07,1495.5617805710474,1578.6987496420663,1482.1875283789452,1567.9000244140625,944177
2014-03-10,1563.33651629311,1642.1810891524012,1551.272640960672,1627.5869140625,1324717
2014-03-11,1630.207474643175,1637.1656331546926,1576.7106881138502,1585.159912109375,703249
2014-03-12,1558.818248620278,1618.459990306619,1518.153424743227,1594.1063232421875,1443683
2014-03-13,1595.8680995097836,1618.3693195774038,1566.0472346831568,1579.0147705078125,641720
2014-03-14,1549.7816858644758,1587.1481201933557,1545.263371911518,1570.9725341796875,588996
2014-03-18,1716.9590508389344,1725.092014763961,1673.809158903377,1688.2225341796875,1795672
2014-03-19,1692.5599501520924,1707.0185509008556,1672.4534584858436,1689.623046875,621508
2014-03-20,1688.945625108736,1694.1869130133261,1670.0139352328774,1677.695068359375,310199
2014-03-21,1677.694988297999,1698.2080869562888,1677.694988297999,1688.5389404296875,284182
2014-03-24,1696.7622751468393,1719.6701023195494,1692.7861372412485,1704.5789794921875,329812
2014-03-25,1699.7892248056742,1727.8027633325087,1695.1353406980136,1718.4949951171875,395158
2014-03-26,1726.8995314871902,1761.2387163100648,1726.8995314871902,1750.485107421875,634815
2014-03-27,1754.0091456711789,1778.7695235248002,1735.1678021035564,1749.084228515625,825829
2014-03-28,1749.4008331780249,1768.0614920237942,1735.1229168416473,1745.3343505859375,326409
2014-03-31,1751.253032536807,1789.2520920502093,1739.5506450488144,1781.796875,437613
2014-04-01,1785.637677403725,1789.2523285725586,1736.9302308416145,1744.8372802734375,288560
2014-04-02,1748.5872081649961,1760.96734220718,1737.6076850283955,1746.9605712890625,268932
2014-04-03,1753.1054934977435,1775.1548836223683,1741.3578793660577,1752.8343505859375,307539
2014-04-04,1753.1057457544905,1762.142373309926,1732.4570738523994,1741.538818359375,195927
2014-04-07,1739.5507326013194,1749.4910225018984,1691.6566085348934,1721.4322509765625,319401
2014-04-09,1707.922341804455,1753.1054725400227,1695.2710651984962,1746.3280029296875,698363
2014-04-10,1746.7801217121919,1783.3784636311489,1731.5081989481282,1771.1337890625,486855
2014-04-11,1754.0093050789249,1760.9674637621408,1737.8789479057327,1749.2198486328125,504763
2014-04-15,1738.9182846166148,1760.877223390086,1720.5738865549226,1741.538818359375,228758
2014-04-16,1743.3912562459125,1775.516509212645,1740.860956572975,1748.813232421875,371554
2014-04-17,1750.84647631951,1772.5343810584357,1731.3273841165546,1763.3621826171875,337629
2014-04-21,1765.2600704689357,1808.2292811696157,1765.2600704689357,1796.7528076171875,481905
2014-04-22,1806.3766263888729,1813.515584240768,1777.504645388395,1785.276123046875,323792
2014-04-23,1793.6801530152113,1801.9034616960791,1779.3118937209529,1791.104736328125,398691
2014-04-25,1798.2888396331027,1801.9034905670385,1732.3214600887727,1767.7449951171875,1064921
2014-04-28,1762.1424681279098,1777.3240473620951,1750.3496244093549,1762.549072265625,258675
2014-04-29,1766.66039510399,1772.0823707411378,1726.2667207313896,1731.869384765625,335612
2014-04-30,1736.0264269753757,1753.828648721465,1726.8994555778324,1737.743408203125,243902
2014-05-02,1712.4409622438225,1724.821098163326,1698.931247853182,1701.95849609375,324650
2014-05-05,1701.5968663012802,1731.7792225824035,1686.2346003814066,1715.0162353515625,352889
2014-05-06,1716.0553529197955,1731.4628450519954,1701.5967506835043,1726.2215576171875,239206
2014-05-07,1721.6581810886757,1723.4655065402953,1697.1689432813084,1700.0155029296875,246112
2014-05-08,1706.1151197851161,1716.9590718176487,1695.4518561623054,1713.8865966796875,180796
2014-05-09,1698.885765093781,1792.6407640982914,1698.885765093781,1784.59814453125,457287
2014-05-12,1784.7338424608672,1865.9280247573345,1775.74244266984,1852.4180908203125,555623
2014-05-13,1879.6183167769866,1915.7648228688515,1845.7761945726306,1888.9713134765625,528807
2014-05-14,1890.4623331821797,1915.764888310813,1861.0932959793015,1884.3173828125,329237
2014-05-15,1881.425747407926,1922.0905690377804,1877.8110965963833,1913.8221435546875,441637
2014-05-16,1988.0579761834267,2095.1420080823978,1933.9286677165628,1944.817626953125,808438
2014-05-19,1979.021432210888,2033.2411974769398,1979.021432210888,2001.296630859375,490566
2014-05-20,2007.9385422156308,2021.312794451754,1972.2890924197116,1982.635986328125,225127
2014-05-21,1988.9613681104302,1997.0491041973605,1957.3331773408413,1960.224853515625,186665
2014-05-22,1992.5311736705535,2066.6767478158263,1992.5311736705535,2046.615478515625,679922
2014-05-23,2059.17630815299,2171.5016344942237,2047.1125425560533,2156.00390625,397790
2014-05-26,2175.567783354788,2263.6748898457918,2091.120554642178,2115.745361328125,778712
2014-05-27,2119.9475615203105,2139.873369068437,2068.484012583468,2080.27685546875,241821
2014-05-28,2069.3877433466273,2132.9152802032177,2065.095345189031,2087.415771484375,352579
2014-05-29,2081.225620972162,2112.4922175442707,2037.8045847732467,2083.710693359375,352983
2014-05-30,2091.2113974297677,2114.5259442138704,2036.8561626162657,2052.94140625,189180
2014-06-02,2051.314371041433,2114.8871315376596,2051.314371041433,2100.38330078125,246577
2014-06-03,2118.8177404203057,2129.752146574094,2087.4606910469133,2111.72412109375,372134
2014-06-04,2113.938008219563,2162.509873978606,2112.763202691007,2143.532958984375,296026
2014-06-05,2177.8272898821383,2193.1895570721786,2139.105251687161,2151.8017578125,553410
2014-06-06,2170.5978452182862,2180.447680580665,2150.7172654535893,2161.6064453125,252012
2014-06-09,2182.34548353611,2213.070016223575,2157.0881544657177,2200.55419921875,315081
2014-06-10,2236.5653878881562,2244.6983529350223,2178.7309697771093,2226.896240234375,559445
2014-06-11,2232.047096989499,2243.342881893292,2198.6115736742718,2212.66357421875,395488
2014-06-12,2186.863840421384,2248.6292772204433,2174.890309063705,2241.851806640625,446513
2014-06-13,2245.6020958496856,2255.5423868172297,2162.9621755209478,2171.818115234375,328108
2014-06-16,2167.8863231414543,2176.922948081602,2133.0953171218853,2151.755859375,225806
2014-06-17,2157.9467955537475,2189.1231625749388,2151.6211558682885,2181.8486328125,190284
2014-06-18,2182.345446952804,2213.0699791252246,2168.790506288501,2200.418701171875,501190
2014-06-19,2205.8411493447575,2213.070452578989,2142.5847460452355,2150.762939453125,305893
2014-06-20,2135.581040757785,2166.3960294566855,2134.4514622955203,2138.427490234375,135952
2014-06-23,2161.5613356255044,2164.2270966602487,2124.5563894930306,2150.988525390625,158501
2014-06-24,2159.7536976494516,2188.670901969444,2159.0307234172997,2181.98388671875,217974
2014-06-25,2182.300103086419,2284.4592112252126,2160.7478809542426,2232.950439453125,430866
2014-06-26,2245.6017326926585,2262.726096147791,2202.677755910807,2247.318603515625,539042
2014-06-27,2241.1288866288364,2241.1288866288364,2204.9371487314424,2218.220947265625,151990
2014-06-30,2218.4468602737256,2231.59519762544,2194.273881315847,2204.349853515625,240672
2014-07-01,2217.407866866619,2354.4030176988617,2210.9015387013733,2334.884033203125,1505073
2014-07-02,2343.9206092954632,2408.261356381187,2320.831980685172,2387.431884765625,775548
2014-07-03,2394.7061892468205,2405.5501418019007,2363.077994294504,2376.54248046875,395691
2014-07-04,2373.921210808154,2398.5912393461,2364.5682163810097,2387.927978515625,346996
2014-07-07,2393.802214043648,2403.7425025881857,2366.330959405226,2384.630126953125,252391
2014-07-08,2403.7424275534954,2404.7815512569596,2329.642097080042,2340.169677734375,325370
2014-07-09,2355.8489277439007,2355.8489277439007,2252.1083938211214,2274.022216796875,406355
2014-07-10,2274.518937268385,2376.632818838241,2250.1200452118705,2287.802734375,349298
2014-07-11,2281.74802023502,2314.2346459435234,2233.8539033746415,2263.3583984375,273178
2014-07-14,2242.8910097605667,2282.2455677747635,2242.8910097605667,2267.877197265625,142260
2014-07-15,2282.6520434011845,2303.7526562787207,2265.4824516257995,2275.829345703125,171337
2014-07-16,2281.7033607983844,2335.7876680548497,2260.964343498369,2324.356201171875,255637
2014-07-17,2326.9311957993723,2331.2235931508467,2283.781306634549,2313.692626953125,214428
2014-07-18,2304.339907445892,2307.231583989904,2263.6750855497885,2281.386962890625,260815
2014-07-21,2281.386601245722,2325.123781170234,2281.386601245722,2296.52294921875,238243
2014-07-22,2300.544427345104,2314.2800555537965,2253.4182875938354,2271.265625,236100
2014-07-23,2281.8837106554342,2285.769504273791,2240.179766541543,2250.165283203125,253475
2014-07-24,2259.1569834899497,2269.0972742173053,2245.60204158901,2257.982177734375,288868
2014-07-25,2256.4452101182583,2292.5917092791437,2256.3547556220674,2267.560302734375,230984
2014-07-28,2268.1936799587784,2281.7486222692887,2252.4700351269084,2264.127197265625,182179
2014-07-30,2268.1480479117326,2313.3764081403483,2245.6017086831116,2306.5537109375,189655
2014-07-31,2317.6686724362285,2340.486153274133,2269.4581840809096,2280.8896484375,958095
2014-08-01,2268.1936954695957,2373.515642066658,2267.2900326427157,2336.8720703125,943610
2014-08-04,2340.4863452608233,2403.742732970575,2323.678131135352,2390.8203125,480503
2014-08-05,2398.0496626983013,2417.297722331112,2375.3678613023517,2409.029296875,412319
2014-08-06,2398.3207617113435,2412.779364645549,2376.9492274975296,2382.95849609375,238191
2014-08-07,2376.1812615659023,2410.068615552866,2376.1812615659023,2394.1640625,286075
2014-08-08,2375.7291536067664,2381.1511296134768,2343.649128900399,2369.94580078125,266242
2014-08-11,2384.765866070881,2414.586735180521,2381.196442528883,2407.8544921875,226565
2014-08-12,2414.5868824481563,2426.289271006522,2392.1760019898984,2407.58349609375,223239
2014-08-13,2397.688392953637,2417.252603032748,2388.380622604423,2395.564697265625,186796
2014-08-14,2390.1874051987197,2433.563206880965,2390.1874051987197,2409.661376953125,311544
2014-08-18,2395.7451133868067,2460.221530826845,2395.7451133868067,2443.09716796875,359547
2014-08-19,2453.4440251260685,2494.108843222081,2450.9137256537206,2484.439697265625,404906
2014-08-20,2484.169013594687,2489.5909903431657,2462.4358793370416,2474.09326171875,212477
2014-08-21,2479.605317778332,2504.049438886203,2474.319023150628,2485.569580078125,206504
2014-08-22,2490.4944461410655,2501.2479442168024,2466.0955528007867,2489.455322265625,192631
2014-08-25,2513.0861285563906,2552.80206262355,2511.4594914687655,2535.542236328125,390940
2014-08-26,2516.700691720054,2530.1651780881243,2489.5908099421,2505.314453125,295099
2014-08-27,2527.64099413128,2540.029522939162,2505.6319118664023,2513.346435546875,308090
2014-08-28,2518.5653842700667,2544.6132053697875,2506.4943779321866,2527.1875,444326
2014-09-01,2544.8851586088444,2659.2416243665884,2533.994066631916,2643.631103515625,640846
2014-09-02,2658.3341907002864,2691.9150596166096,2639.0933047182543,2645.67333984375,431825
2014-09-03,2668.317619263182,2670.132801317103,2629.2912051038907,2639.77392578125,423897
2014-09-04,2641.089914015993,2653.3878168662973,2616.675803786408,2629.971923828125,254066
2014-09-05,2606.601790305259,2633.7841010100515,2595.61984872669,2614.543212890625,262632
2014-09-08,2609.324285648016,2654.159195176429,2592.080055586342,2646.2177734375,393871
2014-09-09,2659.2416639819585,2661.0568460051545,2634.7367066688143,2641.08984375,194446
2014-09-10,2623.8911681775194,2650.120461078103,2618.400197969793,2638.32177734375,185112
2014-09-11,2636.552238358775,2653.796469866113,2610.4589933147768,2647.5341796875,280993
2014-09-12,2651.073528323245,2703.7138106384614,2651.073528323245,2697.17919921875,453657
2014-09-15,2696.3624190134137,2699.53898799142,2659.242030159516,2688.82958984375,287604
2014-09-16,2681.93163566228,2704.893734253126,2660.1494497888807,2677.71142578125,360771
2014-09-17,2677.3936284660467,2709.1593155834407,2646.7624301742744,2693.004150390625,313982
2014-09-18,2702.8062449996587,2777.228713800858,2686.4696055067125,2761.52734375,369872
2014-09-19,2763.7962506455806,2808.086738674319,2750.000910854294,2797.55859375,276972
2014-09-22,2790.2075340236815,2799.9187150727894,2760.43849980353,2782.85595703125,228956
2014-09-23,2794.4730718508445,2824.4235789541503,2771.87414148666,2778.862548828125,331237
2014-09-24,2790.8424794666516,2804.4563452201473,2750.908473256397,2787.938232421875,211358
2014-09-25,2790.8424067374426,2813.5321824019748,2761.799493886842,2774.732666015625,318285
2014-09-26,2759.349222563379,2801.7336819556454,2688.193948486434,2757.26171875,290099
2014-09-29,2755.446421188792,2756.3540122366144,2724.4522755375956,2730.169921875,217945
2014-09-30,2739.109881092994,2793.5653459258565,2735.298042870664,2779.8154296875,293390
2014-10-01,2766.3379033842602,2797.1051556068783,2687.5135211470197,2696.407958984375,513843
2014-10-07,2696.4531903651414,2717.327785914922,2662.8723192633206,2667.092529296875,295318
2014-10-08,2667.409906147618,2693.730044724781,2653.841465231564,2678.391845703125,283872
2014-10-09,2687.377075696833,2735.071029275844,2687.377075696833,2728.400146484375,292837
2014-10-10,2713.788239951066,2718.235347714381,2670.133019357499,2692.0966796875,249861
2014-10-13,2669.2257002130445,2704.6217567612625,2654.7496649919935,2698.132568359375,158747
2014-10-14,2704.7118812559,2716.1473942886996,2683.837289386382,2688.375244140625,176342
2014-10-16,2682.9301128776656,2704.62145132176,2642.9052571305256,2665.458984375,168761
2014-10-17,2668.3174792595446,2687.1045682159165,2633.829022044625,2669.31591796875,283917
2014-10-20,2702.806300660278,2736.2056975163096,2702.806300660278,2726.13134765625,196994
2014-10-21,2736.387289415114,2799.6917714836727,2731.849333711275,2791.47802734375,220013
2014-10-22,2806.272146721664,2894.3084980256745,2800.2819558360306,2883.598876953125,398874
2014-10-27,2877.971172427275,2895.215402094925,2818.5239596256392,2876.791259765625,160160
2014-10-28,2876.7916157797968,2876.7916157797968,2840.8057154150583,2860.137451171875,220379
2014-10-29,2873.4333826022034,2921.5357102326257,2854.7369175705126,2909.1923828125,228343
2014-10-30,2924.1224341051106,2994.142997878853,2877.9713386704584,2940.822021484375,1274329
2014-10-31,2963.284941463312,3040.4301849623566,2946.2676083385227,3028.8583984375,902391
2014-11-03,3022.2784350637285,3025.9087995502914,2973.2685144951274,2983.115966796875,452092
2014-11-05,2990.5124544419164,3020.326908514951,2976.898588943698,2985.021484375,267172
2014-11-07,2982.344123229779,3012.0223055813744,2948.8993051574844,2984.47705078125,302843
2014-11-10,2981.4367614308894,3008.6644944119935,2966.053136612537,3002.1298828125,207284
2014-11-11,2993.235524785737,3026.725548605154,2987.018436958891,3021.370849609375,213365
2014-11-12,3021.3708696471094,3059.762018735108,3004.1266381892256,3049.279296875,261098
2014-11-13,3058.58176196834,3082.179128677888,3014.74507103425,3020.962158203125,235947
2014-11-14,3021.461745491462,3034.984764812778,3013.4748991628235,3021.8701171875,115687
2014-11-17,3014.972473316667,3058.5822737916,3006.9404243289687,3032.443603515625,186565
2014-11-18,3032.2614285542213,3064.7078057080116,3017.331601424596,3053.6806640625,276896
2014-11-19,3065.842188208082,3081.2712341522906,3016.469329818541,3034.439453125,213795
2014-11-20,3034.076952568721,3053.86248224694,3005.9416293471745,3027.27001953125,164288
2014-11-21,3025.046666970066,3053.136568190807,3000.0879108388986,3045.013671875,261401
2014-11-24,3040.7480208852,3052.319807754103,3025.908817327249,3043.243896484375,156584
2014-11-25,3047.690989842723,3074.91872352208,2978.396318996813,2984.93115234375,343894
2014-11-26,2976.8986884801307,3001.3127994579822,2948.491043874701,2980.529052734375,223306
2014-11-27,2982.979175448455,2999.951082150105,2956.2052420249447,2961.877685546875,244311
2014-11-28,2975.9913646798655,3049.2339257709255,2973.2685912446595,3036.9814453125,275680
2014-12-01,3032.26149654105,3114.8522766024794,3026.8159506029338,3075.9619140625,510490
2014-12-02,3081.271234164515,3081.271234164515,3042.2902476977497,3046.646728515625,165773
2014-12-03,3054.815591766791,3099.1512840422633,3054.815591766791,3078.09521484375,286735
2014-12-04,3078.54879580418,3099.423389643654,3071.46954140352,3092.026611328125,199285
2014-12-05,3095.79306166983,3101.2386079524504,3076.733649680658,3094.976318359375,140056
2014-12-08,3113.0373314795156,3122.1132420669196,3055.0423514579447,3067.521728515625,203336
2014-12-09,3076.7335967071035,3076.7335967071035,3013.0207506133847,3028.222900390625,221590
2014-12-10,3015.9705620095915,3035.892141762887,2997.954790563303,3016.2880859375,236136
2014-12-11,3017.7404775221253,3042.2454377907256,2983.0251171416076,3032.352783203125,156314
2014-12-12,3042.2454232754517,3080.7271979928146,3033.4418337591537,3067.022705078125,241538
2014-12-15,3062.2123630275973,3067.5670618710137,3037.072133942305,3057.447509765625,135240
2014-12-16,3035.891970183105,3071.0156984369683,2996.411760705387,3003.990234375,217196
2014-12-17,2985.9740825257372,3008.6638551893066,2950.3511394439333,2960.51611328125,267012
2014-12-18,2995.0502189173967,3085.128623228776,2967.8679135192483,3072.4677734375,283235
2014-12-19,3086.717551003619,3142.0806120477882,3040.657299397199,3048.961669921875,473560
2014-12-22,3069.427678861006,3097.1546313048498,3047.781764056065,3079.910400390625,194933
2014-12-23,3081.2713522483,3107.5914904560173,3072.2862902507,3084.62939453125,202035
2014-12-24,3085.809695230092,3103.9615169667395,3024.8196185109273,3054.497802734375,403056
2014-12-26,3055.859291253143,3075.553974178095,3018.6480554523177,3025.092041015625,210882
2014-12-29,3026.8612861633255,3067.6574556435676,3026.8612861633255,3037.888427734375,211257
2014-12-30,3040.4297130281857,3057.3561957837114,3030.85458409358,3037.933837890625,109577
2014-12-31,2999.5886199734714,3033.07864331642,2994.8237666437103,3022.096923828125,281626
2015-01-01,3013.429537540691,3049.50628601362,3013.429537540691,3032.03515625,299232
2015-01-02,3049.506014204572,3070.3806089446625,3040.8838989858386,3049.14306640625,233924
2015-01-05,3069.4730884850783,3148.7512593994493,3064.07296577666,3129.192626953125,536747
2015-01-06,3121.205396598994,3121.205396598994,3069.9265059599,3081.498291015625,422743
2015-01-07,3085.8097252018033,3139.312175974257,3069.518509350901,3120.0712890625,369241
2015-01-08,3144.803544243297,3185.236776985259,3125.7441288236405,3154.333251953125,422022
2015-01-09,3176.5687154642414,3183.557122322293,3112.9919172859086,3147.707275390625,194054
2015-01-12,3149.3409577723914,3161.729487029096,3126.7872314457427,3142.89697265625,152803
2015-01-13,3161.86577080864,3190.182567490021,3142.171089174529,3147.752685546875,237771
2015-01-14,3151.0200322164274,3204.7039534532983,3141.4449024547116,3191.090087890625,429069
2015-01-15,3222.266191435764,3302.406309319558,3212.872534799533,3290.743896484375,670686
2015-01-16,3281.1687063584973,3290.0177195351785,3260.112637269444,3282.39404296875,379075
2015-01-19,3292.4685508142047,3305.9009448856536,3281.123660818029,3291.152587890625,192537
2015-01-20,3283.665189564726,3300.001832298879,3253.2608822539414,3272.36572265625,333315
2015-01-21,3288.2027609848674,3349.0113684885896,3260.0674351249363,3298.821533203125,402419
2015-01-22,3310.8922788241016,3310.8922788241016,3260.1580257931414,3264.83203125,318883
2015-01-23,3298.1859721115006,3303.4046208015507,3244.638098596207,3273.40869140625,337571
2015-01-27,3308.1239887702195,3362.35255458783,3253.849999083654,3347.10498046875,1278436
2015-01-28,3350.8260645833134,3411.180867750916,3350.8260645833134,3381.502685546875,672705
2015-01-29,3398.928695027739,3398.928695027739,3337.212499764218,3347.922119140625,603103
2015-01-30,3358.0870730609886,3395.298308194908,3291.4245510211954,3310.302490234375,284786
2015-02-02,3310.3022344507144,3380.7765893525293,3285.479531129169,3330.35986328125,319679
2015-02-03,3365.3477966949513,3365.3477966949513,3267.327957956263,3274.45263671875,220676
2015-02-04,3285.4795530385045,3298.185827553018,3222.4019759843122,3228.800537109375,203545
2015-02-05,3248.268566126543,3264.60520602324,3183.829597645128,3197.171142578125,379633
2015-02-06,3203.569966978354,3206.973433902688,3167.493217580411,3178.928955078125,198214
2015-02-09,3167.49280184875,3174.027413169832,3085.8096063856015,3096.0654296875,286868
2015-02-10,3079.4567303853405,3156.60197709408,3049.5062228395946,3080.228271484375,547537
2015-02-11,3091.25517954786,3150.0671251071362,3091.25517954786,3135.500244140625,341769
2015-02-12,3147.5258058826626,3230.7972858970033,3147.5258058826626,3223.672607421875,436882
2015-02-13,3235.5618741025582,3291.8325153912983,3204.9761021051286,3282.711181640625,321186
2015-02-16,3285.479626516319,3312.7073582277803,3232.3855496789697,3242.006103515625,260901
2015-02-18,3244.6381805686674,3252.8065004638056,3219.271053654739,3235.516845703125,161803
2015-02-19,3244.638396293183,3280.942042685275,3232.9757612577746,3262.92626953125,214789
2015-02-20,3276.4039522239104,3280.0343167139094,3214.687755893931,3219.54345703125,240749
2015-02-23,3231.931764418164,3244.638039257213,3206.3831647130155,3218.22705078125,163132
2015-02-24,3243.594338117758,3267.327755263638,3224.852450129242,3256.708984375,143983
2015-02-25,3262.7901641311933,3280.9419870192664,3234.7456864010674,3249.08544921875,173339
2015-02-26,3237.649210173797,3250.8999049728077,3161.2752994929037,3173.70947265625,429598
2015-02-27,3173.8458561862394,3284.4359126695617,3173.7098061626352,3271.321044921875,378654
2015-03-02,3310.9829996694207,3385.3146180668864,3296.597592888324,3368.478759765625,386182
2015-03-03,3374.4235650529304,3389.262767533341,3348.6026436814996,3365.9375,206296
2015-03-04,3403.4660217488527,3439.49733771647,3310.211052752934,3338.482421875,340907
2015-03-05,3337.212252789989,3368.297245897973,3304.8567208584336,3338.800537109375,152837
2015-03-09,3296.6432531362366,3349.827959556452,3288.2026114461405,3332.039306640625,218786
2015-03-10,3348.1035361109207,3348.1035361109207,3303.858470406012,3309.7578125,182667
2015-03-11,3305.4922998743796,3332.6746097418954,3281.2596611620006,3318.5615234375,198508
2015-03-12,3328.4998617012097,3376.1938233400874,3323.689805629028,3344.655029296875,308505
2015-03-13,3362.6252620915548,3373.6978299746397,3290.1088167313005,3313.343017578125,363024
2015-03-16,3313.6152140833537,3337.2125834523395,3301.6350554889186,3310.0302734375,182829
2015-03-17,3326.321330477875,3348.058092673485,3288.7017242758902,3323.190185546875,185250
2015-03-18,3324.506134325644,3338.120000559574,3305.7190432387915,3326.23046875,177261
2015-03-19,3331.7665732408514,3353.548757320879,3310.8919801641587,3317.2451171875,252139
2015-03-20,3303.631383608351,3333.400414018373,3276.403652424766,3288.973876953125,206403
2015-03-23,3290.063161492064,3302.9054869255933,3251.944335290661,3262.245361328125,192986
2015-03-24,3290.017899652916,3299.0938111002347,3237.4230371316803,3255.8017578125,227226
2015-03-25,3258.2519646068195,3293.557168850423,3243.095237945371,3280.71484375,201854
2015-03-26,3271.865722277379,3288.156937244317,3211.01169830019,3232.340087890625,489101
2015-03-27,3240.0999102913993,3285.252563102883,3217.9547782479526,3276.448974609375,204071
2015-03-30,3293.647775218968,3334.489370668087,3267.7360075680594,3322.645263671875,152167
2015-03-31,3321.647220112559,3383.227140410264,3321.647220112559,3355.681884765625,294635
2015-04-01,3358.0413769111174,3410.318708711929,3267.3276980547057,3307.89697265625,694487
2015-04-06,3309.0772562682405,3331.6761867479454,3284.5722957857274,3293.602783203125,262771
2015-04-07,3303.631551712796,3312.70746256915,3247.360904403402,3267.237060546875,306684
2015-04-08,3280.941535629548,3326.2302388725543,3272.773216453707,3293.37548828125,256031
2015-04-09,3302.723833995315,3328.136383418747,3290.017559283599,3321.05712890625,238584
2015-04-10,3321.783247929173,3347.5135428667922,3297.64123733141,3327.7734375,201302
2015-04-13,3322.6903597157575,3339.934587204039,3306.1268254178026,3326.502197265625,218690
2015-04-15,3317.2454343497384,3384.407175017832,3313.070426703293,3340.162109375,232802
2015-04-16,3336.531860156586,3375.059058945312,3323.825584456568,3338.029296875,206305
2015-04-17,3327.3649772538242,3342.5671279714948,3300.31894010657,3309.80322265625,99056
2015-04-20,3291.833085237661,3311.2554471224175,3253.3513092944568,3274.63427734375,175033
2015-04-21,3271.8660821673498,3273.9081622463723,3149.3412774259928,3167.629150390625,482786
2015-04-22,3168.4455338320436,3183.9200043510855,3073.193904833473,3142.942138671875,422446
2015-04-23,3167.493002121738,3208.8338218665485,3158.4170909408735,3171.53173828125,234616
2015-04-24,3163.862607574164,3235.5623052214273,3116.758717625185,3214.14306640625,332449
2015-04-27,3233.9284131373524,3343.565457245745,3194.901997648328,3311.255126953125,1804129
2015-04-28,3325.413869634556,3484.060842010605,3321.783505148055,3469.35791015625,1129937
2015-04-29,3484.24235647371,3515.100454968137,3400.426226784106,3418.169677734375,703698
2015-04-30,3412.5419940735524,3442.492495617283,3367.117022416263,3381.5478515625,592304
2015-05-04,3446.1231926024757,3485.149607477879,3382.36492178859,3410.500244140625,478823
2015-05-05,3406.18926364413,3453.3839989783946,3391.2594349553183,3442.538330078125,458196
2015-05-06,3437.9548593592704,3437.9548593592704,3288.701557154217,3298.68505859375,430929
2015-05-07,3290.9253101673035,3290.9253101673035,3194.7206541061523,3216.139892578125,469950
2015-05-08,3232.340023903165,3285.4795229339907,3232.340023903165,3276.90283203125,495595
2015-05-11,3298.0950788852224,3334.852516977752,3281.98533749899,3314.250244140625,288810
2015-05-12,3312.707347558406,3315.384696852107,3226.486197416475,3246.861572265625,332314
2015-05-13,3285.4799269007453,3296.371020581079,3216.865948082694,3271.04931640625,337505
2015-05-14,3271.8203092992803,3315.883899064707,3223.763407548334,3309.53076171875,287801
2015-05-15,3303.6316876074625,3343.565697018102,3290.9254118858953,3331.948486328125,208258
2015-05-18,3335.3970454336873,3363.895315230762,3314.5224516799526,3355.90869140625,183483
2015-05-19,3353.5489398958616,3385.2237790047525,3344.473029368403,3364.213134765625,175567
2015-05-20,3364.5307033304116,3403.420844947488,3364.4398555979756,3368.886962890625,218115
2015-05-21,3368.887373099157,3385.224013178674,3350.327179102567,3356.36279296875,198709
2015-05-22,3360.8104713647194,3384.2263704366296,3353.1867933319577,3360.402099609375,135158
2015-05-25,3354.6382250997117,3373.516164552269,3340.8428845081794,3351.507080078125,81113
2015-05-26,3354.4569112051927,3385.3150104965825,3332.6747234700942,3382.093017578125,252919
2015-05-27,3358.087221551178,3403.466778599167,3357.1796304102186,3377.96337890625,283565
2015-05-28,3381.684447262951,3393.437707722088,3354.5021380642893,3366.16455078125,317937
2015-05-29,3376.238743312606,3438.8171025857237,3351.7792085607603,3435.867431640625,432656
2015-06-01,3436.048908453979,3538.652122193484,3425.6116112547693,3524.0400390625,571376
2015-06-02,3521.4532516634044,3528.0787106023486,3462.5052576557814,3477.34423828125,329350
2015-06-03,3453.384399134636,3466.9982666739315,3405.2820671624586,3428.1533203125,277700
2015-06-04,3447.938539384014,3460.6448146015387,3400.7438028617794,3423.47900390625,193996
2015-06-05,3420.7107519481992,3448.7552274540135,3404.3741126446525,3412.043212890625,253728
2015-06-08,3436.1402204484607,3452.976081216977,3372.6088376086846,3379.415771484375,303682
2015-06-09,3367.1622148896354,3382.54583621852,3336.1226506478542,3351.097900390625,209963
2015-06-10,3360.7643823298035,3402.468148598467,3352.777536421998,3396.705078125,239272
2015-06-11,3405.327288960003,3429.7414013330886,3350.2365525694568,3359.357666015625,226654
2015-06-12,3359.0851296875817,3408.004195823933,3354.002531469333,3391.486083984375,173412
2015-06-15,3392.121660271643,3439.6793442144804,3386.2223182537796,3419.258544921875,175936
2015-06-16,3419.2587701433736,3458.4214607586923,3398.6564955937633,3439.407470703125,228783
2015-06-17,3453.38413103565,3471.4451052703585,3442.4930378497293,3456.78759765625,291820
2015-06-18,3460.6443465363977,3532.298608844888,3459.7367555721867,3504.299560546875,232645
2015-06-19,3520.545636410017,3584.5308045891625,3505.116588763982,3573.503662109375,309290
2015-06-22,3589.568048023112,3625.735418633371,3589.568048023112,3612.80224609375,230791
2015-06-23,3614.0277053108357,3656.230690819865,3589.7950676248483,3645.929443359375,330957
2015-06-24,3652.1467211274467,3662.7200692005536,3618.611273061298,3638.80517578125,306048
2015-06-25,3615.8425523998512,3670.0256909097557,3615.4796046309416,3658.953125,240888
2015-06-26,3653.961998894455,3700.612095742679,3635.9462257920504,3693.8505859375,291925
2015-06-29,3648.516084405783,3653.7347330339753,3595.059059263718,3624.283447265625,344044
2015-06-30,3616.9778156892,3684.8202576245285,3616.9778156892,3651.55712890625,340789
2015-07-01,3662.039501316919,3711.9118130742854,3653.9620285841397,3659.13525390625,380963
2015-07-02,3658.953331198463,3674.8361746304295,3613.2560330351234,3624.3740234375,322025
2015-07-03,3624.374459543959,3648.5164730973984,3609.5809008597266,3629.3662109375,279389
2015-07-06,3616.659537317645,3634.902206310845,3607.719898297474,3619.427734375,332811
2015-07-07,3620.3808892554275,3633.813281819326,3590.1580613816204,3605.087890625,287981
2015-07-08,3584.9844953083452,3602.228724526284,3545.9580818151153,3584.076904296875,252360
2015-07-09,3584.9849588304824,3601.2307514043755,3565.471749560899,3571.9609375,128065
2015-07-10,3584.7123593858037,3595.87577372115,3556.758510468468,3570.826171875,184572
2015-07-13,3592.8807915721595,3666.6679912567374,3575.908882562264,3662.35693359375,335198
2015-07-14,3675.4715730194994,3683.866790556688,3648.6522121387798,3676.333740234375,251002
2015-07-15,3694.8034156227664,3793.685644503482,3694.8034156227664,3768.454345703125,551469
2015-07-16,3781.0246143119707,3802.8068012403164,3771.9487030918267,3792.0517578125,321651
2015-07-17,3799.175915751513,3838.1571263602264,3779.2997615370637,3805.529052734375,241023
2015-07-20,3819.1432197414806,3829.1267215041125,3776.5772872218345,3790.1455078125,207897
2015-07-21,3790.962878213926,3807.2995182544105,3758.7433936896377,3769.08984375,146004
2015-07-22,3757.24520913266,3810.9747759502998,3751.9813583659297,3803.85009765625,305466
2015-07-23,3810.8836661686564,3853.1774943451605,3805.5741703192193,3842.785400390625,229845
2015-07-24,3846.325585505472,3868.0621247931563,3816.783231562785,3842.922119140625,226189
2015-07-27,3849.59273529555,3849.59273529555,3781.5690503252195,3792.00634765625,220316
2015-07-28,3819.0523582306323,3850.001302215127,3767.955158475486,3809.114501953125,940179
2015-07-29,3834.481023023911,3911.263308168442,3785.7436535446855,3878.771728515625,819323
2015-07-30,3911.7173589889,3918.9780872654455,3885.442421274277,3899.419677734375,294361
2015-07-31,3899.9181304187555,3956.1887666966154,3888.30114406395,3931.184814453125,297226
2015-08-03,3975.2494276243415,4028.7973080421125,3975.2494276243415,4017.951416015625,341893
2015-08-04,4037.8728409438168,4042.3655941939205,4003.7929720900515,4028.615234375,313075
2015-08-05,4045.1333230653754,4069.6382814954327,4013.5945339748387,4058.429443359375,198485
2015-08-06,4048.7639957924525,4064.510790393239,4020.6738732988424,4040.6865234375,184121
2015-08-07,4039.415195764582,4055.298037300467,4020.7187336675556,4041.457275390625,144268
2015-08-10,4056.932475027858,4091.3757367273947,4035.150287242473,4081.573486328125,241899
2015-08-11,4093.23594664213,4115.018133497875,4052.4395485796667,4088.0625,216773
2015-08-13,4063.2850038315,4104.762090783801,4020.7642758362617,4077.67041015625,261773
2015-08-14,4092.7822079282564,4164.9357028900695,4075.537976427949,4149.96044921875,181419
2015-08-17,4161.259108519409,4163.119492615897,4116.378560880619,4129.35693359375,157066
2015-08-18,4134.077643673122,4218.483619712991,4116.833412009063,4205.77734375,172443
2015-08-19,4199.423846740822,4253.879310497997,4180.092334370904,4240.12939453125,255128
2015-08-20,4202.146183769251,4258.779771566522,4176.052943427272,4205.91259765625,279387
2015-08-21,4184.902394105239,4187.489117268344,4110.479926892784,4145.2861328125,310480
2015-08-24,3948.020609272993,4041.093883384067,3818.7341019422547,3849.819091796875,930804
2015-08-25,3901.7342092936933,3965.265587439904,3686.725962456535,3810.97509765625,915511
2015-08-26,3831.9744032582025,3886.208119087911,3753.819201176918,3841.150146484375,612412
2015-08-27,3884.9298402421573,3901.272934191077,3821.93097796796,3838.13720703125,795947
2015-08-28,3880.365480396597,3918.712621614634,3811.8884425072456,3840.055419921875,372560
2015-08-31,3833.800930197297,3864.843852709016,3782.078032292783,3804.766845703125,298281
2015-09-01,3807.322502048156,3834.211324902591,3694.289717477897,3708.21337890625,605386
2015-09-02,3727.889457244494,3734.2349506811825,3661.238482378257,3679.4990234375,392078
2015-09-03,3705.9768832871987,3800.2924014492974,3688.6750648633533,3782.8994140625,514445
2015-09-04,3777.192383447082,3779.6577344667085,3698.8546288101516,3709.90234375,316141
2015-09-07,3714.102704962276,3769.4322342106184,3693.194474356776,3715.655029296875,300049
2015-09-08,3748.888859712885,3794.4033447979104,3722.411076729038,3779.29248046875,292997
2015-09-09,3843.843589510065,3943.3635304261215,3823.4373473245782,3930.718017578125,589734
2015-09-10,3884.930530787105,3942.405768316727,3857.6765811439222,3927.3408203125,321362
2015-09-11,3952.4947004054848,3980.798543258931,3933.8690349163508,3942.22314453125,281728
2015-09-14,3953.406851718045,3968.9283104892243,3912.3206373237463,3943.820068359375,207396
2015-09-15,3994.950401604272,4034.758475571092,3944.2773934248553,3948.842529296875,734807
2015-09-16,3996.319942369451,3996.319942369451,3953.4990570526797,3976.78125,418079
2015-09-18,3998.4189713226806,4088.8086445159256,3976.780498864798,4018.094970703125,621252
2015-09-21,4015.447507858595,4116.838983813888,4005.5410751663267,4099.7197265625,642858
2015-09-22,4115.925853904121,4126.790786405358,4054.2965293392303,4084.015380859375,924289
2015-09-23,4071.187667452631,4129.621399391848,4029.4166793867066,4106.47607421875,880695
2015-09-24,4108.164936237898,4203.57625657057,4094.6977881526636,4169.474609375,1098076
2015-09-28,4172.533903322196,4213.620123376791,4123.915209590926,4141.71923828125,684352
2015-09-29,4117.706549789773,4327.748245710085,4078.491859406529,4275.06640625,1222175
2015-09-30,4300.357360467665,4349.158834104723,4252.4689138710455,4278.07958984375,835777
2015-10-01,4309.488035731781,4311.222698108782,4172.533966799626,4181.98388671875,1087189
2015-10-05,4172.533470229007,4172.533470229007,4007.275580051447,4030.146728515625,1949365
2015-10-06,4062.0576444949147,4062.0576444949147,3960.7571075141677,3975.320068359375,1159174
2015-10-07,3973.7221564175898,4051.9228375913185,3967.1481830374264,3984.90673828125,801302
2015-10-08,3999.0582673880276,4023.7099964335703,3955.4157550329865,3975.09130859375,726218
2015-10-09,4008.1892768468474,4014.7632507973635,3892.006569448496,3904.423828125,816648
2015-10-12,3935.9678154364597,3946.695882169402,3849.7781599533114,3863.793212890625,837794
2015-10-13,3863.0175696587794,3915.060113140356,3861.328380400524,3902.140869140625,605082
2015-10-14,3899.4469064038126,3921.998851521056,3873.060515393369,3880.136474609375,656029
2015-10-15,3898.5336848997654,4007.4121486944587,3890.407834207017,3996.68408203125,982419
2015-10-16,4026.4492010721765,4073.0135795879773,4000.016890236145,4060.231201171875,929525
2015-10-19,4076.666214042377,4088.5355669612013,4024.7150585066374,4071.142578125,594941
2015-10-20,4079.314078384666,4123.870072585049,4055.347114733259,4116.611328125,675597
2015-10-21,4098.579059722271,4131.174308761212,4062.9709992791504,4085.52294921875,316565
2015-10-23,4109.351981434852,4115.925954541437,3990.932640160153,3999.880126953125,621558
2015-10-26,4017.319038966184,4064.79644579033,3995.223605926273,4003.760498046875,535165
2015-10-27,4025.5364287997554,4125.056381337558,3995.9544403274667,4105.8828125,1290318
2015-10-28,4136.012911992718,4162.4906988465345,4083.0573382850853,4104.23974609375,989227
2015-10-29,4109.992147855777,4120.080920598411,4034.8956568725184,4053.429931640625,907407
2015-10-30,4059.3180479022676,4079.313250068548,4017.4101977041264,4062.05712890625,738321
2015-11-02,4081.23076525399,4131.492724205186,4040.3273332253557,4104.7412109375,603730
2015-11-03,4126.791104509012,4127.978307228681,4076.7114788580348,4092.689453125,320901
2015-11-04,4097.437168249463,4141.992710231499,4067.626924050701,4127.38427734375,660804
2015-11-05,4125.924610488077,4158.839064052476,4105.335578807667,4132.9091796875,406256
2015-11-06,4138.7060575762725,4140.897233287389,4091.3195980267305,4129.4384765625,361975
2015-11-09,4053.839541347763,4235.53189916943,4053.839541347763,4225.67138671875,729714
2015-11-10,4245.118784327175,4318.571980439419,4227.086502148346,4302.822265625,909977
2015-11-13,4322.680855248012,4325.237152520518,4202.115372499655,4218.001953125,983107
2015-11-16,4199.924239646076,4258.3579681976735,4175.181118549715,4242.7451171875,644299
2015-11-17,4241.375845668243,4269.451427963859,4216.358993208281,4229.36962890625,638262
2015-11-18,4231.423472463016,4247.401444362488,4131.447019720606,4138.9794921875,725994
2015-11-19,4182.486080708263,4256.076159893036,4173.492673906293,4245.89599609375,1030684
2015-11-20,4260.184013779345,4351.486714460428,4228.228068540966,4325.83056640625,917455
2015-11-23,4318.618775155054,4373.4004086665345,4293.373661541328,4324.3251953125,1034126
2015-11-24,4313.185636029852,4313.185636029852,4219.098368589789,4236.3544921875,1287988
2015-11-26,4254.660788668978,4254.660788668978,4179.792566896608,4205.90478515625,1436728
2015-11-27,4272.966707043604,4272.966707043604,4160.116471515294,4181.70947265625,1231876
2015-11-30,4187.141726982712,4291.226802620747,4101.408582791015,4158.837890625,10567769
2015-12-01,4208.142226563262,4214.533416753313,4137.245755975011,4159.9345703125,1506622
2015-12-02,4199.924138165797,4224.8955154109435,4159.93373448015,4217.0888671875,1123497
2015-12-03,4208.141622304642,4240.736865919078,4200.380892473965,4224.62158203125,567288
2015-12-04,4209.054273319254,4230.96692029532,4180.8873025226485,4200.24365234375,581041
2015-12-07,4220.010078008174,4236.444561219802,4161.576359922383,4167.2373046875,493623
2015-12-08,4145.143150561391,4181.481451837618,4126.882608047905,4147.47119140625,577670
2015-12-09,4144.046008625409,4146.96787281468,4081.2299408810254,4089.53857421875,607147
2015-12-10,4104.057221858751,4126.700117860625,4022.843274927047,4106.8876953125,506406
2015-12-11,4126.653706635787,4134.18617924594,4028.275049212255,4091.045654296875,532721
2015-12-14,4089.3564471362192,4190.793833667297,4082.600136654318,4178.74169921875,484617
2015-12-15,4204.489165863433,4230.966947798295,4166.2334252651635,4218.1845703125,581111
2015-12-16,4250.141552308216,4252.104471595988,4203.577165806021,4217.6376953125,357572
2015-12-17,4245.575936981036,4272.053722394467,4176.049013756503,4260.869140625,443534
2015-12-18,4277.257686799396,4293.052875284196,4210.423933299248,4218.595703125,682206
2015-12-21,4224.484914716315,4254.706200280248,4214.76126546002,4235.6240234375,274072
2015-12-22,4227.315474809397,4240.965408285844,4201.796189027868,4215.62890625,207127
2015-12-23,4231.880922251516,4251.054492773043,4218.185514736138,4231.83544921875,227939
2015-12-24,4230.282459862323,4231.2868787517355,4187.278797859833,4198.46337890625,162732
2015-12-28,4198.463783749373,4241.8784904246695,4188.968390944909,4236.44580078125,272134
2015-12-29,4238.226288678706,4250.962749125634,4211.611192291656,4233.615234375,253128
2015-12-30,4233.706854564959,4239.093625536277,4177.099171799588,4188.23828125,265170
2015-12-31,4188.054375383092,4233.7057202204915,4169.154540294842,4219.96484375,422019
2016-01-01,4219.098684182824,4262.010962511453,4202.070816093958,4235.07666015625,243597
2016-01-04,4231.880434222977,4251.967029595772,4174.131472526191,4182.25732421875,405501
2016-01-05,4199.878423982581,4200.608667204313,4160.891995569604,4169.74853515625,509285
2016-01-06,4192.62084253147,4193.533869718432,4079.4054713481282,4091.092041015625,593742
2016-01-07,4062.696590872977,4062.696590872977,3882.054102172571,3896.7080078125,1200069
2016-01-08,3913.507817838121,3948.8421443688276,3830.878866609132,3848.180908203125,994652
2016-01-11,3825.58331119016,3926.0162859469424,3758.9323370333864,3900.816650390625,865799
2016-01-12,3935.146264196643,3948.6588851077463,3889.4949154240603,3897.712158203125,481142
2016-01-13,3924.190520886433,3935.1468462123144,3854.207082030171,3918.027587890625,431206
2016-01-14,3870.322077013329,3915.9734343737127,3846.309641367382,3878.767578125,402026
2016-01-15,3894.0604609600678,3962.5374913403734,3884.017163170956,3901.684326171875,592183
2016-01-18,3906.842760408394,3916.2012877031325,3809.925027879827,3867.765380859375,396124
2016-01-19,3872.1474656165387,3875.754100553579,3802.757414358143,3833.024169921875,499001
2016-01-20,3807.185736551536,3825.5376684694675,3678.129280550991,3705.930908203125,679992
2016-01-21,3729.6695145320095,3729.6695145320095,3533.4144099117193,3553.22705078125,1212801
2016-01-22,3600.019820728065,3761.579906294529,3588.3330303659804,3747.930419921875,1063413
2016-01-25,3767.1043992273017,3809.1491195002036,3719.5810704565342,3726.38330078125,608634
2016-01-27,3771.7147644168804,3815.540063059342,3736.10670926988,3754.32177734375,886550
2016-01-28,3725.150475548571,3779.8407083184566,3680.4121487588945,3746.423828125,1677354
2016-01-29,3583.6313038838257,3765.3236935584455,3581.8052497162416,3739.6220703125,2147231
2016-02-01,3744.2326239990343,3760.7585031367735,3591.528846468171,3604.859130859375,1904034
2016-02-02,3608.8307653906586,3638.4127523068437,3516.5693384703377,3537.93408203125,902619
2016-02-03,3533.4144478239227,3533.4144478239227,3455.4875051412932,3495.386962890625,1101308
2016-02-04,3527.9361848243625,3544.2792782983115,3445.763758159199,3464.61767578125,597800
2016-02-05,3455.5332978463944,3460.3723856055512,3372.0827178682,3399.564697265625,1245857
2016-02-08,3422.938439973771,3459.459522288775,3391.9412159403105,3407.919189453125,559505
2016-02-09,3364.504615046101,3368.156723176409,3305.157857928599,3339.03125,657011
2016-02-10,3323.2813785853914,3394.634348688332,3286.8971638725106,3358.615478515625,795377
2016-02-11,3333.553250003042,3345.6051628380624,3212.4857704298406,3233.439697265625,1066224
2016-02-12,3259.506458534712,3275.940944880265,3159.9865134421952,3240.92626953125,1211696
2016-02-15,3292.329885595533,3400.9344099057007,3290.9146490697713,3388.4716796875,1182286
2016-02-16,3401.253745231361,3422.892439999535,3333.644053019771,3382.947509765625,753873
2016-02-17,3359.848073578263,3428.416492592917,3343.048465413839,3423.0751953125,652019
2016-02-18,3452.383577183255,3466.6268885091113,3307.0754094710223,3335.51611328125,1243826
2016-02-19,3323.418131187587,3323.418131187587,3249.462947499072,3267.8603515625,718677
2016-02-22,3231.202250340246,3236.6804118271184,3187.879167829622,3214.585205078125,1291463
2016-02-23,3222.9853721439977,3258.091216389495,3177.3340212637713,3184.09033203125,796836
2016-02-24,3195.5487120273215,3222.985217168465,3177.3338684833598,3186.190185546875,605914
2016-02-25,3204.4050130521277,3204.724661654114,3105.204722018701,3117.2109375,840542
2016-02-26,3151.7694983623346,3158.252079830574,3081.5578046676433,3112.69189453125,831491
2016-02-29,3127.117556898004,3136.202131204529,2915.5235441064383,2955.011962890625,2218323
2016-03-01,2922.508692920294,3204.7254913029788,2922.508692920294,3190.482177734375,1924803
2016-03-02,3234.8093212983395,3312.18836806962,3232.1616318695587,3298.447265625,1236996
2016-03-03,3310.4534692750763,3329.80959784264,3266.810732404981,3294.794921875,742263
2016-03-04,3304.2446792920327,3304.2446792920327,3219.3331691582503,3245.90234375,610234
2016-03-08,3243.9395548718608,3285.9388010123494,3150.4913659534755,3161.4931640625,1100041
2016-03-09,3154.372065563961,3286.897872568748,3141.817941745122,3265.350341796875,752948
2016-03-10,3286.8976404473283,3318.579637011349,3262.611029830107,3311.73193359375,1016572
2016-03-11,3317.6664570541043,3369.069926255611,3301.551618249856,3324.51416015625,1002559
2016-03-14,3341.679079092289,3363.591728791255,3311.5948816911505,3330.859619140625,483295
2016-03-15,3350.809348657499,3359.84822749244,3301.0493733164,3336.703125,688839
2016-03-16,3332.5485408681147,3355.374215805568,3321.1357033993886,3348.3896484375,459188
2016-03-17,3365.7373709668755,3423.8514538134714,3305.1579367479376,3319.26416015625,710449
2016-03-18,3323.418427271589,3332.2747449826447,3247.6828788468943,3306.43603515625,1073782
2016-03-21,3314.379565156806,3358.843937666096,3291.462497164927,3350.3984375,474712
2016-03-22,3349.896769606893,3411.0238955692816,3334.37530733289,3377.789794921875,713115
2016-03-23,3389.0190923639298,3418.372818940712,3347.567536082382,3411.068603515625,586282
2016-03-28,3432.068657997755,3449.233611004362,3314.2424734018286,3322.459716796875,743468
2016-03-29,3331.635671649362,3441.1989165378036,3327.983563486414,3405.545166015625,686482
2016-03-30,3419.286364915064,3423.760108379256,3363.5917138443515,3403.2626953125,872340
2016-03-31,3414.2647028159636,3422.710203150513,3345.3311595447763,3393.08251953125,1223191
2016-04-01,3378.6109584876035,3437.501204186897,3361.76565371781,3399.38232421875,769731
2016-04-04,3410.156628813187,3425.221577775816,3356.288023431667,3362.907470703125,299849
2016-04-05,3356.2872025221923,3375.3693773780933,3228.9199378998187,3245.674072265625,826024
2016-04-06,3257.680428703019,3293.562435405501,3237.59383413142,3262.291259765625,664480
2016-04-07,3247.1810075896715,3247.1810075896715,3149.943617653414,3169.1171875,1221608
2016-04-08,3159.0735558117167,3171.8559343612437,3121.182933682761,3132.276123046875,1631533
2016-04-11,3138.073832565419,3184.63821006348,3125.2914544286964,3176.101318359375,970375
2016-04-12,3168.3862276746518,3295.8905810374667,3163.6842278217914,3262.884521484375,1404427
2016-04-13,3298.7666627804106,3419.6058794879027,3292.923378945201,3407.0517578125,1107727
2016-04-18,3397.191142355226,3423.8514880272655,3359.93959358409,3395.501953125,999621
2016-04-20,3400.4323940284144,3400.4323940284144,3333.4617705275728,3350.85498046875,1830988
2016-04-21,3373.6348396106214,3412.2102312137467,3354.461272186583,3383.0390625,1928958
2016-04-22,3380.93899104324,3499.632501395825,3360.030761843924,3484.15673828125,1165761
2016-04-25,3475.0724379076955,3507.8500207240713,3392.0324471446,3403.71923828125,838216
2016-04-26,3381.897806831168,3555.327246176646,3370.8043946994435,3534.829833984375,2782566
2016-04-27,3507.0288412356413,3590.707694336107,3497.1224070258404,3523.737060546875,1388262
2016-04-28,3486.850602507113,3518.8065519932998,3410.2477156158866,3421.97998046875,1821236
2016-04-29,3416.5468953449185,3487.762998454727,3401.025436974832,3464.61767578125,962848
2016-05-02,3469.4113129054517,3506.023785873857,3425.312285799348,3497.669677734375,762337
2016-05-03,3506.7544773480586,3541.63206746039,3465.576866596584,3487.7177734375,795697
2016-05-04,3469.50283270505,3509.676023399529,3465.8964203945584,3480.04833984375,557609
2016-05-05,3492.328489441603,3515.154165843182,3471.32886715215,3503.14794921875,485772
2016-05-06,3496.8477404351024,3501.4585714012646,3471.3286801740833,3486.804443359375,411877
2016-05-09,3496.893549990657,3540.718847745109,3492.3284148079015,3511.95849609375,771389
2016-05-10,3515.6109483175355,3558.112405610062,3501.550419741323,3510.40673828125,1094666
2016-05-11,3469.502577721544,3558.9792231469946,3460.372307780172,3551.720703125,679706
2016-05-12,3546.973428106096,3569.7534097307607,3507.393614052193,3518.989013671875,857976
2016-05-13,3520.6319934189146,3540.627194882648,3495.0672382799803,3511.72998046875,435056
2016-05-16,3533.4146565130936,3556.2403325887594,3506.0238452222943,3544.005859375,878812
2016-05-17,3552.6342129666896,3623.8046322512446,3548.251638217788,3607.09619140625,865028
2016-05-18,3587.1008782727954,3596.413710015883,3474.1137758065693,3574.40966796875,1921044
2016-05-19,3560.8056752341586,3597.326759082714,3543.4581604060945,3585.09228515625,679821
2016-05-20,3546.0146737475097,3614.6742666637374,3543.5495451740753,3601.84619140625,485214
2016-05-23,3619.239391359187,3623.1654524347464,3560.805657492641,3573.451171875,348354
2016-05-24,3573.4052427946335,3595.4547564569307,3554.5511008376784,3582.900634765625,283533
2016-05-25,3604.6302467209393,3717.845583750675,3597.3260314286986,3707.756591796875,842663
2016-05-26,3710.541756465517,3766.2364038927803,3676.942318026362,3759.84521484375,1074664
2016-05-27,3756.833018965839,3800.0190251402546,3735.2397929716103,3785.95849609375,880888
2016-05-30,3772.627800114739,3793.810206166053,3701.4116896575874,3717.617919921875,555311
2016-05-31,3706.8896862908027,3816.4529282501367,3702.3702471413776,3799.6533203125,775477
2016-06-01,3807.9616876536606,3834.667726004021,3789.0618514185985,3803.076904296875,647041
2016-06-02,3789.0623055589995,3830.10305030264,3765.3236019579067,3822.524658203125,411143
2016-06-03,3827.545931555605,3866.669226469092,3816.4527430084545,3851.102294921875,591630
2016-06-06,3849.3228041254224,3850.2358313560026,3759.846135528579,3781.7587890625,443085
2016-06-07,3811.88790841968,3824.624814008138,3759.8453669155074,3775.960205078125,471388
2016-06-08,3771.714759119401,3807.140030480039,3765.9628670062534,3798.283935546875,417715
2016-06-09,3790.9337791640755,3825.3550772250696,3779.9319815530253,3806.546630859375,305434
2016-06-10,3802.8489826413584,3831.974455818474,3743.41083365636,3753.91064453125,464892
2016-06-13,3719.671555797093,3789.061599547849,3708.7152330996055,3775.137939453125,385639
2016-06-14,3784.496880270035,3794.4487853159144,3739.7585576805945,3747.519287109375,403193
2016-06-15,3766.236582154281,3848.409016674011,3754.4586223692513,3843.478759765625,510807
2016-06-16,3798.1924615478974,3801.8445696840013,3708.7158122133555,3728.893798828125,1118517
2016-06-17,3757.106415881524,3796.3665801301036,3737.4306378220567,3756.64990234375,951658
2016-06-20,3722.00051598094,3784.3143900856353,3712.0940831906405,3773.7236328125,667114
2016-06-21,3785.410184212427,3805.5881713663243,3751.628183050859,3795.818603515625,512383
2016-06-22,3784.497110961995,3816.909571140319,3766.2820430432294,3790.294921875,417540
2016-06-23,3790.79694756184,3811.8879617344746,3762.0825141169303,3806.044677734375,341093
2016-06-24,3700.4982754106327,3736.197718772424,3530.310138929074,3716.0654296875,1559787
2016-06-27,3707.8027273317275,3707.8027273317275,3655.8515790689685,3675.025146484375,836629
2016-06-28,3689.633695619742,3726.930716814489,3688.6292767033865,3723.96337890625,626447
2016-06-29,3743.4110190525716,3780.8451292430973,3733.55028203074,3771.943115234375,646945
2016-06-30,3816.361490840719,3834.7134228126874,3784.99892404135,3823.02685546875,770542
2016-07-01,3824.3054542196883,3847.679037472512,3772.6280304672314,3803.123046875,804652
2016-07-04,3808.23618281453,3826.040211959791,3794.3125189958005,3810.79248046875,343648
2016-07-05,3816.4533771474294,3836.5399738692577,3789.062563435845,3810.3818359375,282439
2016-07-07,3817.4576065726546,3825.492066536787,3766.2366983128,3780.9365234375,325843
2016-07-08,3781.758179573657,3812.481451768329,3767.1497462387515,3799.8359375,261295
2016-07-11,3825.583617875,3913.142829178595,3825.538144844787,3900.497314453125,518428
2016-07-12,3926.0166800382412,4000.8849050994354,3917.7994358242076,3990.293701171875,688921
2016-07-13,3971.66759394985,3980.7978642807693,3926.929269328346,3945.554931640625,416940
2016-07-14,3949.7545056553213,4052.926548914464,3949.7545056553213,4043.156982421875,637580
2016-07-15,4062.9702275133814,4102.732375796378,4021.427498220829,4083.102294921875,654076
2016-07-18,4087.622470879048,4167.420953070905,4046.901371619926,4067.3076171875,684924
2016-07-19,4067.7178634521633,4107.7082657085,4053.8396754269265,4095.565185546875,378788
2016-07-20,4082.9201853949003,4117.752078895038,4064.8419819503765,4080.454833984375,357560
2016-07-21,4098.578146403167,4102.275727376522,4022.1121362090785,4029.827392578125,252227
2016-07-22,4036.4928592727647,4062.057618390529,4021.8844254911846,4030.740966796875,339886
2016-07-25,4041.9705930323066,4167.968321028344,4036.4924309455223,4154.77490234375,499616
2016-07-26,4177.235923986162,4185.316303132107,4064.020561510511,4082.41796875,1828186
2016-07-27,4118.025919898827,4225.489387087925,4117.752190096487,4161.71435546875,1212744
2016-07-28,4180.7506205635955,4367.921155006822,4173.03536411096,4349.2041015625,1879461
2016-07-29,4337.791315396366,4404.442286986334,4309.98946467469,4343.8173828125,799265
2016-08-01,4381.571521717388,4460.13732430404,4357.193520145333,4443.01806640625,1206974
2016-08-02,4473.832636565104,4600.743399112563,4455.572095191369,4552.3984375,1611134
2016-08-03,4578.73931990254,4583.3958470773105,4431.057192758167,4449.95703125,1019631
2016-08-04,4514.918457184404,4514.918457184404,4445.848054681675,4464.38232421875,727097
2016-08-05,4491.179404493791,4533.178642673647,4473.831893071676,4511.859375,598288
2016-08-08,4546.874958916587,4574.265771922109,4528.65988994231,4557.60302734375,474502
2016-08-09,4574.173933283074,4584.993392526305,4487.8928807428765,4529.39013671875,508711
2016-08-10,4542.309640772408,4546.874776089767,4428.181257838427,4438.7724609375,512317
2016-08-11,4439.228936024749,4495.288708073633,4387.095001989196,4454.33935546875,623156
2016-08-12,4457.398834946966,4510.354413076201,4425.534274511326,4472.55517578125,686072
2016-08-16,4517.657478376073,4517.657478376073,4430.006888658187,4441.14599609375,793106
2016-08-17,4437.311968260146,4484.150082932832,4427.360061444758,4464.56591796875,498247
2016-08-18,4492.868845778651,4519.483492739773,4474.745171296491,4488.3037109375,479572
2016-08-19,4488.440868704352,4504.145111908242,4463.834611979334,4473.923828125,426426
2016-08-22,4470.180901503798,4471.093928648714,4408.095055649579,4416.9970703125,292890
2016-08-23,4414.531420572821,4432.929272951639,4382.529999630289,4413.39013671875,270869
2016-08-24,4464.701631929335,4550.343378567973,4461.4605646938935,4518.1591796875,952400
2016-08-25,4541.214081402359,4549.431325428567,4479.539278175708,4504.60205078125,914319
2016-08-26,4505.605537132126,4533.087739457617,4483.054037340821,4492.91455078125,337715
2016-08-29,4496.658433514363,4524.049246307344,4492.914933269854,4498.849609375,299611
2016-08-30,4524.0494382306115,4659.9990889976825,4520.397329703281,4626.90185546875,996156
2016-08-31,4655.632108335443,4692.36139122373,4630.257218760285,4646.20849609375,804288
2016-09-01,4664.917581656314,4688.821376911154,4614.6274943813205,4652.73583984375,870402
2016-09-02,4668.595156294087,4770.324104330015,4665.837026032393,4744.39794921875,956049
2016-09-06,4781.678873192638,4904.875367906695,4781.678873192638,4890.80908203125,970024
2016-09-07,4890.1656240763605,4929.698829911156,4863.5957220307555,4905.8408203125,734051
2016-09-08,4892.004177974045,5055.653255906648,4890.165424289409,5046.8271484375,942300
2016-09-09,5047.103217998214,5047.3330622082085,4943.535057843007,4967.39306640625,547599
2016-09-12,4877.29384388121,4918.665799201597,4827.647497496746,4899.35888671875,795632
2016-09-14,4900.3248020709625,4950.614899460341,4900.3248020709625,4931.44580078125,539702
2016-09-15,4924.182223370497,5020.7167889892235,4918.252063345276,5012.81005859375,704384
2016-09-16,5031.7495708385,5166.805942220627,5031.7495708385,5123.962890625,1669960
2016-09-19,5120.0095311712175,5120.0095311712175,5042.78187798063,5049.12548828125,632835
2016-09-20,5079.556192960184,5111.734376987985,5055.054894047608,5070.224609375,423083
2016-09-21,5080.475274795501,5095.644989242502,5021.727197719991,5057.720703125,549370
2016-09-22,5116.654023399468,5179.861181608051,5116.286362443695,5145.84423828125,526494
2016-09-23,5176.09164569911,5176.09164569911,5116.883866568502,5150.1650390625,559592
2016-09-26,5135.63842408493,5171.494116626876,5107.643223034488,5119.9169921875,418297
2016-09-27,5147.544435075939,5148.463811790414,5056.571929612866,5067.052734375,427991
2016-09-28,5066.318482347316,5107.138727306523,5062.0892587848275,5076.615234375,449876
2016-09-29,5125.525459423484,5127.364212951528,4960.037641899497,5000.12255859375,693217
2016-09-30,4983.023005996874,5054.274718721,4948.638398284524,5035.703125,646631
2016-10-03,5204.592443132124,5258.835678275172,5177.746459054854,5222.97998046875,840940
2016-10-04,5254.376062307266,5256.950586614391,5194.478755467375,5222.06005859375,464913
2016-10-05,5246.883281800547,5302.0458885831,5215.624471290433,5230.5185546875,644731
2016-10-06,5240.447996503121,5282.371670258041,5240.447996503121,5250.0556640625,416860
2016-10-07,5249.136085145494,5256.307044667281,5210.383993636873,5225.5537109375,309473
2016-10-10,5263.33975621793,5272.073835160271,5236.724069210711,5251.8017578125,205840
2016-10-13,5231.254411228535,5288.991099329726,5196.869805935871,5257.50244140625,441169
2016-10-14,5295.794501501469,5302.000294993547,5212.03918399587,5231.66796875,352350
2016-10-17,5239.5287646931965,5239.5287646931965,5125.158372228711,5147.68310546875,400595
2016-10-18,5167.816502078104,5190.203414815194,5130.214084311619,5173.05712890625,487798
2016-10-19,5179.493703056937,5192.548585390719,5142.120673792054,5152.73974609375,384608
2016-10-20,5162.3007475992945,5225.278058589597,5162.3007475992945,5189.42236328125,311728
2016-10-21,5194.939207724768,5212.867057393051,5163.220704465498,5194.66357421875,224567
2016-10-24,5209.1889914833,5284.577889701025,5209.1889914833,5253.22705078125,412403
2016-10-25,5271.707415537131,5331.466917108445,5264.030528244681,5315.33203125,339506
2016-10-26,5329.260213991744,5422.48494161815,5318.595352197523,5395.9150390625,590811
2016-10-27,5421.565161090779,5468.453379373911,5322.36449101583,5387.68603515625,1864862
2016-10-28,5444.54902086568,5450.570758909954,5392.834079558065,5402.3955078125,935542
2016-11-01,5441.790895246516,5492.356615678777,5383.13483911086,5404.1884765625,1163831
2016-11-02,5336.982327380666,5392.05290795266,5318.594791369018,5327.4208984375,522312
2016-11-03,5332.293403840113,5387.456011750142,5313.997895332844,5337.48779296875,585730
2016-11-04,5322.271709422142,5322.271709422142,5210.38338561097,5244.90625,679821
2016-11-07,5298.36929837405,5318.4577742699985,5247.803566739386,5255.11279296875,532212
2016-11-08,5266.006443832849,5268.948629263869,5131.501792747564,5211.947265625,684050
2016-11-09,4877.293470425167,5105.298895621291,4877.293470425167,4958.15283203125,1299603
2016-11-10,5061.62810315403,5072.43077869886,4877.293086410341,4898.8984375,942971
2016-11-11,4863.503489890198,4866.215831137495,4691.580020587841,4720.310546875,1058491
2016-11-15,4690.568273328455,4706.335495219131,4418.892436620678,4455.8515625,2793900
2016-11-16,4527.01158753245,4605.526280360293,4506.371397783861,4588.42578125,1952224
2016-11-17,4624.465117611593,4641.013899344596,4519.9318000990115,4528.43603515625,668715
2016-11-18,4537.124673909602,4587.59837229239,4493.821935263255,4551.74267578125,699355
2016-11-21,4587.690805978929,4587.690805978929,4381.106633606821,4401.47119140625,864696
2016-11-22,4440.5897877272,4556.4312604505185,4436.498381545403,4536.71044921875,845997
2016-11-23,4546.317769111406,4546.317769111406,4468.170749824355,4487.33984375,757744
2016-11-24,4470.009778463665,4490.144039595701,4416.685926725513,4440.7275390625,550368
2016-11-25,4458.058531731818,4509.543637480835,4406.0679482599935,4480.67529296875,669501
2016-11-28,4473.687003711686,4516.89770843311,4443.347572737069,4499.19970703125,1387068
2016-11-29,4503.107357197056,4706.289620557724,4501.268603682481,4677.9267578125,874897
2016-11-30,4698.520692255485,4856.1480163504675,4688.913474521436,4841.43798828125,1270618
2016-12-01,4841.437938376771,4879.5920732880195,4784.6664243823225,4828.65869140625,1221883
2016-12-02,4799.146898555215,4814.040982288926,4639.175335270041,4659.49365234375,772281
2016-12-05,4655.632066871773,4799.054847028989,4647.4497031713345,4783.4716796875,578935
2016-12-06,4799.147057732847,4836.841507803162,4705.416410248312,4721.18408203125,646660
2016-12-07,4735.664289330563,4789.7234676801445,4629.108154988252,4704.12939453125,590462
2016-12-08,4755.016747507407,4845.023645269176,4753.177993931417,4812.56982421875,845955
2016-12-09,4863.502730084468,4884.188705779534,4781.862258907034,4812.93701171875,562518
2016-12-12,4806.50158664833,4806.50158664833,4707.254688207526,4729.6416015625,357439
2016-12-13,4761.223229123982,4787.195627139478,4720.126901193834,4746.880859375,484291
2016-12-14,4762.326621054776,4794.320758068055,4716.587619623473,4726.5625,371699
2016-12-15,4688.776118493503,4778.0014617020415,4670.434370876731,4736.67529296875,457317
2016-12-16,4757.31561410286,4787.195362379668,4735.894312596359,4770.32470703125,1170505
2016-12-19,4757.774034801943,4776.575466350627,4692.544083686593,4702.6572265625,369118
2016-12-20,4721.826790147726,4732.491649845754,4663.078707725626,4696.17626953125,377676
2016-12-21,4706.657435893252,4743.984223246648,4664.503920405739,4723.6201171875,413072
2016-12-22,4729.274441360968,4729.274441360968,4645.611149338447,4674.4794921875,399573
2016-12-23,4642.852476140252,4793.630259523817,4634.578085588715,4778.138671875,589006
2016-12-26,4761.452838316907,4833.899556542069,4735.802313272803,4750.7421875,510998
2016-12-27,4766.969009562985,4815.144267147706,4704.635438145485,4802.82470703125,486703
2016-12-28,4826.727570564516,4852.470117607527,4798.640792552989,4809.4892578125,595514
2016-12-29,4796.572413718077,4917.746086115294,4796.572413718077,4886.30322265625,655325
2016-12-30,4915.9079723066025,4944.316626930717,4875.455391273969,4890.6708984375,559886
2017-01-02,4891.129780790198,5032.852056706122,4843.092348730612,5025.31298828125,651321
2017-01-03,5025.313436519137,5078.821344223481,4994.606342112537,5064.294921875,631753
2017-01-04,5084.15405182083,5106.862839900182,5051.056484756536,5058.54931640625,679443
2017-01-05,5079.647987399401,5194.386013046686,5079.647987399401,5180.6416015625,744210
2017-01-06,5194.478862317821,5201.190133317515,5145.75189245891,5162.80615234375,544695
2017-01-09,5189.6973286077855,5222.059567464876,5158.254915349505,5202.29296875,345094
2017-01-10,5222.059895751996,5234.655536686041,5186.204202805811,5217.3251953125,410444
2017-01-11,5232.173371595808,5307.470241773151,5232.173371595808,5297.77099609375,539326
2017-01-12,5304.804014329599,5327.788433802431,5279.061464520028,5311.5615234375,421634
2017-01-13,5325.030142446705,5326.868895948932,5225.415581680722,5239.98779296875,1086873
2017-01-16,5238.562621444258,5263.615636395458,5204.591472981366,5219.20947265625,290142
2017-01-17,5231.253703945015,5257.823602219074,5200.96006048733,5212.314453125,343048
2017-01-18,5226.657333164745,5257.916145711377,5208.269796372609,5226.15185546875,308483
2017-01-19,5217.46280114704,5266.189766514582,5217.46280114704,5257.31787109375,239027
2017-01-20,5256.076751096683,5285.496806376566,5187.1234965344565,5211.90087890625,444280
2017-01-23,5211.901283865226,5252.169808092619,5188.778598240551,5240.44775390625,297515
2017-01-24,5244.125920931667,5282.509907116607,5230.2894779326,5274.6494140625,301613
2017-01-25,5299.196639901026,5363.645052998152,5247.8493481623545,5334.73046875,1148793
2017-01-27,5370.999546953832,5449.7903224069805,5355.41592981172,5438.94140625,576906
2017-01-30,5439.0333669127895,5460.179034160759,5410.532684969872,5419.6806640625,323448
2017-01-31,5414.210380813399,5456.40968931193,5401.798793083567,5419.037109375,374637
2017-02-01,5424.323473042517,5703.354350003264,5411.452197004789,5681.013671875,1212008
2017-02-02,5672.555070560328,5717.007030304582,5635.779997169338,5648.97314453125,745214
2017-02-03,5652.237320530467,5660.28186864287,5605.0272255393475,5622.40380859375,304078
2017-02-06,5660.6028725358665,5688.184176121391,5631.182815377973,5653.8916015625,322223
2017-02-07,5668.877209199101,5729.096388116153,5648.6509200971905,5712.27197265625,456427
2017-02-08,5718.247452607181,5731.302332426052,5668.095184167841,5695.216796875,410369
2017-02-09,5695.998311226218,5703.813013130088,5618.862696334434,5660.6943359375,511610
2017-02-10,5672.554948566403,5676.002611622664,5604.888725199316,5619.4609375,284471
2017-02-13,5600.844671101793,5644.882739517468,5518.1007412923445,5536.48828125,404675
2017-02-14,5557.633328190084,5557.633328190084,5450.158258987803,5460.9609375,439745
2017-02-15,5470.291684469064,5481.140150596861,5371.183049986808,5390.0302734375,609791
2017-02-16,5387.548264028416,5551.151551714317,5387.548264028416,5538.83154296875,576390
2017-02-17,5551.197334671992,5567.608300974246,5474.934846575061,5506.83740234375,326378
2017-02-20,5506.837403839689,5627.275769364627,5435.631488320416,5601.90087890625,504439
2017-02-21,5581.628072116606,5599.601707354522,5555.793496605671,5574.31884765625,287864
2017-02-22,5583.3754916725175,5623.046512126026,5553.036056265768,5589.4892578125,431264
2017-02-23,5599.004459219813,5600.935240195534,5530.096991605021,5544.76123046875,461009
2017-02-27,5520.857063427418,5563.102602204585,5461.0975781446905,5471.67041015625,394395
2017-02-28,5466.889285851813,5516.2599923490925,5437.928920891981,5445.00830078125,558820
2017-03-01,5479.4855048620675,5515.15714368365,5410.670064401508,5442.3427734375,559896
2017-03-02,5471.211916661167,5515.157952792964,5424.553539116124,5441.56201171875,473769
2017-03-03,5446.387954598531,5450.939049150001,5401.338493123965,5413.060546875,362057
2017-03-06,5447.767018717976,5493.092113647653,5435.355432395691,5456.36328125,361209
2017-03-07,5452.824003735433,5473.969670922402,5406.85516202463,5413.75048828125,373103
2017-03-08,5419.725653985806,5428.827393545496,5332.384867365169,5391.36279296875,639968
2017-03-09,5409.613440292831,5493.276734491786,5391.363719852251,5483.53125,598391
2017-03-10,5513.503030195205,5523.983836617782,5457.466831004534,5475.44091796875,443986
2017-03-14,5571.423536057959,5649.01884997858,5525.4546950013755,5637.986328125,875005
2017-03-15,5621.989921787964,5671.452221010742,5601.303940881958,5642.5380859375,384040
2017-03-16,5662.993058063504,5687.540147675349,5637.342536797777,5659.177734375,252721
2017-03-17,5667.957631592331,5724.774934854202,5654.166980420574,5693.33251953125,1048024
2017-03-20,5718.523620900173,5718.523620900173,5655.178649994956,5662.349609375,207710
2017-03-21,5667.728238805966,5700.6417493248155,5563.930685835917,5586.4091796875,532134
2017-03-22,5558.919559729084,5565.355197058169,5495.4825631995245,5521.5927734375,462793
2017-03-23,5530.87826448076,5579.69725760502,5530.87826448076,5548.25439453125,447530
2017-03-24,5559.4718323356665,5559.4718323356665,5508.9981328684835,5520.5361328125,573292
2017-03-27,5495.1147424266965,5534.647942012501,5484.6797267066295,5503.205078125,340512
2017-03-28,5489.783482386237,5561.310825087224,5481.830513131146,5492.58740234375,505962
2017-03-29,5524.4432226536155,5524.4432226536155,5451.306976999422,5464.91357421875,494597
2017-03-30,5484.082049545061,5517.0875834970775,5456.546537643359,5476.359375,898999
2017-03-31,5472.1303464226185,5553.95487613223,5461.18985301961,5530.69482421875,501939
2017-04-03,5603.602211692117,5603.602211692117,5543.842713126081,5582.45654296875,378716
2017-04-05,5617.392573157696,5846.317409608803,5581.5826651590905,5831.0556640625,1076674
2017-04-06,5824.252046848118,5825.1714236510925,5755.298786624975,5784.39697265625,505863
2017-04-07,5746.105396699891,5825.17180695848,5733.279909888663,5754.70166015625,467235
2017-04-10,5775.525751746393,5799.24549647143,5741.554595337701,5763.43603515625,318486
2017-04-11,5768.905204157588,5796.670562308888,5727.717304232256,5744.08203125,373105
2017-04-12,5758.883428771254,5758.883428771254,5632.745219097932,5658.3037109375,415372
2017-04-13,5658.763576266091,5677.1511102263385,5577.766399388322,5587.92578125,386820
2017-04-17,5581.1689109535655,5642.67512930106,5535.567731734694,5622.49462890625,342286
2017-04-18,5626.585805596249,5731.716628527818,5626.585805596249,5642.35302734375,453391
2017-04-19,5637.525336944647,5720.683130764945,5620.884530544778,5697.3310546875,366504
2017-04-20,5700.135288191401,5794.968900824159,5689.102768278772,5767.70947265625,466934
2017-04-21,5777.271020065961,5787.521980248042,5678.989742920206,5687.080078125,294827
2017-04-24,5721.466206509726,5824.252359025875,5700.136483971653,5808.94482421875,426893
2017-04-25,5817.540822645084,5838.042745950907,5775.984811249854,5826.27490234375,384281
2017-04-26,5824.252321361526,5906.766393317674,5802.187277050132,5889.8037109375,540500
2017-04-27,5919.867021080195,5929.980165548573,5810.783057120085,5860.1533203125,1087684
2017-04-28,5893.205861185897,6058.509646337919,5875.323801120869,5998.79638671875,949573
2017-05-02,6137.759731109258,6187.406080042736,6084.435874847373,6164.88134765625,888539
2017-05-03,6173.431545722061,6173.569811382328,6096.479972066253,6108.33984375,370021
2017-05-04,6124.887882391267,6147.826511771757,6091.790319532353,6104.4775390625,372533
2017-05-05,6091.376632799979,6138.127031750982,6069.7254892407,6117.6708984375,337498
2017-05-08,6148.792501800158,6163.180660021622,6079.425337446561,6095.97412109375,208481
2017-05-09,6128.5655256471955,6128.5655256471955,6081.677310554485,6094.82421875,215203
2017-05-10,6109.258567269651,6209.470634061584,6100.892148974778,6194.53076171875,295859
2017-05-11,6204.874057662315,6242.016790805717,6170.0297665316775,6217.28564453125,259056
2017-05-12,6249.922917266722,6249.922917266722,6151.549608624836,6187.58935546875,256491
2017-05-15,6214.435547056752,6287.710058701731,6190.577988081021,6273.7353515625,336356
2017-05-16,6297.7313787900175,6414.997715627828,6279.343841917638,6393.30078125,707624
2017-05-17,6389.668938276373,6416.330866220261,6330.691004693737,6397.2080078125,445461
2017-05-18,6360.524218064242,6387.829888084266,6265.047298284233,6280.30859375,406814
2017-05-19,6302.143687794698,6338.0914091954,6152.055430464565,6243.07373046875,552223
2017-05-22,6255.394469075323,6292.16954408034,6149.941761932643,6161.38818359375,327493
2017-05-23,6219.584229641284,6352.893869448821,6199.9554446177635,6324.25537109375,956457
2017-05-24,6346.457691045511,6355.237559422588,6263.7137837307055,6315.79638671875,433647
2017-05-25,6325.266144692351,6452.185923336414,6283.939980906866,6422.490234375,435721
2017-05-26,6409.113345029199,6513.830270405229,6376.981395942358,6495.212890625,373937
2017-05-29,6481.606495879848,6617.490208525561,6459.127553360269,6559.248046875,427378
2017-05-30,6559.247917926958,6625.580863531905,6513.002996048722,6571.24560546875,403698
2017-05-31,6562.511954798875,6663.643408291152,6559.70803497238,6629.62646484375,650259
2017-06-01,6658.126420882635,6660.884551131551,6536.860717388192,6570.41796875,649217
2017-06-02,6602.964704322435,6608.205332066264,6527.575800708618,6541.0908203125,310268
2017-06-05,6564.16695661339,6584.485275717777,6519.393571303425,6551.2041015625,296147
2017-06-06,6558.834458577382,6577.4976290969735,6513.830782130827,6538.7001953125,324579
2017-06-07,6559.7537837950285,6642.497699778428,6534.5629480452,6624.75390625,518152
2017-06-08,6618.593445224132,6688.420291294254,6617.674068443298,6665.02197265625,426525
2017-06-09,6684.788489125434,6877.765583205486,6647.0940415867,6863.009765625,1122640
2017-06-12,6844.7602215977695,6849.357105561234,6762.475998651766,6779.16259765625,454342
2017-06-13,6798.424052694795,6853.954323899632,6743.629103394205,6756.45458984375,607567
2017-06-14,6750.983474073311,6796.446833918659,6740.732513095484,6758.38427734375,277472
2017-06-15,6755.902101333013,6796.952182651902,6685.845414758172,6722.75830078125,388150
2017-06-16,6740.8703891858195,6766.658727680147,6665.481495035078,6678.2607421875,547028
2017-06-19,6724.321637529313,6731.814468357017,6651.690873328491,6664.7919921875,372747
2017-06-20,6679.272723294036,6696.4190115275815,6610.595093978754,6626.1787109375,757716
2017-06-21,6637.901186098422,6697.200995863428,6576.578567597336,6682.21533203125,460423
2017-06-22,6703.176481423775,6759.258468170017,6700.418350928058,6726.2529296875,436033
2017-06-23,6730.988099769771,6740.549529705171,6624.1105356108865,6637.11962890625,355854
2017-06-27,6655.8279929423925,6681.294908526467,6578.232684893337,6604.205078125,365667
2017-06-28,6632.338245709621,6733.515479929514,6624.1096440322435,6642.54296875,637214
2017-06-29,6669.987174480236,6702.257392448999,6624.1103583806635,6641.900390625,543979
2017-06-30,6633.119323358291,6650.403875937946,6580.11734248869,6635.69384765625,367886
2017-07-03,6655.276325037597,6771.209824027527,6629.809858184552,6761.0966796875,556846
2017-07-04,6790.516888554519,6817.22460441421,6748.225556727616,6781.4609375,428293
2017-07-05,6780.1742290260245,6797.87223287819,6740.870869821867,6782.84033203125,273869
2017-07-06,6782.840906492363,6893.488006353233,6781.508079334101,6871.46875,416512
2017-07-07,6867.744452343635,6871.467748685758,6821.775613974535,6833.54345703125,339803
2017-07-10,6857.44727308137,6895.325775574301,6159.824359513042,6831.38330078125,47033
2017-07-11,6871.329857887141,6890.7287972526865,6803.388005292846,6855.79248046875,423681
2017-07-12,6881.53626208262,6881.53626208262,6835.659443451639,6873.859375,233096
2017-07-13,6886.133163147388,6963.820513252321,6863.286556795164,6957.4306640625,472029
2017-07-14,6964.233598442965,6977.104873879011,6913.7136627906975,6947.96044921875,267450
2017-07-17,6961.4760350884735,6967.038085717791,6899.279829229664,6915.82861328125,289180
2017-07-18,6918.310350985434,6979.448907575537,6909.116583077147,6940.697265625,387214
2017-07-19,6954.395961982189,6972.553653788931,6927.504190572204,6951.86767578125,223986
2017-07-20,6968.876184322932,6973.01337994687,6876.984293065451,6887.005859375,290547
2017-07-21,6895.325686118338,6941.202496567093,6844.759964420137,6934.85888671875,434483
2017-07-24,6944.972061409082,6958.762712841586,6890.728832441233,6945.4775390625,357195
2017-07-25,6962.440596195182,6962.440596195182,6889.395928927337,6899.78515625,323585
2017-07-26,6931.182274950122,6982.667380056529,6899.004084258617,6955.31591796875,377790
2017-07-27,7001.0538197136075,7063.9390984492275,6928.4230578282,6986.8955078125,1148259
2017-07-28,7002.892991702524,7054.929807667685,6972.553557709327,7015.2587890625,459181
2017-07-31,7046.104110974085,7138.961171935513,7034.152212038456,7125.21630859375,505371
2017-08-01,7134.272079149577,7281.464397472281,7102.185917989063,7222.71630859375,1096934
2017-08-02,7243.677396120189,7244.688800329517,7148.154241441877,7167.00146484375,414448
2017-08-03,7165.622753979741,7197.800941866486,7089.314479848316,7113.5859375,287116
2017-08-04,7125.1703262887395,7175.644023720461,7115.976558125786,7143.83349609375,325021
2017-08-07,7152.292288312464,7256.044056832562,7144.4775849959715,7206.67333984375,327318
2017-08-08,7216.187811660264,7249.285373288468,7113.1255924740035,7130.59375,319951
2017-08-09,7133.4456614724,7166.543231238222,7023.212456396362,7043.8984375,285089
2017-08-10,7021.6021299754475,7024.0383885865085,6931.089309132667,6967.7265625,385730
2017-08-11,6897.072422046184,6926.400450890225,6785.00048485031,6856.16015625,676390
2017-08-14,6910.035666295686,7030.474020777423,6909.1162895439165,6995.0322265625,328598
2017-08-16,7032.405889577535,7097.6816490506,6973.51953016898,7080.25927734375,488766
2017-08-17,7080.121343952015,7087.338542233812,6955.0860884296835,6971.12939453125,321296
2017-08-18,6942.213640144909,7009.328140970042,6924.147977308424,6986.15966796875,332924
2017-08-21,7013.925138885716,7040.632853576682,6886.1317722183785,6897.072265625,277519
2017-08-22,6932.101275578649,6957.384138321144,6872.433809289254,6891.74072265625,278131
2017-08-23,6939.455632077307,6978.06945514928,6896.2449253062905,6962.48583984375,258051
2017-08-24,6997.725506389312,7089.6542252232475,6949.0683761925,7069.08642578125,436912
2017-08-28,7102.6539097418645,7102.6539097418645,7027.485754266548,7037.65380859375,391028
2017-08-29,7024.654643667321,7034.450907314093,6959.700781892385,6984.26171875,368309
2017-08-30,7059.940360809109,7093.694079283752,6994.475965775959,7017.64404296875,471048
2017-08-31,7024.561353482077,7168.95444586497,6994.011394391985,7150.2900390625,586954
2017-09-01,7194.119179460224,7275.276367422034,7177.869152272027,7254.29052734375,627407
2017-09-04,7280.012096065332,7313.440723037061,7202.70839619321,7262.83349609375,362724
2017-09-05,7282.79733174279,7294.822532286897,7243.797269530219,7258.84033203125,182518
2017-09-06,7242.869173305512,7339.4407622829185,7215.011984177414,7286.18701171875,340420
2017-09-07,7324.583031672059,7381.225978544777,7297.190131135254,7353.5546875,389478
2017-09-08,7373.28727250006,7409.780008124186,7328.297731647743,7401.4228515625,341309
2017-09-11,7428.583799057727,7584.58405883794,7428.583799057727,7560.8125,547463
2017-09-12,7606.869826476179,7606.869826476179,7536.298280234457,7572.04833984375,387447
2017-09-13,7578.919493499111,7614.298213685112,7521.58011365825,7542.4267578125,371832
2017-09-14,7558.537634534946,7581.751958496312,7467.629979178422,7493.81591796875,293890
2017-09-15,7500.037214915331,7539.176472746416,7468.976269431782,7521.20849609375,400099
2017-09-18,7549.948513947765,7600.369845427235,7549.948513947765,7575.1591796875,219992
2017-09-19,7593.869699998595,7600.323463460647,7544.144799135639,7550.876953125,245577
2017-09-20,7581.241210174898,7581.241210174898,7529.8913053164715,7540.15185546875,185837
2017-09-21,7522.368728994636,7587.275881142568,7498.31878263312,7563.1796875,258168
2017-09-22,7563.226327268379,7591.547800930955,7475.011901106255,7491.912109375,366359
2017-09-25,7497.298300574453,7511.226895386023,7293.98706361299,7396.03759765625,626129
2017-09-26,7410.012663911257,7410.058911200116,7307.03400717019,7326.34814453125,440508
2017-09-27,7381.226392616736,7408.155008214407,7163.940321932082,7187.1083984375,564788
2017-09-28,7182.6046649383,7354.297711486367,7104.511589719974,7333.265625,768225
2017-09-29,7391.440124254606,7435.82572655344,7358.9400734570045,7408.34033203125,486217
2017-10-03,7479.980199667894,7492.7013770335825,7293.940518548844,7324.86181640625,516298
2017-10-04,7330.1547861230865,7367.204755736829,7271.283352426003,7286.69775390625,301347
2017-10-05,7276.2977894362075,7336.655032457309,7249.55506927492,7271.701171875,272177
2017-10-06,7303.180325289714,7353.369514080098,7284.701360049134,7338.6982421875,440453
2017-10-09,7344.083864205541,7388.655368249272,7304.805407628918,7332.66259765625,261839
2017-10-10,7326.905338129979,7368.133889108354,7322.076577114267,7329.876953125,224485
2017-10-11,7328.297849725448,7334.658665225284,7243.79770979577,7266.22265625,644166
2017-10-12,7284.654903439013,7352.440729819005,7270.72630897737,7339.6728515625,396436
2017-10-13,7335.725867977192,7372.868783764418,7298.629199472806,7311.72216796875,328108
2017-10-16,7335.7263722185035,7368.226425766306,7255.869097786757,7281.869140625,502632
2017-10-17,7290.226546519334,7337.8621595576815,7271.562138734183,7278.99072265625,304861
2017-10-18,7297.654829581274,7310.701098194635,7194.769127864211,7228.05810546875,489207
2017-10-19,7245.655424111712,7245.655424111712,7140.726670693203,7178.89111328125,115449
2017-10-23,7195.3256495,7298.583139398941,7163.011493298147,7260.04736328125,471496
2017-10-24,7303.5053554560345,7365.62725460101,7281.49844643493,7312.5126953125,354257
2017-10-25,7363.583166079027,7377.511759709694,7252.432807544413,7308.0546875,254379
2017-10-26,7335.725965278503,7508.440525979997,7304.340382383891,7491.7724609375,684763
2017-10-27,7543.680329663237,7651.441038165301,7486.7122890197315,7534.85888671875,1201080
2017-10-30,7614.298416956469,7687.655682193001,7580.21960731379,7609.8876953125,726605
2017-10-31,7609.655805797115,7638.905855569245,7583.841657518865,7624.7451171875,318652
2017-11-01,7661.65571159355,7666.716615731874,7577.155569822248,7649.9560546875,631375
2017-11-02,7660.727018376228,7682.966522415726,7615.226942751933,7638.25537109375,247753
2017-11-03,7646.79885301377,7654.1349426275665,7591.084471571047,7632.3134765625,288916
2017-11-06,7623.1194776045295,7772.665966791165,7613.694099630386,7716.626953125,392588
2017-11-07,7751.725903159659,7751.725903159659,7623.582853969909,7633.14697265625,348296
2017-11-08,7631.0126737218325,7693.273310049514,7618.848730528668,7644.0126953125,199176
2017-11-09,7682.7344118553265,7682.7344118553265,7566.662789871005,7618.75537109375,442672
2017-11-10,7613.183546948114,7646.705573762017,7531.701272449503,7598.9765625,351694
2017-11-13,7600.370027244084,7631.987756624706,7502.869861958729,7529.984375,181361
2017-11-14,7548.3696382056,7601.2982972507125,7529.798178891525,7542.751953125,237427
2017-11-15,7521.441015612984,7595.726852804224,7509.369567069408,7546.74462890625,275441
2017-11-16,7549.29821825825,7646.658731079869,7548.6017885333185,7580.59130859375,321844
2017-11-17,7631.013595735497,7765.146158930475,7631.013595735497,7752.052734375,419255
2017-11-20,7778.656103316856,7845.513360024367,7753.58463205154,7823.83154296875,372037
2017-11-21,7842.726943043319,7845.930701004023,7800.941161319787,7823.041015625,255180
2017-11-22,7844.583680624622,7916.083792296982,7840.869389109174,7905.08056640625,383442
2017-11-23,7904.0130488332,7910.513059564148,7840.405800966062,7858.884765625,289808
2017-11-24,7858.885840942583,7930.014176806942,7858.885840942583,7881.68212890625,343432
2017-11-27,7879.870082726507,7915.341750909075,7841.798591636266,7900.85546875,172254
2017-11-28,7884.141188142273,8039.5846639105075,7870.630632976124,8008.15283203125,456041
2017-11-29,8031.227713627245,8074.870643739452,7963.441886006157,8051.98095703125,382984
2017-11-30,8032.155838104416,8056.298734265193,7962.512868409869,7984.89111328125,582023
2017-12-01,8041.44267513467,8073.942732135792,7979.228280303952,7994.08544921875,436589
2017-12-04,8041.210640321757,8041.396536297624,7874.810164869855,7893.61376953125,242191
2017-12-05,7911.395118643692,7943.895171203257,7871.048443461417,7893.24169921875,213998
2017-12-06,7887.298785431344,8021.709722468216,7846.48782215047,7997.2421875,420876
2017-12-07,8000.492331150677,8346.246118828292,7999.238213537237,8247.95703125,834850
2017-12-08,8291.971427763812,8467.657629915293,8263.371559229761,8396.3896484375,1006694
2017-12-11,8457.44143955353,8512.227237196663,8440.494985197814,8481.3984375,564023
2017-12-12,8496.442271227792,8560.049516646272,8450.01362493693,8479.1240234375,491488
2017-12-13,8441.657875125837,8520.586586971145,8426.800705837308,8469.1904296875,446829
2017-12-14,8475.084702644475,8493.470264364907,8399.870299125882,8461.8525390625,655484
2017-12-15,8515.014794560597,8576.579005879084,8493.936005146708,8511.2080078125,620495
2017-12-18,8459.299230276827,8676.58529173509,8348.010129471677,8644.177734375,658668
2017-12-19,8677.515562330223,9153.87355949185,8659.872673546459,9101.4091796875,1275759
2017-12-20,9254.158140535343,9282.38712130775,9007.38987585069,9038.63671875,1216280
2017-12-21,9088.873518724788,9116.173930636487,8923.633753928334,8943.1337890625,849633
2017-12-22,8974.6581477529,9123.043933489887,8918.943767115012,9007.158203125,814330
2017-12-26,9045.228747178977,9067.514497095031,8929.343028977386,8987.6572265625,542587
2017-12-27,9001.587134418125,9054.237407643213,8941.322380831503,8955.2509765625,402886
2017-12-28,9001.1220997716,9001.1220997716,8928.971798519842,8941.4150390625,659995
2017-12-29,8969.086040040514,9071.229063583785,8960.728883568792,9034.5966796875,471554
2018-01-01,9052.657230208672,9089.800146324002,8941.971158823095,8962.4931640625,426354
2018-01-02,9006.228660702722,9024.428327028292,8844.65697424409,8871.6318359375,451227
2018-01-03,8911.513933796681,8912.442506677144,8730.442222106532,8743.9990234375,658281
2018-01-04,8775.01488838394,8810.300662538288,8698.129225009538,8715.818359375,562919
2018-01-05,8782.442977633526,8851.157376062885,8740.23915561467,8760.017578125,732512
2018-01-08,8810.299652790876,8816.799663074344,8751.799560239673,8774.0390625,294549
2018-01-09,8788.757099263941,8813.503931171323,8692.371408158497,8713.310546875,427590
2018-01-10,8717.256784142268,8779.517417831503,8650.492934459488,8706.16015625,394826
2018-01-11,8737.870566099486,8756.442023200652,8659.870446274579,8672.6845703125,368996
2018-01-12,8716.512875367664,8816.566594587954,8686.891040317905,8783.509765625,685141
2018-01-15,8821.39698171353,8829.382346544386,8672.871553564402,8690.00390625,385462
2018-01-16,8701.655969722324,8736.617099414396,8635.727298945429,8656.2021484375,364816
2018-01-17,8650.586359391844,8699.614834081436,8594.871977515126,8648.63671875,390461
2018-01-18,8682.156989035027,8838.993321325464,8665.44267611496,8699.521484375,686971
2018-01-19,8658.941616982056,8724.870287738702,8619.012985397045,8657.966796875,542339
2018-01-22,8681.230256183902,8688.426697994302,8609.358332669708,8645.1083984375,454188
2018-01-23,8679.372829494443,8755.794214824216,8626.444162405412,8722.458984375,561948
2018-01-24,8746.229118297586,8839.968744344938,8673.289890248494,8761.0400390625,568489
2018-01-25,8807.514047913683,8807.514047913683,8589.29941414882,8615.4853515625,705224
2018-01-29,8803.801027739559,9020.158546931976,8785.229566864673,8942.80859375,1546624
2018-01-30,8932.872356196398,8984.408158251377,8867.872245496425,8887.8828125,573988
2018-01-31,8875.346333863661,8900.371555750076,8783.27887171539,8830.4501953125,462650
2018-02-01,8863.22929881857,8880.593795307559,8646.87178948125,8730.3037109375,550971
2018-02-02,8690.513360743329,8690.513360743329,8301.44133401489,8348.4267578125,984189
2018-02-05,8218.010116202147,8468.585159768196,8067.441652200229,8431.9990234375,651062
2018-02-06,8078.583991921942,8462.548874756392,8042.926430888991,8342.85546875,840339
2018-02-07,8515.013980525011,8515.013980525011,8239.227813434942,8284.5419921875,509440
2018-02-08,8346.848921854264,8412.8700893015,8278.227024958374,8385.6630859375,465683
2018-02-09,8269.870629641926,8344.666998832197,8236.44200369682,8297.8203125,364892
2018-02-12,8320.01494321642,8496.443831521232,8320.01494321642,8466.58984375,408523
2018-02-14,8496.35167581515,8503.40846890494,8344.158176530691,8358.6435546875,357737
2018-02-15,8402.657412315346,8440.728906834622,8358.085906536682,8375.9609375,250781
2018-02-16,8394.20699166123,8422.15667479313,8177.802339746078,8205.7529296875,632659
2018-02-19,8223.442873634776,8232.588955389849,8070.8322566519955,8101.66015625,436138
2018-02-20,8120.370430163746,8142.609933629987,8032.156000104792,8099.6171875,517802
2018-02-21,8144.514071550945,8166.7998243405045,8086.199866446853,8155.4248046875,471756
2018-02-22,8142.6563176409,8142.6563176409,7987.1203462410995,8017.34521484375,638857
2018-02-23,8046.0841440388185,8114.752291061609,8036.844662361496,8077.4697265625,567960
2018-02-26,8132.440918039386,8408.22705102154,8125.05858261283,8362.123046875,869374
2018-02-27,8443.5137681668,8463.89612562144,8238.855928867171,8256.1279296875,684609
2018-02-28,8236.440105686923,8295.868760339004,8145.439978250923,8218.7509765625,680125
2018-03-01,8240.157994799489,8297.775776428005,8181.982525204502,8239.6474609375,609369
2018-03-05,8233.656359487293,8233.656359487293,8148.227647964475,8166.8916015625,388180
2018-03-06,8223.025516067346,8250.372175828625,7985.728836480154,8001.05029296875,543686
2018-03-07,8005.969711580898,8091.444666344333,7941.15550400691,8059.1767578125,598715
2018-03-08,8078.770533310822,8148.227608371274,8033.08456296523,8105.837890625,533856
2018-03-09,8134.298061420852,8147.298081153716,8032.15504923406,8041.99755859375,323450
2018-03-12,8096.226849467182,8196.32682344106,8061.033574988065,8181.00537109375,438339
2018-03-13,8180.7285331180055,8216.014308856767,8070.228340672938,8130.6318359375,521943
2018-03-14,8111.085548325234,8240.157201584216,8101.846065165277,8214.435546875,411769
2018-03-15,8208.492260798104,8241.08480813238,8172.324163574033,8206.3095703125,313431
2018-03-16,8235.514117727302,8235.514117727302,8031.599845176258,8056.81005859375,622932
2018-03-19,8089.2639215671215,8171.442634424688,8081.881584643421,8146.83544921875,571830
2018-03-20,8138.431373620363,8213.692029861793,8111.084718878838,8173.6708984375,408924
2018-03-21,8208.491857679242,8306.084505749677,8194.702006169262,8240.759765625,516020
2018-03-22,8236.442515985203,8274.049722512531,8064.099729783794,8075.38134765625,471749
2018-03-23,7997.381705061607,8023.335503380826,7931.963551798382,7992.46044921875,644482
2018-03-26,7992.227779172288,8169.585221465992,7990.370633179684,8139.220703125,447858
2018-03-27,8185.371243348552,8252.228501377036,8140.939386674293,8220.0068359375,423455
2018-03-28,8182.583221123401,8435.155013695527,8172.368920688499,8228.17578125,1194227
2018-04-02,8347.87029981472,8438.87044323873,8313.745246030716,8364.7705078125,552649
2018-04-03,8365.467746255017,8412.871215616864,8315.371052521967,8381.7177734375,339709
2018-04-04,8429.586322339408,8495.886802205257,8339.14294267395,8369.693359375,488280
2018-04-05,8403.585391532864,8503.546634632208,8403.585391532864,8480.28515625,236956
2018-04-06,8510.371517412104,8570.728762216446,8396.667572568782,8548.62890625,429514
2018-04-09,8561.443105343878,8643.297178451228,8528.664659632188,8628.904296875,426170
2018-04-10,8626.443874918874,8650.076241061932,8579.086648049028,8611.076171875,299119
2018-04-11,8626.442642896734,8682.157019492408,8550.810195306205,8638.0498046875,318010
2018-04-12,8626.442159167022,8626.442159167022,8525.320208592506,8547.0029296875,300797
2018-04-13,8605.08609413005,8605.08609413005,8455.817982591105,8472.25390625,366224
2018-04-16,8450.014301478554,8584.657386502113,8417.514246472867,8572.5859375,271057
2018-04-17,8580.943489572395,8581.87206261531,8484.882426920973,8506.0537109375,342578
2018-04-18,8522.4419068701,8568.360017224662,8446.20643601859,8469.9775390625,452854
2018-04-19,8490.870212018399,8527.780983117233,8420.298674823145,8429.259765625,256088
2018-04-20,8433.29877055921,8457.58131373334,8369.180995512035,8380.3701171875,303913
2018-04-23,8394.207827986624,8473.229031352432,8362.682591762847,8417.375,302205
2018-04-24,8445.372260267552,8489.525729370242,8385.943582460282,8417.1904296875,312103
2018-04-25,8411.940594795296,8421.040426440273,8271.726108669443,8296.42578125,488641
2018-04-26,8309.798343442128,8339.512674315985,8255.012545893453,8307.4306640625,614321
2018-04-27,8371.084745084305,8484.370639582396,8092.6053679344695,8155.98046875,1873816
2018-04-30,8162.157116333679,8268.200340094387,8134.578315363665,8185.3251953125,497504
2018-05-02,8278.22694410147,8355.298490524401,8101.798102892353,8119.9052734375,806846
2018-05-03,8138.943444485797,8170.514930750774,8078.586191332166,8130.5400390625,406825
2018-05-04,8156.584631682499,8162.156069272446,8046.084452815216,8058.341796875,490244
2018-05-07,8072.086200120198,8143.586330962169,8041.44328690221,8119.1650390625,342702
2018-05-08,8157.512918987225,8177.19884581099,8069.298493568467,8148.4130859375,404969
2018-05-09,8166.79950636174,8166.79950636174,8083.227936654797,8095.6240234375,314057
2018-05-10,8132.441765186363,8132.441765186363,8069.29880560282,8083.18115234375,298598
2018-05-11,8113.869750668141,8138.941218197099,8080.48737457788,8125.291015625,264405
2018-05-14,8125.94315367664,8134.300311530953,8067.535543282079,8085.0859375,276620
2018-05-15,8101.799313912944,8125.338276416363,8021.9420370079,8103.28466796875,506107
2018-05-16,8055.369808094836,8109.645074791961,8055.369808094836,8074.498046875,288597
2018-05-17,8101.800409039056,8140.289945925882,8042.5576258053825,8076.2646484375,379606
2018-05-18,8079.327296784643,8101.798943410792,7889.155739050783,7903.0380859375,603507
2018-05-21,7909.584329187244,7915.89844383831,7665.833931627763,7826.47705078125,872463
2018-05-22,7814.870035110231,7973.099230293975,7773.3163951302895,7949.1884765625,410467
2018-05-23,7948.583866067494,7953.040834537042,7854.055328087601,7890.45556640625,399631
2018-05-24,7892.962255968477,7909.862464348903,7800.012470090361,7809.99462890625,292331
2018-05-25,7811.1550070339135,7961.583812447549,7795.5089168489285,7937.58056640625,519151
2018-05-28,7948.584934634011,8157.513861070069,7944.034564178906,8087.220703125,446264
2018-05-29,8095.297646541517,8208.583527807641,8060.011880245512,8092.41943359375,665121
2018-05-30,8049.798529038696,8049.798529038696,7960.5158813262005,7974.77001953125,508262
2018-05-31,8021.942618089284,8022.035112670887,7907.635637800425,7927.4140625,679959
2018-06-01,7995.014249586098,8216.386435434388,7976.489035206834,8179.66064453125,1002010
2018-06-04,8208.585241308834,8208.585241308834,8102.774167611273,8124.8740234375,380690
2018-06-05,8125.012954660075,8199.298787388396,8060.012851022794,8181.09912109375,400886
2018-06-06,8198.371490582762,8236.44298578198,8180.728602563613,8210.767578125,328784
2018-06-07,8240.156749719456,8296.613806399344,8231.799592772479,8274.74609375,267961
2018-06-08,8258.728801642623,8310.728893040417,8237.3716212471,8294.4326171875,287823
2018-06-11,8320.013022780991,8399.870290633577,8284.26296682373,8378.1884765625,337828
2018-06-12,8393.370708616083,8417.513604779819,8315.370582548625,8372.7099609375,343452
2018-06-13,8385.01432932799,8445.32532804205,8304.228476985627,8326.8388671875,369407
2018-06-14,8294.061548736592,8375.68349061371,8271.729546041248,8318.158203125,269078
2018-06-15,8352.513317604942,8352.513317604942,8265.227464146925,8312.212890625,496572
2018-06-18,8308.407254560518,8403.957782860698,8299.539563412682,8332.50390625,305144
2018-06-19,8329.300399039063,8343.043099049017,8190.060686480268,8229.5712890625,350407
2018-06-20,8239.229018387854,8329.300608017475,8229.943287498203,8309.150390625,325981
2018-06-21,8336.727922930557,8344.156506510803,8220.610057203747,8229.98828125,313349
2018-06-22,8231.79992832226,8252.228535025371,8180.728411564479,8240.9931640625,319027
2018-06-25,8235.514423260602,8235.514423260602,8152.871421380999,8164.94287109375,254954
2018-06-26,8164.9424435652945,8343.553098585098,8125.013804298456,8293.41015625,387769
2018-06-27,8297.681838277364,8368.2996315022,8239.227988273304,8262.720703125,501622
2018-06-28,8256.871922154674,8258.775315628596,8111.13219421355,8144.79296875,376404
2018-06-29,8125.2915303379295,8264.299079360535,8125.2915303379295,8195.212890625,458807
2018-07-02,8243.870692385657,8296.799350807145,8171.488249199978,8190.98828125,298529
2018-07-03,8194.656437468297,8352.513841929442,8125.013464911908,8334.08203125,375718
2018-07-04,8370.156836101803,8588.603629500178,8313.049597870135,8562.185546875,656141
2018-07-05,8568.872499981455,8723.944206472233,8566.783210522746,8679.4189453125,887919
2018-07-06,8649.656106935035,8741.53857190199,8598.584600130802,8651.9775390625,508241
2018-07-09,8723.942272615814,8747.016946131998,8682.156492704402,8705.2783203125,331872
2018-07-10,8710.014965556475,8864.065592969631,8710.014965556475,8850.2294921875,485745
2018-07-11,8848.370812470805,8848.695450249115,8692.370571470165,8714.3779296875,328446
2018-07-12,8773.156958783567,8828.871334051031,8659.174632715543,8679.37109375,336960
2018-07-13,8736.013568876493,8816.799408639701,8693.531360035497,8757.4169921875,511150
2018-07-16,8755.514366247831,8820.421978330081,8686.799967785393,8714.935546875,216426
2018-07-17,8683.227098563812,8802.594994592588,8679.37315730106,8770.7451171875,457123
2018-07-18,8805.00701054335,8853.0144129193,8632.85013149551,8697.7568359375,430624
2018-07-19,8736.014258555726,8760.157155103605,8682.157027795072,8718.4638671875,199983
2018-07-20,8721.157564451232,8788.014820056054,8668.228903764082,8727.611328125,272916
2018-07-23,8773.1588898696,9053.587973775255,8702.58733233043,9008.087890625,607813
2018-07-24,9079.586481465976,9219.800999639567,9030.372114160014,9130.1474609375,749626
2018-07-25,9149.22956830994,9170.4470981707,9008.08647540594,9061.8974609375,384750
2018-07-26,9118.400404269,9129.450785014456,8692.371319384396,8725.103515625,1261317
2018-07-27,8730.44364574647,8767.772462990013,8626.443466175784,8645.38671875,672141
2018-07-30,8654.300266074992,8732.764683723419,8573.514415951759,8711.779296875,539464
2018-07-31,8728.584169748765,8866.801865925776,8686.798394468053,8840.5234375,426388
2018-08-01,8853.943807929041,8902.926035078306,8635.729146695341,8674.357421875,700719
2018-08-02,8660.799946869294,8660.799946869294,8468.585345282294,8489.3857421875,875157
2018-08-03,8496.441632452787,8570.727460933247,8496.441632452787,8530.798828125,470958
2018-08-06,8586.978733865488,8635.728815890678,8542.871516795078,8623.1005859375,237693
2018-08-07,8650.585928368884,8747.1575188101,8608.800144043358,8739.2646484375,381947
2018-08-08,8774.08502968379,8774.08502968379,8527.130894078658,8549.7421875,638498
2018-08-09,8579.085450782148,8579.085450782148,8412.870893396066,8492.7744140625,651728
2018-08-10,8496.442385454526,8552.156761752589,8454.65660323098,8494.8173828125,427827
2018-08-13,8468.073925128549,8528.941694564563,8368.484486180041,8432.23046875,348201
2018-08-14,8505.444687012592,8580.203231434218,8474.763630343394,8555.658203125,344056
2018-08-16,8547.601572723606,8652.479440492112,8511.065353813456,8619.3154296875,465479
2018-08-17,8659.084625923653,8699.836565902846,8553.223264598395,8573.9267578125,477538
2018-08-20,8591.352624781108,8635.476774956349,8489.519429013832,8501.0888671875,449317
2018-08-21,8534.487757686735,8553.224284048287,8478.653275077091,8537.5791015625,380824
2018-08-23,8567.276566046481,8671.26428598428,8525.212698970714,8640.6298828125,751705
2018-08-24,8656.27304960042,8693.652776444113,8564.55740967482,8584.88671875,401110
2018-08-27,8627.23243323007,8688.126135929599,8618.800997471675,8661.1923828125,326945
2018-08-28,8691.451562210963,8849.728528640477,8632.853267498227,8832.3505859375,684054
2018-08-29,8825.838740368692,8870.150432187269,8749.628302630052,8776.2802734375,433440
2018-08-30,8778.060424713149,8778.060424713149,8602.54642347087,8624.2333984375,674292
2018-08-31,8626.295530276077,8670.326361067016,8506.662643217041,8521.74609375,634522
2018-09-03,8525.118272643482,8542.871311800489,8314.332381286913,8339.767578125,992161
2018-09-04,8348.994122455882,8430.49799236765,8277.280268168284,8308.2421875,530967
2018-09-05,8310.585636524786,8384.594910032332,8235.264440323781,8334.099609375,491163
2018-09-06,8401.176915549238,8401.176915549238,8188.798222447366,8206.45703125,687535
2018-09-07,8220.650209201787,8233.765776487124,8088.791916672425,8168.37548828125,636918
2018-09-10,8150.386526300179,8197.227828175466,8080.124573487246,8093.615234375,577299
2018-09-11,8120.410203843187,8150.295328155351,7943.9117665520835,7978.99609375,552622
2018-09-12,7999.558817253318,7999.558817253318,7870.276803342912,7957.35498046875,634678
2018-09-14,8050.147037761239,8150.3874349497,8038.295821117882,8081.71826171875,754169
2018-09-17,8044.525620268413,8112.633059861976,7978.9477940871175,7998.43359375,422191
2018-09-18,7998.340532740674,8053.425725519811,7850.790419116598,7868.54345703125,507455
2018-09-19,7893.228927398228,7914.682612726097,7673.589847975666,7691.67041015625,959340
2018-09-21,7738.183976207786,7799.077675778429,7119.550738390493,7532.22265625,1646047
2018-09-24,7560.1870976780565,7560.1870976780565,7111.166502967022,7300.73291015625,1801469
2018-09-25,7260.402768769387,7511.706387185179,7194.824937309534,7494.09423828125,1159438
2018-09-26,7564.871385013967,7578.830003574925,7328.369433477036,7347.10595703125,754963
2018-09-27,7354.085745449214,7380.316879318332,7035.752382397141,7075.89501953125,1594739
2018-09-28,7138.615832886006,7165.034515398905,6831.945676714656,6883.75244140625,1413254
2018-10-01,6889.42008953191,7012.144325557023,6750.769807610409,6992.42431640625,1034603
2018-10-03,6932.513911231196,6942.538134590223,6755.453758633535,6788.24267578125,1148091
2018-10-04,6698.306777299662,6827.588782232158,6577.456207471458,6743.97705078125,1104174
2018-10-05,6609.120503464993,6763.884356195556,6372.150618936887,6468.17529296875,1481376
2018-10-08,6478.152907455368,6547.4780434136765,6346.294625210344,6454.498046875,1393849
2018-10-09,6388.920219173915,6501.573565169833,6240.19906593606,6276.22021484375,1079041
2018-10-10,6321.7026708774665,6604.6241597045255,6298.516224359355,6544.52685546875,1162309
2018-10-11,6370.41806050469,6510.941988309941,6281.607121105637,6441.1484375,869569
2018-10-12,6510.941410807933,6863.188025263154,6510.941410807933,6826.83935546875,1053651
2018-10-15,6857.5676577511485,6876.304181406207,6675.870036632362,6728.28564453125,682234
2018-10-16,6758.265200586984,6818.222086203503,6673.763281947308,6699.1513671875,637012
2018-10-17,6780.419820915176,6787.305584734447,6420.491481758994,6450.6103515625,1021019
2018-10-19,6398.523013671109,6524.9945520086785,6291.2564126366515,6329.61962890625,903940
2018-10-22,6387.280576567805,6468.784450161439,6297.391926107638,6381.84716796875,774016
2018-10-23,6350.74401725112,6423.816451731956,6244.882669862216,6343.5302734375,734440
2018-10-24,6417.259588046815,6450.048505649975,6267.367393289518,6340.720703125,681526
2018-10-25,6276.734690409274,6420.725040833251,6201.976152742122,6298.46923828125,2101936
2018-10-26,6323.576291539671,6365.733466816602,6089.369762223387,6292.94189453125,874526
2018-10-29,6297.345445885293,6379.7861479438925,6268.35049326696,6369.2001953125,505428
2018-10-30,6368.543751370717,6435.011745341878,6253.501690645191,6273.92431640625,771389
2018-10-31,6332.944332881415,6332.944332881415,6089.369550847515,6198.416015625,1315746
2018-11-01,6228.910178747791,6314.161355191504,6183.05235745614,6287.74267578125,842039
2018-11-02,6342.124961930815,6706.737852281078,6323.622647000999,6684.67578125,1834118
2018-11-05,6687.065023027404,6796.392817123045,6614.039242050608,6723.83544921875,1040315
2018-11-06,6740.4645549221505,6780.748081796599,6604.624754996687,6628.04541015625,667413
2018-11-07,6688.938715252886,6691.749193704673,6642.097407723104,6677.60302734375,127507
2018-11-09,6679.571193397319,6852.884050449003,6596.053224310433,6823.3740234375,986090
2018-11-12,6838.830822715143,6888.014195070286,6606.497939970848,6640.0361328125,687443
2018-11-13,6604.577971942708,6715.872740185448,6577.456670806211,6698.72900390625,572295
2018-11-14,6726.505528182611,6940.9449423376145,6726.505528182611,6903.5185546875,1112945
2018-11-15,6912.746754720041,7040.342666115948,6870.261595069088,7005.8671875,1048278
2018-11-16,7026.196529140636,7067.46354044792,6841.220012209593,6877.4287109375,806420
2018-11-19,6895.04075318503,6978.418284031968,6829.462919934628,6943.427734375,577408
2018-11-20,6943.427346853331,6974.202176940905,6849.744733152735,6870.63623046875,637243
2018-11-21,6876.304009844939,6994.344105926746,6868.340987490214,6955.4658203125,701156
2018-11-22,6926.846120147917,7007.45983000452,6896.1650627371355,6942.91259765625,668352
2018-11-26,6955.933899671575,7099.03408865135,6920.615372183567,7077.4404296875,899481
2018-11-27,7091.773879737216,7174.027031854632,7026.89866954279,7164.4716796875,783389
2018-11-28,7174.214834719168,7195.293423617206,7072.662969026213,7095.708984375,686734
2018-11-29,7132.056915021367,7159.2248712194,7055.237176806241,7069.9921875,725583
2018-11-30,7095.521339201936,7238.85574174985,7091.820692894324,7177.58740234375,869715
2018-12-03,7202.788001359163,7307.244119217204,7148.077444568878,7288.4609375,772869
2018-12-04,7288.507156882292,7293.1446291140555,7214.497893978218,7233.84326171875,551195
2018-12-05,7210.470162000011,7250.940778062942,7044.932794870094,7076.83154296875,704296
2018-12-06,6979.401644489626,7013.361593247762,6726.411919542533,6754.23583984375,1339030
2018-12-07,6786.36872922504,6885.62564423388,6746.085204189607,6851.89990234375,688881
2018-12-10,6745.148767515815,6927.829879969368,6717.043980984499,6886.14111328125,785024
2018-12-11,6783.089508191002,6881.924663651834,6759.715513570252,6843.8427734375,843166
2018-12-12,6876.303605413783,7033.034429685947,6834.146430721192,6999.82421875,643037
2018-12-13,7005.118314229434,7213.56215574278,7005.118314229434,7185.92578125,881204
2018-12-14,7198.572772015035,7204.193729411195,7069.244093565603,7178.10302734375,676653
2018-12-17,7205.973316593229,7307.244319742232,7166.72039051642,7245.46044921875,712296
2018-12-18,7222.930587086523,7293.192557778026,7171.405141912754,7281.341796875,658919
2018-12-19,7289.44476890564,7447.534192469812,7289.44476890564,7434.65283203125,856358
2018-12-20,7354.08550014704,7418.726506454064,7273.190468158491,7313.8486328125,824303
2018-12-21,7335.348656262768,7340.032786950036,7040.24842296484,7060.20263671875,1257227
2018-12-24,7082.405572248849,7115.803332435291,6998.091220198267,7053.50439453125,611297
2018-12-26,7014.954457425038,7119.878989907891,6934.387405697133,7090.93115234375,594156
2018-12-27,7165.782669715645,7184.378758848515,7006.80310132531,7026.14892578125,704523
2018-12-28,7071.163961875607,7101.142399445826,7016.828043779584,7031.3955078125,616845
2018-12-31,7073.03779024136,7094.3505862318225,6972.891161228054,6993.8759765625,547975
2019-01-01,6979.120461938708,7020.575018191037,6927.82923132142,7004.46142578125,625360
2019-01-02,6974.670572325397,6988.722964344858,6786.368519264632,6808.7119140625,891844
2019-01-03,6820.0940754482435,6885.671903096784,6731.6577822205645,6748.8486328125,715168
2019-01-04,6781.685444824928,6847.263284462688,6708.800543172843,6777.4697265625,774445
2019-01-07,6848.19931821489,6939.071456910764,6838.8310564936655,6896.9609375,687845
2019-01-08,6913.777395469286,6983.851812655458,6859.535249666562,6969.5185546875,516841
2019-01-09,6989.191844571088,7053.3644390825975,6945.629426399041,7019.544921875,740580
2019-01-10,7026.195407490172,7036.500494087824,6895.180192304919,6924.6435546875,452699
2019-01-11,6916.306904880134,6932.513815014343,6821.9683244506,6858.0361328125,488399
2019-01-14,6866.935661712126,6963.756735550753,6798.547352939277,6940.6640625,424152
2019-01-15,6960.61810897671,6998.09115397793,6854.756756848262,6890.49658203125,491196
2019-01-16,6885.204512279152,6917.525017847372,6830.493950862206,6848.43408203125,424769
2019-01-17,6875.367776066515,6931.530692134162,6845.857749503482,6872.79150390625,462725
2019-01-18,6880.9880356348185,6913.730292379327,6855.693729717576,6893.1201171875,334555
2019-01-21,6893.167361103444,6913.777538046129,6708.612594843947,6753.01806640625,654537
2019-01-22,6726.411827584504,6726.411827584504,6608.84014452575,6622.28369140625,896521
2019-01-23,6604.623944632534,6681.677890653247,6581.203292346603,6600.314453125,702474
2019-01-24,6613.898921305018,6649.592089519291,6571.273330987587,6595.818359375,520703
2019-01-25,6608.372175659808,6682.3814472613285,6005.056088173997,6101.923828125,3062762
2019-01-28,6101.080260569659,6192.420809576269,5918.586710759028,6099.7216796875,2398091
2019-01-29,6070.633504683182,6200.992773100058,6040.09288044121,6114.61767578125,1101399
2019-01-30,6144.643147441588,6171.811107690986,6096.865010451265,6134.572265625,583773
2019-01-31,6159.632067685826,6239.3089504696345,6051.943716471586,6221.60302734375,926270
2019-02-01,6257.062165302947,6748.895918377366,6232.282929436093,6522.46484375,2545419
2019-02-04,6534.362227789953,6594.319099844226,6418.804633679673,6546.728515625,658776
2019-02-05,6553.099544435582,6674.886955554472,6544.105921050635,6645.470703125,681498
2019-02-06,6670.201994983144,6763.884607272233,6620.550210469926,6729.5966796875,567827
2019-02-07,6746.084731012859,6857.567036663538,6731.189287543096,6841.21923828125,690174
2019-02-08,6810.726401387891,6838.8311870882535,6651.465949085836,6683.55224609375,576159
2019-02-11,6698.3069778186755,6754.4698885296275,6605.654962997035,6724.4443359375,502244
2019-02-12,6738.590776886998,6773.253345876963,6677.650416271748,6710.017578125,494592
2019-02-14,6592.164980049255,6661.958530631505,6548.415014361418,6574.177734375,622311
2019-02-15,6583.452071372087,6612.775004667934,6464.100509964882,6492.251953125,768798
2019-02-18,6524.713696205423,6555.722277848817,6386.34428183547,6410.4208984375,509963
2019-02-19,6421.943729774095,6478.9963550111925,6343.25032739612,6374.6806640625,493861
2019-02-20,6409.764692045069,6452.858696113189,6374.539936363327,6417.16552734375,534284
2019-02-21,6435.011583365554,6445.035347802177,6290.787027657845,6371.869140625,722938
2019-02-22,6395.711455261664,6500.63597305708,6388.263505176455,6475.71630859375,764535
2019-02-25,6509.068511327055,6543.637307011676,6436.042725236038,6487.427734375,495728
2019-02-26,6450.0483436852855,6534.36270111908,6382.222218747699,6468.12890625,673415
2019-02-27,6504.384369170195,6602.751121116453,6420.257558574788,6528.2734375,961829
2019-02-28,6567.151270023091,6595.256054345587,6371.354605909706,6398.24169921875,1031563
2019-03-01,6442.365887796034,6510.941744975969,6395.946335019739,6497.02978515625,768822
2019-03-05,6510.941653760625,6705.941922738485,6458.901144811256,6668.09423828125,838538
2019-03-06,6686.9246388655165,6693.529080261605,6567.151323875382,6611.08837890625,557197
2019-03-07,6630.855872539005,6644.439852498289,6559.657081028272,6584.998046875,396771
2019-03-08,6534.3620850954985,6581.203390365,6511.878258566137,6527.5234375,486432
2019-03-11,6539.046299190188,6671.700968895642,6534.362168603376,6634.5087890625,720905
2019-03-12,6648.655613549128,6775.127151921558,6647.718787338962,6705.052734375,828847
2019-03-13,6723.6014472744655,6747.912269450887,6604.6245232388155,6643.0810546875,534982
2019-03-14,6654.276038807829,6696.433214894883,6602.047981766644,6638.630859375,584482
2019-03-15,6659.89721665902,6704.864872644339,6613.99273450734,6636.4765625,861945
2019-03-18,6630.340432753727,6630.340432753727,6348.496193424528,6458.4794921875,1336134
2019-03-19,6464.1007840171815,6465.927778082184,6379.0838063143465,6394.0263671875,816763
2019-03-20,6426.626973761709,6426.626973761709,6229.893494973086,6251.95556640625,1017560
2019-03-22,6152.137153248937,6292.005110518737,6119.676219555403,6138.74072265625,1715983
2019-03-25,6103.422510075208,6202.726084298995,6081.126230157313,6110.54248046875,1093184
2019-03-26,6143.706468515991,6183.053170510147,6070.634021955417,6169.65673828125,909087
2019-03-27,6209.283291222384,6220.525204242099,6089.369552345428,6106.232421875,887601
2019-03-28,6122.158464800075,6206.47281244078,6090.493926104411,6179.5390625,949713
2019-04-01,6305.588833963926,6435.995208052904,6276.734773501376,6408.54638671875,1142386
2019-04-02,6426.112181437933,6464.756259306661,6356.833706139416,6454.451171875,866805
2019-04-03,6460.35270490447,6649.591574740708,6460.35270490447,6626.0771484375,1491021
2019-04-04,6670.202290297207,6717.0435985155855,6615.538392119428,6663.73828125,1388375
2019-04-05,6646.7818119241,6692.639636856202,6604.624633412954,6658.6796875,729603
2019-04-08,6658.023733120637,6698.307259295421,6599.659644450572,6679.0556640625,498374
2019-04-09,6683.318013323054,6777.937458143018,6632.729399260895,6760.65283203125,741669
2019-04-10,6762.901464479836,6762.901464479836,6693.248347237086,6732.36083984375,590107
2019-04-11,6732.923061210703,6763.884983319766,6698.3071510715135,6733.76611328125,609539
2019-04-12,6734.74907147234,6892.229630665513,6708.658373051335,6878.9736328125,929935
2019-04-15,6886.655091101196,6923.097991130612,6834.146172911,6888.013671875,585205
2019-04-16,6904.3142314803135,7002.774741065695,6885.671484526134,6987.36376953125,707823
2019-04-18,7057.2053793246705,7063.060542942436,6964.412471849536,6976.96630859375,713163
2019-04-22,6953.123513530818,6955.840217811776,6838.830726054294,6858.73828125,479609
2019-04-23,6864.125701061371,6922.115152483634,6563.404485005591,6603.59423828125,952628
2019-04-24,6618.676742679052,6653.292651858428,6473.468689584183,6573.42822265625,1063510
2019-04-25,6571.601510686078,6693.576463493698,6431.311788853477,6469.01904296875,3075510
2019-04-26,6375.102073210683,6451.78138654806,6323.576633970919,6410.56103515625,1999920
2019-04-30,6276.735262917381,6323.5765708496,6211.157431812274,6245.2578125,1640025
2019-05-02,6136.210892202522,6286.056408337862,6112.790239942206,6261.04296875,1337101
2019-05-03,6253.314114384431,6351.680853262388,6253.314114384431,6286.10302734375,795679
2019-05-06,6238.32572292865,6306.714036154929,6219.870063645772,6285.77587890625,480317
2019-05-07,6318.7991286619,6356.600158418196,6257.999198000596,6278.609375,586684
2019-05-08,6257.062195349656,6270.177762161288,6198.042144697309,6230.03466796875,552749
2019-05-09,6217.714841090345,6256.124711285418,6183.052275304546,6206.42626953125,570000
2019-05-10,6204.59945380181,6243.852377129061,6159.631799599411,6212.65625,608669
2019-05-13,6207.410894669293,6238.607026635418,6089.370784085482,6130.35693359375,555672
2019-05-14,6099.675099335034,6194.2945410541,6042.528703841341,6160.75634765625,843313
2019-05-15,6173.68416295717,6220.525469201155,6054.98810996106,6083.5146484375,612357
2019-05-16,6094.99161565246,6114.9458319121195,6034.47254808634,6070.30615234375,555991
2019-05-17,6086.559764318037,6361.04983834377,6075.317850023468,6283.15283203125,782196
2019-05-20,6440.679723453868,6698.306912392023,6426.627331329969,6637.03857421875,1286198
2019-05-21,6656.150352641844,6686.831411621297,6387.2812250967045,6441.00830078125,973836
2019-05-22,6442.741180242947,6492.720490937503,6408.827889594283,6463.9130859375,645280
2019-05-23,6554.035585392088,6603.781144229546,6398.522448288731,6491.50244140625,1364516
2019-05-24,6524.947501414412,6670.202213554548,6451.687513229885,6645.04833984375,1002742
2019-05-27,6646.781731735141,6739.433749236033,6464.14728539246,6621.9091796875,1022289
2019-05-28,6620.550852257449,6679.570903720902,6587.2935216709,6608.98095703125,915732
2019-05-29,6558.7199431190575,6566.214552395582,6435.995716215958,6456.0908203125,768022
2019-05-30,6454.732349333987,6483.773960775113,6393.838647925176,6433.84130859375,850456
2019-05-31,6455.668761322846,6521.52745426265,6393.838237705474,6435.85498046875,1084204
2019-06-03,6332.945292878717,6609.309029772093,6332.945292878717,6579.23681640625,1157809
2019-06-04,6557.783134652432,6650.528924699659,6531.317795573299,6606.310546875,575281
2019-06-06,6614.179843793511,6650.528513662331,6490.331249845419,6547.19677734375,720856
2019-06-07,6548.414737551946,6548.414737551946,6429.109836790735,6509.30224609375,470376
2019-06-10,6539.046267115711,6598.347177080031,6484.710352575208,6529.63134765625,395116
2019-06-11,6548.36898185851,6574.834324038138,6492.206063887506,6537.45458984375,387309
2019-06-12,6523.8702898779175,6527.758484663701,6393.885651015776,6419.13330078125,494886
2019-06-13,6410.701253452125,6430.093737455712,6338.846505793223,6356.08447265625,561159
2019-06-14,6346.997118030491,6406.953991174986,6302.357443809057,6321.140625,449930
2019-06-17,6323.014405050296,6340.486121481169,6146.048034570846,6165.86181640625,567397
2019-06-18,6187.268361998782,6228.957126039806,5986.3191510594625,6032.2236328125,1048826
2019-06-19,6075.317332466514,6146.188136307437,5976.950590768906,6018.77978515625,715496
2019-06-20,5986.3197640576,6228.957763884035,5939.712657913334,6198.7451171875,992450
2019-06-21,6135.275000745671,6135.275000745671,5967.77065323652,6011.84814453125,1345890
2019-06-24,6005.992999480342,6086.653829893385,5923.41185825722,6051.8037109375,911826
2019-06-25,6050.959784789431,6126.842698950747,6021.309330187396,6110.4482421875,580392
2019-06-26,6107.169415959759,6143.518086082893,6051.990449523685,6070.9140625,572239
2019-06-27,6085.810493358049,6159.632214336998,6065.949595107538,6076.91064453125,1022011
2019-06-28,6089.3706049998045,6136.211917345957,6065.949948826728,6121.83154296875,618701
2019-07-01,6183.05255889503,6199.915429510199,6080.0016829134465,6096.72412109375,754667
2019-07-02,6098.7844557650205,6172.559509766247,6072.50666712319,6145.5791015625,518084
2019-07-03,6166.189380611128,6173.683989399474,6103.468690339816,6121.0341796875,517709
2019-07-04,6126.843147603744,6171.810803732946,6098.925910730725,6131.01220703125,576449
2019-07-05,6133.588394943198,6163.3792837466835,5902.004786077536,5958.21435546875,866460
2019-07-08,5883.362149357803,5886.219286215871,5607.513499330856,5657.21240234375,1927495
2019-07-09,5677.166773896991,5686.535035900121,5536.642843850035,5569.853515625,1337999
2019-07-10,5582.5470057302355,5616.272746996604,5527.274263099243,5553.41162109375,809385
2019-07-11,5596.599880277509,5667.798673531793,5555.379526288187,5650.1865234375,779113
2019-07-12,5637.538656741852,5705.271001420332,5575.942340100902,5594.21044921875,719883
2019-07-15,5602.219840841376,5710.891663840975,5578.799189332842,5695.62158203125,675004
2019-07-16,5695.856217777606,5782.090880156706,5673.4190489677585,5769.02197265625,627259
2019-07-17,5778.343873367219,5783.964830442479,5667.79838422044,5691.875,598778
2019-07-18,5671.920009935388,5673.138158360862,5487.459037077367,5510.7392578125,1097857
2019-07-19,5513.221608385257,5537.532428697695,5349.3708146883955,5404.6435546875,1228672
2019-07-22,5414.854438094609,5564.74660247093,5382.112185464823,5538.98388671875,897510
2019-07-23,5536.642565239945,5595.100425710879,5452.515759659057,5502.6826171875,841517
2019-07-24,5494.485418608053,5494.485418608053,5363.610621315431,5403.61328125,800687
2019-07-25,5423.3806377614155,5475.702472439766,5340.892816514505,5393.07421875,990461
2019-07-26,5366.140304967943,5578.799845685074,5324.826179359315,5438.884765625,2346714
2019-07-29,5405.486771079175,5405.486771079175,5190.016761140144,5209.92431640625,1548125
2019-07-30,5210.62670163423,5288.242834514607,5145.048875471987,5159.24169921875,1189163
2019-07-31,5176.713291185024,5229.643963900283,5102.00141244092,5124.15771484375,1053202
2019-08-01,5124.158295582771,5260.278955390428,5105.7026370218755,5220.5576171875,1134178
2019-08-02,5189.642408181819,5362.393064618661,5138.49160716865,5329.93212890625,1391678
2019-08-05,5246.2265121726505,5335.224997647008,5107.576240065231,5312.13232421875,1122496
2019-08-06,5283.699764568959,5479.496440241816,5283.699764568959,5464.7880859375,1125521
2019-08-07,5465.397475016788,5496.35939842059,5373.354299476508,5410.17138671875,955090
2019-08-08,5363.329883714235,5571.305295798874,5363.329883714235,5529.38232421875,831725
2019-08-09,5562.545376116084,5766.164619520604,5552.755817875963,5714.54541015625,1445079
2019-08-13,5714.35926818953,5736.187136871557,5425.675892895545,5448.06640625,909354
2019-08-14,5501.782149995702,5636.0969736707675,5423.890897181536,5524.57958984375,1030939
2019-08-16,5514.131449692088,5694.611204290106,5309.904358962751,5675.66064453125,1207075
2019-08-19,5698.410110557545,5722.537308477665,5615.3895259305455,5682.7841796875,902389
2019-08-20,5702.2095539214015,5920.68501575747,5660.461557318427,5880.7421875,2198337
2019-08-21,5911.186249405905,5961.530596379794,5833.294995597246,5916.79052734375,2128640
2019-08-22,5889.339046221386,5982.903545584742,5858.942457595727,5897.46044921875,1551394
2019-08-23,5851.342324315053,5964.949647920284,5737.355136179045,5940.96484375,1232405
2019-08-26,6136.310855532502,6142.675326311183,5809.6899442439635,5942.10498046875,1552155
2019-08-27,5981.95277460264,6022.323237948509,5942.532204511967,5963.1923828125,1078065
2019-08-28,5934.933275774908,5934.933275774908,5765.852270159042,5797.57861328125,1242304
2019-08-29,5797.579021103471,5887.439025419361,5761.103208965541,5804.03857421875,1006756
2019-08-30,5836.145009185548,5850.630883435236,5749.609628281765,5816.90966796875,794518
2019-09-03,5732.60620683844,5822.8460725633195,5701.497200496441,5746.56982421875,1173373
2019-09-04,5758.25315658765,5771.741826908066,5509.381113198345,5538.59033203125,1964992
2019-09-05,5514.130620237005,5697.460027593722,5501.069587329467,5669.58056640625,1149196
2019-09-06,5697.176027224115,5908.337151801841,5663.359728254631,5876.943359375,1524051
2019-09-09,5780.101032330839,6047.923647777292,5737.355831598729,6018.04931640625,2061193
2019-09-11,6012.825128947908,6297.793144537856,5970.175008710971,6266.7314453125,2492039
2019-09-12,6236.049364528904,6307.291360315602,6050.820175483492,6071.76513671875,1892862
2019-09-13,6111.613117092577,6186.464519012449,6022.323152372854,6127.09619140625,1929801
2019-09-16,6031.727819845768,6163.85808042937,6022.419050342042,6091.4287109375,1377371
2019-09-17,6088.81634646241,6122.870115671716,5803.84834272782,5823.22607421875,1706567
2019-09-18,5856.092194517483,5900.547015431581,5686.631322559995,5789.64697265625,1955137
2019-09-19,5831.395549144801,5865.591711348615,5644.64641501317,5672.52587890625,1721431
2019-09-20,5713.608281259236,6601.5683652795215,5682.689439427836,6261.6494140625,4892962
2019-09-23,6341.58283759895,6649.2531888155545,6341.58283759895,6552.2216796875,3140286
2019-09-24,6587.51027211625,6818.239270210769,6511.51880538672,6657.8974609375,2354230
2019-09-25,6649.253128648226,6649.253128648226,6271.19559361937,6305.86669921875,2296343
2019-09-26,6364.284824229579,6554.16839361037,6346.284161476812,6513.845703125,1893865
2019-09-27,6516.26858185575,6568.512717716109,6397.531909445842,6434.29296875,1457894
2019-09-30,6433.627541177601,6468.39372991096,6307.291727952056,6379.29345703125,1264165
2019-10-01,6383.282885763786,6506.769013018145,6316.790355703747,6442.17626953125,1473158
2019-10-03,6446.545769120096,6454.477470700131,6345.287053615258,6415.62646484375,850852
2019-10-04,6452.6257511814365,6502.875018382712,6286.774273734725,6316.4111328125,1065056
2019-10-07,6340.25369084973,6363.335915046863,6229.543336295726,6297.65087890625,696713
2019-10-09,6295.89340251502,6405.890871788491,6259.797453617077,6382.85595703125,1017731
2019-10-10,6364.284878978814,6404.275478220188,6229.637508591464,6274.47265625,985523
2019-10-11,6294.277886950736,6383.283076082265,6294.277886950736,6363.240234375,835065
2019-10-14,6362.338113849464,6530.088902203164,6360.532945499138,6479.3173828125,963217
2019-10-15,6469.723902928506,6667.301728770399,6467.824116141564,6635.7177734375,1276061
2019-10-16,6652.530509660783,6662.456616494374,6549.514394321237,6625.505859375,876844
2019-10-17,6627.405590446497,6797.008854565612,6592.259538153746,6766.94482421875,1248295
2019-10-18,6726.47933931196,7076.705189731135,6707.814028453742,6936.40576171875,1463126
2019-10-22,6965.567394891257,7021.611098191214,6869.628173987941,6892.6630859375,959552
2019-10-23,6840.22917762238,7097.602960880011,6839.2319751520445,7067.44384765625,1278695
2019-10-24,7086.204279453522,7100.452679479233,6906.674439129566,7021.04150390625,1658859
2019-10-25,7025.885966329464,7132.748965208943,6985.37310885062,7096.79541015625,1353615
2019-10-29,7044.408886689885,7369.937514161532,7011.970122457158,7334.4111328125,1396732
2019-10-30,7355.974744379172,7365.1411232436285,7161.911701563722,7178.29736328125,1243366
2019-10-31,7231.44282823423,7261.934496844038,7126.099750859905,7180.62353515625,1067275
2019-11-01,7219.1425451115065,7265.734630947456,7167.040799255596,7236.9052734375,1151035
2019-11-04,7171.694367507408,7242.936364535628,7036.28726401514,7052.0078125,824953
2019-11-05,7057.65954461674,7164.0475887110015,6957.968062414886,7018.76123046875,1207089
2019-11-06,7024.461148175394,7043.4590147019,6929.471815542866,6944.8125,923041
2019-11-07,6988.365279059356,6988.365279059356,6878.17765198706,6922.01513671875,877885
2019-11-08,6921.350604571601,7000.714008655209,6818.381794097771,6839.75439453125,983936
2019-11-11,6801.2361035192125,6874.805525947144,6719.545278812138,6779.67333984375,864507
2019-11-13,6772.739464837042,6810.59280692317,6739.493198179356,6796.10693359375,687017
2019-11-14,6801.236418168969,6905.724687163185,6801.236418168969,6884.01953125,802462
2019-11-15,6934.221148660567,6990.264853834673,6759.630944169644,6789.07763671875,1049492
2019-11-18,6791.7368317220435,6817.383949827847,6720.4948369837,6742.77001953125,537228
2019-11-19,6787.93786008008,6796.486900206125,6679.650018483504,6692.42626953125,755114
2019-11-20,6763.239630299535,6856.329164536804,6691.047746605326,6794.3486328125,1289948
2019-11-21,6791.736853264978,6839.231516574523,6653.81216548803,6667.34814453125,763454
2019-11-22,6681.549453166786,6722.82250246025,6649.253081058786,6706.67431640625,685503
2019-11-25,6720.685211160782,6899.549932680065,6687.533564187941,6873.52294921875,952419
2019-11-26,6875.327688733552,6909.523847450658,6729.0441208881575,6767.98974609375,1249810
2019-11-27,6807.505672687046,6934.221350911923,6807.505672687046,6928.90185546875,1070680
2019-11-28,6934.031289044664,6954.264295683598,6859.132569468257,6897.4130859375,602077
2019-11-29,6890.5257170035575,6928.379056226812,6774.638739132805,6882.7841796875,792083
2019-12-02,6925.6728243123825,6929.330006689126,6750.654964227407,6781.62158203125,703838
2019-12-03,6784.7558150654395,6877.228027787737,6706.247220467048,6781.0986328125,668269
2019-12-04,6772.549030726711,6810.734926720551,6698.647517884704,6721.5400390625,737723
2019-12-05,6734.743649649287,6768.132307138055,6640.276573297067,6661.45947265625,602894
2019-12-06,6661.459318060845,6696.747761373719,6520.162689762357,6541.63037109375,770911
2019-12-09,6655.902306124125,6751.841528747007,6603.990730408523,6644.26611328125,1479832
2019-12-10,6667.300805907911,6695.75029463054,6559.012974041049,6614.72412109375,790378
2019-12-11,6649.253522918539,6682.499790533131,6606.698485897907,6642.79443359375,603048
2019-12-12,6678.130306669436,6692.90142697478,6625.981253021327,6649.0634765625,932863
2019-12-13,6691.000868413897,6885.7762974260395,6677.892063030843,6853.4326171875,1199360
2019-12-16,6877.227667819522,6894.040965185397,6767.989935526809,6782.28564453125,727854
2019-12-17,6848.63641610352,6911.899410084389,6806.936188093827,6834.62548828125,939918
2019-12-18,6858.230009863879,6891.4289680831025,6805.0359820865415,6877.84521484375,841740
2019-12-19,6885.729607964102,6943.7204116488865,6806.935768792875,6877.84521484375,1001697
2019-12-20,6877.84502200375,6938.353412429992,6865.354017522852,6897.650390625,679779
2019-12-23,6910.473596135832,7008.882632480933,6886.821346281145,6992.0693359375,914067
2019-12-24,7026.361224385357,7051.723562769468,6936.121354665659,6960.62841796875,850537
2019-12-26,6966.517681305664,6975.4943587990265,6860.1296283596275,6878.08251953125,556360
2019-12-27,6903.824876091543,6999.289157881197,6888.056553699583,6976.87158203125,665383
2019-12-30,7008.312578348854,7059.559506027489,6973.736555924569,7044.64599609375,739631
2019-12-31,7041.084502918416,7041.084502918416,6986.703108275302,6999.38427734375,560622
2020-01-01,7007.363299952278,7038.66247161543,6917.17074011005,6945.33544921875,634725
2020-01-02,6960.437935480343,6998.813530370282,6945.619507881041,6962.5751953125,616838
2020-01-03,6961.720395664831,6964.617384582744,6863.928698990032,6890.76318359375,571967
2020-01-06,6839.232092719635,6848.731026181746,6674.425597152016,6689.52880859375,748516
2020-01-07,6744.242618401264,6806.555713385005,6674.330376805239,6719.16552734375,590500
2020-01-08,6706.246621169079,6760.057983234566,6630.68279554582,6682.689453125,793313
2020-01-09,6782.2383560231665,6877.227688740578,6746.1424095905495,6865.73388671875,798184
2020-01-10,6897.555634645149,6981.621198018001,6871.908513616145,6963.193359375,747847
2020-01-13,6964.618271481632,7000.714219969944,6915.0336514532155,6984.28125,537399
2020-01-14,6986.464966407693,7040.988747073884,6958.538197170383,7016.67138671875,548522
2020-01-15,7018.714422575472,7128.949356682072,6984.565572242941,7108.00439453125,692726
2020-01-16,7082.87944033395,7144.1475586068045,7049.348392138563,7088.72119140625,640207
2020-01-17,7094.753865250177,7190.598017366483,7060.130064998138,7143.3408203125,750738
2020-01-20,7144.384957252778,7152.221576949947,7049.205463404759,7076.3251953125,407828
2020-01-21,7040.134260713232,7062.124198056874,6922.632272846208,6936.73828125,442561
2020-01-22,6972.217190037109,7005.416148150592,6751.794623662866,6778.05908203125,1048435
2020-01-23,6787.367905921977,6858.230043175427,6766.23277871136,6788.98291015625,589326
2020-01-24,6790.597537150183,6848.731196913556,6754.9292266368275,6771.267578125,645723
2020-01-27,6745.667399541635,6862.979224345323,6707.196720152571,6790.59716796875,573149
2020-01-28,6820.1870390674185,6858.182773597833,6614.107488382031,6646.451171875,1614448
2020-01-29,6658.752326898466,6759.678494478061,6625.50605993107,6659.037109375,1001252
2020-01-30,6668.251561669515,6695.798469830257,6631.205719660239,6668.67919921875,579174
2020-01-31,6682.499936435506,6710.046844489043,6550.037118907191,6567.087890625,868935
2020-02-03,6440.277150264271,6691.856506043151,6440.277150264271,6659.9873046875,1010531
2020-02-04,6668.250641362527,6853.479825844819,6650.202669541175,6838.8515625,973311
2020-02-05,6853.4800287633025,6869.248350005524,6673.570333938269,6688.103515625,718489
2020-02-06,6720.494714377795,6763.572465840035,6627.215012109453,6669.7705078125,875714
2020-02-07,6686.299272930712,6696.748099753021,6587.510364792511,6622.4189453125,645814
2020-02-10,6625.506359188814,6638.899948677942,6507.81466157141,6547.52001953125,593773
2020-02-11,6601.7584476908205,6733.793616644637,6565.947284685944,6681.31201171875,743160
2020-02-12,6702.542702490604,6753.741862383341,6656.805429476729,6690.3837890625,599364
2020-02-13,6696.748185007718,6702.4475451651715,6578.011515060773,6654.05029296875,723169
2020-02-14,6649.300366917272,6733.746251803128,6555.213621675739,6567.3720703125,614859
2020-02-17,6573.2623571370395,6630.255961389673,6535.266620968618,6560.67626953125,463548
2020-02-18,6578.011335288014,6582.760801956092,6398.291331041901,6441.32177734375,830678
2020-02-19,6506.769259976338,6511.471417449368,6292.663397819844,6418.04931640625,1033939
2020-02-20,6422.229056404591,6466.446407126972,6383.283428344749,6418.99951171875,682513
2020-02-24,6373.784484618544,6373.784484618544,6117.123111649288,6146.18994140625,1091346
2020-02-25,6179.436086933435,6183.805689092744,6057.042236407033,6093.13818359375,964897
2020-02-26,6031.822504441038,6049.728086055823,5876.087311103489,5922.4423828125,1580738
2020-02-27,5917.834754621158,6020.470531412445,5857.801317651791,5974.63818359375,1492657
2020-02-28,5854.238971352454,6048.302426112581,5797.388235640915,5968.27392578125,1468843
2020-03-02,6080.2191029588885,6116.8846096613925,5936.832537975683,5970.22119140625,1219764
2020-03-03,6001.425864482748,6100.357158833672,5965.804865761934,6066.06591796875,849199
2020-03-04,6069.8184647838425,6102.114838461879,5897.887769615474,6064.45166015625,904360
2020-03-05,6090.620953059841,6140.110488341829,6013.014946247181,6046.9736328125,645853
2020-03-06,5885.919164104441,6155.309015638301,5794.491927568147,6122.96533203125,1140899
2020-03-09,5985.278042667108,6054.620257730542,5774.781581985496,5890.3837890625,1082030
2020-03-11,5851.343314885052,5994.729908427647,5799.099178145007,5838.32958984375,937029
2020-03-12,5641.701450973059,5641.701450973059,5277.179873850076,5360.390625,1345964
2020-03-13,5058.3722139170395,5759.67828328491,4562.38503398935,5546.04736328125,1480205
2020-03-16,5356.068531007881,5402.993167938278,5129.423893612289,5205.65283203125,933412
2020-03-17,5226.312497549424,5458.989027363835,5226.312497549424,5323.154296875,1238640
2020-03-18,5386.844914450321,5403.752829696145,5046.3554748977085,5084.4462890625,973395
2020-03-19,4625.980901759374,4841.226840998517,4419.426394449421,4578.05859375,2554559
2020-03-20,4625.030484699298,4963.192500011056,4571.456595261239,4824.6982421875,1614552
2020-03-23,4345.762158553984,4549.989232671821,3933.5084368463486,4008.882568359375,1531965
2020-03-24,4123.4872340217125,4341.012821810465,3828.0703877234514,4261.6494140625,1746431
2020-03-25,4216.576448866613,4900.879504056625,4094.135292641368,4755.11865234375,1728819
2020-03-26,4772.691651329735,4863.45377203772,4511.993245542807,4633.57958984375,1338787
2020-03-27,4844.45578885097,4879.126894006472,4326.763944748268,4413.29931640625,1339426
2020-03-30,4357.588804837832,4407.458209956987,4056.0449496912797,4111.56640625,1528082
2020-03-31,4227.025177974499,4244.170566484967,3999.0507863534017,4073.42724609375,2140261
2020-04-01,4075.0428337755598,4203.136056173703,3980.1485724373833,4033.580078125,1323842
2020-04-03,4037.0468868068756,4053.195074354103,3800.618516010788,3810.497314453125,1724808
2020-04-07,3942.057560282547,4381.7631168339285,3913.5607586419505,4325.48193359375,2688172
2020-04-08,4185.704865996259,4678.224546699552,4185.704865996259,4462.69384765625,2798833
2020-04-09,4554.216529984135,5128.474390958127,4498.885240250238,5059.74951171875,3786650
2020-04-13,5020.186106311053,5075.659782442749,4750.416408261414,5018.4287109375,2192268
2020-04-15,5041.557934074601,5081.9283932735025,4788.411407568547,4839.04052734375,2094519
2020-04-16,4765.61472934878,4966.042217467694,4720.96974384362,4873.71240234375,1752169
2020-04-17,5058.182276588045,5322.205328551214,4950.5595415624675,5229.1630859375,2192902
2020-04-20,5235.812508282881,5294.6585909221685,5015.437235800728,5064.21435546875,1555307
2020-04-21,4874.187554456555,4874.187554456555,4639.754061533141,4750.51171875,1843169
2020-04-22,4758.016095651985,4985.278094231489,4740.918014254154,4921.25537109375,1991584
2020-04-23,4909.99847938558,4981.810505799507,4792.211709905253,4897.982421875,1454061
2020-04-24,4844.456389423478,4882.452125811113,4777.963850745116,4792.82958984375,1070808
2020-04-27,4892.045662492064,4963.192579141038,4741.439798858928,4802.9931640625,1432313
2020-04-28,4834.957204001186,4863.454004810624,4740.205341309807,4799.5263671875,1172062
2020-04-29,4844.45625540814,4844.45625540814,4759.96305342747,4814.4873046875,1038094
2020-04-30,4865.354002279035,5153.171702921469,4865.354002279035,5090.28857421875,2341081
2020-05-04,4840.656186551565,4873.190031604428,4597.483505280528,4641.46337890625,1742771
2020-05-05,4744.717072166671,4777.535700423088,4559.487877157161,4587.84228515625,1570620
2020-05-06,4598.623216935713,4749.466073917308,4473.997041630104,4600.5703125,2214528
2020-05-07,4654.002789833534,4688.056561546565,4497.745322963931,4511.32861328125,1530808
2020-05-08,4629.779935140629,4634.5294016313355,4405.1301701302145,4420.94580078125,1828141
2020-05-11,4511.993980982563,4763.335885823068,4493.13850284637,4690.3837890625,3176473
2020-05-12,4667.775708162176,4735.218132923982,4455.046916644499,4703.20654296875,3124672
2020-05-13,4986.940408668545,5051.0109047783535,4736.40602147115,4783.75830078125,3304845
2020-05-14,4659.226744375894,4887.201141654225,4609.024789545541,4857.8017578125,2590674
2020-05-15,4853.955006400291,4866.4937841150795,4712.563288842223,4844.8359375,2182462
2020-05-18,4825.837791559546,4839.706326396239,4446.022865703391,4484.39892578125,3164086
2020-05-19,4599.383241403992,4654.477051400157,4517.454946366591,4564.52197265625,2108177
2020-05-20,4515.793078832274,4673.475378177279,4507.7189851911135,4646.8310546875,1518296
2020-05-21,4644.9786180560895,4819.568835392761,4607.980085459837,4797.056640625,1868166
2020-05-22,4758.965554691819,4891.95062009239,4683.686508741855,4877.037109375,1935875
2020-05-26,4939.445715165931,5020.946383940112,4902.067316846791,4983.283203125,1508751
2020-05-27,5005.937968057631,5025.885728461656,4878.082230038336,4981.62060546875,1534655
2020-05-28,5003.088012328759,5219.66368478195,4958.443027217794,5194.34912109375,2325084
2020-05-29,5105.676478589439,5382.807848380782,5105.676478589439,5329.6611328125,3386733
2020-06-01,5404.893201541673,5570.791983585197,5382.9505722310905,5503.30224609375,2340994
2020-06-02,5507.24371080786,5555.9257409366,5343.244730366446,5404.98779296875,2110719
2020-06-03,5442.889387800887,5539.778518264357,5325.102601747255,5342.20068359375,1652859
2020-06-04,5374.496258215322,5433.342333313014,5292.80543491972,5405.0830078125,1642049
2020-06-05,5441.273395002477,5495.132528561249,5386.939778627093,5458.27685546875,1236658
2020-06-08,5556.8761425200955,5556.8761425200955,5415.816978902279,5447.4482421875,1176769
2020-06-09,5465.686462424945,5497.032943700583,5338.400750578413,5378.5810546875,1336806
2020-06-10,5371.646947781971,5452.387883336607,5333.651213403318,5391.21484375,1432292
2020-06-11,5354.548776068581,5403.943229919133,5129.708836188193,5154.263671875,1766481
2020-06-12,4940.394853537134,5327.286193457304,4940.394853537134,5283.06884765625,2064628
2020-06-15,5243.411197952335,5305.154264594889,5120.922267140794,5201.37841796875,1530562
2020-06-16,5309.903869244068,5331.3237789329505,5129.424131291229,5226.50341796875,1184933
2020-06-17,5172.168646328068,5522.156993055113,5172.168646328068,5439.27880859375,3454833
2020-06-18,5409.642474795762,5469.485754148199,5358.348235350815,5428.0703125,1580214
2020-06-19,5462.836534185565,5637.616906692981,5421.0412277164005,5601.853515625,1854589
2020-06-22,5604.370373916108,5675.6123701947035,5515.412960659253,5600.57080078125,1497563
2020-06-23,5604.369945067634,5706.198682815897,5568.796258788602,5591.54638671875,1398070
2020-06-24,5640.466676513709,5640.466676513709,5442.888860967254,5466.96875,1268449
2020-06-25,5392.544594570548,5553.83630126893,5367.847367257031,5473.5703125,1266203
2020-06-26,5509.38129744227,5518.880230713722,5409.642498092022,5466.541015625,1063057
2020-06-29,5442.888519651542,5509.3810495600255,5366.89705689899,5394.1591796875,1102655
2020-06-30,5461.88632814127,5580.1480408114585,5396.771329703111,5545.76171875,2015814
2020-07-01,5545.762139382963,5590.122344190861,5485.634076075145,5512.326171875,1284965
2020-07-02,5556.875403963053,5661.363659422187,5474.044528654881,5650.392578125,1470941
2020-07-03,5650.393153365789,5688.531277728031,5588.269758652633,5634.8623046875,1059779
2020-07-06,5664.641760537651,5839.6596126527675,5628.118175207934,5816.76708984375,1385081
2020-07-07,5832.344803920585,5936.833065880074,5787.36726385046,5914.748046875,1799721
2020-07-08,5914.748297894221,5922.584917873765,5720.827667163428,5741.53515625,1204072
2020-07-09,5775.350914392011,5790.5492062719895,5634.149376657593,5701.591796875,1043427
2020-07-10,5680.361928188102,5780.195806678974,5624.318223545443,5657.23193359375,1168821
2020-07-13,5699.359772167762,5755.640949917918,5630.777290716642,5688.7685546875,1035069
2020-07-14,5652.814752434406,5660.176425150145,5461.886208451997,5482.54638671875,1602929
2020-07-15,5518.880468766176,5585.182840334771,5466.63633351968,5510.6162109375,1246705
2020-07-16,5517.930537384033,5623.36870051876,5463.786615774309,5580.9560546875,1018658
2020-07-17,5602.4708481369835,5657.564661156981,5557.825861724227,5622.8935546875,810152
2020-07-20,5637.616822173253,5638.5667154878565,5520.779944476992,5573.4990234375,912610
2020-07-21,5622.893282412581,5841.843683898534,5604.370363414854,5823.6533203125,1854694
2020-07-22,5810.497327320139,5821.89604694215,5642.0814304309615,5702.58935546875,1140092
2020-07-23,5711.708820028808,5784.850609342331,5668.916309339606,5762.005859375,701651
2020-07-24,5708.858724494554,5744.337331959713,5634.862129297817,5700.02490234375,793324
2020-07-27,5706.959670438222,5759.061417316354,5631.015505942201,5740.49072265625,902597
2020-07-28,5746.854760027338,6003.658519628937,5728.949177640098,5967.98974609375,1774828
2020-07-29,5955.783651594704,5979.578293112749,5812.349764023612,5875.232421875,2057197
2020-07-30,5874.187994527799,6073.285740534134,5860.889487154677,5951.4619140625,2217867
2020-07-31,5951.082084344811,6060.177432875915,5897.888054540612,5948.94482421875,1613555
2020-08-03,6060.319622566494,6114.891181496372,5818.14412547723,5856.28271484375,1836582
2020-08-04,5888.388599054144,6057.3272161504065,5875.090092781074,6040.32421875,1223516
2020-08-05,6068.773750123574,6267.11176705228,6060.319791766424,6199.24169921875,2278663
2020-08-06,6207.506074634019,6255.855556046095,6111.994014747555,6227.263671875,1233252
2020-08-07,6172.407188693105,6411.305373974164,6157.066503355578,6344.337890625,1567980
2020-08-10,6354.786442612933,6391.547500385481,6246.498601886793,6277.75,1601750
2020-08-11,6331.039379883125,6377.109208829011,6279.745137345437,6316.03125,880808
2020-08-12,6278.74760329712,6438.424301046968,6261.791914590527,6393.06689453125,1114981
2020-08-13,6450.237636009516,6490.53975191092,6378.402547100883,6451.86669921875,1087096
2020-08-14,6459.8705486267545,6464.806409528637,6279.731983150809,6314.3798828125,905793
2020-08-17,6383.1952873255,6507.744457641683,6314.3796454468,6487.08984375,1028536
2020-08-18,6487.0900459209,6637.0855554703685,6479.901762715654,6606.607421875,1322527
2020-08-19,6636.222371766009,6723.152854905286,6598.891037635814,6699.7666015625,1326450
2020-08-20,6604.6899465719,6708.105277962636,6594.098929485644,6684.8154296875,958157
2020-08-21,6755.068368618242,6771.361808213377,6662.099919163649,6683.185546875,971836
2020-08-24,6694.686611683176,6804.906935282827,6665.933483787615,6788.13427734375,961177
2020-08-25,6804.90769359457,6877.461614930999,6781.569641921219,6814.4443359375,1047620
2020-08-26,6814.4917542253,6860.496761848762,6682.227357307846,6717.35400390625,992395
2020-08-27,6750.276649713717,6831.456509240078,6671.492884412017,6802.99072265625,1158891
2020-08-28,6828.868656806282,6858.580225699054,6736.331683465758,6808.83740234375,1019984
2020-08-31,6841.327670229004,6862.4132976799765,6508.222865579063,6555.66552734375,1580774
2020-09-01,6575.313180196704,6726.985924862512,6519.292317325932,6618.63427734375,1117127
2020-09-02,6618.492222000528,6689.895838036881,6567.599081268451,6633.1083984375,776392
2020-09-03,6637.180509966216,6821.104595410311,6633.107150086454,6778.64599609375,947751
2020-09-04,6694.686563794008,7019.596906689666,6675.565546685396,6891.26220703125,2185292
2020-09-07,6924.712327114678,6996.595154039744,6832.941918073678,6909.52099609375,1348919
2020-09-08,6919.920155471345,6975.509541761836,6840.992717718365,6923.75390625,1145062
2020-09-09,6900.751987976855,6954.7600502579735,6825.227278414431,6915.3681640625,1273303
2020-09-10,6962.09100039641,6996.019599174264,6870.080987175312,6931.08544921875,978701
2020-09-11,6977.378372353333,7044.420805323075,6876.790153574144,6894.6171875,1383019
2020-09-14,6918.96116311875,6938.705071643483,6790.530522329456,6832.55810546875,1003491
2020-09-15,6866.247400363359,6876.79021462969,6713.8558123318435,6759.6689453125,894418
2020-09-16,6779.988695842634,6871.040282795568,6748.360249848458,6764.60595703125,920570
2020-09-17,6756.506399989361,6817.271255077558,6652.515912096766,6791.345703125,1133411
2020-09-18,6850.913013972146,6851.871451718924,6643.5071791667315,6675.279296875,1143550
2020-09-21,6675.278604787181,6696.5079050798495,6316.104096420909,6351.5185546875,1290480
2020-09-22,6397.571121872936,6408.066201020519,6049.993812122461,6172.865234375,2665724
2020-09-23,6193.424405966895,6277.71918872115,6114.832514711977,6231.0908203125,1456226
2020-09-24,6167.546929333857,6217.193817654057,6009.548372441831,6035.95361328125,1237674
2020-09-25,6129.2093698266135,6247.624165843951,6067.869354241172,6227.64111328125,1316468
2020-09-28,6305.561443526336,6440.701155266299,6270.386593772212,6424.40771484375,1099583
2020-09-29,6468.495606319635,6530.122959128688,6393.73747070059,6462.50537109375,1199391
2020-09-30,6431.1173160936105,6498.160224042694,6393.738243764602,6463.17724609375,812841
2020-10-01,6553.988501622612,6621.84569980132,6493.7983366289245,6513.82958984375,1255993
2020-10-05,6579.6746764501695,6591.751084821564,6464.662154793356,6535.44287109375,833476
2020-10-06,6572.965871248442,6651.365889400341,6546.1296151395245,6605.93603515625,756192
2020-10-07,6632.388995853743,6776.154653278318,6580.201875013756,6754.0146484375,1101957
2020-10-08,6795.323263859601,6843.245148654098,6729.191062843196,6785.59521484375,851205
2020-10-09,6766.570448488796,6861.455784806131,6710.022621794626,6768.87060546875,839682
2020-10-12,6814.492395554719,6857.6220942607615,6713.856431907287,6840.03466796875,799712
2020-10-13,6838.452771047683,6886.374654516832,6730.149314407404,6740.59619140625,819414
2020-10-14,6747.401492509525,6780.946812429672,6639.529515218319,6711.31640625,779630
2020-10-15,6736.858741240907,6756.88999601336,6572.678546820386,6606.1279296875,681316
2020-10-16,6608.427968617825,6689.895173452128,6577.7579620919705,6608.33203125,657914
2020-10-19,6685.10255691062,6689.894745123458,6541.336910525444,6567.1669921875,548457
2020-10-20,6533.669099036713,6660.182861846285,6526.960035857418,6560.1220703125,659864
2020-10-21,6617.0538167855,6658.841793698668,6483.4954309851355,6576.65576171875,911967
2020-10-22,6544.212776810757,6574.8827839662845,6493.607452199003,6528.4462890625,584523
2020-10-23,6572.965619555749,6828.581136399999,6548.046239837398,6808.0224609375,1758998
2020-10-26,6804.907999111309,6863.66004576792,6646.813505655394,6761.58642578125,1559351
2020-10-27,6773.279258489688,6910.096240822984,6759.861130625127,6860.88037109375,1461819
2020-10-28,6895.911329062477,7027.265025076392,6814.491861469332,6887.380859375,1645177
2020-10-29,6818.325663697387,6899.792866595093,6696.316734081918,6821.8720703125,1434852
2020-10-30,6784.828067466128,6814.491900839748,6595.009672247301,6675.662109375,1360249
2020-11-02,6752.097732773117,6760.244453311968,6565.2983166032545,6582.8857421875,1059351
2020-11-03,6651.557897102533,6673.841574495564,6567.646860393755,6626.015625,926491
2020-11-04,6626.015304270955,6760.81947190451,6622.325225563398,6665.0234375,901404
2020-11-05,6728.232757499043,6809.604025883329,6689.559702111712,6798.0068359375,843221
2020-11-06,6797.239712683429,6838.452531020343,6603.635310263512,6620.50390625,1378439
2020-11-09,6699.431582127544,6740.30885517707,6531.75272447818,6586.52734375,1479540
2020-11-10,6683.2818681208855,6684.144368433923,6480.42862710704,6511.0986328125,1695413
2020-11-11,6573.923613626545,6617.053306382515,6472.42516360492,6572.34228515625,1481918
2020-11-12,6572.007250103539,6641.973201577589,6509.708800160893,6552.69482421875,1418041
2020-11-13,6594.050670962294,6594.050670962294,6503.9575367950765,6526.2412109375,970632
2020-11-17,6579.674417279048,6706.09224875651,6577.7575419936065,6691.28466796875,1243068
2020-11-18,6689.847464422724,6776.1545927980815,6659.225192469741,6761.10693359375,1400300
2020-11-19,6738.77558071973,6833.660914597024,6627.788680409641,6673.88916015625,1305695
2020-11-20,6670.294569816209,6728.232313040019,6617.053545474116,6676.3330078125,923474
2020-11-23,6747.401613537978,6751.23536445476,6644.46549501979,6697.3232421875,735755
2020-11-24,6756.985817511292,6909.377412544525,6756.985817511292,6860.88037109375,1910670
2020-11-25,6948.67348084169,6950.925903084638,6725.357491733261,6762.44921875,947742
2020-11-26,6785.738765325088,6802.990643542016,6616.095296191961,6703.552734375,1068945
2020-11-27,6747.687969149546,6815.449693871702,6641.972490301067,6743.375,2123905
2020-12-01,6844.9705772746265,6844.9705772746265,6685.295221545831,6806.53759765625,1076695
2020-12-02,6814.492205116475,6919.920354562721,6809.700016505281,6906.9814453125,1106734
2020-12-03,6948.673796317742,7459.377453000409,6948.290514809177,7417.44580078125,3846792
2020-12-04,7473.897635238574,7555.029297837975,7323.66251670515,7478.83349609375,2393536
2020-12-07,7503.416892383303,7509.3593933291095,7370.385926573179,7421.56640625,1037296
2020-12-08,7425.975231868643,7680.1048921083275,7379.970222688248,7440.064453125,1885285
2020-12-09,7451.853217117424,7475.766425246962,7372.302886953984,7388.8359375,822760
2020-12-10,7437.476626122996,7523.736019982671,7389.5547406454,7414.47412109375,1186739
2020-12-11,7456.597370754846,7471.692764123836,7379.970091505976,7412.12548828125,706875
2020-12-14,7485.398162893136,7499.774727866683,7336.840324833158,7376.90283203125,1038032
2020-12-15,7376.9030534545855,7466.229633699615,7322.990933185573,7442.50830078125,891801
2020-12-16,7494.982876164321,7570.699455092324,7447.06099076685,7472.31591796875,963504
2020-12-17,7475.71818625893,7506.388192919963,7308.087524699645,7374.2197265625,734075
2020-12-18,7393.3883298730525,7405.848019824874,7228.29743801142,7245.54931640625,1078328
2020-12-21,7245.788821357619,7283.167890674146,6975.605334433791,7069.5322265625,970306
2020-12-22,7073.26993877304,7128.859323115701,6905.639285447513,7088.02978515625,1138240
2020-12-23,7092.822605432248,7241.572330880377,7086.6886974522295,7140.3134765625,951805
2020-12-24,7195.2317725946605,7219.67193513103,7106.049327475445,7136.5751953125,589281
2020-12-28,7154.737866442582,7229.496011597642,7144.195051100201,7171.98974609375,521320
2020-12-29,7207.451498003625,7231.41244048369,7109.978196799856,7142.61328125,538719
2020-12-30,7185.407399126393,7317.671801031081,7121.192073563972,7296.490234375,1029800
2020-12-31,7298.167454638502,7377.094891921753,7264.957682313484,7331.6650390625,908515
2021-01-01,7335.881810324699,7426.454168709292,7332.048059705245,7371.63134765625,767574
2021-01-04,7417.34916627098,7432.87604379968,7324.955868005311,7382.17431640625,598645
2021-01-05,7341.632676933981,7354.092366855671,7270.70828814898,7337.27197265625,562668
2021-01-06,7335.881820526208,7426.933397864853,7241.475711390875,7311.53759765625,840678
2021-01-07,7356.967319704659,7384.186855064972,7238.216989785747,7251.5869140625,642968
2021-01-08,7284.126518511208,7725.007860421097,7284.126518511208,7681.7822265625,2557157
2021-01-11,7762.386599834217,7943.531317375725,7554.788909308269,7890.57763671875,2182019
2021-01-12,7821.81028653491,7982.827824598611,7801.6830942769475,7847.73583984375,1514072
2021-01-13,7847.687743309059,7907.11087961648,7773.888041765972,7801.5390625,877225
2021-01-14,7825.451878553918,7840.020318663655,7689.97708521221,7810.740234375,718274
2021-01-15,7818.119709565248,7877.878391606825,7667.549058717204,7691.22265625,751177
2021-01-18,7678.044770489758,7690.456726474773,7423.1003304759915,7505.1904296875,771183
2021-01-19,7571.657574488529,7658.204308683078,7509.359126090838,7593.318359375,779892
2021-01-20,7554.405868451131,7830.435923020266,7533.559848705025,7806.42724609375,999226
2021-01-21,7863.981155762489,7923.404291857221,7688.060106986574,7741.0615234375,769494
2021-01-22,7748.968227458733,7962.6998186428145,7667.501029025339,7714.32080078125,1172914
2021-01-25,7779.63881625184,7825.356481768154,7619.675657609228,7649.7705078125,753043
2021-01-27,7660.745186076048,7753.761382336773,7495.4624092169015,7543.767578125,1080785
2021-01-28,7514.152078391645,7652.6940701421145,7247.706379693574,7273.10498046875,2085637
2021-01-29,7365.5937702394685,7365.5937702394685,6871.9983516743,6907.125,3069968
2021-02-01,6963.241730918002,7164.321772192158,6854.746396617835,7092.2470703125,1611478
2021-02-02,7221.731625182894,7446.8207968245615,7178.841541118684,7336.552734375,1700845
2021-02-03,7360.8013443239715,7395.736584774118,7165.1363865615385,7273.775390625,1491567
2021-02-04,7284.12636002945,7442.268577056405,7216.125019513001,7322.4638671875,1198036
2021-02-05,7360.801521030173,7414.474032121018,7150.903665157047,7182.67578125,1128089
2021-02-08,7202.658762152318,7320.5465901955295,7163.8420382844315,7259.78173828125,912372
2021-02-09,7265.915890822896,7360.801219037045,7259.206827211794,7310.0517578125,925127
2021-02-10,7289.111069862977,7355.913901220504,7194.08159117399,7304.92529296875,1015600
2021-02-11,7284.126374689044,7422.141400735783,7253.120822115141,7348.67724609375,818869
2021-02-12,7303.391024527229,7356.009159313685,7213.106008302097,7253.935546875,756833
2021-02-15,7284.126387177634,7331.185770986961,7264.957633527166,7280.91552734375,470093
2021-02-16,7321.505942440152,7474.85598181578,7308.3274234313085,7377.14306640625,1321126
2021-02-17,7360.753465112597,7371.82323284713,7160.775073751744,7191.349609375,1023548
2021-02-18,7260.021593853826,7264.046751228778,7149.94493513571,7185.93408203125,821462
2021-02-19,7138.444367276048,7175.248283305814,6982.219013910581,7018.6396484375,1013887
2021-02-22,7018.6396494878745,7020.556524989578,6762.736770010439,6791.92138671875,1502068
2021-02-23,6822.926662536804,6826.329397438879,6649.641299578357,6680.79052734375,1589884
2021-02-24,6618.0119658204885,6743.567297829538,6591.654930475078,6663.96923828125,1225254
2021-02-25,6771.362132298934,6775.195882975394,6627.596481931652,6642.30859375,1740066
2021-02-26,6613.220064891773,6780.9466607404775,6538.653799760753,6580.77685546875,2687534
2021-03-01,6687.019797281495,6740.548636138805,6629.561270277685,6723.4404296875,1417600
2021-03-02,6766.57027927283,6934.296879679734,6737.817147774504,6914.265625,1395296
2021-03-03,6944.456075393812,6960.461703690628,6806.057769442356,6828.5810546875,796258
2021-03-04,6785.739342195145,6876.982804160779,6719.607136741548,6835.19482421875,906310
2021-03-05,6833.661238430516,7010.972224280396,6776.154972749474,6947.71533203125,1821165
2021-03-08,6962.954278818396,7033.782734563901,6916.086766693643,6957.77880859375,977572
2021-03-09,7024.772659672129,7024.772659672129,6954.423431348252,6998.080078125,678485
2021-03-10,7015.763561788113,7079.978884006666,6949.631364279455,6969.8544921875,659270
2021-03-12,6996.595538517878,7009.055229202909,6767.912198962857,6801.26611328125,946720
2021-03-15,6848.037019851247,6865.241162890234,6719.606374552428,6794.65185546875,700250
2021-03-16,6804.907471509813,6900.751238714176,6804.907471509813,6853.11669921875,796357
2021-03-17,6862.413984459792,6871.950626842558,6750.7559915562215,6771.02685546875,688581
2021-03-18,6828.868850281695,6941.006065086321,6766.570397612458,6818.08642578125,984545
2021-03-19,6766.522643280066,6852.782039033247,6618.491748595433,6817.89453125,838756
2021-03-22,6808.7416607991545,6845.6415135498255,6757.177897916464,6806.10595703125,533767
2021-03-23,6841.328136007349,6924.71221387687,6833.66063459406,6887.57275390625,757590
2021-03-24,6839.411459897462,6860.880370882668,6756.938082613042,6772.5126953125,457147
2021-03-25,6756.985734491008,6765.611673726528,6474.486224527714,6504.77294921875,1338767
2021-03-26,6602.677127743718,6612.213769782683,6489.581482356324,6502.47265625,911299
2021-03-30,6527.918880018836,6589.258890049846,6459.869806390685,6567.02294921875,1088817
2021-03-31,6567.502616264958,6651.461854322366,6512.776196720167,6574.1162109375,735382
2021-04-01,6661.142271656281,6700.917437738833,6570.09068664803,6636.126953125,660759
2021-04-05,6621.366943635077,6621.366943635077,6445.110341721981,6487.2333984375,668129
2021-04-06,6534.867292789106,6562.374639636803,6440.700796764974,6470.69970703125,628262
2021-04-07,6507.791494304215,6598.843068966793,6493.46266457036,6579.67431640625,598115
2021-04-08,6595.009658196335,6650.886387593955,6523.9415980144795,6543.1103515625,604553
2021-04-09,6565.298227329746,6589.498779189611,6496.290713115477,6543.35009765625,641327
2021-04-12,6459.726329784443,6459.726329784443,6231.905504690868,6249.5888671875,1020746
2021-04-13,6249.013844928037,6560.88938095324,6199.941647171774,6532.51953125,995718
2021-04-15,6562.0395691660615,6562.2791785880945,6278.7252949566355,6368.099609375,1267365
2021-04-16,6397.571430439074,6502.8559018093465,6331.4869660713675,6371.78955078125,1000325
2021-04-19,6230.180349563506,6258.597932643394,6148.37760151721,6241.1064453125,772219
2021-04-20,6340.065442463635,6401.118111697039,6285.961446617664,6370.39990234375,914142
2021-04-22,6350.560366472149,6397.475610363205,6272.974648672244,6373.70654296875,667911
2021-04-23,6287.351266795113,6435.621765113939,6287.351266795113,6398.6259765625,709306
2021-04-26,6412.139812378368,6506.833265877084,6325.688548355981,6362.9716796875,937344
2021-04-27,6392.731381927549,6430.158184913178,6270.099097585633,6295.7373046875,1610651
2021-04-28,6295.737713473571,6373.610777484186,6272.974817839699,6300.57763671875,1406270
2021-04-29,6359.234351874707,6371.167088833078,6279.684020118022,6292.7666015625,757075
2021-04-30,6265.403812904906,6286.968663325493,6154.129091137237,6187.3388671875,849997
2021-05-03,6162.755028585972,6346.775085427108,6134.001894704545,6323.62890625,834923
2021-05-04,6363.978879364876,6372.173334873346,6212.593450650376,6237.75244140625,507170
2021-05-05,6285.146908339745,6324.730196995153,6213.551427052519,6316.2001953125,499160
2021-05-06,6316.10420602376,6430.158288044523,6302.398734622844,6389.568359375,520125
2021-05-07,6401.4053271722305,6473.815107407802,6364.02625728756,6424.45556640625,605050
2021-05-10,6397.763478608966,6491.642169891519,6383.290975840221,6482.87255859375,541534
2021-05-11,6402.507450127467,6468.495978772832,6383.43463366747,6456.6591796875,406046
2021-05-12,6450.285261598663,6555.713401089874,6407.15556817044,6534.1962890625,770204
2021-05-14,6555.714165701482,6557.774713252622,6421.724756351753,6456.419921875,647029
2021-05-17,6437.346152358924,6554.179602418549,6419.183572610339,6438.64013671875,995827
2021-05-18,6505.875132167712,6578.716397642778,6436.340663964997,6528.01513671875,805827
2021-05-19,6516.417836206172,6570.0426120075535,6479.038766400018,6494.27783203125,432774
2021-05-20,6498.974188861227,6531.465601380424,6449.806521895568,6457.8095703125,470476
2021-05-21,6498.207707243765,6551.40100042253,6463.9435589349205,6531.41748046875,434363
2021-05-24,6519.293131823642,6675.5184744415865,6519.293131823642,6586.00048828125,1027484
2021-05-25,6651.510672201065,6659.225909383056,6601.719640735534,6624.5302734375,438736
2021-05-26,6638.139374685119,6757.944084739355,6624.721247159045,6741.93798828125,691574
2021-05-27,6730.149482771076,6775.196054358977,6662.2440785991175,6679.25634765625,922091
2021-05-28,6698.137581099671,6754.110247321109,6652.0366356651275,6680.310546875,393809
2021-05-31,6665.934173225156,6804.907639093976,6636.270339350018,6791.77685546875,718277
2021-06-01,6812.1440668079185,6846.1208723599475,6754.158582728711,6796.42578125,642841
2021-06-02,6769.87683337959,6898.547092212072,6769.87683337959,6886.08740234375,598862
2021-06-03,6900.751287363895,6929.5044177279115,6867.253703294957,6909.8564453125,401590
2021-06-04,6900.751598603816,6969.759114589854,6853.884087594066,6914.8408203125,575591
2021-06-07,6920.878796265717,7024.246398266039,6911.390356407532,6973.25732421875,520482
2021-06-08,7013.367458170234,7060.283168026847,6991.994485909371,7031.8173828125,538816
2021-06-09,7006.37132115943,7034.1660139017595,6900.751301543722,6938.13037109375,443778
2021-06-10,6956.340595555425,6976.899270732463,6875.8795661179565,6900.6552734375,278027
2021-06-11,6942.922640290457,6942.922640290457,6887.716535638259,6923.56201171875,253689
2021-06-14,6895.958595769578,6913.162738043516,6800.162569568872,6879.521484375,322353
2021-06-15,6882.685414572775,6928.403084168067,6858.868141988956,6868.40478515625,207625
2021-06-16,6868.165072658968,6894.761720826186,6776.15504656697,6818.56591796875,283007
2021-06-17,6766.570273622037,6804.045281907661,6643.027745651499,6679.68798828125,595255
2021-06-18,6699.33586553869,6699.33586553869,6537.503565943664,6670.103515625,797389
2021-06-21,6584.46731670346,6637.1813927469375,6557.631059808598,6613.12451171875,443795
2021-06-22,6651.557574465177,6996.5474084797415,6641.973197556726,6963.43310546875,1757310
2021-06-23,6964.104454683928,7168.155752957693,6939.136871128617,7123.7802734375,2227399
2021-06-24,7139.210300046566,7236.204379050685,7102.119043160804,7214.591796875,1041762
2021-06-25,7226.620617533747,7346.425335994187,7226.620617533747,7331.09033203125,1216123
2021-06-28,7378.053755322322,7378.053755322322,7256.715443301425,7280.53271484375,433364
2021-06-29,7280.292240713689,7285.084428865818,7142.804175434272,7176.3017578125,480219
2021-06-30,7193.554313956682,7328.789969968249,7181.190560954949,7203.52197265625,729267
2021-07-01,7188.282273486046,7288.91822531485,7183.537819990694,7269.17431640625,584331
2021-07-02,7308.087471379634,7317.192629540697,7232.897846528413,7259.0634765625,434905
2021-07-05,7280.5801562124825,7370.385956426484,7267.83312192224,7283.599609375,484183
2021-07-06,7284.126758262729,7339.668411989352,7176.254778794115,7202.61181640625,425103
2021-07-07,7215.118940670754,7265.916138313627,7124.690250892095,7139.78564453125,395336
2021-07-08,7145.152625161486,7186.365443790854,7078.061990183443,7093.5888671875,391940
2021-07-09,7074.2289350344045,7138.348326026293,7038.191582534748,7117.0712890625,400686
2021-07-12,7188.283171876946,7274.350695193344,7141.367456513621,7159.6259765625,496478
2021-07-13,7207.4511861685305,7216.26899981455,7096.272417871251,7121.52734375,350032
2021-07-14,7126.9427168637185,7139.402406928166,7006.179567008308,7022.2333984375,460178
2021-07-15,7051.226083707725,7052.184521397504,6965.92512931735,7003.30419921875,430055
2021-07-16,7028.223246133924,7028.223246133924,6970.525112748253,6999.9970703125,281552
2021-07-19,6950.30318458241,6993.720227248351,6853.884253810631,6867.7333984375,386598
2021-07-20,6881.582433028165,6963.049634533373,6847.510161240549,6932.09228515625,413816
2021-07-22,6998.511933727719,7020.556000349979,6945.126767799824,6996.16357421875,439934
2021-07-23,6996.594981658952,7068.477806812983,6974.5509152783825,6990.70068359375,436330
2021-07-26,7003.303936427747,7054.1011320799535,6881.582354393216,6935.06298828125,431758
2021-07-27,6940.334785679485,7015.764020471496,6863.228752886136,6939.32861328125,417171
2021-07-28,6977.426507879027,7008.096514507066,6769.445525432632,6867.25390625,739427
2021-07-29,6833.6607290475085,6833.6607290475085,6647.723817205262,6702.833984375,1519226
2021-07-30,6709.063891456671,6800.1154728407255,6675.4226346320775,6687.69091796875,715546
2021-08-02,6804.907719920952,6812.048268033199,6738.775518135805,6782.81591796875,433760
2021-08-03,6828.82086370592,6920.878617405924,6791.585465540392,6900.17626953125,470570
2021-08-04,6919.920655756593,6947.33206940315,6712.418879860291,6807.6875,484122
2021-08-05,6821.287458080371,6828.955807567708,6757.627252730639,6778.4130859375,495133
2021-08-06,6804.696686207198,6914.366040927938,6792.880966879394,6849.06591796875,517575
2021-08-09,6882.053614374096,6910.990069655276,6788.492408964945,6830.69140625,264983
2021-08-10,6795.437426646641,6853.020690751743,6747.016902517532,6753.720703125,356726
2021-08-11,6753.7684530882825,6843.471461676859,6679.642808248589,6772.5771484375,414311
2021-08-12,6773.05954747219,6833.633004709169,6737.371253075085,6763.4140625,330283
2021-08-13,6780.776174843481,6799.9705964216055,6726.616869006741,6753.9619140625,431784
2021-08-16,6734.960007192418,6769.201479481044,6568.575388325151,6584.828125,750966
2021-08-17,6558.92989716763,6696.860334711007,6507.230002607529,6641.30224609375,752517
2021-08-18,6697.583757925977,6697.583757925977,6578.2208790718505,6597.6083984375,434144
2021-08-20,6573.398678521005,6669.515851871138,6539.639477677537,6608.02587890625,657982
2021-08-23,6660.20799684222,6672.747128480012,6559.894943739891,6583.912109375,537302
2021-08-24,6548.802098607374,6609.086380389974,6501.635770734858,6562.0166015625,646993
2021-08-25,6595.582961429751,6595.582961429751,6462.475262003411,6473.51953125,722194
2021-08-26,6462.475070030743,6463.77730472412,6357.339281578004,6374.3154296875,1199429
2021-08-27,6394.715939935404,6457.267009461222,6366.020619717737,6389.98974609375,1428388
2021-08-30,6452.82931506501,6568.575132375592,6417.960981794384,6555.939453125,819447
2021-08-31,6578.220698043688,6628.377219495047,6523.771747425902,6603.3955078125,938326
2021-09-01,6558.88197235043,6578.220982010331,6464.74194152219,6544.365234375,1108476
2021-09-02,6609.761827009073,6615.790255255075,6470.384565961502,6552.08154296875,741052
2021-09-03,6529.993889992401,6711.329023126606,6512.246290305377,6619.79345703125,1196077
2021-09-06,6679.498323795177,6707.470230133092,6595.582604781433,6604.1669921875,897444
2021-09-07,6635.99723497908,6684.2246607350735,6610.726346465512,6633.3447265625,743783
2021-09-08,6609.183084185552,6615.211512504965,6516.4898761520735,6540.8447265625,847767
2021-09-09,6510.702438043249,6576.725971895935,6501.056952949852,6561.10009765625,515702
2021-09-13,6593.171635006562,6650.996509155852,6571.758468738406,6630.017578125,508397
2021-09-14,6665.030279392803,6708.434962833132,6608.218465706208,6650.03173828125,817280
2021-09-15,6692.037335529291,6692.037335529291,6636.093523845709,6664.0654296875,310138
2021-09-16,6668.21313471241,6702.647705470241,6626.44837193561,6685.23779296875,556648
2021-09-17,6708.434747633826,6814.293944406337,6703.6120051840535,6765.77734375,980793
2021-09-20,6732.451738318262,6766.7417188400195,6661.364799012803,6703.99755859375,550405
2021-09-21,6667.44193563564,6693.677844913622,6502.021857232528,6536.74560546875,1085249
2021-09-22,6578.221020783011,6603.299282739075,6544.461821996001,6588.8310546875,548623
2021-09-23,6624.5188148773195,6635.996847342575,6579.185037314822,6603.97412109375,432740
2021-09-24,6607.157624751654,6788.299655622879,6605.2285276349385,6705.78271484375,1649962
2021-09-27,6726.761272622442,7183.9572639076505,6726.761272622442,7140.98681640625,2646138
2021-09-28,7183.957326619331,7254.8996813798285,7073.516521853231,7160.66357421875,1346961
2021-09-29,7128.496429202936,7200.355299912038,7032.52384349078,7122.27490234375,643556
2021-09-30,7122.9493875598655,7145.423178755112,7042.216491396852,7077.90478515625,625717
2021-10-01,6964.040380709813,6964.040380709813,6838.649071915868,6908.3857421875,901588
2021-10-04,6925.458359794982,6959.169518890166,6878.966932835274,6916.10205078125,466994
2021-10-05,6910.797319189194,7041.2044726044505,6901.971794078686,7000.9345703125,546004
2021-10-06,7013.135685635577,7023.3599940626955,6910.266680967337,6944.02587890625,726695
2021-10-07,6978.460596550453,7287.164166119244,6969.104287392862,7226.8798828125,1646727
2021-10-08,7281.08730794302,7303.513060129443,7138.767896968776,7166.59521484375,630622
2021-10-11,7157.142988769681,7537.753451192737,7156.756792591807,7427.794921875,1069536
2021-10-12,7415.3527147716795,7475.251274013128,7359.553486874045,7421.04345703125,406814
2021-10-13,7465.605915067521,7475.203361705903,7172.913463768633,7216.89697265625,1084436
2021-10-14,7272.695669583736,7291.986639529581,7181.06356234097,7231.12353515625,831546
2021-10-18,7142.481629988287,7432.135355642512,7142.481629988287,7385.5478515625,913963
2021-10-19,7398.280068680016,7493.191546572694,7316.100348362764,7384.24560546875,658869
2021-10-20,7345.037275206975,7395.531486453972,7248.582419327698,7321.64697265625,488082
2021-10-21,7378.79629204688,7378.79629204688,7219.645783787046,7306.6962890625,563128
2021-10-22,7330.568974299609,7354.682688030858,7124.685898073819,7146.24365234375,224520
2021-10-25,7094.254459182759,7133.848988068262,6963.702721066012,7003.201171875,248058
2021-10-26,7007.444711676629,7077.808711725955,6954.587643327236,7038.64794921875,292203
2021-10-27,7026.7363633044815,7196.738049513461,6987.189871760833,7095.46044921875,1218064
2021-10-28,6992.97694463434,7262.761360803999,6978.556755511844,7108.43359375,961511
2021-10-29,7089.431566459181,7282.341268947866,7036.2368101921165,7217.1376953125,819875
2021-11-01,7138.624158232481,7394.229536145142,7138.624158232481,7345.56787109375,1005690
2021-11-02,7376.81910609945,7629.578859576034,7360.276722060768,7515.52099609375,1302733
2021-11-03,7515.520619635646,7564.230317879506,7438.212153151706,7460.05908203125,656492
2021-11-04,7499.075621432799,7542.721442280583,7461.26513078512,7472.7431640625,53365
2021-11-08,7484.848256638335,7603.150034952457,7400.016028404008,7412.16943359375,428433
2021-11-09,7435.704643883409,7489.237087486408,7271.442217035921,7308.91455078125,632879
2021-11-10,7301.632084641442,7311.277569561707,7195.531750518515,7245.3505859375,562432
2021-11-11,7245.688975048652,7299.22142154961,7178.170574056451,7189.21484375,486991
2021-11-12,7263.050235943142,7276.5539150006725,7178.1699675815225,7214.67822265625,349666
2021-11-15,7187.815480957774,7311.13310188847,7187.815480957774,7237.10400390625,314414
2021-11-16,7277.518903092639,7840.574126376977,7267.921456508652,7764.95361328125,2619355
2021-11-17,7750.14743913383,8053.980226106718,7730.904507570495,7981.39794921875,2377268
2021-11-18,7942.092352088012,8071.341851138266,7717.449100544856,7829.384765625,1337493
2021-11-22,7868.786751835044,7897.5786190792805,7529.795989294613,7585.59521484375,672298
2021-11-23,7570.837771359339,7671.970776390538,7528.301088057738,7575.56396484375,567198
2021-11-24,7586.656685374209,7617.956474479704,7365.871614571626,7397.55712890625,571078
2021-11-25,7369.1509728870915,7445.7360340917485,7171.418518771665,7304.0439453125,1007618
2021-11-26,7253.405129959557,7253.405129959557,6877.231193698356,6916.29541015625,1154876
2021-11-29,6911.954601146715,6954.394735454621,6742.869436258369,6896.03955078125,733010
2021-11-30,6896.039148374139,6992.976267670817,6766.837695012734,6817.2353515625,1287938
2021-12-01,6936.068230008078,7118.3678956278145,6877.278810828573,7015.40234375,1669583
2021-12-02,7026.735631334951,7094.688259699652,6988.780554698344,7065.26953125,618573
2021-12-03,7046.027442290126,7069.17660842496,6895.316725266466,6953.1416015625,603798
2021-12-06,6937.997770067812,6944.74960996639,6772.095418274171,6793.1708984375,609507
2021-12-07,6876.266616329748,7004.358475444318,6839.8068695102165,6931.82470703125,637151
2021-12-08,6968.862660429805,7232.039803329634,6897.582623052259,7171.3212890625,930339
2021-12-09,7204.212611080818,7204.212611080818,7065.317629691658,7158.6376953125,615037
2021-12-10,7118.368354884763,7210.000467854146,7097.10024757868,7162.39990234375,431682
2021-12-13,7219.645886952794,7307.32325583462,7161.772974031329,7249.9326171875,883009
2021-12-14,7250.318314833076,7288.417982361446,7193.409950676778,7227.5068359375,749704
2021-12-15,7210.964847260775,7369.150806992017,7188.828269995364,7299.6552734375,529018
2021-12-16,7322.370373540278,7350.824555983726,7143.446616141645,7186.658203125,595582
2021-12-17,7214.822908545069,7214.822908545069,6984.295812937813,7037.9248046875,1081907
2021-12-20,6944.749301361654,7061.989984859454,6786.41875696994,7028.279296875,867425
2021-12-21,7047.474131870082,7142.43412704457,7025.771789029176,7055.8173828125,415744
2021-12-22,7046.50951542505,7189.744976795336,7046.50951542505,7160.5673828125,368978
2021-12-23,7215.7876230518805,7234.114045299973,7094.254507090841,7125.2646484375,249919
2021-12-24,7177.205712538874,7185.742061343465,6995.050625895686,7057.6982421875,357447
2021-12-27,7019.116352322056,7070.140876458648,6931.438983259757,7031.07666015625,190180
2021-12-28,7060.4950091594765,7098.112400601719,6997.895905799779,7038.74462890625,214533
2021-12-29,7038.985755144875,7103.899680606437,6983.765353690059,7089.4794921875,287776
2021-12-30,7089.432151485633,7132.981426221989,6998.185760484558,7024.083984375,296041
2021-12-31,7031.606594716379,7185.404041225903,7031.606594716379,7163.17138671875,313398
2022-01-03,7156.95000703163,7336.307992429113,7156.95000703163,7257.16650390625,456599
2022-01-04,7330.568558619699,7377.831434852905,7253.404679055281,7359.6015625,495182
2022-01-05,7354.537601611491,7531.194562242444,7335.970043296536,7499.7021484375,710043
2022-01-06,7506.116567893493,7619.402979733314,7411.542774081676,7602.66796875,739981
2022-01-07,7602.668087376784,7663.144997823037,7557.7200315375585,7625.720703125,523116
2022-01-10,7668.160828145566,7940.163514125068,7643.227154403252,7837.53564453125,827930
2022-01-11,7812.84361012207,7873.079858195914,7783.231779902716,7855.13916015625,688923
2022-01-12,7909.298005652786,7909.298005652786,7827.311379984434,7881.0849609375,288174
2022-01-13,7885.184260199526,7967.170885534933,7670.08993726075,7790.70654296875,684931
2022-01-14,7669.125461376302,7856.247878620297,7669.125461376302,7797.603515625,299536
2022-01-17,7836.7639042632945,8072.210771493286,7812.939837558697,7972.47607421875,862249
2022-01-18,7956.512467488479,7956.512467488479,7611.734420807309,7634.5458984375,785199
2022-01-19,7647.905193445432,7774.261049207993,7581.351345753701,7731.53173828125,681632
2022-01-20,7716.388273618802,7851.42506840713,7714.024941321621,7751.44970703125,522850
2022-01-21,7687.451653771298,7951.737946510738,7577.541162252774,7899.2666015625,1041476
2022-01-24,7898.687957572291,8037.389848595177,7670.861405088342,7766.833984375,1153538
2022-01-25,7706.742933583621,8356.848657893428,7608.262432190567,8297.625,2162832
2022-01-27,8349.13169244294,8653.591798739057,8102.255319133033,8507.5107421875,2899559
2022-01-28,8483.204526680778,8613.41858138253,8220.219986834129,8247.806640625,1045088
2022-01-31,8319.231857068131,8410.86397607352,8249.591258235634,8292.513671875,561419
2022-02-01,8384.821329368091,8479.153997992476,8054.945694415383,8255.9580078125,819689
2022-02-02,8275.537412974885,8375.175090164521,8141.0309287989285,8213.3720703125,580433
2022-02-03,8246.890242364174,8486.098286821052,8220.55825489098,8288.9931640625,810019
2022-02-04,8333.60388158843,8372.281903930018,8191.042844002474,8247.4208984375,404421
2022-02-07,8242.065748577605,8309.584133879,8102.206236167569,8209.8984375,446099
2022-02-08,8311.225375942955,8477.512974730878,8136.979309965948,8294.5869140625,998182
2022-02-09,8316.337118081952,8671.097865906813,8316.337118081952,8632.1787109375,1403525
2022-02-10,8729.164338137967,8729.164338137967,8478.28563819102,8493.2841796875,811887
2022-02-11,8428.225739540276,8550.723412797499,8365.819256193276,8427.40625,671572
2022-02-14,8198.662129047154,8309.633243946644,8029.866144037359,8069.798828125,995540
2022-02-15,8111.853037126633,8357.089497850706,8060.249691408884,8317.0126953125,682766
2022-02-16,8410.862068592793,8426.681039168241,8241.101549777157,8278.6708984375,422704
2022-02-17,8271.003309769712,8351.35001067624,8222.77588522295,8249.2529296875,305313
2022-02-18,8246.889999701416,8339.438620308674,8218.001582600626,8265.3125,385273
2022-02-21,8241.150555136834,8414.9623860113,8144.261468370386,8307.3671875,626049
2022-02-22,8193.839291771326,8352.796691997894,8087.593900516814,8317.1083984375,620828
2022-02-23,8381.926037050067,8478.332843091273,8348.359939352207,8390.4619140625,557954
2022-02-24,8104.136635005687,8282.81924767348,7865.8931514486285,7919.08837890625,947351
2022-02-25,7967.171513230768,8165.868526756862,7918.509847500662,8059.8642578125,1344343
2022-02-28,8005.75360390148,8044.287509937579,7826.444108340829,8019.40234375,961303
2022-03-02,7907.07965331358,7908.33337801111,7488.754768493506,7537.17529296875,1783011
2022-03-03,7643.083028289462,7658.467766690633,7290.5405185923655,7326.27685546875,1050154
2022-03-04,7216.75178888689,7252.633181037174,6877.230721032281,6990.3720703125,2511658
2022-03-07,6744.123435206803,6780.631691875622,6491.411716095793,6529.0771484375,2469925
2022-03-08,6467.297771796608,6611.980048570581,6304.819386591054,6565.00634765625,2840376
2022-03-09,6630.306936653207,6827.171395958099,6536.745724425194,6777.73828125,1827539
2022-03-10,6997.799544014441,7137.514491957839,6922.853935285613,6956.130859375,1535070
2022-03-11,6944.748852985373,6944.748852985373,6829.00303876895,6850.75341796875,1024452
2022-03-14,6800.0670350245155,7074.963361972315,6763.414191431476,7057.3603515625,1023874
2022-03-15,7061.460018366234,7349.860038239408,7058.566372681888,7157.046875,1586111
2022-03-16,7301.632164492694,7326.469288434,7176.240859157945,7220.4169921875,584457
2022-03-17,7305.4906955541965,7467.486812424012,7263.050559482849,7420.27197265625,1133271
2022-03-21,7565.918889375974,7658.515550949162,7378.796469113488,7432.376953125,1354525
2022-03-22,7441.443671784276,7532.159270227099,7269.464390881629,7491.310546875,1093502
2022-03-23,7523.478217215391,7584.051673960492,7341.178552721325,7373.82861328125,808597
2022-03-24,7329.8936647905375,7383.619207832918,7259.530130101874,7289.04541015625,565485
2022-03-25,7248.582140381786,7274.914126635109,7123.190832564137,7152.5615234375,686637
2022-03-28,7161.773364652744,7271.731905200948,7150.198781437143,7212.267578125,599515
2022-03-29,7267.872966599649,7294.976873715066,7138.623467259987,7175.4208984375,446257
2022-03-30,7254.3687212893155,7359.456460825728,7224.467720044804,7329.2177734375,589206
2022-03-31,7329.169665259627,7381.448381270736,7261.120958375238,7293.240234375,434317
2022-04-01,7305.490142299455,7454.995155774028,7250.848565439871,7427.0712890625,449386
2022-04-04,7378.795923955538,7517.6909060535245,7361.096365028724,7499.17138671875,491029
2022-04-05,7505.152162623821,7619.933438469116,7455.960187261552,7486.68115234375,488132
2022-04-06,7464.640409701766,7570.7407385643055,7402.9093092726525,7469.65625,393628
2022-04-07,7388.200371120591,7473.321776225378,7350.872155791076,7369.6328125,458566
2022-04-08,7435.511036869695,7456.441926999986,7248.967457474619,7290.00927734375,849846
2022-04-11,7344.892425421261,7346.53187533021,7219.645705330323,7297.1953125,496254
2022-04-12,7272.6955981910705,7438.115663852844,7234.113658678121,7348.26806640625,598047
2022-04-13,7348.268456733102,7431.798454409791,7176.241130597765,7204.6953125,527991
2022-04-18,7113.063143079333,7329.604288325968,7094.254446721608,7305.00830078125,551783
2022-04-19,7311.2781297273905,7405.803889188246,7089.431959564158,7171.51513671875,425990
2022-04-20,7233.1493223344005,7426.0590255570805,7207.685335703198,7394.904296875,542622
2022-04-21,7436.476193243879,7619.740417025317,7413.568165271199,7599.87109375,772708
2022-04-22,7512.8680883911065,7732.44745501631,7456.924276717376,7624.2734375,960818
2022-04-25,7533.124066269768,7714.459191040411,7533.124066269768,7631.845703125,701521
2022-04-26,7716.387995225598,7781.495018935314,7552.414750327054,7626.44384765625,801963
2022-04-27,7572.670381940088,7586.17406113346,7446.314526630682,7512.28955078125,570519
2022-04-28,7565.9191799704995,7658.515845100174,7491.359761957607,7608.50390625,561932
2022-04-29,7637.295685944133,7664.785320580329,7355.647499496079,7444.19287109375,1162749
2022-05-02,7393.264507192646,7475.251132517027,7276.843310843641,7364.0869140625,544053
2022-05-04,7378.796073421121,7472.357278535089,7095.701086813396,7135.63330078125,599211
2022-05-05,7185.886320801574,7270.7665887519815,7118.512513921748,7145.03759765625,524174
2022-05-06,7054.707512471236,7098.980193068194,6902.935716460349,7021.189453125,650559
2022-05-09,6946.196095912575,7161.290413678111,6877.230877436182,7099.3662109375,570578
2022-05-10,7089.576276622026,7306.455107573704,7089.576276622026,7249.4501953125,663616
2022-05-11,7252.4400922766345,7291.552345136006,7086.152026887302,7134.23486328125,605312
2022-05-12,6965.487416625857,7064.3056048526905,6955.166558659415,6996.49755859375,571754
2022-05-13,7079.786375798791,7079.786375798791,6811.979564374384,6850.17578125,703097
2022-05-16,6903.273917248334,7046.3647876928835,6896.522077452228,6990.662109375,369545
2022-05-17,7021.913296628403,7315.762912024575,6997.847622422591,7265.7509765625,811448
2022-05-18,7297.774862428398,7369.29604844158,7243.374414428446,7298.30517578125,576970
2022-05-19,7185.886772002908,7258.227914002938,7123.239154642492,7142.0478515625,363255
2022-05-20,7253.935329360867,7377.735228583033,7185.886618296792,7317.64404296875,742204
2022-05-23,7523.575225723371,7672.839113571493,7500.426060564373,7617.47412109375,1161175
2022-05-24,7638.25998623139,7660.39656389671,7515.0869477051365,7526.03466796875,581609
2022-05-25,7562.060599858743,7580.8692965038,7423.213648288,7511.1806640625,454335
2022-05-26,7523.47803891736,7562.011938543521,7349.859314942345,7528.30078125,476799
2022-05-27,7644.047492734135,7683.497435442503,7555.309023417853,7661.361328125,431411
2022-05-30,7697.290407110532,7774.2611918122975,7669.125401501188,7729.79541015625,389517
2022-05-31,7729.795245817829,7812.842967106822,7619.933264215296,7683.93115234375,2494005
2022-06-01,7692.323074894856,7782.846054620698,7600.739468492588,7657.93701171875,522004
2022-06-02,7644.047380236814,7689.381162807304,7577.107803997138,7644.43310546875,352848
2022-06-03,7668.160380437393,7711.565061836095,7408.696840520706,7431.89404296875,591905
2022-06-06,7417.378422522003,7501.197598147985,7322.322350372092,7437.19970703125,606990
2022-06-07,7345.084827697067,7542.769230115125,7287.163878966722,7532.544921875,991192
2022-06-08,7546.627830765384,7640.18903981245,7446.990154261382,7612.6513671875,813596
2022-06-09,7569.777191145034,7726.034059769587,7552.5118659047885,7648.7255859375,687937
2022-06-10,7548.556724674076,7705.006683154732,7548.556724674076,7653.7890625,442921
2022-06-13,7571.658211492642,7684.896119058004,7517.450393641839,7621.47705078125,565826
2022-06-14,7528.301178584495,7621.283561471091,7475.251010125539,7534.71533203125,553462
2022-06-15,7538.912133189869,7647.906128974215,7538.912133189869,7575.03466796875,604566
2022-06-16,7656.586470802326,7740.502195539011,7528.30151229682,7555.8876953125,1319566
2022-06-17,7528.301340886387,7571.416848933662,7375.082711394333,7415.59375,1317656
2022-06-20,7426.830732807565,7508.142458110326,7355.647238245194,7389.3583984375,1043423
2022-06-21,7441.443598788054,7562.060199681587,7354.826861367297,7504.76611328125,954884
2022-06-22,7475.2508803523815,7590.032151934567,7443.035054623504,7506.83984375,796824
2022-06-23,7533.123896629602,8022.921443799289,7526.37205702955,7977.78076171875,1676430
2022-06-24,8015.398232491043,8092.562114392281,7946.2399149486755,8066.71240234375,1156788
2022-06-27,8144.647886614144,8243.707210241195,8093.76795103635,8149.2294921875,921090
2022-06-28,8116.917683284191,8237.149044193533,8083.929932462313,8188.728515625,691242
2022-06-29,8092.514801292581,8227.599645775323,8073.271868128892,8207.248046875,655413
2022-06-30,8198.662752385046,8328.49061166368,8136.545448401958,8170.44970703125,1130302
2022-07-01,8140.789334401951,8150.434819395318,8011.153639314338,8104.71484375,530569
2022-07-04,8104.715640879946,8167.411299503191,8025.044303775507,8144.02099609375,625431
2022-07-05,8197.216739097556,8206.910264685486,8039.513034109328,8052.7275390625,610290
2022-07-06,8080.023701815887,8345.708804692193,8073.271861549359,8324.1025390625,976098
2022-07-07,8386.749640358954,8391.572383107867,8272.16146103318,8301.291015625,547662
2022-07-08,8314.407863332985,8350.048117910472,8145.611880028661,8175.46484375,686327
2022-07-11,8152.075311479581,8222.776533046888,8117.736817331827,8206.0419921875,536114
2022-07-12,8193.83978881142,8196.203121105937,8079.29965050402,8121.20947265625,424358
2022-07-13,8154.294469998896,8187.234183912042,8083.88241696957,8140.98388671875,413855
2022-07-14,8164.855340800639,8282.915516768653,8150.43515175914,8264.0107421875,606496
2022-07-15,8291.259588264094,8487.062949876195,8272.161714780965,8466.85546875,631246
2022-07-18,8489.95744467935,8529.503940388491,8376.140700931093,8396.203125,478682
2022-07-19,8391.524594328766,8486.966864564503,8360.17676552595,8406.8603515625,478458
2022-07-20,8464.39628806789,8551.157623526165,8411.056938568972,8438.8837890625,398132
2022-07-21,8481.274618655507,8518.795930569939,8412.839716950451,8485.1328125,421090
2022-07-22,8536.25434360442,8573.871735627083,8479.345981313723,8517.8798828125,415294
2022-07-25,8515.51663812658,8544.549171901732,8189.016962982915,8315.951171875,623462
2022-07-26,8316.337421009406,8319.617262786342,8171.027808269397,8223.595703125,429454
2022-07-27,8252.242963486655,8398.75826154491,8160.080540101201,8351.1572265625,1298855
2022-07-28,8391.572417893802,8459.23587571831,8322.896372476212,8411.8759765625,725196
2022-07-29,8453.97974621909,8625.958582230971,8420.509719655192,8462.515625,821432
2022-08-01,8536.25563236633,8762.924567237074,8509.82662233224,8684.2177734375,1009408
2022-08-02,8666.468402737597,8870.8076287566,8636.567398788253,8847.8515625,848311
2022-08-03,8878.630080711957,8878.630080711957,8597.894209741975,8698.72265625,753729
2022-08-04,8761.393068385294,8784.69464569483,8573.038651799883,8705.7607421875,643264
2022-08-05,8705.857630420762,8723.722552646597,8553.62084518847,8583.9130859375,558385
2022-08-08,8583.912405955258,8736.149179127979,8583.718036527056,8662.3125,520993
2022-08-10,8678.478357124777,8737.606491852412,8569.155497204221,8621.29296875,445375
2022-08-11,8695.081992836633,8736.150838601623,8470.124462765121,8557.359375,508318
2022-08-12,8558.474838462274,8558.474838462274,8422.548976024982,8446.044921875,712782
2022-08-16,8482.891600276735,8776.9280186347,8451.725169731442,8741.6845703125,963726
2022-08-17,8747.800448825605,8806.054391881047,8660.419534242441,8684.060546875,623749
2022-08-18,8665.273878860937,8750.130833693996,8618.670725226728,8687.3134765625,442229
2022-08-19,8694.838295816457,8707.022889557931,8461.385424007289,8523.474609375,572597
2022-08-22,8496.336584693368,8512.30806181129,8351.867012717406,8376.916015625,488485
2022-08-23,8356.528538290702,8502.163403022154,8314.779877067685,8466.7255859375,558231
2022-08-24,8407.986492830165,8516.727195739746,8343.90715004416,8450.7060546875,442582
2022-08-25,8467.210958685435,8577.893454877401,8427.404096019904,8481.677734375,525721
2022-08-26,8543.912032998376,8575.708978348455,8452.8418875481,8466.822265625,398063
2022-08-29,8352.256382632386,8602.069484489366,8340.023432989312,8577.1171875,459057
2022-08-30,8626.244027628834,8897.319242633295,8611.874910754837,8817.9482421875,1016312
2022-09-01,8689.49856815299,8964.942831769546,8680.808831600782,8761.87890625,888864
2022-09-02,8763.820743249975,8883.630071681207,8643.040515716848,8660.03125,632909
2022-09-05,8641.00239054623,8754.403221054095,8616.729911921098,8689.595703125,386455
2022-09-06,8722.848317998105,8760.179576838482,8611.874744014556,8630.0791015625,397902
2022-09-07,8606.04969331032,8615.321590162988,8505.07618607834,8529.251953125,496785
2022-09-08,8572.067583123315,8626.53463974913,8524.493530391064,8534.833984375,428924
2022-09-09,8577.553853679285,8727.411745974981,8475.94888667945,8685.6630859375,632296
2022-09-12,8708.86814287895,8750.033695485483,8644.885513471248,8667.84765625,383641
2022-09-13,8711.196474545824,8727.459031986495,8651.583847798667,8666.7294921875,405093
2022-09-14,8602.019512529176,8738.091392752645,8568.863879075056,8706.24609375,509547
2022-09-15,8767.266560086897,9053.633417433799,8767.218204764313,8941.7373046875,1392132
2022-09-16,8941.495601422796,9044.799648848075,8757.558570305428,8922.2236328125,1056382
2022-09-19,8908.289378608135,9071.54642423058,8806.053903840548,9010.767578125,727024
2022-09-20,9067.226703394661,9155.578521577434,8980.816683413708,9030.1865234375,747257
2022-09-21,9029.361785033554,9124.50989846724,8943.388857881135,8978.7783203125,440725
2022-09-22,8931.30057261007,9160.4327538402,8918.678884660952,9128.2470703125,511112
2022-09-23,9124.460872972135,9175.966877699775,9007.369879215528,9071.546875,574213
2022-09-26,9000.525247497377,9000.525247497377,8543.911615234638,8577.8447265625,865432
2022-09-27,8631.292733688331,8649.691460696517,8418.180387789052,8518.716796875,686285
2022-09-28,8466.24037621394,8592.45726255658,8408.034783998733,8472.7939453125,663740
2022-09-29,8515.173515473816,8543.911748461194,8353.712242894253,8373.8583984375,817007
2022-09-30,8415.75425468909,8613.817691232303,8309.149712296052,8571.244140625,658982
2022-10-03,8708.964723779178,8708.964723779178,8262.351148200758,8298.2744140625,1123076
2022-10-04,8445.85127516667,8503.668126972147,8378.859237232826,8437.5986328125,503140
2022-10-06,8479.832245346433,8568.184058298863,8437.598136957084,8449.734375,474445
2022-10-07,8495.366358621184,8588.183924950521,8457.501297137043,8523.619140625,428616
2022-10-10,8422.550188989695,8618.13801384287,8406.044903316746,8604.4970703125,411218
2022-10-11,8554.590771509249,8592.455831103944,8412.839522770133,8431.4326171875,422610
2022-10-12,8444.880152147065,8466.239931791491,8340.605212261815,8433.8115234375,380365
2022-10-13,8412.840423978894,8529.785406344867,8341.964792016925,8397.83984375,355605
2022-10-14,8505.076799203092,8511.484354520344,8355.849405917097,8366.529296875,274160
2022-10-17,8359.441555523788,8495.076354363522,8317.74124803097,8469.9296875,304671
2022-10-18,8509.978037185145,8629.592982866981,8497.356350263954,8551.046875,369973
2022-10-19,8593.816378717163,8597.311236100028,8441.967385419506,8465.6083984375,385416
2022-10-20,8446.822779384185,8484.88221647866,8360.412753250255,8454.0078125,328270
2022-10-21,8475.948584515638,8538.086122821365,8389.538570309236,8450.025390625,356203
2022-10-24,8533.037300847083,8533.037300847083,8491.336997412618,8510.3671875,30052
2022-10-25,8563.329957749167,8754.597078120662,8541.388017613752,8742.9462890625,727441
2022-10-27,8786.636837172913,8812.802757493555,8642.94377066445,8778.8212890625,849108
2022-10-28,8830.326888243257,9272.037602094768,8787.607329905411,9216.3076171875,1873029
2022-10-31,9369.17631978313,9484.713312742115,9176.064109437082,9250.337890625,1932020
2022-11-01,9354.61248451946,9356.457571999075,9102.178727801758,9179.4619140625,805517
2022-11-02,9170.14186999638,9179.462121967295,8941.980584718545,8960.81640625,788679
2022-11-03,8941.980614190836,9039.070523139704,8897.707994967608,8970.2333984375,616860
2022-11-04,8988.486999150275,9052.663049274744,8923.581826569969,8960.9130859375,465775
2022-11-07,9007.030953096686,9080.624915267537,8984.99135389209,9061.6923828125,469017
2022-11-09,9204.462925864418,9204.9483754156,8951.689723820717,8984.21484375,617256
2022-11-10,8933.242499020995,8981.544728596726,8807.02561771758,8832.51171875,445700
2022-11-11,8932.270552592183,8971.106511516497,8786.635706626006,8823.0927734375,461074
2022-11-14,8835.181624937073,8896.396622281125,8730.858329198512,8886.0078125,282822
2022-11-15,8922.562092488319,8935.71758472611,8864.308150643998,8895.5712890625,359888
2022-11-16,8893.43508881422,8983.24324882681,8835.035133072926,8869.1142578125,350737
2022-11-17,8836.15282720024,8902.75612709297,8708.965043400302,8724.9365234375,409572
2022-11-18,8747.799778884008,8761.344009235847,8578.863356961054,8590.5625,515615
2022-11-21,8568.184510515297,8669.352385809261,8530.319445822935,8607.21484375,520644
2022-11-22,8616.729248837864,8674.93483773057,8601.24321903799,8615.515625,455948
2022-11-23,8679.837991948347,8727.41204805634,8642.943825987044,8674.498046875,621006
2022-11-24,8707.89681429394,8733.140189435924,8661.390370832612,8706.1484375,455343
2022-11-25,8738.091881652254,8815.763809489163,8687.119679009282,8757.0244140625,545439
2022-11-28,8765.276913830487,8839.161954726167,8689.54678542123,8723.9169921875,439956
2022-11-29,8723.52932060287,8762.122563840929,8629.352098109994,8650.90625,606692
2022-11-30,8664.304144825688,8757.510464626592,8611.87558993768,8712.9951171875,1087650
2022-12-01,8756.587145942953,8762.364185089828,8670.128772615197,8697.4599609375,694489
2022-12-02,8563.330391927713,8669.061687248786,8499.979223211922,8559.30078125,971612
2022-12-05,8586.631757939163,8595.564219410166,8509.930727989231,8536.193359375,519621
2022-12-06,8521.77488964213,8543.911197206182,8441.918446918244,8463.666015625,551379
2022-12-07,8466.239962467449,8493.279122539667,8389.538935284545,8407.1611328125,546450
2022-12-08,8412.840287771402,8457.501644175036,8355.605599012373,8430.025390625,476001
2022-12-09,8453.618439082684,8508.716962847233,8296.769879563164,8362.693359375,790406
2022-12-12,8358.470036596214,8440.316638010012,8267.496604729244,8407.7431640625,445039
2022-12-13,8409.92704016733,8444.247940160652,8359.440292754642,8369.8291015625,330236
2022-12-14,8398.2770252632,8425.171119354329,8345.896830372862,8390.12109375,343670
2022-12-15,8389.538983660157,8421.189914536635,8325.4596441252,8334.34375,472176
2022-12-16,8310.410922705314,8338.081547309217,8200.21387384416,8238.85546875,624222
2022-12-19,8251.476967149069,8370.558119371977,8205.068180440669,8353.4697265625,464106
2022-12-20,8334.587434904843,8334.587434904843,8186.670373552277,8276.2841796875,694906
2022-12-21,8276.283131278393,8317.644000662416,8047.102594791698,8107.39599609375,800720
2022-12-22,8113.463818763955,8140.017528174884,8046.811220600363,8091.81201171875,580858
2022-12-23,8058.1716088331395,8087.54130718741,7886.468004797199,7904.67236328125,503012
2022-12-26,7909.914517485175,8103.123427388151,7841.029040632253,8016.51904296875,315102
2022-12-27,8057.443062267068,8073.025802780812,7991.275911096266,8063.75390625,423308
2022-12-28,8073.026085290128,8207.495611785942,8046.423070465984,8175.98974609375,538632
2022-12-29,8126.425090403055,8203.126115748555,8090.50182536782,8190.31005859375,452134
2022-12-30,8223.51574498579,8242.933727854706,8118.901362279507,8150.3095703125,433976
2023-01-02,8121.5701290497045,8207.980139986395,8094.967117211773,8158.75537109375,398159
2023-01-03,8136.134226769631,8157.494006362583,8062.49191138502,8138.80419921875,493207
2023-01-04,8132.251075397912,8288.614189934988,8069.190987566324,8177.68896484375,566744
2023-01-05,8199.19457180585,8228.369900230444,8145.891831778754,8214.8740234375,417716
2023-01-06,8213.805594739106,8237.058815572782,8107.006704027368,8139.0947265625,368978
2023-01-09,8179.678330831971,8201.135768326225,8082.831152385896,8133.22119140625,613406
2023-01-10,8136.134216796476,8165.261188932978,8022.442314814442,8051.81201171875,493677
2023-01-11,8092.104067557962,8092.104067557962,8009.092199591137,8043.36474609375,327536
2023-01-12,8073.025519888365,8133.221260385428,8019.626072673228,8125.6484375,283772
2023-01-13,8152.639351629256,8252.69030945622,8107.977995171599,8207.3984375,705220
2023-01-16,8233.224647958064,8266.526298591705,8100.793626957492,8136.2314453125,500575
2023-01-17,8165.115287060325,8246.13700529589,8099.386177550274,8232.5927734375,409248
2023-01-18,8226.427998137942,8288.954278856521,8217.980986417417,8246.865234375,402883
2023-01-19,8232.252898276874,8271.08885958494,8210.407670041088,8254.244140625,184776
2023-01-20,8215.79684170705,8252.642653535986,8167.203529593497,8194.1943359375,346337
2023-01-23,8233.224228487628,8235.166026654724,8134.0958113148245,8172.154296875,410827
2023-01-24,8204.09771081252,8464.298679628822,8172.05803927917,8445.6572265625,1039571
2023-01-25,8493.32881962791,8575.951955759909,8427.695470009296,8528.474609375,1131883
2023-01-27,8571.5339271779,8630.321675160945,8369.24654076223,8483.23046875,743546
2023-01-30,8523.523800346631,8607.021128838465,8464.29895106754,8560.41796875,1036998
2023-01-31,8599.156520431907,8683.575437703681,8573.23332512745,8636.4384765625,643670
2023-02-01,8676.92502735736,8767.655735482958,8421.481860156522,8513.66796875,707460
2023-02-02,8509.93009439357,8679.83742656914,8496.434218466187,8612.0205078125,456995
2023-02-03,8679.837434332414,8702.168112295461,8587.748039468328,8682.0703125,351157
2023-02-06,8667.167280925032,8675.953727513192,8563.329440092473,8648.7685546875,205161
2023-02-07,8648.769253659051,8660.420042954505,8497.842797698786,8507.455078125,318669
2023-02-08,8517.697874470265,8596.826151772137,8420.65631899709,8577.6025390625,391645
2023-02-09,8546.144758165037,8575.951549465744,8446.82197218974,8545.0771484375,392186
2023-02-10,8541.775172026431,8616.728765678852,8517.648710739959,8554.9306640625,276298
2023-02-13,8531.29004053597,8606.438007040198,8500.901089585568,8553.0869140625,253037
2023-02-14,8558.474255030891,8589.543021470028,8509.92930746974,8519.1044921875,227030
2023-02-15,8519.106202239313,8636.827723705504,8487.600335319208,8587.9423828125,452568
2023-02-16,8621.584987925366,8621.584987925366,8534.20405899369,8548.8642578125,247514
2023-02-17,8531.290367170424,8615.758588627557,8495.12437579941,8551.4365234375,214587
2023-02-20,8551.436433126592,8591.48602046348,8422.792304105074,8440.6572265625,298434
2023-02-21,8440.996419659275,8466.23979519541,8387.06316655599,8417.548828125,323478
2023-02-22,8423.034987055595,8465.269097128434,8335.168620122446,8406.966796875,363931
2023-02-23,8440.463312663542,8492.891866188767,8365.266984691678,8443.181640625,317544
2023-02-24,8457.502084378248,8485.658158359072,8358.761455996071,8408.4716796875,242982
2023-02-27,8378.858949611018,8391.528992808764,8281.769042894784,8380.9951171875,220225
2023-02-28,8398.276987372463,8455.560032719859,8354.877609150033,8373.373046875,370998
2023-03-01,8369.149988467312,8520.852968246663,8369.149988467312,8509.10546875,333441
2023-03-02,8515.755956531475,8515.755956531475,8261.47710446412,8299.9736328125,603893
2023-03-03,8342.012851762433,8377.887760681588,8301.186737029502,8350.9453125,437977
2023-03-06,8388.567598619918,8410.898276255133,8340.945190943969,8380.2666015625,275417
2023-03-08,8374.004091971809,8458.520662482937,8359.488961917008,8440.8994140625,348171
2023-03-09,8471.093970165854,8482.744758434275,8285.700612215858,8293.37109375,431466
2023-03-10,8281.769660877111,8376.917776558934,8233.321414553073,8351.2373046875,516128
2023-03-13,8351.237509047904,8385.947154138346,8234.292515191366,8270.5078125,479314
2023-03-14,8296.283774806016,8296.283774806016,8199.242228078841,8264.4384765625,349510
2023-03-15,8398.27698217714,8451.628075871835,8194.388176829487,8228.3212890625,509229
2023-03-16,8213.90240324742,8285.070059784477,8166.231640719175,8191.912109375,340261
2023-03-17,8255.555023546185,8263.273860997706,8052.20001800757,8074.82177734375,471602
2023-03-20,8074.821298795093,8074.821298795093,7893.409192490795,7980.4013671875,488199
2023-03-21,8005.062834371523,8034.189806479607,7975.935862263441,7988.9462890625,287497
2023-03-22,7996.324922507159,8048.364734586075,7977.877839757324,8012.248046875,218120
2023-03-23,8023.50938853548,8131.279178241124,7993.022780478442,8110.11376953125,540553
2023-03-24,8110.11488788351,8142.445639624772,7972.05284051261,8003.02490234375,391840
2023-03-27,8009.917771908322,8074.773643753948,7990.062695196493,8037.4423828125,364326
2023-03-28,8064.190883255215,8112.443808031562,7903.118349912935,7969.916015625,360349
2023-03-29,8009.7713730920705,8077.006134190782,7949.2361948837515,8053.89892578125,339851
2023-03-31,8083.6570180993085,8126.424931004732,8016.761695264068,8050.8408203125,478757
2023-04-03,8168.02822597758,8329.343492908047,8146.182995928574,8255.603515625,627265
2023-04-05,8273.95412334774,8299.24585633922,8184.679757714041,8201.2333984375,272888
2023-04-06,8217.689403913519,8286.623235160903,8133.317898805413,8268.8076171875,309551
2023-04-10,8210.504651203672,8306.818028049687,8158.513195918223,8286.76953125,308275
2023-04-11,8330.313996954455,8418.61745674903,8296.332529600912,8407.548828125,409240
2023-04-12,8419.636440829161,8456.482248876868,8340.99361890721,8370.1689453125,408458
2023-04-13,8376.965743394047,8450.705719256408,8369.150195311378,8418.4716796875,480202
2023-04-17,8592.4557365762,8592.4557365762,8398.275945919111,8422.208984375,489356
2023-04-18,8439.977576783887,8494.20191261999,8437.113234791217,8478.5224609375,276111
2023-04-19,8437.161169979094,8487.405196234375,8410.364735233721,8427.35546875,280819
2023-04-20,8417.694876018091,8485.561099777691,8412.986394820095,8461.0458984375,369060
2023-04-21,8426.822037471034,8450.705776100991,8301.187314529352,8309.3916015625,424157
2023-04-24,8327.401123822834,8327.401123822834,8198.999724892488,8219.77734375,543745
2023-04-25,8262.350836943164,8276.914322554696,8174.969923273964,8222.447265625,906406
2023-04-26,8278.856489205798,8301.18716813763,8189.437062827526,8259.341796875,959058
2023-04-27,8320.605404835698,8320.605404835698,8224.729117352907,8294.3427734375,536521
2023-04-28,8342.935728928423,8361.819905514865,8286.720293380393,8339.5859375,387567
2023-05-02,8371.772016680858,8570.126516913391,8355.55781177712,8521.435546875,865562
2023-05-03,8514.784684576178,8571.096829582497,8461.433592049229,8541.2900390625,537008
2023-05-04,8540.659847739607,8566.194304143297,8488.570732374192,8544.494140625,271926
2023-05-05,8544.49396252637,8726.440827210981,8534.20281165827,8688.236328125,951591
2023-05-08,8782.753348798375,8855.522426719439,8699.256025340861,8812.123046875,678780
2023-05-09,8818.67555462477,8874.016797233337,8788.431671731265,8846.39453125,415394
2023-05-10,8863.143185758172,8912.85340746338,8796.345519784121,8901.3486328125,366827
2023-05-11,8973.971586442358,9043.924673542431,8876.007492793027,8991.3994140625,644550
2023-05-12,8991.448818486891,9058.294846789848,8963.972561725504,9024.896484375,403028
2023-05-15,8973.049764458503,9036.643657508928,8918.097252927364,8939.359375,259316
2023-05-16,8950.815577423631,8960.71893794303,8793.529922101274,8807.365234375,448981
2023-05-17,8816.103209984913,8866.250527453385,8769.208973367913,8854.017578125,290482
2023-05-18,8878.82311753861,8883.725967924982,8780.907383202717,8789.83984375,272497
2023-05-19,8796.345008784929,8852.851520655504,8699.788912851176,8840.9580078125,543472
2023-05-22,8825.47278969243,8902.853637334196,8809.792390022041,8890.18359375,182115
2023-05-23,8902.173482041162,8966.252820007649,8890.279968554958,8932.951171875,269008
2023-05-24,8901.203007442764,9047.032242852245,8892.464915485196,9000.962890625,470365
2023-05-25,8952.418673341179,9022.95487849334,8947.855257536177,9011.740234375,218979
2023-05-26,9061.401434972695,9141.015162355934,9040.28437923385,9126.4033203125,346760
2023-05-29,9160.432977061793,9212.667158833798,9041.060743497743,9061.88671875,236834
2023-05-30,9107.033023713255,9129.266991056305,9029.361100270073,9110.28515625,372004
2023-05-31,9174.948248799807,9174.948248799807,8997.904226922868,9095.091796875,1614766
2023-06-01,9065.770351979376,9104.65467133022,8953.631505858506,9056.837890625,378706
2023-06-02,9115.771633948654,9247.959925439804,9041.692222377013,9209.3173828125,445105
2023-06-05,9274.513718817741,9359.467390672915,9212.424531301715,9303.251953125,434649
2023-06-06,9348.78662337489,9485.683384606156,9331.310441090049,9452.8671875,542318
2023-06-07,9503.159321883852,9514.81010977337,9369.660710649787,9425.001953125,453747
2023-06-08,9449.760660785816,9480.829431066833,9345.389010623023,9377.525390625,273746
2023-06-09,9393.934146540369,9431.217050858768,9331.407865878622,9347.6220703125,161389
2023-06-12,9344.90377529446,9417.721207309742,9260.096118731455,9272.5234375,316879
2023-06-13,9308.980613425925,9338.155941885789,9229.027451432281,9240.5322265625,561014
2023-06-14,9242.958489050618,9319.65951012572,9214.316968522571,9255.0947265625,328167
2023-06-15,9276.940909460092,9415.58511144527,9265.29012024884,9315.630859375,459978
2023-06-16,9315.824976559355,9362.768515704696,9274.027961024545,9324.2236328125,682099
2023-06-19,9357.525657612188,9361.55526819141,9233.25057106162,9254.6103515625,395006
2023-06-20,9252.667568938396,9261.30894938822,9145.8686777964,9215.8701171875,612713
2023-06-21,9225.483163363997,9259.46463155151,9122.616215036212,9166.1123046875,356331
2023-06-22,9164.36447512485,9218.055002884095,9101.013312203248,9129.412109375,288487
2023-06-23,9145.868739435178,9152.665032553654,9034.215352488782,9055.8662109375,309138
2023-06-26,9055.867506376975,9242.959963330699,9029.362149052049,9194.609375,405168
2023-06-27,9213.832832854943,9223.54182424889,9121.645769940687,9185.6767578125,339375
2023-06-28,9199.705978719325,9296.358793571013,9158.054028470306,9263.0087890625,482586
2023-06-30,9290.533529223452,9566.754324402056,9263.348354302534,9504.1796875,845006
2023-07-03,9458.548211566913,9501.073406223031,9375.536331284813,9391.5078125,398066
2023-07-04,9417.721257082492,9433.74109221052,9340.09768451523,9366.65234375,247673
2023-07-05,9414.808340895308,9744.865671442603,9393.448561221214,9701.5146484375,815044
2023-07-06,9708.943083481232,9724.816905226207,9529.569466649222,9572.4833984375,652120
2023-07-07,9567.238527416817,9655.590334398239,9529.373467281921,9563.59765625,457050
2023-07-10,9567.238870604539,9644.279328000497,9436.895678156938,9452.9638671875,272008
2023-07-11,9510.926390598943,9667.095111987492,9452.963531970772,9612.0458984375,568772
2023-07-12,9607.046753235922,9660.446204618234,9519.66583279214,9549.5693359375,552967
2023-07-13,9566.219917739332,9610.88127372846,9332.281603641468,9366.796875,519564
2023-07-14,9419.614975815384,9444.226889429947,9311.893528034689,9324.17578125,498441
2023-07-17,9366.26265591585,9416.749403931568,9276.939947888042,9407.57421875,444583
2023-07-18,9427.624458236169,9482.091517493769,9322.28190781044,9384.37109375,320985
2023-07-19,9370.14767164617,9384.711158857306,9248.445842775905,9327.9619140625,450254
2023-07-20,9340.049217350985,9500.247566713033,9296.79585265196,9488.111328125,466813
2023-07-21,9437.13911226823,9558.501497971269,9420.633827812619,9485.732421875,328483
2023-07-24,9485.733012303272,9529.375118547263,9398.303733829598,9412.6728515625,358506
2023-07-25,9343.932599512089,9490.490002970442,9336.941936616897,9474.615234375,240998
2023-07-26,9477.43117347857,9524.519777885036,9442.236082556212,9472.4306640625,209861
2023-07-27,9485.68288790817,9541.170143014499,9409.613333258965,9469.759765625,256672
2023-07-28,9455.586702579893,9466.26659309518,9268.591907906073,9388.8857421875,381151
2023-07-31,9388.885076699904,9551.413960097183,9326.456456196065,9534.95703125,600060
2023-08-01,9475.97576350117,9604.1344521059,9369.225211659626,9433.984375,1394528
2023-08-02,9432.284446973854,9508.45166849811,9243.29856410308,9372.865234375,672815
2023-08-03,9407.215387326862,9467.096143417108,9325.62741451082,9353.1669921875,614897
2023-08-04,9369.141876055019,9424.023878676262,9238.797119829567,9281.3310546875,540470
2023-08-07,9300.539046350883,9349.344634127146,9233.896616935514,9333.6640625,366329
2023-08-08,9349.492328915996,9430.88410727405,9315.23988773146,9352.0400390625,430636
2023-08-09,9349.540912099568,9349.589722473089,9229.486534559504,9274.17578125,404602
2023-08-10,9274.174755418453,9310.338452867058,9155.541634229601,9209.982421875,523490
2023-08-11,9209.983330725638,9279.958264197749,9157.453798781684,9170.046875,498504
2023-08-14,9173.133789470707,9177.05393211578,9073.07253128165,9135.5498046875,336864
2023-08-16,9147.653254187211,9249.331958399975,9069.397786108702,9231.4951171875,336363
2023-08-17,9226.93889589693,9285.593652265496,9163.334193375274,9188.12890625,402798
2023-08-18,9163.333039002911,9280.937313300275,9150.249946313745,9267.265625,400745
2023-08-21,9266.776927083794,9279.958599452,9225.321605902582,9250.361328125,375347
2023-08-22,9232.132615151146,9318.228369713006,9221.842240164495,9302.4013671875,435930
2023-08-23,9328.960293033333,9447.544618640753,9257.417683369353,9409.2744140625,546842
2023-08-24,9468.762694157276,9468.762694157276,9364.241499616104,9382.568359375,385559
2023-08-25,9363.261315347689,9432.598842881795,9295.638850332094,9315.92578125,346449
2023-08-28,9324.990912685867,9476.94525716966,9320.139544538106,9406.0888671875,325938
2023-08-29,9408.34318565675,9491.401215342625,9316.219825297194,9429.1689453125,317224
2023-08-30,9467.145011211667,9621.941843879642,9418.14322543935,9600.822265625,543634
2023-08-31,9575.046517604256,9864.059431616364,9575.046517604256,9804.0810546875,1581818
2023-09-01,9799.37726916969,10190.362715261912,9752.678183785385,10124.994140625,1193178
2023-09-04,10193.351474472745,10258.965057022971,10080.941186518608,10155.5712890625,819552
2023-09-05,10143.369150745262,10204.817578462993,10041.249242857875,10057.2236328125,507107
2023-09-06,10055.167004344756,10055.167004344756,9927.909742384272,9975.63671875,663758
2023-09-07,9947.363250378437,10095.251033646504,9947.363250378437,10075.5029296875,445805
2023-09-08,10191.390905341112,10192.370941008518,10094.367374268051,10125.728515625,439721
2023-09-11,10138.469466272329,10339.376787740266,10137.489430557851,10323.548828125,598050
2023-09-12,10333.496167887386,10357.409421208553,10197.271208921495,10293.90234375,568773
2023-09-13,10290.3752083263,10326.048891874958,10231.573064278722,10264.306640625,301707
2023-09-14,10256.122320040833,10368.77761417135,10222.801106535933,10278.76171875,501196
2023-09-15,10279.888617752527,10339.376978129972,10268.226766775177,10315.12109375,544616
2023-09-18,10290.423607464327,10411.556593601199,10284.54339329456,10312.033203125,430213
2023-09-20,10284.543640233222,10284.543640233222,10131.168050289143,10140.1845703125,545106
2023-09-21,10136.558545470765,10138.469806591378,10002.73485557998,10078.9814453125,577252
2023-09-22,10170.810252768031,10355.791986744709,10102.648962866928,10324.8232421875,986206
2023-09-25,10324.823749335661,10505.982970245197,10319.776182526299,10376.814453125,756801
2023-09-26,10419.642219642517,10421.65110146789,10316.39488165331,10345.89453125,452503
2023-09-27,10339.376930129849,10492.262503693853,10314.87603693049,10467.5166015625,458359
2023-09-28,10437.870345537327,10491.282291815134,10321.784924094629,10354.419921875,598144
2023-09-29,10330.556498449092,10491.772373982238,10300.714219437177,10398.7666015625,481725
2023-10-03,10495.98642180295,10495.98642180295,10097.601899377474,10140.33203125,623006
2023-10-04,10078.589523126337,10078.589523126337,9888.5602179743,9927.6142578125,407793
2023-10-05,9978.675300148663,10065.898482807923,9907.181500027642,10006.3125,377196
2023-10-06,10077.706489028324,10126.659460673662,10055.165669301818,10096.3759765625,335700
2023-10-09,10045.365908294749,10128.081304063639,9980.634741830618,10040.26953125,230083
2023-10-10,10084.567084902108,10209.031615493222,10065.063992164152,10167.8701171875,348342
2023-10-11,10143.320846698965,10231.572871480841,10133.618110287489,10204.2294921875,193526
2023-10-12,10251.173456890281,10412.438140460928,10212.168227310747,10369.66015625,569237
2023-10-13,10323.745885964378,10530.53343893087,10319.580733831168,10513.3828125,625954
2023-10-16,10515.734091788974,10595.018404481723,10452.080582622233,10490.7919921875,304196
2023-10-17,10515.783416913295,10582.278458582416,10354.371340246978,10536.16796875,474718
2023-10-18,10540.284020463509,10594.038596123572,10497.21125976164,10573.06640625,267435
2023-10-19,10486.381641854683,10583.111353646504,10486.381641854683,10556.650390625,286284
2023-10-20,10548.222079890242,10583.405745080654,10482.16824657196,10511.5205078125,232512
2023-10-23,10467.761264569113,10510.540205507947,10320.21708201165,10342.9541015625,227925
2023-10-25,10309.97512307961,10434.880859116067,10291.942084144373,10377.4501953125,401105
2023-10-26,10328.596762045017,10382.498728257417,10185.021524770173,10216.0400390625,506129
2023-10-27,10231.621590386318,10628.487241307852,10231.572780014198,10349.86328125,1116713
2023-10-30,10486.381782329607,10486.381782329607,10040.465547660451,10190.1171875,991168
2023-10-31,10280.574878203372,10280.574878203372,10114.948838697523,10184.8251953125,439996
2023-11-01,10182.667974486172,10214.1276929371,9985.240559411153,10023.5595703125,699116
2023-11-02,10084.862199650408,10138.470349314739,9997.345194138197,10097.896484375,569194
2023-11-03,10112.008304910485,10162.970161070143,10036.545556366376,10071.140625,517582
2023-11-06,10132.540035517952,10132.540035517952,10047.32574214613,10079.51953125,490459
2023-11-07,10094.368447886298,10119.849377948924,10031.498770309154,10048.6005859375,264935
2023-11-08,10113.967789132203,10134.009709352365,10055.753289379962,10116.2216796875,287006
2023-11-09,10143.32161418317,10240.981606398265,10110.784234548155,10192.71484375,310536
2023-11-10,10167.870230212431,10208.444090391236,10113.968267546245,10181.39453125,206395
2023-11-13,10220.79242084072,10220.79242084072,10156.747470010832,10190.8037109375,261891
2023-11-15,10287.435390228538,10287.435390228538,10167.919837679896,10247.302734375,436538
2023-11-16,10270.774409545043,10333.202876710944,10201.388071550276,10275.1845703125,488715
2023-11-17,10290.375409797121,10395.043036837824,10289.54276223327,10313.40625,403772
2023-11-20,10290.375365994321,10381.861320350294,10290.375365994321,10355.302734375,234246
2023-11-21,10406.99885085216,10406.99885085216,10290.374605325142,10324.8232421875,312242
2023-11-22,10339.376372724719,10340.601417318643,10211.971734956547,10285.033203125,378891
2023-11-23,10278.418275780758,10314.875795421027,10186.539928434371,10279.1044921875,453820
2023-11-24,10296.206352830368,10355.547323622734,10253.133591987984,10305.712890625,380306
2023-11-28,10329.527273149655,10345.649051524346,10296.254870347866,10327.1748046875,268026
2023-11-29,10358.977510016923,10422.238624022013,10315.56211924531,10387.6435546875,343341
2023-11-30,10369.758092216653,10436.400522069289,10335.554462304062,10396.9052734375,665660
2023-12-01,10396.218862839822,10544.204255778059,10322.764994600631,10374.3642578125,591519
2023-12-04,10481.482065743203,10481.579686489125,10216.87242032472,10387.83984375,625235
2023-12-05,10438.263164793063,10554.985039929044,10352.510036567084,10507.845703125,580996
2023-12-06,10507.845072456807,10534.354846521206,10378.577981811577,10413.6142578125,464163
2023-12-07,10574.585562251617,10714.583283926331,10422.680023590914,10483.099609375,704413
2023-12-08,10515.783771306018,10533.424415097585,10340.35736915655,10406.55859375,548373
2023-12-11,10417.780148168295,10425.620434262872,10290.424309506285,10331.2919921875,579749
2023-12-12,10407.979636749444,10411.899779738804,10095.445854096295,10132.001953125,1088687
2023-12-13,10153.169811643824,10205.014082794203,10055.166242033363,10172.8193359375,603469
2023-12-14,10231.572767214093,10285.474731026045,10106.422016186574,10146.505859375,635475
2023-12-15,10250.192832352031,10267.588465086925,9636.298120222105,10081.0390625,1244681
2023-12-18,10089.467676135842,10144.25205537764,10022.041410422487,10113.576171875,652498
2023-12-19,10113.576039051319,10169.83047112539,10002.44056477739,10029.29296875,585734
2023-12-20,10035.566026038437,10103.237302798834,9790.557089855858,9879.9853515625,964051
2023-12-21,9800.357119240725,9897.62566364919,9702.353548048319,9812.9501953125,739806
2023-12-22,9849.359489759578,10112.302895470968,9829.758774357071,10013.1728515625,652545
2023-12-26,10064.96610962708,10075.942700302981,9912.766764835318,10065.603515625,395273
2023-12-27,10080.647566913301,10099.610875552891,10025.76556577125,10083.09765625,397675
2023-12-28,10105.099158210323,10105.099158210323,9983.62354339436,10066.5341796875,584234
2023-12-29,10075.208689811181,10189.089035061437,10067.907232080515,10096.6708984375,705227
2024-01-01,10138.469370990719,10138.469370990719,10010.722099635568,10078.0009765625,411724
2024-01-02,10078.001043416072,10089.173833356683,9948.391320534685,9994.1591796875,776837
2024-01-03,9996.365003235618,10006.165361081927,9864.06017231044,9876.4580078125,521046
2024-01-04,9898.360779459785,9917.961493874556,9786.195499808025,9815.3515625,711733
2024-01-05,9810.795710218159,9873.860630775338,9770.956872340459,9817.0185546875,673131
2024-01-08,9805.2569825047,9926.732596504771,9714.01604348494,9748.12109375,600153
2024-01-09,9775.856215363016,9842.156014025986,9692.553179943881,9823.9755859375,666469
2024-01-10,9849.309934541447,9850.093771685033,9751.3551753119,9810.353515625,481699
2024-01-11,9824.95585183534,9921.979389479007,9800.357337744063,9811.2353515625,1024815
2024-01-12,9824.858096551572,9844.410000585867,9737.58610706725,9766.693359375,850190
2024-01-15,9785.754061269035,9897.18431149926,9749.395119714558,9885.5224609375,463380
2024-01-16,9885.472545547342,10035.565393214682,9859.158970287079,9980.2421875,536823
2024-01-17,9921.881782864586,9958.926942240796,9796.878416256839,9851.025390625,610250
2024-01-18,9747.483835632574,9849.358737570217,9543.24497097576,9726.3642578125,614860
2024-01-19,9761.155721034129,9850.976377136963,9750.424138542056,9837.3046875,377018
2024-01-23,9665.112614006734,9773.896582791436,9635.809162111234,9663.59375,956269
2024-01-24,9663.152198047756,9800.357198831394,9560.248447460024,9788.79296875,459092
2024-01-25,9788.793423907258,9800.161455960038,9620.569901940842,9683.7333984375,718817
2024-01-29,9732.882532886373,9834.658863862809,9677.901952442116,9791.9296875,446516
2024-01-30,9810.990004034245,9833.188195464594,9733.22455406953,9752.97265625,399869
2024-01-31,9760.469660656285,10031.253341616297,9715.094197741317,9983.5263671875,997024
2024-02-01,10006.164806847095,10486.186116158031,10000.284592465012,10425.5712890625,1869594
2024-02-02,10386.41843683099,10497.75011047029,10329.968762857905,10442.7216796875,814940
2024-02-05,10390.337960835615,10545.13478315941,10192.370759544463,10220.3505859375,365105
2024-02-06,10290.32704848357,10640.003629112358,10249.214355424692,10628.3408203125,829040
2024-02-07,10643.18805674898,10754.422112406533,10571.449249704627,10717.376953125,560808
2024-02-08,10732.37126661803,10732.37126661803,10476.533131015403,10529.40625,557082
2024-02-09,10497.407782792641,10554.984882313152,10399.256820953771,10518.576171875,645489
2024-02-12,10486.382134041196,10534.355073628376,10437.429158740553,10495.888671875,190655
2024-02-13,10515.782816010178,10613.786383726956,10427.726993243092,10578.9951171875,397979
2024-02-14,10491.282427702125,10829.394752555672,10489.714753369839,10807.78515625,354676
2024-02-15,10819.594026847906,10910.73734609581,10760.791885397646,10868.8408203125,447248
2024-02-16,10897.996572712302,11250.809411397233,10876.435788126002,11153.1982421875,716486
2024-02-19,11153.198861976376,11381.203597407204,11106.793596514268,11254.0927734375,581383
2024-02-20,11211.608265901896,11250.76088303389,11089.936452462543,11217.9296875,355044
2024-02-21,11227.288437896845,11290.990755325554,11143.005371760399,11236.94140625,348461
2024-02-22,11270.410133974312,11461.517088419963,11163.831255533469,11425.0595703125,584406
2024-02-23,11471.269430104021,11486.018776454071,11246.106220727714,11305.2998046875,472884
2024-02-26,11275.310692418325,11303.682917255755,11188.528722874256,11238.0693359375,277700
2024-02-27,11187.10741180908,11332.055073322037,11156.971314313407,11271.0478515625,307585
2024-02-28,11241.990146812735,11269.38233758116,10907.797954321833,10930.142578125,358812
2024-02-29,10932.29797686186,11122.42489819859,10907.307067098529,11062.9853515625,943841
2024-03-01,11069.503454790576,11441.917028302787,11069.503454790576,11388.9462890625,487355
2024-03-04,11368.414466818447,11444.171037326345,11313.679854130094,11362.681640625,369936
2024-03-05,11364.543020667177,11495.81899678797,11330.976797253708,11437.6044921875,320702
2024-03-06,11437.604578481421,11445.83726141884,11288.443906409533,11336.1220703125,639542
2024-03-07,11340.041943580729,11401.245364720759,11193.135165761978,11280.259765625,255325
2024-03-11,11285.25874521744,11325.195200953356,11123.454273014575,11168.0458984375,525344
2024-03-12,11172.406975041358,11344.795637421294,11153.786296749622,11280.11328125,283816
2024-03-13,11280.211787802544,11324.166009553213,11042.650732746413,11162.7548828125,385204
2024-03-14,11174.122320074566,11231.209401017784,11076.412566943933,11176.9150390625,523058
2024-03-15,11152.806508459347,11291.040355536295,11088.172961226006,11247.52734375,972333
2024-03-18,11208.325703975555,11432.508871005486,11139.379618039467,11403.9892578125,311049
2024-03-19,11311.669309526122,11446.767800703834,11227.43600944938,11365.5224609375,409259
2024-03-20,11418.543547801037,11784.929518444049,11418.543547801037,11702.75390625,1031037
2024-03-21,11759.448950897437,11760.428986646324,11589.265360276711,11670.4130859375,544311
2024-03-22,11652.673352226242,12179.19753516242,11652.673352226242,12091.38671875,1062263
2024-03-26,12040.277813169314,12075.902686318417,11898.810037878187,12005.9765625,507568
2024-03-27,12044.639349388686,12468.701009189264,12040.425387083254,12260.58984375,878986
2024-03-28,12318.99948225088,12472.717693274693,12138.231712669492,12348.7919921875,860324
2024-04-01,12361.532811520347,12435.672894438543,12256.473751002231,12318.65625,314676
2024-04-02,12372.90219933172,12395.491831346111,12213.450195698377,12301.849609375,333508
2024-04-03,12201.444501771868,12275.437197344861,12164.741973283033,12179.736328125,271935
2024-04-04,12240.645758631064,12396.471433220524,12072.128430452703,12316.353515625,491166
2024-04-05,12242.606225704061,12307.19096253899,12137.252385705406,12173.611328125,231600
2024-04-08,12201.444401801082,12669.558834307869,12201.444401801082,12608.2568359375,570422
2024-04-09,12608.256994789539,12726.449875326129,12524.856338927199,12630.7001953125,314466
2024-04-10,12674.801787014474,12699.302679667018,12349.332311844517,12429.5478515625,464239
2024-04-12,12407.25248024691,12407.25248024691,11980.936932939849,12021.6572265625,973366
2024-04-15,11955.945349885284,12260.246430350826,11792.720597815296,12174.8359375,831257
2024-04-16,12062.279627564827,12299.35065078029,12030.281078518032,12253.0927734375,579183
2024-04-18,12319.048662806077,12350.40980498665,12074.08854989179,12157.3427734375,679117
2024-04-19,12152.344667078454,12504.667489858364,11980.936045853672,12457.1845703125,635535
2024-04-22,12527.943392745508,12622.026817328044,12406.271581149056,12530.24609375,342212
2024-04-23,12588.55866175339,12764.47507123449,12521.230017240714,12736.7890625,397281
2024-04-24,12740.464047979332,12812.937879111638,12642.460478379491,12685.630859375,296364
2024-04-25,12705.183201538015,12721.549989639434,12485.997827734702,12664.51171875,640725
2024-04-26,12664.021520222197,12784.565913271828,12407.252162669325,12449.736328125,704626
2024-04-29,12544.505986791457,12735.367942659235,12351.390140188016,12436.505859375,613937
2024-04-30,12530.7372718878,12736.544782219135,12485.851825333535,12561.6083984375,528776
2024-05-02,12495.455600297666,12587.726347419655,12264.951004398947,12549.7001953125,814923
2024-05-03,12562.049360336654,12573.858599642494,12163.616019896053,12242.75390625,834990
2024-05-06,12299.448152249954,12393.92397745703,12125.491813841638,12190.9580078125,342231
2024-05-07,12223.397401131855,12258.776306362313,11994.656690535903,12117.2099609375,604375
2024-05-08,12144.601765333979,12309.198944036398,12078.93937683516,12293.1259765625,399669
2024-05-09,12289.647785722218,12485.458728885334,12188.459098810272,12255.00390625,504590
2024-05-10,12255.34629774528,12443.464339766435,12251.426154987106,12422.4423828125,328670
2024-05-13,12407.252083560961,12454.686194732147,12228.444376930858,12420.8251953125,281421
2024-05-14,12420.825434704158,12583.658753819329,12398.824398252458,12558.3740234375,331037
2024-05-15,12564.058231344341,12615.412487128873,12446.45394212739,12512.41015625,232030
2024-05-16,12591.498679517415,12591.498679517415,12054.439115665024,12248.1435546875,914201
2024-05-17,12265.294934760297,12413.035325702796,12076.294464047884,12389.1220703125,809226
2024-05-21,12348.597401606958,12425.775214190853,12193.408171841442,12224.279296875,443136
2024-05-22,12179.68741708615,12312.188434443555,12116.278916215912,12281.169921875,280015
2024-05-23,12315.178271775096,12716.061711285434,12224.034945345828,12676.6650390625,768732
2024-05-24,12608.16021320175,12773.78625875411,12555.238281486796,12740.90625,624801
2024-05-27,12763.44624121208,12797.796301386987,12521.916249402422,12648.4384765625,464953
2024-05-28,12632.66048038411,12726.695099500428,12544.702274168867,12562.685546875,333806
2024-05-29,12562.097649450829,12593.50760233975,12495.455221602284,12533.333984375,353706
2024-05-30,12467.034630217842,12554.257810949655,12299.448518924135,12346.490234375,524559
2024-05-31,12346.490126907525,12381.1340071376,12083.840551259707,12151.7568359375,908304
2024-06-03,12568.9583261908,12568.9583261908,12154.942037709397,12227.0732421875,485936
2024-06-04,12345.117702313628,12345.706297991725,11330.634289935279,11932.9638671875,825928
2024-06-05,11936.835001970685,12362.268122785898,11883.030658421065,12252.994140625,447581
2024-06-06,12261.765449128865,12436.65301089626,12219.085085882945,12420.482421875,447536
2024-06-07,12331.151725039615,12571.897875969576,12331.151725039615,12555.1396484375,532480
2024-06-10,12510.302615507939,12662.060754965283,12375.792720877986,12463.65234375,293471
2024-06-11,12489.085239088949,12681.221051216617,12402.548276140222,12606.8369140625,358807
2024-06-12,12606.836565169848,12693.029938990368,12546.416981677849,12592.8212890625,302719
2024-06-13,12681.661800900543,12681.661800900543,12485.262266227079,12590.37109375,297240
2024-06-14,12575.32820218368,12637.560469715821,12523.680128897324,12588.7548828125,216967
2024-06-18,12621.292213651659,12622.85988795415,12291.656629837968,12310.1796875,823306
2024-06-19,12358.250848961105,12372.951385260423,11956.436190113043,11997.6953125,694871
2024-06-20,12001.517785743497,12059.829912825951,11892.733817572867,11906.9443359375,907751
2024-06-21,11976.036911445315,12119.367140438677,11842.26203105151,11957.90625,947800
2024-06-24,11937.814523747651,12043.658376351275,11800.609529631842,11940.1669921875,550862
2024-06-25,11957.807988434004,11993.480713720957,11831.039796233665,11874.7001953125,594272
2024-06-26,11875.092800997325,12077.812806541451,11826.777231488775,11954.720703125,447931
2024-06-27,11956.436111182387,11983.190895657293,11770.229319286924,11935.6103515625,1230852
2024-06-28,11941.686511507862,11957.90591136071,11764.496243651818,11793.6025390625,1160395
2024-07-01,11804.529527089444,12015.237194032095,11765.866928881404,11866.9091796875,1134926
2024-07-02,11907.385142760259,11907.385142760259,11755.528417105228,11802.177734375,687181
2024-07-03,11873.132659820867,11907.433909766696,11721.227124346477,11881.6103515625,467532
2024-07-04,11892.733261576364,11966.235939336415,11830.794813704004,11848.2392578125,299684
2024-07-05,11828.198694216944,11895.13494361918,11781.892005658661,11862.4013671875,406926
2024-07-08,11862.351892266559,11870.1921777208,11727.106968180902,11783.556640625,496933
2024-07-09,12078.940340594409,12701.214217140328,12019.206971594225,12571.6044921875,2114130
2024-07-10,12691.511132611593,13034.474817435457,12478.451945549723,12517.7998046875,2070520
2024-07-11,12544.457424964661,12665.785657708511,12441.602483024084,12461.3505859375,608983
2024-07-12,12368.051274875621,12416.955442061542,12225.946089863184,12311.69921875,674746
2024-07-15,12348.449700924624,12513.585714782228,12338.64934401913,12391.5224609375,697186
2024-07-16,12390.59225232307,12542.4977968228,12330.565061351403,12387.2109375,347810
2024-07-18,12380.790914189118,12426.852591776935,12214.18484631829,12391.6201171875,391216
2024-07-19,12397.45240560869,12456.254551406044,12246.968105568865,12274.26171875,351955
2024-07-22,12250.4459374691,12406.222799423174,12152.491180339879,12388.8759765625,249631
2024-07-23,12466.054362048313,12480.706087479828,12113.241502745059,12376.919921875,332258
2024-07-24,12381.771415281088,12410.388650016004,12209.48132532607,12237.951171875,285860
2024-07-25,12140.732148678479,12274.94824122027,12140.732148678479,12259.4638671875,396789
2024-07-26,12221.04482862673,12488.692187796923,12141.858137750207,12410.8779296875,537693
2024-07-29,12455.273306545841,12518.681805688502,12351.389525721712,12496.9736328125,388263
2024-07-30,12505.256248796712,12709.887523272879,12456.156840238797,12616.6376953125,526539
2024-07-31,12720.863490695376,13107.977595381406,12637.707843692431,12853.9521484375,836405
2024-08-01,13125.619085537683,13406.889351911856,12850.22903379154,13092.3466796875,2040384
2024-08-02,12985.453720174766,13033.830511227592,12537.353476477174,12590.1328125,1333355
2024-08-05,12356.263296533365,12356.263296533365,11898.864296654514,12070.208984375,1131415
2024-08-06,12257.334273528313,12420.468995862939,11980.332369041798,12001.2060546875,623565
2024-08-07,12266.237770452122,12316.69168821106,12134.563324468734,12239.0322265625,433514
2024-08-08,12238.537845919094,12260.005686966373,12022.031562926568,12088.0166015625,358577
2024-08-09,12257.334073572203,12257.334073572203,12064.52057890228,12093.3095703125,320211
2024-08-12,12069.368309891432,12237.548032242377,11970.439061449699,12141.833984375,291212
2024-08-13,12204.90181946797,12207.91896843283,11992.203927663997,12045.873046875,464483
2024-08-14,12107.95052520341,12107.95052520341,12000.117646108129,12074.9580078125,449827
2024-08-16,12183.088340167978,12211.777823784352,11981.321933720596,12082.5263671875,552732
2024-08-19,12064.422269769588,12112.946874607615,11996.952326749435,12019.7060546875,277319
2024-08-20,12030.291035119697,12178.1902588153,12020.002007028937,12084.158203125,471927
2024-08-21,12084.15897138798,12117.794917376925,12046.664398093202,12090.0947265625,295984
2024-08-22,12148.511694631334,12193.029856378762,12050.571738786994,12144.900390625,501316
2024-08-23,12168.298062600243,12242.544273411415,12123.186709883727,12170.5732421875,440809
2024-08-26,12193.029962311122,12202.428240983896,12091.1328356484,12112.69921875,232805
2024-08-27,12113.886676274258,12395.83503909485,12094.199369059488,12363.08984375,477609
2024-08-28,12366.155816938095,12385.892394843113,12197.976097827737,12225.181640625,313227
2024-08-29,12210.837752283029,12346.370829497868,12118.833546582442,12320.451171875,608598
2024-08-30,12326.584986999113,12435.40716585705,12184.324913676935,12270.1953125,2271179
2024-09-02,12240.51608600514,12390.888545802503,12218.158461977651,12294.333984375,331514
2024-09-03,12340.434400057347,12340.73099458027,12227.55651449022,12264.357421875,445514
2024-09-04,12193.07891085075,12265.247989442953,12103.102567876393,12204.1591796875,735076
2024-09-05,12204.901327053401,12237.54797889686,12099.047031682183,12166.912109375,595865
2024-09-06,12118.832930858209,12173.095237171552,11965.196001290638,12055.6669921875,733354
2024-09-09,12066.895104929965,12089.005405562413,11972.417672462589,12015.69921875,415790
2024-09-10,12020.002232344694,12156.47532383517,11968.460480332342,12132.08984375,285122
2024-09-11,12128.725794329514,12201.933437786316,12034.743008810648,12111.51171875,349799
2024-09-12,12130.80304988499,12293.937767857073,12021.238906665374,12268.0673828125,547830
2024-09-13,12232.60184266354,12262.280617858034,12159.443468587922,12184.17578125,361093
2024-09-16,12190.013398016583,12231.61295607352,12124.769361827652,12157.416015625,170114
2024-09-17,12153.458637754426,12153.458637754426,12021.536866334012,12114.62890625,568161
2024-09-18,12108.989085588015,12205.841204694501,12039.68934139223,12073.423828125,182282
2024-09-19,12128.67656022684,12277.119703958022,12075.700141026839,12219.24609375,465608
2024-09-20,12228.051817737978,12569.1104186683,12227.704985687653,12479.4306640625,875654
2024-09-23,12489.81741589255,12612.489681997158,12489.81741589255,12547.294921875,235586
2024-09-24,12448.366186686804,12642.119704286772,12448.366186686804,12602.201171875,425916
2024-09-25,12590.973130056514,12678.970892266965,12475.967875475275,12648.4013671875,341172
2024-09-26,12697.569617054667,13267.402114088052,12692.623154406809,13240.4931640625,1471069
2024-09-27,13239.701752177032,13396.653396407877,13132.314242700864,13351.095703125,865698
2024-09-30,13200.673534739395,13355.448537118522,13067.26782968322,13096.25390625,415743
2024-10-01,13096.254452460409,13158.035963898568,12860.852102798439,13025.025390625,388888
2024-10-03,12802.483126043613,13007.217395937236,12457.467377121106,12511.927734375,863520
2024-10-04,12554.023767598752,12739.960527278306,12378.522884870557,12470.7744140625,679362
2024-10-07,12490.856891360689,12512.572055852126,12245.463069840102,12393.3623046875,465500
2024-10-08,12368.382467231997,12494.863130075582,12328.612714516892,12397.7646484375,387060
2024-10-09,12420.518490851626,12712.409059737474,12406.22302051656,12624.0654296875,465231
2024-10-10,12661.856474927748,12826.17757676149,12575.391921866849,12805.5009765625,492698
2024-10-11,12805.50098699655,12841.01697508807,12588.747381201518,12639.8447265625,274243
2024-10-14,12638.211688778618,12661.95470878102,12328.859730776128,12403.6005859375,488067
2024-10-15,12572.91852353526,12572.91852353526,12222.708974606825,12313.4765625,532135
2024-10-16,12281.126393965864,12321.588843749056,12100.036594655643,12251.2998046875,418138
2024-10-17,12267.226904271745,12287.111296924193,11940.760381819351,12013.720703125,875937
2024-10-18,11940.760594345325,12011.247685674829,11717.625861961335,11975.484375,506871
2024-10-21,12015.501735698008,12118.83353403183,11816.653936486548,12045.52734375,375275
2024-10-22,12085.147690722919,12158.206554088418,11713.222988831856,11795.630859375,904901
2024-10-23,11795.631576415844,11990.127069896142,11627.60062454814,11828.1796875,412638
2024-10-24,11870.471292178363,11870.471292178363,11512.298140117053,11637.740234375,552495
2024-10-25,11637.640631348902,11668.012103706254,11317.505971261537,11379.6826171875,624582
2024-10-28,11381.612028656327,11508.093652976651,11317.506068621688,11360.29296875,613830
2024-10-29,11327.398766733999,11360.045418201442,10627.425073719145,10927.724609375,2268683
2024-10-30,10861.442474692243,11396.649722966997,10827.80652932932,11135.921875,1672966
2024-10-31,11104.808823795205,11127.117177476151,10931.682628324012,10957.849609375,838211
2024-11-01,11030.611740373257,11089.523917478447,10961.361263079434,10991.0400390625,65670
2024-11-04,11174.059155876865,11174.059155876865,10743.716904189709,10934.1064453125,444462
2024-11-05,10923.768107204449,11154.273266503365,10893.99078851853,11050.49609375,321159
2024-11-06,11098.872988862238,11307.613714475032,11052.969428635795,11232.6748046875,416027
2024-11-07,11184.100759492943,11263.095381059122,11066.819357936702,11179.154296875,530194
2024-11-08,11139.928699662492,11222.534627145447,11006.472748939246,11181.9736328125,269993
2024-11-11,11210.16775484861,11394.819582975008,11188.897966494973,11277.6376953125,450681
2024-11-12,11270.069723734487,11393.583475226844,10988.319405647448,11023.78515625,549747
2024-11-13,11020.718562165095,11023.537659376405,10747.970423917966,10931.2861328125,507710
2024-11-14,10936.62820785266,10998.65703867062,10775.47207875455,10888.2021484375,431348
2024-11-18,10832.753255773114,11063.20914496987,10798.12801705603,10975.162109375,333440
2024-11-19,10971.253848245145,11075.376884090754,10779.727206281736,10841.953125,864067
2024-11-21,10804.212323482298,10840.865417897234,10654.68037357969,10745.1513671875,540201
2024-11-22,10788.234343496577,10987.725555740513,10711.316854252482,10945.1357421875,493678
2024-11-25,11082.054625636662,11127.512809399543,10872.373886271595,10907.0986328125,635726
2024-11-26,10907.098320339392,10959.332769813294,10774.829723172497,10826.767578125,406586
2024-11-27,10818.902831305883,10997.866231846954,10753.609525996246,10939.9423828125,343332
2024-11-28,10941.971554960515,10961.954491309029,10771.417135259599,10832.6044921875,607669
2024-11-29,10832.70345543124,11010.923917205046,10803.073952240307,10955.623046875,338207
2024-12-02,11031.600742998355,11208.684101710282,11031.600742998355,11118.955078125,446880
2024-12-03,11129.540733156295,11187.908991223514,11083.043985204442,11158.4775390625,258644
2024-12-04,11160.208705808194,11179.00526333061,10987.082518101748,11010.6767578125,554674
2024-12-05,11015.722284803267,11149.326038476158,10912.885140233406,11062.515625,545501
2024-12-06,11080.076423815495,11254.14263906976,11001.922313326082,11196.763671875,417214
2024-12-09,11200.769821605356,11247.168026863616,11132.063263421216,11159.021484375,254485
2024-12-10,11154.273372177118,11193.201647126753,11050.397655629127,11078.2958984375,410569
2024-12-11,11109.655905770736,11199.631283117333,11100.454712906318,11156.9931640625,226584
2024-12-12,11178.361564782323,11178.361564782323,10959.629384535834,11047.8251953125,396561
2024-12-13,11018.146335235462,11169.111979624868,10915.457004026091,11151.8486328125,263579
2024-12-16,11135.031434959708,11208.140539974062,11085.022890375598,11156.251953125,223389
2024-12-17,11142.401895007146,11151.750902745598,10941.278914539722,10989.60546875,295445
2024-12-18,10966.307505279587,10979.217579351482,10852.637409107236,10884.6416015625,497103
2024-12-19,10771.4164601733,10917.238557327422,10736.247305933137,10838.044921875,435360
2024-12-20,10822.860285729002,10958.393362433288,10749.603367052738,10784.3271484375,404608
2024-12-23,10810.988048073368,10872.126129135762,10640.23655520594,10706.123046875,237165
2024-12-24,10706.123663054545,10770.873051779983,10610.16228851044,10621.6376953125,151149
2024-12-26,10655.174846229049,10857.287110283249,10654.68019998021,10779.3310546875,349811
2024-12-27,10812.472302426846,11013.79332475576,10795.752872852483,10823.8984375,257973
2024-12-30,10823.898388681258,10832.752749675014,10634.992794770531,10683.3203125,335481
2024-12-31,10649.733485523251,10777.055620183066,10635.487287451382,10742.1337890625,198997
2025-01-01,10741.738134381618,11153.23454946651,10684.557220201148,11088.287109375,383202
2025-01-02,11164.165578532036,11732.168239401895,11105.797322516672,11714.5087890625,1417042
2025-01-03,11723.066703724868,11920.776420879902,11661.730569509007,11806.4638671875,701315
2025-01-06,11801.2698297677,11851.625202741647,11565.521628284077,11629.7763671875,383268
2025-01-07,11629.77672222882,11699.32379150743,11548.704008924291,11595.7939453125,308104
2025-01-08,11600.443934970288,11732.959859480008,11599.751236994322,11695.416015625,303100
2025-01-09,11695.415958130554,11723.116148185338,11534.804706880288,11614.837890625,266413
2025-01-10,11564.829284802347,11634.079759561642,11446.114185214983,11506.5595703125,218246
2025-01-13,11345.701332212751,11529.660470607681,11345.206685949848,11374.5888671875,253524
2025-01-14,11410.450048148492,11659.355646516156,11407.531442148333,11615.431640625,627463
2025-01-15,11763.231774372274,12061.850295966045,11733.99837413964,11819.4736328125,692822
2025-01-16,11853.158603855054,12004.074978790657,11828.17896867997,11962.8212890625,551211
2025-01-17,11972.319060980433,12059.376799299154,11875.763535181559,12006.3994140625,285370
2025-01-20,12016.984869890734,12016.984869890734,11855.730197745048,11891.3447265625,251731
2025-01-21,11888.376842098909,12009.81249236961,11735.036509781525,11756.455078125,300038
2025-01-22,11772.629908178309,11949.51521225589,11772.629908178309,11891.6416015625,396590
2025-01-23,11876.456837165728,11976.671977356016,11833.224560330691,11916.7705078125,480876
2025-01-24,11802.2593346623,11963.51400956171,11786.529197723601,11839.75390625,310343
2025-01-27,11774.461106332845,11917.908522659996,11684.583300646347,11865.42578125,251783
2025-01-28,11889.662757643844,12034.446290136782,11757.69172195079,11993.9345703125,533451
2025-01-29,11990.225543950162,12188.77674927291,11757.79106924785,11849.6474609375,817549
2025-01-30,11892.284907714844,11981.172450642585,11795.432787434578,11871.509765625,418442
2025-01-31,11871.509885764883,12257.333957052242,11871.509885764883,12178.833984375,709009
2025-02-03,12850.909305761763,13317.064115216588,12783.2915512458,12999.25390625,926127
2025-02-04,13108.125414491275,13117.969067929382,12832.607457665928,12969.5751953125,530749
2025-02-05,12969.624630705304,13009.196330570157,12864.264979815136,12946.6728515625,271633
2025-02-06,12920.159671031244,12989.41014400002,12867.52911835379,12934.009765625,414134
2025-02-07,12920.160032173168,12968.140718356964,12872.673992238686,12909.7724609375,355223
2025-02-10,12910.267140173535,12920.160065185162,12748.666596550987,12762.615234375,294142
2025-02-11,12761.823856628285,12877.867672548035,12563.470712273995,12588.103515625,354195
2025-02-12,12564.015262264124,12628.665143332666,12473.04961995905,12520.041015625,425735
2025-02-13,12539.282645844514,12608.483850590506,12479.677771729159,12535.6220703125,186742
2025-02-14,12564.01508990359,12643.158492044715,12449.355699609241,12544.4765625,233454
2025-02-17,12466.667563158257,12637.221970876586,12443.419190188504,12626.2412109375,192210
2025-02-18,12628.269526503556,12746.98462683641,12598.78880314209,12649.2919921875,267936
2025-02-19,12590.725688877928,12632.424754332349,12515.539458630838,12550.3134765625,288694
2025-02-20,12514.550385557177,12514.550385557177,12247.441404995878,12307.4423828125,423739
2025-02-21,12287.013069673996,12305.413524060586,12113.886879078751,12191.4970703125,477013
2025-02-24,12117.200115879941,12299.378711836465,12089.252603423927,12213.013671875,399571
2025-02-25,12256.097154659496,12373.477093308535,12217.762071237596,12342.7587890625,363355
2025-02-27,12397.516854156022,12415.620713449265,12180.169101512936,12248.0341796875,236805
2025-02-28,12206.385540627261,12206.385540627261,11685.226443594172,11817.939453125,605149
2025-03-03,11758.730976743322,11930.323958784655,11631.85421014671,11649.5126953125,186884
2025-03-04,11564.82946337297,11598.712731903383,11466.88950470112,11491.869140625,255726
2025-03-05,11480.739655112413,11703.330471346819,11444.48169793673,11492.95703125,349730
2025-03-06,11575.711555972455,11603.906392255269,11357.077913217996,11541.482421875,315309
2025-03-07,11525.257960212959,11616.569467397569,11476.78262630305,11539.2568359375,259055
2025-03-10,11475.793011109552,11572.645133395696,11410.153840113391,11461.9921875,153894
2025-03-11,11455.512263428673,11566.807667343843,11386.756436121077,11522.240234375,245822
2025-03-12,11496.369739180125,11598.415643876593,11398.627836390602,11515.462890625,249361
2025-03-13,11510.220015731536,11559.88269171903,11366.72333394769,11390.515625,260736
2025-03-17,11390.516099558723,11627.105793737772,11333.681050684292,11429.9892578125,275569
2025-03-19,11574.722705949722,11589.018176359037,11423.360947487301,11491.1767578125,476555
2025-03-20,11574.623264430335,11639.025817274372,11463.921051472624,11604.5986328125,379421
2025-03-21,11653.865697850419,11794.048638897197,11580.460000827825,11607.1708984375,560565
2025-03-24,11653.816640742014,11861.61734182018,11616.322067706213,11794.5927734375,359033
2025-03-25,11823.431086553652,11945.954579506875,11673.651811613103,11741.814453125,514283
2025-03-26,11680.57703440676,11741.814629151844,11584.615657906596,11608.6552734375,478517
2025-03-27,11647.089469598593,11770.602252701492,11513.386200785002,11596.4375,645787
2025-03-28,11573.782613146495,11620.180819379271,11278.033417231607,11398.77734375,541795
2025-04-01,11357.078180290535,11422.173435175882,11169.11260065158,11358.166015625,498244
2025-04-02,11358.1656777408,11606.379551175158,11287.87663919324,11590.6494140625,452994
2025-04-03,11505.966357508061,11676.570041409126,11486.724425268469,11562.94921875,326624
2025-04-04,11475.793157224352,11505.471932630966,11208.68417856482,11359.056640625,355785
2025-04-07,10986.686226650365,11236.878682359702,10941.030958165768,11208.4365234375,602353
2025-04-08,11406.542411168175,11426.674126899887,11169.16148494093,11336.2041015625,629968
2025-04-09,11337.391020090874,11415.149993185025,11302.667238474587,11334.720703125,255114
2025-04-11,11357.423330592474,11553.699341511423,11357.077464673115,11474.8525390625,231420
2025-04-15,11663.758487979756,11812.152361872628,11554.93631379165,11728.0625,458593
2025-04-16,11641.99383921682,11641.99383921682,11490.632090627412,11539.107421875,470494
2025-04-17,11539.107324176997,11602.42204200513,11401.595671394025,11569.775390625,302146
2025-04-21,11569.775610133302,11642.983254011015,11463.921314256067,11619.240234375,318493
2025-04-22,11643.972929061647,11661.780194373721,11490.632588874345,11608.3583984375,516753
2025-04-23,11672.662268813776,11842.820579707577,11603.41179345002,11779.505859375,493839
2025-04-24,11812.152964795801,11911.082219107324,11731.030976260352,11766.6455078125,387863
2025-04-25,11774.559818919366,11917.017944774214,11473.814886559134,11572.744140625,906266
2025-04-28,11305.634906759138,11768.623805635869,11168.123246622672,11719.1591796875,457303
2025-04-29,11685.523407149945,11812.152851453635,11615.28363726274,11714.212890625,455596
2025-04-30,11698.38346518826,12193.029700502775,11673.651153422536,12125.7578125,967250
2025-05-02,12125.758533762846,12590.726022615629,12118.833486056528,12272.173828125,707908
2025-05-05,12356.263806546245,12356.263806546245,12229.634361611264,12324.6064453125,270014
2025-05-06,12304.820233636037,12464.096327671687,12238.53763549698,12446.2890625,414921
2025-05-07,12222.709100947171,12533.346952642632,12222.709100947171,12497.732421875,303619
2025-05-08,12425.51363783086,12462.11745985313,12197.976365800518,12259.3125,485326
2025-05-09,12005.064371412627,12227.655181760205,11985.278521603954,12118.8330078125,278112
2025-05-12,12292.948489269578,12494.76415736961,12292.948489269578,12480.9140625,185165
2025-05-13,12465.085144483057,12564.014391661492,12296.905424279714,12348.3486328125,378269
2025-05-14,12351.316825547554,12581.821977357933,12278.109180766574,12534.3359375,306050
2025-05-15,12465.085447710779,12883.556173455354,12413.642237926575,12813.31640625,561496
2025-05-16,12811.338281400298,12945.882065668286,12773.745165207773,12855.8564453125,425275
2025-05-19,12850.909214347235,12906.309592792459,12791.551666013069,12849.919921875,244277
2025-05-20,12865.749061223469,12870.695523761424,12474.978520724946,12502.6787109375,361111
2025-05-21,12539.282354293624,12670.858255920532,12459.149662325357,12479.9248046875,209104
2025-05-22,12475.96767158309,12475.96767158309,12262.280492369551,12311.7451171875,434848
2025-05-23,12316.691302265268,12361.209463598756,12289.980405465174,12319.6591796875,169465
2025-05-26,12321.637897606624,12404.73846632593,12258.323178582392,12288.001953125,214703
2025-05-27,12288.002195967632,12345.381161217301,12158.404877903728,12281.0771484375,344679
2025-05-28,12281.07709783143,12282.066390331658,12173.24421530657,12198.9658203125,178181
2025-05-29,12207.869290671402,12294.927029535185,12134.661646626857,12259.3125,191097
2025-05-30,12259.313081545783,12356.263749879505,12119.822834249304,12187.0947265625,351353
2025-06-02,12030.78653623055,12187.094756995653,12002.097052672398,12158.4052734375,264972
2025-06-03,12141.587063429539,12217.762587252897,11930.867757268821,11998.1396484375,369114
2025-06-04,11998.13941102113,12113.886633241567,11998.13941102113,12032.7646484375,205846
2025-06-05,12069.368779507877,12125.758453313774,11887.338955292347,11996.1611328125,319783
2025-06-06,12009.021990209612,12400.781831063308,11970.439581640687,12328.5634765625,456129
2025-06-09,12371.102841760554,12524.443180862743,12332.520433857422,12501.689453125,323443
2025-06-10,12524.44333597494,12607.543907872403,12327.574123979757,12385.9423828125,325292
2025-06-11,12336.477186458502,12425.513509376004,12293.937609953471,12318.669921875,306061
2025-06-12,12325.595166370309,12356.263233643564,12175.222707482093,12257.333984375,347339
2025-06-13,12069.368757177828,12291.959574420862,12045.625736671906,12275.1416015625,385493
2025-06-16,12271.184106581704,12432.43878324833,12203.91221692937,12395.8349609375,184242
2025-06-17,12394.845368790939,12479.924521294412,12336.477113003672,12460.138671875,226597
2025-06-18,12484.871534689266,12742.087588494274,12415.62105866484,12611.5009765625,467738
2025-06-19,12613.479502253582,12687.676440502133,12577.864971894278,12668.8798828125,339117
2025-06-20,12671.84730360031,12751.979994020454,12591.714613180166,12654.0400390625,652128
2025-06-23,12634.254450245837,12649.093837666844,12530.378738298783,12563.025390625,192037
2025-06-24,12692.622831908899,12717.35514451979,12418.588808180235,12475.9677734375,332717
2025-06-25,12548.186570785521,12669.869553141767,12481.90397064025,12630.2978515625,316536
2025-06-26,12643.158506500688,12710.430398397562,12553.132886462225,12578.8544921875,354735
2025-06-27,12613.479331821754,12661.954664155815,12485.860599758616,12506.6357421875,346403
2025-06-30,12531.367650579637,12539.281990297379,12199.954674899192,12267.2265625,448956
2025-07-01,12316.691683787776,12325.595316330273,12188.083658173928,12308.77734375,283481
2025-07-02,12247.440830618167,12507.624751333238,12226.66568865993,12486.849609375,609735
2025-07-03,12494.764322355073,12682.72989806746,12455.192622205095,12615.4580078125,606221
2025-07-04,12578.853954946846,12611.500606973055,12472.999658983077,12510.5927734375,225607
2025-07-07,12511.582533181285,12534.336261200828,12337.467049205645,12385.9423828125,220116
2025-07-08,12390.888616415314,12420.567391544451,12226.666060700747,12281.0771484375,241050
2025-07-09,12301.852301382693,12405.728014422113,12296.905838857007,12336.4775390625,174203
2025-07-10,12366.155933485672,12534.335654181077,12268.215978492464,12514.5498046875,277325
2025-07-11,12504.657564716877,12549.175728515314,12386.931753783228,12439.3642578125,194420
2025-07-14,12455.193068919061,12480.914674939067,12297.895555181321,12380.0068359375,246737
2025-07-15,12347.359421506686,12463.106641466326,12347.359421506686,12401.7705078125,147377
2025-07-16,12401.770513719755,12436.395750476311,12305.809143280156,12429.470703125,204480
2025-07-17,12434.417287363614,12491.796251693877,12329.552283587615,12342.4130859375,189207
2025-07-18,12390.888441475763,12392.867026456439,12237.548105473468,12286.0234375,124068
2025-07-21,12297.895433891323,12344.3921827766,12209.848398768137,12272.173828125,232066
2025-07-22,12315.702609044789,12395.835303344142,12187.094581156942,12358.2421875,169006
2025-07-23,12405.728424210025,12582.811788479052,12405.728424210025,12491.796875,342005
2025-07-24,12512.57151576312,12525.432318238209,12384.952783510318,12422.5458984375,157163
2025-07-25,12410.674817362973,12422.546327750246,12224.687821295676,12271.1845703125,260700
2025-07-28,12238.537207347801,12400.781173236172,12170.276026577694,12207.869140625,292879
2025-07-29,12207.869547728367,12373.081396550946,12136.640487158153,12335.48828125,285115
2025-07-30,12297.894883394505,12507.624890254745,12287.012666057417,12482.892578125,203847
2025-07-31,12372.092163705584,12623.372461928933,12330.54187817259,12473.0,709783
2025-08-01,12521.0,12779.0,12273.0,12302.0,346024
2025-08-04,12326.0,12425.0,12225.0,12365.0,255693
2025-08-05,12400.0,12577.0,12370.0,12537.0,233560
2025-08-06,12570.0,12619.0,12483.0,12524.0,151608
2025-08-07,12525.0,12654.0,12429.0,12632.0,173393
2025-08-08,12630.0,12725.0,12564.0,12590.0,247048
2025-08-11,12585.0,12734.0,12482.0,12597.0,187230
2025-08-12,12620.0,12959.0,12606.0,12840.0,504476
2025-08-13,12840.0,12925.0,12752.0,12834.0,252065
2025-08-14,12864.0,12956.0,12825.0,12936.0,318580
2025-08-18,13703.0,14125.0,13664.0,14068.0,2154781
2025-08-19,14070.0,14270.0,13979.0,14250.0,906623
2025-08-20,14362.0,14362.0,14200.0,14221.0,391425
2025-08-21,14219.0,14401.0,14156.0,14280.0,513460
2025-08-22,14349.0,14370.0,14230.0,14349.0,458935
2025-08-25,14401.0,14478.0,14280.0,14452.0,357110
2025-08-26,14452.0,14825.0,14391.0,14714.0,962974
2025-08-28,14895.0,14895.0,14625.0,14752.0,666635
2025-08-29,14750.0,14850.0,14692.0,14791.0,621560
2025-09-01,14790.0,14938.0,14654.0,14887.0,572927
2025-09-02,14859.0,14934.0,14783.0,14842.0,379167
2025-09-03,14875.0,14991.0,14750.0,14927.0,561656
2025-09-04,15240.0,15240.0,14630.0,14662.0,784369
2025-09-05,14740.0,14957.0,14701.0,14895.0,473806
2025-09-08,14921.0,15319.0,14850.0,15258.0,691077
2025-09-09,15249.0,15384.0,15201.0,15365.0,605860
2025-09-10,15366.0,15384.0,15072.0,15108.0,489062
2025-09-11,15111.0,15191.0,15038.0,15095.0,657161
2025-09-12,15160.0,15373.0,15153.0,15325.0,420101
2025-09-15,15350.0,15378.0,15249.0,15265.0,170587
2025-09-16,15300.0,15594.0,15284.0,15573.0,381944
2025-09-17,15592.0,15818.0,15570.0,15801.0,624986
2025-09-18,15916.0,15939.0,15703.0,15817.0,642175
2025-09-19,16000.0,16060.0,15811.0,15864.0,652443
2025-09-22,15879.0,16000.0,15779.0,15816.0,302234
2025-09-23,16120.0,16325.0,16031.0,16097.0,873114
2025-09-24,16188.0,16375.0,16063.0,16249.0,663647
2025-09-25,16249.0,16370.0,16067.0,16269.0,490262
2025-09-26,16235.0,16435.0,16202.0,16286.0,490957
2025-09-29,16300.0,16340.0,15950.0,15984.0,627326
2025-09-30,15985.0,16054.0,15921.0,16029.0,390006
2025-10-01,16026.0,16109.0,15850.0,15965.0,426075
2025-10-03,15949.0,16025.0,15736.0,15806.0,470216
2025-10-06,15840.0,16057.0,15708.0,15998.0,268497
2025-10-07,16014.0,16159.0,15977.0,16108.0,330326
2025-10-08,16108.0,16236.0,15979.0,16012.0,306518
2025-10-09,16070.0,16075.0,15853.0,15985.0,300499
2025-10-10,15980.0,16315.0,15911.0,16265.0,423031
2025-10-13,16264.0,16432.0,16218.0,16323.0,337617
2025-10-14,16350.0,16350.0,16121.0,16261.0,307925
2025-10-15,16300.0,16380.0,16200.0,16212.0,266435
2025-10-16,16246.0,16332.0,16200.0,16298.0,265727
2025-10-17,16298.0,16549.0,16298.0,16401.0,411608
2025-10-20,16500.0,16518.0,16380.0,16424.0,374246
2025-10-21,16453.0,16476.0,16330.0,16396.0,28990
2025-10-23,16660.0,16660.0,16340.0,16393.0,481753
2025-10-24,16392.0,16423.0,16200.0,16274.0,208520
2025-10-27,16350.0,16410.0,16275.0,16388.0,209829
2025-10-28,16399.0,16495.0,16261.0,16311.0,383383
2025-10-29,16360.0,16428.0,16046.0,16138.0,232815
2025-10-30,16190.0,16275.0,16077.0,16206.0,230383
2025-10-31,16204.0,16516.0,15949.0,16186.0,719402
2025-11-03,16016.0,16100.0,15530.0,15651.0,942850
2025-11-04,15607.0,15633.0,15355.0,15374.0,748848
2025-11-06,15534.0,15534.0,15309.0,15452.0,429800
2025-11-07,15459.0,15499.0,15260.0,15479.0,227247
2025-11-10,15380.0,15647.0,15380.0,15583.0,274191
2025-11-11,15640.0,15680.0,15512.0,15645.0,181524
2025-11-12,15674.0,15731.0,15555.0,15696.0,244015
2025-11-13,15661.0,15800.0,15660.0,15749.0,250711
2025-11-14,15725.0,15735.0,15572.0,15684.0,253698
2025-11-17,15689.0,15892.0,15655.0,15878.0,301069
2025-11-18,15878.0,15999.0,15750.0,15930.0,392903
2025-11-19,15950.0,15950.0,15715.0,15768.0,286434
2025-11-20,15810.0,15823.0,15618.0,15801.0,249492
2025-11-21,15790.0,16150.0,15737.0,15977.0,586351
2025-11-24,16005.0,16085.0,15911.0,15958.0,525788
2025-11-25,15958.0,16050.0,15842.0,15889.0,214525
2025-11-26,15950.0,16210.0,15950.0,16156.0,314946
2025-11-27,16166.0,16171.0,15875.0,15903.0,339986
2025-11-28,15906.0,16049.0,15850.0,15900.0,352340
2025-12-01,15975.0,16177.0,15851.0,16097.0,434052
2025-12-02,16127.0,16261.0,16095.0,16239.0,383165
2025-12-03,16219.0,16248.0,16010.0,16082.0,264397
2025-12-04,16058.0,16135.0,15887.0,15994.0,248812
2025-12-05,16000.0,16338.0,15979.0,16282.0,332032
2025-12-08,16200.0,16256.0,16094.0,16187.0,220513
2025-12-09,16051.0,16226.0,15985.0,16020.0,276388
2025-12-10,16090.0,16125.0,15925.0,16019.0,293374
2025-12-11,16049.0,16296.0,15983.0,16248.0,268701
2025-12-12,16248.0,16536.0,16247.0,16522.0,404711
2025-12-15,16500.0,16500.0,16360.0,16415.0,225221
2025-12-16,16400.0,16451.0,16320.0,16354.0,156134
2025-12-17,16389.0,16490.0,16357.0,16398.0,257406
2025-12-18,16440.0,16486.0,16221.0,16329.0,213981
2025-12-19,16329.0,16475.0,16329.0,16414.0,360190
2025-12-22,16464.0,16693.0,16414.0,16649.0,271590
2025-12-23,16709.0,16720.0,16558.0,16585.0,215650
2025-12-24,16640.0,16720.0,16542.0,16703.0,258486
2025-12-26,16703.0,16703.0,16516.0,16596.0,212925
2025-12-29,16600.0,16682.0,16499.0,16542.0,251796
2025-12-30,16575.0,16818.0,16482.0,16647.0,1055843
2025-12-31,16581.0,16776.0,16581.0,16697.0,314427
2026-01-01,16700.0,16798.0,16602.0,16708.0,171293
2026-01-02,16750.0,16999.0,16723.0,16960.0,388562
2026-01-05,17025.0,17370.0,16980.0,17155.0,305668
2026-01-06,17170.0,17306.0,17142.0,17292.0,192182
2026-01-07,17230.0,17249.0,16524.0,16809.0,427979
2026-01-08,16808.0,16808.0,16541.0,16664.0,238421
2026-01-09,16663.0,16704.0,16417.0,16501.0,286302
2026-01-12,16456.0,16615.0,16271.0,16582.0,288686
2026-01-13,16662.0,16726.0,16293.0,16426.0,312205
2026-01-14,16390.0,16412.0,16090.0,16152.0,240043
2026-01-16,16000.0,16197.0,15770.0,15859.0,703056
2026-01-19,15859.0,16242.0,15813.0,16176.0,385141
2026-01-20,16200.0,16233.0,15850.0,15879.0,289609
2026-01-21,15675.0,15973.0,15675.0,15770.0,345738
2026-01-22,15950.0,15971.0,15714.0,15765.0,352320
2026-01-23,15819.0,15846.0,15439.0,15469.0,338669
2026-01-27,15300.0,15387.0,15013.0,15245.0,565768
2026-01-28,15161.0,15294.0,14431.0,14877.0,1584483
2026-01-29,14870.0,14870.0,14353.0,14502.0,716545
2026-01-30,14502.0,14679.0,14300.0,14599.0,946509
2026-02-02,14251.0,14446.0,14058.0,14384.0,621514
2026-02-03,15200.0,15281.0,14482.0,14782.0,638870
2026-02-04,14800.0,15170.0,14723.0,15071.0,451065
2026-02-05,15090.0,15150.0,14900.0,15059.0,374759
2026-02-06,15084.0,15118.0,14871.0,14997.0,276529
2026-02-09,15125.0,15126.0,14905.0,14978.0,200034
2026-02-10,14999.0,15349.0,14983.0,15146.0,360240
2026-02-11,15180.0,15432.0,15174.0,15412.0,360742
2026-02-12,15459.0,15459.0,15265.0,15326.0,201895
2026-02-13,15309.0,15434.0,15190.0,15237.0,208645
2026-02-16,15237.0,15299.0,14960.0,15051.0,210175
2026-02-17,15031.0,15211.0,14960.0,15179.0,166765
2026-02-18,15208.0,15239.0,15074.0,15164.0,280772
2026-02-19,15163.0,15279.0,14853.0,14903.0,152788
2026-02-20,14903.0,15077.0,14848.0,14977.0,515847
2026-02-23,15050.0,15118.0,14984.0,15072.0,242968
2026-02-24,15001.0,15062.0,14904.0,14926.0,300991
2026-02-25,14860.0,15133.0,14837.0,15070.0,356495
2026-02-26,15145.0,15224.0,15046.0,15213.0,308213
2026-02-27,15110.0,15192.0,14804.0,14857.0,478164
2026-03-02,14407.0,14684.0,14204.0,14388.0,603744
2026-03-04,14150.0,14184.0,13794.0,14158.0,710366
2026-03-05,14300.0,14570.0,14081.0,14415.0,448650
2026-03-06,14339.0,14466.0,14115.0,14159.0,390629
2026-03-09,13800.0,13800.0,13365.0,13508.0,676224
2026-03-10,13721.0,13909.0,13505.0,13867.0,353715
2026-03-11,13850.0,13948.0,13441.0,13497.0,392182
2026-03-12,13430.0,13430.0,12966.0,13011.0,544683
2026-03-13,12899.0,12962.0,12483.0,12591.0,939594
2026-03-16,12532.0,12874.0,12400.0,12757.0,1416170
2026-03-17,12790.0,13100.0,12686.0,12972.0,1178941
2026-03-18,13100.0,13176.0,13015.0,13048.0,458827
2026-03-19,12768.0,12838.0,12505.0,12599.0,569346
2026-03-20,12605.0,12756.0,12556.0,12601.0,725481
2026-03-23,12501.0,12501.0,12278.0,12355.0,517985
2026-03-24,12600.0,12650.0,12332.0,12464.0,583568
2026-03-25,12549.0,12780.0,12506.0,12711.0,540649
2026-03-27,12626.0,12646.0,12342.0,12389.0,775339
2026-03-30,12300.0,12424.0,12201.0,12306.0,635675
2026-04-01,12900.0,12900.0,12333.0,12509.0,501882
2026-04-02,12389.0,12673.0,12239.0,12631.0,438227
2026-04-06,12631.0,12720.0,12420.0,12688.0,382650
2026-04-07,12640.0,12835.0,12496.0,12798.0,359542
2026-04-08,13350.0,13745.0,13210.0,13602.0,1026292
2026-04-09,13570.0,13773.0,13330.0,13589.0,549914
2026-04-10,13650.0,13797.0,13590.0,13709.0,471921
