date,open,high,low,close,volume
2017-01-02,3265.66,3265.66,3265.66,3265.66,0.0
2017-01-03,3286.98,3286.98,3286.98,3286.98,0.0
2017-01-04,3291.67,3291.67,3291.67,3291.67,0.0
2017-01-05,3349.35,3349.35,3349.35,3349.35,0.0
2017-01-06,3333.56,3333.56,3333.56,3333.56,0.0
2017-01-09,3339.78,3339.78,3339.78,3339.78,0.0
2017-01-10,3356.96,3356.96,3356.96,3356.96,0.0
2017-01-11,3420.22,3420.22,3420.22,3420.22,0.0
2017-01-12,3413.13,3413.13,3413.13,3413.13,0.0
2017-01-13,3408.01,3408.01,3408.01,3408.01,0.0
2017-01-16,3431.05,3431.05,3431.05,3431.05,0.0
2017-01-17,3442.71,3442.71,3442.71,3442.71,0.0
2017-01-18,3460.61,3460.61,3460.61,3460.61,0.0
2017-01-19,3472.08,3472.08,3472.08,3472.08,0.0
2017-01-20,3414.53,3414.53,3414.53,3414.53,0.0
2017-01-23,3424.63,3424.63,3424.63,3424.63,0.0
2017-01-24,3453.14,3453.14,3453.14,3453.14,0.0
2017-01-25,3509.84,3509.84,3509.84,3509.84,0.0
2017-01-27,3524.75,3524.75,3524.75,3524.75,0.0
2017-01-30,3509.38,3509.38,3509.38,3509.38,0.0
2017-01-31,3444.59,3444.59,3444.59,3444.59,0.0
2017-02-01,3534.31,3534.31,3534.31,3534.31,0.0
2017-02-02,3559.19,3559.19,3559.19,3559.19,0.0
2017-02-03,3599.83,3599.83,3599.83,3599.83,0.0
2017-02-06,3605.25,3605.25,3605.25,3605.25,0.0
2017-02-07,3582.07,3582.07,3582.07,3582.07,0.0
2017-02-08,3608.42,3608.42,3608.42,3608.42,0.0
2017-02-09,3612.06,3612.06,3612.06,3612.06,0.0
2017-02-10,3613.96,3613.96,3613.96,3613.96,0.0
2017-02-13,3594.76,3594.76,3594.76,3594.76,0.0
2017-02-14,3586.85,3586.85,3586.85,3586.85,0.0
2017-02-15,3519.32,3519.32,3519.32,3519.32,0.0
2017-02-16,3577.79,3577.79,3577.79,3577.79,0.0
2017-02-17,3607.87,3607.87,3607.87,3607.87,0.0
2017-02-20,3642.76,3642.76,3642.76,3642.76,0.0
2017-02-21,3668.27,3668.27,3668.27,3668.27,0.0
2017-02-22,3637.77,3637.77,3637.77,3637.77,0.0
2017-02-23,3644.97,3644.97,3644.97,3644.97,0.0
2017-02-27,3638.66,3638.66,3638.66,3638.66,0.0
2017-02-28,3666.14,3666.14,3666.14,3666.14,0.0
2017-03-01,3676.65,3676.65,3676.65,3676.65,0.0
2017-03-02,3612.69,3612.69,3612.69,3612.69,0.0
2017-03-03,3636.43,3636.43,3636.43,3636.43,0.0
2017-03-06,3669.16,3669.16,3669.16,3669.16,0.0
2017-03-07,3662.47,3662.47,3662.47,3662.47,0.0
2017-03-08,3632.71,3632.71,3632.71,3632.71,0.0
2017-03-09,3641.61,3641.61,3641.61,3641.61,0.0
2017-03-10,3623.6,3623.6,3623.6,3623.6,0.0
2017-03-14,3674.58,3674.58,3674.58,3674.58,0.0
2017-03-15,3730.14,3730.14,3730.14,3730.14,0.0
2017-03-16,3782.84,3782.84,3782.84,3782.84,0.0
2017-03-17,3795.35,3795.35,3795.35,3795.35,0.0
2017-03-20,3805.91,3805.91,3805.91,3805.91,0.0
2017-03-21,3812.73,3812.73,3812.73,3812.73,0.0
2017-03-22,3756.64,3756.64,3756.64,3756.64,0.0
2017-03-23,3810.55,3810.55,3810.55,3810.55,0.0
2017-03-24,3830.39,3830.39,3830.39,3830.39,0.0
2017-03-27,3837.16,3837.16,3837.16,3837.16,0.0
2017-03-28,3838.14,3838.14,3838.14,3838.14,0.0
2017-03-29,3860.21,3860.21,3860.21,3860.21,0.0
2017-03-30,3860.29,3860.29,3860.29,3860.29,0.0
2017-03-31,3880.6,3880.6,3880.6,3880.6,0.0
2017-04-03,3915.08,3915.08,3915.08,3915.08,0.0
2017-04-05,3919.44,3919.44,3919.44,3919.44,0.0
2017-04-06,3911.55,3911.55,3911.55,3911.55,0.0
2017-04-07,3891.26,3891.26,3891.26,3891.26,0.0
2017-04-10,3915.18,3915.18,3915.18,3915.18,0.0
2017-04-11,3954.47,3954.47,3954.47,3954.47,0.0
2017-04-12,3914.39,3914.39,3914.39,3914.39,0.0
2017-04-13,3908.08,3908.08,3908.08,3908.08,0.0
2017-04-17,3919.71,3919.71,3919.71,3919.71,0.0
2017-04-18,3890.73,3890.73,3890.73,3890.73,0.0
2017-04-19,3928.88,3928.88,3928.88,3928.88,0.0
2017-04-20,3979.7,3979.7,3979.7,3979.7,0.0
2017-04-21,3971.51,3971.51,3971.51,3971.51,0.0
2017-04-24,4010.93,4010.93,4010.93,4010.93,0.0
2017-04-25,4054.2,4054.2,4054.2,4054.2,0.0
2017-04-26,4066.4,4066.4,4066.4,4066.4,0.0
2017-04-27,4084.66,4084.66,4084.66,4084.66,0.0
2017-04-28,4133.35,4133.35,4133.35,4133.35,0.0
2017-05-02,4157.16,4157.16,4157.16,4157.16,0.0
2017-05-03,4117.18,4117.18,4117.18,4117.18,0.0
2017-05-04,4129.62,4129.62,4129.62,4129.62,0.0
2017-05-05,4115.55,4115.55,4115.55,4115.55,0.0
2017-05-08,4132.03,4132.03,4132.03,4132.03,0.0
2017-05-09,4129.66,4129.66,4129.66,4129.66,0.0
2017-05-10,4152.35,4152.35,4152.35,4152.35,0.0
2017-05-11,4164.18,4164.18,4164.18,4164.18,0.0
2017-05-12,4136.09,4136.09,4136.09,4136.09,0.0
2017-05-15,4174.5,4174.5,4174.5,4174.5,0.0
2017-05-16,4172.59,4172.59,4172.59,4172.59,0.0
2017-05-17,4160.66,4160.66,4160.66,4160.66,0.0
2017-05-18,4042.28,4042.28,4042.28,4042.28,0.0
2017-05-19,4014.5,4014.5,4014.5,4014.5,0.0
2017-05-22,3962.82,3962.82,3962.82,3962.82,0.0
2017-05-23,3885.67,3885.67,3885.67,3885.67,0.0
2017-05-24,3843.84,3843.84,3843.84,3843.84,0.0
2017-05-25,3935.82,3935.82,3935.82,3935.82,0.0
2017-05-26,4003.47,4003.47,4003.47,4003.47,0.0
2017-05-29,3933.32,3933.32,3933.32,3933.32,0.0
2017-05-30,3978.13,3978.13,3978.13,3978.13,0.0
2017-05-31,4016.93,4016.93,4016.93,4016.93,0.0
2017-06-01,4081.85,4081.85,4081.85,4081.85,0.0
2017-06-02,4104.66,4104.66,4104.66,4104.66,0.0
2017-06-05,4110.83,4110.83,4110.83,4110.83,0.0
2017-06-06,4082.52,4082.52,4082.52,4082.52,0.0
2017-06-07,4104.67,4104.67,4104.67,4104.67,0.0
2017-06-08,4116.53,4116.53,4116.53,4116.53,0.0
2017-06-09,4125.25,4125.25,4125.25,4125.25,0.0
2017-06-12,4090.12,4090.12,4090.12,4090.12,0.0
2017-06-13,4082.61,4082.61,4082.61,4082.61,0.0
2017-06-14,4089.44,4089.44,4089.44,4089.44,0.0
2017-06-15,4106.08,4106.08,4106.08,4106.08,0.0
2017-06-16,4111.52,4111.52,4111.52,4111.52,0.0
2017-06-19,4102.05,4102.05,4102.05,4102.05,0.0
2017-06-20,4108.16,4108.16,4108.16,4108.16,0.0
2017-06-21,4098.7,4098.7,4098.7,4098.7,0.0
2017-06-22,4078.43,4078.43,4078.43,4078.43,0.0
2017-06-23,4017.45,4017.45,4017.45,4017.45,0.0
2017-06-27,3964.21,3964.21,3964.21,3964.21,0.0
2017-06-28,3971.65,3971.65,3971.65,3971.65,0.0
2017-06-29,3988.07,3988.07,3988.07,3988.07,0.0
2017-06-30,4011.34,4011.34,4011.34,4011.34,0.0
2017-07-03,4059.15,4059.15,4059.15,4059.15,0.0
2017-07-04,4055.08,4055.08,4055.08,4055.08,0.0
2017-07-05,4131.76,4131.76,4131.76,4131.76,0.0
2017-07-06,4128.38,4128.38,4128.38,4128.38,0.0
2017-07-07,4141.14,4141.14,4141.14,4141.14,0.0
2017-07-10,4139.1,4139.1,4139.1,4139.1,0.0
2017-07-11,4095.95,4095.95,4095.95,4095.95,0.0
2017-07-12,4155.85,4155.85,4155.85,4155.85,0.0
2017-07-13,4171.51,4171.51,4171.51,4171.51,0.0
2017-07-14,4189.51,4189.51,4189.51,4189.51,0.0
2017-07-17,4193.18,4193.18,4193.18,4193.18,0.0
2017-07-18,4170.93,4170.93,4170.93,4170.93,0.0
2017-07-19,4200.03,4200.03,4200.03,4200.03,0.0
2017-07-20,4178.5,4178.5,4178.5,4178.5,0.0
2017-07-21,4174.67,4174.67,4174.67,4174.67,0.0
2017-07-24,4180.41,4180.41,4180.41,4180.41,0.0
2017-07-25,4220.89,4220.89,4220.89,4220.89,0.0
2017-07-26,4207.41,4207.41,4207.41,4207.41,0.0
2017-07-27,4196.87,4196.87,4196.87,4196.87,0.0
2017-07-28,4219.59,4219.59,4219.59,4219.59,0.0
2017-07-31,4204.12,4204.12,4204.12,4204.12,0.0
2017-08-01,4230.68,4230.68,4230.68,4230.68,0.0
2017-08-02,4236.13,4236.13,4236.13,4236.13,0.0
2017-08-03,4179.47,4179.47,4179.47,4179.47,0.0
2017-08-04,4176.42,4176.42,4176.42,4176.42,0.0
2017-08-07,4217.21,4217.21,4217.21,4217.21,0.0
2017-08-08,4165.96,4165.96,4165.96,4165.96,0.0
2017-08-09,4090.7,4090.7,4090.7,4090.7,0.0
2017-08-10,3981.9,3981.9,3981.9,3981.9,0.0
2017-08-11,3970.83,3970.83,3970.83,3970.83,0.0
2017-08-14,4091.36,4091.36,4091.36,4091.36,0.0
2017-08-16,4136.79,4136.79,4136.79,4136.79,0.0
2017-08-17,4118.35,4118.35,4118.35,4118.35,0.0
2017-08-18,4101.31,4101.31,4101.31,4101.31,0.0
2017-08-21,4031.27,4031.27,4031.27,4031.27,0.0
2017-08-22,4009.8,4009.8,4009.8,4009.8,0.0
2017-08-23,4056.41,4056.41,4056.41,4056.41,0.0
2017-08-24,4057.27,4057.27,4057.27,4057.27,0.0
2017-08-28,4091.38,4091.38,4091.38,4091.38,0.0
2017-08-29,4033.7,4033.7,4033.7,4033.7,0.0
2017-08-30,4081.46,4081.46,4081.46,4081.46,0.0
2017-08-31,4080.89,4080.89,4080.89,4080.89,0.0
2017-09-01,4153.31,4153.31,4153.31,4153.31,0.0
2017-09-04,4145.75,4145.75,4145.75,4145.75,0.0
2017-09-05,4181.47,4181.47,4181.47,4181.47,0.0
2017-09-06,4202.34,4202.34,4202.34,4202.34,0.0
2017-09-07,4222.53,4222.53,4222.53,4222.53,0.0
2017-09-08,4238.39,4238.39,4238.39,4238.39,0.0
2017-09-11,4270.29,4270.29,4270.29,4270.29,0.0
2017-09-12,4329.34,4329.34,4329.34,4329.34,0.0
2017-09-13,4284.33,4284.33,4284.33,4284.33,0.0
2017-09-14,4321.17,4321.17,4321.17,4321.17,0.0
2017-09-15,4316.49,4316.49,4316.49,4316.49,0.0
2017-09-18,4362.05,4362.05,4362.05,4362.05,0.0
2017-09-19,4375.17,4375.17,4375.17,4375.17,0.0
2017-09-20,4364.57,4364.57,4364.57,4364.57,0.0
2017-09-21,4327.62,4327.62,4327.62,4327.62,0.0
2017-09-22,4210.93,4210.93,4210.93,4210.93,0.0
2017-09-25,4151.22,4151.22,4151.22,4151.22,0.0
2017-09-26,4182.96,4182.96,4182.96,4182.96,0.0
2017-09-27,4104.24,4104.24,4104.24,4104.24,0.0
2017-09-28,4115.43,4115.43,4115.43,4115.43,0.0
2017-09-29,4149.6,4149.6,4149.6,4149.6,0.0
2017-10-03,4178.85,4178.85,4178.85,4178.85,0.0
2017-10-04,4185.93,4185.93,4185.93,4185.93,0.0
2017-10-05,4211.59,4211.59,4211.59,4211.59,0.0
2017-10-06,4263.18,4263.18,4263.18,4263.18,0.0
2017-10-09,4272.25,4272.25,4272.25,4272.25,0.0
2017-10-10,4324.74,4324.74,4324.74,4324.74,0.0
2017-10-11,4282.12,4282.12,4282.12,4282.12,0.0
2017-10-12,4341.81,4341.81,4341.81,4341.81,0.0
2017-10-13,4323.89,4323.89,4323.89,4323.89,0.0
2017-10-16,4366.38,4366.38,4366.38,4366.38,0.0
2017-10-17,4386.5,4386.5,4386.5,4386.5,0.0
2017-10-18,4379.78,4379.78,4379.78,4379.78,0.0
2017-10-19,4343.16,4343.16,4343.16,4343.16,0.0
2017-10-23,4379.04,4379.04,4379.04,4379.04,0.0
2017-10-24,4394.99,4394.99,4394.99,4394.99,0.0
2017-10-25,4363.42,4363.42,4363.42,4363.42,0.0
2017-10-26,4382.09,4382.09,4382.09,4382.09,0.0
2017-10-27,4384.54,4384.54,4384.54,4384.54,0.0
2017-10-30,4428.07,4428.07,4428.07,4428.07,0.0
2017-10-31,4440.64,4440.64,4440.64,4440.64,0.0
2017-11-01,4458.6,4458.6,4458.6,4458.6,0.0
2017-11-02,4465.43,4465.43,4465.43,4465.43,0.0
2017-11-03,4465.42,4465.42,4465.42,4465.42,0.0
2017-11-06,4468.17,4468.17,4468.17,4468.17,0.0
2017-11-07,4404.22,4404.22,4404.22,4404.22,0.0
2017-11-08,4375.55,4375.55,4375.55,4375.55,0.0
2017-11-09,4435.02,4435.02,4435.02,4435.02,0.0
2017-11-10,4430.33,4430.33,4430.33,4430.33,0.0
2017-11-13,4424.58,4424.58,4424.58,4424.58,0.0
2017-11-14,4425.76,4425.76,4425.76,4425.76,0.0
2017-11-15,4396.99,4396.99,4396.99,4396.99,0.0
2017-11-16,4444.21,4444.21,4444.21,4444.21,0.0
2017-11-17,4481.14,4481.14,4481.14,4481.14,0.0
2017-11-20,4519.6,4519.6,4519.6,4519.6,0.0
2017-11-21,4524.81,4524.81,4524.81,4524.81,0.0
2017-11-22,4521.72,4521.72,4521.72,4521.72,0.0
2017-11-23,4530.22,4530.22,4530.22,4530.22,0.0
2017-11-24,4553.14,4553.14,4553.14,4553.14,0.0
2017-11-27,4590.05,4590.05,4590.05,4590.05,0.0
2017-11-28,4604.21,4604.21,4604.21,4604.21,0.0
2017-11-29,4586.14,4586.14,4586.14,4586.14,0.0
2017-11-30,4542.1,4542.1,4542.1,4542.1,0.0
2017-12-01,4501.3,4501.3,4501.3,4501.3,0.0
2017-12-04,4507.77,4507.77,4507.77,4507.77,0.0
2017-12-05,4527.59,4527.59,4527.59,4527.59,0.0
2017-12-06,4502.85,4502.85,4502.85,4502.85,0.0
2017-12-07,4574.58,4574.58,4574.58,4574.58,0.0
2017-12-08,4594.37,4594.37,4594.37,4594.37,0.0
2017-12-11,4631.76,4631.76,4631.76,4631.76,0.0
2017-12-12,4589.35,4589.35,4589.35,4589.35,0.0
2017-12-13,4540.28,4540.28,4540.28,4540.28,0.0
2017-12-14,4531.32,4531.32,4531.32,4531.32,0.0
2017-12-15,4596.35,4596.35,4596.35,4596.35,0.0
2017-12-18,4634.67,4634.67,4634.67,4634.67,0.0
2017-12-19,4720.43,4720.43,4720.43,4720.43,0.0
2017-12-20,4725.24,4725.24,4725.24,4725.24,0.0
2017-12-21,4767.09,4767.09,4767.09,4767.09,0.0
2017-12-22,4773.78,4773.78,4773.78,4773.78,0.0
2017-12-26,4781.01,4781.01,4781.01,4781.01,0.0
2017-12-27,4792.04,4792.04,4792.04,4792.04,0.0
2017-12-28,4792.39,4792.39,4792.39,4792.39,0.0
2017-12-29,4809.96,4809.96,4809.96,4809.96,0.0
2018-01-01,4792.43,4792.43,4792.43,4792.43,0.0
2018-01-02,4758.3,4758.3,4758.3,4758.3,0.0
2018-01-03,4772.66,4772.66,4772.66,4772.66,0.0
2018-01-04,4786.18,4786.18,4786.18,4786.18,0.0
2018-01-05,4853.31,4853.31,4853.31,4853.31,0.0
2018-01-08,4909.49,4909.49,4909.49,4909.49,0.0
2018-01-09,4881.43,4881.43,4881.43,4881.43,0.0
2018-01-10,4827.75,4827.75,4827.75,4827.75,0.0
2018-01-11,4852.47,4852.47,4852.47,4852.47,0.0
2018-01-12,4853.39,4853.39,4853.39,4853.39,0.0
2018-01-15,4830.64,4830.64,4830.64,4830.64,0.0
2018-01-16,4712.62,4712.62,4712.62,4712.62,0.0
2018-01-17,4735.64,4735.64,4735.64,4735.64,0.0
2018-01-18,4641.01,4641.01,4641.01,4641.01,0.0
2018-01-19,4676.14,4676.14,4676.14,4676.14,0.0
2018-01-22,4714.97,4714.97,4714.97,4714.97,0.0
2018-01-23,4761.17,4761.17,4761.17,4761.17,0.0
2018-01-24,4737.64,4737.64,4737.64,4737.64,0.0
2018-01-25,4684.68,4684.68,4684.68,4684.68,0.0
2018-01-29,4673.51,4673.51,4673.51,4673.51,0.0
2018-01-30,4661.03,4661.03,4661.03,4661.03,0.0
2018-01-31,4619.2,4619.2,4619.2,4619.2,0.0
2018-02-01,4614.31,4614.31,4614.31,4614.31,0.0
2018-02-02,4414.06,4414.06,4414.06,4414.06,0.0
2018-02-05,4420.1,4420.1,4420.1,4420.1,0.0
2018-02-06,4369.51,4369.51,4369.51,4369.51,0.0
2018-02-07,4401.06,4401.06,4401.06,4401.06,0.0
2018-02-08,4515.42,4515.42,4515.42,4515.42,0.0
2018-02-09,4500.39,4500.39,4500.39,4500.39,0.0
2018-02-12,4567.13,4567.13,4567.13,4567.13,0.0
2018-02-14,4579.58,4579.58,4579.58,4579.58,0.0
2018-02-15,4543.52,4543.52,4543.52,4543.52,0.0
2018-02-16,4491.54,4491.54,4491.54,4491.54,0.0
2018-02-19,4433.97,4433.97,4433.97,4433.97,0.0
2018-02-20,4431.01,4431.01,4431.01,4431.01,0.0
2018-02-21,4449.74,4449.74,4449.74,4449.74,0.0
2018-02-22,4432.97,4432.97,4432.97,4432.97,0.0
2018-02-23,4544.55,4544.55,4544.55,4544.55,0.0
2018-02-26,4597.26,4597.26,4597.26,4597.26,0.0
2018-02-27,4574.28,4574.28,4574.28,4574.28,0.0
2018-02-28,4575.32,4575.32,4575.32,4575.32,0.0
2018-03-01,4556.83,4556.83,4556.83,4556.83,0.0
2018-03-05,4514.89,4514.89,4514.89,4514.89,0.0
2018-03-06,4490.84,4490.84,4490.84,4490.84,0.0
2018-03-07,4418.55,4418.55,4418.55,4418.55,0.0
2018-03-08,4465.7,4465.7,4465.7,4465.7,0.0
2018-03-09,4458.08,4458.08,4458.08,4458.08,0.0
2018-03-12,4490.29,4490.29,4490.29,4490.29,0.0
2018-03-13,4513.68,4513.68,4513.68,4513.68,0.0
2018-03-14,4509.85,4509.85,4509.85,4509.85,0.0
2018-03-15,4514.51,4514.51,4514.51,4514.51,0.0
2018-03-16,4460.05,4460.05,4460.05,4460.05,0.0
2018-03-19,4371.91,4371.91,4371.91,4371.91,0.0
2018-03-20,4388.14,4388.14,4388.14,4388.14,0.0
2018-03-21,4403.43,4403.43,4403.43,4403.43,0.0
2018-03-22,4368.53,4368.53,4368.53,4368.53,0.0
2018-03-23,4322.18,4322.18,4322.18,4322.18,0.0
2018-03-26,4385.14,4385.14,4385.14,4385.14,0.0
2018-03-27,4456.83,4456.83,4456.83,4456.83,0.0
2018-03-28,4441.72,4441.72,4441.72,4441.72,0.0
2018-04-02,4530.43,4530.43,4530.43,4530.43,0.0
2018-04-03,4569.13,4569.13,4569.13,4569.13,0.0
2018-04-04,4523.38,4523.38,4523.38,4523.38,0.0
2018-04-05,4618.2,4618.2,4618.2,4618.2,0.0
2018-04-06,4641.87,4641.87,4641.87,4641.87,0.0
2018-04-09,4676.02,4676.02,4676.02,4676.02,0.0
2018-04-10,4672.99,4672.99,4672.99,4672.99,0.0
2018-04-11,4678.81,4678.81,4678.81,4678.81,0.0
2018-04-12,4677.64,4677.64,4677.64,4677.64,0.0
2018-04-13,4703.18,4703.18,4703.18,4703.18,0.0
2018-04-16,4741.88,4741.88,4741.88,4741.88,0.0
2018-04-17,4745.93,4745.93,4745.93,4745.93,0.0
2018-04-18,4741.89,4741.89,4741.89,4741.89,0.0
2018-04-19,4765.52,4765.52,4765.52,4765.52,0.0
2018-04-20,4751.31,4751.31,4751.31,4751.31,0.0
2018-04-23,4761.16,4761.16,4761.16,4761.16,0.0
2018-04-24,4758.37,4758.37,4758.37,4758.37,0.0
2018-04-25,4740.14,4740.14,4740.14,4740.14,0.0
2018-04-26,4757.99,4757.99,4757.99,4757.99,0.0
2018-04-27,4818.88,4818.88,4818.88,4818.88,0.0
2018-04-30,4858.57,4858.57,4858.57,4858.57,0.0
2018-05-02,4794.77,4794.77,4794.77,4794.77,0.0
2018-05-03,4732.57,4732.57,4732.57,4732.57,0.0
2018-05-04,4719.18,4719.18,4719.18,4719.18,0.0
2018-05-07,4759.39,4759.39,4759.39,4759.39,0.0
2018-05-08,4752.38,4752.38,4752.38,4752.38,0.0
2018-05-09,4707.06,4707.06,4707.06,4707.06,0.0
2018-05-10,4631.14,4631.14,4631.14,4631.14,0.0
2018-05-11,4667.78,4667.78,4667.78,4667.78,0.0
2018-05-14,4614.63,4614.63,4614.63,4614.63,0.0
2018-05-15,4565.46,4565.46,4565.46,4565.46,0.0
2018-05-16,4539.33,4539.33,4539.33,4539.33,0.0
2018-05-17,4538.59,4538.59,4538.59,4538.59,0.0
2018-05-18,4484.88,4484.88,4484.88,4484.88,0.0
2018-05-21,4401.13,4401.13,4401.13,4401.13,0.0
2018-05-22,4425.7,4425.7,4425.7,4425.7,0.0
2018-05-23,4399.71,4399.71,4399.71,4399.71,0.0
2018-05-24,4360.45,4360.45,4360.45,4360.45,0.0
2018-05-25,4494.5,4494.5,4494.5,4494.5,0.0
2018-05-28,4541.6,4541.6,4541.6,4541.6,0.0
2018-05-29,4519.84,4519.84,4519.84,4519.84,0.0
2018-05-30,4520.28,4520.28,4520.28,4520.28,0.0
2018-05-31,4501.31,4501.31,4501.31,4501.31,0.0
2018-06-01,4439.01,4439.01,4439.01,4439.01,0.0
2018-06-04,4396.91,4396.91,4396.91,4396.91,0.0
2018-06-05,4363.92,4363.92,4363.92,4363.92,0.0
2018-06-06,4423.57,4423.57,4423.57,4423.57,0.0
2018-06-07,4480.77,4480.77,4480.77,4480.77,0.0
2018-06-08,4493.01,4493.01,4493.01,4493.01,0.0
2018-06-11,4480.63,4480.63,4480.63,4480.63,0.0
2018-06-12,4521.78,4521.78,4521.78,4521.78,0.0
2018-06-13,4512.33,4512.33,4512.33,4512.33,0.0
2018-06-14,4522.67,4522.67,4522.67,4522.67,0.0
2018-06-15,4511.1,4511.1,4511.1,4511.1,0.0
2018-06-18,4506.25,4506.25,4506.25,4506.25,0.0
2018-06-19,4438.96,4438.96,4438.96,4438.96,0.0
2018-06-20,4468.84,4468.84,4468.84,4468.84,0.0
2018-06-21,4437.72,4437.72,4437.72,4437.72,0.0
2018-06-22,4460.08,4460.08,4460.08,4460.08,0.0
2018-06-25,4458.78,4458.78,4458.78,4458.78,0.0
2018-06-26,4465.09,4465.09,4465.09,4465.09,0.0
2018-06-27,4387.2,4387.2,4387.2,4387.2,0.0
2018-06-28,4304.71,4304.71,4304.71,4304.71,0.0
2018-06-29,4374.45,4374.45,4374.45,4374.45,0.0
2018-07-02,4358.72,4358.72,4358.72,4358.72,0.0
2018-07-03,4426.92,4426.92,4426.92,4426.92,0.0
2018-07-04,4440.67,4440.67,4440.67,4440.67,0.0
2018-07-05,4390.78,4390.78,4390.78,4390.78,0.0
2018-07-06,4412.33,4412.33,4412.33,4412.33,0.0
2018-07-09,4514.58,4514.58,4514.58,4514.58,0.0
2018-07-10,4516.6,4516.6,4516.6,4516.6,0.0
2018-07-11,4486.06,4486.06,4486.06,4486.06,0.0
2018-07-12,4456.84,4456.84,4456.84,4456.84,0.0
2018-07-13,4408.39,4408.39,4408.39,4408.39,0.0
2018-07-16,4297.67,4297.67,4297.67,4297.67,0.0
2018-07-17,4437.99,4437.99,4437.99,4437.99,0.0
2018-07-18,4373.93,4373.93,4373.93,4373.93,0.0
2018-07-19,4344.96,4344.96,4344.96,4344.96,0.0
2018-07-20,4381.83,4381.83,4381.83,4381.83,0.0
2018-07-23,4413.97,4413.97,4413.97,4413.97,0.0
2018-07-24,4448.91,4448.91,4448.91,4448.91,0.0
2018-07-25,4437.14,4437.14,4437.14,4437.14,0.0
2018-07-26,4467.97,4467.97,4467.97,4467.97,0.0
2018-07-27,4539.47,4539.47,4539.47,4539.47,0.0
2018-07-30,4539.35,4539.35,4539.35,4539.35,0.0
2018-07-31,4568.42,4568.42,4568.42,4568.42,0.0
2018-08-01,4550.17,4550.17,4550.17,4550.17,0.0
2018-08-02,4556.51,4556.51,4556.51,4556.51,0.0
2018-08-03,4572.68,4572.68,4572.68,4572.68,0.0
2018-08-06,4571.14,4571.14,4571.14,4571.14,0.0
2018-08-07,4538.96,4538.96,4538.96,4538.96,0.0
2018-08-08,4541.1,4541.1,4541.1,4541.1,0.0
2018-08-09,4570.55,4570.55,4570.55,4570.55,0.0
2018-08-10,4562.97,4562.97,4562.97,4562.97,0.0
2018-08-13,4564.33,4564.33,4564.33,4564.33,0.0
2018-08-14,4613.1,4613.1,4613.1,4613.1,0.0
2018-08-16,4618.17,4618.17,4618.17,4618.17,0.0
2018-08-17,4658.39,4658.39,4658.39,4658.39,0.0
2018-08-20,4723.52,4723.52,4723.52,4723.52,0.0
2018-08-21,4717.91,4717.91,4717.91,4717.91,0.0
2018-08-23,4720.52,4720.52,4720.52,4720.52,0.0
2018-08-24,4715.84,4715.84,4715.84,4715.84,0.0
2018-08-27,4780.81,4780.81,4780.81,4780.81,0.0
2018-08-28,4769.85,4769.85,4769.85,4769.85,0.0
2018-08-29,4797.87,4797.87,4797.87,4797.87,0.0
2018-08-30,4785.83,4785.83,4785.83,4785.83,0.0
2018-08-31,4785.24,4785.24,4785.24,4785.24,0.0
2018-09-03,4757.72,4757.72,4757.72,4757.72,0.0
2018-09-04,4619.07,4619.07,4619.07,4619.07,0.0
2018-09-05,4607.49,4607.49,4607.49,4607.49,0.0
2018-09-06,4623.72,4623.72,4623.72,4623.72,0.0
2018-09-07,4705.02,4705.02,4705.02,4705.02,0.0
2018-09-10,4608.6,4608.6,4608.6,4608.6,0.0
2018-09-11,4556.16,4556.16,4556.16,4556.16,0.0
2018-09-12,4587.42,4587.42,4587.42,4587.42,0.0
2018-09-14,4693.57,4693.57,4693.57,4693.57,0.0
2018-09-17,4658.18,4658.18,4658.18,4658.18,0.0
2018-09-18,4602.72,4602.72,4602.72,4602.72,0.0
2018-09-19,4559.29,4559.29,4559.29,4559.29,0.0
2018-09-21,4484.43,4484.43,4484.43,4484.43,0.0
2018-09-24,4375.35,4375.35,4375.35,4375.35,0.0
2018-09-25,4425.74,4425.74,4425.74,4425.74,0.0
2018-09-26,4451.74,4451.74,4451.74,4451.74,0.0
2018-09-27,4359.89,4359.89,4359.89,4359.89,0.0
2018-09-28,4283.33,4283.33,4283.33,4283.33,0.0
2018-10-01,4333.18,4333.18,4333.18,4333.18,0.0
2018-10-03,4262.85,4262.85,4262.85,4262.85,0.0
2018-10-04,4149.26,4149.26,4149.26,4149.26,0.0
2018-10-05,4026.62,4026.62,4026.62,4026.62,0.0
2018-10-08,4009.19,4009.19,4009.19,4009.19,0.0
2018-10-09,4016.33,4016.33,4016.33,4016.33,0.0
2018-10-10,4205.82,4205.82,4205.82,4205.82,0.0
2018-10-11,4065.74,4065.74,4065.74,4065.74,0.0
2018-10-12,4197.43,4197.43,4197.43,4197.43,0.0
2018-10-15,4216.12,4216.12,4216.12,4216.12,0.0
2018-10-16,4284.74,4284.74,4284.74,4284.74,0.0
2018-10-17,4201.99,4201.99,4201.99,4201.99,0.0
2018-10-19,4170.72,4170.72,4170.72,4170.72,0.0
2018-10-22,4112.26,4112.26,4112.26,4112.26,0.0
2018-10-23,4088.55,4088.55,4088.55,4088.55,0.0
2018-10-24,4169.0,4169.0,4169.0,4169.0,0.0
2018-10-25,4170.46,4170.46,4170.46,4170.46,0.0
2018-10-26,4137.7,4137.7,4137.7,4137.7,0.0
2018-10-29,4287.72,4287.72,4287.72,4287.72,0.0
2018-10-30,4303.58,4303.58,4303.58,4303.58,0.0
2018-10-31,4356.57,4356.57,4356.57,4356.57,0.0
2018-11-01,4385.38,4385.38,4385.38,4385.38,0.0
2018-11-02,4442.6,4442.6,4442.6,4442.6,0.0
2018-11-05,4404.3,4404.3,4404.3,4404.3,0.0
2018-11-06,4371.34,4371.34,4371.34,4371.34,0.0
2018-11-07,4398.93,4398.93,4398.93,4398.93,0.0
2018-11-09,4454.54,4454.54,4454.54,4454.54,0.0
2018-11-12,4412.87,4412.87,4412.87,4412.87,0.0
2018-11-13,4436.45,4436.45,4436.45,4436.45,0.0
2018-11-14,4428.64,4428.64,4428.64,4428.64,0.0
2018-11-15,4451.82,4451.82,4451.82,4451.82,0.0
2018-11-16,4436.71,4436.71,4436.71,4436.71,0.0
2018-11-19,4471.68,4471.68,4471.68,4471.68,0.0
2018-11-20,4430.33,4430.33,4430.33,4430.33,0.0
2018-11-21,4476.89,4476.89,4476.89,4476.89,0.0
2018-11-22,4428.41,4428.41,4428.41,4428.41,0.0
2018-11-26,4444.97,4444.97,4444.97,4444.97,0.0
2018-11-27,4467.06,4467.06,4467.06,4467.06,0.0
2018-11-28,4405.06,4405.06,4405.06,4405.06,0.0
2018-11-29,4439.43,4439.43,4439.43,4439.43,0.0
2018-11-30,4446.93,4446.93,4446.93,4446.93,0.0
2018-12-03,4469.29,4469.29,4469.29,4469.29,0.0
2018-12-04,4449.22,4449.22,4449.22,4449.22,0.0
2018-12-05,4372.22,4372.22,4372.22,4372.22,0.0
2018-12-06,4296.39,4296.39,4296.39,4296.39,0.0
2018-12-07,4306.79,4306.79,4306.79,4306.79,0.0
2018-12-10,4237.97,4237.97,4237.97,4237.97,0.0
2018-12-11,4303.21,4303.21,4303.21,4303.21,0.0
2018-12-12,4411.37,4411.37,4411.37,4411.37,0.0
2018-12-13,4425.39,4425.39,4425.39,4425.39,0.0
2018-12-14,4439.64,4439.64,4439.64,4439.64,0.0
2018-12-17,4468.05,4468.05,4468.05,4468.05,0.0
2018-12-18,4490.97,4490.97,4490.97,4490.97,0.0
2018-12-19,4553.1,4553.1,4553.1,4553.1,0.0
2018-12-20,4569.02,4569.02,4569.02,4569.02,0.0
2018-12-21,4474.56,4474.56,4474.56,4474.56,0.0
2018-12-24,4464.18,4464.18,4464.18,4464.18,0.0
2018-12-26,4465.25,4465.25,4465.25,4465.25,0.0
2018-12-27,4485.25,4485.25,4485.25,4485.25,0.0
2018-12-28,4527.14,4527.14,4527.14,4527.14,0.0
2018-12-31,4541.7,4541.7,4541.7,4541.7,0.0
2019-01-01,4531.39,4531.39,4531.39,4531.39,0.0
2019-01-02,4465.89,4465.89,4465.89,4465.89,0.0
2019-01-03,4415.56,4415.56,4415.56,4415.56,0.0
2019-01-04,4457.66,4457.66,4457.66,4457.66,0.0
2019-01-07,4454.8,4454.8,4454.8,4454.8,0.0
2019-01-08,4454.22,4454.22,4454.22,4454.22,0.0
2019-01-09,4464.05,4464.05,4464.05,4464.05,0.0
2019-01-10,4488.42,4488.42,4488.42,4488.42,0.0
2019-01-11,4477.64,4477.64,4477.64,4477.64,0.0
2019-01-14,4456.78,4456.78,4456.78,4456.78,0.0
2019-01-15,4495.35,4495.35,4495.35,4495.35,0.0
2019-01-16,4498.05,4498.05,4498.05,4498.05,0.0
2019-01-17,4484.93,4484.93,4484.93,4484.93,0.0
2019-01-18,4471.02,4471.02,4471.02,4471.02,0.0
2019-01-21,4457.57,4457.57,4457.57,4457.57,0.0
2019-01-22,4449.5,4449.5,4449.5,4449.5,0.0
2019-01-23,4428.6,4428.6,4428.6,4428.6,0.0
2019-01-24,4417.42,4417.42,4417.42,4417.42,0.0
2019-01-25,4354.06,4354.06,4354.06,4354.06,0.0
2019-01-28,4257.51,4257.51,4257.51,4257.51,0.0
2019-01-29,4298.34,4298.34,4298.34,4298.34,0.0
2019-01-30,4318.82,4318.82,4318.82,4318.82,0.0
2019-01-31,4344.27,4344.27,4344.27,4344.27,0.0
2019-02-01,4390.89,4390.89,4390.89,4390.89,0.0
2019-02-04,4358.01,4358.01,4358.01,4358.01,0.0
2019-02-05,4328.04,4328.04,4328.04,4328.04,0.0
2019-02-06,4290.03,4290.03,4290.03,4290.03,0.0
2019-02-07,4326.06,4326.06,4326.06,4326.06,0.0
2019-02-08,4252.18,4252.18,4252.18,4252.18,0.0
2019-02-11,4166.55,4166.55,4166.55,4166.55,0.0
2019-02-12,4180.38,4180.38,4180.38,4180.38,0.0
2019-02-13,4152.82,4152.82,4152.82,4152.82,0.0
2019-02-14,4177.92,4177.92,4177.92,4177.92,0.0
2019-02-15,4124.91,4124.91,4124.91,4124.91,0.0
2019-02-18,4082.17,4082.17,4082.17,4082.17,0.0
2019-02-19,4087.1,4087.1,4087.1,4087.1,0.0
2019-02-20,4120.18,4120.18,4120.18,4120.18,0.0
2019-02-21,4151.1,4151.1,4151.1,4151.1,0.0
2019-02-22,4178.92,4178.92,4178.92,4178.92,0.0
2019-02-25,4211.26,4211.26,4211.26,4211.26,0.0
2019-02-26,4207.88,4207.88,4207.88,4207.88,0.0
2019-02-27,4220.97,4220.97,4220.97,4220.97,0.0
2019-02-28,4247.58,4247.58,4247.58,4247.58,0.0
2019-03-01,4326.72,4326.72,4326.72,4326.72,0.0
2019-03-05,4430.91,4430.91,4430.91,4430.91,0.0
2019-03-06,4460.24,4460.24,4460.24,4460.24,0.0
2019-03-07,4424.97,4424.97,4424.97,4424.97,0.0
2019-03-08,4418.87,4418.87,4418.87,4418.87,0.0
2019-03-11,4527.72,4527.72,4527.72,4527.72,0.0
2019-03-12,4532.79,4532.79,4532.79,4532.79,0.0
2019-03-13,4513.63,4513.63,4513.63,4513.63,0.0
2019-03-14,4519.6,4519.6,4519.6,4519.6,0.0
2019-03-15,4564.55,4564.55,4564.55,4564.55,0.0
2019-03-18,4539.26,4539.26,4539.26,4539.26,0.0
2019-03-19,4564.8,4564.8,4564.8,4564.8,0.0
2019-03-20,4540.09,4540.09,4540.09,4540.09,0.0
2019-03-22,4499.1,4499.1,4499.1,4499.1,0.0
2019-03-25,4489.06,4489.06,4489.06,4489.06,0.0
2019-03-26,4544.6,4544.6,4544.6,4544.6,0.0
2019-03-27,4576.8,4576.8,4576.8,4576.8,0.0
2019-03-28,4608.93,4608.93,4608.93,4608.93,0.0
2019-03-29,4648.89,4648.89,4648.89,4648.89,0.0
2019-04-01,4666.2,4666.2,4666.2,4666.2,0.0
2019-04-02,4658.45,4658.45,4658.45,4658.45,0.0
2019-04-03,4607.81,4607.81,4607.81,4607.81,0.0
2019-04-04,4596.18,4596.18,4596.18,4596.18,0.0
2019-04-05,4653.89,4653.89,4653.89,4653.89,0.0
2019-04-08,4614.17,4614.17,4614.17,4614.17,0.0
2019-04-09,4643.21,4643.21,4643.21,4643.21,0.0
2019-04-10,4617.06,4617.06,4617.06,4617.06,0.0
2019-04-11,4627.66,4627.66,4627.66,4627.66,0.0
2019-04-12,4656.25,4656.25,4656.25,4656.25,0.0
2019-04-15,4674.92,4674.92,4674.92,4674.92,0.0
2019-04-16,4679.79,4679.79,4679.79,4679.79,0.0
2019-04-18,4647.38,4647.38,4647.38,4647.38,0.0
2019-04-22,4560.84,4560.84,4560.84,4560.84,0.0
2019-04-23,4561.37,4561.37,4561.37,4561.37,0.0
2019-04-24,4566.66,4566.66,4566.66,4566.66,0.0
2019-04-25,4540.51,4540.51,4540.51,4540.51,0.0
2019-04-26,4532.35,4532.35,4532.35,4532.35,0.0
2019-04-30,4487.39,4487.39,4487.39,4487.39,0.0
2019-05-02,4432.49,4432.49,4432.49,4432.49,0.0
2019-05-03,4453.93,4453.93,4453.93,4453.93,0.0
2019-05-06,4440.14,4440.14,4440.14,4440.14,0.0
2019-05-07,4391.53,4391.53,4391.53,4391.53,0.0
2019-05-08,4363.16,4363.16,4363.16,4363.16,0.0
2019-05-09,4354.21,4354.21,4354.21,4354.21,0.0
2019-05-10,4359.53,4359.53,4359.53,4359.53,0.0
2019-05-13,4271.93,4271.93,4271.93,4271.93,0.0
2019-05-14,4278.88,4278.88,4278.88,4278.88,0.0
2019-05-15,4247.89,4247.89,4247.89,4247.89,0.0
2019-05-16,4266.6,4266.6,4266.6,4266.6,0.0
2019-05-17,4342.62,4342.62,4342.62,4342.62,0.0
2019-05-20,4519.91,4519.91,4519.91,4519.91,0.0
2019-05-21,4450.68,4450.68,4450.68,4450.68,0.0
2019-05-22,4435.85,4435.85,4435.85,4435.85,0.0
2019-05-23,4432.38,4432.38,4432.38,4432.38,0.0
2019-05-24,4533.53,4533.53,4533.53,4533.53,0.0
2019-05-27,4618.17,4618.17,4618.17,4618.17,0.0
2019-05-28,4618.85,4618.85,4618.85,4618.85,0.0
2019-05-29,4573.37,4573.37,4573.37,4573.37,0.0
2019-05-30,4602.71,4602.71,4602.71,4602.71,0.0
2019-05-31,4620.43,4620.43,4620.43,4620.43,0.0
2019-06-03,4659.7,4659.7,4659.7,4659.7,0.0
2019-06-04,4665.51,4665.51,4665.51,4665.51,0.0
2019-06-06,4593.74,4593.74,4593.74,4593.74,0.0
2019-06-07,4600.76,4600.76,4600.76,4600.76,0.0
2019-06-10,4606.14,4606.14,4606.14,4606.14,0.0
2019-06-11,4641.01,4641.01,4641.01,4641.01,0.0
2019-06-12,4592.85,4592.85,4592.85,4592.85,0.0
2019-06-13,4569.88,4569.88,4569.88,4569.88,0.0
2019-06-14,4525.77,4525.77,4525.77,4525.77,0.0
2019-06-17,4474.82,4474.82,4474.82,4474.82,0.0
2019-06-18,4479.72,4479.72,4479.72,4479.72,0.0
2019-06-19,4440.79,4440.79,4440.79,4440.79,0.0
2019-06-20,4506.08,4506.08,4506.08,4506.08,0.0
2019-06-21,4467.63,4467.63,4467.63,4467.63,0.0
2019-06-24,4464.6,4464.6,4464.6,4464.6,0.0
2019-06-25,4502.13,4502.13,4502.13,4502.13,0.0
2019-06-26,4545.54,4545.54,4545.54,4545.54,0.0
2019-06-27,4576.79,4576.79,4576.79,4576.79,0.0
2019-06-28,4551.42,4551.42,4551.42,4551.42,0.0
2019-07-01,4576.13,4576.13,4576.13,4576.13,0.0
2019-07-02,4594.63,4594.63,4594.63,4594.63,0.0
2019-07-03,4605.79,4605.79,4605.79,4605.79,0.0
2019-07-04,4595.53,4595.53,4595.53,4595.53,0.0
2019-07-05,4514.24,4514.24,4514.24,4514.24,0.0
2019-07-08,4406.7,4406.7,4406.7,4406.7,0.0
2019-07-09,4416.54,4416.54,4416.54,4416.54,0.0
2019-07-10,4369.51,4369.51,4369.51,4369.51,0.0
2019-07-11,4398.6,4398.6,4398.6,4398.6,0.0
2019-07-12,4435.68,4435.68,4435.68,4435.68,0.0
2019-07-15,4400.66,4400.66,4400.66,4400.66,0.0
2019-07-16,4425.0,4425.0,4425.0,4425.0,0.0
2019-07-17,4422.08,4422.08,4422.08,4422.08,0.0
2019-07-18,4318.42,4318.42,4318.42,4318.42,0.0
2019-07-19,4189.77,4189.77,4189.77,4189.77,0.0
2019-07-22,4159.6,4159.6,4159.6,4159.6,0.0
2019-07-23,4123.39,4123.39,4123.39,4123.39,0.0
2019-07-24,4052.99,4052.99,4052.99,4052.99,0.0
2019-07-25,4077.78,4077.78,4077.78,4077.78,0.0
2019-07-26,4107.97,4107.97,4107.97,4107.97,0.0
2019-07-29,4062.44,4062.44,4062.44,4062.44,0.0
2019-07-30,3952.39,3952.39,3952.39,3952.39,0.0
2019-07-31,4032.77,4032.77,4032.77,4032.77,0.0
2019-08-01,3992.07,3992.07,3992.07,3992.07,0.0
2019-08-02,3990.16,3990.16,3990.16,3990.16,0.0
2019-08-05,3938.93,3938.93,3938.93,3938.93,0.0
2019-08-06,4002.24,4002.24,4002.24,4002.24,0.0
2019-08-07,3955.04,3955.04,3955.04,3955.04,0.0
2019-08-08,3974.72,3974.72,3974.72,3974.72,0.0
2019-08-09,4022.78,4022.78,4022.78,4022.78,0.0
2019-08-13,3908.08,3908.08,3908.08,3908.08,0.0
2019-08-14,3974.02,3974.02,3974.02,3974.02,0.0
2019-08-16,4017.17,4017.17,4017.17,4017.17,0.0
2019-08-19,4020.52,4020.52,4020.52,4020.52,0.0
2019-08-20,3996.62,3996.62,3996.62,3996.62,0.0
2019-08-21,3925.76,3925.76,3925.76,3925.76,0.0
2019-08-22,3846.54,3846.54,3846.54,3846.54,0.0
2019-08-23,3912.91,3912.91,3912.91,3912.91,0.0
2019-08-26,3977.64,3977.64,3977.64,3977.64,0.0
2019-08-27,3979.27,3979.27,3979.27,3979.27,0.0
2019-08-28,3918.16,3918.16,3918.16,3918.16,0.0
2019-08-29,3905.67,3905.67,3905.67,3905.67,0.0
2019-08-30,3961.13,3961.13,3961.13,3961.13,0.0
2019-09-03,3889.25,3889.25,3889.25,3889.25,0.0
2019-09-04,3910.36,3910.36,3910.36,3910.36,0.0
2019-09-05,3910.57,3910.57,3910.57,3910.57,0.0
2019-09-06,3959.66,3959.66,3959.66,3959.66,0.0
2019-09-09,4012.24,4012.24,4012.24,4012.24,0.0
2019-09-11,4049.64,4049.64,4049.64,4049.64,0.0
2019-09-12,4032.94,4032.94,4032.94,4032.94,0.0
2019-09-13,4046.65,4046.65,4046.65,4046.65,0.0
2019-09-16,4009.56,4009.56,4009.56,4009.56,0.0
2019-09-17,3928.6,3928.6,3928.6,3928.6,0.0
2019-09-18,3942.36,3942.36,3942.36,3942.36,0.0
2019-09-19,3877.3,3877.3,3877.3,3877.3,0.0
2019-09-20,4151.49,4151.49,4151.49,4151.49,0.0
2019-09-23,4268.18,4268.18,4268.18,4268.18,0.0
2019-09-24,4237.29,4237.29,4237.29,4237.29,0.0
2019-09-25,4151.68,4151.68,4151.68,4151.68,0.0
2019-09-26,4202.13,4202.13,4202.13,4202.13,0.0
2019-09-27,4159.54,4159.54,4159.54,4159.54,0.0
2019-09-30,4094.15,4094.15,4094.15,4094.15,0.0
2019-10-01,4004.37,4004.37,4004.37,4004.37,0.0
2019-10-03,4005.6,4005.6,4005.6,4005.6,0.0
2019-10-04,3945.78,3945.78,3945.78,3945.78,0.0
2019-10-07,3940.38,3940.38,3940.38,3940.38,0.0
2019-10-09,4011.01,4011.01,4011.01,4011.01,0.0
2019-10-10,3957.24,3957.24,3957.24,3957.24,0.0
2019-10-11,3952.64,3952.64,3952.64,3952.64,0.0
2019-10-14,3961.22,3961.22,3961.22,3961.22,0.0
2019-10-15,3975.83,3975.83,3975.83,3975.83,0.0
2019-10-16,3952.07,3952.07,3952.07,3952.07,0.0
2019-10-17,4040.48,4040.48,4040.48,4040.48,0.0
2019-10-18,4093.99,4093.99,4093.99,4093.99,0.0
2019-10-22,4098.6,4098.6,4098.6,4098.6,0.0
2019-10-23,4096.09,4096.09,4096.09,4096.09,0.0
2019-10-24,4076.74,4076.74,4076.74,4076.74,0.0
2019-10-25,4078.78,4078.78,4078.78,4078.78,0.0
2019-10-29,4160.31,4160.31,4160.31,4160.31,0.0
2019-10-30,4198.43,4198.43,4198.43,4198.43,0.0
2019-10-31,4266.0,4266.0,4266.0,4266.0,0.0
2019-11-01,4274.3,4274.3,4274.3,4274.3,0.0
2019-11-04,4257.91,4257.91,4257.91,4257.91,0.0
2019-11-05,4209.02,4209.02,4209.02,4209.02,0.0
2019-11-06,4203.77,4203.77,4203.77,4203.77,0.0
2019-11-07,4237.25,4237.25,4237.25,4237.25,0.0
2019-11-08,4221.87,4221.87,4221.87,4221.87,0.0
2019-11-11,4248.25,4248.25,4248.25,4248.25,0.0
2019-11-13,4197.34,4197.34,4197.34,4197.34,0.0
2019-11-14,4218.91,4218.91,4218.91,4218.91,0.0
2019-11-15,4231.6,4231.6,4231.6,4231.6,0.0
2019-11-18,4270.64,4270.64,4270.64,4270.64,0.0
2019-11-19,4281.46,4281.46,4281.46,4281.46,0.0
2019-11-20,4309.1,4309.1,4309.1,4309.1,0.0
2019-11-21,4268.35,4268.35,4268.35,4268.35,0.0
2019-11-22,4271.35,4271.35,4271.35,4271.35,0.0
2019-11-25,4328.3,4328.3,4328.3,4328.3,0.0
2019-11-26,4297.75,4297.75,4297.75,4297.75,0.0
2019-11-27,4345.72,4345.72,4345.72,4345.72,0.0
2019-11-28,4406.64,4406.64,4406.64,4406.64,0.0
2019-11-29,4384.3,4384.3,4384.3,4384.3,0.0
2019-12-02,4351.97,4351.97,4351.97,4351.97,0.0
2019-12-03,4296.09,4296.09,4296.09,4296.09,0.0
2019-12-04,4321.6,4321.6,4321.6,4321.6,0.0
2019-12-05,4307.93,4307.93,4307.93,4307.93,0.0
2019-12-06,4214.81,4214.81,4214.81,4214.81,0.0
2019-12-09,4219.1,4219.1,4219.1,4219.1,0.0
2019-12-10,4159.72,4159.72,4159.72,4159.72,0.0
2019-12-11,4198.71,4198.71,4198.71,4198.71,0.0
2019-12-12,4244.84,4244.84,4244.84,4244.84,0.0
2019-12-13,4286.13,4286.13,4286.13,4286.13,0.0
2019-12-16,4256.14,4256.14,4256.14,4256.14,0.0
2019-12-17,4290.26,4290.26,4290.26,4290.26,0.0
2019-12-18,4274.63,4274.63,4274.63,4274.63,0.0
2019-12-19,4280.22,4280.22,4280.22,4280.22,0.0
2019-12-20,4275.83,4275.83,4275.83,4275.83,0.0
2019-12-23,4261.32,4261.32,4261.32,4261.32,0.0
2019-12-24,4249.64,4249.64,4249.64,4249.64,0.0
2019-12-26,4246.03,4246.03,4246.03,4246.03,0.0
2019-12-27,4306.64,4306.64,4306.64,4306.64,0.0
2019-12-30,4331.04,4331.04,4331.04,4331.04,0.0
2019-12-31,4332.39,4332.39,4332.39,4332.39,0.0
2020-01-01,4345.92,4345.92,4345.92,4345.92,0.0
2020-01-02,4430.67,4430.67,4430.67,4430.67,0.0
2020-01-03,4382.27,4382.27,4382.27,4382.27,0.0
2020-01-06,4276.76,4276.76,4276.76,4276.76,0.0
2020-01-07,4313.79,4313.79,4313.79,4313.79,0.0
2020-01-08,4316.97,4316.97,4316.97,4316.97,0.0
2020-01-09,4399.53,4399.53,4399.53,4399.53,0.0
2020-01-10,4424.04,4424.04,4424.04,4424.04,0.0
2020-01-13,4468.87,4468.87,4468.87,4468.87,0.0
2020-01-14,4509.17,4509.17,4509.17,4509.17,0.0
2020-01-15,4559.58,4559.58,4559.58,4559.58,0.0
2020-01-16,4595.14,4595.14,4595.14,4595.14,0.0
2020-01-17,4606.5,4606.5,4606.5,4606.5,0.0
2020-01-20,4570.6,4570.6,4570.6,4570.6,0.0
2020-01-21,4577.14,4577.14,4577.14,4577.14,0.0
2020-01-22,4573.68,4573.68,4573.68,4573.68,0.0
2020-01-23,4645.03,4645.03,4645.03,4645.03,0.0
2020-01-24,4669.52,4669.52,4669.52,4669.52,0.0
2020-01-27,4654.89,4654.89,4654.89,4654.89,0.0
2020-01-28,4630.49,4630.49,4630.49,4630.49,0.0
2020-01-29,4645.33,4645.33,4645.33,4645.33,0.0
2020-01-30,4593.02,4593.02,4593.02,4593.02,0.0
2020-01-31,4558.07,4558.07,4558.07,4558.07,0.0
2020-02-03,4495.35,4495.35,4495.35,4495.35,0.0
2020-02-04,4547.97,4547.97,4547.97,4547.97,0.0
2020-02-05,4606.14,4606.14,4606.14,4606.14,0.0
2020-02-06,4628.62,4628.62,4628.62,4628.62,0.0
2020-02-07,4645.5,4645.5,4645.5,4645.5,0.0
2020-02-10,4589.78,4589.78,4589.78,4589.78,0.0
2020-02-11,4584.47,4584.47,4584.47,4584.47,0.0
2020-02-12,4585.38,4585.38,4585.38,4585.38,0.0
2020-02-13,4568.34,4568.34,4568.34,4568.34,0.0
2020-02-14,4531.7,4531.7,4531.7,4531.7,0.0
2020-02-17,4463.51,4463.51,4463.51,4463.51,0.0
2020-02-18,4446.07,4446.07,4446.07,4446.07,0.0
2020-02-19,4521.8,4521.8,4521.8,4521.8,0.0
2020-02-20,4553.96,4553.96,4553.96,4553.96,0.0
2020-02-24,4466.59,4466.59,4466.59,4466.59,0.0
2020-02-25,4463.91,4463.91,4463.91,4463.91,0.0
2020-02-26,4417.16,4417.16,4417.16,4417.16,0.0
2020-02-27,4393.35,4393.35,4393.35,4393.35,0.0
2020-02-28,4239.16,4239.16,4239.16,4239.16,0.0
2020-03-02,4174.47,4174.47,4174.47,4174.47,0.0
2020-03-03,4252.96,4252.96,4252.96,4252.96,0.0
2020-03-04,4201.88,4201.88,4201.88,4201.88,0.0
2020-03-05,4212.27,4212.27,4212.27,4212.27,0.0
2020-03-06,4091.49,4091.49,4091.49,4091.49,0.0
2020-03-09,3874.18,3874.18,3874.18,3874.18,0.0
2020-03-11,3848.55,3848.55,3848.55,3848.55,0.0
2020-03-12,3548.49,3548.49,3548.49,3548.49,0.0
2020-03-13,3679.7,3679.7,3679.7,3679.7,0.0
2020-03-16,3437.06,3437.06,3437.06,3437.06,0.0
2020-03-17,3344.86,3344.86,3344.86,3344.86,0.0
2020-03-18,3161.68,3161.68,3161.68,3161.68,0.0
2020-03-19,3029.62,3029.62,3029.62,3029.62,0.0
2020-03-20,3179.39,3179.39,3179.39,3179.39,0.0
2020-03-23,2696.73,2696.73,2696.73,2696.73,0.0
2020-03-24,2749.22,2749.22,2749.22,2749.22,0.0
2020-03-25,2867.18,2867.18,2867.18,2867.18,0.0
2020-03-26,2966.51,2966.51,2966.51,2966.51,0.0
2020-03-27,2948.12,2948.12,2948.12,2948.12,0.0
2020-03-30,2854.18,2854.18,2854.18,2854.18,0.0
2020-03-31,2912.2,2912.2,2912.2,2912.2,0.0
2020-04-01,2836.83,2836.83,2836.83,2836.83,0.0
2020-04-03,2758.27,2758.27,2758.27,2758.27,0.0
2020-04-07,2903.69,2903.69,2903.69,2903.69,0.0
2020-04-08,2975.93,2975.93,2975.93,2975.93,0.0
2020-04-09,3100.93,3100.93,3100.93,3100.93,0.0
2020-04-13,3022.43,3022.43,3022.43,3022.43,0.0
2020-04-15,3073.0,3073.0,3073.0,3073.0,0.0
2020-04-16,3165.96,3165.96,3165.96,3165.96,0.0
2020-04-17,3251.0,3251.0,3251.0,3251.0,0.0
2020-04-20,3252.37,3252.37,3252.37,3252.37,0.0
2020-04-21,3121.5,3121.5,3121.5,3121.5,0.0
2020-04-22,3156.09,3156.09,3156.09,3156.09,0.0
2020-04-23,3191.21,3191.21,3191.21,3191.21,0.0
2020-04-24,3097.59,3097.59,3097.59,3097.59,0.0
2020-04-27,3162.99,3162.99,3162.99,3162.99,0.0
2020-04-28,3222.22,3222.22,3222.22,3222.22,0.0
2020-04-29,3267.67,3267.67,3267.67,3267.67,0.0
2020-04-30,3325.37,3325.37,3325.37,3325.37,0.0
2020-05-04,3162.22,3162.22,3162.22,3162.22,0.0
2020-05-05,3125.05,3125.05,3125.05,3125.05,0.0
2020-05-06,3175.13,3175.13,3175.13,3175.13,0.0
2020-05-07,3152.57,3152.57,3152.57,3152.57,0.0
2020-05-08,3160.19,3160.19,3160.19,3160.19,0.0
2020-05-11,3199.95,3199.95,3199.95,3199.95,0.0
2020-05-12,3181.08,3181.08,3181.08,3181.08,0.0
2020-05-13,3259.01,3259.01,3259.01,3259.01,0.0
2020-05-14,3222.31,3222.31,3222.31,3222.31,0.0
2020-05-15,3219.55,3219.55,3219.55,3219.55,0.0
2020-05-18,3042.74,3042.74,3042.74,3042.74,0.0
2020-05-19,3056.98,3056.98,3056.98,3056.98,0.0
2020-05-20,3110.66,3110.66,3110.66,3110.66,0.0
2020-05-21,3133.12,3133.12,3133.12,3133.12,0.0
2020-05-22,3105.67,3105.67,3105.67,3105.67,0.0
2020-05-26,3180.5,3180.5,3180.5,3180.5,0.0
2020-05-27,3196.63,3196.63,3196.63,3196.63,0.0
2020-05-28,3247.07,3247.07,3247.07,3247.07,0.0
2020-05-29,3280.16,3280.16,3280.16,3280.16,0.0
2020-06-01,3385.79,3385.79,3385.79,3385.79,0.0
2020-06-02,3435.73,3435.73,3435.73,3435.73,0.0
2020-06-03,3423.43,3423.43,3423.43,3423.43,0.0
2020-06-04,3424.37,3424.37,3424.37,3424.37,0.0
2020-06-05,3478.63,3478.63,3478.63,3478.63,0.0
2020-06-08,3473.33,3473.33,3473.33,3473.33,0.0
2020-06-09,3452.36,3452.36,3452.36,3452.36,0.0
2020-06-10,3506.34,3506.34,3506.34,3506.34,0.0
2020-06-11,3469.45,3469.45,3469.45,3469.45,0.0
2020-06-12,3535.34,3535.34,3535.34,3535.34,0.0
2020-06-15,3476.52,3476.52,3476.52,3476.52,0.0
2020-06-16,3492.3,3492.3,3492.3,3492.3,0.0
2020-06-17,3507.29,3507.29,3507.29,3507.29,0.0
2020-06-18,3510.82,3510.82,3510.82,3510.82,0.0
2020-06-19,3572.4,3572.4,3572.4,3572.4,0.0
2020-06-22,3639.72,3639.72,3639.72,3639.72,0.0
2020-06-23,3672.73,3672.73,3672.73,3672.73,0.0
2020-06-24,3612.55,3612.55,3612.55,3612.55,0.0
2020-06-25,3653.18,3653.18,3653.18,3653.18,0.0
2020-06-26,3646.81,3646.81,3646.81,3646.81,0.0
2020-06-29,3560.2,3560.2,3560.2,3560.2,0.0
2020-06-30,3561.17,3561.17,3561.17,3561.17,0.0
2020-07-01,3592.1,3592.1,3592.1,3592.1,0.0
2020-07-02,3655.12,3655.12,3655.12,3655.12,0.0
2020-07-03,3695.69,3695.69,3695.69,3695.69,0.0
2020-07-06,3772.82,3772.82,3772.82,3772.82,0.0
2020-07-07,3811.73,3811.73,3811.73,3811.73,0.0
2020-07-08,3780.05,3780.05,3780.05,3780.05,0.0
2020-07-09,3794.03,3794.03,3794.03,3794.03,0.0
2020-07-10,3745.63,3745.63,3745.63,3745.63,0.0
2020-07-13,3741.5,3741.5,3741.5,3741.5,0.0
2020-07-14,3676.95,3676.95,3676.95,3676.95,0.0
2020-07-15,3647.31,3647.31,3647.31,3647.31,0.0
2020-07-16,3684.62,3684.62,3684.62,3684.62,0.0
2020-07-17,3760.55,3760.55,3760.55,3760.55,0.0
2020-07-20,3797.59,3797.59,3797.59,3797.59,0.0
2020-07-21,3806.6,3806.6,3806.6,3806.6,0.0
2020-07-22,3809.02,3809.02,3809.02,3809.02,0.0
2020-07-23,3836.66,3836.66,3836.66,3836.66,0.0
2020-07-24,3809.59,3809.59,3809.59,3809.59,0.0
2020-07-27,3739.89,3739.89,3739.89,3739.89,0.0
2020-07-28,3792.4,3792.4,3792.4,3792.4,0.0
2020-07-29,3814.75,3814.75,3814.75,3814.75,0.0
2020-07-30,3779.94,3779.94,3779.94,3779.94,0.0
2020-07-31,3759.05,3759.05,3759.05,3759.05,0.0
2020-08-03,3730.23,3730.23,3730.23,3730.23,0.0
2020-08-04,3796.0,3796.0,3796.0,3796.0,0.0
2020-08-05,3819.66,3819.66,3819.66,3819.66,0.0
2020-08-06,3874.88,3874.88,3874.88,3874.88,0.0
2020-08-07,3955.39,3955.39,3955.39,3955.39,0.0
2020-08-10,3994.37,3994.37,3994.37,3994.37,0.0
2020-08-11,3998.85,3998.85,3998.85,3998.85,0.0
2020-08-12,4030.71,4030.71,4030.71,4030.71,0.0
2020-08-13,4146.62,4146.62,4146.62,4146.62,0.0
2020-08-14,4079.6,4079.6,4079.6,4079.6,0.0
2020-08-17,4099.32,4099.32,4099.32,4099.32,0.0
2020-08-18,4168.96,4168.96,4168.96,4168.96,0.0
2020-08-19,4183.14,4183.14,4183.14,4183.14,0.0
2020-08-20,4212.95,4212.95,4212.95,4212.95,0.0
2020-08-21,4215.0,4215.0,4215.0,4215.0,0.0
2020-08-24,4240.76,4240.76,4240.76,4240.76,0.0
2020-08-25,4276.03,4276.03,4276.03,4276.03,0.0
2020-08-26,4310.0,4310.0,4310.0,4310.0,0.0
2020-08-27,4321.41,4321.41,4321.41,4321.41,0.0
2020-08-28,4354.18,4354.18,4354.18,4354.18,0.0
2020-08-31,4184.42,4184.42,4184.42,4184.42,0.0
2020-09-01,4239.99,4239.99,4239.99,4239.99,0.0
2020-09-02,4283.55,4283.55,4283.55,4283.55,0.0
2020-09-03,4322.72,4322.72,4322.72,4322.72,0.0
2020-09-04,4245.25,4245.25,4245.25,4245.25,0.0
2020-09-07,4195.22,4195.22,4195.22,4195.22,0.0
2020-09-08,4133.17,4133.17,4133.17,4133.17,0.0
2020-09-09,4105.31,4105.31,4105.31,4105.31,0.0
2020-09-10,4138.67,4138.67,4138.67,4138.67,0.0
2020-09-11,4170.17,4170.17,4170.17,4170.17,0.0
2020-09-14,4251.93,4251.93,4251.93,4251.93,0.0
2020-09-15,4281.3,4281.3,4281.3,4281.3,0.0
2020-09-16,4310.16,4310.16,4310.16,4310.16,0.0
2020-09-17,4322.34,4322.34,4322.34,4322.34,0.0
2020-09-18,4291.97,4291.97,4291.97,4291.97,0.0
2020-09-21,4113.32,4113.32,4113.32,4113.32,0.0
2020-09-22,4048.89,4048.89,4048.89,4048.89,0.0
2020-09-23,4045.17,4045.17,4045.17,4045.17,0.0
2020-09-24,3938.6,3938.6,3938.6,3938.6,0.0
2020-09-25,4091.45,4091.45,4091.45,4091.45,0.0
2020-09-28,4247.62,4247.62,4247.62,4247.62,0.0
2020-09-29,4226.04,4226.04,4226.04,4226.04,0.0
2020-09-30,4226.14,4226.14,4226.14,4226.14,0.0
2020-10-01,4279.03,4279.03,4279.03,4279.03,0.0
2020-10-05,4252.72,4252.72,4252.72,4252.72,0.0
2020-10-06,4290.93,4290.93,4290.93,4290.93,0.0
2020-10-07,4276.07,4276.07,4276.07,4276.07,0.0
2020-10-08,4289.85,4289.85,4289.85,4289.85,0.0
2020-10-09,4288.16,4288.16,4288.16,4288.16,0.0
2020-10-12,4236.16,4236.16,4236.16,4236.16,0.0
2020-10-13,4184.85,4184.85,4184.85,4184.85,0.0
2020-10-14,4205.81,4205.81,4205.81,4205.81,0.0
2020-10-15,4122.43,4122.43,4122.43,4122.43,0.0
2020-10-16,4181.41,4181.41,4181.41,4181.41,0.0
2020-10-19,4210.56,4210.56,4210.56,4210.56,0.0
2020-10-20,4241.08,4241.08,4241.08,4241.08,0.0
2020-10-21,4252.89,4252.89,4252.89,4252.89,0.0
2020-10-22,4274.14,4274.14,4274.14,4274.14,0.0
2020-10-23,4311.04,4311.04,4311.04,4311.04,0.0
2020-10-26,4207.21,4207.21,4207.21,4207.21,0.0
2020-10-27,4276.35,4276.35,4276.35,4276.35,0.0
2020-10-28,4213.29,4213.29,4213.29,4213.29,0.0
2020-10-29,4202.22,4202.22,4202.22,4202.22,0.0
2020-10-30,4238.24,4238.24,4238.24,4238.24,0.0
2020-11-02,4305.13,4305.13,4305.13,4305.13,0.0
2020-11-03,4332.68,4332.68,4332.68,4332.68,0.0
2020-11-04,4352.13,4352.13,4352.13,4352.13,0.0
2020-11-05,4457.14,4457.14,4457.14,4457.14,0.0
2020-11-06,4499.43,4499.43,4499.43,4499.43,0.0
2020-11-09,4554.95,4554.95,4554.95,4554.95,0.0
2020-11-10,4603.76,4603.76,4603.76,4603.76,0.0
2020-11-11,4637.51,4637.51,4637.51,4637.51,0.0
2020-11-12,4649.56,4649.56,4649.56,4649.56,0.0
2020-11-13,4698.09,4698.09,4698.09,4698.09,0.0
2020-11-17,4759.51,4759.51,4759.51,4759.51,0.0
2020-11-18,4857.25,4857.25,4857.25,4857.25,0.0
2020-11-19,4814.68,4814.68,4814.68,4814.68,0.0
2020-11-20,4849.41,4849.41,4849.41,4849.41,0.0
2020-11-23,4898.85,4898.85,4898.85,4898.85,0.0
2020-11-24,4950.56,4950.56,4950.56,4950.56,0.0
2020-11-25,4881.22,4881.22,4881.22,4881.22,0.0
2020-11-26,4940.68,4940.68,4940.68,4940.68,0.0
2020-11-27,5066.22,5066.22,5066.22,5066.22,0.0
2020-12-01,5091.42,5091.42,5091.42,5091.42,0.0
2020-12-02,5102.29,5102.29,5102.29,5102.29,0.0
2020-12-03,5150.81,5150.81,5150.81,5150.81,0.0
2020-12-04,5187.33,5187.33,5187.33,5187.33,0.0
2020-12-07,5244.3,5244.3,5244.3,5244.3,0.0
2020-12-08,5237.87,5237.87,5237.87,5237.87,0.0
2020-12-09,5257.56,5257.56,5257.56,5257.56,0.0
2020-12-10,5203.32,5203.32,5203.32,5203.32,0.0
2020-12-11,5215.47,5215.47,5215.47,5215.47,0.0
2020-12-14,5251.59,5251.59,5251.59,5251.59,0.0
2020-12-15,5303.19,5303.19,5303.19,5303.19,0.0
2020-12-16,5382.89,5382.89,5382.89,5382.89,0.0
2020-12-17,5381.1,5381.1,5381.1,5381.1,0.0
2020-12-18,5360.09,5360.09,5360.09,5360.09,0.0
2020-12-21,5079.58,5079.58,5079.58,5079.58,0.0
2020-12-22,5114.43,5114.43,5114.43,5114.43,0.0
2020-12-23,5255.03,5255.03,5255.03,5255.03,0.0
2020-12-24,5243.99,5243.99,5243.99,5243.99,0.0
2020-12-28,5310.31,5310.31,5310.31,5310.31,0.0
2020-12-29,5298.59,5298.59,5298.59,5298.59,0.0
2020-12-30,5309.12,5309.12,5309.12,5309.12,0.0
2020-12-31,5356.83,5356.83,5356.83,5356.83,0.0
2021-01-01,5443.16,5443.16,5443.16,5443.16,0.0
2021-01-04,5526.92,5526.92,5526.92,5526.92,0.0
2021-01-05,5586.63,5586.63,5586.63,5586.63,0.0
2021-01-06,5654.67,5654.67,5654.67,5654.67,0.0
2021-01-07,5771.55,5771.55,5771.55,5771.55,0.0
2021-01-08,5864.41,5864.41,5864.41,5864.41,0.0
2021-01-11,5843.58,5843.58,5843.58,5843.58,0.0
2021-01-12,5895.93,5895.93,5895.93,5895.93,0.0
2021-01-13,5836.93,5836.93,5836.93,5836.93,0.0
2021-01-14,5856.72,5856.72,5856.72,5856.72,0.0
2021-01-15,5781.14,5781.14,5781.14,5781.14,0.0
2021-01-18,5654.93,5654.93,5654.93,5654.93,0.0
2021-01-19,5817.63,5817.63,5817.63,5817.63,0.0
2021-01-20,5895.55,5895.55,5895.55,5895.55,0.0
2021-01-21,5804.67,5804.67,5804.67,5804.67,0.0
2021-01-22,5720.25,5720.25,5720.25,5720.25,0.0
2021-01-25,5700.48,5700.48,5700.48,5700.48,0.0
2021-01-27,5580.72,5580.72,5580.72,5580.72,0.0
2021-01-28,5556.69,5556.69,5556.69,5556.69,0.0
2021-01-29,5520.23,5520.23,5520.23,5520.23,0.0
2021-02-01,5781.02,5781.02,5781.02,5781.02,0.0
2021-02-02,5984.07,5984.07,5984.07,5984.07,0.0
2021-02-03,6090.2,6090.2,6090.2,6090.2,0.0
2021-02-04,6177.58,6177.58,6177.58,6177.58,0.0
2021-02-05,6033.36,6033.36,6033.36,6033.36,0.0
2021-02-08,6146.84,6146.84,6146.84,6146.84,0.0
2021-02-09,6136.66,6136.66,6136.66,6136.66,0.0
2021-02-10,6208.01,6208.01,6208.01,6208.01,0.0
2021-02-11,6199.14,6199.14,6199.14,6199.14,0.0
2021-02-12,6179.53,6179.53,6179.53,6179.53,0.0
2021-02-15,6329.69,6329.69,6329.69,6329.69,0.0
2021-02-16,6335.18,6335.18,6335.18,6335.18,0.0
2021-02-17,6341.7,6341.7,6341.7,6341.7,0.0
2021-02-18,6319.94,6319.94,6319.94,6319.94,0.0
2021-02-19,6158.14,6158.14,6158.14,6158.14,0.0
2021-02-22,6049.18,6049.18,6049.18,6049.18,0.0
2021-02-23,6148.43,6148.43,6148.43,6148.43,0.0
2021-02-24,6179.32,6179.32,6179.32,6179.32,0.0
2021-02-25,6295.96,6295.96,6295.96,6295.96,0.0
2021-02-26,6117.25,6117.25,6117.25,6117.25,0.0
2021-03-01,6239.66,6239.66,6239.66,6239.66,0.0
2021-03-02,6352.7,6352.7,6352.7,6352.7,0.0
2021-03-03,6443.48,6443.48,6443.48,6443.48,0.0
2021-03-04,6450.49,6450.49,6450.49,6450.49,0.0
2021-03-05,6271.22,6271.22,6271.22,6271.22,0.0
2021-03-08,6260.42,6260.42,6260.42,6260.42,0.0
2021-03-09,6240.09,6240.09,6240.09,6240.09,0.0
2021-03-10,6295.7,6295.7,6295.7,6295.7,0.0
2021-03-12,6266.98,6266.98,6266.98,6266.98,0.0
2021-03-15,6215.2,6215.2,6215.2,6215.2,0.0
2021-03-16,6231.51,6231.51,6231.51,6231.51,0.0
2021-03-17,6065.79,6065.79,6065.79,6065.79,0.0
2021-03-18,5965.23,5965.23,5965.23,5965.23,0.0
2021-03-19,6059.47,6059.47,6059.47,6059.47,0.0
2021-03-22,6074.76,6074.76,6074.76,6074.76,0.0
2021-03-23,6117.53,6117.53,6117.53,6117.53,0.0
2021-03-24,5975.08,5975.08,5975.08,5975.08,0.0
2021-03-25,5852.87,5852.87,5852.87,5852.87,0.0
2021-03-26,5985.81,5985.81,5985.81,5985.81,0.0
2021-03-30,6027.57,6027.57,6027.57,6027.57,0.0
2021-03-31,6024.14,6024.14,6024.14,6024.14,0.0
2021-04-01,6142.74,6142.74,6142.74,6142.74,0.0
2021-04-05,5998.28,5998.28,5998.28,5998.28,0.0
2021-04-06,6048.57,6048.57,6048.57,6048.57,0.0
2021-04-07,6144.94,6144.94,6144.94,6144.94,0.0
2021-04-08,6169.36,6169.36,6169.36,6169.36,0.0
2021-04-09,6125.1,6125.1,6125.1,6125.1,0.0
2021-04-12,5711.57,5711.57,5711.57,5711.57,0.0
2021-04-13,5867.78,5867.78,5867.78,5867.78,0.0
2021-04-15,5826.32,5826.32,5826.32,5826.32,0.0
2021-04-16,5883.34,5883.34,5883.34,5883.34,0.0
2021-04-19,5738.15,5738.15,5738.15,5738.15,0.0
2021-04-20,5784.1,5784.1,5784.1,5784.1,0.0
2021-04-22,5814.63,5814.63,5814.63,5814.63,0.0
2021-04-23,5824.2,5824.2,5824.2,5824.2,0.0
2021-04-26,5850.49,5850.49,5850.49,5850.49,0.0
2021-04-27,5936.95,5936.95,5936.95,5936.95,0.0
2021-04-28,6040.23,6040.23,6040.23,6040.23,0.0
2021-04-29,6034.71,6034.71,6034.71,6034.71,0.0
2021-04-30,5941.92,5941.92,5941.92,5941.92,0.0
2021-05-03,5885.53,5885.53,5885.53,5885.53,0.0
2021-05-04,5872.54,5872.54,5872.54,5872.54,0.0
2021-05-05,5938.03,5938.03,5938.03,5938.03,0.0
2021-05-06,6002.31,6002.31,6002.31,6002.31,0.0
2021-05-07,5919.34,5919.34,5919.34,5919.34,0.0
2021-05-10,5992.54,5992.54,5992.54,5992.54,0.0
2021-05-11,6054.18,6054.18,6054.18,6054.18,0.0
2021-05-12,5995.36,5995.36,5995.36,5995.36,0.0
2021-05-14,5943.59,5943.59,5943.59,5943.59,0.0
2021-05-17,6061.71,6061.71,6061.71,6061.71,0.0
2021-05-18,6205.75,6205.75,6205.75,6205.75,0.0
2021-05-19,6192.72,6192.72,6192.72,6192.72,0.0
2021-05-20,6196.08,6196.08,6196.08,6196.08,0.0
2021-05-21,6242.57,6242.57,6242.57,6242.57,0.0
2021-05-24,6267.16,6267.16,6267.16,6267.16,0.0
2021-05-25,6251.63,6251.63,6251.63,6251.63,0.0
2021-05-26,6254.63,6254.63,6254.63,6254.63,0.0
2021-05-27,6298.56,6298.56,6298.56,6298.56,0.0
2021-05-28,6306.53,6306.53,6306.53,6306.53,0.0
2021-05-31,6305.6,6305.6,6305.6,6305.6,0.0
2021-06-01,6282.43,6282.43,6282.43,6282.43,0.0
2021-06-02,6395.43,6395.43,6395.43,6395.43,0.0
2021-06-03,6462.79,6462.79,6462.79,6462.79,0.0
2021-06-04,6523.89,6523.89,6523.89,6523.89,0.0
2021-06-07,6593.58,6593.58,6593.58,6593.58,0.0
2021-06-08,6630.45,6630.45,6630.45,6630.45,0.0
2021-06-09,6559.29,6559.29,6559.29,6559.29,0.0
2021-06-10,6662.45,6662.45,6662.45,6662.45,0.0
2021-06-11,6655.44,6655.44,6655.44,6655.44,0.0
2021-06-14,6623.99,6623.99,6623.99,6623.99,0.0
2021-06-15,6663.83,6663.83,6663.83,6663.83,0.0
2021-06-16,6596.4,6596.4,6596.4,6596.4,0.0
2021-06-17,6514.56,6514.56,6514.56,6514.56,0.0
2021-06-18,6448.22,6448.22,6448.22,6448.22,0.0
2021-06-21,6483.6,6483.6,6483.6,6483.6,0.0
2021-06-22,6447.88,6447.88,6447.88,6447.88,0.0
2021-06-23,6469.75,6469.75,6469.75,6469.75,0.0
2021-06-24,6447.14,6447.14,6447.14,6447.14,0.0
2021-06-25,6560.53,6560.53,6560.53,6560.53,0.0
2021-06-28,6589.38,6589.38,6589.38,6589.38,0.0
2021-06-29,6561.52,6561.52,6561.52,6561.52,0.0
2021-06-30,6544.91,6544.91,6544.91,6544.91,0.0
2021-07-01,6533.05,6533.05,6533.05,6533.05,0.0
2021-07-02,6563.21,6563.21,6563.21,6563.21,0.0
2021-07-05,6621.69,6621.69,6621.69,6621.69,0.0
2021-07-06,6650.78,6650.78,6650.78,6650.78,0.0
2021-07-07,6708.72,6708.72,6708.72,6708.72,0.0
2021-07-08,6676.17,6676.17,6676.17,6676.17,0.0
2021-07-09,6740.01,6740.01,6740.01,6740.01,0.0
2021-07-12,6778.15,6778.15,6778.15,6778.15,0.0
2021-07-13,6793.05,6793.05,6793.05,6793.05,0.0
2021-07-14,6790.44,6790.44,6790.44,6790.44,0.0
2021-07-15,6810.67,6810.67,6810.67,6810.67,0.0
2021-07-16,6822.96,6822.96,6822.96,6822.96,0.0
2021-07-19,6783.49,6783.49,6783.49,6783.49,0.0
2021-07-20,6664.26,6664.26,6664.26,6664.26,0.0
2021-07-22,6725.66,6725.66,6725.66,6725.66,0.0
2021-07-23,6712.78,6712.78,6712.78,6712.78,0.0
2021-07-26,6695.45,6695.45,6695.45,6695.45,0.0
2021-07-27,6642.43,6642.43,6642.43,6642.43,0.0
2021-07-28,6620.66,6620.66,6620.66,6620.66,0.0
2021-07-29,6649.88,6649.88,6649.88,6649.88,0.0
2021-07-30,6752.77,6752.77,6752.77,6752.77,0.0
2021-08-02,6905.81,6905.81,6905.81,6905.81,0.0
2021-08-03,6894.72,6894.72,6894.72,6894.72,0.0
2021-08-04,6795.63,6795.63,6795.63,6795.63,0.0
2021-08-05,6804.75,6804.75,6804.75,6804.75,0.0
2021-08-06,6778.59,6778.59,6778.59,6778.59,0.0
2021-08-09,6705.01,6705.01,6705.01,6705.01,0.0
2021-08-10,6610.56,6610.56,6610.56,6610.56,0.0
2021-08-11,6617.85,6617.85,6617.85,6617.85,0.0
2021-08-12,6678.87,6678.87,6678.87,6678.87,0.0
2021-08-13,6627.04,6627.04,6627.04,6627.04,0.0
2021-08-16,6576.32,6576.32,6576.32,6576.32,0.0
2021-08-17,6594.88,6594.88,6594.88,6594.88,0.0
2021-08-18,6575.41,6575.41,6575.41,6575.41,0.0
2021-08-20,6409.26,6409.26,6409.26,6409.26,0.0
2021-08-23,6355.81,6355.81,6355.81,6355.81,0.0
2021-08-24,6473.33,6473.33,6473.33,6473.33,0.0
2021-08-25,6459.24,6459.24,6459.24,6459.24,0.0
2021-08-26,6468.5,6468.5,6468.5,6468.5,0.0
2021-08-27,6518.14,6518.14,6518.14,6518.14,0.0
2021-08-30,6667.87,6667.87,6667.87,6667.87,0.0
2021-08-31,6685.06,6685.06,6685.06,6685.06,0.0
2021-09-01,6760.64,6760.64,6760.64,6760.64,0.0
2021-09-02,6848.63,6848.63,6848.63,6848.63,0.0
2021-09-03,6889.9,6889.9,6889.9,6889.9,0.0
2021-09-06,6901.86,6901.86,6901.86,6901.86,0.0
2021-09-07,6917.98,6917.98,6917.98,6917.98,0.0
2021-09-08,6966.41,6966.41,6966.41,6966.41,0.0
2021-09-09,6975.95,6975.95,6975.95,6975.95,0.0
2021-09-13,6990.35,6990.35,6990.35,6990.35,0.0
2021-09-14,7139.48,7139.48,7139.48,7139.48,0.0
2021-09-15,7234.91,7234.91,7234.91,7234.91,0.0
2021-09-16,7275.35,7275.35,7275.35,7275.35,0.0
2021-09-17,7213.23,7213.23,7213.23,7213.23,0.0
2021-09-20,7041.88,7041.88,7041.88,7041.88,0.0
2021-09-21,7078.98,7078.98,7078.98,7078.98,0.0
2021-09-22,7289.02,7289.02,7289.02,7289.02,0.0
2021-09-23,7395.04,7395.04,7395.04,7395.04,0.0
2021-09-24,7326.17,7326.17,7326.17,7326.17,0.0
2021-09-27,7367.05,7367.05,7367.05,7367.05,0.0
2021-09-28,7299.51,7299.51,7299.51,7299.51,0.0
2021-09-29,7374.67,7374.67,7374.67,7374.67,0.0
2021-09-30,7401.59,7401.59,7401.59,7401.59,0.0
2021-10-01,7375.01,7375.01,7375.01,7375.01,0.0
2021-10-04,7498.5,7498.5,7498.5,7498.5,0.0
2021-10-05,7536.68,7536.68,7536.68,7536.68,0.0
2021-10-06,7434.7,7434.7,7434.7,7434.7,0.0
2021-10-07,7621.98,7621.98,7621.98,7621.98,0.0
2021-10-08,7608.71,7608.71,7608.71,7608.71,0.0
2021-10-11,7717.59,7717.59,7717.59,7717.59,0.0
2021-10-12,7802.07,7802.07,7802.07,7802.07,0.0
2021-10-13,7930.09,7930.09,7930.09,7930.09,0.0
2021-10-14,7932.26,7932.26,7932.26,7932.26,0.0
2021-10-18,8066.31,8066.31,8066.31,8066.31,0.0
2021-10-19,7852.43,7852.43,7852.43,7852.43,0.0
2021-10-20,7755.16,7755.16,7755.16,7755.16,0.0
2021-10-21,7772.96,7772.96,7772.96,7772.96,0.0
2021-10-22,7754.22,7754.22,7754.22,7754.22,0.0
2021-10-25,7595.51,7595.51,7595.51,7595.51,0.0
2021-10-26,7798.55,7798.55,7798.55,7798.55,0.0
2021-10-27,7793.38,7793.38,7793.38,7793.38,0.0
2021-10-28,7636.53,7636.53,7636.53,7636.53,0.0
2021-10-29,7638.7,7638.7,7638.7,7638.7,0.0
2021-11-01,7775.41,7775.41,7775.41,7775.41,0.0
2021-11-02,7875.53,7875.53,7875.53,7875.53,0.0
2021-11-03,7866.86,7866.86,7866.86,7866.86,0.0
2021-11-04,7919.73,7919.73,7919.73,7919.73,0.0
2021-11-08,8036.7,8036.7,8036.7,8036.7,0.0
2021-11-09,8124.44,8124.44,8124.44,8124.44,0.0
2021-11-10,8079.25,8079.25,8079.25,8079.25,0.0
2021-11-11,7998.65,7998.65,7998.65,7998.65,0.0
2021-11-12,8011.89,8011.89,8011.89,8011.89,0.0
2021-11-15,8046.57,8046.57,8046.57,8046.57,0.0
2021-11-16,8021.12,8021.12,8021.12,8021.12,0.0
2021-11-17,7949.46,7949.46,7949.46,7949.46,0.0
2021-11-18,7798.52,7798.52,7798.52,7798.52,0.0
2021-11-22,7556.1,7556.1,7556.1,7556.1,0.0
2021-11-23,7719.63,7719.63,7719.63,7719.63,0.0
2021-11-24,7712.13,7712.13,7712.13,7712.13,0.0
2021-11-25,7737.27,7737.27,7737.27,7737.27,0.0
2021-11-26,7419.75,7419.75,7419.75,7419.75,0.0
2021-11-29,7299.79,7299.79,7299.79,7299.79,0.0
2021-11-30,7299.68,7299.68,7299.68,7299.68,0.0
2021-12-01,7396.93,7396.93,7396.93,7396.93,0.0
2021-12-02,7470.51,7470.51,7470.51,7470.51,0.0
2021-12-03,7476.1,7476.1,7476.1,7476.1,0.0
2021-12-06,7390.55,7390.55,7390.55,7390.55,0.0
2021-12-07,7490.53,7490.53,7490.53,7490.53,0.0
2021-12-08,7611.97,7611.97,7611.97,7611.97,0.0
2021-12-09,7636.35,7636.35,7636.35,7636.35,0.0
2021-12-10,7690.25,7690.25,7690.25,7690.25,0.0
2021-12-13,7647.14,7647.14,7647.14,7647.14,0.0
2021-12-14,7622.94,7622.94,7622.94,7622.94,0.0
2021-12-15,7554.58,7554.58,7554.58,7554.58,0.0
2021-12-16,7516.99,7516.99,7516.99,7516.99,0.0
2021-12-17,7284.57,7284.57,7284.57,7284.57,0.0
2021-12-20,7016.15,7016.15,7016.15,7016.15,0.0
2021-12-21,7118.91,7118.91,7118.91,7118.91,0.0
2021-12-22,7229.11,7229.11,7229.11,7229.11,0.0
2021-12-23,7303.28,7303.28,7303.28,7303.28,0.0
2021-12-24,7206.01,7206.01,7206.01,7206.01,0.0
2021-12-27,7209.9,7209.9,7209.9,7209.9,0.0
2021-12-28,7274.62,7274.62,7274.62,7274.62,0.0
2021-12-29,7277.05,7277.05,7277.05,7277.05,0.0
2021-12-30,7262.48,7262.48,7262.48,7262.48,0.0
2021-12-31,7357.96,7357.96,7357.96,7357.96,0.0
2022-01-03,7465.92,7465.92,7465.92,7465.92,0.0
2022-01-04,7511.53,7511.53,7511.53,7511.53,0.0
2022-01-05,7551.88,7551.88,7551.88,7551.88,0.0
2022-01-06,7592.37,7592.37,7592.37,7592.37,0.0
2022-01-07,7657.65,7657.65,7657.65,7657.65,0.0
2022-01-10,7688.85,7744.35,7684.7,7737.15,0.0
2022-01-11,7736.5,7794.8,7731.05,7776.0,0.0
2022-01-12,7808.6,7892.9,7785.35,7885.85,0.0
2022-01-13,7899.85,7946.65,7840.05,7936.9,0.0
2022-01-14,7913.8,7970.65,7880.05,7940.6,0.0
2022-01-17,7952.6,7977.0,7927.9,7942.7,0.0
2022-01-18,7975.6,7996.3,7749.65,7777.9,0.0
2022-01-19,7774.8,7785.65,7685.55,7778.25,0.0
2022-01-20,7784.6,7797.55,7708.0,7747.65,0.0
2022-01-21,7705.65,7708.7,7489.95,7549.75,0.0
2022-01-24,7548.9,7561.6,7188.25,7263.9,0.0
2022-01-25,7191.4,7375.25,7097.75,7363.4,0.0
2022-01-27,7307.3,7365.95,7185.85,7349.15,0.0
2022-01-28,7420.5,7579.8,7392.15,7411.95,0.0
2022-01-31,7504.05,7543.8,7458.8,7514.85,0.0
2022-02-01,7586.7,7610.65,7462.15,7599.95,0.0
2022-02-02,7640.7,7715.6,7634.35,7691.5,0.0
2022-02-03,7677.3,7696.35,7599.7,7620.95,0.0
2022-02-04,7598.6,7625.65,7492.1,7504.7,0.0
2022-02-07,7524.75,7557.75,7394.6,7445.55,0.0
2022-02-08,7480.6,7506.75,7305.35,7393.9,0.0
2022-02-09,7426.9,7516.8,7420.25,7509.2,0.0
2022-02-10,7536.2,7570.25,7465.25,7526.5,0.0
2022-02-11,7484.05,7511.15,7343.6,7362.15,0.0
2022-02-14,7201.55,7220.1,7024.55,7047.0,0.0
2022-02-15,7086.6,7324.8,7004.3,7310.1,0.0
2022-02-16,7353.25,7389.6,7263.8,7290.95,0.0
2022-02-17,7324.5,7360.8,7260.1,7276.3,0.0
2022-02-18,7234.6,7299.35,7198.35,7210.45,0.0
2022-02-21,7176.25,7224.9,7099.7,7145.8,0.0
2022-02-22,6957.45,7099.15,6954.5,7086.45,0.0
2022-02-23,7152.85,7184.5,7083.65,7095.4,0.0
2022-02-24,6890.15,6932.7,6644.75,6660.25,0.0
2022-02-25,6825.6,6977.9,6821.3,6946.0,0.0
2022-02-28,6874.9,7024.3,6801.1,7009.7,0.0
2022-03-02,6946.75,7010.8,6920.6,6989.9,0.0
2022-03-03,7068.55,7086.5,6894.4,6915.4,0.0
2022-03-04,6861.35,6870.0,6734.65,6747.8,0.0
2022-03-07,6618.5,6618.5,6479.85,6575.65,0.0
2022-03-08,6558.05,6688.0,6487.0,6672.7,0.0
2022-03-09,6734.6,6874.85,6697.6,6848.4,0.0
2022-03-10,7011.75,7020.55,6856.8,6896.35,0.0
2022-03-11,6868.6,6942.6,6837.2,6935.0,0.0
2022-03-14,6947.8,7002.95,6861.3,6948.3,0.0
2022-03-15,6963.4,7030.1,6894.0,6931.5,0.0
2022-03-16,7024.45,7099.2,7004.4,7092.2,0.0
2022-03-17,7180.1,7232.75,7176.6,7217.1,0.0
2022-03-21,7258.65,7259.2,7121.2,7130.4,0.0
2022-03-22,7133.0,7166.5,7024.85,7157.3,0.0
2022-03-23,7204.55,7232.65,7160.85,7180.0,0.0
2022-03-24,7175.7,7257.3,7164.5,7225.85,0.0
2022-03-25,7259.15,7267.05,7181.25,7214.95,0.0
2022-03-28,7228.5,7236.8,7101.9,7173.75,0.0
2022-03-29,7222.1,7268.95,7179.0,7202.2,0.0
2022-03-30,7266.65,7300.2,7248.9,7274.05,0.0
2022-03-31,7304.75,7321.35,7276.1,7297.6,0.0
2022-04-01,7303.6,7405.25,7283.35,7396.25,0.0
2022-04-04,7423.8,7502.4,7421.15,7491.5,0.0
2022-04-05,7543.3,7625.5,7516.6,7599.55,0.0
2022-04-06,7589.15,7658.25,7558.4,7627.65,0.0
2022-04-07,7630.6,7676.1,7538.05,7557.45,0.0
2022-04-08,7609.25,7643.4,7570.5,7627.8,0.0
2022-04-11,7653.8,7680.35,7637.8,7646.1,0.0
2022-04-12,7636.8,7636.8,7446.7,7511.0,0.0
2022-04-13,7556.5,7575.35,7488.3,7500.0,0.0
2022-04-18,7415.9,7425.35,7321.05,7376.0,0.0
2022-04-19,7435.05,7479.45,7228.6,7301.7,0.0
2022-04-20,7327.1,7422.9,7296.05,7339.3,0.0
2022-04-21,7391.9,7441.55,7387.35,7431.0,0.0
2022-04-22,7393.65,7443.25,7338.6,7352.25,0.0
2022-04-25,7281.75,7286.95,7167.45,7194.25,0.0
2022-04-26,7260.35,7331.45,7253.45,7323.85,0.0
2022-04-27,7259.05,7295.4,7189.5,7247.15,0.0
2022-04-28,7316.0,7317.3,7219.55,7299.7,0.0
2022-04-29,7364.1,7383.45,7220.0,7237.95,0.0
2022-05-02,7178.35,7204.7,7133.75,7196.3,0.0
2022-05-04,7242.6,7256.65,6980.2,7014.3,0.0
2022-05-05,7095.85,7142.55,7021.7,7048.25,0.0
2022-05-06,6910.75,6933.55,6832.65,6897.65,0.0
2022-05-09,6824.8,6831.5,6684.55,6715.9,0.0
2022-05-10,6698.05,6786.7,6577.45,6598.15,0.0
2022-05-11,6627.0,6650.35,6411.35,6554.3,0.0
2022-05-12,6515.7,6517.95,6336.55,6378.6,0.0
2022-05-13,6471.65,6581.3,6417.0,6439.75,0.0
2022-05-16,6468.65,6554.35,6396.85,6538.8,0.0
2022-05-17,6564.35,6730.25,6561.75,6716.95,0.0
2022-05-18,6758.2,6803.2,6682.7,6712.6,0.0
2022-05-19,6547.25,6587.7,6456.15,6482.7,0.0
2022-05-20,6593.6,6642.9,6583.2,6628.7,0.0
2022-05-23,6678.55,6760.4,6644.95,6659.2,0.0
2022-05-24,6656.6,6680.75,6598.65,6629.35,0.0
2022-05-25,6651.3,6669.25,6451.3,6493.35,0.0
2022-05-26,6526.05,6575.25,6386.8,6551.9,0.0
2022-05-27,6625.05,6673.2,6604.0,6662.0,0.0
2022-05-30,6730.85,6826.65,6723.4,6818.0,0.0
2022-05-31,6813.8,6888.8,6803.45,6843.2,0.0
2022-06-01,6859.4,6911.9,6825.4,6860.85,0.0
2022-06-02,6866.05,6891.2,6823.35,6879.05,0.0
2022-06-03,6933.9,6954.25,6756.4,6768.3,0.0
2022-06-06,6759.35,6770.3,6662.8,6724.85,0.0
2022-06-07,6698.55,6705.1,6620.1,6668.55,0.0
2022-06-08,6675.45,6724.65,6617.1,6657.35,0.0
2022-06-09,6624.35,6703.1,6596.75,6694.4,0.0
2022-06-10,6641.45,6656.7,6614.75,6638.75,0.0
2022-06-13,6519.85,6528.3,6399.9,6418.6,0.0
2022-06-14,6377.8,6488.15,6371.0,6410.1,0.0
2022-06-15,6449.7,6479.75,6416.7,6456.5,0.0
2022-06-16,6531.15,6546.4,6271.8,6283.45,0.0
2022-06-17,6245.8,6304.05,6173.35,6236.1,0.0
2022-06-20,6246.75,6264.95,6054.2,6116.65,0.0
2022-06-21,6168.05,6301.5,6151.95,6292.8,0.0
2022-06-22,6267.35,6268.05,6168.85,6183.55,0.0
2022-06-23,6194.15,6297.5,6179.75,6278.9,0.0
2022-06-24,6318.95,6374.2,6315.6,6366.35,0.0
2022-06-27,6455.0,6479.6,6431.75,6441.1,0.0
2022-06-28,6411.45,6462.85,6375.85,6453.85,0.0
2022-06-29,6375.35,6439.3,6353.05,6427.5,0.0
2022-06-30,6425.9,6454.9,6343.55,6361.2,0.0
2022-07-01,6330.5,6399.05,6274.35,6382.9,0.0
2022-07-04,6380.65,6435.2,6336.5,6423.0,0.0
2022-07-05,6449.8,6484.85,6383.2,6393.45,0.0
2022-07-06,6414.35,6539.6,6391.2,6531.85,0.0
2022-07-07,6574.4,6611.15,6546.3,6605.1,0.0
2022-07-08,6648.2,6652.15,6578.05,6613.7,0.0
2022-07-11,6585.4,6619.45,6562.8,6612.05,0.0
2022-07-12,6592.0,6633.45,6558.05,6573.25,0.0
2022-07-13,6603.75,6646.15,6591.1,6625.45,0.0
2022-07-14,6645.8,6657.0,6558.55,6604.4,0.0
2022-07-15,6615.25,6688.2,6607.95,6678.25,0.0
2022-07-18,6733.9,6780.7,6726.2,6773.55,0.0
2022-07-19,6743.3,6812.1,6732.3,6802.5,0.0
2022-07-20,6869.1,6894.2,6832.35,6852.4,0.0
2022-07-21,6847.65,6939.25,6837.25,6927.0,0.0
2022-07-22,6957.6,6988.15,6919.4,6942.55,0.0
2022-07-25,6940.65,6955.5,6898.85,6935.1,0.0
2022-07-26,6939.65,6939.75,6812.25,6821.2,0.0
2022-07-27,6807.6,6892.4,6782.1,6885.0,0.0
2022-07-28,6930.4,6967.55,6886.35,6948.6,0.0
2022-07-29,7009.45,7067.5,6986.55,7055.6,0.0
2022-08-01,7090.25,7201.85,7068.85,7193.2,0.0
2022-08-02,7193.9,7223.9,7145.2,7211.0,0.0
2022-08-03,7198.2,7215.9,7083.3,7135.9,0.0
2022-08-04,7180.85,7223.05,7058.4,7182.2,0.0
2022-08-05,7205.5,7212.75,7145.95,7173.4,0.0
2022-08-08,7172.6,7242.2,7153.55,7231.1,0.0
2022-08-10,7237.3,7252.3,7173.1,7219.1,0.0
2022-08-11,7286.05,7325.6,7263.65,7286.95,0.0
2022-08-12,7315.7,7345.6,7285.5,7313.45,0.0
2022-08-16,7356.05,7398.3,7343.55,7385.9,0.0
2022-08-17,7419.1,7471.45,7411.7,7455.2,0.0
2022-08-18,7458.7,7507.85,7434.75,7480.9,0.0
2022-08-19,7502.65,7521.05,7364.95,7392.9,0.0
2022-08-22,7368.75,7368.75,7229.95,7241.85,0.0
2022-08-23,7177.5,7354.8,7167.1,7334.55,0.0
2022-08-24,7337.5,7373.5,7288.5,7355.65,0.0
2022-08-25,7396.2,7419.05,7321.55,7335.95,0.0
2022-08-26,7385.45,7435.05,7349.7,7366.55,0.0
2022-08-29,7157.4,7276.9,7156.65,7267.75,0.0
2022-08-30,7324.5,7412.5,7317.4,7406.8,0.0
2022-09-01,7367.3,7453.95,7348.65,7427.0,0.0
2022-09-02,7468.45,7499.7,7417.45,7426.85,0.0
2022-09-05,7455.6,7479.95,7445.25,7467.5,0.0
2022-09-06,7498.5,7519.25,7466.6,7480.65,0.0
2022-09-07,7460.3,7540.1,7449.35,7534.55,0.0
2022-09-08,7594.75,7606.7,7539.75,7551.05,0.0
2022-09-09,7595.65,7613.3,7538.4,7585.7,0.0
2022-09-12,7619.95,7675.3,7605.7,7669.15,0.0
2022-09-13,7711.4,7722.0,7662.15,7668.6,0.0
2022-09-14,7563.05,7645.05,7551.15,7619.0,0.0
2022-09-15,7669.05,7681.5,7588.2,7648.15,0.0
2022-09-16,7643.55,7657.8,7341.05,7405.7,0.0
2022-09-19,7432.55,7445.65,7336.35,7388.75,0.0
2022-09-20,7440.15,7554.3,7437.85,7497.3,0.0
2022-09-21,7502.0,7550.55,7430.05,7456.75,0.0
2022-09-22,7429.65,7518.25,7405.25,7492.6,0.0
2022-09-23,7505.0,7524.55,7288.8,7303.2,0.0
2022-09-26,7246.15,7251.6,7003.45,7082.4,0.0
2022-09-27,7125.0,7150.55,6996.5,7072.0,0.0
2022-09-28,7027.05,7125.15,7012.55,7042.2,0.0
2022-09-29,7110.75,7140.1,7010.2,7068.65,0.0
2022-09-30,7070.05,7222.95,6996.3,7205.1,0.0
2022-10-03,7212.85,7222.15,7064.15,7095.7,0.0
2022-10-04,7216.3,7334.0,7206.05,7323.35,0.0
2022-10-06,7393.8,7478.35,7389.2,7435.25,0.0
2022-10-07,7438.25,7452.1,7345.7,7408.2,0.0
2022-10-10,7311.1,7358.0,7276.0,7331.75,0.0
2022-10-11,7357.15,7360.15,7194.55,7217.55,0.0
2022-10-12,7238.55,7285.7,7165.05,7271.35,0.0
2022-10-13,7277.95,7288.2,7166.8,7203.95,0.0
2022-10-14,7324.7,7325.75,7183.9,7191.85,0.0
2022-10-17,7179.7,7248.55,7116.35,7238.65,0.0
2022-10-18,7308.1,7351.6,7286.35,7344.65,0.0
2022-10-19,7359.2,7381.65,7333.55,7370.65,0.0
2022-10-20,7335.9,7338.95,7275.6,7318.7,0.0
2022-10-21,7340.3,7373.4,7235.4,7251.4,0.0
2022-10-24,7340.25,7340.5,7268.75,7279.95,0.0
2022-10-25,7301.45,7305.65,7228.0,7286.7,0.0
2022-10-27,7321.7,7349.4,7289.45,7334.75,0.0
2022-10-28,7350.1,7363.3,7265.45,7287.1,0.0
2022-10-31,7321.7,7421.95,7318.2,7416.1,0.0
2022-11-01,7444.65,7504.8,7436.75,7495.05,0.0
2022-11-02,7500.25,7528.0,7475.25,7489.05,0.0
2022-11-03,7451.6,7515.65,7441.1,7487.65,0.0
2022-11-04,7494.3,7512.7,7424.6,7445.95,0.0
2022-11-07,7479.75,7522.3,7448.35,7515.8,0.0
2022-11-09,7524.3,7528.65,7414.55,7427.8,0.0
2022-11-10,7414.05,7414.05,7310.4,7341.05,0.0
2022-11-11,7432.65,7473.7,7305.2,7331.6,0.0
2022-11-14,7331.1,7339.85,7267.8,7324.45,0.0
2022-11-15,7318.9,7337.0,7288.15,7320.95,0.0
2022-11-16,7322.5,7335.65,7224.6,7255.5,0.0
2022-11-17,7243.35,7253.4,7205.45,7234.75,0.0
2022-11-18,7256.25,7264.4,7139.15,7184.05,0.0
2022-11-21,7176.25,7192.25,7144.95,7173.15,0.0
2022-11-22,7182.7,7237.2,7178.8,7230.15,0.0
2022-11-23,7263.65,7273.8,7235.35,7250.9,0.0
2022-11-24,7278.3,7288.85,7251.5,7279.9,0.0
2022-11-25,7295.9,7348.15,7286.6,7337.05,0.0
2022-11-28,7325.7,7390.35,7321.5,7376.05,0.0
2022-11-29,7372.4,7381.05,7292.2,7304.2,0.0
2022-11-30,7311.7,7416.75,7310.25,7396.5,0.0
2022-12-01,7425.6,7466.95,7388.75,7448.35,0.0
2022-12-02,7447.65,7495.9,7431.1,7491.1,0.0
2022-12-05,7506.25,7510.45,7443.3,7483.9,0.0
2022-12-06,7466.3,7472.75,7434.45,7457.05,0.0
2022-12-07,7467.2,7487.45,7402.95,7411.05,0.0
2022-12-08,7431.95,7442.95,7399.5,7432.55,0.0
2022-12-09,7472.15,7478.15,7326.45,7394.9,0.0
2022-12-12,7397.4,7424.55,7336.45,7415.8,0.0
2022-12-13,7427.5,7442.25,7394.3,7415.4,0.0
2022-12-14,7445.25,7498.75,7443.5,7491.2,0.0
2022-12-15,7488.7,7503.15,7397.2,7420.85,0.0
2022-12-16,7371.6,7400.55,7289.75,7298.4,0.0
2022-12-19,7303.1,7351.25,7253.2,7344.35,0.0
2022-12-20,7328.85,7354.95,7254.75,7325.3,0.0
2022-12-21,7354.4,7381.5,7187.85,7214.9,0.0
2022-12-22,7243.95,7267.0,7098.8,7160.95,0.0
2022-12-23,7090.4,7110.4,6916.1,6929.5,0.0
2022-12-26,6926.5,7105.05,6873.25,7082.55,0.0
2022-12-27,7123.05,7171.8,7083.1,7158.25,0.0
2022-12-28,7151.0,7184.25,7108.9,7173.2,0.0
2022-12-29,7136.8,7173.4,7072.85,7148.5,0.0
2022-12-30,7195.2,7216.8,7168.7,7180.95,0.0
2023-01-02,7208.35,7221.7,7179.6,7212.65,0.0
2023-01-03,7217.75,7234.75,7181.0,7212.2,0.0
2023-01-04,7213.25,7225.45,7104.6,7120.45,0.0
2023-01-05,7147.95,7171.4,7094.15,7164.05,0.0
2023-01-06,7167.8,7176.05,7088.6,7120.5,0.0
2023-01-09,7167.5,7189.65,7133.85,7167.0,0.0
2023-01-10,7177.7,7177.7,7093.9,7131.85,0.0
2023-01-11,7143.45,7164.1,7099.4,7106.8,0.0
2023-01-12,7136.35,7136.5,7045.35,7074.9,0.0
2023-01-13,7093.25,7095.1,7007.95,7054.4,0.0
2023-01-16,7071.85,7093.15,6992.15,7000.85,0.0
2023-01-17,7012.0,7018.85,6952.1,6993.65,0.0
2023-01-18,7009.3,7054.5,6990.1,7039.8,0.0
2023-01-19,7022.7,7054.6,7003.8,7043.3,0.0
2023-01-20,7047.9,7051.6,6967.45,6974.75,0.0
2023-01-23,7002.55,7062.4,6977.65,7052.45,0.0
2023-01-24,7061.5,7064.8,7012.5,7022.4,0.0
2023-01-25,7014.35,7018.9,6911.95,6932.75,0.0
2023-01-27,6942.0,6948.95,6732.15,6807.6,0.0
2023-01-30,6815.8,6878.7,6760.55,6819.35,0.0
2023-01-31,6848.25,6950.95,6807.9,6932.7,0.0
2023-02-01,6999.8,7111.85,6817.05,6934.15,0.0
2023-02-02,6924.55,6983.05,6873.95,6937.45,0.0
2023-02-03,6968.3,6976.95,6851.45,6952.7,0.0
2023-02-06,6951.0,7001.25,6931.4,6993.65,0.0
2023-02-07,7003.15,7011.5,6948.8,6982.9,0.0
2023-02-08,6990.55,7044.75,6958.4,7037.3,0.0
2023-02-09,7054.05,7069.6,7020.45,7058.9,0.0
2023-02-10,7050.85,7095.75,7022.0,7087.6,0.0
2023-02-13,7065.75,7092.2,6971.5,6981.0,0.0
2023-02-14,6984.55,7001.3,6938.55,6971.5,0.0
2023-02-15,6956.15,7012.4,6945.55,7004.1,0.0
2023-02-16,7032.75,7078.3,7015.2,7058.25,0.0
2023-02-17,7040.55,7047.8,6979.5,6992.85,0.0
2023-02-20,7013.85,7043.35,6960.8,6999.1,0.0
2023-02-21,7029.05,7029.4,6956.95,6963.7,0.0
2023-02-22,6938.6,6954.0,6852.2,6873.1,0.0
2023-02-23,6871.9,6879.4,6772.2,6839.8,0.0
2023-02-24,6853.0,6886.2,6812.9,6822.7,0.0
2023-02-27,6815.75,6817.25,6691.6,6756.95,0.0
2023-02-28,6783.6,6818.95,6771.4,6789.85,0.0
2023-03-01,6806.65,6880.3,6801.4,6872.7,0.0
2023-03-02,6870.2,6892.8,6854.35,6864.35,0.0
2023-03-03,6900.1,6931.35,6880.7,6915.3,0.0
2023-03-06,6943.55,6988.2,6942.5,6954.35,0.0
2023-03-08,6933.3,7002.55,6907.55,6996.45,0.0
2023-03-09,7017.4,7030.9,6926.55,6935.8,0.0
2023-03-10,6895.45,6909.8,6830.7,6904.25,0.0
2023-03-13,6900.05,6914.8,6747.7,6768.55,0.0
2023-03-14,6770.9,6777.0,6684.85,6738.65,0.0
2023-03-15,6793.65,6815.25,6707.8,6719.75,0.0
2023-03-16,6715.45,6798.45,6670.15,6780.15,0.0
2023-03-17,6840.25,6852.3,6780.75,6820.35,0.0
2023-03-20,6812.8,6836.05,6688.9,6755.05,0.0
2023-03-21,6773.95,6798.05,6748.6,6784.7,0.0
2023-03-22,6809.95,6829.35,6790.75,6797.85,0.0
2023-03-23,6783.7,6800.1,6754.65,6763.4,0.0
2023-03-24,6765.7,6768.0,6662.05,6677.4,0.0
2023-03-27,6671.45,6705.45,6641.35,6651.9,0.0
2023-03-28,6669.8,6677.25,6595.95,6622.35,0.0
2023-03-29,6613.7,6754.9,6613.45,6739.5,0.0
2023-03-31,6772.55,6836.55,6769.6,6816.35,0.0
2023-04-03,6850.05,6853.8,6795.8,6817.35,0.0
2023-04-05,6821.0,6821.0,6761.15,6783.25,0.0
2023-04-06,6784.6,6845.9,6762.7,6839.15,0.0
2023-04-10,6864.65,6868.35,6825.6,6862.85,0.0
2023-04-11,6884.7,6909.85,6847.6,6885.8,0.0
2023-04-12,6897.1,6941.5,6892.8,6936.4,0.0
2023-04-13,6971.5,7004.2,6944.3,6994.95,0.0
2023-04-17,6973.2,7021.75,6936.2,7014.8,0.0
2023-04-18,7033.35,7091.9,7022.4,7082.6,0.0
2023-04-19,7101.1,7122.4,7069.3,7083.6,0.0
2023-04-20,7105.95,7120.35,7086.1,7100.4,0.0
2023-04-21,7111.4,7112.05,7037.75,7065.75,0.0
2023-04-24,7074.85,7121.65,7064.65,7116.15,0.0
2023-04-25,7126.05,7174.85,7116.65,7152.55,0.0
2023-04-26,7137.1,7169.65,7108.35,7163.35,0.0
2023-04-27,7160.45,7200.45,7160.0,7180.3,0.0
2023-04-28,7172.55,7239.5,7143.65,7232.55,0.0
2023-05-02,7275.3,7342.45,7262.6,7327.7,0.0
2023-05-03,7318.2,7365.7,7303.7,7339.55,0.0
2023-05-04,7360.4,7391.5,7350.65,7384.35,0.0
2023-05-05,7400.05,7430.55,7315.25,7323.4,0.0
2023-05-08,7351.85,7442.65,7346.3,7435.15,0.0
2023-05-09,7458.9,7501.55,7423.3,7438.4,0.0
2023-05-10,7465.75,7470.25,7393.6,7449.6,0.0
2023-05-11,7474.55,7488.55,7449.95,7463.5,0.0
2023-05-12,7464.05,7470.35,7416.45,7432.6,0.0
2023-05-15,7439.95,7504.5,7419.05,7489.45,0.0
2023-05-16,7526.65,7582.85,7511.6,7527.05,0.0
2023-05-17,7528.45,7548.7,7458.15,7534.6,0.0
2023-05-18,7560.4,7560.8,7466.7,7476.55,0.0
2023-05-19,7488.15,7493.15,7400.55,7479.65,0.0
2023-05-22,7472.45,7547.4,7449.65,7542.1,0.0
2023-05-23,7559.85,7618.85,7555.95,7606.85,0.0
2023-05-24,7606.0,7625.95,7562.85,7593.0,0.0
2023-05-25,7584.85,7665.65,7577.45,7657.85,0.0
2023-05-26,7666.25,7745.4,7660.65,7740.45,0.0
2023-05-29,7764.8,7768.45,7719.55,7759.6,0.0
2023-05-30,7766.75,7800.2,7746.35,7778.0,0.0
2023-05-31,7768.85,7813.5,7756.65,7804.7,0.0
2023-06-01,7810.3,7862.85,7802.6,7819.25,0.0
2023-06-02,7848.95,7878.55,7845.85,7872.5,0.0
2023-06-05,7898.05,7910.4,7850.8,7855.45,0.0
2023-06-06,7859.15,7868.25,7806.5,7858.4,0.0
2023-06-07,7884.4,7927.5,7868.35,7921.7,0.0
2023-06-08,7933.65,7944.2,7836.05,7844.85,0.0
2023-06-09,7865.1,7884.35,7823.75,7832.25,0.0
2023-06-12,7851.9,7900.15,7822.85,7890.6,0.0
2023-06-13,7915.45,8002.95,7912.6,7997.3,0.0
2023-06-14,8013.7,8019.55,7991.55,8002.0,0.0
2023-06-15,8012.8,8046.75,7984.0,7998.6,0.0
2023-06-16,8021.85,8085.25,8002.2,8071.85,0.0
2023-06-19,8117.75,8146.5,8071.2,8082.45,0.0
2023-06-20,8086.2,8148.75,8063.9,8142.8,0.0
2023-06-21,8223.5,8256.0,8151.85,8179.6,0.0
2023-06-22,8192.8,8192.8,8044.2,8080.4,0.0
2023-06-23,8063.4,8070.0,7967.9,8001.4,0.0
2023-06-26,8005.8,8080.3,7964.15,8070.05,0.0
2023-06-27,8091.05,8117.8,8063.5,8098.4,0.0
2023-06-28,8141.25,8173.85,8109.3,8155.9,0.0
2023-06-30,8178.25,8240.0,8172.25,8229.8,0.0
2023-07-03,8284.15,8290.55,8216.85,8229.55,0.0
2023-07-04,8259.4,8260.3,8181.8,8210.55,0.0
2023-07-05,8217.75,8282.5,8193.7,8273.3,0.0
2023-07-06,8279.7,8355.45,8264.55,8349.1,0.0
2023-07-07,8337.7,8346.55,8214.15,8247.0,0.0
2023-07-10,8275.8,8275.8,8172.75,8201.95,0.0
2023-07-11,8227.15,8302.3,8223.05,8271.25,0.0
2023-07-12,8294.85,8333.65,8274.85,8310.75,0.0
2023-07-13,8346.8,8351.05,8199.75,8221.15,0.0
2023-07-14,8261.6,8353.1,8250.35,8346.5,0.0
2023-07-17,8370.55,8396.1,8334.35,8345.75,0.0
2023-07-18,8381.6,8392.4,8308.2,8355.45,0.0
2023-07-19,8379.2,8444.05,8360.8,8438.1,0.0
2023-07-20,8462.5,8464.3,8427.15,8441.5,0.0
2023-07-21,8406.9,8464.9,8392.95,8444.75,0.0
2023-07-24,8451.0,8461.1,8385.0,8398.0,0.0
2023-07-25,8447.45,8447.75,8376.85,8426.85,0.0
2023-07-26,8447.6,8470.8,8433.9,8447.65,0.0
2023-07-27,8487.2,8507.25,8413.4,8454.45,0.0
2023-07-28,8465.05,8487.35,8437.15,8479.3,0.0
2023-07-31,8492.65,8616.4,8488.05,8608.1,0.0
2023-08-01,8631.9,8646.9,8569.05,8589.15,0.0
2023-08-02,8587.7,8589.8,8412.15,8489.05,0.0
2023-08-03,8484.5,8526.7,8444.15,8501.0,0.0
2023-08-04,8548.1,8603.55,8505.85,8571.7,0.0
2023-08-07,8578.5,8592.4,8537.95,8564.25,0.0
2023-08-08,8578.55,8592.95,8497.1,8566.45,0.0
2023-08-09,8588.75,8625.55,8510.5,8617.75,0.0
2023-08-10,8627.25,8641.95,8579.1,8600.15,0.0
2023-08-11,8623.05,8628.6,8562.3,8576.15,0.0
2023-08-14,8556.95,8597.1,8436.0,8581.95,0.0
2023-08-16,8558.95,8608.35,8493.5,8577.75,0.0
2023-08-17,8596.6,8647.5,8579.55,8601.4,0.0
2023-08-18,8608.3,8625.4,8543.4,8570.35,0.0
2023-08-21,8587.55,8660.4,8566.3,8627.75,0.0
2023-08-22,8647.95,8720.05,8634.8,8715.55,0.0
2023-08-23,8735.65,8807.4,8725.95,8784.4,0.0
2023-08-24,8835.25,8862.55,8800.95,8810.7,0.0
2023-08-25,8785.05,8802.35,8707.05,8723.7,0.0
2023-08-28,8745.9,8774.15,8732.25,8752.7,0.0
2023-08-29,8778.15,8815.25,8761.65,8794.7,0.0
2023-08-30,8830.3,8907.55,8823.65,8877.9,0.0
2023-08-31,8912.75,8922.45,8837.35,8887.2,0.0
2023-09-01,8894.0,8939.4,8858.1,8925.55,0.0
2023-09-04,8963.0,8980.3,8925.55,8954.2,0.0
2023-09-05,8980.05,9057.35,8954.2,9049.3,0.0
2023-09-06,9071.8,9083.95,9036.2,9068.25,0.0
2023-09-07,9079.15,9087.95,9047.4,9066.7,0.0
2023-09-08,9099.95,9147.65,9066.7,9140.2,0.0
2023-09-11,9187.5,9208.2,9169.45,9199.65,0.0
2023-09-12,9241.3,9241.3,8947.85,8971.0,0.0
2023-09-13,8962.9,9031.65,8876.05,9020.9,0.0
2023-09-14,9064.65,9133.15,9053.05,9128.5,0.0
2023-09-15,9170.5,9191.2,9129.15,9182.65,0.0
2023-09-18,9186.05,9190.05,9130.7,9148.45,0.0
2023-09-20,9123.4,9193.35,9074.7,9150.9,0.0
2023-09-21,9138.95,9176.95,9051.55,9076.35,0.0
2023-09-22,9081.5,9117.1,9023.0,9058.65,0.0
2023-09-25,9070.55,9206.3,8974.9,9188.1,0.0
2023-09-26,9186.95,9217.45,9142.3,9149.1,0.0
2023-09-27,9158.1,9202.45,9133.1,9189.2,0.0
2023-09-28,9205.3,9211.75,8997.75,9014.7,0.0
2023-09-29,9082.6,9133.0,9028.45,9105.35,0.0
2023-10-03,9112.9,9120.3,9045.0,9101.35,0.0
2023-10-04,9076.85,9077.95,8932.35,9014.9,0.0
2023-10-05,9065.75,9102.7,9017.0,9037.55,0.0
2023-10-06,9078.85,9130.55,9051.8,9127.3,0.0
2023-10-09,9050.75,9062.05,8995.85,9023.85,0.0
2023-10-10,9057.25,9135.75,9051.7,9126.3,0.0
2023-10-11,9181.05,9222.5,9133.05,9144.7,0.0
2023-10-12,9184.7,9189.0,9149.5,9154.25,0.0
2023-10-13,9128.1,9181.7,9105.55,9140.9,0.0
2023-10-16,9155.15,9182.7,9110.45,9156.95,0.0
2023-10-17,9206.85,9213.75,9166.05,9176.65,0.0
2023-10-18,9188.6,9201.9,9070.95,9084.4,0.0
2023-10-19,9057.05,9081.3,9002.75,9065.5,0.0
2023-10-20,9040.25,9070.8,8930.45,8944.55,0.0
2023-10-23,8934.9,8973.95,8816.45,8847.3,0.0
2023-10-25,8863.25,8922.05,8729.45,8787.0,0.0
2023-10-26,8729.75,8743.1,8576.5,8631.45,0.0
2023-10-27,8688.8,8784.9,8684.35,8738.0,0.0
2023-10-30,8767.3,8772.55,8622.2,8718.25,0.0
2023-10-31,8767.25,8784.65,8710.3,8743.65,0.0
2023-11-01,8760.05,8769.6,8720.85,8728.35,0.0
2023-11-02,8794.95,8844.7,8789.6,8833.05,0.0
2023-11-03,8898.05,8912.75,8869.65,8896.65,0.0
2023-11-06,8954.75,8973.55,8931.65,8963.75,0.0
2023-11-07,8981.85,8991.55,8923.8,8984.6,0.0
2023-11-08,9033.85,9084.15,9026.05,9074.65,0.0
2023-11-09,9097.65,9158.65,9084.2,9123.25,0.0
2023-11-10,9118.45,9207.6,9074.45,9197.25,0.0
2023-11-13,9246.75,9260.5,9195.1,9245.45,0.0
2023-11-15,9323.55,9351.05,9298.6,9347.1,0.0
2023-11-16,9350.5,9477.55,9340.3,9452.95,0.0
2023-11-17,9437.95,9494.45,9424.9,9457.4,0.0
2023-11-20,9475.25,9498.35,9440.9,9463.6,0.0
2023-11-21,9499.9,9520.45,9469.75,9479.5,0.0
2023-11-22,9497.7,9523.25,9437.55,9492.2,0.0
2023-11-23,9516.3,9533.6,9495.9,9505.45,0.0
2023-11-24,9514.85,9521.4,9473.05,9495.25,0.0
2023-11-28,9525.35,9558.45,9496.45,9549.0,0.0
2023-11-29,9581.95,9638.5,9579.35,9624.45,0.0
2023-11-30,9636.45,9709.6,9601.1,9684.0,0.0
2023-12-01,9738.8,9786.15,9724.4,9767.6,0.0
2023-12-04,9916.45,9924.5,9842.15,9884.05,0.0
2023-12-05,9917.85,9960.0,9798.8,9921.35,0.0
2023-12-06,9970.8,9988.2,9892.35,9927.9,0.0
2023-12-07,9933.55,9989.8,9872.55,9974.9,0.0
2023-12-08,10013.65,10031.05,9895.0,9974.75,0.0
2023-12-11,10002.3,10030.7,9973.05,10016.55,0.0
2023-12-12,10041.85,10070.65,9916.45,9978.5,0.0
2023-12-13,10012.7,10102.6,9972.55,10092.2,0.0
2023-12-14,10161.4,10283.55,10160.85,10261.25,0.0
2023-12-15,10292.9,10328.4,10257.8,10307.2,0.0
2023-12-18,10316.95,10335.4,10248.8,10296.2,0.0
2023-12-19,10324.85,10330.25,10202.95,10269.7,0.0
2023-12-20,10327.65,10405.7,9976.1,10020.6,0.0
2023-12-21,9930.35,10185.2,9872.65,10169.5,0.0
2023-12-22,10216.85,10272.25,10163.1,10252.35,0.0
2023-12-26,10282.45,10331.65,10236.7,10287.2,0.0
2023-12-27,10320.35,10368.6,10254.95,10296.4,0.0
2023-12-28,10328.0,10396.6,10302.1,10380.0,0.0
2023-12-29,10398.65,10406.8,10339.1,10397.55,0.0
2024-01-01,10425.5,10441.45,10392.65,10415.05,0.0
2024-01-02,10437.05,10439.5,10247.9,10358.75,0.0
2024-01-03,10364.55,10416.45,10280.15,10379.25,0.0
2024-01-04,10414.15,10568.05,10397.0,10552.8,0.0
2024-01-05,10593.95,10605.45,10488.8,10562.85,0.0
2024-01-08,10574.75,10585.0,10430.35,10441.8,0.0
2024-01-09,10552.15,10587.4,10402.95,10422.45,0.0
2024-01-10,10426.7,10446.55,10306.8,10432.9,0.0
2024-01-11,10455.1,10499.95,10423.25,10457.5,0.0
2024-01-12,10525.7,10554.35,10476.3,10542.4,0.0
2024-01-15,10615.75,10669.5,10551.75,10646.95,0.0
2024-01-16,10665.55,10668.2,10483.9,10560.95,0.0
2024-01-17,10471.1,10557.7,10417.6,10431.0,0.0
2024-01-18,10419.65,10497.05,10176.7,10449.9,0.0
2024-01-19,10535.3,10615.2,10501.55,10605.4,0.0
2024-01-23,10724.95,10724.95,10284.9,10353.85,0.0
2024-01-24,10384.9,10579.4,10283.5,10568.25,0.0
2024-01-25,10603.35,10606.25,10365.4,10415.95,0.0
2024-01-29,10435.3,10690.6,10417.15,10678.15,0.0
2024-01-30,10743.3,10750.05,10593.75,10602.6,0.0
2024-01-31,10598.35,10710.6,10574.0,10701.95,0.0
2024-02-01,10740.9,10740.9,10542.7,10631.55,0.0
2024-02-02,10704.7,10794.35,10689.9,10728.75,0.0
2024-02-05,10775.3,10822.3,10657.0,10741.35,0.0
2024-02-06,10804.1,10819.4,10731.75,10802.0,0.0
2024-02-07,10849.8,10873.55,10782.8,10854.75,0.0
2024-02-08,10946.2,10946.2,10822.95,10846.0,0.0
2024-02-09,10875.7,10878.25,10591.35,10746.75,0.0
2024-02-12,10808.2,10812.65,10635.8,10671.05,0.0
2024-02-13,10702.25,10702.25,10539.05,10679.15,0.0
2024-02-14,10588.45,10804.2,10544.35,10763.9,0.0
2024-02-15,10823.0,10909.6,10801.1,10901.0,0.0
2024-02-16,10951.25,11041.65,10920.65,11021.3,0.0
2024-02-19,11062.95,11063.95,11001.1,11021.2,0.0
2024-02-20,10983.25,11010.95,10932.65,10981.05,0.0
2024-02-21,11011.7,11031.65,10833.2,10863.95,0.0
2024-02-22,10902.85,10996.3,10784.8,10980.1,0.0
2024-02-23,11030.95,11119.85,11012.45,11066.55,0.0
2024-02-26,11067.7,11076.3,10844.8,11004.35,0.0
2024-02-27,11012.6,11088.0,10935.4,11005.45,0.0
2024-02-28,11026.75,11027.65,10716.95,10751.15,0.0
2024-02-29,10746.5,10860.0,10652.55,10826.55,0.0
2024-03-01,10870.05,10925.45,10860.75,10908.9,0.0
2024-03-04,10981.1,11012.25,10913.75,10992.15,0.0
2024-03-05,10995.4,11018.15,10903.85,10913.2,0.0
2024-03-06,10932.85,10936.8,10720.75,10882.55,0.0
2024-03-07,10901.85,10934.1,10870.05,10890.4,0.0
2024-03-11,10917.0,10929.5,10832.25,10851.45,0.0
2024-03-12,10854.85,10872.75,10675.15,10715.35,0.0
2024-03-13,10742.85,10791.3,10316.75,10378.5,0.0
2024-03-14,10315.9,10542.95,10235.9,10516.55,0.0
2024-03-15,10499.6,10524.0,10323.2,10486.45,0.0
2024-03-18,10480.15,10492.85,10272.75,10320.35,0.0
2024-03-19,10322.5,10326.9,10128.8,10154.55,0.0
2024-03-20,10182.05,10231.35,10053.75,10146.45,0.0
2024-03-21,10249.35,10438.35,10247.85,10425.05,0.0
2024-03-22,10383.5,10422.45,10353.85,10402.1,0.0
2024-03-26,10363.7,10522.85,10361.8,10498.75,0.0
2024-03-27,10536.4,10567.3,10473.2,10494.85,0.0
2024-03-28,10534.1,10570.25,10463.8,10525.3,0.0
2024-04-01,10629.6,10702.95,10593.25,10689.45,0.0
2024-04-02,10732.85,10802.25,10674.3,10777.2,0.0
2024-04-03,10745.65,10828.35,10697.65,10814.6,0.0
2024-04-04,10890.85,10909.4,10808.5,10818.75,0.0
2024-04-05,10829.65,10874.65,10779.95,10864.95,0.0
2024-04-08,10964.6,10968.6,10695.5,10866.5,0.0
2024-04-09,10933.15,10952.3,10848.1,10873.9,0.0
2024-04-10,10903.9,10991.35,10889.7,10979.2,0.0
2024-04-12,10986.3,11029.35,10928.55,10939.3,0.0
2024-04-15,10810.1,10867.75,10778.55,10801.1,0.0
2024-04-16,10735.0,10858.25,10704.5,10758.9,0.0
2024-04-18,10833.6,10908.1,10719.85,10746.1,0.0
2024-04-19,10659.6,10720.9,10532.4,10667.6,0.0
2024-04-22,10767.55,10767.55,10681.15,10701.25,0.0
2024-04-23,10758.5,10807.55,10730.3,10781.65,0.0
2024-04-24,10822.8,10854.2,10803.5,10836.2,0.0
2024-04-25,10809.5,10892.5,10807.95,10882.6,0.0
2024-04-26,10914.65,10999.5,10892.8,10973.75,0.0
2024-04-29,11042.3,11050.2,10999.05,11040.1,0.0
2024-04-30,11078.65,11153.2,11044.05,11059.75,0.0
2024-05-02,11125.8,11156.45,11090.65,11129.65,0.0
2024-05-03,11139.05,11158.4,11009.25,11063.95,0.0
2024-05-06,11140.8,11143.05,11031.3,11044.7,0.0
2024-05-07,11077.75,11085.2,10754.65,10843.2,0.0
2024-05-08,10811.65,10965.0,10747.4,10925.8,0.0
2024-05-09,10942.15,10975.15,10739.5,10753.5,0.0
2024-05-10,10787.75,10888.3,10691.25,10877.6,0.0
2024-05-13,10903.6,11115.75,10761.75,11096.2,0.0
2024-05-14,11115.4,11151.65,11020.85,11132.6,0.0
2024-05-15,11166.85,11183.95,11108.35,11167.45,0.0
2024-05-16,11214.45,11290.3,11181.95,11276.75,0.0
2024-05-17,11319.2,11324.5,11262.15,11301.2,0.0
2024-05-21,11340.35,11349.9,11240.75,11339.35,0.0
2024-05-22,11385.15,11402.95,11268.5,11355.6,0.0
2024-05-23,11401.3,11432.1,11302.6,11420.1,0.0
2024-05-24,11426.4,11516.9,11386.15,11458.25,0.0
2024-05-27,11514.15,11785.15,11459.2,11673.05,0.0
2024-05-28,11717.35,11740.45,11538.05,11582.7,0.0
2024-05-29,11551.35,11589.4,11490.4,11525.8,0.0
2024-05-30,11523.6,11531.6,11318.45,11338.55,0.0
2024-05-31,11390.6,11414.75,11295.3,11358.1,0.0
2024-06-03,11756.75,11766.55,11602.5,11723.55,0.0
2024-06-04,11726.85,11728.05,10454.15,10841.0,0.0
2024-06-05,10970.8,11504.7,10755.7,11455.8,0.0
2024-06-06,11572.65,11678.85,11520.0,11589.6,0.0
2024-06-07,11616.8,11766.55,11588.35,11756.25,0.0
2024-06-10,11812.8,11834.25,11578.3,11691.8,0.0
2024-06-11,11727.65,11816.45,11660.95,11769.6,0.0
2024-06-12,11804.25,11921.65,11798.55,11892.3,0.0
2024-06-13,11971.45,11996.4,11904.9,11947.45,0.0
2024-06-14,11976.2,12064.85,11950.0,12053.2,0.0
2024-06-18,12083.0,12123.15,12036.95,12115.65,0.0
2024-06-19,12158.9,12158.9,11936.25,12003.85,0.0
2024-06-20,12035.7,12156.05,11993.0,12139.05,0.0
2024-06-21,12212.5,12254.4,12135.5,12164.8,0.0
2024-06-24,12107.95,12301.75,12009.5,12275.9,0.0
2024-06-25,12326.0,12377.4,12238.4,12282.1,0.0
2024-06-26,12297.15,12342.55,12223.6,12251.05,0.0
2024-06-27,12267.95,12324.95,12135.35,12256.85,0.0
2024-06-28,12280.8,12303.95,12210.55,12250.8,0.0
2024-07-01,12262.55,12311.1,12217.65,12277.1,0.0
2024-07-02,12308.35,12318.0,12141.45,12217.25,0.0
2024-07-03,12283.8,12323.0,12235.7,12299.15,0.0
2024-07-04,12346.2,12456.2,12324.6,12435.9,0.0
2024-07-05,12453.1,12535.9,12436.35,12520.35,0.0
2024-07-08,12539.75,12562.0,12323.25,12373.75,0.0
2024-07-09,12398.8,12435.1,12347.7,12410.85,0.0
2024-07-10,12450.9,12453.45,12153.4,12392.25,0.0
2024-07-11,12428.95,12433.6,12360.95,12424.15,0.0
2024-07-12,12489.6,12497.7,12426.5,12459.6,0.0
2024-07-15,12519.55,12543.35,12416.8,12525.15,0.0
2024-07-16,12589.35,12610.6,12532.4,12546.0,0.0
2024-07-18,12544.1,12551.3,12410.0,12473.6,0.0
2024-07-19,12470.1,12470.1,12166.7,12194.1,0.0
2024-07-22,12153.7,12488.3,12061.15,12412.8,0.0
2024-07-23,12485.25,12499.25,11948.85,12375.6,0.0
2024-07-24,12355.75,12477.95,12339.95,12459.55,0.0
2024-07-25,12331.7,12456.5,12298.95,12418.0,0.0
2024-07-26,12418.9,12697.55,12410.75,12687.0,0.0
2024-07-29,12756.95,12874.05,12741.8,12806.9,0.0
2024-07-30,12802.05,12894.4,12767.75,12869.6,0.0
2024-07-31,12900.1,12970.0,12862.85,12942.75,0.0
2024-08-01,12985.1,12996.3,12789.85,12856.5,0.0
2024-08-02,12730.45,12768.15,12594.05,12625.05,0.0
2024-08-05,12311.05,12419.75,12192.25,12294.35,0.0
2024-08-06,12362.65,12531.6,12212.55,12248.4,0.0
2024-08-07,12474.9,12574.05,12385.4,12566.15,0.0
2024-08-08,12565.05,12609.65,12488.15,12524.95,0.0
2024-08-09,12654.55,12714.8,12577.4,12598.95,0.0
2024-08-12,12584.2,12686.95,12471.15,12652.8,0.0
2024-08-13,12684.7,12698.65,12543.05,12564.0,0.0
2024-08-14,12598.3,12600.5,12471.1,12520.1,0.0
2024-08-16,12624.45,12734.35,12572.6,12724.85,0.0
2024-08-19,12798.85,12813.55,12651.3,12728.6,0.0
2024-08-20,12807.6,12877.95,12785.75,12868.7,0.0
2024-08-21,12869.6,12948.65,12839.3,12938.15,0.0
2024-08-22,12990.25,13099.3,12971.8,13067.1,0.0
2024-08-23,13079.55,13093.45,12944.0,12961.55,0.0
2024-08-26,13028.3,13098.8,13002.45,13057.9,0.0
2024-08-27,13081.1,13120.05,13044.2,13082.15,0.0
2024-08-28,13110.45,13137.7,13015.2,13085.35,0.0
2024-08-29,13098.55,13103.5,12983.45,13076.1,0.0
2024-08-30,13130.75,13190.9,13114.05,13161.85,0.0
2024-09-02,13230.5,13230.5,13140.65,13152.4,0.0
2024-09-03,13184.45,13241.9,13170.05,13212.0,0.0
2024-09-04,13104.45,13236.45,13091.7,13218.25,0.0
2024-09-05,13286.65,13299.6,13233.2,13277.4,0.0
2024-09-06,13263.85,13274.9,13033.45,13066.05,0.0
2024-09-09,13038.2,13041.9,12966.75,13007.45,0.0
2024-09-10,13103.45,13214.25,13077.45,13184.35,0.0
2024-09-11,13222.45,13255.85,13082.95,13116.7,0.0
2024-09-12,13209.2,13286.15,13165.6,13275.25,0.0
2024-09-13,13317.85,13381.45,13294.0,13346.7,0.0
2024-09-16,13397.75,13407.55,13254.55,13275.85,0.0
2024-09-17,13281.1,13314.65,13207.95,13283.35,0.0
2024-09-18,13282.25,13286.25,13049.75,13132.85,0.0
2024-09-19,13208.65,13281.35,12880.9,13087.55,0.0
2024-09-20,13136.9,13159.5,13012.95,13112.5,0.0
2024-09-23,13175.05,13238.75,13136.6,13200.6,0.0
2024-09-24,13226.0,13298.2,13196.45,13284.1,0.0
2024-09-25,13294.95,13301.55,13206.05,13259.5,0.0
2024-09-26,13291.65,13298.6,13164.6,13258.6,0.0
2024-09-27,13278.55,13357.35,13262.75,13329.8,0.0
2024-09-30,13285.1,13360.85,13186.3,13223.35,0.0
2024-10-01,13257.2,13312.25,13191.15,13295.9,0.0
2024-10-03,13118.2,13235.45,12887.6,12976.25,0.0
2024-10-04,12956.65,13069.5,12777.75,12812.85,0.0
2024-10-07,12864.6,12943.1,12537.4,12654.75,0.0
2024-10-08,12638.25,12899.15,12598.7,12874.6,0.0
2024-10-09,12938.05,13029.45,12927.2,12974.35,0.0
2024-10-10,13034.85,13083.05,12868.55,12917.45,0.0
2024-10-11,12919.0,12992.15,12844.2,12980.25,0.0
2024-10-14,12994.95,13128.85,12930.35,13098.2,0.0
2024-10-15,13162.5,13185.5,13078.85,13152.2,0.0
2024-10-16,13155.0,13206.45,13111.8,13154.7,0.0
2024-10-17,13185.7,13186.25,12976.4,12992.1,0.0
2024-10-18,12935.2,13064.1,12809.55,13033.8,0.0
2024-10-21,13059.95,13127.4,12650.1,12694.1,0.0
2024-10-22,12704.2,12755.1,12412.65,12442.25,0.0
2024-10-23,12436.15,12651.8,12400.55,12544.15,0.0
2024-10-24,12530.3,12622.55,12487.45,12572.15,0.0
2024-10-25,12641.85,12641.85,12218.85,12321.2,0.0
2024-10-28,12323.7,12421.7,12309.2,12400.2,0.0
2024-10-29,12458.35,12537.05,12308.75,12524.2,0.0
2024-10-30,12516.85,12573.9,12433.3,12448.25,0.0
2024-10-31,12469.15,12489.05,12240.7,12343.15,0.0
2024-11-01,12411.95,12448.25,12386.55,12402.15,0.0
2024-11-04,12425.2,12426.95,12267.35,12299.65,0.0
2024-11-05,12291.05,12386.55,12125.8,12371.85,0.0
2024-11-06,12431.85,12676.55,12423.45,12654.95,0.0
2024-11-07,12721.25,12726.15,12562.95,12594.4,0.0
2024-11-08,12663.95,12669.45,12483.85,12520.6,0.0
2024-11-11,12530.8,12537.9,12423.35,12495.7,0.0
2024-11-12,12534.2,12577.2,12293.25,12333.0,0.0
2024-11-13,12298.2,12317.05,12022.8,12071.1,0.0
2024-11-14,12080.35,12173.95,12043.6,12100.1,0.0
2024-11-18,12118.3,12123.85,12038.5,12091.6,0.0
2024-11-19,12122.75,12321.35,12121.9,12171.65,0.0
2024-11-21,12187.3,12247.3,12042.0,12164.65,0.0
2024-11-22,12196.4,12329.0,12174.2,12306.85,0.0
2024-11-25,12499.4,12594.15,12458.0,12576.4,0.0
2024-11-26,12652.0,12671.5,12556.25,12569.65,0.0
2024-11-27,12602.25,12630.25,12515.45,12619.25,0.0
2024-11-28,12642.0,12688.55,12529.2,12553.75,0.0
2024-11-29,12568.8,12657.55,12549.45,12619.5,0.0
2024-12-02,12634.35,12733.25,12584.25,12726.3,0.0
2024-12-03,12793.45,12821.5,12736.95,12812.85,0.0
2024-12-04,12841.4,12938.8,12783.9,12927.5,0.0
2024-12-05,13029.1,13029.1,12868.5,12935.6,0.0
2024-12-06,12967.25,12987.05,12910.9,12959.55,0.0
2024-12-09,12969.0,13024.6,12950.1,12988.8,0.0
2024-12-10,13005.15,13096.3,12988.9,13085.4,0.0
2024-12-11,13087.4,13143.9,13072.0,13133.8,0.0
2024-12-12,13149.85,13160.65,13058.1,13071.25,0.0
2024-12-13,13043.05,13144.05,12872.15,13134.5,0.0
2024-12-16,13174.6,13219.05,13143.75,13207.4,0.0
2024-12-17,13220.4,13238.55,13066.7,13091.1,0.0
2024-12-18,13084.1,13112.65,12991.7,13031.6,0.0
2024-12-19,12821.75,13037.75,12791.5,13027.2,0.0
2024-12-20,13065.3,13077.6,12658.55,12683.15,0.0
2024-12-23,12746.5,12854.4,12678.1,12756.05,0.0
2024-12-24,12774.8,12828.65,12686.75,12757.15,0.0
2024-12-26,12786.35,12807.1,12664.25,12791.65,0.0
2024-12-27,12819.1,12855.2,12761.7,12768.9,0.0
2024-12-30,12780.15,13014.1,12702.0,12987.9,0.0
2024-12-31,12894.2,12970.45,12723.35,12907.3,0.0
2025-01-01,12911.75,12946.2,12820.6,12934.75,0.0
2025-01-02,12972.1,13106.7,12917.95,13095.15,0.0
2025-01-03,13106.55,13129.75,12972.8,13009.85,0.0
2025-01-06,13053.8,13054.9,12656.4,12696.6,0.0
2025-01-07,12727.85,12865.85,12717.25,12739.35,0.0
2025-01-08,12760.25,12762.6,12420.0,12562.2,0.0
2025-01-09,12601.2,12660.1,12461.55,12481.2,0.0
2025-01-10,12464.8,12508.75,12264.45,12283.0,0.0
2025-01-13,12159.95,12162.85,11789.1,11813.5,0.0
2025-01-14,11855.3,12067.4,11854.4,12029.7,0.0
2025-01-15,12088.65,12213.65,12011.55,12129.0,0.0
2025-01-16,12246.4,12302.05,12208.75,12218.0,0.0
2025-01-17,12234.7,12288.7,12147.6,12249.85,0.0
2025-01-20,12367.2,12390.45,12169.95,12356.5,0.0
2025-01-21,12363.7,12371.0,12003.4,12013.35,0.0
2025-01-22,12034.5,12054.3,11750.95,11918.4,0.0
2025-01-23,11985.65,12225.0,11948.75,12177.4,0.0
2025-01-24,12184.35,12249.6,12028.15,12087.85,0.0
2025-01-27,11940.95,11958.4,11694.0,11722.2,0.0
2025-01-28,11747.75,11790.8,11562.25,11644.4,0.0
2025-01-29,11643.65,11880.45,11640.9,11871.7,0.0
2025-01-30,11887.0,11913.2,11774.45,11795.15,0.0
2025-01-31,11804.15,11965.8,11761.45,11930.85,0.0
2025-02-03,11778.15,11841.65,11608.45,11822.6,0.0
2025-02-04,11903.2,12054.85,11895.65,12011.55,0.0
2025-02-05,12064.8,12194.5,12059.95,12092.9,0.0
2025-02-06,12170.55,12180.45,11946.1,11973.35,0.0
2025-02-07,11983.4,12104.8,11898.05,12011.5,0.0
2025-02-10,12036.45,12055.15,11757.15,11790.05,0.0
2025-02-11,11797.55,11804.45,11396.15,11471.45,0.0
2025-02-12,11454.15,11494.45,11149.3,11395.2,0.0
2025-02-13,11412.45,11547.65,11339.2,11359.9,0.0
2025-02-14,11412.7,11428.65,10976.85,11090.05,0.0
2025-02-17,11025.7,11188.75,10840.65,11172.7,0.0
2025-02-18,11179.3,11203.7,11001.0,11136.65,0.0
2025-02-19,11066.9,11291.1,10978.6,11270.25,0.0
2025-02-20,11235.05,11409.3,11182.85,11391.45,0.0
2025-02-21,11376.65,11445.7,11163.05,11198.9,0.0
2025-02-24,11098.95,11165.35,11008.55,11126.55,0.0
2025-02-25,11101.45,11189.9,11024.15,11055.35,0.0
2025-02-27,11052.65,11066.55,10899.55,10957.3,0.0
2025-02-28,10883.55,10889.0,10677.1,10770.75,0.0
2025-03-03,10803.85,10893.5,10622.05,10866.1,0.0
2025-03-04,10755.25,10901.7,10669.25,10833.65,0.0
2025-03-05,10835.3,11180.4,10835.3,11168.5,0.0
2025-03-06,11274.7,11308.8,11172.55,11190.65,0.0
2025-03-07,11176.15,11223.45,11084.05,11117.9,0.0
2025-03-10,11132.5,11201.9,10920.7,10956.05,0.0
2025-03-11,10865.65,11032.4,10800.25,11002.25,0.0
2025-03-12,11031.05,11073.6,10777.1,10911.65,0.0
2025-03-13,10951.8,10970.25,10803.35,10823.95,0.0
2025-03-17,10825.8,10937.8,10807.0,10893.15,0.0
2025-03-18,10939.15,11161.85,10907.25,11142.65,0.0
2025-03-19,11181.25,11387.9,11144.6,11352.1,0.0
2025-03-20,11412.9,11448.55,11273.35,11364.65,0.0
2025-03-21,11352.95,11528.8,11319.7,11507.0,0.0
2025-03-24,11597.65,11747.7,11546.55,11699.5,0.0
2025-03-25,11770.8,11780.2,11503.5,11581.4,0.0
2025-03-26,11604.0,11675.3,11479.15,11502.15,0.0
2025-03-27,11429.0,11558.0,11415.05,11515.8,0.0
2025-03-28,11618.95,11701.05,11470.15,11546.0,0.0
2025-04-01,11548.0,11628.6,11368.7,11383.9,0.0
2025-04-02,11418.65,11613.2,11355.1,11606.45,0.0
2025-04-03,11507.85,11613.6,11405.85,11514.1,0.0
2025-04-04,11499.4,11500.4,11130.4,11181.8,0.0
2025-04-07,10382.55,10831.2,10382.55,10769.5,0.0
2025-04-08,11036.5,11144.9,10904.65,11042.0,0.0
2025-04-09,11009.75,11072.3,10850.1,11021.6,0.0
2025-04-11,11221.4,11280.05,11127.7,11226.3,0.0
2025-04-15,11440.55,11564.85,11366.6,11540.8,0.0
2025-04-16,11566.5,11593.55,11484.0,11566.9,0.0
2025-04-17,11540.9,11677.75,11488.35,11668.15,0.0
2025-04-21,11742.1,11970.0,11695.75,11952.75,0.0
2025-04-22,11985.55,12143.5,11939.55,12095.8,0.0
2025-04-23,12200.0,12275.55,12041.0,12266.15,0.0
2025-04-24,12285.55,12321.35,12216.65,12243.05,0.0
2025-04-25,12292.65,12334.65,11872.85,11971.4,0.0
2025-04-28,11984.0,12210.15,11980.55,12200.4,0.0
2025-04-29,12243.5,12327.4,12182.5,12195.0,0.0
2025-04-30,12219.25,12257.9,12022.05,12075.3,0.0
2025-05-02,12036.0,12221.0,11940.85,11977.0,0.0
2025-05-05,12063.35,12257.7,12057.0,12242.35,0.0
2025-05-06,12289.2,12294.95,11966.45,11985.9,0.0
2025-05-07,11883.95,12239.45,11879.3,12217.65,0.0
2025-05-08,12277.55,12298.2,11920.0,11983.4,0.0
2025-05-09,11744.1,12048.3,11743.4,12021.9,0.0
2025-05-12,12357.55,12548.55,12322.15,12537.9,0.0
2025-05-13,12571.55,12662.35,12513.65,12577.4,0.0
2025-05-14,12597.65,12677.5,12553.95,12656.4,0.0
2025-05-15,12700.2,12761.15,12639.0,12741.35,0.0
2025-05-16,12795.75,12861.35,12754.15,12811.4,0.0
2025-05-19,12832.35,12853.85,12732.8,12761.85,0.0
2025-05-20,12833.6,12842.6,12555.6,12583.25,0.0
2025-05-21,12607.85,12695.95,12520.45,12620.8,0.0
2025-05-22,12579.45,12579.45,12408.8,12473.9,0.0
2025-05-23,12502.95,12621.1,12462.5,12592.2,0.0
2025-05-26,12639.1,12692.85,12627.0,12653.95,0.0
2025-05-27,12658.5,12673.05,12560.85,12618.35,0.0
2025-05-28,12659.95,12713.65,12576.4,12595.35,0.0
2025-05-29,12659.65,12733.45,12598.85,12705.95,0.0
2025-05-30,12725.45,12772.75,12664.55,12712.2,0.0
2025-06-02,12693.15,12785.85,12643.0,12771.0,0.0
2025-06-03,12834.7,12834.8,12676.05,12688.6,0.0
2025-06-04,12733.0,12835.55,12647.65,12822.1,0.0
2025-06-05,12878.65,12980.3,12842.25,12951.7,0.0
2025-06-06,12999.25,13157.2,12956.5,13146.0,0.0
2025-06-09,13224.3,13318.95,13194.35,13302.35,0.0
2025-06-10,13359.3,13376.45,13282.6,13311.65,0.0
2025-06-11,13346.65,13351.2,13175.65,13237.55,0.0
2025-06-12,13243.5,13247.05,13008.7,13036.3,0.0
2025-06-13,12769.75,13018.7,12756.15,12991.6,0.0
2025-06-16,12977.6,13122.55,12869.75,13107.5,0.0
2025-06-17,13140.85,13178.5,13015.6,13039.75,0.0
2025-06-18,12969.05,13071.35,12907.4,12943.35,0.0
2025-06-19,12968.15,12976.55,12704.7,12727.7,0.0
2025-06-20,12721.1,13013.4,12720.8,12984.35,0.0
2025-06-23,12890.1,13080.65,12856.1,13033.1,0.0
2025-06-24,13207.7,13236.25,13123.3,13147.85,0.0
2025-06-25,13199.7,13238.15,13176.85,13221.3,0.0
2025-06-26,13256.3,13315.8,13190.9,13305.1,0.0
2025-06-27,13358.65,13468.7,13319.45,13340.55,0.0
2025-06-30,13421.55,13445.0,13341.5,13433.85,0.0
2025-07-01,13462.45,13464.25,13319.3,13416.15,0.0
2025-07-02,13405.15,13481.75,13360.4,13440.5,0.0
2025-07-03,13475.2,13537.8,13438.85,13462.55,0.0
2025-07-04,13485.55,13495.55,13334.8,13416.0,0.0
2025-07-07,13425.95,13462.05,13352.4,13398.25,0.0
2025-07-08,13403.15,13423.6,13223.15,13333.45,0.0
2025-07-09,13353.95,13399.05,13268.4,13291.85,0.0
2025-07-10,13308.55,13321.6,13171.25,13211.05,0.0
2025-07-11,13190.0,13204.4,12995.05,13026.85,0.0
2025-07-14,13072.25,13187.75,13011.6,13169.0,0.0
2025-07-15,13205.35,13357.9,13175.0,13342.05,0.0
2025-07-16,13375.85,13380.65,13304.05,13323.35,0.0
2025-07-17,13369.45,13369.9,13246.2,13264.75,0.0
2025-07-18,13277.6,13283.35,13121.25,13171.0,0.0
2025-07-21,13178.75,13312.35,13129.8,13301.0,0.0
2025-07-22,13365.2,13366.75,13190.15,13206.6,0.0
2025-07-23,13228.7,13284.45,13155.15,13276.35,0.0
2025-07-24,13267.05,13267.7,13074.55,13107.65,0.0
2025-07-25,13071.2,13110.45,12889.6,12925.9,0.0
2025-07-28,12933.0,13103.4,12827.85,12898.95,0.0
2025-07-29,12876.1,13048.7,12870.3,13033.7,0.0
2025-07-30,13043.35,13044.15,12932.1,13009.65,0.0
2025-07-31,12826.8,12978.45,12761.9,12867.1,0.0
2025-08-01,12865.45,12871.8,12645.05,12668.25,0.0
2025-08-04,12684.65,12870.0,12614.05,12861.1,0.0
2025-08-05,12865.05,12871.75,12716.85,12761.05,0.0
2025-08-06,12798.95,12798.95,12575.5,12636.4,0.0
2025-08-07,12559.9,12750.85,12504.0,12724.7,0.0
2025-08-08,12762.4,12762.4,12493.3,12506.3,0.0
2025-08-11,12493.5,12631.3,12452.5,12610.5,0.0
2025-08-12,12630.0,12663.5,12549.8,12561.6,0.0
2025-08-13,12623.75,12726.2,12618.3,12699.1,0.0
2025-08-14,12718.5,12742.95,12600.95,12639.1,0.0
2025-08-18,12800.15,12905.25,12771.85,12811.3,0.0
2025-08-19,12845.55,12922.15,12745.6,12908.3,0.0
2025-08-20,12912.0,13020.75,12867.25,12999.8,0.0
2025-08-21,13049.5,13057.35,12913.15,12921.35,0.0
2025-08-22,12953.75,12977.95,12907.4,12935.8,0.0
2025-08-25,13005.4,13019.8,12944.35,12953.35,0.0
2025-08-26,12883.35,12913.35,12655.05,12671.75,0.0
2025-08-28,12690.85,12691.75,12520.3,12535.15,0.0
2025-08-29,12527.6,12629.1,12431.8,12450.2,0.0
2025-09-01,12487.95,12725.35,12478.0,12715.7,0.0
2025-09-02,12749.95,12789.75,12654.0,12709.4,0.0
2025-09-03,12724.8,12787.75,12661.3,12773.6,0.0
2025-09-04,12949.25,12949.25,12720.75,12738.8,0.0
2025-09-05,12784.05,12867.1,12696.0,12778.15,0.0
2025-09-08,12824.85,12914.1,12789.4,12841.4,0.0
2025-09-09,12873.6,12900.9,12818.1,12883.5,0.0
2025-09-10,12979.5,13088.15,12963.7,13040.9,0.0
2025-09-11,13066.05,13086.35,12990.55,13037.6,0.0
2025-09-12,13098.45,13114.2,13063.55,13083.05,0.0
2025-09-15,13114.8,13131.6,13062.05,13102.15,0.0
2025-09-16,13115.45,13165.75,13075.65,13146.55,0.0
2025-09-17,13191.7,13210.3,13121.0,13151.9,0.0
2025-09-18,13197.5,13248.15,13141.15,13234.25,0.0
2025-09-19,13237.9,13266.05,13208.2,13240.5,0.0
2025-09-22,13179.45,13226.75,13061.95,13094.9,0.0
2025-09-23,13105.0,13124.3,13007.15,13074.7,0.0
2025-09-24,13058.25,13069.7,12890.9,12905.35,0.0
2025-09-25,12922.05,12968.4,12801.95,12822.3,0.0
2025-09-26,12792.1,12817.7,12545.65,12563.35,0.0
2025-09-29,12612.5,12691.2,12561.95,12613.4,0.0
2025-09-30,12643.8,12668.25,12520.25,12599.25,0.0
2025-10-01,12619.15,12707.5,12580.4,12698.15,0.0
2025-10-03,12716.95,12806.1,12671.2,12793.6,0.0
2025-10-06,12801.55,12948.25,12796.6,12944.95,0.0
2025-10-07,12967.05,13035.6,12931.2,13014.5,0.0
2025-10-08,13012.7,13052.1,12892.55,12910.65,0.0
2025-10-09,12941.6,13048.1,12917.6,13034.55,0.0
2025-10-10,13061.35,13182.95,13041.7,13149.55,0.0
2025-10-13,13125.95,13203.85,13060.1,13186.95,0.0
2025-10-14,13230.5,13248.0,13015.05,13035.1,0.0
2025-10-15,13088.3,13194.0,13085.1,13161.95,0.0
2025-10-16,13204.2,13275.8,13165.3,13260.85,0.0
2025-10-17,13272.95,13290.35,13115.3,13160.8,0.0
2025-10-20,13215.3,13290.9,13203.8,13232.9,0.0
2025-10-21,13295.2,13299.2,13201.55,13231.75,0.0
2025-10-23,13319.15,13336.3,13181.0,13204.55,0.0
2025-10-24,13223.4,13271.85,13115.2,13164.85,0.0
2025-10-27,13242.15,13358.1,13219.65,13345.3,0.0
2025-10-28,13340.65,13381.1,13294.9,13366.2,0.0
2025-10-29,13361.6,13449.35,13315.85,13430.75,0.0
2025-10-30,13490.95,13493.0,13378.5,13467.65,0.0
2025-10-31,13484.95,13554.4,13452.95,13467.85,0.0
2025-11-03,13480.4,13619.9,13469.85,13589.05,0.0
2025-11-04,13587.4,13599.95,13496.4,13506.0,0.0
2025-11-06,13517.9,13534.6,13358.5,13375.25,0.0
2025-11-07,13347.45,13474.2,13222.25,13446.75,0.0
2025-11-10,13473.3,13566.7,13443.5,13527.4,0.0
2025-11-11,13566.95,13693.05,13494.05,13681.2,0.0
2025-11-12,13782.65,13910.9,13752.85,13855.4,0.0
2025-11-13,13877.1,13957.5,13802.8,13826.6,0.0
2025-11-14,13829.05,13910.05,13787.75,13865.25,0.0
2025-11-17,13927.7,14006.4,13884.95,13997.45,0.0
2025-11-18,14003.1,14008.9,13902.65,13917.25,0.0
2025-11-19,13927.25,14019.4,13879.0,14000.6,0.0
2025-11-20,14068.1,14072.8,13972.6,13992.2,0.0
2025-11-21,13980.05,13980.05,13832.05,13851.35,0.0
2025-11-24,13862.9,13889.65,13721.1,13738.5,0.0
2025-11-25,13756.6,13825.8,13728.25,13806.7,0.0
2025-11-26,13845.55,14019.8,13810.2,14009.3,0.0
2025-11-27,14044.65,14089.9,13991.85,14075.9,0.0
2025-11-28,14087.5,14095.05,14026.15,14043.7,0.0
2025-12-01,14100.4,14118.4,14002.85,14046.45,0.0
2025-12-02,14070.0,14101.95,13961.25,13990.5,0.0
2025-12-03,14005.8,14007.4,13813.25,13844.0,0.0
2025-12-04,13875.0,13958.7,13853.7,13875.2,0.0
2025-12-05,13881.95,14013.35,13833.4,13998.5,0.0
2025-12-08,14005.0,14052.85,13707.2,13764.7,0.0
2025-12-09,13732.1,13789.05,13498.9,13741.35,0.0
2025-12-10,13773.8,13819.25,13514.5,13534.35,0.0
2025-12-11,13551.15,13738.05,13524.15,13728.05,0.0
2025-12-12,13779.25,13919.6,13757.05,13908.25,0.0
2025-12-15,13880.6,13893.65,13777.0,13862.6,0.0
2025-12-16,13852.35,13852.35,13704.3,13748.0,0.0
2025-12-17,13742.6,13782.05,13626.35,13652.3,0.0
2025-12-18,13672.5,13760.35,13574.05,13745.15,0.0
2025-12-19,13773.05,13875.05,13727.85,13862.35,0.0
2025-12-22,13894.8,13993.6,13866.2,13971.65,0.0
2025-12-23,13978.15,13985.8,13892.9,13946.35,0.0
2025-12-24,13946.7,13993.2,13797.55,13813.1,0.0
2025-12-26,13809.0,13876.1,13708.55,13722.85,0.0
2025-12-29,13742.25,13772.55,13634.5,13651.45,0.0
2025-12-30,13649.4,13664.55,13579.3,13601.4,0.0
2025-12-31,13644.4,13821.85,13641.25,13777.25,0.0
2026-01-01,13809.85,13852.4,13729.2,13843.6,0.0
2026-01-02,13884.3,13995.4,13847.05,13984.0,0.0
2026-01-05,14015.1,14037.5,13884.8,13968.0,0.0
2026-01-06,13989.5,14023.4,13898.45,13957.1,0.0
2026-01-07,13963.45,14080.25,13927.55,14053.4,0.0
2026-01-08,14049.25,14054.2,13739.2,13759.6,0.0
2026-01-09,13775.75,13843.45,13619.15,13676.7,0.0
2026-01-12,13681.4,13721.85,13491.65,13696.95,0.0
2026-01-13,13750.8,13775.6,13529.6,13649.25,0.0
2026-01-14,13624.75,13742.6,13590.8,13705.9,0.0
2026-01-16,13727.5,13844.8,13657.85,13697.85,0.0
2026-01-19,13682.3,13702.8,13589.35,13655.2,0.0
2026-01-20,13656.65,13658.5,13261.45,13307.9,0.0
2026-01-21,13271.0,13346.05,12985.5,13155.05,0.0
2026-01-22,13286.9,13423.8,13204.9,13325.45,0.0
2026-01-23,13388.3,13388.9,13044.05,13066.65,0.0
2026-01-27,13119.2,13181.05,12935.1,13137.9,0.0
2026-01-28,13191.7,13402.1,13176.9,13381.9,0.0
2026-01-29,13415.55,13433.9,13270.35,13424.35,0.0
2026-01-30,13360.35,13462.15,13273.8,13400.05,0.0
2026-02-02,13050.1,13288.05,12925.2,13257.05,0.0
2026-02-03,13857.8,13968.0,13585.95,13655.65,0.0
2026-02-04,13630.3,13738.3,13507.5,13721.85,0.0
2026-02-05,13713.75,13725.9,13582.35,13700.5,0.0
2026-02-06,13657.25,13670.0,13488.8,13644.9,0.0
2026-02-09,13738.55,13886.65,13717.8,13868.65,0.0
2026-02-10,13966.65,13970.8,13890.45,13953.1,0.0
2026-02-11,13969.4,13977.4,13900.2,13952.8,0.0
2026-02-12,13934.8,13935.3,13835.95,13893.5,0.0
2026-02-13,13750.5,13763.2,13580.6,13628.35,0.0
2026-02-16,13536.2,13657.45,13444.25,13641.75,0.0
2026-02-17,13648.85,13700.45,13597.25,13664.35,0.0
2026-02-18,13693.0,13746.45,13654.45,13729.55,0.0
2026-02-19,13740.05,13750.4,13400.1,13442.5,0.0
2026-02-20,13407.55,13526.0,13382.85,13476.0,0.0
2026-02-23,13560.4,13582.9,13422.5,13477.75,0.0
2026-02-24,13440.6,13483.55,13305.45,13448.65,0.0
2026-02-25,13506.1,13596.8,13462.65,13558.55,0.0
2026-02-26,13591.95,13690.3,13559.3,13652.95,0.0
2026-02-27,13645.35,13674.2,13467.05,13491.45,0.0
2026-03-02,13039.7,13450.65,13037.55,13289.85,0.0
2026-03-04,13097.7,13112.2,12929.0,13034.35,0.0
2026-03-05,13161.15,13314.0,13067.8,13260.5,0.0
2026-03-06,13246.8,13324.5,13153.1,13166.9,0.0
2026-03-09,12910.85,12971.6,12681.1,12942.3,0.0
2026-03-10,13147.25,13242.25,13028.85,13209.5,0.0
2026-03-11,13237.15,13296.05,12936.65,12961.9,0.0
2026-03-12,12884.2,13068.65,12701.8,12961.15,0.0
2026-03-13,12884.65,12917.65,12579.5,12618.5,0.0
2026-03-16,12572.35,12701.35,12402.1,12615.25,0.0
2026-03-17,12681.8,12771.85,12577.7,12736.3,0.0
2026-03-18,12764.9,13039.55,12763.25,12980.55,0.0
2026-03-19,12751.45,12780.15,12454.05,12517.0,0.0
2026-03-20,12625.4,12769.85,12581.45,12625.9,0.0
2026-03-23,12483.7,12483.7,12139.55,12183.55,0.0
2026-03-24,12453.95,12581.1,12231.4,12532.4,0.0
2026-03-25,12663.95,12866.0,12651.15,12788.3,0.0
2026-03-27,12703.4,12710.0,12489.25,12517.3,0.0
2026-03-30,12344.35,12376.85,12130.7,12158.75,0.0
2026-04-01,12510.9,12629.25,12411.2,12460.05,0.0
2026-04-02,12296.5,12423.85,12046.2,12394.55,0.0
2026-04-06,12418.55,12599.75,12252.95,12583.3,0.0
2026-04-07,12506.05,12638.35,12363.5,12620.85,0.0
2026-04-08,13065.15,13242.95,13019.0,13241.2,0.0
