date,open,high,low,close,volume
2002-08-12,25.194080946590404,26.023583668752835,25.194080946590404,25.828407287597656,212976
2002-08-13,25.86093443259609,26.27568576419627,25.291668580306236,25.47871208190918,153576
2002-08-14,25.535633390372013,25.535633390372013,23.242304812910977,23.722116470336914,822776
2002-08-16,23.600131794888302,24.722397532250053,23.258571362577353,23.665189743041992,811856
2002-08-19,23.860370246528657,23.860370246528657,22.860089848187673,23.079662322998047,205880
2002-08-20,23.242304812910977,25.19407297013686,23.08779033015757,23.722116470336914,3773624
2002-08-21,25.031433391793374,25.503112331915,23.76278568133392,24.885051727294922,3011064
2002-08-22,25.70642641699803,27.048267694095525,25.576307978615898,25.95853042602539,6732480
2002-08-23,26.186216727474868,28.381955397169964,25.86905497154577,27.51992416381836,4841672
2002-08-26,27.959088200825793,28.138001340800425,27.20277875288365,27.422353744506836,2576912
2002-08-27,27.650057526750683,28.788589307263948,26.51152574623742,26.73923110961914,3694224
2002-08-28,26.657905715434005,27.06452418261147,26.21062540153879,26.763628005981445,1674960
2002-08-29,26.60098061911046,27.243437300890427,26.51152405997098,26.763628005981445,1236544
2002-08-30,26.84494556774972,29.357846624573078,26.83681270390337,28.658462524414062,3762384
2002-09-02,29.113887958312304,29.910859317522696,28.658474689419513,28.95124053955078,2389568
2002-09-03,29.113882265104134,29.23586780532105,27.324761008589356,27.593128204345703,986784
2002-09-04,27.243427894104098,28.463282874437116,26.926266095577773,28.194915771484375,1449856
2002-09-05,29.056958494464144,29.187076917439523,27.650059405661764,28.02414894104004,1061360
2002-09-06,28.13799351699189,28.13799351699189,26.682300129091683,26.983196258544922,907472
2002-09-09,25.69828623997346,27.772040351110558,25.69828623997346,26.633508682250977,880848
2002-09-11,26.779890573994237,27.78017346687324,26.779890573994237,27.308494567871094,635936
2002-09-12,27.641913591571047,28.121722724863016,27.259693850250915,27.44673728942871,781968
2002-09-13,26.48711650985286,27.47113079016974,26.438321818496387,26.666027069091797,338264
2002-09-16,26.918138085776132,27.06451971708684,25.942253925566725,26.14556312561035,288592
2002-09-17,26.61723604805281,27.080781957157157,26.527781996998847,26.910001754760742,462952
2002-09-18,26.755506581310073,26.836830309520742,25.860945570992712,26.080520629882812,315432
2002-09-19,25.860933303833008,26.722964910321185,25.53563854529423,25.860933303833008,490848
2002-09-20,24.93384205641552,25.81213685250297,24.82811977794081,25.438047409057617,501072
2002-09-23,25.61695805991568,25.68201600829957,24.901310700486317,25.007030487060547,248504
2002-09-24,24.91758147507503,24.91758147507503,23.89290234672993,24.161272048950195,267912
2002-09-25,23.600126672600418,24.55974484949605,23.42121363130749,24.348302841186523,379544
2002-09-26,24.852522963308708,25.120890177855212,24.55975714992922,24.73053741455078,178136
2002-09-27,24.649215094406895,25.372995561169503,24.649215094406895,25.031435012817383,206288
2002-09-30,24.649203573835713,25.031423313603927,23.600128782504015,24.1205997467041,202232
2002-10-01,24.234457320477834,24.559752049611763,23.50254417992649,23.917295455932617,240192
2002-10-03,24.234453024453675,25.86092638179956,24.234453024453675,24.55974769592285,673264
2002-10-04,24.885042530378005,24.95823333557766,24.15312951477865,24.40523338317871,258296
2002-10-07,24.567892119223693,24.72240666451641,24.088082749397866,24.299522399902344,110976
2002-10-08,24.372711417342778,25.19407871881694,24.23446014860639,24.958240509033203,227352
2002-10-09,25.047699733769594,25.446185369537268,24.11247717877495,24.32391929626465,277040
2002-10-10,25.047686800148288,25.047686800148288,23.835964785722116,24.348302841186523,173224
2002-10-11,25.031426845538768,25.33232544385255,24.795588678055854,24.86064910888672,192536
2002-10-14,25.32419254496821,25.372987247573874,24.445897825272855,24.68173599243164,152744
2002-10-15,24.681735992431637,24.681735992431637,24.681735992431637,24.68173599243164,0
2002-10-16,27.828970849362587,27.828970849362587,24.576022882484544,24.73053741455078,247760
2002-10-17,24.885051946617022,24.885051946617022,24.41337548414064,24.73053741455078,144512
2002-10-18,25.2103414243738,25.974783538946063,24.909442808200872,25.25100326538086,512312
2002-10-21,25.84466087119407,26.503383082776843,25.53563192343988,25.6413516998291,646296
2002-10-22,25.86093419791438,25.86093419791438,24.559755118774035,24.714269638061523,229384
2002-10-23,24.885049097991185,25.177814877857376,24.413372689508254,24.60041618347168,153320
2002-10-24,24.868777015524927,24.950100684616636,24.00674810859392,24.169395446777344,168744
2002-10-25,23.74651540319947,24.128737705492256,23.600133766722404,23.673324584960938,172296
2002-10-28,23.502544381903032,23.746515430850124,23.12845494382379,23.323631286621094,134504
2002-10-29,23.25858167149835,23.713994955832295,23.128463235716836,23.526948928833008,143024
2002-10-30,23.746517189320798,24.356444856854722,23.58386981131175,23.925430297851562,164320
2002-10-31,24.071817015450186,24.3971118399833,23.941698589276434,24.299522399902344,118928
2002-11-01,24.413369427803705,24.819987822791763,23.91729448955793,24.047412872314453,108792
2002-11-04,24.397117753496435,24.397117753496435,24.03929385613912,24.226337432861328,56560
2002-11-05,23.998612494158657,24.28324530334976,23.811566587609533,23.966083526611328,70288
2002-11-07,24.39711331625233,25.69829269311912,24.39711331625233,24.70614242553711,204880
2002-11-08,24.234457939314083,24.55161981195815,24.088076300186636,24.27511978149414,77664
2002-11-11,24.39710655990912,24.39710655990912,23.860369719230718,23.909164428710938,66568
2002-11-12,23.746516013105108,24.397105492916207,23.746516013105108,24.03114891052246,106864
2002-11-13,24.153141360234077,24.21819933413992,23.6977280974853,23.82784652709961,106264
2002-11-14,24.20193574237535,24.657348998741526,23.83597906022795,24.153141021728516,211856
2002-11-15,24.689874511768707,24.82812330538234,24.397108710877728,24.673608779907227,154144
2002-11-18,24.885052642075507,25.20221458134932,24.61668542002899,24.92571449279785,217672
2002-11-20,24.8850445820745,25.94225235843714,24.8850445820745,25.7470760345459,406128
2002-11-21,26.226890087127686,29.097615358207193,26.226890087127686,27.97534942626953,2664024
2002-11-22,26.92628693173015,29.390394906063207,26.92628693173015,27.544347763061523,1184016
2002-11-25,27.812694802290597,28.105460507096044,27.162105450190232,27.495532989501953,428920
2002-11-26,27.731357679220398,28.268094130662128,27.178357990947234,27.33287239074707,367496
2002-11-27,27.81269316977643,27.81269316977643,26.600971068973912,26.75548553466797,301128
2002-11-28,27.015720726506274,28.44701515080236,27.007587864181634,27.8452205657959,447680
2002-12-02,29.195193608310312,31.87887435782073,28.93495690654643,30.82979965209961,1388680
2002-12-03,31.553593528689493,34.107157044702376,30.431327535080698,32.59453582763672,4082608
2002-12-04,32.02525840669763,33.30204094479871,31.073773011641308,31.50478744506836,2594928
2002-12-05,31.309615591470138,33.25325097208678,31.309615591470138,32.30176544189453,1720264
2002-12-06,32.85477522598618,33.61921751953726,32.29364218507116,33.14754104614258,1139968
2002-12-09,33.017421142342165,33.65174498930171,31.244565531853574,31.5535945892334,975768
2002-12-10,30.98432434280906,32.854769119409085,30.756619014900267,32.27737045288086,837808
2002-12-11,33.1800544425949,35.12368948833764,33.01740711689591,33.79811477661133,3286400
2002-12-12,33.830652059404834,35.13183098476656,33.830652059404834,34.074623107910156,2568024
2002-12-13,34.48125791320705,34.920405512910875,34.00958132126647,34.212890625,1112288
2002-12-16,34.643886967622336,34.92038697757635,32.54573705948702,32.74091339111328,1231456
2002-12-17,33.358985229990864,33.358985229990864,31.813834814320145,32.139129638671875,855656
2002-12-18,32.496933164059556,33.00113833799131,31.618636197473567,31.838211059570312,618096
2002-12-19,32.48067549637555,35.375798840360794,32.12285182055751,34.530033111572266,3770256
2002-12-20,34.96918123855457,35.74988903698496,34.15594446556493,34.814666748046875,2952072
2002-12-23,34.969183916046134,34.977316780759075,33.34271024553236,33.578548431396484,1277744
2002-12-24,33.6680058363183,35.131832177027796,33.54602030792584,34.96105194091797,1729840
2002-12-26,35.229421000668715,36.40048155720412,34.643889481500075,35.95320129394531,2894448
2002-12-27,36.20530583549522,36.351687476909646,34.99358093415668,35.13996505737305,956984
2002-12-30,35.131825387660676,37.55526975732965,34.326721552220405,37.181182861328125,4253744
2002-12-31,37.42515260492633,39.74287711806815,36.433002873246835,39.108551025390625,9998480
2003-01-01,39.02724316925955,40.320289504079234,39.02724316925955,39.74289321899414,6027072
2003-01-02,40.02751967606786,40.93834348006569,37.677263139734926,37.92936706542969,5325328
2003-01-03,39.03537821789628,39.71849684034896,38.059493762448874,38.392921447753906,4198040
2003-01-06,38.9865727087534,39.157352937551686,37.00227536154936,37.25437927246094,4121520
2003-01-07,37.73421399373878,38.05950894196066,36.47369606937897,36.823387145996094,2650800
2003-01-08,37.31130926095114,38.482372422619704,37.034809201813566,38.140811920166016,2648456
2003-01-09,38.38479701396843,39.13297625357209,38.02697313138527,38.514915466308594,2630400
2003-01-10,39.035367236765126,39.035367236765126,35.95320019505591,36.15650939941406,1702816
2003-01-13,36.57940512101453,36.920965708394796,35.294491448113085,36.52248001098633,2421496
2003-01-14,36.90468802706012,38.140809057464175,36.75830638373946,37.01041030883789,2239360
2003-01-15,37.31129654274515,38.14079891920968,37.09985699899654,37.75044631958008,2759760
2003-01-16,38.035080469201475,39.16547895664082,37.42515295995707,38.28718185424805,2842656
2003-01-17,37.81551598976487,38.384781821868856,37.262515888441825,37.42516326904297,1284144
2003-01-20,37.24626375448824,37.39264545774539,35.96134997139957,36.22971725463867,928872
2003-01-21,36.27850422947129,36.79897542979744,35.131839526348045,35.286354064941406,1147240
2003-01-22,35.587241039167075,36.27035941977105,35.18062266002166,35.44085693359375,1081352
2003-01-23,34.969189276305926,35.4408657203352,33.68427587236256,34.139686584472656,1001872
2003-01-24,34.23728705921964,34.79028737766871,32.45629803872298,32.91984176635742,1436848
2003-01-27,31.228301706529003,32.51321521110792,30.10603560667159,30.626506805419922,916832
2003-01-28,31.317747948172812,33.01741227067222,30.089759951105222,32.76530838012695,2043224
2003-01-29,32.87102247491279,33.342698683074914,31.586107231703938,31.838211059570312,1370440
2003-01-30,31.732498603136683,33.24511695483981,31.732498603136683,32.3261604309082,1203464
2003-01-31,31.716218903086983,32.60264606324906,31.342129670946886,31.545438766479492,1083040
2003-02-03,31.75690447413279,34.13968786320978,31.63491892557658,33.95264434814453,1566808
2003-02-04,33.99330122548,34.790272366753726,32.53760772199329,32.887298583984375,1311144
2003-02-05,32.36682700377429,32.854769119409085,31.77316508913941,32.27737045288086,845080
2003-02-06,32.326172161614586,33.11501307878252,31.960215495634042,32.9279670715332,946624
2003-02-07,32.618946009584086,33.7737413948173,32.244856384924226,32.61081314086914,1023440
2003-02-10,32.204161941834144,32.67583806846401,31.42345448930835,31.529176712036133,449688
2003-02-11,31.553585394328877,32.358689267566135,31.065643352148534,31.244556427001953,701960
2003-02-12,31.5698454460521,31.716227039668585,30.593961537139222,30.82979965209961,459064
2003-02-14,29.691282505370225,31.130710464548155,28.991898209290554,29.26839828491211,790336
2003-02-17,30.089766416552198,31.22829811880012,29.788867759665813,31.130708694458008,795272
2003-02-18,31.61865214504756,31.878888966062853,30.789151931440543,30.943666458129883,819688
2003-02-19,31.390941125365117,31.529192376928123,30.84607146544246,30.95992660522461,455960
2003-02-20,30.187366474131785,31.057528806847092,29.813276858120076,30.86235237121582,542944
2003-02-21,30.903004123760443,31.19576992234599,30.203619849862264,30.325605392456055,494544
2003-02-24,31.057497356957715,31.057497356957715,30.252393824127335,30.512630462646484,326488
2003-02-25,29.528643139283684,30.57771862775842,29.528643139283684,29.79701042175293,264440
2003-02-26,30.10602412313747,30.54517145201826,29.048816395705217,29.276521682739258,422312
2003-02-27,29.113891831174925,30.219894922239373,29.081362839455995,29.723819732666016,280480
2003-02-28,30.82981718735232,31.55359766843794,29.959652547589332,31.260831832885742,694688
2003-03-03,30.10603261886788,31.870755295878915,30.10603261886788,30.919269561767578,500896
2003-03-04,30.57770683170581,30.57770683170581,29.92711732464824,30.146692276000977,255760
2003-03-05,29.813257986367468,30.57769998975095,29.23585943169007,30.2686710357666,471552
2003-03-06,30.512658265491368,30.512658265491368,29.27653682888404,29.447317123413086,265080
2003-03-07,29.910843732108003,29.910843732108003,28.503945285623725,28.625930786132812,518664
2003-03-10,28.520222466806388,28.788589682994715,26.267554993240942,26.690439224243164,346400
2003-03-11,26.023561458505945,28.268094130662128,25.747061614369365,27.33287239074707,497168
2003-03-12,28.089201080949493,28.089201080949493,26.804287815067227,26.926273345947266,481872
2003-03-13,27.46301071032675,27.796435849084666,26.67416993596313,27.275964736938477,390112
2003-03-14,27.275964736938473,27.275964736938473,27.275964736938473,27.275964736938477,0
2003-03-17,26.52779207352053,27.975352948482694,26.202497271793987,27.194644927978516,373856
2003-03-19,27.89402953716441,28.138000640988007,26.877483271232762,27.137720108032227,374256
2003-03-20,27.24343247052572,27.97534558167417,26.674166717410255,27.796432495117188,537616
2003-03-21,27.79643249511719,27.79643249511719,27.79643249511719,27.796432495117188,0
2003-03-24,28.21931646589764,28.463287501625864,26.836813930104384,27.05638885498047,328920
2003-03-25,27.633778106823918,27.633778106823918,26.10489432299511,26.666027069091797,351496
2003-03-26,27.487399531110118,27.487399531110118,26.10489718782943,26.544044494628906,260264
2003-03-27,26.332606343401412,26.67416678890689,26.023577355031115,26.29194450378418,241056
2003-03-28,26.99944987174356,26.99944987174356,26.023566141439577,26.137418746948242,218000
2003-03-31,21.12788617904539,25.836528146184733,21.12788617904539,24.974496841430664,230712
2003-04-02,24.97449684143066,24.97449684143066,24.97449684143066,24.974496841430664,0
2003-04-03,24.97449684143066,24.97449684143066,24.97449684143066,24.974496841430664,0
2003-04-04,24.97449684143066,24.97449684143066,24.97449684143066,24.974496841430664,0
2003-04-07,24.97449684143066,24.97449684143066,24.97449684143066,24.974496841430664,0
2003-04-08,24.97449684143066,24.97449684143066,24.97449684143066,24.974496841430664,0
2003-04-09,24.97449684143066,24.97449684143066,24.97449684143066,24.974496841430664,0
2003-04-10,24.97449684143066,24.97449684143066,24.97449684143066,24.974496841430664,0
2003-04-11,24.97449684143066,24.97449684143066,24.97449684143066,24.974496841430664,0
2003-04-14,24.97449684143066,24.97449684143066,24.97449684143066,24.974496841430664,0
2003-04-15,24.97449684143066,24.97449684143066,24.97449684143066,24.974496841430664,0
2003-04-16,24.97449684143066,24.97449684143066,24.97449684143066,24.974496841430664,0
2003-04-17,24.97449684143066,24.97449684143066,24.97449684143066,24.974496841430664,0
2003-04-18,24.97449684143066,24.97449684143066,24.97449684143066,24.974496841430664,0
2003-04-21,24.97449684143066,24.97449684143066,24.97449684143066,24.974496841430664,0
2003-04-22,24.97449684143066,24.97449684143066,24.97449684143066,24.974496841430664,0
2003-04-23,24.97449684143066,24.97449684143066,24.97449684143066,24.974496841430664,0
2003-04-24,24.97449684143066,24.97449684143066,24.97449684143066,24.974496841430664,0
2003-04-25,24.97449684143066,24.97449684143066,24.97449684143066,24.974496841430664,0
2003-04-28,24.97449684143066,24.97449684143066,24.97449684143066,24.974496841430664,0
2003-04-29,24.97449684143066,24.97449684143066,24.97449684143066,24.974496841430664,0
2003-04-30,24.97449684143066,24.97449684143066,24.97449684143066,24.974496841430664,0
2003-05-01,24.97449684143066,24.97449684143066,24.97449684143066,24.974496841430664,0
2003-05-02,24.97449684143066,24.97449684143066,24.97449684143066,24.974496841430664,0
2003-05-05,24.97449684143066,24.97449684143066,24.97449684143066,24.974496841430664,0
2003-05-06,24.97449684143066,24.97449684143066,24.97449684143066,24.974496841430664,0
2003-05-07,24.97449684143066,24.97449684143066,24.97449684143066,24.974496841430664,0
2003-05-08,24.97449684143066,24.97449684143066,24.97449684143066,24.974496841430664,0
2003-05-09,24.97449684143066,24.97449684143066,24.97449684143066,24.974496841430664,0
2003-05-12,24.97449684143066,24.97449684143066,24.97449684143066,24.974496841430664,0
2003-05-13,24.97449684143066,24.97449684143066,24.97449684143066,24.974496841430664,0
2003-05-14,24.97449684143066,24.97449684143066,24.97449684143066,24.974496841430664,0
2003-05-15,24.97449684143066,24.97449684143066,24.97449684143066,24.974496841430664,0
2003-05-16,24.97449684143066,24.97449684143066,24.97449684143066,24.974496841430664,0
2003-05-19,24.97449684143066,24.97449684143066,24.97449684143066,24.974496841430664,0
2003-05-20,24.97449684143066,24.97449684143066,24.97449684143066,24.974496841430664,0
2003-05-21,24.97449684143066,24.97449684143066,24.97449684143066,24.974496841430664,0
2003-05-22,24.97449684143066,24.97449684143066,24.97449684143066,24.974496841430664,0
2003-05-23,24.97449684143066,24.97449684143066,24.97449684143066,24.974496841430664,0
2003-05-26,24.97449684143066,24.97449684143066,24.97449684143066,24.974496841430664,0
2003-05-27,24.97449684143066,24.97449684143066,24.97449684143066,24.974496841430664,0
2003-05-28,24.97449684143066,24.97449684143066,24.97449684143066,24.974496841430664,0
2003-05-29,24.97449684143066,24.97449684143066,24.97449684143066,24.974496841430664,0
2003-05-30,24.97449684143066,24.97449684143066,24.97449684143066,24.974496841430664,0
2003-06-02,24.97449684143066,24.97449684143066,24.97449684143066,24.974496841430664,0
2003-06-03,24.97449684143066,24.97449684143066,24.97449684143066,24.974496841430664,0
2003-06-04,24.97449684143066,24.97449684143066,24.97449684143066,24.974496841430664,0
2003-06-05,24.97449684143066,24.97449684143066,24.97449684143066,24.974496841430664,0
2003-06-06,24.97449684143066,24.97449684143066,24.97449684143066,24.974496841430664,0
2003-06-09,24.97449684143066,24.97449684143066,24.97449684143066,24.974496841430664,0
2003-06-10,24.97449684143066,24.97449684143066,24.97449684143066,24.974496841430664,0
2003-06-11,24.97449684143066,24.97449684143066,24.97449684143066,24.974496841430664,0
2003-06-12,24.97449684143066,24.97449684143066,24.97449684143066,24.974496841430664,0
2003-06-13,24.97449684143066,24.97449684143066,24.97449684143066,24.974496841430664,0
2003-06-16,24.97449684143066,24.97449684143066,24.97449684143066,24.974496841430664,0
2003-06-17,24.97449684143066,24.97449684143066,24.97449684143066,24.974496841430664,0
2003-06-18,24.97449684143066,24.97449684143066,24.97449684143066,24.974496841430664,0
2003-06-19,24.97449684143066,24.97449684143066,24.97449684143066,24.974496841430664,0
2003-06-20,24.97449684143066,24.97449684143066,24.97449684143066,24.974496841430664,0
2003-06-23,24.97449684143066,24.97449684143066,24.97449684143066,24.974496841430664,0
2003-06-24,24.97449684143066,24.97449684143066,24.97449684143066,24.974496841430664,0
2003-06-25,24.97449684143066,24.97449684143066,24.97449684143066,24.974496841430664,0
2003-06-26,24.97449684143066,24.97449684143066,24.97449684143066,24.974496841430664,0
2003-06-27,24.97449684143066,24.97449684143066,24.97449684143066,24.974496841430664,0
2003-06-30,24.97449684143066,24.97449684143066,24.97449684143066,24.974496841430664,0
2003-07-01,24.97449684143066,24.97449684143066,24.97449684143066,24.974496841430664,0
2003-07-02,24.97449684143066,24.97449684143066,24.97449684143066,24.974496841430664,0
2003-07-03,24.97449684143066,24.97449684143066,24.97449684143066,24.974496841430664,0
2003-07-04,24.97449684143066,24.97449684143066,24.97449684143066,24.974496841430664,0
2003-07-07,24.97449684143066,24.97449684143066,24.97449684143066,24.974496841430664,0
2003-07-08,24.97449684143066,24.97449684143066,24.97449684143066,24.974496841430664,0
2003-07-09,24.97449684143066,24.97449684143066,24.97449684143066,24.974496841430664,0
2003-07-10,24.97449684143066,24.97449684143066,24.97449684143066,24.974496841430664,0
2003-07-11,24.97449684143066,24.97449684143066,24.97449684143066,24.974496841430664,0
2003-07-14,24.97449684143066,24.97449684143066,24.97449684143066,24.974496841430664,0
2003-07-15,24.97449684143066,24.97449684143066,24.97449684143066,24.974496841430664,0
2003-07-16,24.97449684143066,24.97449684143066,24.97449684143066,24.974496841430664,0
2003-07-17,24.97449684143066,24.97449684143066,24.97449684143066,24.974496841430664,0
2003-07-18,24.97449684143066,24.97449684143066,24.97449684143066,24.974496841430664,0
2003-07-21,24.97449684143066,24.97449684143066,24.97449684143066,24.974496841430664,0
2003-07-22,24.97449684143066,24.97449684143066,24.97449684143066,24.974496841430664,0
2003-07-23,24.97449684143066,24.97449684143066,24.97449684143066,24.974496841430664,0
2003-07-24,24.97449684143066,24.97449684143066,24.97449684143066,24.974496841430664,0
2003-07-25,24.97449684143066,24.97449684143066,24.97449684143066,24.974496841430664,0
2003-07-28,24.97449684143066,24.97449684143066,24.97449684143066,24.974496841430664,0
2003-07-29,24.97449684143066,24.97449684143066,24.97449684143066,24.974496841430664,0
2003-07-30,24.97449684143066,24.97449684143066,24.97449684143066,24.974496841430664,0
2003-07-31,24.97449684143066,24.97449684143066,24.97449684143066,24.974496841430664,0
2003-08-01,24.97449684143066,24.97449684143066,24.97449684143066,24.974496841430664,0
2003-08-04,24.97449684143066,24.97449684143066,24.97449684143066,24.974496841430664,0
2003-08-05,24.97449684143066,24.97449684143066,24.97449684143066,24.974496841430664,0
2003-08-06,24.97449684143066,24.97449684143066,24.97449684143066,24.974496841430664,0
2003-08-07,24.97449684143066,24.97449684143066,24.97449684143066,24.974496841430664,0
2003-08-08,24.97449684143066,24.97449684143066,24.97449684143066,24.974496841430664,0
2003-08-11,24.97449684143066,24.97449684143066,24.97449684143066,24.974496841430664,0
2003-08-12,24.97449684143066,24.97449684143066,24.97449684143066,24.974496841430664,0
2003-08-13,24.97449684143066,24.97449684143066,24.97449684143066,24.974496841430664,0
2003-08-14,24.97449684143066,24.97449684143066,24.97449684143066,24.974496841430664,0
2003-08-15,24.97449684143066,24.97449684143066,24.97449684143066,24.974496841430664,0
2003-08-18,24.97449684143066,24.97449684143066,24.97449684143066,24.974496841430664,0
2003-08-19,24.97449684143066,24.97449684143066,24.97449684143066,24.974496841430664,0
2003-08-20,24.97449684143066,24.97449684143066,24.97449684143066,24.974496841430664,0
2003-08-21,24.97449684143066,24.97449684143066,24.97449684143066,24.974496841430664,0
2003-08-22,24.97449684143066,24.97449684143066,24.97449684143066,24.974496841430664,0
2003-08-25,24.97449684143066,24.97449684143066,24.97449684143066,24.974496841430664,0
2003-08-26,24.97449684143066,24.97449684143066,24.97449684143066,24.974496841430664,0
2003-08-27,24.97449684143066,24.97449684143066,24.97449684143066,24.974496841430664,0
2003-08-28,24.97449684143066,24.97449684143066,24.97449684143066,24.974496841430664,0
2003-08-29,24.97449684143066,24.97449684143066,24.97449684143066,24.974496841430664,0
2003-09-01,24.97449684143066,24.97449684143066,24.97449684143066,24.974496841430664,0
2003-09-02,24.97449684143066,24.97449684143066,24.97449684143066,24.974496841430664,0
2003-09-03,24.97449684143066,24.97449684143066,24.97449684143066,24.974496841430664,0
2003-09-04,24.97449684143066,24.97449684143066,24.97449684143066,24.974496841430664,0
2003-09-05,24.97449684143066,24.97449684143066,24.97449684143066,24.974496841430664,0
2003-09-08,24.97449684143066,24.97449684143066,24.97449684143066,24.974496841430664,0
2003-09-09,24.97449684143066,24.97449684143066,24.97449684143066,24.974496841430664,0
2003-09-10,24.97449684143066,24.97449684143066,24.97449684143066,24.974496841430664,0
2003-09-11,24.97449684143066,24.97449684143066,24.97449684143066,24.974496841430664,0
2003-09-12,24.97449684143066,24.97449684143066,24.97449684143066,24.974496841430664,0
2003-09-15,24.97449684143066,24.97449684143066,24.97449684143066,24.974496841430664,0
2003-09-16,24.97449684143066,24.97449684143066,24.97449684143066,24.974496841430664,0
2003-09-17,24.97449684143066,24.97449684143066,24.97449684143066,24.974496841430664,0
2003-09-18,24.97449684143066,24.97449684143066,24.97449684143066,24.974496841430664,0
2003-09-19,24.97449684143066,24.97449684143066,24.97449684143066,24.974496841430664,0
2003-09-22,24.97449684143066,24.97449684143066,24.97449684143066,24.974496841430664,0
2003-09-23,24.97449684143066,24.97449684143066,24.97449684143066,24.974496841430664,0
2003-09-24,24.97449684143066,24.97449684143066,24.97449684143066,24.974496841430664,0
2003-09-25,24.97449684143066,24.97449684143066,24.97449684143066,24.974496841430664,0
2003-09-26,24.97449684143066,24.97449684143066,24.97449684143066,24.974496841430664,0
2003-09-29,24.97449684143066,24.97449684143066,24.97449684143066,24.974496841430664,0
2003-09-30,24.97449684143066,24.97449684143066,24.97449684143066,24.974496841430664,0
2003-10-01,24.97449684143066,24.97449684143066,24.97449684143066,24.974496841430664,0
2003-10-02,24.97449684143066,24.97449684143066,24.97449684143066,24.974496841430664,0
2003-10-03,24.97449684143066,24.97449684143066,24.97449684143066,24.974496841430664,0
2003-10-06,24.97449684143066,24.97449684143066,24.97449684143066,24.974496841430664,0
2003-10-07,24.97449684143066,24.97449684143066,24.97449684143066,24.974496841430664,0
2003-10-08,24.97449684143066,24.97449684143066,24.97449684143066,24.974496841430664,0
2003-10-09,24.97449684143066,24.97449684143066,24.97449684143066,24.974496841430664,0
2003-10-10,24.97449684143066,24.97449684143066,24.97449684143066,24.974496841430664,0
2003-10-13,24.97449684143066,24.97449684143066,24.97449684143066,24.974496841430664,0
2003-10-14,24.97449684143066,24.97449684143066,24.97449684143066,24.974496841430664,0
2003-10-15,24.97449684143066,24.97449684143066,24.97449684143066,24.974496841430664,0
2003-10-16,24.97449684143066,24.97449684143066,24.97449684143066,24.974496841430664,0
2003-10-17,24.97449684143066,24.97449684143066,24.97449684143066,24.974496841430664,0
2003-10-20,24.97449684143066,24.97449684143066,24.97449684143066,24.974496841430664,0
2003-10-21,24.97449684143066,24.97449684143066,24.97449684143066,24.974496841430664,0
2003-10-22,24.97449684143066,24.97449684143066,24.97449684143066,24.974496841430664,0
2003-10-23,24.97449684143066,24.97449684143066,24.97449684143066,24.974496841430664,0
2003-10-24,24.97449684143066,24.97449684143066,24.97449684143066,24.974496841430664,0
2003-10-27,24.97449684143066,24.97449684143066,24.97449684143066,24.974496841430664,0
2003-10-28,24.97449684143066,24.97449684143066,24.97449684143066,24.974496841430664,0
2003-10-29,24.97449684143066,24.97449684143066,24.97449684143066,24.974496841430664,0
2003-10-30,24.97449684143066,24.97449684143066,24.97449684143066,24.974496841430664,0
2003-10-31,24.97449684143066,24.97449684143066,24.97449684143066,24.974496841430664,0
2003-11-03,24.97449684143066,24.97449684143066,24.97449684143066,24.974496841430664,0
2003-11-04,24.97449684143066,24.97449684143066,24.97449684143066,24.974496841430664,0
2003-11-05,24.97449684143066,24.97449684143066,24.97449684143066,24.974496841430664,0
2003-11-06,24.97449684143066,24.97449684143066,24.97449684143066,24.974496841430664,0
2003-11-07,24.97449684143066,24.97449684143066,24.97449684143066,24.974496841430664,0
2003-11-10,24.97449684143066,24.97449684143066,24.97449684143066,24.974496841430664,0
2003-11-11,24.97449684143066,24.97449684143066,24.97449684143066,24.974496841430664,0
2003-11-12,24.97449684143066,24.97449684143066,24.97449684143066,24.974496841430664,0
2003-11-13,24.97449684143066,24.97449684143066,24.97449684143066,24.974496841430664,0
2003-11-14,24.97449684143066,24.97449684143066,24.97449684143066,24.974496841430664,0
2003-11-17,24.97449684143066,24.97449684143066,24.97449684143066,24.974496841430664,0
2003-11-18,24.97449684143066,24.97449684143066,24.97449684143066,24.974496841430664,0
2003-11-19,24.97449684143066,24.97449684143066,24.97449684143066,24.974496841430664,0
2003-11-20,24.97449684143066,24.97449684143066,24.97449684143066,24.974496841430664,0
2003-11-21,24.97449684143066,24.97449684143066,24.97449684143066,24.974496841430664,0
2003-11-24,24.97449684143066,24.97449684143066,24.97449684143066,24.974496841430664,0
2003-11-25,24.97449684143066,24.97449684143066,24.97449684143066,24.974496841430664,0
2003-11-26,24.97449684143066,24.97449684143066,24.97449684143066,24.974496841430664,0
2003-11-27,24.97449684143066,24.97449684143066,24.97449684143066,24.974496841430664,0
2003-11-28,24.97449684143066,24.97449684143066,24.97449684143066,24.974496841430664,0
2003-12-01,24.97449684143066,24.97449684143066,24.97449684143066,24.974496841430664,0
2003-12-02,24.97449684143066,24.97449684143066,24.97449684143066,24.974496841430664,0
2003-12-03,24.97449684143066,24.97449684143066,24.97449684143066,24.974496841430664,0
2003-12-04,24.97449684143066,24.97449684143066,24.97449684143066,24.974496841430664,0
2003-12-05,24.97449684143066,24.97449684143066,24.97449684143066,24.974496841430664,0
2003-12-08,24.97449684143066,24.97449684143066,24.97449684143066,24.974496841430664,0
2003-12-09,24.97449684143066,24.97449684143066,24.97449684143066,24.974496841430664,0
2003-12-10,24.97449684143066,24.97449684143066,24.97449684143066,24.974496841430664,0
2003-12-11,24.97449684143066,24.97449684143066,24.97449684143066,24.974496841430664,0
2003-12-12,24.97449684143066,24.97449684143066,24.97449684143066,24.974496841430664,0
2003-12-15,24.97449684143066,24.97449684143066,24.97449684143066,24.974496841430664,0
2003-12-16,24.97449684143066,24.97449684143066,24.97449684143066,24.974496841430664,0
2003-12-17,24.97449684143066,24.97449684143066,24.97449684143066,24.974496841430664,0
2003-12-18,24.97449684143066,24.97449684143066,24.97449684143066,24.974496841430664,0
2003-12-19,24.97449684143066,24.97449684143066,24.97449684143066,24.974496841430664,0
2003-12-22,24.97449684143066,24.97449684143066,24.97449684143066,24.974496841430664,0
2003-12-23,24.97449684143066,24.97449684143066,24.97449684143066,24.974496841430664,0
2003-12-24,24.97449684143066,24.97449684143066,24.97449684143066,24.974496841430664,0
2003-12-25,24.97449684143066,24.97449684143066,24.97449684143066,24.974496841430664,0
2003-12-26,24.97449684143066,24.97449684143066,24.97449684143066,24.974496841430664,0
2003-12-29,24.97449684143066,24.97449684143066,24.97449684143066,24.974496841430664,0
2003-12-30,24.97449684143066,24.97449684143066,24.97449684143066,24.974496841430664,0
2003-12-31,24.97449684143066,24.97449684143066,24.97449684143066,24.974496841430664,0
2004-01-01,24.97449684143066,24.97449684143066,24.97449684143066,24.974496841430664,0
2004-01-02,24.97449684143066,24.97449684143066,24.97449684143066,24.974496841430664,0
2004-01-05,24.97449684143066,24.97449684143066,24.97449684143066,24.974496841430664,0
2004-01-06,24.97449684143066,24.97449684143066,24.97449684143066,24.974496841430664,0
2004-01-07,24.97449684143066,24.97449684143066,24.97449684143066,24.974496841430664,0
2004-01-08,24.97449684143066,24.97449684143066,24.97449684143066,24.974496841430664,0
2004-01-09,24.97449684143066,24.97449684143066,24.97449684143066,24.974496841430664,0
2004-01-12,24.97449684143066,24.97449684143066,24.97449684143066,24.974496841430664,0
2004-01-13,24.97449684143066,24.97449684143066,24.97449684143066,24.974496841430664,0
2004-01-14,24.97449684143066,24.97449684143066,24.97449684143066,24.974496841430664,0
2004-01-15,24.97449684143066,24.97449684143066,24.97449684143066,24.974496841430664,0
2004-01-16,24.97449684143066,24.97449684143066,24.97449684143066,24.974496841430664,0
2004-01-19,24.97449684143066,24.97449684143066,24.97449684143066,24.974496841430664,0
2004-01-20,24.97449684143066,24.97449684143066,24.97449684143066,24.974496841430664,0
2004-01-21,24.97449684143066,24.97449684143066,24.97449684143066,24.974496841430664,0
2004-01-22,24.97449684143066,24.97449684143066,24.97449684143066,24.974496841430664,0
2004-01-23,24.97449684143066,24.97449684143066,24.97449684143066,24.974496841430664,0
2004-01-26,24.97449684143066,24.97449684143066,24.97449684143066,24.974496841430664,0
2004-01-27,24.97449684143066,24.97449684143066,24.97449684143066,24.974496841430664,0
2004-01-28,24.97449684143066,24.97449684143066,24.97449684143066,24.974496841430664,0
2004-01-29,24.97449684143066,24.97449684143066,24.97449684143066,24.974496841430664,0
2004-01-30,24.97449684143066,24.97449684143066,24.97449684143066,24.974496841430664,0
2004-02-02,24.97449684143066,24.97449684143066,24.97449684143066,24.974496841430664,0
2004-02-03,24.97449684143066,24.97449684143066,24.97449684143066,24.974496841430664,0
2004-02-04,24.97449684143066,24.97449684143066,24.97449684143066,24.974496841430664,0
2004-02-05,24.97449684143066,24.97449684143066,24.97449684143066,24.974496841430664,0
2004-02-06,24.97449684143066,24.97449684143066,24.97449684143066,24.974496841430664,0
2004-02-09,24.97449684143066,24.97449684143066,24.97449684143066,24.974496841430664,0
2004-02-10,24.97449684143066,24.97449684143066,24.97449684143066,24.974496841430664,0
2004-02-11,24.97449684143066,24.97449684143066,24.97449684143066,24.974496841430664,0
2004-02-12,24.97449684143066,24.97449684143066,24.97449684143066,24.974496841430664,0
2004-02-13,24.97449684143066,24.97449684143066,24.97449684143066,24.974496841430664,0
2004-02-16,24.97449684143066,24.97449684143066,24.97449684143066,24.974496841430664,0
2004-02-17,24.97449684143066,24.97449684143066,24.97449684143066,24.974496841430664,0
2004-02-18,24.97449684143066,24.97449684143066,24.97449684143066,24.974496841430664,0
2004-02-19,24.97449684143066,24.97449684143066,24.97449684143066,24.974496841430664,0
2004-02-20,24.97449684143066,24.97449684143066,24.97449684143066,24.974496841430664,0
2004-02-23,24.97449684143066,24.97449684143066,24.97449684143066,24.974496841430664,0
2004-02-24,24.97449684143066,24.97449684143066,24.97449684143066,24.974496841430664,0
2004-02-25,24.97449684143066,24.97449684143066,24.97449684143066,24.974496841430664,0
2004-02-26,24.97449684143066,24.97449684143066,24.97449684143066,24.974496841430664,0
2004-02-27,24.97449684143066,24.97449684143066,24.97449684143066,24.974496841430664,0
2004-03-01,24.97449684143066,24.97449684143066,24.97449684143066,24.974496841430664,0
2004-03-02,24.97449684143066,24.97449684143066,24.97449684143066,24.974496841430664,0
2004-03-03,24.97449684143066,24.97449684143066,24.97449684143066,24.974496841430664,0
2004-03-04,24.97449684143066,24.97449684143066,24.97449684143066,24.974496841430664,0
2004-03-05,24.97449684143066,24.97449684143066,24.97449684143066,24.974496841430664,0
2004-03-08,24.97449684143066,24.97449684143066,24.97449684143066,24.974496841430664,0
2004-03-09,24.97449684143066,24.97449684143066,24.97449684143066,24.974496841430664,0
2004-03-10,24.97449684143066,24.97449684143066,24.97449684143066,24.974496841430664,0
2004-03-11,24.97449684143066,24.97449684143066,24.97449684143066,24.974496841430664,0
2004-03-12,24.97449684143066,24.97449684143066,24.97449684143066,24.974496841430664,0
2004-03-15,24.97449684143066,24.97449684143066,24.97449684143066,24.974496841430664,0
2004-03-16,24.97449684143066,24.97449684143066,24.97449684143066,24.974496841430664,0
2004-03-17,24.97449684143066,24.97449684143066,24.97449684143066,24.974496841430664,0
2004-03-18,24.97449684143066,24.97449684143066,24.97449684143066,24.974496841430664,0
2004-03-19,24.97449684143066,24.97449684143066,24.97449684143066,24.974496841430664,0
2004-03-22,24.97449684143066,24.97449684143066,24.97449684143066,24.974496841430664,0
2004-03-23,24.97449684143066,24.97449684143066,24.97449684143066,24.974496841430664,0
2004-03-24,24.97449684143066,24.97449684143066,24.97449684143066,24.974496841430664,0
2004-03-25,24.97449684143066,24.97449684143066,24.97449684143066,24.974496841430664,0
2004-03-26,24.97449684143066,24.97449684143066,24.97449684143066,24.974496841430664,0
2004-03-29,24.97449684143066,24.97449684143066,24.97449684143066,24.974496841430664,0
2004-03-30,24.97449684143066,24.97449684143066,24.97449684143066,24.974496841430664,0
2004-03-31,24.97449684143066,24.97449684143066,24.97449684143066,24.974496841430664,0
2004-04-01,24.97449684143066,24.97449684143066,24.97449684143066,24.974496841430664,0
2004-04-02,24.97449684143066,24.97449684143066,24.97449684143066,24.974496841430664,0
2004-04-05,24.97449684143066,24.97449684143066,24.97449684143066,24.974496841430664,0
2004-04-06,24.97449684143066,24.97449684143066,24.97449684143066,24.974496841430664,0
2004-04-07,24.97449684143066,24.97449684143066,24.97449684143066,24.974496841430664,0
2004-04-08,24.97449684143066,24.97449684143066,24.97449684143066,24.974496841430664,0
2004-04-09,24.97449684143066,24.97449684143066,24.97449684143066,24.974496841430664,0
2004-04-12,24.97449684143066,24.97449684143066,24.97449684143066,24.974496841430664,0
2004-04-13,24.97449684143066,24.97449684143066,24.97449684143066,24.974496841430664,0
2004-04-14,24.97449684143066,24.97449684143066,24.97449684143066,24.974496841430664,0
2004-04-15,24.97449684143066,24.97449684143066,24.97449684143066,24.974496841430664,0
2004-04-16,24.97449684143066,24.97449684143066,24.97449684143066,24.974496841430664,0
2004-04-19,24.97449684143066,24.97449684143066,24.97449684143066,24.974496841430664,0
2004-04-20,24.97449684143066,24.97449684143066,24.97449684143066,24.974496841430664,0
2004-04-21,24.97449684143066,24.97449684143066,24.97449684143066,24.974496841430664,0
2004-04-22,24.97449684143066,24.97449684143066,24.97449684143066,24.974496841430664,0
2004-04-23,24.97449684143066,24.97449684143066,24.97449684143066,24.974496841430664,0
2004-04-26,24.97449684143066,24.97449684143066,24.97449684143066,24.974496841430664,0
2004-04-27,24.97449684143066,24.97449684143066,24.97449684143066,24.974496841430664,0
2004-04-28,24.97449684143066,24.97449684143066,24.97449684143066,24.974496841430664,0
2004-04-29,24.97449684143066,24.97449684143066,24.97449684143066,24.974496841430664,0
2004-04-30,24.97449684143066,24.97449684143066,24.97449684143066,24.974496841430664,0
2004-05-03,24.97449684143066,24.97449684143066,24.97449684143066,24.974496841430664,0
2004-05-04,24.97449684143066,24.97449684143066,24.97449684143066,24.974496841430664,0
2004-05-05,24.97449684143066,24.97449684143066,24.97449684143066,24.974496841430664,0
2004-05-06,77.17619370772356,79.69722848637417,74.03710077523282,75.39520263671875,19760
2004-05-07,75.63101132513974,75.63101132513974,72.2804752070474,72.75215148925781,31344
2004-05-10,72.21543673065264,72.8660262507486,71.24768283406823,72.2804946899414,4904
2004-05-11,74.16718503686016,74.16718503686016,67.49864427696703,68.51519012451172,21032
2004-05-12,66.52277930365673,70.75161123983051,59.52894187075395,64.050537109375,134928
2004-05-13,58.561187499803296,65.05895235133448,57.73982021180936,62.34273910522461,55456
2004-05-14,63.432471192099825,64.24570800225496,56.92657671085882,57.926856994628906,31144
2004-05-17,55.30010632789134,55.30010632789134,46.53341399392581,48.49331283569336,33968
2004-05-18,52.20981500237115,53.673641591222676,48.794219628384255,52.071563720703125,29128
2004-05-19,54.974822642222875,57.57718111049378,53.42967230168703,55.65794372558594,39960
2004-05-20,56.11335418160723,56.11335418160723,53.673643130233,54.33236312866211,32104
2004-05-21,52.87666603521457,53.67363723169156,51.41283956525935,52.55950164794922,31176
2004-05-24,52.53509110520981,58.544912336277925,52.53509110520981,58.28467559814453,54792
2004-05-25,57.08923051523608,57.08923051523608,53.998930287915606,55.95069885253906,32648
2004-05-26,57.73981558286156,58.553052422056794,55.95069453663205,56.42237091064453,18416
2004-05-27,56.92659921926925,58.1383245309502,56.2434780431958,56.59317398071289,14072
2004-05-28,56.92658288371289,56.92658288371289,53.673635290357865,54.096519470214844,17040
2004-05-31,51.47788917351735,52.84412599772412,50.55079724087516,51.53481674194336,11976
2004-06-01,53.64923804258297,55.13746054237767,51.64867233677677,52.12035369873047,29320
2004-06-02,53.429663819074634,53.429663819074634,51.900779454415535,52.04716110229492,4560
2004-06-03,53.34837098977996,54.22666634871958,50.94119038178145,51.18516159057617,13808
2004-06-04,52.852281439304406,52.86041182491224,50.25805308891656,51.04689407348633,23944
2004-06-07,52.04718832369896,52.04718832369896,50.908656079118046,51.5429801940918,9608
2004-06-08,51.00623936091014,51.542973939928885,49.84331113063215,50.404441833496094,10272
2004-06-09,50.42069689755468,52.84414230410324,50.339373192881204,51.99837875366211,31424
2004-06-10,52.860399182501496,59.36629446650168,52.04716227200147,56.75580596923828,54480
2004-06-11,59.3744159210129,66.36012191708902,59.3744159210129,60.90330505371094,1495680
2004-06-14,60.756928654746226,60.99276934833483,55.78805303061026,56.17840576171875,295448
2004-06-15,57.251876490505765,58.06511337247318,55.763653989226206,56.47930145263672,172688
2004-06-16,56.926576228719945,57.15428154091412,55.62539734349206,55.89376449584961,62312
2004-06-17,55.706728492987686,56.55249686722801,55.706728492987686,56.056419372558594,30208
2004-06-18,56.186556368706334,60.667491055022445,56.186556368706334,57.8862190246582,91440
2004-06-21,58.55305989202446,59.854239000736115,56.471175303527566,57.26814651489258,49328
2004-06-22,57.251858231249415,57.41450555577001,55.62538498604347,55.93441390991211,20064
2004-06-23,56.519973791492184,56.926592307977735,53.88508381922381,54.84470748901367,22912
2004-06-24,55.29198637088838,56.27600116889094,54.177850672945155,55.75552749633789,21592
2004-06-25,55.30011675555757,56.92659077777985,55.30011675555757,55.75552749633789,60280
2004-06-28,56.73140771016448,59.36629741656044,56.73140771016448,58.45547103881836,100536
2004-06-29,59.366328470441424,59.51271020545535,57.33323502967288,58.0570182800293,47952
2004-06-30,57.90247452088276,58.715711522580555,56.601295318166294,56.76394271850586,20576
2004-07-01,57.56905041966304,57.87807949340632,56.942856923843465,57.479591369628906,15168
2004-07-02,58.22774534297169,60.504808010015275,58.22774534297169,59.48826217651367,123232
2004-07-05,59.20362355449412,59.610241848137626,57.0892084275479,57.495826721191406,22040
2004-07-06,57.34133890954026,58.553064025510075,57.34133890954026,58.04072570800781,39312
2004-07-07,58.553059022353466,59.041001180873074,56.92658516062142,57.3250732421875,39640
2004-07-08,56.92658498497207,58.577454956815394,54.47874381605999,54.93415451049805,80424
2004-07-09,51.250199509566706,56.11335604034201,50.786653401729836,55.70673751831055,29280
2004-07-12,56.1133533866383,57.39013647815668,55.30011638103485,56.79647445678711,22272
2004-07-13,57.747921532962685,58.71567494759501,57.25184925638073,57.4714241027832,48160
2004-07-14,58.54491589432067,60.17951978409604,57.821133197962546,58.951534271240234,74376
2004-07-15,59.691607298955184,59.82172325857874,58.91903200012674,59.138607025146484,36024
2004-07-16,60.97649752877198,62.13129483918438,60.19579214450646,61.13914489746094,167704
2004-07-19,61.968674383233456,63.23732242453444,60.99278974727702,62.07439422607422,174480
2004-07-20,62.45658535972669,63.92041157909529,61.65961429968004,63.22916030883789,157816
2004-07-21,64.9044153232459,64.9044153232459,62.13128032055735,62.66801452636719,129968
2004-07-22,63.432478542551124,63.432478542551124,62.13942987912669,62.34273910522461,64272
2004-07-23,63.43247187570347,63.43247187570347,62.3102060583156,63.017723083496094,42576
2004-07-26,63.107193986805385,63.35116509757911,62.537928061666676,63.066532135009766,29512
2004-07-27,63.06653213500976,63.06653213500976,63.06653213500976,63.066532135009766,0
2004-07-28,65.38424937402162,67.01072323904704,64.40836505500637,65.75020599365234,182768
2004-07-29,66.03483520202934,66.33573384283822,64.40836142858035,65.22972869873047,93344
2004-07-30,66.52277934803693,66.52277934803693,65.05895290761559,65.14840698242188,73272
2004-08-02,64.93697454715034,65.54690229806283,64.89631269708951,65.07522583007812,99528
2004-08-03,65.22158651996743,65.5062193788451,64.75804058564604,64.99388122558594,25104
2004-08-04,61.8060044519942,65.17280720626816,61.8060044519942,65.02642059326172,43656
2004-08-05,64.89630734211727,65.51436542660045,63.92042302118317,64.31077575683594,44048
2004-08-06,63.93667906206572,64.99388691617598,63.4324712466155,63.4731330871582,32392
2004-08-09,63.44063978242311,64.24574669480059,62.01747450753829,64.06683349609375,19040
2004-08-10,65.85594926988226,65.95353872928058,64.00176939573836,65.83968353271484,50656
2004-08-11,66.07552104977165,70.9142822835703,65.38426944494327,69.1576919555664,271960
2004-08-13,71.56483789633589,72.70336940832306,68.31189071922971,69.53174591064453,119976
2004-08-16,68.14924555794528,69.0112746022344,66.22187330063828,66.620361328125,39776
2004-08-17,67.6613138046656,68.87303883781111,66.36013469303741,66.62850189208984,74976
2004-08-18,67.25469547106479,67.97034299121619,66.36013482997446,66.64476776123047,21432
2004-08-19,67.33601635082348,67.90528218953817,67.09204527708862,67.70197296142578,19856
2004-08-20,66.84806554508657,67.80768398476492,66.62036023181429,66.82366943359375,22184
2004-08-23,63.505670746940524,71.40219896605971,63.505670746940524,69.62120819091797,108624
2004-08-24,71.53228498537534,75.75298466725242,70.58893257238337,74.9316177368164,455456
2004-08-25,97.48273323822083,97.48273323822083,79.61591701652969,80.34376525878906,136928
2004-08-26,80.67309071557393,81.07970911635807,79.31498426423418,79.61588287353516,40443200
2004-08-27,79.89241302888361,79.89241302888361,77.95365363879424,78.28707885742188,30646000
2004-08-30,78.87584730682192,80.51045145702291,78.47735924851223,80.24696350097656,24465208
2004-08-31,80.22581822768258,80.51045113573822,79.37191950351566,80.3559341430664,21194656
2004-09-01,80.5104689593083,80.9170874894058,79.98999525534143,80.33969116210938,19935544
2004-09-02,80.50232492599038,81.69777923091873,80.18516054084351,80.80809783935547,21356352
2004-09-03,81.81163424804718,89.45606130502178,80.53973051240895,81.149658203125,9869856
2004-09-06,84.56848369204143,84.56848369204143,80.74627132526557,80.9056625366211,9038672
2004-09-07,84.17002155173735,84.17002155173735,80.91707385891658,80.96586608886719,5772232
2004-09-08,80.99840674105253,81.38875951575832,80.59991861802912,80.81136322021484,6593984
2004-09-09,81.07971593671144,81.15290924045095,79.57197656667141,79.69396209716797,7947184
2004-09-10,80.51047702296083,80.51047702296083,79.37194502465634,80.41288757324219,6415072
2004-09-13,80.59179109688357,82.58422185558553,80.59179109688357,81.60833740234375,20904912
2004-09-14,81.73030542578071,82.85257131353333,81.56440689121685,82.59721374511719,15335472
2004-09-15,82.78751708784222,82.95016446915427,81.42128007754168,81.81976318359375,11988288
2004-09-16,81.8929767160259,82.54356640195262,81.52702001769212,82.01171112060547,7358224
2004-09-17,82.29957025769048,83.75526622298645,82.16131899872654,83.31611633300781,14627896
2004-09-20,83.9585565943322,84.32451309931089,82.96315073136381,83.18598175048828,8552224
2004-09-21,83.34540871847307,85.26790224065779,83.11282412012615,85.04833221435547,13897080
2004-09-22,85.25976369099156,85.87782178658965,84.34080196803562,85.55741119384766,15371584
2004-09-23,85.22723512984173,85.30855882748472,83.51943747933917,83.78455352783203,15819680
2004-09-24,83.69020078009524,84.57663091648838,83.43809934645873,83.66580963134766,8083208
2004-09-27,83.5600837161534,83.96670212839746,82.54353768554326,83.011962890625,8229512
2004-09-28,82.6248786956617,83.55197085544468,82.3402457473991,82.58909606933594,6339416
2004-09-29,82.88997212630109,84.00735865832532,82.63786574848679,83.84471130371094,11737176
2004-09-30,84.21883948632802,84.64985915806277,83.0038629536893,83.527587890625,12521432
2004-10-01,83.68205591664125,85.91520070443586,83.46736023789363,85.20280456542969,10968888
2004-10-04,85.95914792682314,87.91091665931485,85.75258255926083,87.54496002197266,15129824
2004-10-05,87.85398359371335,88.5614957042137,87.46362592275649,87.88650512695312,14341288
2004-10-06,87.91089405897003,89.6837541727625,87.42783618692438,87.95968627929688,17670664
2004-10-07,88.07352271942086,89.45602492277281,88.07352271942086,89.22018432617188,10080128
2004-10-08,89.293379365109,90.3505869532205,89.04940838323712,89.29826354980469,8558920
2004-10-11,89.4560819768285,90.3913046520408,88.23622631350811,88.58592224121094,9332056
2004-10-12,90.26927818324303,90.67589655343782,87.6392733444409,88.19226837158203,15600512
2004-10-14,89.70003734042659,91.40783496884812,88.4850660784099,90.77350616455078,19225984
2004-10-15,91.22079208840783,92.79034349973418,90.85971961846512,91.57048797607422,17799744
2004-10-18,92.22107474276102,92.87166433530254,91.51030640708615,92.48619079589844,13693344
2004-10-19,92.72201340545911,93.41651090940015,92.39183448664839,92.96923065185547,11767128
2004-10-20,93.09935955411929,93.51410836661144,91.8144413465004,92.16088104248047,7206832
2004-10-21,92.48617399226875,92.62767640876048,91.24517377579392,91.5346908569336,6413520
2004-10-25,91.48911944784967,91.65176677131251,90.3310712989706,90.86780548095703,9390272
2004-10-26,90.7246806204618,92.78704761751348,90.7246806204618,92.48126983642578,6932760
2004-10-27,92.89278175145984,93.35957885154102,92.31863184119877,92.70085906982422,7837656
2004-10-28,93.36130433467092,95.7911483764444,93.36130433467092,95.07034301757812,18591416
2004-10-29,95.23345874070466,95.23345874070466,93.3743916863526,94.27946472167969,8661776
2004-11-01,93.76904448434924,95.76346810629174,93.14120355916414,95.45362854003906,6137568
2004-11-02,92.13826109479928,96.19560691060894,91.73056967402583,94.55994415283203,8864040
2004-11-03,94.66599702583441,96.5413785345288,94.66599702583441,95.82383728027344,8978136
2004-11-04,96.35866951440981,96.85931570097333,95.2122366277046,95.4323959350586,6555808
2004-11-05,95.7226851262269,96.21517956945144,94.584413814037,95.02960968017578,5023848
2004-11-08,94.99211343835185,96.94088067467803,94.25826878518004,96.55438995361328,10291728
2004-11-09,96.78592987654403,97.67469904132253,95.97054714801375,96.90008544921875,7338712
2004-11-10,97.11206475349995,97.76437081397687,97.03867833101619,97.38603210449219,5734392
2004-11-11,97.76436861425819,98.12313893012819,97.12021440335073,97.54095458984375,5235128
2004-11-12,98.17207761475126,98.49823069652784,97.04684550126119,97.58174133300781,1813408
2004-11-16,97.68289338717999,97.68289338717999,96.54135707046837,97.10397338867188,4005504
2004-11-17,97.15288576557295,98.65319249657016,97.15288576557295,98.28627014160156,5467936
2004-11-18,98.61729639809151,100.66391542652859,98.37594624634781,100.3736343383789,7472128
2004-11-19,100.53670269158475,100.86285582278211,98.7510123075985,99.24024200439453,6812760
2004-11-22,98.48194020250192,99.96593294181014,97.43824621979047,99.67728424072266,4738272
2004-11-23,100.34100100258894,101.270539344743,99.81589927991625,100.74543762207031,4312792
2004-11-24,101.02598905368947,101.51521902489378,100.30519301640305,100.61014556884766,3223304
2004-11-25,100.61828637599756,101.43366957191326,98.55210814450145,99.22071838378906,6310872
2004-11-29,99.15051860990779,101.73527732586187,98.2992640007904,101.4254379272461,5281488
2004-11-30,101.77283665570374,104.85824281759794,101.51517286773672,103.93360137939453,10508144
2004-12-01,104.45057078942784,104.45057078942784,102.49365143037534,102.86547088623047,8481864
2004-12-02,103.14594841689261,104.12440800661808,101.03410447838736,101.31948852539062,9657704
2004-12-03,101.86249770037003,102.40391299548044,99.60389165319908,100.84326934814453,9777216
2004-12-06,101.10747123825942,101.92285407082602,98.5390153156746,99.03314208984375,11473872
2004-12-07,99.15056914909499,100.5285683590357,99.06903085209738,99.33484649658203,7863224
2004-12-08,99.3136099218315,100.01483703240544,97.52466510858999,97.9111557006836,7329408
2004-12-09,98.25035856306812,99.23208259818344,98.24220672609067,98.78035736083984,3801224
2004-12-10,99.47670768311119,100.74055110039662,98.98747797319425,99.93821716308594,6216808
2004-12-13,99.96593320152236,101.24282547781942,99.90559566943483,100.79436492919922,4996232
2004-12-14,101.27051617607798,101.49066549075268,100.31652254128676,100.54972076416016,3083504
2004-12-15,101.43363890768487,102.31099175753178,100.94440913803365,101.55594635009766,5772672
2004-12-16,101.79728947998987,103.1459359701755,100.94440215895436,102.95513916015625,4350464
2004-12-17,102.73821137409688,103.94498164778804,102.09405710575365,102.45282745361328,5509752
2004-12-20,102.73822531937876,103.43130064891426,102.45284136015826,102.94696807861328,2268424
2004-12-21,103.14260698848125,104.12433056511449,102.99584413121934,103.77371215820312,3458512
2004-12-22,103.96947226840607,103.96947226840607,100.29209735603247,101.12052917480469,6001712
2004-12-23,101.73530080272036,101.73530080272036,99.88438595856354,100.11758422851562,3948912
2004-12-24,100.53341360153442,103.71667057535056,99.60388536570275,103.38725280761719,6661856
2004-12-27,103.5535922187289,104.77666614257215,102.91758979696998,103.59925842285156,4400504
2004-12-28,103.71666371286142,107.1412705335691,103.24373783721298,106.76293182373047,9614448
2004-12-29,107.3826378648051,109.00851615937427,107.07279840798785,107.65171813964844,6633224
2004-12-30,107.4674641688066,108.28284705324367,105.33605211447956,105.7274398803711,5626792
2004-12-31,105.9997912036905,109.16348126097839,105.72745606555159,108.8911361694336,4899312
2005-01-03,108.89113593279097,110.62300864442123,108.89113593279097,110.34252166748047,4734168
2005-01-04,110.07669570439484,110.4028488768523,108.70359363530228,109.36405181884766,4979104
2005-01-05,109.27760116724191,109.27760116724191,104.39346605549724,108.03822326660156,9604320
2005-01-06,107.63048722923696,109.75048167466133,105.3881854119612,107.6679916381836,8006888
2005-01-07,108.44593836248896,109.66901285529899,107.03206703575417,109.258056640625,7623136
2005-01-10,109.96744077968641,110.8431612801396,107.79362702711799,108.23882293701172,7521568
2005-01-11,108.445954146791,108.87811117851325,106.08134311652262,107.12177276611328,7986376
2005-01-12,108.1165010674725,111.54110903348021,104.91530720583202,105.84159088134766,20720032
2005-01-13,106.8151708309269,109.15531601204377,103.96133038887923,105.42086791992188,27757952
2005-01-14,106.38297657173425,107.4592877045794,104.12437048080203,105.70621490478516,15757776
2005-01-17,106.78252451090525,106.78252451090525,101.12376615247112,103.00404357910156,13651184
2005-01-18,103.93683537268213,104.6951453130866,102.53438102118879,103.05296325683594,6183264
2005-01-19,103.22748604247452,103.85532696042276,102.01256340247835,102.3631820678711,3538488
2005-01-20,102.33054336234675,102.33054336234675,100.29208632325617,101.4091567993164,4536200
2005-01-24,101.4091371950729,101.7075700348562,99.09834552923115,99.53050231933594,3628192
2005-01-25,99.05270807461882,101.09931694394864,98.42485733675677,100.7372817993164,4465928
2005-01-27,101.37326365192675,102.232680145976,100.7242222507412,101.15311431884766,5455344
2005-01-28,101.34068179680371,105.57578591739795,101.31132920568791,105.1191635131836,8393816
2005-01-31,105.83667767636855,106.96190981792512,105.20557224366148,106.0323715209961,5853384
2005-02-01,106.57053443813744,107.63053210278609,104.93976880021644,107.2440414428711,8019840
2005-02-02,107.54894809055303,107.91260548809137,106.2443361349436,106.73030090332031,4870456
2005-02-03,107.26501995106202,107.49066972436604,106.44745120143502,107.19143676757812,3327616
2005-02-04,107.10159470620003,108.08267801648584,106.32981395922106,106.81217193603516,2684040
2005-02-07,107.31413287074157,108.79393114981697,106.3657545799596,107.40897369384766,5944216
2005-02-08,107.40890642506916,108.16433910613364,106.9379860550437,107.592041015625,3284432
2005-02-09,108.00083341171857,109.84853681699165,107.98121255984637,108.96556854248047,5537936
2005-02-10,108.73667120203795,109.84038929318646,108.16437293255355,108.95414733886719,4376648
2005-02-11,109.39070203327428,113.39678902851377,109.39070203327428,112.9683837890625,10367096
2005-02-14,113.72869130939392,115.93121611136536,113.72869130939392,115.2493667602539,8875264
2005-02-15,115.27718690386381,115.68597125458672,112.33393957865877,112.9356689453125,3976720
2005-02-16,114.37787817027834,114.37787817027834,111.27111664742588,111.85649871826172,3126832
2005-02-17,111.8565349899342,113.31507544656688,110.42087888286572,112.97660064697266,4124976
2005-02-18,112.82451782226563,113.80560058593751,110.78059539794923,112.41573333740234,2545144
2005-02-21,112.08871945828731,112.48115660378825,109.9712135717004,111.64396667480469,1777152
2005-02-22,111.5736067336005,112.00364870766285,110.45354150387162,111.47222900390625,2139040
2005-02-23,111.47224087695535,112.99619043350259,110.79366470947348,112.41244506835938,5166816
2005-02-24,112.41246247666028,114.12445712864489,111.28748674980193,111.84016418457031,10806440
2005-02-25,112.5628754846817,112.74273662722227,110.63014165917592,111.52129364013672,5070896
2005-02-28,112.74277694309387,113.23331839462293,109.55425750815503,112.89811706542969,6402408
2005-03-01,112.90624957285372,117.72990541991989,110.45354320993873,110.981689453125,4958152
2005-03-02,112.41573548456381,112.41573548456381,111.32019104818713,111.84343719482422,2658112
2005-03-03,112.00688739559683,114.0508086984362,111.51634628291539,113.6060562133789,2891160
2005-03-04,113.96909944540276,114.74578986486569,112.98801681029168,113.82684326171875,4017872
2005-03-07,114.05082806667889,115.11366732464793,113.96907120068127,114.47595977783203,3658032
2005-03-08,114.78665683630373,116.1683500720175,114.08027621200827,115.6009521484375,5027680
2005-03-09,115.19548845579104,116.62623440893252,114.05580189841838,115.0728530883789,5422088
2005-03-10,115.27718191647138,115.27718191647138,113.66330216804768,114.42364501953125,2302280
2005-03-11,114.95020435913128,117.31298082597364,114.86844745702662,116.70470428466797,5205744
2005-03-14,116.7488437935343,119.36506438274516,116.09478864623159,118.6995620727539,6534032
2005-03-15,118.62921428502527,119.52853982405718,116.91232007414621,117.9473648071289,4146480
2005-03-16,117.72988873902548,119.98637627717287,117.72988873902548,118.71588134765625,5473416
2005-03-17,118.38398394443135,120.48513215361913,117.72992878451736,119.44355010986328,6805328
2005-03-18,119.2832943058648,120.38701224495266,116.50356023705096,120.07633209228516,6123464
2005-03-21,120.19571320785785,120.59141376436136,118.10600229143736,119.07563781738281,4354120
2005-03-22,118.9399197907014,119.12795463735888,117.73808759819383,118.0209732055664,2684432
2005-03-23,117.72991529131504,118.38397037626679,115.55191066081508,116.19779205322266,3439416
2005-03-24,116.9123313251052,117.56638632552537,112.63317927928068,113.18094635009766,5954576
2005-03-28,113.72383334154499,115.18401019100835,113.15153511480824,113.83829498291016,3699728
2005-03-29,114.05084412300778,114.29611475553037,111.36921454872567,112.08050537109375,3053400
2005-03-30,112.09682520285673,114.45960037810755,111.1893260815902,113.68782043457031,4115256
2005-03-31,114.82758521633669,118.14691391436119,114.23566595994427,117.080810546875,6914640
2005-04-01,117.15761844407123,119.11978372157138,115.60423759938362,118.62596893310547,5562672
2005-04-04,118.71098045862719,119.1034174439137,116.36456217851149,116.72919464111328,5257360
2005-04-05,116.8306290263782,117.93434735517884,115.77596284950589,116.54120635986328,3367832
2005-04-06,116.66704471523096,118.3839388560998,116.66704471523096,117.84107208251953,1953408
2005-04-07,117.81163697155466,118.54744872224445,116.25825660898732,116.5198745727539,2483216
2005-04-08,116.96954675601792,117.3129315887904,113.6469564314828,113.93310546875,4052280
2005-04-11,114.21444852031817,114.45971934749137,111.19761535006876,111.4837646484375,2822992
2005-04-12,114.37786580926257,114.37786580926257,111.59813211554211,112.98799896240234,4112696
2005-04-13,113.96905821045233,115.03189734727864,113.27903513052284,114.59040832519531,4638600
2005-04-15,114.05088128241017,114.05088128241017,107.51032895080242,107.83735656738281,9862480
2005-04-18,106.28399861216836,110.265556721987,105.5481863140841,107.80958557128906,6024304
2005-04-19,108.73663918561212,110.28184605426713,96.31776839839588,98.81952667236328,27235152
2005-04-20,98.10829831002275,98.10829831002275,89.38483944399343,91.25706481933594,47498256
2005-04-21,91.97648386778452,93.85689198241478,90.7501307495474,93.39905548095703,13252336
2005-04-22,94.83800856613941,95.79129686046241,93.22412808084358,95.39068603515625,12958672
2005-04-25,95.23042053525577,95.48386487447507,93.85690092000098,94.58943939208984,6880584
2005-04-26,94.59277526711675,95.14872642580667,92.72053943046082,92.93310546875,5539000
2005-04-27,93.29278882678759,93.29278882678759,90.83190833768899,91.21289825439453,6537368
2005-04-28,91.16709920210656,92.38527876771624,89.70038549600665,91.142578125,8728872
2005-04-29,92.28715440508887,93.58708059143768,91.32732959590429,92.47518920898438,11065704
2005-05-02,94.02043293599478,96.30962608574075,91.41238588723047,92.29536437988281,5129600
2005-05-03,92.3853349324919,92.79411960033478,90.37084289175083,90.63573455810547,5503048
2005-05-04,90.46401073734887,91.93563495178384,90.46401073734887,91.6380386352539,4792144
2005-05-05,94.01717288613614,94.02044635616042,92.02231226926126,92.94615936279297,6495064
2005-05-06,93.20279773654978,95.79448557631362,92.56182690443396,95.45111083984375,8188664
2005-05-09,95.65555977369536,96.65790002750889,95.34978980838143,96.08560180664062,4739040
2005-05-10,96.30962385396894,96.30962385396894,93.71466076347548,94.22482299804688,7075952
2005-05-11,93.85686968730941,94.2329492248827,93.03602766819394,93.9468002319336,3213288
2005-05-12,94.75625797162479,94.97699763491468,93.4612313214684,93.75555419921875,3608944
2005-05-13,93.93866483440748,94.1021786113168,93.21593673489315,93.90596008300781,2388752
2005-05-16,93.6116584215716,94.74808142375565,93.38764529502248,94.37200164794922,5775200
2005-05-17,94.92793407939868,95.22225692178516,93.562597848836,94.06622314453125,4666576
2005-05-18,94.3474638468035,94.3474638468035,91.81299991331052,93.4236068725586,4588224
2005-05-19,94.30325041296021,95.81902556388609,94.2819928341383,95.0423355102539,3659448
2005-05-20,95.24680235455453,96.03984040787333,93.79152533083449,95.62779235839844,3265616
2005-05-23,95.65557474437351,100.96159964715217,95.65557474437351,100.0541000366211,10362016
2005-05-24,101.76281337980723,101.76281337980723,98.53832590934815,100.95832824707031,6128856
2005-05-25,100.53642236816363,103.7821762024384,99.33460033149638,103.0594482421875,7894472
2005-05-26,102.85013033711033,105.95689103091811,102.29091620664887,105.47126007080078,9782096
2005-05-27,104.8940491117105,106.20215884342319,102.62611466276047,103.76580047607422,7363480
2005-05-30,103.765826871775,108.98682994905441,103.34069509285848,107.84549713134766,17893184
2005-05-31,107.9191067585047,109.79134174298467,106.73854192652921,109.0849609375,10365568
2005-06-01,108.7366404593699,108.7366404593699,106.08445230507334,106.65184020996094,7530088
2005-06-02,106.93802650854828,107.0197834095487,103.4306534596122,103.71353912353516,11076624
2005-06-03,103.71355906635537,106.0141899204101,103.10038219094598,105.72477722167969,6548528
2005-06-06,105.87520567307561,106.42297301540907,103.85581385034419,104.68155670166016,5792512
2005-06-07,105.36825407938387,105.36825407938387,103.7543743247769,104.45748138427734,3698192
2005-06-08,104.64884307176564,105.95695361016271,104.32998913201308,105.63809967041016,4832512
2005-06-09,105.79342147313525,106.20220594559714,103.9424441842171,104.42808532714844,3598336
2005-06-10,104.64881599532141,106.28395374524831,103.10360882562273,103.51730346679688,6642624
2005-06-13,104.24002992722109,104.8940850169605,103.03002401916768,103.96696472167969,2590032
2005-06-14,104.40354027126477,104.64063722952729,103.03002063587999,103.50912475585938,3452384
2005-06-15,103.81162449491629,104.47712674539486,103.52874886263272,104.00784301757812,2791072
2005-06-16,104.46894569603056,105.29468819149079,103.4110064747291,104.46076202392578,4593552
2005-06-17,104.8695397108903,105.17694635970891,103.26710695476201,103.63992309570312,3067992
2005-06-20,104.24003239846259,106.44419490951066,103.85577901616655,105.9487533569336,6412672
2005-06-21,106.28393914386535,107.29772640556278,104.91860330228297,106.70089721679688,10463544
2005-06-22,107.01973366583096,109.47243955580417,107.01973366583096,109.0113296508789,11537376
2005-06-23,108.73665777998418,109.37109201025044,106.69273564126269,106.88895416259766,3676944
2005-06-24,106.28394141369016,109.41523383352855,105.8751570236375,108.38999938964844,6021320
2005-06-27,107.89452246634018,108.98189267940663,106.93797121130073,107.62963104248047,3548128
2005-06-28,107.75559377848715,108.57316277528903,107.43347638419056,108.21016693115234,5776112
2005-06-29,108.32785897657749,111.02256237303861,108.09567224685588,108.9459457397461,6446640
2005-06-30,109.45615524022155,111.5981822929283,109.45615524022155,111.0340576171875,7189000
2005-07-01,110.37178991143584,110.91955702488701,109.5836523769762,110.56800842285156,4820568
2005-07-04,111.09123783796876,112.16225082824946,108.81839288264523,111.11249542236328,3951648
2005-07-05,111.98732415844212,111.98732415844212,107.31409729318739,107.9354476928711,5187376
2005-07-06,108.82178437535029,109.36342926230012,108.01424090720636,108.58378601074219,3057216
2005-07-07,108.58380511927417,109.9707516776209,106.95558425769353,107.48081970214844,3488888
2005-07-08,107.55791177295711,109.10078834159029,106.15948515720441,107.59894561767578,6088000
2005-07-11,107.598966250943,109.1500478823509,107.598966250943,108.82670593261719,3791264
2005-07-12,108.21442383139555,108.41138823603514,104.41469685558843,105.53081512451172,6150600
2005-07-13,105.45700394694904,106.6880195572247,103.97978521461823,104.28836059570312,6469840
2005-07-14,104.93668387717435,105.67856904315097,99.82386236507978,100.53292846679688,8860408
2005-07-15,101.0253529152714,103.5612472057029,99.71719840185536,102.458251953125,9341720
2005-07-18,102.74877641171616,121.37814721479889,102.74877641171616,108.50992584228516,14475608
2005-07-19,110.66009591509078,111.4479438829696,103.40530875739448,108.26043701171875,4677744
2005-07-20,109.56039558036535,109.56039558036535,107.11149785798482,107.36590576171875,3494304
2005-07-21,108.41141897224993,108.41141897224993,105.0466436672823,105.8919448852539,4198984
2005-07-22,105.45700594073462,106.5123954750673,104.25881939435268,106.19232940673828,5179296
2005-07-25,106.4089956245309,106.88170645708406,104.65274454700656,105.40448760986328,5433024
2005-07-26,105.52762968097046,106.03152683885496,103.40535899145297,103.8370361328125,5229680
2005-07-27,103.8156720997063,105.70322977424642,103.8156720997063,105.4159927368164,2597408
2005-07-29,104.63627984411214,105.86729490110169,103.56940012805451,104.1274642944336,8358552
2005-08-01,103.97979633037441,104.63633805937441,101.98227092494082,102.76519012451172,5430792
2005-08-02,106.03145595166308,106.52386209385345,103.24115447925088,105.8919448852539,4821520
2005-08-03,106.4828247477014,107.29529685920859,105.29284327653248,106.7503662109375,7274320
2005-08-04,107.09840364436323,108.31301023696922,105.70325202600753,106.29906463623047,6346936
2005-08-05,106.68803965471214,107.34458143720268,104.81689156740109,105.48985290527344,3162848
2005-08-08,105.86735091184063,105.86735091184063,104.00113189953488,105.29780578613281,4109360
2005-08-09,104.63629190761472,105.6211040667452,103.73354742841177,105.40773010253906,4743752
2005-08-10,105.5111396353326,108.05523779638516,105.5111396353326,107.75979614257812,6958080
2005-08-11,108.05526949575997,109.0679821912684,107.22966355780193,107.743408203125,3645312
2005-08-12,109.01876216435721,109.01876216435721,104.68558250486512,105.2813949584961,3821832
2005-08-16,105.86732695981394,105.86732695981394,103.8156345768718,104.14883422851562,3653408
2005-08-17,105.04662953141957,106.85211847649083,103.51196793531989,106.61904907226562,5637488
2005-08-18,107.51072177083266,108.99135910203005,107.37088781714984,108.06184387207031,7813656
2005-08-19,108.1687626394804,109.56714208044707,107.84795593595729,109.02095031738281,4966272
2005-08-22,108.991450198867,110.91628234647271,102.41083433780334,108.40412902832031,4492016
2005-08-23,109.15586740564376,109.45693312201007,108.00426066587059,108.25597381591797,4686416
2005-08-24,108.25599695860413,108.41557196401784,105.61881214097035,106.58122253417969,4036760
2005-08-25,107.34622645796442,109.4026675778488,106.93493823398755,108.88115692138672,6341224
2005-08-26,109.27600586864962,112.69299221814732,108.99139758324468,112.261962890625,8198664
2005-08-29,112.69297691754625,113.35103809662681,109.40267102214344,111.48872375488281,4081336
2005-08-30,111.5134083799429,114.4203909133908,111.5134083799429,113.87419891357422,5807592
2005-08-31,113.5813344252847,116.42415276912571,113.51552430775106,115.5604476928711,7408896
2005-09-01,115.97175325366398,117.95745385616057,115.90101288935163,117.15626525878906,7600184
2005-09-02,117.62842721908048,118.45100363319992,116.3995028761697,117.39810180664062,4920864
2005-09-05,118.45101857983096,120.66375142126708,115.68386996861716,116.00467681884766,7254784
2005-09-06,116.3945949683158,116.79765953157352,114.17363803252462,115.03404998779297,5023440
2005-09-08,115.1607439283236,116.39460904184135,114.77084335574959,115.66251373291016,2878192
2005-09-09,111.13004445740992,116.312274509828,111.13004445740992,114.49931335449219,3741776
2005-09-12,117.54618466566542,134.73803392747374,115.69538749633199,117.64488983154297,6631072
2005-09-13,117.71070208043028,117.71070208043028,116.03264394189974,117.00328826904297,2244984
2005-09-14,116.80590928893365,117.38171306711853,114.0914057632049,115.17391967773438,3890080
2005-09-15,115.32523701585366,119.66515187404157,115.32523701585366,119.265380859375,11040736
2005-09-16,119.66514138745607,121.55212708500844,118.13843456236376,119.89875030517578,5480184
2005-09-19,121.55212188862508,121.7413184946643,118.69778553229769,119.61578369140625,2877448
2005-09-20,119.68485085992805,121.74129159635292,116.8058338289332,120.95655059814453,6293424
2005-09-21,121.24777908554,121.41229438959094,115.16071283565536,119.57466125488281,6215320
2005-09-22,121.41231225110532,122.31714655649974,114.91395678509087,115.28082275390625,6482408
2005-09-23,115.19029260350706,117.61196243241159,115.19029260350706,116.18560791015625,3815824
2005-09-26,116.80582451670475,121.1654785303564,116.47679402510839,120.58145141601562,2290048
2005-09-27,121.33001496160584,121.82356078517847,118.96922478866959,120.28534698486328,6404008
2005-09-28,120.42515420151148,121.32176425674625,119.02677467867971,120.87757110595703,5900064
2005-09-29,121.74134314475228,122.92585551872877,120.50747818044736,121.15402221679688,8421888
2005-09-30,121.74132084565782,122.71196512294107,120.44658625023177,121.9354476928711,4982976
2005-10-03,119.71784662237177,123.78960236539726,119.71784662237177,123.21379852294922,4472520
2005-10-04,123.37005968787868,123.55102254862582,122.01280810861616,122.544189453125,6350472
2005-10-05,122.07032325381324,122.48161140493795,120.50742827953935,120.91871643066406,6577720
2005-10-06,120.51239715410271,120.51239715410271,116.57225372310948,117.1891860961914,8233792
2005-10-07,117.21719538946326,119.60266813774005,116.41106609941932,118.84590148925781,6206624
2005-10-10,119.2571312098754,121.33001973392803,118.72245654664114,119.15019226074219,5371728
2005-10-11,120.09614650499964,121.31356351345418,116.97035639048595,120.73446655273438,11565120
2005-10-13,120.91870447136603,122.1525688027065,117.65801112679797,118.55791473388672,13605792
2005-10-14,119.27365226857764,119.43816765101705,116.39463307588784,117.139892578125,5226192
2005-10-17,117.62843221670187,118.61552395558328,117.12666259101377,117.97062683105469,4388816
2005-10-18,118.86416524925062,120.7435749382917,117.96567544122428,118.77843475341797,10941600
2005-10-19,120.34459093830219,120.34789136072953,113.10723748150134,115.53397369384766,10058832
2005-10-20,116.6468010543399,118.28716161461941,114.6651888268438,116.75066375732422,6352952
2005-10-21,117.7925419268949,118.43550034440277,116.14394092022037,117.7315444946289,5923416
2005-10-24,118.05632790530606,119.0290066381966,115.48946469173656,116.02030944824219,3149632
2005-10-25,116.91557484084882,119.6060949590471,116.10281512737274,118.6993637084961,5420312
2005-10-26,118.69934686298026,119.11149737292116,116.97655571897363,117.2370376586914,4142808
2005-10-27,117.29801383668207,117.78435336258332,114.5778209648546,115.50928497314453,6771944
2005-10-28,116.14395738369171,116.14395738369171,111.69273403470709,112.2829360961914,4501496
2005-10-31,112.51707319710515,116.0615670780396,112.13459637085323,115.50598907470703,2851968
2005-11-02,115.5092406242713,118.36955952093766,114.44589089745938,117.79254913330078,2852888
2005-11-07,116.06157752018157,120.98265032620829,116.06157752018157,120.74031066894531,4188480
2005-11-08,121.5019544163667,122.34768795697352,121.20520810053047,121.7492446899414,5782184
2005-11-09,121.74925138925362,122.24878259924961,119.54507143448645,120.08416748046875,5000792
2005-11-10,120.10062667593776,121.7409872819744,120.10062667593776,121.15243530273438,3095696
2005-11-11,120.76009432587864,122.65598659174567,120.76009432587864,122.21581268310547,5919888
2005-11-14,122.82084378807372,124.85357278524953,122.82084378807372,124.49417877197266,8040360
2005-11-16,124.57326318849267,125.04641096554333,123.83139258948813,124.60952758789062,6742576
2005-11-17,123.64509504320831,125.1288361837268,123.02356914553343,124.2765121459961,4878464
2005-11-18,124.63431863793139,126.20049063139746,124.63431863793139,125.86746978759766,8707720
2005-11-21,126.0685408730607,126.83513442469408,124.13967537862928,125.18324279785156,6597336
2005-11-22,124.79916875378912,125.68941783981973,122.65598619923264,123.63360595703125,4751000
2005-11-23,123.64507648570213,125.45853760749243,123.56264643471167,125.01836395263672,6054776
2005-11-24,124.96399371877587,126.3817869840829,124.96399371877587,125.64486694335938,4544088
2005-11-25,125.64483872931604,126.94228701368266,124.49905893148025,126.4229736328125,3344264
2005-11-28,126.84349983878383,127.7667133555406,126.6126914284583,127.5738296508789,2535248
2005-11-29,127.3380225379885,127.76665503319263,125.33991771845085,127.3841781616211,3303424
2005-11-30,126.28283555834189,127.97265156940325,124.88152471990075,125.38434600830078,4023376
2005-12-01,125.29371333549476,128.15074253727647,125.19150084801805,127.77485656738281,4161968
2005-12-02,128.15076674693714,129.77793592122353,127.02971953355255,127.76663970947266,4784360
2005-12-05,127.9315221379587,128.10462334489267,125.80977205387377,126.23016357421875,1913080
2005-12-06,126.53012726144287,129.41517902310443,125.81298984844894,128.09629821777344,3233064
2005-12-07,128.7557673086969,131.8881099192798,128.61564021681338,131.52212524414062,5618952
2005-12-08,131.47597648846246,133.92414581885865,131.25011887615318,133.253173828125,9585192
2005-12-09,133.37187116376603,139.6860133609201,132.81959364553438,138.70509338378906,6194224
2005-12-12,136.0393146779876,140.54329575650678,135.3502003707825,136.026123046875,6191488
2005-12-13,136.17451128502577,138.31769366602498,135.59750064398753,137.46041870117188,6027072
2005-12-14,136.8339201127057,140.13112300698776,135.18531866556467,138.8040008544922,4819208
2005-12-15,139.29858464526754,140.0074812721673,137.52633804688568,138.7133331298828,4249016
2005-12-16,139.3068044550252,142.27428668010265,138.72979402237124,141.31809997558594,7907432
2005-12-19,142.27431314338926,144.49992522616535,141.53244244913057,142.97991943359375,4701168
2005-12-20,144.252589011495,144.252589011495,139.05949580708116,139.5952911376953,4628568
2005-12-21,140.54337461758456,141.33470186983917,137.74075013840692,138.98544311523438,3282432
2005-12-22,139.3067868617647,140.10635433541555,138.3967558744125,138.86990356445312,2519208
2005-12-23,139.0595478493045,140.54328932013286,137.24608605162535,137.80331420898438,2455032
2005-12-26,137.9879239473115,137.9879239473115,136.52561545072427,137.0729522705078,1625280
2005-12-27,137.06140506497724,140.3783898185989,135.43258630179565,139.97943115234375,1565208
2005-12-28,139.7190675549954,140.95551948026085,138.20730181847355,138.9491729736328,2582056
2005-12-29,139.3068811795033,141.7715433974406,138.61941690283385,140.96043395996094,3461784
2005-12-30,138.48254699036096,141.77150949383534,138.48254699036096,140.3668975830078,2380248
2006-01-02,140.79061541420543,141.02966472449353,138.59467627076458,139.10903930664062,1653504
2006-01-03,138.9160901629949,143.42501062919666,138.64736734995148,142.86778259277344,3396936
2006-01-04,143.4283219446093,144.24438165088495,141.9610626722242,143.68385314941406,3545616
2006-01-05,143.8404246385493,143.9228546813221,141.93629266294965,142.7985076904297,1431824
2006-01-06,143.01614272729387,143.42005200162745,139.47165042915344,140.5926971435547,2965744
2006-01-09,140.96863897640006,142.6040490685142,138.56497484634244,139.2211151123047,3883272
2006-01-10,139.30686077123622,140.1146797284261,136.91638801243985,137.8643341064453,3972648
2006-01-12,136.2568974797516,139.22437982050843,133.1245550089527,137.96319580078125,13919696
2006-01-13,138.4825490210859,139.3068499081162,135.51506582777694,136.15472412109375,3608568
2006-01-16,136.0920912720592,136.0920912720592,132.09918217025876,132.61024475097656,4804912
2006-01-17,132.79482085463803,135.18529249013432,132.71239079824161,133.81695556640625,3753056
2006-01-18,133.63532879683308,134.09780000815982,132.3057492665101,133.74765014648438,3165120
2006-01-19,134.097747163535,136.64954367004484,134.097747163535,136.2911376953125,3574728
2006-01-20,136.67441648868459,137.90159463185995,135.0227619087609,135.76600646972656,3294240
2006-01-23,135.02268486240413,135.02268486240413,133.06547933437085,133.9623260498047,2280272
2006-01-24,135.02264238607407,136.1787995685848,134.64276418514154,135.6502685546875,1890064
2006-01-25,136.1788567810312,137.08395984399877,135.72465198279247,136.36053466796875,6365736
2006-01-27,138.73890354351607,138.73890354351607,136.31097071532582,137.01788330078125,3003816
2006-01-30,137.5332475772139,138.70591802964344,136.4348934992433,136.9964599609375,1383144
2006-01-31,138.70587789744528,138.70587789744528,136.45632632903764,137.9461212158203,1503160
2006-02-01,136.75691861273765,138.5737375798151,136.29445761911484,137.6372528076172,3896696
2006-02-02,137.91311315010756,138.40860936501812,134.5817297545098,135.17137145996094,3135736
2006-02-03,135.4273426776729,136.079747883818,133.15631891513183,134.67584228515625,4357520
2006-02-06,134.60147342064897,138.98661045077884,134.30912759167677,138.66123962402344,2894976
2006-02-07,138.73890303842862,139.85376922355886,135.7873988481183,138.2516632080078,7002784
2006-02-08,137.58277112458882,138.08652355250334,136.45634194480968,137.29373168945312,3332648
2006-02-10,137.92628653830494,138.57373190285293,135.85346336332648,137.88003540039062,2728200
2006-02-13,137.88007614578936,137.91311124250572,136.09629181296373,136.3440399169922,2020544
2006-02-14,137.91308765416792,137.91308765416792,133.2884571699563,133.6650390625,6962064
2006-02-15,136.08799186707108,136.08799186707108,132.54519310072362,133.7310791015625,4209320
2006-02-16,134.19685849304503,135.41908622121613,133.12328362510067,134.5404052734375,5284488
2006-02-17,136.26142061673679,136.78995177955008,133.78394024188702,134.1968536376953,2923448
2006-02-20,135.35300079470818,136.6743235602453,134.39504380587232,136.24984741210938,2643608
2006-02-21,136.67432375171748,137.9956465191057,136.35224931098807,137.58273315429688,2301240
2006-02-22,137.91308425243298,137.91308425243298,136.36879207190415,137.24085998535156,1156592
2006-02-23,137.08724217090136,139.55646619967632,137.08724217090136,137.95932006835938,4141584
2006-02-24,137.9345422881266,138.73889675211086,136.7816913481437,137.91802978515625,1097336
2006-02-27,137.66535188589881,139.9776673344922,137.61580428532233,139.594482421875,2521112
2006-02-28,139.9776509166685,140.7208950808278,137.91308379400377,140.45663452148438,2821744
2006-03-01,140.3905532853554,144.13980890103707,139.33845076897072,143.7103729248047,4506152
2006-03-02,144.1398861173665,144.850095515917,142.07201151649681,143.84259033203125,3277696
2006-03-03,143.85902156754895,143.85902156754895,140.17252970182835,140.86622619628906,2124440
2006-03-06,141.71188670744402,144.76744603621756,141.21639060007533,144.04898071289062,3631584
2006-03-07,143.70704791979975,144.5196584911806,142.04217863133178,142.43031311035156,1985168
2006-03-08,143.03319193985604,143.69385333449742,140.80345973294143,142.2536163330078,3813488
2006-03-09,142.04223756273242,142.70289913279163,139.56475667501033,142.44358825683594,4662712
2006-03-10,139.72991796802623,146.58428155629227,139.56475258035715,145.64779663085938,6434944
2006-03-13,146.4852157071301,152.5798136847492,146.4852157071301,151.0107421875,7178552
2006-03-14,150.70512127651435,150.93634671130877,147.91382290967357,148.90977478027344,3477456
2006-03-16,150.05272706331516,151.94387242002765,149.16909643437506,151.57225036621094,4600064
2006-03-17,151.95219487800577,155.29679481961406,151.95219487800577,153.68643188476562,5932240
2006-03-20,154.7599679559032,158.14585839677406,154.05801505962506,157.56777954101562,7012872
2006-03-21,157.56774701742933,159.79747928654388,156.79642764031902,158.16233825683594,5301384
2006-03-22,158.55879972186412,158.55879972186412,155.35458661179266,156.35879516601562,5121168
2006-03-23,156.90706503282715,158.47613568315543,154.28589202659222,154.77642822265625,2644488
2006-03-24,155.8335581554892,157.32004678654312,154.35202932536893,156.20187377929688,2917384
2006-03-27,156.494205547842,157.73294596114945,155.71462975323024,156.1605682373047,2928432
2006-03-28,156.90720670773658,157.81561685183402,155.33813464065923,155.8831787109375,3751272
2006-03-29,155.1729005596047,157.14662919812275,154.18190811324212,156.75518798828125,4284296
2006-03-30,157.14661798406289,165.9912229205141,157.14661798406289,162.531005859375,5784168
2006-03-31,161.6886884537439,161.6886884537439,157.73297466456316,158.1871795654297,2920168
2006-04-03,159.13684869885572,161.53174678513844,158.55876985044264,161.09901428222656,3105672
2006-04-04,161.06933829740296,161.8621303892523,160.2154357995316,160.91738891601562,2971608
2006-04-05,161.04453370331433,162.28823410028824,158.55879625733442,159.55474853515625,2776928
2006-04-07,160.87115713966529,164.91771088701827,154.84261788340473,156.02024841308594,7385560
2006-04-10,156.90705477606468,158.55540145193225,155.25540156789557,156.41981506347656,7034440
2006-04-12,156.75847924576402,156.90713214014997,145.5933020858339,147.0632781982422,13157376
2006-04-13,149.0617520929934,151.1015404576976,146.1713580080877,148.414306640625,8601672
2006-04-17,150.71333071945264,157.81543835883508,149.90897654444026,157.4487762451172,9688752
2006-04-18,163.34855081976335,172.43264616363288,163.34855081976335,165.9499053955078,14778488
2006-04-19,167.56028889476505,169.29452549742155,165.00022533846257,166.21914672851562,9803312
2006-04-20,166.80876406915738,167.22662720472908,163.10079957157916,164.33128356933594,6296944
2006-04-21,165.165315120021,167.63948831463387,162.27492210542064,165.0876922607422,4973000
2006-04-24,165.0002203175286,165.13731041031292,162.2749914534253,163.45262145996094,5234808
2006-04-25,163.50547798752925,163.50547798752925,156.82453602181627,159.133544921875,5702208
2006-04-26,159.21940265386476,161.5317176301657,157.73291445481416,160.40528869628906,7071136
2006-04-27,160.40529655130817,165.41311158349322,159.38457581434943,160.6943359375,7164848
2006-04-28,157.4851555929586,164.42210004487706,151.15601839759634,163.35348510742188,5292360
2006-05-02,163.84409786022843,167.18044138525528,163.5137670177683,166.25221252441406,6239280
2006-05-03,167.14735280792473,168.4604195027824,166.40906845006276,167.7716827392578,3148160
2006-05-04,167.47771710531424,169.94693179279113,166.9244170426995,168.77426147460938,3929824
2006-05-05,169.7074845870006,169.7074845870006,164.75252153336555,165.71543884277344,2710520
2006-05-08,166.89958044336188,172.762950167003,165.99117104955835,166.77239990234375,1484712
2006-05-09,167.8079947778025,168.83202195896374,165.57826256372738,167.21835327148438,1800392
2006-05-10,168.83203031557622,169.04674326397318,165.35530155920324,166.9573974609375,1978192
2006-05-11,167.58507093157147,167.58507093157147,165.61134245853964,166.70968627929688,1964024
2006-05-12,166.07376016378615,167.21835483467078,162.71264930869128,164.84823608398438,2777136
2006-05-15,163.5137595694838,165.24799641340257,158.55879715828732,161.93643188476562,4034504
2006-05-16,161.85879678681027,164.7524980230877,158.5422825810924,163.07606506347656,2671568
2006-05-17,164.75248639348507,166.8170538921503,164.33957289375203,166.53297424316406,1343368
2006-05-18,164.3395041758143,165.157074579601,156.90706428846593,159.02613830566406,4542360
2006-05-19,161.03626745097617,161.84558195565236,152.90187137717047,156.2761993408203,4868216
2006-05-22,158.55880107413645,158.55880107413645,144.0242443090073,147.03851318359375,4699416
2006-05-23,148.64882927350487,154.7599478103045,140.4731436634621,151.142822265625,5388136
2006-05-24,154.429625289563,155.25545216276925,145.3455296842946,147.8775177001953,5705568
2006-05-25,146.99715161026987,156.7749416886146,144.10675817973086,155.00436401367188,5839048
2006-05-26,156.081284324427,156.90711122561444,152.03473250860853,154.1290283203125,2208184
2006-05-29,154.0167232632145,154.0167232632145,151.97693476763615,152.82423400878906,2802688
2006-05-30,154.01672984551448,156.50246700807529,151.53924893647135,153.633544921875,4516056
2006-05-31,152.04298757210472,152.04298757210472,142.86805278786093,147.23667907714844,5769856
2006-06-01,150.71342333367159,150.71342333367159,139.56475914186575,141.16355895996094,5942760
2006-06-02,141.6211493641653,148.64893884563128,139.39967153968087,148.1534423828125,4213560
2006-06-05,148.1533757800922,149.01223794572138,144.87153982318554,145.9731903076172,3211680
2006-06-06,144.09026130134808,147.64131647246603,139.5647264927753,144.42884826660156,2971136
2006-06-07,148.6488669545607,148.6488669545607,139.83398995062697,140.71762084960938,5410536
2006-06-08,142.45516782834332,142.45516782834332,133.05725185461336,136.08804321289062,5360992
2006-06-09,138.28136684526729,139.72987002400194,134.19683143558106,138.00885009765625,4061912
2006-06-12,140.3080339391758,140.3080339391758,133.8665821161883,135.333251953125,3591904
2006-06-13,133.86655953889453,134.56025624978489,128.91159743381516,129.6845703125,2736984
2006-06-14,128.99091004623688,134.19362172652566,119.84900641180339,122.52468872070312,12786016
2006-06-15,130.97616457888986,130.97616457888986,123.95663495139577,128.0494384765625,5967360
2006-06-16,131.3573857791346,142.0415615455333,130.8935786206253,139.55686950683594,8390168
2006-06-19,139.14274206028227,139.5568573640331,135.52006219188888,138.17868041992188,4294088
2006-06-20,139.80530120653947,139.80530120653947,132.51687318155402,133.12644958496094,3687920
2006-06-21,134.17333455802782,136.40955680066162,132.10275840744097,135.93746948242188,5963496
2006-06-22,136.65807386827828,139.97099687114564,136.65807386827828,138.87442016601562,3668104
2006-06-23,136.65804814476328,140.799201118847,134.5874716577214,140.3734893798828,3304720
2006-06-26,142.455668337016,142.455668337016,134.01269014907206,135.29147338867188,6575056
2006-06-27,137.3206106432518,137.3206106432518,132.51687396212478,136.2074737548828,5002632
2006-06-28,134.17333797774492,141.8394441659789,133.01381530386317,140.6832275390625,4785400
2006-06-29,141.62742887813988,142.4556594563746,138.31450656520093,139.20899963378906,6318576
2006-06-30,143.69799917993092,146.3483369169671,141.26797359815197,144.00941467285156,5449760
2006-07-03,144.27775543461087,149.7026652973933,143.4826561637922,149.09805297851562,4285520
2006-07-04,149.992504631523,151.648965201722,149.49556646046327,150.3320770263672,3584768
2006-07-05,150.48948832060836,154.21652573086007,149.0814964100688,152.60975646972656,4245072
2006-07-06,151.40060146165038,151.73189380620542,148.43222488530446,149.4376983642578,2310920
2006-07-07,150.71312147367496,151.71528860938068,144.11212749404814,144.6670379638672,2928672
2006-07-10,144.11211132240237,150.53917817312438,144.11211132240237,148.94566345214844,3859312
2006-07-11,149.08152943354233,150.32387551215518,146.03033029533586,146.59352111816406,3618984
2006-07-12,147.4250809055637,158.10925811725903,147.4250809055637,156.5604705810547,9521616
2006-07-13,156.70128458975384,157.26116948093392,153.2442496592621,154.6605224609375,5383576
2006-07-14,152.39445506545218,157.03254717613984,151.16038924966793,155.23529052734375,4949808
2006-07-17,156.1048713335051,158.52330008060974,153.30544851055834,153.96803283691406,8996832
2006-07-18,154.05082995835036,161.5049023756899,150.36520526311028,151.9388427734375,11043936
2006-07-19,155.87296154753335,156.94966106938136,144.5725908034504,145.56646728515625,14046384
2006-07-20,147.08546364028308,150.73795830012347,146.59680559957064,149.59169006347656,6312720
2006-07-21,148.91579656684337,149.47899717192325,145.15562926997225,146.39466857910156,4391664
2006-07-24,148.6673662313372,151.7318189057436,143.6979835160836,150.5772705078125,6825088
2006-07-25,152.39444152883067,153.63678751955482,151.15706977498343,152.99905395507812,4636600
2006-07-26,153.88523364818184,156.94968663256438,151.77324578056687,156.43618774414062,5908720
2006-07-27,156.94972485503789,159.01698554186277,155.33467491589636,157.3389892578125,7399848
2006-07-28,155.97023830532265,161.75214305790323,153.29912130281085,154.03741455078125,3019608
2006-07-31,155.12406675511,160.10130953869643,154.29452629117893,155.3148651123047,1724700
2006-08-01,143.178670220109,155.912115109325,143.178670220109,154.62632751464844,1762508
2006-08-02,153.46502596980298,156.36841835301547,152.63548528888512,155.98683166503906,1784732
2006-08-03,156.36835288909103,157.94447952298637,155.47244527828167,156.7333526611328,3010272
2006-08-04,159.27175029372222,159.9021989467232,156.45131304893758,157.37210083007812,2674200
2006-08-07,157.77861450908915,157.9445226210861,154.46045226915035,155.30657958984375,1719964
2006-08-08,155.95363469538003,158.93998089167454,155.12409408529822,158.40907287597656,1178400
2006-08-09,157.61266707276747,161.7603688378403,156.53426461384853,160.28378295898438,2052120
2006-08-10,159.43770546237945,161.76041917358998,159.27179734015013,160.22576904296875,2279124
2006-08-11,160.91432696804586,161.56965609308932,158.77410767305796,160.53273010253906,1893972
2006-08-14,161.55304918810873,161.76043436036562,159.10590415547756,160.0432891845703,1721428
2006-08-16,162.42402568662197,163.3365202129513,160.5990366339633,161.2958526611328,3804268
2006-08-17,161.76043902021334,163.087704160892,158.94000059627115,159.2967071533203,2497168
2006-08-18,160.10136370803204,161.34567482493384,159.27182296343082,160.88113403320312,1803640
2006-08-21,161.9263755940979,161.9263755940979,158.77412033150787,160.81478881835938,2414088
2006-08-22,161.26269057529356,163.08767987192752,160.93087433954193,161.8267822265625,2178096
2006-08-23,161.92629011314096,162.38253734450484,159.2883475249468,159.78607177734375,2497736
2006-08-24,160.9309013679699,161.7438553325886,158.15193992682197,160.9972686767578,2369852
2006-08-25,161.0967817642442,162.07564370599079,160.54099362224284,161.66087341308594,2611752
2006-08-28,161.76041023949844,163.4692617788343,160.6488238567097,162.77244567871094,2300316
2006-08-29,163.41951282157504,164.5808697654847,163.08769655188655,164.26564025878906,2679596
2006-08-30,164.43154050905076,165.07858625440866,162.76416585906347,163.2204132080078,2744772
2006-08-31,163.25357265580934,166.57173470165912,163.25357265580934,165.58457946777344,6076856
2006-09-01,165.24445958980957,166.07400004959774,164.43150588872658,165.78366088867188,1728728
2006-09-04,165.7422120546636,169.2262825783352,165.7422120546636,168.75344848632812,2010492
2006-09-05,169.72393605217104,170.88529240834424,166.0739589327695,166.8703155517578,3945288
2006-09-06,168.81152182344744,168.81152182344744,164.43154315267196,164.8463134765625,2800432
2006-09-07,162.63976758544464,165.07861956812943,162.63976758544464,163.7015838623047,1583584
2006-09-08,166.90356931869246,166.90356931869246,163.4194987861949,164.41494750976562,1570564
2006-09-11,165.74224944106854,165.74224944106854,157.44684156113516,158.1851348876953,4073480
2006-09-12,158.44223191748503,162.5899343237019,157.944507628739,162.2415313720703,1835256
2006-09-13,163.08765139993267,167.23535362271832,162.7558352221098,165.89979553222656,2307632
2006-09-14,167.40130206222213,168.56265896453687,166.22335839750863,168.1313018798828,2388728
2006-09-15,168.23083889038122,168.23083889038122,165.36063035073184,166.3560791015625,2359700
2006-09-18,167.0694005982015,167.73303277535422,164.59736668781818,165.26930236816406,1390388
2006-09-19,165.4103412246273,169.22622672930777,164.31535204333932,167.575439453125,3973944
2006-09-20,167.73310381575624,171.54899045053605,164.9292526292748,170.89366149902344,2695896
2006-09-21,171.21722255608975,175.5142479866234,168.8945082966079,174.7012939453125,5107184
2006-09-22,173.3739940545989,174.84227693940244,170.901958892707,172.4698028564453,2488644
2006-09-25,173.70580283311205,174.2035271965307,169.5995768349081,170.15536499023438,1349580
2006-09-26,170.88536405309424,174.20352646189218,170.03923668934198,173.2578582763672,3717008
2006-09-27,174.20353630422406,175.03307695329178,171.90571275679787,172.98411560058594,3352740
2006-09-28,173.3823263227459,174.03765543718296,168.0649618282806,169.3009796142578,6121572
2006-09-29,169.57468437191497,171.73148991881965,169.22628137252156,169.56639099121094,1752804
2006-10-03,171.7148470621919,171.7148470621919,167.4012373775378,168.28054809570312,1632712
2006-10-04,168.56268775233252,168.56268775233252,163.1457823680671,163.81771850585938,6947628
2006-10-05,165.57632944613107,167.40131904924473,164.74678871744305,165.86666870117188,5849400
2006-10-06,166.0740196911125,167.0694683605897,163.91721424057857,164.9458465576172,2766944
2006-10-09,163.41950314832138,167.40129814888962,162.68120996672036,166.26483154296875,1546832
2006-10-10,166.40582121520484,168.8612590244411,166.40582121520484,167.8160400390625,2769780
2006-10-11,170.88535956031086,179.08122454505377,170.88535956031086,173.33250427246094,6773716
2006-10-12,174.20344487356581,180.01022636935136,172.71027248893526,179.603759765625,5052848
2006-10-13,180.74036452736306,185.817150481086,179.52922678484967,183.09625244140625,4874112
2006-10-16,186.64658596702446,190.79428787740278,184.98750520287314,187.4263458251953,9727060
2006-10-17,189.46706984260047,194.07102009490532,184.15801009219484,185.3027801513672,8749216
2006-10-18,184.17466161478373,185.31943207649186,182.66490126787605,183.53591918945312,4995084
2006-10-19,183.49435262786957,184.61423226642123,179.62040266944447,181.23800659179688,3103620
2006-10-20,182.49893177270948,182.83074801229623,180.1928048570904,180.7734832763672,2129404
2006-10-23,182.15435122593303,182.15435122593303,176.58108368551595,179.69212341308594,1327904
2006-10-26,179.84179992887854,181.65519494265627,178.8436030745092,179.5506591796875,5140212
2006-10-27,179.86681114781828,181.33914787392743,176.74744507200532,178.78543090820312,3126408
2006-10-30,179.0100143801738,181.0064085925921,176.38142054380754,179.5673370361328,4154172
2006-10-31,179.67543287463295,182.80312445913074,178.8602347193617,180.85662841796875,3430936
2006-11-01,182.5036704911685,183.984333319817,179.72536384951812,180.2078094482422,1910904
2006-11-02,181.33912740159383,181.33912740159383,178.3445363068886,179.6837921142578,2204376
2006-11-03,180.50726576960417,181.00636420030355,176.01537989330987,177.5043487548828,3144440
2006-11-06,177.42944045298754,177.99508923809174,175.68259645415364,176.2482452392578,2536892
2006-11-07,178.67727742811502,180.4906728528866,176.38141601937718,177.20494079589844,3219180
2006-11-08,177.17997012589555,178.16153458545014,174.8758027450873,176.89715576171875,2436760
2006-11-09,177.84544870596397,178.84364579879446,175.24181389382343,176.9470672607422,3365420
2006-11-10,178.01180111116312,182.12103736860544,177.1966028201015,177.79551696777344,3313476
2006-11-13,178.14481872514102,179.6753786420811,177.36288591084883,178.96832275390625,2023316
2006-11-14,179.84187104133562,184.66649107852226,179.84187104133562,184.04261779785156,6003860
2006-11-15,185.49834676982246,186.6629103818303,181.4307005626604,182.47048950195312,2698040
2006-11-16,183.00283685642248,184.00103414836659,180.25779430357613,180.89830017089844,2101688
2006-11-17,182.0045519579904,182.58683343134777,179.8750573035084,182.1958770751953,2221684
2006-11-20,180.51555487845445,186.49640837977745,177.27141574963585,185.97235107421875,5174936
2006-11-21,185.69793254403024,191.65385024979483,185.33193505058284,191.07989501953125,4158152
2006-11-22,191.9865233829883,194.81474773091793,188.88379084549808,191.0049591064453,5591464
2006-11-23,192.31930505436057,194.5486159393294,189.65744616087463,190.34786987304688,3870324
2006-11-24,191.32115173339844,192.4690827054741,189.016983663328,191.32115173339844,3205304
2006-11-27,191.32112635517709,193.65025311080532,191.32112635517709,193.11788940429688,2933708
2006-11-28,191.32108630531053,192.31928327733823,184.857764973105,191.29612731933594,2682960
2006-11-29,192.9846947492839,194.44872469486538,191.32103358765215,193.74166870117188,2603156
2006-11-30,195.1142979049004,200.47128170768093,193.98299956112527,199.4398193359375,6254552
2006-12-01,199.63946483454282,199.63946483454282,196.52009819650308,197.86766052246094,3762140
2006-12-04,199.63942473803357,201.4694527981322,197.9757628652166,198.3750457763672,2234092
2006-12-05,201.25320715013498,201.25320715013498,197.1439696611394,198.29190063476562,2116476
2006-12-06,195.01433350406873,200.8038818838833,195.01433350406873,199.40640258789062,3180856
2006-12-07,200.47125694241015,205.37073306549595,197.4932981095579,198.69114685058594,2872872
2006-12-08,199.47302907636163,199.47302907636163,195.2057329414528,195.7963409423828,1887268
2006-12-11,195.48024200964497,197.80936829741947,188.65922930973395,195.2223663330078,4279432
2006-12-12,194.64842524394453,196.31208699816625,183.83462384150315,186.41329956054688,5118300
2006-12-13,186.41328774478728,189.82379412476777,179.73368216329789,186.4715118408203,3617220
2006-12-14,183.84296101486294,192.9847747650842,183.84296101486294,191.2545623779297,2916024
2006-12-15,194.38215856384923,194.38215856384923,190.98828600521992,193.0179443359375,2305716
2006-12-18,192.15292290581596,197.7095569458919,186.99557172825726,196.52003479003906,2351424
2006-12-19,196.47852858418852,196.94436217751104,187.16201918476892,189.9652862548828,3623628
2006-12-20,191.32106236049108,194.2906939189349,185.5065738494907,187.78578186035156,3755660
2006-12-21,189.1583203276739,191.32108036660068,184.8328002498203,189.14999389648438,2255816
2006-12-22,188.8255950418897,192.98474911770225,187.67766445529153,191.9782257080078,1750016
2006-12-26,191.82018402452718,198.70774716565936,191.82018402452718,198.20864868164062,1797392
2006-12-27,198.80763280351823,200.63766122263013,196.4868321589951,198.9739990234375,2394400
2006-12-28,200.53776065333435,202.96670237417135,197.6429855905865,201.619140625,2418308
2006-12-29,201.8769088363284,204.5304599603251,200.05520840908616,203.29934692382812,1874468
2007-01-02,204.53063076000225,209.28870049332636,202.30131939577493,207.70822143554688,1545060
2007-01-03,208.4568773505913,214.27969515368045,206.15270922447283,212.97372436523438,4384972
2007-01-04,213.78055823714982,213.78055823714982,207.9743740334701,209.46336364746094,3970700
2007-01-05,210.45315462355566,211.05206863037645,208.4733936132499,210.12042236328125,2718740
2007-01-08,209.4549810902906,209.4549810902906,202.1348705517896,206.9262237548828,4951892
2007-01-09,207.60839395316708,209.92919441943673,203.84019529974412,209.0225067138672,4020568
2007-01-10,207.05103264960962,208.7895510670184,204.63039666329294,205.52877807617188,2931428
2007-01-11,199.45631757795553,215.9431937143512,199.45631757795553,212.55764770507812,7400664
2007-01-12,214.63734816201193,221.1006707044516,214.63734816201193,220.26051330566406,6175748
2007-01-15,224.59427680413683,227.58886716152531,216.28429668573003,220.6597137451172,12255832
2007-01-16,231.07424043342382,231.07424043342382,219.4369371441594,220.285400390625,7625964
2007-01-17,221.2504294715367,222.09889309133413,216.27607566946395,217.0496826171875,2633828
2007-01-18,217.1079620873509,220.59332699520937,217.1079620873509,218.8464813232422,2719816
2007-01-19,218.84638446225404,220.68473888388158,214.9700646337117,215.96826171875,2882056
2007-01-22,216.7936617775845,220.51222906783408,215.11782110122363,219.01979064941406,3180956
2007-01-23,218.96143867998163,219.1031734150361,216.776997621189,217.2272186279297,3124152
2007-01-24,218.69460327172524,219.11148204273502,216.46847470561482,217.96923828125,2355148
2007-01-25,220.9458334369571,228.2829026227881,217.26062775788435,219.3533477783203,5553976
2007-01-29,219.2782892011489,219.2782892011489,215.27625198378954,216.40182495117188,2982324
2007-01-31,216.2934957386319,219.0949307536726,212.10803466036435,213.0918731689453,4865928
2007-02-01,215.1011908982861,215.94329451326539,212.60826293777092,215.45138549804688,1859904
2007-02-02,216.61027000629642,217.94428244667392,215.9516095060258,216.8603973388672,4274616
2007-02-05,217.6107160188253,219.0948084980047,215.7764494470191,217.74412536621094,3010736
2007-02-06,218.94473030255367,219.09481073104004,215.1177913308987,216.51016235351562,3411964
2007-02-07,216.7770630610931,218.84478681060565,215.97664730146943,217.82760620117188,2599984
2007-02-08,218.67793323455436,219.26156351675058,216.3350663881459,217.52734375,2650024
2007-02-09,218.3444521500014,219.68678972065229,213.9672245938141,214.67591857910156,1993360
2007-02-12,208.43944902529415,216.56024181715364,208.43944902529415,209.4066162109375,1786388
2007-02-13,209.43989924936844,214.25902202133145,205.9381174944029,208.9229736328125,4130352
2007-02-14,208.93971574682342,211.27423771047506,206.77194535200402,210.23204040527344,3137876
2007-02-15,210.94067078168075,216.77697392583792,204.2872811262596,215.48464965820312,3673556
2007-02-19,217.0104312384078,219.89522030839115,215.97655960573852,218.41114807128906,4738696
2007-02-20,219.09490749600317,220.74575222764437,215.94329852749138,216.7020263671875,5400148
2007-02-21,216.77693341227626,218.73626338734877,213.44190366747202,214.08389282226562,3938188
2007-02-22,216.77702909938088,218.8447525249503,214.44250724754139,215.82655334472656,6939112
2007-02-23,215.9431677081849,216.69354937203573,212.2746351293586,213.0,3167688
2007-02-26,212.10794447959995,215.75146131015234,205.5212590967822,214.45913696289062,4677684
2007-02-27,209.10638782639916,215.80979020307254,209.10638782639916,210.79891967773438,4709968
2007-02-28,205.6047486695676,207.59742239812152,195.4328997897269,199.0013885498047,9347956
2007-03-01,200.1018233635364,211.44092668747012,198.50101284771011,209.2147979736328,7858564
2007-03-02,209.23983100562873,210.106930831977,200.26859042000348,201.52757263183594,5311752
2007-03-05,198.43423095759195,199.93499404886785,191.76417277414347,192.6896514892578,5120880
2007-03-06,201.76931588727913,222.6132534789402,193.61516343033975,199.6432342529297,3623920
2007-03-07,200.4353854453436,204.22063791017325,192.99826955730674,198.73452758789062,4440632
2007-03-08,198.43428208500978,205.05430839559884,198.43428208500978,203.17002868652344,2274988
2007-03-09,204.82087897532995,205.60460289611217,199.76830029970998,202.12783813476562,3232148
2007-03-12,204.22057682544536,209.0563708681176,201.93608916124353,205.93812561035156,3636936
2007-03-13,204.35403962263933,211.59106149839195,200.11854586863905,211.00743103027344,2032088
2007-03-14,204.2706096056673,207.08871433171726,200.93557924475846,202.36131286621094,3824948
2007-03-15,205.10444747634003,208.6062307259361,204.77094430971184,205.8214874267578,3823288
2007-03-16,207.00539955363843,209.7484546913883,202.6281709154742,206.3800811767578,4224284
2007-03-19,202.81986033703268,210.8989624792084,200.40196355431,210.25697326660156,1213696
2007-03-20,210.10692745613653,212.85832769663355,208.1059090994114,208.93966674804688,2775592
2007-03-21,210.27364564337125,211.67436234205343,206.77186407436983,211.27415466308594,1970036
2007-03-22,212.94171306737329,217.9442591848527,212.94171306737329,217.2855987548828,4125592
2007-03-23,218.7779588122128,220.11197075618972,213.44191103630519,214.80926513671875,5265296
2007-03-26,214.27577105305258,216.5602594582998,209.3149117621356,210.33209228515625,6098736
2007-03-28,211.75778569395092,211.75778569395092,199.10968539768598,200.2686004638672,8818048
2007-03-29,198.2592453354231,209.57335417911676,198.2592453354231,208.16429138183594,10266624
2007-03-30,208.1643427507053,209.2399027165904,203.4786271552754,205.74644470214844,2807056
2007-04-02,201.76938972334628,203.43690534089458,197.6006006794755,198.3009490966797,3875896
2007-04-03,199.2680935751929,202.90328534910634,198.10083277600765,200.5437469482422,3256852
2007-04-04,203.10328560021586,204.22051228032163,198.50094920941976,199.8349609375,2402496
2007-04-05,200.01019625648811,201.1024273665256,197.78406649229584,199.13475036621094,2533992
2007-04-09,200.185122721436,204.56234843691928,200.185122721436,202.96986389160156,2284524
2007-04-10,202.9700029989735,204.27067338801885,199.32648526309498,199.6599884033203,3480240
2007-04-11,201.00225661199556,201.6775879550734,197.93402502577158,198.5260009765625,3826336
2007-04-12,198.10069375622447,201.60247369635977,195.43267094469283,200.26011657714844,3694956
2007-04-13,201.7693501758122,211.50764354463612,199.1013257106775,210.4404296875,9778848
2007-04-16,214.10897610825828,217.76083888399097,211.81614244666284,213.48365783691406,9986220
2007-04-17,214.39247486025684,219.27830376307548,206.4384335047053,208.48114013671875,10464964
2007-04-18,209.10643753326968,210.94070452917555,206.9386674471991,208.02255249023438,2853584
2007-04-19,205.10446972879254,208.10599855409194,200.95235078271102,207.2555694580078,3164652
2007-04-20,208.77293757569035,211.4326166174964,208.45610556419726,209.715087890625,2870752
2007-04-23,209.2732197354563,211.74115110637558,207.60570404035306,208.07261657714844,2265224
2007-04-24,207.43885481630355,210.44038165448157,203.27006754105628,204.2455596923828,6922516
2007-04-25,204.27066509956373,204.58749714100534,201.43588852267183,203.66201782226562,21752404
2007-04-26,204.60416333910914,208.37274450964298,203.4369024235641,206.83863830566406,5941756
2007-04-27,205.93820367181962,206.18833104470036,202.97836309273072,205.85482788085938,4805284
2007-04-30,206.94703947364295,211.75781808973042,200.93563736709186,211.10748291015625,3888052
2007-05-03,212.57486491154197,215.90989561077913,212.19967395787776,215.142822265625,6643028
2007-05-04,216.610338162704,221.7629669060188,211.6077899372374,212.28314208984375,7101200
2007-05-07,213.77558391449153,214.25916769957928,210.96582309559236,212.25814819335938,5553328
2007-05-08,211.77442704878706,213.44194222239958,209.64834520243113,211.1991424560547,8191004
2007-05-09,216.7770379586968,216.7770379586968,204.2706703841566,206.68856811523438,4699828
2007-05-10,207.6057510932922,215.0929023323192,204.43747055451908,205.054443359375,3044200
2007-05-11,208.43944518945239,209.94020919481642,201.7693829433899,208.8646697998047,3867656
2007-05-14,213.19187175748442,213.19187175748442,207.78911708417806,208.48114013671875,1260376
2007-05-15,210.10696594967555,210.10696594967555,204.27066133996234,206.44677734375,4203120
2007-05-16,210.94064580103833,210.94064580103833,201.86103484133056,204.13717651367188,6523616
2007-05-17,205.62134764766694,209.05642576408388,205.104421875,208.439453125,2931260
2007-05-18,210.09866615238738,212.7750374220028,208.43949590713441,208.91473388671875,2921004
2007-05-21,211.77446949421517,211.77446949421517,205.10440746290132,206.28001403808594,2856844
2007-05-22,206.35507380609107,207.43895904224428,203.61201854291625,205.21282958984375,6160224
2007-05-23,207.02205498077845,207.02205498077845,204.2873254149837,205.67137145996094,1271812
2007-05-24,208.43943471104592,208.43943471104592,203.60363982574967,204.2289581298828,4552804
2007-05-25,203.59522958765874,205.93809623353098,201.43580587053071,205.0959930419922,5244168
2007-05-28,208.4393386498416,208.4393386498416,204.0287703861726,204.3539276123047,2585172
2007-05-29,204.2539759171271,205.93816248662324,203.43688925804076,205.29617309570312,2967280
2007-05-30,208.43949152516842,208.43949152516842,201.80276997283943,202.71157836914062,2600056
2007-05-31,204.93757817233052,204.93757817233052,200.10178503400866,201.49415588378906,5176492
2007-06-01,204.95429746398685,204.95429746398685,201.9611157008917,203.22007751464844,1728988
2007-06-04,204.77087408953744,208.43940766443143,200.43533441011726,201.4525146484375,1853384
2007-06-05,203.07005682730693,203.07005682730693,200.1018709329686,201.44422912597656,1751600
2007-06-06,202.60313154315855,202.93663464034896,196.46666641269002,200.16021728515625,3832020
2007-06-07,200.1019039327879,202.503130851065,194.31563201956544,201.2691650390625,2008940
2007-06-08,201.1857051694242,205.1877415756125,198.43430514016976,203.45352172851562,6019076
2007-06-11,206.19665379838295,206.6718916828376,203.11174987647118,203.66201782226562,2648136
2007-06-12,201.76945113030985,205.10448338039762,200.10193500526597,202.9950714111328,1402072
2007-06-13,203.27015115059066,203.4369027101892,198.98464421107482,200.64381408691406,1768488
2007-06-14,201.7693528890395,203.43686820217206,200.3186227087788,200.86056518554688,4176068
2007-06-15,204.11463622398313,204.11463622398313,197.42235306909845,198.15850830078125,4983152
2007-06-18,199.59737039583814,199.9319845959988,194.07623609318713,194.51123046875,2874456
2007-06-19,194.92949502192565,194.9964219455061,191.2822125539312,194.07623291015625,3495436
2007-06-20,194.2436063146217,196.25129216800278,190.89746322565318,191.90130615234375,4024968
2007-06-21,191.56668827529327,192.53707792231415,189.05708100531126,191.6670684814453,3043728
2007-06-22,191.56661918387059,193.2396900937734,189.80989472847264,190.72171020507812,2677304
2007-06-25,190.7217305595216,192.40317517271473,187.17482802128225,188.34597778320312,2803776
2007-06-26,189.22430248528303,190.73006616553727,187.0242103567106,187.6767120361328,2832744
2007-06-27,189.04035819250205,190.51264890001605,188.05324189506035,189.5841064453125,2956696
2007-06-28,191.39097094474835,191.39097094474835,188.2205092034586,190.20309448242188,4342792
2007-06-29,190.89749897110875,193.40710675775784,190.73856531391715,192.2945098876953,3004456
2007-07-02,192.9050527475694,192.9050527475694,189.22429718777192,189.80149841308594,1477152
2007-07-03,192.4031391643813,192.4031391643813,188.05315514849093,188.65545654296875,1829368
2007-07-04,188.72243888538716,190.73012440544446,186.71475336532984,186.99081420898438,2415464
2007-07-05,188.75595159389664,188.75595159389664,184.17175121779994,185.98703002929688,3179204
2007-07-06,186.5475309063398,194.89616440105678,184.0546495028532,193.85049438476562,7605684
2007-07-09,195.48166683116312,197.82396679560273,194.91281846943798,196.87867736816406,5359768
2007-07-10,198.25894647488,200.76855339228354,195.4147253018226,197.94943237304688,7492968
2007-07-11,197.75700809909785,198.25892943945087,184.03782479611473,192.21914672851562,6062124
2007-07-12,193.2397525728164,195.58205260400206,189.72630252603793,194.5029296875,5763944
2007-07-13,206.8083040855651,211.05790854843568,189.09885147591712,190.0608673095703,5784648
2007-07-16,189.8935783017784,190.39549965411788,186.38012883540188,188.7726287841797,3990240
2007-07-17,196.71970425778244,196.71970425778244,192.40317273495802,193.3651885986328,6164688
2007-07-18,193.57438561745664,195.74937871428202,191.95986742631956,195.18890380859375,4371180
2007-07-19,195.24742135231028,198.2589497022174,194.9964606564847,197.7904815673828,4075512
2007-07-20,198.9280614224705,199.08699493388102,195.31423360911202,196.73634338378906,3744932
2007-07-23,195.7158654925173,199.93199649619908,194.42758849128091,199.25439453125,4716456
2007-07-24,199.07882054481735,199.43016154342536,195.24748198085354,196.06729125976562,3127176
2007-07-25,195.4147713802196,195.91669288205236,191.56670653283513,192.10208129882812,2670172
2007-07-26,193.23973157003613,202.44162354956165,191.58338692907486,198.9449005126953,6002804
2007-07-27,194.5671633400301,197.08311803839254,188.86433269040853,193.39305114746094,3203236
2007-07-30,192.88978799540013,196.24439300401576,189.57711554939215,190.61703491210938,1835848
2007-07-31,193.05760008540594,194.90263362227776,189.5352633331961,193.9465789794922,3218540
2007-08-01,192.05110022824624,192.05110022824624,186.34827279788783,187.0443572998047,4382172
2007-08-02,187.8578814684641,188.61266759936416,182.8259739291302,183.68978881835938,1912008
2007-08-03,186.85155191994485,186.85155191994485,181.73577783237005,183.98336791992188,1993184
2007-08-06,182.82599836299536,187.52244602736587,180.14231398335505,184.41104125976562,2737548
2007-08-07,186.70057997424746,187.48892461487682,183.51370449377376,186.06321716308594,2985212
2007-08-08,192.88980262757252,196.07667762750634,187.52243420663137,193.32589721679688,4055164
2007-08-09,194.56711491486828,199.4061291520409,190.4073959922509,192.16856384277344,5074436
2007-08-10,187.01928701604908,193.4769036529261,181.21582265295066,191.9673309326172,6290560
2007-08-13,192.88981249806324,192.88981249806324,188.721719340365,190.2899932861328,1205524
2007-08-14,190.3738825881779,191.21253405332408,187.85792819273945,189.57716369628906,1222796
2007-08-16,184.50336456298828,187.7908749638591,181.9874095916748,182.4906005859375,6663120
2007-08-17,182.49063006495274,183.32928185753067,174.30538037943347,177.14842224121094,6901104
2007-08-20,181.73578327030233,184.40269918253728,176.30131735902722,177.0477294921875,4386844
2007-08-21,180.56164160763447,180.56164160763447,168.48506176950193,170.2881622314453,4363364
2007-08-22,171.08492620273285,173.21509307431967,167.05939852737444,172.0745391845703,3826620
2007-08-23,173.0977015440883,175.7813868393455,168.4012522773882,169.05540466308594,3113748
2007-08-24,170.24624124971996,172.17513954959364,167.64642180206414,170.8165283203125,1926972
2007-08-27,171.91513500913535,174.23821566857788,171.09326281443808,172.1751251220703,2666856
2007-08-28,173.76859598078676,174.27178689578903,169.57533835576777,172.55255126953125,2263504
2007-08-29,171.08492625667876,174.40599477985364,167.89805017934844,173.0305938720703,3196688
2007-08-30,174.77494073871443,177.62635531890461,171.92352615852428,175.44586181640625,7003172
2007-08-31,176.45223229773987,179.42104968922118,175.6135810035491,178.52369689941406,2377496
2007-09-03,179.47142433193463,180.3100758475044,176.68710539522104,178.0037841796875,2496264
2007-09-04,178.63276151541234,182.4402309652687,177.96184034540138,178.8172607421875,2182756
2007-09-05,178.96827785405313,181.64356866294415,178.6495861040387,179.86563110351562,3516964
2007-09-06,178.63285949367318,181.3165456456908,177.9619379556688,180.8133544921875,1871860
2007-09-07,180.64552733524337,181.90350454509883,179.47141527271162,180.5197296142578,1691576
2007-09-10,180.51975792078676,180.51975792078676,175.11045507019873,175.65557861328125,2201060
2007-09-11,183.57250708388915,183.57250708388915,171.08498842279332,171.64688110351562,3386556
2007-09-12,172.7621518919637,174.0620612872673,169.99460285680115,170.34683227539062,2344104
2007-09-13,171.9068103494594,173.60088249915862,169.47472069125863,172.89642333984375,2153072
2007-09-14,176.11677037976946,176.11677037976946,170.76617107039758,171.4958038330078,1900228
2007-09-17,171.92357109584546,173.064145415999,167.00907496469242,167.33615112304688,5086176
2007-09-18,167.2271487288133,169.021865411607,166.55622736982104,168.1412811279297,4942808
2007-09-19,171.92358803139382,173.38283371058083,170.61529350654672,171.5965118408203,4642668
2007-09-20,171.0849188738881,171.43714843541483,167.260669793608,168.07415771484375,2355156
2007-09-21,166.22066720397754,171.9234953421564,164.04017409232094,170.71583557128906,7928660
2007-09-24,171.08488058742088,172.76218333827796,167.7638231882126,168.94631958007812,3595068
2007-09-25,169.40758593804125,170.07850707046913,167.09291007865383,168.0154266357422,5400496
2007-09-26,169.40763057037066,175.91557545946705,168.5689789338837,174.56533813476562,8340892
2007-09-27,176.11679615693933,179.0520760928883,175.61360531077665,178.2134246826172,8602140
2007-09-28,171.92355098575675,181.14871713621199,171.92355098575675,177.81927490234375,6249532
2007-10-01,177.96190204269277,177.96190204269277,171.5881487178838,174.71632385253906,2176580
2007-10-03,176.11683962978034,183.66470418534237,176.10007069241325,181.01455688476562,5122872
2007-10-04,181.98741152079944,181.98741152079944,176.78777119163374,181.03135681152344,4359804
2007-10-05,181.03125608063328,181.03125608063328,177.34119080351388,179.94100952148438,1744048
2007-10-08,181.32487818637344,184.30209149050958,178.1631451426296,180.8719940185547,2662144
2007-10-09,181.1487659186406,185.30848651117475,180.36044151617483,183.6563262939453,3707640
2007-10-10,185.29161311068083,189.57712951483913,184.23492474005502,188.78041076660156,3983236
2007-10-11,190.37387769613693,190.4409739066023,177.79410604220718,179.80686950683594,5598340
2007-10-12,176.45229639108044,180.31009374563828,172.812556642172,178.38119506835938,4912920
2007-10-15,179.47145652613912,183.10282233494124,177.75222061081863,180.16754150390625,6871600
2007-10-16,184.50329043696124,187.01924439746523,177.9618101396508,179.20301818847656,7060528
2007-10-17,177.79417530443982,187.0193447777834,167.73035406079228,183.61441040039062,6924440
2007-10-18,190.37385873732254,192.87304388532726,180.69583023199658,188.503662109375,13645436
2007-10-19,192.52918179201663,192.88980595900415,181.55124406891292,185.98770141601562,8094132
2007-10-22,187.86302805277145,187.86302805277145,179.13420464861875,180.28627014160156,3836808
2007-10-23,179.62196243066833,185.00389388926513,178.10829420793797,178.88194274902344,5862364
2007-10-24,185.00381353247258,185.00381353247258,175.46771608347086,176.2581787109375,4100988
2007-10-25,178.1082132091339,178.27639849072892,174.60155419396355,176.5272674560547,4925272
2007-10-26,176.5944956694838,182.31279362449564,175.28264263234084,180.17684936523438,2960060
2007-10-29,183.1537471299761,183.3219323890486,178.51183808565992,179.62185668945312,3536052
2007-10-30,180.294686466157,180.7992424917153,174.96321934159945,176.3423309326172,3145804
2007-10-31,176.09003818930915,178.89872495111916,171.0444783558046,174.5763702392578,47216528
2007-11-01,177.43555117273354,177.43555117273354,171.46497101478846,172.06202697753906,5518404
2007-11-02,169.86719190649453,173.23089867692016,168.68989453684554,171.75086975097656,3494680
2007-11-05,171.7172613344604,173.3654861588577,169.0683417791051,170.0858612060547,1876468
2007-11-06,170.70812405105465,171.5154116486957,168.1853438926647,168.90853881835938,2198988
2007-11-07,169.04306829799654,169.72422708547322,165.84754708052805,167.68917846679688,3504016
2007-11-08,166.52034684250503,168.1517471423944,164.82167854723934,166.44467163085938,2686964
2007-11-12,165.7046086673407,165.7046086673407,161.45792877000463,162.10543823242188,5280988
2007-11-13,162.1054259830312,163.5938723105374,155.84893992813574,159.3303680419922,4697988
2007-11-14,161.45789090784024,175.77045608952167,161.45789090784024,165.9484405517578,3588368
2007-11-15,166.6716545564624,167.83213738751365,163.13976278483202,164.85525512695312,2295396
2007-11-16,164.82159993700878,167.8489354460559,162.66042286024785,165.30934143066406,3666816
2007-11-19,161.47476768939111,169.3626655536377,161.47476768939111,167.0921630859375,2943548
2007-11-20,166.33524815556427,166.33524815556427,161.13831870265622,161.676513671875,4111392
2007-11-21,161.67656258010618,164.82163043845506,157.4214756024428,158.90150451660156,3337028
2007-11-22,163.08929053581477,163.08929053581477,157.25325846281464,159.80967712402344,2402356
2007-11-23,160.1965229825831,162.46702488312366,159.7340133361767,161.61769104003906,2273540
2007-11-26,164.82161079532324,167.17620523525642,163.1397576239424,165.67935180664062,2234300
2007-11-27,166.58755363442458,168.00031437910718,163.15656912031938,167.50416564941406,1503964
2007-11-28,168.18531073488705,168.82441286263628,163.13975141284044,164.2329559326172,2927688
2007-11-29,168.1853272632399,168.26941992687154,160.61698753639413,162.47543334960938,5029688
2007-11-30,162.47551338709505,171.21274749553555,162.47551338709505,170.23727416992188,5334612
2007-12-03,170.87630227999063,179.28556912447834,169.93446849949532,176.57778930664062,6516348
2007-12-04,176.5777913432841,176.5946057710797,172.39838977945593,173.18043518066406,1783824
2007-12-05,173.23090385792773,175.75368401119852,171.63314309418956,173.7690887451172,2069240
2007-12-06,174.9127996825736,176.88056046682559,173.43276008846715,174.1643829345703,4163452
2007-12-07,174.9127155889169,180.3030627766907,172.60016766646729,178.7136993408203,4805808
2007-12-10,179.975107804963,180.63103466261808,173.23088054236186,174.17271423339844,3864020
2007-12-11,176.42638152627154,176.42638152627154,172.43198060992364,175.13136291503906,2907456
2007-12-12,172.92815994633992,178.27646201908743,172.57497483521973,177.16644287109375,3718608
2007-12-13,176.54414118471186,178.62964348316027,172.84406374665193,173.1636199951172,4645736
2007-12-14,170.7585979683453,177.43555897031982,170.7585979683453,174.9800567626953,2720436
2007-12-17,180.36191548670706,180.36191548670706,169.02622243334935,170.2707977294922,3203328
2007-12-18,169.86720161863116,174.91276206274893,168.74035773306773,169.00946044921875,3845860
2007-12-19,170.20359111914348,173.02911349219073,169.53084965226938,172.305908203125,2671020
2007-12-20,173.1468121719875,177.25893563305686,172.05360743267917,175.8125457763672,3036020
2007-12-24,181.64014292908482,188.36755563016203,176.5945834032769,186.63523864746094,4655664
2007-12-26,187.52663735411306,188.31710016935094,182.67449483449053,185.0543212890625,2905996
2007-12-27,185.86168379663596,188.36765039458137,182.74185690524246,186.8119354248047,4008568
2007-12-28,185.00385872579645,185.00385872579645,178.27644568122204,182.0017547607422,2196596
2007-12-31,182.14476062707928,184.3395879770059,176.93101401633186,181.2029266357422,2156168
2008-01-01,181.1356316372944,181.1356316372944,176.93099766242685,177.35987854003906,928388
2008-01-02,178.27636544363838,178.44455069405691,173.48308580671036,176.59451293945312,2864924
2008-01-03,173.24775261872068,175.75371884033143,169.08516454092336,170.0438232421875,5168280
2008-01-04,170.04374009707504,172.03674199773943,168.57211876893743,169.0598602294922,2318868
2008-01-07,168.18529888521374,169.66532746236044,163.56020316587038,164.08157348632812,3647344
2008-01-08,164.8216557447809,166.83988010083945,163.02207030758473,166.14190673828125,3207732
2008-01-09,167.3108170181787,169.19449536153022,166.48671480030194,167.56309509277344,2450128
2008-01-10,167.84894692985057,169.78307808184786,161.79427549751128,165.09912109375,3342376
2008-01-11,153.94840524435782,168.85803571076187,153.94840524435782,166.46139526367188,2149188
2008-01-14,168.151630131709,168.151630131709,160.71783917832005,161.65127563476562,4158864
2008-01-15,162.2988409488759,162.8033969311004,157.0850957992229,158.09420776367188,2935588
2008-01-16,158.09422304950226,162.58477377852657,155.57144289445702,158.92674255371094,3131956
2008-01-17,162.43341614651888,162.46705527104749,154.56234347214559,155.18463134765625,6302096
2008-01-18,156.32828680258703,158.0942330225194,150.87907721785072,151.90501403808594,4333816
2008-01-21,152.03947172732984,152.1572034598074,135.43117766419508,139.77035522460938,4840032
2008-01-22,137.02055035734486,166.50342803640464,121.93432861251856,134.59027099609375,6376872
2008-01-23,145.0148066863087,150.24816990781693,135.89862559077824,147.2010040283203,5359120
2008-01-24,146.8717969661999,149.91052379998334,139.4015934998156,142.3559112548828,2013336
2008-01-25,144.0019125579941,151.54808752772234,143.51233569739637,149.33656311035156,2243116
2008-01-28,146.87180655848948,146.87180655848948,139.27498897787794,144.2213592529297,2485660
2008-01-29,144.50837606743818,149.33657236123747,144.33955787109772,146.48355102539062,3258712
2008-01-30,148.89761074213166,150.58579226982022,145.18361138121682,146.84646606445312,3032856
2008-01-31,146.87186022582483,150.24822482871735,141.02230442977472,147.5049285888672,5966956
2008-02-01,149.4040946283284,158.87479074255248,147.4289197911172,156.91650390625,4169520
2008-02-04,159.53320680886202,166.96120797244924,158.52029755928194,164.70748901367188,3730520
2008-02-05,162.06548007325625,164.59775319940087,157.95476082001977,161.22982788085938,1722872
2008-02-06,157.0009148200854,157.0009148200854,151.00786914684556,152.96615600585938,4007952
2008-02-07,152.96617338727887,152.96617338727887,147.04909728704587,148.39964294433594,2574652
2008-02-08,149.23527380829609,156.1568193129795,148.56000107613184,151.666259765625,2576820
2008-02-11,151.66626420149984,157.33855119604257,145.20051935884442,152.96615600585938,3200988
2008-02-12,152.7804685881958,156.15683253489624,145.18364970811973,145.96865844726562,5161328
2008-02-13,147.71591278410287,151.4299128769603,143.71491971421028,146.69456481933594,2185376
2008-02-14,149.404163836858,151.93643780019457,145.35252549551947,147.51339721679688,2246480
2008-02-15,145.1836887516202,149.7502201568173,145.1836887516202,147.3276824951172,2213044
2008-02-18,147.32764520777368,147.71592500702312,143.49547000682244,144.0356903076172,1723160
2008-02-19,144.5084143039437,149.23532505220354,144.33959606293442,147.79193115234375,1947288
2008-02-20,148.5430879550929,151.03315556112193,147.42044318405837,149.58975219726562,3060624
2008-02-21,151.59877912340798,157.16978102883388,148.8976872904742,154.40960693359375,3562052
2008-02-22,155.31275206103365,155.46469257045774,149.4041147543639,152.02923583984375,2401516
2008-02-25,156.66331550964475,156.83213373756462,150.29042740566942,152.06301879882812,3255460
2008-02-26,155.98800112993843,155.98800112993843,151.09227382174774,151.666259765625,4999584
2008-02-27,153.28689271131515,154.44329301166397,147.55551399025012,148.14637756347656,2364056
2008-02-28,149.40407969324585,150.2481705389704,147.20944349436203,148.71192932128906,5579004
2008-02-29,148.56000164726746,150.53517645721018,145.77450161638117,148.12107849121094,3416480
2008-03-03,146.19658121840445,146.65239248158682,141.80730741739,143.25914001464844,3141328
2008-03-04,144.84604183665792,146.87186060360418,143.00591900180956,144.98109436035156,3010532
2008-03-05,142.65139628468614,149.03272295712532,142.65139628468614,147.76658630371094,2209348
2008-03-07,145.62260219893759,146.21346600849202,142.18715531349557,142.84555053710938,1996828
2008-03-10,142.84547147426332,144.17068973495083,140.11905442624027,140.73524475097656,2494168
2008-03-11,141.80733658142645,141.80733658142645,138.4309714247258,139.02183532714844,4043520
2008-03-12,141.63840875256975,143.4954081521863,136.7848875944811,139.03016662597656,1884412
2008-03-13,137.58684436818203,137.58684436818203,128.4706608149528,131.6275634765625,3408600
2008-03-14,131.67815895761655,137.23228029672472,126.61361438232359,135.7044677734375,2216056
2008-03-17,130.83412789133683,134.66630376260088,129.77901395672927,133.6787109375,1958904
2008-03-18,133.3662935239364,139.91643347421768,129.9899316625709,138.0425567626953,3596080
2008-03-19,139.78145721217106,141.8072754326373,135.9914868972799,136.98751831054688,4361924
2008-03-24,136.98754927557817,141.38526192914216,136.98754927557817,139.05557250976562,3301984
2008-03-25,141.80729728389724,151.9110630938366,140.96320622863595,147.9691619873047,2928896
2008-03-26,158.68912622892017,158.68912622892017,143.75715266288708,148.28147888183594,2171768
2008-03-27,147.20945017526577,147.88472288249176,141.99296439040748,143.91749572753906,6151152
2008-03-28,144.00195103341443,147.66530870664002,143.83313280242567,147.0491180419922,3633696
2008-03-31,147.04907258203679,147.04907258203679,134.548088502745,136.81869506835938,4051860
2008-04-01,138.43095279962444,143.9850768566605,136.74277044840952,140.51585388183594,2086728
2008-04-02,143.4954744358595,146.703020335014,143.3688607819455,143.7064971923828,1428844
2008-04-03,143.49545104041707,150.58581450359063,143.49545104041707,149.47161865234375,3287172
2008-04-04,149.5729805712566,150.23137591652974,145.19214459872143,147.36146545410156,2020844
2008-04-07,151.09222291854314,155.3295537637727,148.256080459723,152.6284637451172,3659528
2008-04-08,152.78044128071824,153.11807761504028,147.7158962658878,149.80079650878906,4055352
2008-04-09,148.56007043509274,150.58588957738945,146.70306955465406,147.927001953125,1482600
2008-04-10,148.5600038593516,155.25364906387037,148.05354930074017,151.8603973388672,2925932
2008-04-11,152.45127411511223,156.15683568206654,150.79685780865506,153.28692626953125,2189264
2008-04-15,155.65030866251217,166.28585036070984,148.627478900794,164.4541778564453,5703772
2008-04-16,166.28590054328131,169.15580948666792,162.40308256105243,164.0743865966797,6438768
2008-04-17,168.76752417038605,170.50634923548424,165.36583397251707,168.97010803222656,3999556
2008-04-21,170.3375544041712,174.72682736205866,166.5560228112226,167.70399475097656,3399296
2008-04-22,166.27744132143266,166.27744132143266,148.89761046541025,149.7754669189453,13785196
2008-04-23,149.7416968953655,152.89859831570925,148.56840870897952,150.1046600341797,6326156
2008-04-24,152.61167360830936,152.76361413056426,145.85894468758772,150.3748321533203,15290096
2008-04-25,153.96222656088335,153.96222656088335,149.404134327173,150.1300506591797,6828568
2008-04-28,136.57392965402406,151.2611136835668,121.54910921000905,148.84701538085938,6598136
2008-04-29,148.90605904939625,157.0008920497175,146.89712908611963,153.71737670898438,16209848
2008-04-30,154.6543236984856,157.971604909493,153.03367336409875,155.48153686523438,9487980
2008-05-02,156.1568478211662,162.40312173401284,155.98802960730546,159.3221893310547,5298780
2008-05-05,159.53316069050373,160.29284240807758,155.50685170889955,156.57040405273438,3613764
2008-05-06,153.6245409336135,160.3772680076185,147.31073699788132,158.19107055664062,3982796
2008-05-07,160.37728186568643,165.42494991120748,160.37728186568643,163.20498657226562,12585540
2008-05-08,162.89271532670412,162.90959302827702,154.9751361657599,159.87086486816406,10845832
2008-05-09,161.89667004301347,161.89667004301347,153.6245774130785,154.80630493164062,4492296
2008-05-12,154.8063108236157,157.81971198910162,153.67522666631615,156.4776153564453,3898508
2008-05-13,157.0009260646118,158.92545766694192,150.07937986176333,152.78890991210938,4462876
2008-05-14,152.78047158809306,165.2645795869168,150.44234363063106,163.9477996826172,9373188
2008-05-15,164.26012979058572,169.15585822216536,162.08237060810305,166.24374389648438,7177896
2008-05-16,167.80529262315423,167.80529262315423,163.50042847638318,165.6190948486328,3838648
2008-05-20,164.59769533708248,167.1299675730376,159.91299170056553,161.4070281982422,4946904
2008-05-21,156.6633010793313,163.41602957413005,154.4686643185217,162.92645263671875,3140184
2008-05-22,161.47457393505832,166.37030069315207,160.5460740326612,162.25958251953125,5445200
2008-05-23,164.5809029852927,165.3912284602151,156.34256479601393,157.4061279296875,5401384
2008-05-26,155.31274089147163,162.55504564805761,154.63746810498697,161.29734802246094,5457272
2008-05-27,165.44182516341658,167.80527980860825,159.7020067393797,163.5679473876953,5682072
2008-05-28,163.77057030062832,171.39271794877376,163.77057030062832,170.41357421875,5469588
2008-05-29,170.33754533071402,173.60417302498342,166.11709078832766,167.91500854492188,8258940
2008-05-30,167.29884364474938,177.0902996804663,165.1042069470887,175.4274444580078,15485284
2008-06-02,171.35050414103554,178.50840124344128,162.90959260699438,166.09181213378906,7054764
2008-06-03,162.06546243322686,167.1300081342652,158.37678910250844,164.62306213378906,4900256
2008-06-04,167.09623892956807,167.09623892956807,159.76108666569743,161.5167999267578,3787856
2008-06-05,162.7576422360267,168.27800010624767,162.74076453551803,165.75416564941406,5905256
2008-06-06,167.12997642294442,168.59025761120722,161.69402967448013,163.1121063232422,4137784
2008-06-09,152.31625001318724,162.89271638280167,150.24822666859146,154.31674194335938,6140140
2008-06-10,153.62460087590657,155.14396506039355,146.36541643891317,148.3912353515625,6155372
2008-06-11,150.24824500356263,153.6246100598225,148.56006247543272,150.3073272705078,4113368
2008-06-12,150.9234941065429,152.34157132706926,144.67721974195445,149.95278930664062,2464004
2008-06-13,148.56002253523243,155.63350954793688,148.56002253523243,153.55703735351562,6732432
2008-06-16,155.14395511704535,156.66331920415462,152.48506796460416,153.7596435546875,6541784
2008-06-17,152.78049159237895,156.49449249296717,152.78049159237895,155.5322265625,3504824
2008-06-18,156.29598917372016,156.32993911524838,151.2377586880416,152.91818237304688,6431336
2008-06-19,149.41312665337915,152.42600140270886,149.37069179775477,150.72860717773438,3289068
2008-06-20,152.7484771487326,152.7484771487326,142.84417778920303,146.62936401367188,8157760
2008-06-23,146.62937031850592,149.27731106208827,143.09030812284104,145.71278381347656,3572312
2008-06-24,144.2784475935423,147.2828361625037,139.76338502464208,143.32791137695312,9287176
2008-06-25,142.58107711041689,150.21934909847494,141.1043424540451,148.82748413085938,5914196
2008-06-26,150.04957535430307,152.42592609520833,146.04373110651818,149.59976196289062,7028316
2008-06-27,149.5998042202143,149.5998042202143,144.47368303348716,146.90943908691406,6260948
2008-06-30,147.8430267655016,149.0312026407697,144.27849913969732,145.6703643798828,3258044
2008-07-01,146.8246127414073,148.01278879827416,141.74091454036937,143.88812255859375,5059616
2008-07-02,144.27844241763003,150.7285374904182,142.58104897742263,148.7765350341797,8141112
2008-07-03,149.540422902764,149.540422902764,139.2796733114851,145.4072723388672,4172528
2008-07-04,147.65635703289698,147.6818117352722,141.8173155979407,143.344970703125,3939584
2008-07-07,143.42972925241548,146.65477641903783,141.22311803314753,144.66033935546875,1794132
2008-07-08,140.90914815979252,143.42977376777836,138.84681058229907,140.91763305664062,3947624
2008-07-09,144.27844227838963,151.05953113748743,144.27844227838963,148.8189697265625,3578548
2008-07-10,147.67322063617974,150.89826798340664,144.6773172459133,147.40164184570312,3504368
2008-07-11,155.65095752056936,160.0641798712071,133.31326699752168,135.55381774902344,5523784
2008-07-14,135.7914746160989,135.7914746160989,129.1716402285641,130.3343505859375,4559896
2008-07-15,130.33440371018708,133.49156299790863,125.12341203585008,127.4148941040039,4509844
2008-07-16,128.09383899576585,131.3188875112141,121.51643741820693,123.58724975585938,5739900
2008-07-17,124.75845380747162,133.56793244484368,123.91824174042765,132.94837951660156,10350716
2008-07-18,132.39673306404106,136.13099989405245,127.13481162175223,134.74761962890625,8339496
2008-07-21,135.6217558834009,138.33758578845024,132.90592597835158,137.9641571044922,3582068
2008-07-22,138.50735789707704,143.2515764558846,136.8184487036462,141.19772338867188,4241164
2008-07-23,140.88372229843984,147.6732992766779,138.9996188310077,146.0692596435547,5971420
2008-07-24,148.43716807784088,148.43716807784088,134.49306632649848,136.2244110107422,11742336
2008-07-25,135.6556854248047,144.19357233257776,132.73616664399742,135.6556854248047,8842536
2008-07-28,135.79154554263567,138.6686309858348,133.24545406371124,136.8524169921875,1969372
2008-07-29,136.9287857857419,138.13393146738264,134.43361435635583,137.31069946289062,2472192
2008-07-30,143.59953855691052,143.59953855691052,135.7915258221376,142.4028778076172,4420076
2008-07-31,143.09278515039355,143.4334822578945,139.94133690600987,142.02810668945312,5195580
2008-08-01,140.53750269545006,145.9801389701959,138.19521098385923,143.20346069335938,4011724
2008-08-04,138.83407418045508,143.09278811237087,138.15267995134855,138.89369201660156,5238928
2008-08-05,138.90219858864182,142.24102569148226,137.1731568120552,141.3381805419922,4768200
2008-08-06,143.07578323752023,148.1947562280929,142.47956317944764,146.59347534179688,5009932
2008-08-07,146.32937082826288,148.18617375553,143.94449167623065,145.3668975830078,3072320
2008-08-08,143.9359712965976,145.98866870122006,141.96844814442625,143.96151733398438,2086672
2008-08-11,145.13698449372583,146.12500413970227,140.45239872661614,142.06219482421875,3405100
2008-08-12,142.2410495491482,143.7230841209069,138.834078302462,139.5580596923828,3323504
2008-08-13,136.27885381236143,142.70099687771926,136.27885381236143,141.09971618652344,3697968
2008-08-14,141.21893653420676,143.88489528509731,138.1526628820768,141.9344024658203,3741508
2008-08-18,143.09280382768873,145.20513032880777,142.241060947762,143.35684204101562,1956648
2008-08-19,143.8593579137839,144.9666235460392,142.25807730208356,143.30572509765625,1953300
2008-08-20,143.55270027981183,144.62589387932533,142.24101459274044,143.3653106689453,1127256
2008-08-21,142.4113641292529,143.43345525936712,138.86811695763987,139.3195343017578,1976516
2008-08-22,139.51551818847656,140.49502274230287,136.875114608597,139.51551818847656,2645284
2008-08-25,140.36718501790585,142.2410187984847,139.00439681384853,139.37916564941406,942244
2008-08-26,137.9738420464833,142.57325395970003,137.9738420464833,142.07923889160156,2205004
2008-08-27,139.70282175872518,142.4113674760813,138.51038207890153,139.4217529296875,2131788
2008-08-28,139.68575617272776,140.40973722606202,133.32324448644167,134.97561645507812,6580688
2008-08-29,136.27886197465486,139.67731817459824,136.27886197465486,138.35711669921875,1998500
2008-09-01,138.83403109284123,139.6857736148832,137.47124305757407,138.8255157470703,1527432
2008-09-02,138.82553392232106,145.30729328421276,138.82553392232106,144.59182739257812,2647848
2008-09-04,143.94451955348177,145.61393320376447,141.7896063148758,143.80824279785156,2461676
2008-09-05,144.7962598641589,144.7962598641589,140.5375463387425,142.82022094726562,2445368
2008-09-08,146.49975495457346,148.9527782662014,143.43348101366377,145.93760681152344,5170432
2008-09-09,145.64798465411846,148.49280701862523,143.09275685316902,147.31739807128906,2815328
2008-09-10,146.69567303630132,148.23732549246094,144.47261591300742,144.94960021972656,3063456
2008-09-11,144.94962227155588,147.86257905956546,141.21898391748823,142.53067016601562,1908976
2008-09-12,147.35151647760992,147.35151647760992,136.44069239475866,138.07603454589844,3573964
2008-09-15,132.87192125934965,136.10854498233383,126.90971966437884,129.56715393066406,8550948
2008-09-16,127.67622142448569,127.93174421586224,123.5026824986686,127.56549072265625,5072364
2008-09-17,127.42074976354206,130.25705804485372,124.01377784473078,124.37150573730469,4200868
2008-09-18,124.01374621868113,127.59106582114309,114.3038787262844,122.84686279296875,6357104
2008-09-19,132.82077541364845,132.82077541364845,124.37148052918235,130.6317901611328,9544368
2008-09-22,147.86251783077486,147.86251783077486,128.27243770342565,130.6232452392578,4472944
2008-09-23,121.8588611351122,130.77661616516258,121.8588611351122,122.82133483886719,2966120
2008-09-24,123.42607275144549,127.42074939412089,117.5916333573965,121.4670639038086,7380724
2008-09-25,121.47557675674318,122.62542975236875,114.31242054492627,117.26797485351562,15122632
2008-09-26,119.24394348841456,119.24394348841456,113.48616658228046,115.18965148925781,4217244
2008-09-29,115.63257202412106,115.63257202412106,104.25329309278919,105.61608123779297,5578636
2008-09-30,100.84632509841644,115.27484700191326,100.50562805416503,113.38397216796875,8391372
2008-10-01,114.06543270653238,116.67177493120764,109.93447863845175,114.43168640136719,6017916
2008-10-03,113.27329522202308,113.27329522202308,109.42341091009884,112.00419616699219,4172404
2008-10-06,110.9395360099287,110.9395360099287,102.20916945252549,105.44579315185547,5882984
2008-10-07,107.51549453102606,113.28178895264779,96.41728202586263,98.1037368774414,8884604
2008-10-08,94.54343487360943,95.89770777692448,86.53705390233078,93.11250305175781,8301380
2008-10-10,91.98822607617787,93.69171174425524,81.83545045471162,89.39892578125,13742076
2008-10-13,89.93550235559157,102.7031258872561,89.39890036381058,97.58414459228516,13866024
2008-10-14,102.03880838771524,105.51392388402782,99.0321515275733,100.96561431884766,7424624
2008-10-15,99.65386393520002,100.27564006566008,91.18754213339271,92.5162582397461,5308752
2008-10-16,89.43298917828184,90.0632808957503,79.70608588697606,84.3225326538086,8031800
2008-10-17,85.17427530587004,90.11438327361051,75.80510502222434,77.31269073486328,9743540
2008-10-20,84.60357426360181,86.02598515691103,77.55114800531435,83.70072937011719,12413060
2008-10-21,91.71570459384439,96.74098907161333,84.04149585692242,95.24191284179688,11804900
2008-10-22,94.54343885218852,94.54343885218852,87.0651390529746,93.12103271484375,6020668
2008-10-23,89.3733770625803,100.16495428831367,85.3872165595531,93.23176574707031,10501016
2008-10-24,85.80457753672307,91.37497790375097,74.95337145364304,84.97838592529297,8479936
2008-10-27,81.93766868372448,88.2405662747802,70.75428521391436,84.62065887451172,8972576
2008-10-29,96.31755261884052,98.54553871144715,90.87612504651278,92.68421936035156,10955572
2008-10-31,97.5172419064544,101.97321429585303,90.79043743399687,92.11865997314453,10375980
2008-11-03,95.96623812795185,99.91662757194489,90.32771413740679,93.81537628173828,7532020
2008-11-04,102.24742351407724,102.24742351407724,83.97794095229727,87.1485366821289,9422540
2008-11-05,88.26255821857855,94.07246672043763,85.69180409570733,86.78865814208984,9233164
2008-11-06,90.57625192992256,90.57625192992256,82.62405223888219,85.7260971069336,7861916
2008-11-07,85.69181106171064,91.69023783603039,83.2495944464519,90.00211334228516,5877720
2008-11-10,94.24385583612936,94.68944905929686,88.27113046536432,93.65258026123047,4099016
2008-11-11,92.88991379714284,93.87536952469554,89.11947449172375,90.63621520996094,6498776
2008-11-12,90.63619388160765,95.02361940809075,88.27110278411533,91.6730728149414,7742044
2008-11-14,93.40403967440557,94.00388213103018,89.71929315514002,90.97895812988281,6617464
2008-11-17,90.66191006993053,92.0329786532187,86.63439610652152,88.94807434082031,8090972
2008-11-18,89.119455902178,89.119455902178,82.264113140472,82.80397033691406,9755152
2008-11-19,83.97799370553209,85.00629566927329,80.84167480820709,82.71832275390625,8175088
2008-11-20,82.26413073549814,82.26413073549814,78.83645862151906,81.06444549560547,5016448
2008-11-21,80.49888575404258,88.60532862088992,78.83646260272604,86.79723358154297,6845692
2008-11-24,86.37732239404313,91.11608245955235,84.0207982215866,89.10232543945312,8370556
2008-11-25,88.96521491841746,92.53856894710667,85.70035971151499,86.37732696533203,5774020
2008-11-26,86.24878605190783,90.83329678591384,85.20334517493326,90.39627075195312,6135556
2008-11-28,88.77665198069657,97.34582688230822,88.77665198069657,95.87193298339844,12138064
2008-12-01,95.87197841362696,101.75900017651131,95.34925012859195,96.68605041503906,11958704
2008-12-02,97.68864357162379,97.68864357162379,89.64218215377105,91.32173919677734,6658808
2008-12-03,91.92160260829614,94.55234751467097,89.39369415264426,91.65596008300781,9997992
2008-12-04,91.69020694905332,94.89508169524494,86.26591818212822,94.15813446044922,8256508
2008-12-05,92.27292164014256,93.45546204005164,88.81953839442444,89.42794799804688,7105448
2008-12-08,91.69019853401092,93.61826345645508,87.81693451842511,89.50505828857422,7621404
2008-12-10,94.22668758229636,95.42637260907095,90.74760309673472,92.72708129882812,8088380
2008-12-11,94.209567463816,94.209567463816,86.03456761253226,87.00288391113281,7300252
2008-12-12,87.39704320975058,87.39704320975058,81.45003194660433,82.48690032958984,7121036
2008-12-15,86.03453067421138,86.03453067421138,80.07895310263997,80.49027252197266,5997716
2008-12-16,80.55030256234966,83.103917491156,79.69338444998424,82.15274047851562,5847868
2008-12-17,83.18100171125243,84.32070119971871,80.89303041924235,81.80136108398438,6476068
2008-12-18,81.39007543860028,88.10830982036735,80.89306401505877,87.4913330078125,5723936
2008-12-19,86.20592093620598,91.51881069569383,84.68060847065321,88.0140151977539,4943988
2008-12-22,89.03377070763126,89.03377070763126,86.2744939957701,87.49988555908203,4106852
2008-12-23,84.8691615559388,87.67985157453121,84.36357783942255,85.79463195800781,3567120
2008-12-24,85.12623617758102,86.50587206493685,80.93590506719451,81.94706726074219,9148436
2008-12-26,79.72767793503303,84.83490873228497,79.72767793503303,80.83309936523438,3154564
2008-12-29,81.57856298814205,82.17840536305486,78.83642641711207,81.71566772460938,4875608
2008-12-30,83.12103320487132,84.5777935806268,80.55027960059697,82.70114135742188,3522528
2008-12-31,84.37213549123594,84.37213549123594,80.93589675751207,81.90421295166016,2543696
2009-01-02,85.18618409414569,87.18280646374724,84.68917288801985,85.4004135131836,5375740
2009-01-05,86.03455697420094,89.63361214642846,85.34902265568141,88.30538940429688,4829776
2009-01-06,88.26255821857855,89.46224347591846,85.39188278137235,86.78865814208984,5918992
2009-01-07,88.9480525274758,89.08515726009684,79.62478949356664,86.514404296875,9013828
2009-01-09,85.67467778764308,94.22672009787348,83.12106268121144,92.02444458007812,14219980
2009-01-12,87.68837672806279,90.83326535771629,86.56581676714103,87.84262084960938,7595416
2009-01-13,85.62324562788808,92.03299107376121,83.66947367906857,90.0877914428711,13359808
2009-01-14,90.49053510600095,95.56348516262224,90.49053510600095,92.3671875,5958904
2009-01-15,89.11947656959113,89.63362739595415,85.40902248538049,87.4827651977539,7171524
2009-01-16,87.18281330737317,88.94806176672873,83.37809643451546,86.20592498779297,9790076
2009-01-19,88.75956034248567,88.75956034248567,83.51521651372238,85.82032775878906,6868376
2009-01-20,84.78349079335895,87.0457517564169,83.97798557433595,85.08341217041016,4635196
2009-01-21,84.1493271843997,85.86316276860336,83.1210258338775,84.37212371826172,3669860
2009-01-22,84.83485510510958,86.38587410131062,82.80395904291481,85.10906982421875,4848136
2009-01-23,83.99508237697398,85.50325558730171,82.82967105061975,83.318115234375,3031220
2009-01-27,84.14935124313423,88.26255782121005,84.14935124313423,85.53755950927734,5243956
2009-01-28,81.93397052281706,87.934183276981,81.93397052281706,87.49451446533203,4789396
2009-01-29,88.28764217913763,89.31354308963286,85.5375468569372,88.62386322021484,10017036
2009-01-30,87.07207970313245,88.79627930121427,85.91686386768178,88.21005249023438,8707524
2009-02-02,87.72726413762925,87.72726413762925,83.99437345621718,84.70991516113281,3234692
2009-02-03,85.00304237080398,87.89969566531659,85.00304237080398,86.18412017822266,3808560
2009-02-04,86.72724656410254,88.43420850913044,85.0030468312178,85.97721862792969,2484756
2009-02-05,86.20997111478648,86.65826401695118,82.45983737129328,83.26158905029297,4341548
2009-02-06,84.48578319651608,87.57209953030657,83.96852329939456,86.69275665283203,6840388
2009-02-09,86.20997308527382,90.28770902167861,85.63236521323464,88.79627227783203,4595224
2009-02-10,89.14112758966037,91.03774732561058,88.10660773368751,90.4515151977539,6790772
2009-02-11,89.31354637201578,90.17564624047152,88.27902652986887,88.75318145751953,4502732
2009-02-12,88.27901409847487,88.9169700160316,86.91689755049516,87.91693115234375,2844372
2009-02-13,87.93417671372734,89.65837625713375,87.4169168507054,88.14108276367188,3257208
2009-02-16,87.52034900334156,88.78763641788346,85.86511678405243,86.33927154541016,2501996
2009-02-17,85.52030857563756,86.17550238337616,82.76158894416537,83.66679382324219,2950388
2009-02-18,82.9943297746743,84.64093791050823,82.24430206822531,82.89087677001953,2629412
2009-02-19,83.10641700814766,84.96855038824178,82.58915715125048,84.39956665039062,3477072
2009-02-20,83.88230239537727,84.054722338636,80.0545775502976,81.73567199707031,4771388
2009-02-24,81.03738029139764,82.02017615711424,79.39939068976301,80.84771728515625,4495532
2009-02-25,81.0373626248761,83.58917534322194,81.0373626248761,82.89087677001953,5517928
2009-02-26,82.93400884009789,84.5892416697319,82.24432893290373,83.14091491699219,8808288
2009-02-27,83.10641853957692,84.31335822791104,78.49418473058589,83.29608154296875,6750148
2009-03-02,81.74430753153807,83.10642422054417,78.41659900626716,79.28732299804688,3988944
2009-03-03,77.93381037053209,80.34768945280521,75.75269925213165,76.93377685546875,3560896
2009-03-04,77.24414394463778,80.08045445984084,76.93379011388181,79.40801239013672,3258300
2009-03-05,80.1666641353486,81.19255976108626,78.96834328426847,79.86492919921875,4284496
2009-03-06,79.31318725527177,83.59782461914739,78.90799926801272,83.05470275878906,5805604
2009-03-09,81.22704711426894,82.76158376079913,79.14076447126416,79.8304443359375,4535184
2009-03-12,79.59770103517727,83.62370954718855,79.59770103517727,82.31331634521484,8617456
2009-03-13,81.61499107688014,87.93418171015364,81.61499107688014,87.39105987548828,10199700
2009-03-16,87.93415776590187,90.1411306011735,86.62376534290509,89.62387084960938,4672896
2009-03-17,88.79630607877296,89.31356611418329,85.01168471495092,85.7875747680664,6946172
2009-03-18,86.20999948346967,88.7100894684903,86.20999948346967,87.09796142578125,6413800
2009-03-19,87.15830297675424,89.31355280308348,86.4858660833076,88.78767395019531,7382584
2009-03-20,91.19293983743488,91.19293983743488,87.15830773290784,87.89971160888672,4139380
2009-03-23,90.43426262775216,91.31360015212546,88.10659333228094,89.59803009033203,4587312
2009-03-24,90.03770759891763,91.81363112916848,88.31350795329945,89.94287872314453,6681544
2009-03-25,86.83928511943313,91.3653129406075,86.83928511943313,90.69287109375,3831616
2009-03-26,88.39110791417879,99.65013062543281,88.39110791417879,96.2879409790039,15230328
2009-03-27,92.52918851216056,100.86569051909561,92.52918851216056,99.1156234741211,7079424
2009-03-30,92.02916748148941,98.27939197086457,89.3135527033471,90.21875762939453,5148188
2009-03-31,90.52046255934225,93.77920342094949,90.52046255934225,92.85675048828125,4777672
2009-04-01,92.41709789209567,95.48617105317945,89.74458853141007,93.8826675415039,6724568
2009-04-02,94.08094436311632,101.21050466450966,94.08094436311632,99.78804016113281,8503764
2009-04-06,100.8312074445304,102.41747344778447,99.26218975438185,99.9260025024414,5414580
2009-04-08,100.88290270957043,105.81411930900126,96.72758636401016,104.16751098632812,10193512
2009-04-09,105.52101810552665,106.8831400323737,102.46056374053794,103.89164733886719,6586724
2009-04-13,104.22786719409561,105.00375702432461,99.17596440422932,102.11572265625,4121008
2009-04-15,95.09819472877963,100.31389675799515,94.83956487609125,99.60697937011719,9767236
2009-04-16,100.00358390165577,101.55536365185388,97.79661036166556,98.63284301757812,8868964
2009-04-17,99.4518215589288,103.36575639106593,97.43450611011397,98.8138656616211,6664024
2009-04-20,95.30513295965702,100.31393069658202,95.30513295965702,96.79656982421875,5330200
2009-04-21,99.93459240106347,101.46913406711462,93.96886672315628,94.96028137207031,11488980
2009-04-22,96.55516776489476,97.34829529063514,92.61537628967343,93.61540985107422,6584924
2009-04-23,94.74478970481589,98.77079248279993,94.0033858118621,97.95179748535156,7373712
2009-04-24,96.54652839346647,101.2104847423614,96.54652839346647,100.67598724365234,5377524
2009-04-27,100.6673830341916,104.96926286733253,98.71042082212395,103.77957153320312,8141124
2009-04-28,103.29679951783342,104.80547425095631,99.37424521171391,103.19335174560547,8388692
2009-04-29,103.79682055369734,108.45215968152098,103.79682055369734,107.52108764648438,10531292
2009-05-04,108.79701617642236,120.62502355126456,108.65046339104549,114.90068817138672,11142936
2009-05-05,115.34894322689776,116.37484400457818,109.67632282584957,112.2453842163086,8822316
2009-05-06,110.04706505640866,112.02127616215694,106.03830005435381,109.54704284667969,52522096
2009-05-07,109.65909783721825,111.210877523594,106.77968231442962,108.91769409179688,7738864
2009-05-08,108.27975764898329,110.69363759657209,106.64176768454804,108.78839874267578,9001752
2009-05-11,110.09015482840913,110.2884420105557,105.00376552936751,106.08139038085938,5298612
2009-05-12,105.17617285373973,111.34880515582998,105.17617285373973,110.5384292602539,9487452
2009-05-13,110.69361996588825,111.19364208486337,106.03828080844434,107.19349670410156,7324800
2009-05-14,106.55554428283838,108.10732405394768,104.36580850109257,106.86589813232422,9443176
2009-05-15,107.59004787191951,112.90919907406465,107.59004787191951,111.04706573486328,10942472
2009-05-18,132.17714728703606,136.4876466183858,119.83188141152245,128.2545928955078,73380
2009-05-19,129.31499075382314,129.31499075382314,113.03853970813626,115.47828674316406,13015576
2009-05-20,115.52137182022317,121.03019158116216,114.31443211463873,116.66796875,8507664
2009-05-21,115.52134493502481,118.10764370222687,111.03842707187461,111.6332778930664,4459324
2009-05-22,108.62454690504438,111.21084564087877,108.62454690504438,109.32284545898438,5861456
2009-05-25,109.65907960701615,111.0384390989283,107.35727766435885,108.8573226928711,5673644
2009-05-26,109.47801138614463,110.28838697481162,106.98654186804423,107.6676025390625,6058900
2009-05-27,108.7625353758193,112.41784153031435,108.7625353758193,111.82299041748047,9222868
2009-05-28,107.48662458010263,116.19383396206739,107.48662458010263,114.34893798828125,16863676
2009-05-29,115.30587634860326,122.41820143178813,112.52991852560866,121.48712921142578,13871224
2009-06-01,116.09897444576553,122.39230290929291,116.09897444576553,120.28878784179688,7905804
2009-06-02,120.69400047475206,122.41820048153423,118.96980046796989,119.7887954711914,4118172
2009-06-03,118.96976828361444,121.51296260561925,117.78006639130676,120.15084075927734,3914944
2009-06-04,118.45253873708495,122.24577869664225,118.34046152880724,121.9354248046875,7020704
2009-06-05,122.24573997694142,125.64241496961183,120.0646234815628,124.3751220703125,13220132
2009-06-08,124.95271204705081,129.2718287280959,124.14233635775798,127.95281219482422,9267824
2009-06-09,126.0562289612833,137.07386865100563,126.0562289612833,134.8582763671875,9690708
2009-06-10,135.34967385460126,138.79807318847648,132.28921944578704,134.7979278564453,9383796
2009-06-11,135.86693729182807,136.63420826832626,132.76337781054264,133.64271545410156,3883200
2009-06-12,135.34965948281817,137.03937287226287,131.24606681597288,131.82366943359375,6358660
2009-06-15,131.84959231210863,135.34971663761874,130.1771160017862,134.1427764892578,6595868
2009-06-16,133.0321201710338,136.57224355450938,128.8325755389467,135.06248474121094,4344006
2009-06-17,136.05164146297443,137.0928530047829,130.1514427260597,131.4529571533203,3741568
2009-06-18,131.1926593223946,136.39871723201344,129.1275854482117,130.63734436035156,4753108
2009-06-19,130.84555927441122,136.05161600946738,130.15141837640374,131.81735229492188,7727732
2009-06-22,133.41390691309445,134.5939445728578,127.721952454661,128.29461669921875,4106208
2009-06-23,124.9453484393336,131.1058482582174,124.25120761467063,127.25336456298828,5135694
2009-06-24,129.43995480022264,134.83689715492233,125.0148056657947,132.49417114257812,7303954
2009-06-25,132.58087775773038,136.0515813639537,128.52015030175036,132.06027221679688,9694662
2009-06-26,132.7544488547576,140.35528969044478,130.6893754136504,137.92579650878906,6099700
2009-06-29,138.77608240660214,139.52228154527356,133.04942159690808,134.03857421875,4745206
2009-06-30,134.48980222871862,138.1340420310452,132.98004362083336,135.305419921875,5923948
2009-07-01,134.35096822353034,137.09282255630666,132.73709281052115,136.38133239746094,3684738
2009-07-02,135.35745239257812,137.19692122685507,132.30323719067545,135.35745239257812,3715428
2009-07-03,133.62207635834247,136.1903946686991,133.62207635834247,135.68714904785156,2919844
2009-07-06,137.78694274158627,138.2901990361576,131.31408218454388,132.12969970703125,4488916
2009-07-07,133.27507376094434,136.48547592836294,131.8867917426012,135.06248474121094,3804568
2009-07-08,134.906276702029,134.97568443108852,127.80868236521121,132.285888671875,6694766
2009-07-09,132.61562108033712,135.73925513073723,128.76313696649373,134.71539306640625,3964808
2009-07-10,135.7045268964399,139.33141682640712,135.3574564951702,137.14486694335938,7468748
2009-07-13,135.35749672943692,139.1752722782159,134.75012334667662,137.9605255126953,5119832
2009-07-14,140.56353430364655,142.68066619792796,138.96700809197125,141.24032592773438,4464136
2009-07-15,142.61125594728045,148.3032096144654,142.29889463837554,146.8628692626953,4470094
2009-07-16,148.54619327732192,150.90626874689616,143.40955344742395,145.70021057128906,7596876
2009-07-17,146.25550016716406,154.70666858986223,146.11667409160293,150.66329956054688,9094956
2009-07-20,154.44638670159082,178.70662535575923,154.44638670159082,173.7261505126953,34539536
2009-07-21,174.57645237887266,178.09922624321854,164.52875769213594,165.7608642578125,13005820
2009-07-22,167.87800932488344,168.3291967495735,156.97998687635533,161.83897399902344,10674690
2009-07-23,163.4702002726917,167.60033697227155,163.12312978379003,165.08407592773438,7662678
2009-07-24,170.06449629399256,170.06449629399256,165.20551068559277,168.17295837402344,7909322
2009-07-27,167.98129386147446,170.40343502929636,166.27360233731517,167.38882446289062,4652338
2009-07-28,168.8002750504086,169.00938250169193,164.25222786867204,167.5107879638672,6334984
2009-07-29,167.28432504066873,175.89250185431354,165.54177998816178,174.18479919433594,11072150
2009-07-30,176.08414947059356,189.93738042844828,170.8565151468748,185.7901153564453,15672482
2009-07-31,187.84639434779302,188.19490342821564,181.71264304087737,183.29835510253906,5634966
2009-08-03,184.709726557002,186.39998630093908,181.60798867799798,185.28477478027344,3520548
2009-08-04,181.39891911135396,188.61305905361584,181.39891911135396,184.7620391845703,5481292
2009-08-05,184.53541468312025,187.13180956889704,176.8856420581456,184.3611602783203,6424010
2009-08-06,184.36126906640754,186.2432262572698,179.20333989499156,180.31857299804688,4178748
2009-08-07,180.03970973229457,181.90424532238313,176.38037650126017,177.4259033203125,4552666
2009-08-10,179.534358983138,192.28977554959098,179.13356526051612,187.86370849609375,10623976
2009-08-11,187.32357712291167,194.46801122713435,186.13863808003276,188.85702514648438,8843480
2009-08-12,186.45235857732712,186.80086765878008,178.08814062245636,181.10275268554688,11326536
2009-08-13,186.24325127074317,186.24325127074317,181.0853001352843,183.5771484375,10033928
2009-08-14,184.70977841721972,184.70977841721972,180.52767022664116,181.74745178222656,5151814
2009-08-17,180.10946837458502,180.3534289578709,176.08419319993098,177.79188537597656,5962820
2009-08-18,175.9970140932615,179.4298186319081,174.08021492986953,177.33877563476562,8149844
2009-08-19,178.71535036791207,179.37752575197985,172.1633876430429,173.57484436035156,5603370
2009-08-20,175.96210281642624,177.1818836983879,173.59224707144452,174.60292053222656,3660960
2009-08-21,174.95149008479842,178.61083400091474,172.51192747405423,177.47817993164062,6929022
2009-08-24,179.8131900074565,183.2634157153761,178.9767600514956,181.76483154296875,4207204
2009-08-25,180.5276260627864,185.0582421608872,179.16843272483734,184.1172637939453,5529298
2009-08-26,183.55967441515668,193.42247377880724,183.50738956237257,191.15716552734375,8852624
2009-08-27,191.67992762918615,197.25607097839884,188.543346995254,190.89578247070312,10230928
2009-08-28,190.19877173940156,191.6799348725073,185.09310678382312,188.47364807128906,4563136
2009-08-31,185.05827062575486,186.0340915273368,181.67772922447062,183.68165588378906,7170352
2009-09-01,186.45224685586135,186.92272532539147,180.91094727256228,183.62933349609375,9862194
2009-09-02,181.5732276056567,189.2055848369504,181.5732276056567,186.3129425048828,8161418
2009-09-03,188.16000792007097,189.72829833931894,184.8665937853902,185.98182678222656,7796744
2009-09-04,188.19489365608487,189.5889299053892,183.733981912572,185.37197875976562,6263446
2009-09-07,186.73114208110962,192.91717763066697,185.96441792774877,192.0110626220703,5925720
2009-09-08,192.34209175170906,198.82434950215605,191.55794663973737,193.3004913330078,9892042
2009-09-09,193.77096935195576,196.83784374930994,189.29263801124338,195.32183837890625,7532186
2009-09-10,196.5590732701542,198.30161824595342,192.3943865237338,193.96267700195312,4898914
2009-09-11,195.51349608431707,198.30156732972623,193.59669710309828,195.28695678710938,9130296
2009-09-14,185.98176926723326,196.52416271415757,185.98176926723326,194.85130310058594,3200972
2009-09-15,196.55904198608113,200.63660083473275,195.86202410669787,199.31227111816406,4308186
2009-09-16,201.7866976417856,202.11778542412793,196.97727801442787,198.82437133789062,5816522
2009-09-17,200.3926190127937,204.92323474699597,199.69560120753178,203.16326904296875,5283220
2009-09-18,203.8777295204058,205.6202742171614,201.7866758842991,203.5292205810547,3925348
2009-09-22,205.60283279788834,211.19639646993699,202.9193099746218,210.02890014648438,3763280
2009-09-23,211.89340776957158,213.16547374249566,204.66184821164623,205.9339141845703,4522410
2009-09-24,204.923233563735,212.3464688926521,202.83218016002343,209.99403381347656,6803348
2009-09-25,193.42235817223718,208.40823457116727,193.42235817223718,204.71405029296875,3068206
2009-09-29,207.34545069081355,214.1413767442849,205.96883577443953,212.72991943359375,7146124
2009-09-30,214.31555190251845,217.05133825380824,213.35715242933736,216.4240264892578,4373424
2009-10-01,215.37858402889609,226.49603077450774,214.3504781194813,219.50840759277344,5686944
2009-10-05,215.62246933362823,222.69719603316116,212.93894644172374,214.43753051757812,6259596
2009-10-06,217.80074802332405,219.0031085716939,210.8479878074775,214.0542755126953,7448054
2009-10-07,215.6921851828569,215.6921851828569,205.1497900553747,206.21273803710938,10075972
2009-10-08,207.36281817805045,208.66972669597934,198.12733131801963,199.1380157470703,10162172
2009-10-09,200.41006711694362,205.75969225351258,193.99751521016313,195.77490234375,10032478
2009-10-12,197.6045397747978,203.61631810127975,196.4021798552425,202.08287048339844,5174220
2009-10-13,202.48362731933597,202.48362731933597,202.48362731933597,202.48362731933594,0
2009-10-14,203.86047057772112,208.40851160172326,202.37930640663865,206.64854431152344,3979580
2009-10-15,207.01426353235362,208.3734565994165,200.39259517020764,202.762451171875,4232380
2009-10-16,197.2560880860862,210.63884179337978,197.2560880860862,208.51292419433594,7189942
2009-10-20,213.9845590044031,218.09696158442878,213.30496209532367,216.44154357910156,7840584
2009-10-21,216.07561781458836,222.83670210634102,215.3785996926058,220.53652954101562,5731638
2009-10-22,220.25761118229252,224.42229653406457,214.4549298475326,218.11427307128906,4292924
2009-10-23,219.59548727477912,225.10194586200726,219.42123279470985,222.9760284423828,7494460
2009-10-26,224.09126981346282,229.1969347804076,221.30319802729218,224.63145446777344,4071746
2009-10-27,229.2840700285391,229.2840700285391,221.14637245576884,224.004150390625,3940880
2009-10-28,224.58099501743075,226.85337423931009,221.99397013744374,224.73829650878906,3582314
2009-10-29,222.34356801297616,225.66473766096874,220.6655076162664,221.66184997558594,4882712
2009-10-30,224.44107499008894,226.80085264769502,216.74994780974322,219.65159606933594,2876124
2009-11-03,222.34353493113414,222.34353493113414,210.10764857486103,211.87310791015625,2768288
2009-11-04,213.63856568048186,219.5467592985942,213.25401779003576,218.74269104003906,4555798
2009-11-05,220.24607112447768,220.24607112447768,211.71589729505135,218.3232879638672,2731302
2009-11-06,216.74999112162433,221.97646694927303,214.5300602315042,217.5016326904297,4179484
2009-11-09,218.49801864838417,219.54680913789642,215.00205035001002,217.71142578125,3432086
2009-11-10,218.84759790412693,219.89638830941828,216.75001709354424,219.07484436035156,4610406
2009-11-11,219.2146656185804,226.1891259330504,216.22561729457755,225.57733154296875,4049412
2009-11-12,225.48994265666062,231.2582900269473,224.98302301415686,229.10826110839844,4727766
2009-11-13,228.96845708148652,235.94291838183509,226.38143190265862,234.28233337402344,4597896
2009-11-16,234.22991212221004,236.6770903085615,230.73394328456513,232.74412536621094,3523808
2009-11-17,233.53071156939953,242.2356822572909,230.48921450147967,241.37916564941406,5344330
2009-11-18,241.57132318509494,246.71039901677307,238.9493478972683,240.1379852294922,5582914
2009-11-19,241.1868092162038,242.0608011015536,234.05502689667256,237.6908416748047,3464664
2009-11-20,237.02662855069798,243.31937090160145,234.26480531716783,242.32302856445312,2800774
2009-11-23,242.96973593522554,244.71771964698974,239.82336525404995,242.65509033203125,2543474
2009-11-24,246.1160823121153,246.1160823121153,238.4249547398617,244.3855743408203,2721872
2009-11-25,244.3856822987332,248.7906155658903,241.92102868730552,245.69667053222656,3893254
2009-11-26,246.44826138293897,247.28728087633883,239.47380115476136,240.48764038085938,4409118
2009-11-27,236.51966224468572,239.96320282077662,228.9858570179686,234.3871307373047,3769058
2009-11-30,235.62816792753378,242.25302943873137,235.62816792753378,240.66236877441406,3882888
2009-12-01,245.90643110235993,245.90643110235993,237.81325554647805,239.7360382080078,3229964
2009-12-02,242.95229456543743,242.95229456543743,236.6945034613511,239.2290802001953,2161954
2009-12-03,240.43514384877855,243.28436564792966,237.46357173287217,241.2392120361328,2978706
2009-12-04,238.07545435940872,245.06739134500077,238.07545435940872,243.03973388671875,3933408
2009-12-07,244.01865817782925,246.7804824716568,242.96986738336867,244.5081024169922,2207652
2009-12-08,244.6652532107392,245.01484992681523,241.3091332714853,244.12338256835938,4226172
2009-12-09,244.0184115089139,248.52821590138632,242.34035220160388,247.05990600585938,4708848
2009-12-10,246.46576195122205,248.21374607853568,245.3994959011001,246.69300842285156,1659484
2009-12-11,247.21738973672493,249.75196657857168,244.7177640403771,246.8502960205078,2688312
2009-12-14,245.06722698950293,248.89531418932938,245.01477896220618,246.5005645751953,3008842
2009-12-15,247.51458038820604,248.91296784802643,243.7389385142309,245.0499267578125,2087152
2009-12-16,245.31202415328175,250.92304727517813,242.96972184778656,249.31491088867188,3565378
2009-12-17,251.0103906706022,254.50635711448246,249.96160073743812,252.6709747314453,3782302
2009-12-18,252.67111060283437,255.73008288616165,251.55239647167807,254.33169555664062,2795290
2009-12-21,255.24054869291936,261.8479350277612,253.9820090756589,256.6214599609375,9326994
2009-12-22,258.70173150010095,259.57572383624995,251.43011953088205,253.1256561279297,3189142
2009-12-23,254.66379207931155,262.02280041859217,253.6499528288046,260.9914855957031,4470686
2009-12-24,262.19763343569934,264.6448113477659,259.0687374091604,261.9529113769531,3057686
2009-12-29,262.19774879563823,262.8270191252063,257.53063740215885,259.19122314453125,2256278
2009-12-30,259.4008273006248,261.7606057160954,250.04911283931523,259.66302490234375,1472110
2009-12-31,260.8865557285755,263.9455270687766,260.03003948578106,262.2849426269531,2853462
2010-01-04,263.87560041207547,265.30895976899075,261.86541926884837,262.7743835449219,1963682
2010-01-05,263.9455069323633,265.53616764037815,260.99141056737056,262.8442687988281,2014488
2010-01-06,262.84432931505955,262.96670099012067,256.25443857704397,256.90118408203125,3349176
2010-01-07,257.12842108489474,258.4918570057383,248.56330032815794,249.75193786621094,6474892
2010-01-08,250.31119007828948,251.18518166375839,243.49405571163217,244.64772033691406,6048178
2010-01-11,246.11614574702816,251.7446456587216,244.85760580953618,249.68203735351562,4318408
2010-01-12,255.90492918806925,263.59606093962327,254.1569446990797,262.21514892578125,9027690
2010-01-13,260.44953722649217,278.4188158467244,260.3271869185754,275.6744689941406,10910272
2010-01-14,279.1355074489424,279.1355074489424,268.9622300178869,272.63299560546875,10327614
2010-01-15,278.27912716490084,279.53766744614416,269.97620094609886,276.6709899902344,7945008
2010-01-18,279.6774769092412,289.8157854472012,277.23029898628533,280.44659423828125,7261084
2010-01-19,280.4464742394845,280.4464742394845,272.21347630328336,272.9301452636719,5154850
2010-01-20,276.95054201747587,276.95054201747587,269.5041357143582,272.4757080078125,4347054
2010-01-21,269.9760943203607,276.863154668328,268.45535696965777,269.416748046875,5089504
2010-01-22,266.04307156524317,267.4414582751787,260.34464998979325,264.94183349609375,7574990
2010-01-25,264.81955332064905,267.6163274811311,259.10365466524115,264.3650817871094,3008286
2010-01-27,262.89288662462934,266.2929722371635,259.44023527133703,260.54437255859375,4844398
2010-01-28,262.7175971411437,265.67952763193034,255.07618231702762,260.00103759765625,6537196
2010-01-29,257.2845985885641,259.3176333721234,249.62565826458882,258.0557556152344,5473326
2010-02-01,257.4071371156941,267.3795432389125,252.37712927738926,261.5433349609375,3378012
2010-02-02,264.64559355778243,267.32711044757195,257.63511425823856,258.826904296875,4739188
2010-02-03,260.78971798183466,265.311483746488,257.8102655586551,263.9269104003906,2977676
2010-02-04,263.9269723651624,264.25997434596684,256.7587543969975,258.9320068359375,2716612
2010-02-05,257.6350126549879,257.6350126549879,251.1853656852341,253.60398864746094,4607118
2010-02-08,255.53191093848744,257.5474232675633,248.22349652902872,253.83187866210938,4170344
2010-02-09,254.12982645974188,260.07121081927755,252.7452527815533,257.6876525878906,3005894
2010-02-10,259.3525926002385,260.68457888681303,255.21639425532402,256.6885986328125,2337374
2010-02-11,258.6689966202448,262.1742339986768,257.6349473147531,260.333984375,2413156
2010-02-15,262.89284299728047,262.89284299728047,258.87934131533376,261.5433349609375,1956482
2010-02-16,261.92882548486375,268.133099032479,260.1586851418391,265.7495422363281,1660490
2010-02-17,268.1156392773665,269.18473249321045,263.78665789669526,265.92486572265625,2528290
2010-02-18,266.3981414682012,268.8342866460096,264.82078405161315,265.9775085449219,1814806
2010-02-19,264.6104850710695,266.2228863583191,261.4207049325126,263.085693359375,2215880
2010-02-22,265.3465121178865,267.69502581707144,264.2248316979784,265.43414306640625,2143460
2010-02-23,266.0476313297047,268.1507746603743,263.3310711942564,267.1342468261719,1853052
2010-02-24,264.9960177021497,270.14872232521355,263.62896619597547,268.2734069824219,4076058
2010-02-25,269.8333757186573,269.8333757186573,266.8363997442298,268.5890197753906,2672984
2010-02-26,268.88682477761216,272.9003269598562,261.5433675632528,267.029052734375,3015934
2010-03-02,267.0992034800275,269.5528707035973,264.6455362564577,267.51983642578125,4053352
2010-03-03,269.552871451029,271.30549090129574,267.8528391419824,269.4652404785156,2754742
2010-03-04,269.20227572676896,269.90332331980744,265.34651396505745,267.76513671875,2053606
2010-03-05,268.150805782541,268.8343317231962,266.4507732839857,267.3095397949219,1287312
2010-03-08,269.0620667640088,269.9033324618598,266.5032472416021,267.3445129394531,3015740
2010-03-09,267.44964202686896,272.88276057394165,267.44964202686896,269.4476318359375,3457732
2010-03-10,267.6950009647797,274.96836901667564,266.3980587682377,273.4260559082031,4587874
2010-03-11,273.42615430391623,278.6314468724941,270.58691937144124,277.4747009277344,3214030
2010-03-12,280.41913027641624,280.41913027641624,277.6149389736521,279.35003662109375,2510976
2010-03-15,279.3498737695729,287.42944097169163,277.3168405391148,286.7283935546875,6054434
2010-03-16,287.9552395478952,291.6182167461351,285.95725004028515,290.58416748046875,3088856
2010-03-17,292.3369711215215,296.50821463888263,290.934875336766,294.68548583984375,4174794
2010-03-18,296.1925801320639,296.1925801320639,287.60474792705133,289.48004150390625,3724554
2010-03-19,282.2592591701063,292.49455729281937,282.2592591701063,287.7449645996094,4716624
2010-03-22,285.6419004949493,292.2667885758123,282.5748167368798,290.0935363769531,3310110
2010-03-23,290.9348075461003,291.9863791396404,288.16566045873304,290.46160888671875,1694964
2010-03-25,288.866603920458,293.3182596717945,286.7284176764229,290.8645935058594,5517582
2010-03-26,290.9349272234999,293.03807127571804,288.2358880776292,289.1998291015625,1997806
2010-03-29,288.8315643950393,290.68933595513374,283.41596828377806,284.6077575683594,3443266
2010-03-30,283.4335021081846,286.0624302926939,279.42002219525165,280.41900634765625,3097160
2010-03-31,280.4189780120202,282.9602750002541,272.4620852320751,273.6363525390625,7083046
2010-04-01,275.6343969974107,283.8541848462635,274.14467076404225,283.15313720703125,5781432
2010-04-05,286.3779507670745,286.3779507670745,280.15615318308966,281.5932922363281,3001836
2010-04-06,283.5386668024616,283.5386668024616,277.66739405478,279.034423828125,3702366
2010-04-07,276.913822151483,283.5737748361389,273.81169485344594,279.73553466796875,3024558
2010-04-08,279.01703708810436,283.0480621214124,276.91389359246534,280.2263488769531,4494438
2010-04-09,281.1201579172917,283.1882574123006,276.30045446172716,277.4747009277344,3018012
2010-04-12,277.26440168949847,280.41911675296933,276.9489216254391,279.75311279296875,2869882
2010-04-13,280.41909445344066,288.76155823457475,275.949915135589,287.7275085449219,8404916
2010-04-15,288.1306961223995,292.6524637798445,287.09664615794514,288.0255432128906,4290952
2010-04-16,287.0789653121719,290.23367921670126,284.57271181919776,285.7119140625,3810958
2010-04-19,283.9242319902693,289.1820881382372,280.681887365689,284.6077575683594,6947704
2010-04-20,289.18205584960316,291.86357074337076,275.8621550953184,276.73846435546875,12016986
2010-04-21,278.6663701731688,280.0684651174363,273.4961450661823,275.1611328125,7107490
2010-04-22,276.5983082209203,278.1932085467598,273.75907414029894,275.4941711425781,4751116
2010-04-23,276.23027143662426,277.61484470104625,272.5322496907367,273.4786682128906,4306068
2010-04-26,275.5116774538722,277.26429626719204,273.4786439092758,275.1961975097656,2512548
2010-04-27,275.49423907877207,276.8788126399737,273.7766635632138,275.9674377441406,2621234
2010-04-28,273.40863089260057,274.79320452020755,268.1507726062044,270.008544921875,2400382
2010-04-29,271.69098705964853,271.7435741870173,264.85577300399314,266.3104553222656,4622964
2010-04-30,268.1507669983383,270.88484897123016,267.29197921733083,268.2909851074219,3690224
2010-05-03,266.83630450231396,270.39413045339006,264.3300501945967,268.7817077636719,2416560
2010-05-04,271.6034351985916,271.6034351985916,265.27648308614465,266.7486877441406,2896028
2010-05-05,262.89285478582576,269.2022833006856,259.44020385068205,268.4136047363281,4371230
2010-05-06,269.18486003664975,270.21890992327445,266.11777560682924,268.88690185546875,2580872
2010-05-07,265.346582039595,267.3095072459803,257.6350565377837,259.87841796875,4267152
2010-05-10,266.398097715839,295.4915741769109,261.14024052407905,269.990966796875,2327814
2010-05-11,271.6560281518711,273.05812378104207,264.2599822657069,265.1012268066406,1351288
2010-05-12,265.3465041993264,269.1847439088055,263.2784053182667,266.2052917480469,2740076
2010-05-13,268.1857915401873,271.02504758782857,266.9063923125047,268.3610534667969,1321452
2010-05-14,268.5012850263981,272.3570476051062,264.64552244769004,267.7476501464844,2026996
2010-05-17,271.63850039388564,271.63850039388564,257.31958625233096,261.4031982421875,3722050
2010-05-18,261.4907620286423,261.4907620286423,254.58543869889678,257.6700439453125,3199180
2010-05-19,255.88231415196748,256.9338853060167,251.0801349362889,252.90286254882812,3929266
2010-05-20,255.5317852490569,256.6885092161864,251.02756412164757,255.88230895996094,2398092
2010-05-21,248.87181118489815,254.44514621843592,240.19635016119923,251.92137145996094,2675092
2010-05-24,254.12969645810662,255.88231505436943,249.81825899015413,251.5358123779297,2885428
2010-05-25,248.1708537689068,250.27399659745686,242.404732901777,245.20892333984375,2297366
2010-05-26,248.1708989337208,261.07017301752165,246.80384728866238,258.6866149902344,3689464
2010-05-27,257.6350225472604,262.87535823711113,254.9009408725531,260.0361022949219,6883872
2010-05-28,262.82278546681516,264.1197280252907,257.8102985568697,263.1733093261719,2479374
2010-05-31,262.3671466981914,263.9094604602755,258.68664564230494,260.456787109375,3327660
2010-06-01,260.45668570507985,263.5763558479544,257.52982075311166,259.107177734375,3136912
2010-06-02,258.61647759242874,266.22284898514533,258.0906918472309,264.3825988769531,2769330
2010-06-03,266.3981125150336,269.55282700534315,261.1752988566991,268.3084716796875,1684434
2010-06-04,268.30847220228196,269.7981984922742,264.71560291465363,268.2734069824219,1368210
2010-06-07,262.85791885171307,265.6270452221337,257.9856273854962,264.03216552734375,1734922
2010-06-08,264.29499912824355,267.09919010042654,261.84133202758346,262.9630126953125,2242222
2010-06-09,263.5940328173564,265.8899606062568,256.2330292413398,256.95159912109375,4867400
2010-06-10,255.88240692728286,263.9444553647178,255.88240692728286,263.0681457519531,1796036
2010-06-11,267.02906025985425,267.5548460262077,263.24340702096487,266.0826416015625,3237024
2010-06-14,267.57231063716756,275.8972501549226,265.69701702982456,273.7590637207031,3550492
2010-06-15,270.0651222989857,277.57832833119664,270.0651222989857,273.4380187988281,2642976
2010-06-16,277.3639150297972,278.3811552048581,273.8660858354873,276.5429992675781,2328816
2010-06-17,277.32839040142835,280.11237760834575,272.5813322199835,276.72161865234375,1528920
2010-06-18,276.72150738689504,281.57565764300335,275.63290009569084,279.54119873046875,2225672
2010-06-21,283.00345967584536,283.3960651579921,280.0409896777221,281.1474609375,1907428
2010-06-22,280.18371236557414,280.71909525544464,276.00772146762694,277.9172668457031,1468324
2010-06-23,274.8299717164184,281.5936487539303,274.77642469632286,280.6477966308594,2959524
2010-06-24,280.6477175193855,281.432950145614,274.0089781385525,276.061279296875,3777510
2010-06-25,276.8999945084413,276.8999945084413,269.86862900473506,270.7252502441406,2037322
2010-06-28,270.7075113459725,273.812737287484,270.40411455706663,272.95611572265625,1153124
2010-06-29,273.04525921278247,273.04525921278247,267.3345086932995,269.0477294921875,2614662
2010-06-30,269.47608876641044,271.2250151425184,264.5684116531149,268.04840087890625,3316516
2010-07-01,267.69137773357454,267.69137773357454,259.03602318685563,261.26678466796875,3407744
2010-07-02,262.26618824646545,266.26371758594547,260.8563424894225,265.4784851074219,2943550
2010-07-05,267.2631196387299,267.2988249003051,263.0871289693404,263.7652893066406,2165596
2010-07-06,262.87298545399176,271.93881063841656,262.64097749969085,270.957275390625,2760904
2010-07-07,271.76042438042634,273.9019564187755,267.3167410438937,272.9025573730469,2152934
2010-07-08,275.54370672764105,278.04216002698496,274.7049489767749,277.2569274902344,2187564
2010-07-09,278.3990639148293,279.82675142208484,275.09753655430086,276.41815185546875,1836666
2010-07-12,278.32769390842515,283.39598925713426,278.32769390842515,282.5750732421875,2725776
2010-07-13,282.6821805398828,282.6821805398828,274.66927851484417,276.4895935058594,5545886
2010-07-14,277.6852733081172,280.0766546974195,274.9191282333898,276.4895935058594,2833842
2010-07-15,275.18685623750287,280.1480806475293,273.13455478047865,279.148681640625,3795536
2010-07-16,283.75293241830997,299.2790362676137,283.75293241830997,297.5479736328125,19135452
2010-07-19,296.7627927816595,297.922789248531,293.83602810828745,295.0674133300781,3027924
2010-07-20,295.06721668050085,297.86904371927005,294.4604453452587,295.2635192871094,2342062
2010-07-21,296.9589913256228,301.52758683521444,296.1023701367323,300.8851318359375,2943720
2010-07-22,300.8850990954976,301.95586457270576,297.137419925269,301.13494873046875,1362882
2010-07-23,303.3837060637589,303.3837060637589,298.0655594435486,299.56463623046875,1894472
2010-07-26,300.6711812328689,303.954847075657,299.9573370436026,303.1160888671875,2766490
2010-07-27,305.16821504931477,306.8814357593016,302.02730678354163,303.0802307128906,2106602
2010-07-28,303.7404477249556,306.2210585586308,302.3127605441097,304.9718322753906,4359228
2010-07-29,305.88419440774356,305.88419440774356,303.7376386575138,304.09539794921875,5331904
2010-07-30,303.73771020626583,304.09546958224496,298.7290789425583,300.4463195800781,1283426
2010-08-02,301.5910492666498,303.54084155613333,299.44449375585515,299.9095764160156,2827762
2010-08-03,300.87562622379323,302.1277840023703,296.42151775853233,297.6736755371094,1281552
2010-08-04,299.08675851118335,311.96609260975106,299.0330858847486,310.8212585449219,5583934
2010-08-05,311.96610732314826,315.68681275035095,309.69434451908637,314.0589904785156,2912950
2010-08-06,314.828267598958,316.08042548145386,307.9056320400912,309.35455322265625,2437734
2010-08-09,308.08436455833174,316.1518306943537,302.7000707670848,314.7744445800781,4259986
2010-08-10,316.61683823346675,316.61683823346675,308.17373128159494,309.28277587890625,1545194
2010-08-11,308.3885340823176,312.3238866054098,305.8126626091144,307.01116943359375,4020248
2010-08-12,306.5638634357144,306.5638634357144,302.73583567572007,305.32958984375,2278092
2010-08-13,306.5998129441104,308.71060218765444,299.80238418572293,305.6696472167969,2589906
2010-08-16,306.59970547910063,308.5852651322358,303.66607499181845,305.56219482421875,1319098
2010-08-17,304.13117263833294,308.030757748367,301.94884963951426,304.1669616699219,1733196
2010-08-18,305.16858003817515,313.3254849615843,304.0953024999401,311.6440124511719,2888916
2010-08-19,312.6815214828285,315.15006854467947,310.2845306237346,311.98388671875,2148534
2010-08-20,310.89276152347173,314.7923457475928,308.74620620800476,310.8748779296875,1746396
2010-08-23,307.67300177537686,313.200387395381,306.6176074602474,311.3937072753906,1049830
2010-08-24,311.2505407257723,315.5078844424698,309.4617445147046,311.5009765625,2650474
2010-08-25,311.9661347365067,315.36484836035623,309.92690219501765,311.679931640625,2379968
2010-08-26,312.68168191860826,314.47047872592293,307.76249069849285,313.5760803222656,4204428
2010-08-27,312.00185872541573,312.3238508111248,304.45314666697277,306.25982666015625,1276514
2010-08-30,308.6747750827424,308.6747750827424,300.55363314774485,302.5392150878906,1558570
2010-08-31,300.5177777777778,303.2725284412525,297.0117414042155,301.859375,2447874
2010-09-01,301.23335473071506,308.0307819752324,300.51783607339746,307.1006164550781,2745484
2010-09-02,310.35619557107896,310.35619557107896,301.0544536865279,301.984619140625,2758800
2010-09-03,304.09542769914367,304.632066689201,298.7648049968825,299.5518798828125,2777970
2010-09-06,299.80237417381153,306.778682403393,299.80237417381153,306.0094909667969,2287978
2010-09-07,306.95747320119824,313.00361398345837,306.24195461564767,311.7335510253906,2484236
2010-09-08,309.1040086152577,315.86566753807364,307.2794450765387,314.48828125,4189478
2010-09-09,315.54382951465294,315.7227092366,311.73368270281867,312.93218994140625,2938158
2010-09-13,311.7335522085953,318.04801248440384,311.5010217689454,314.7387390136719,2349410
2010-09-14,315.90147489872464,321.62562393426214,314.93552038179854,320.3197937011719,3071038
2010-09-15,321.9833050030481,328.9238427563588,321.6255457752669,327.27813720703125,5560394
2010-09-16,324.84540437459964,326.79519668653745,309.28287674211606,320.337646484375,2334264
2010-09-17,322.0190738260132,328.6912921923557,322.0190738260132,326.9203796386719,3007978
2010-09-20,328.06526235516156,329.8182915753863,324.3803461091907,326.36590576171875,2419108
2010-09-21,326.2765655522176,342.73349758664966,325.6683702185477,341.2845764160156,4997184
2010-09-22,342.017927661805,343.4489650160385,332.7161848592873,334.59442138671875,4031066
2010-09-23,336.29369238490153,338.1898120279785,331.9290252016639,333.1990661621094,3327236
2010-09-24,333.8251673847631,335.54242935607294,330.92732602099056,333.41375732421875,2738784
2010-09-27,334.5049717070855,336.81252374005163,329.8541004427089,331.8575439453125,3423290
2010-09-28,331.0168408561686,332.82352121887135,327.02781534197015,329.0133972167969,2521714
2010-09-29,330.9273529091491,335.30990433956754,327.31399270903955,329.2637634277344,3370194
2010-09-30,330.927212704636,332.7160084489854,327.40329382262195,331.6248474121094,7560924
2010-10-01,331.642809987322,345.5954201162384,329.85401381694805,344.0212707519531,3326156
2010-10-04,345.86378811049445,348.8153022060844,340.9445979511779,341.9463195800781,2140956
2010-10-05,339.87137559400486,345.57764147773634,338.4940108588513,339.9608154296875,2211664
2010-10-06,339.8713443939689,346.2752447753292,339.8713443939689,343.32373046875,1838960
2010-10-07,343.448925094848,345.5954808766908,335.72133301457177,339.4420166015625,1972940
2010-10-08,337.74263225839695,341.5527771932333,310.89280358839585,337.223876953125,2695996
2010-10-11,337.22386540413544,341.284446054442,332.3762318606661,336.6156921386719,3065370
2010-10-12,337.2418979650225,341.9464208454302,335.9718346608714,340.1218566894531,2608902
2010-10-13,341.999989557923,356.9364395623308,339.54932537781934,355.2012939453125,5350604
2010-10-14,356.6503179149867,359.19040065939384,351.4449017116122,352.76861572265625,2949086
2010-10-15,357.4015189102691,361.6946302485306,338.08251788809235,339.9786376953125,5717798
2010-10-18,347.02647790605096,352.03510748407643,332.716107683121,351.05126953125,4480734
2010-10-19,351.31956563529286,353.2514742214114,344.9156666515764,346.22149658203125,2200912
2010-10-20,345.0587712952975,350.7829188751054,342.08937410545013,344.611572265625,2206638
2010-10-21,348.4754206245947,355.55904996701724,347.02649991480945,352.82220458984375,3752354
2010-10-22,365.6300930208214,375.4327089457592,365.6300930208214,372.14129638671875,9610404
2010-10-25,373.14298513555474,383.8578597136348,371.06796353089646,381.7113037109375,5156316
2010-10-26,380.47699086276236,381.9974677891063,372.6241922060068,380.1549987792969,3507024
2010-10-27,379.2249349994771,381.65771620215537,373.3398107882518,375.00335693359375,2141382
2010-10-28,375.6473036420405,381.9259974716323,372.06971027402113,376.684814453125,5255690
2010-10-29,379.22489701006,379.22489701006,368.84987624280365,376.684814453125,2212398
2010-11-01,377.0970470761441,382.24065542928236,376.0396221850694,377.5809326171875,1147948
2010-11-02,378.1543996145674,379.94660056060803,374.10400797455327,376.1650390625,1565778
2010-11-03,376.6846473107473,386.75680369777484,375.78854720950136,377.3656921386719,2217878
2010-11-04,380.6634623805029,386.61356048029086,380.4842422946364,383.226318359375,1717440
2010-11-08,387.11530424437603,387.97556922700915,380.69921776564314,382.8677978515625,2248586
2010-11-09,384.9288718048903,393.8181609479251,382.9932863144644,391.0940246582031,3504086
2010-11-10,391.5062914458475,397.1517243506514,389.30187556060963,391.52423095703125,1540224
2010-11-11,390.6998466712036,390.6998466712036,379.3193694860562,381.64923095703125,1926096
2010-11-12,379.9465857134385,383.49515219891276,375.7169741441008,378.47698974609375,1802330
2010-11-15,381.73875833765425,387.0615857944808,377.437476553568,382.0971984863281,1389396
2010-11-16,382.09724455574445,382.2406293834821,373.56635048677754,375.9679260253906,2178076
2010-11-18,384.24780600045557,384.24780600045557,372.77772223924796,373.7813720703125,2765160
2010-11-19,374.534222883392,376.00381914527463,360.5908885225417,363.9602355957031,2172652
2010-11-22,364.1752403901786,373.85312571550816,362.5622595026237,372.4552001953125,2221236
2010-11-23,370.62724737709715,374.5700904343003,362.8849461248452,369.21142578125,1684448
2010-11-24,367.4010501509432,370.8062306157568,358.0636912518642,360.14263916015625,3008608
2010-11-25,362.0424785189262,373.4588107188954,360.9850756735201,366.254150390625,5855006
2010-11-26,367.40123086739453,377.7959973992525,367.40123086739453,375.37652587890625,3617826
2010-11-29,378.15432627172237,386.57766908441005,376.4517357032004,383.9969177246094,4518892
2010-11-30,380.1258778908882,389.284043606066,377.4734113403842,385.68170166015625,4808408
2010-12-01,381.38044968224375,391.8468881302036,381.38044968224375,387.7965393066406,3776032
2010-12-02,391.05824766057907,393.99743971940194,385.34114412662376,392.7787780761719,4095716
2010-12-03,391.79311435388865,398.94397950340016,391.1120691599087,393.3343811035156,2030112
2010-12-06,394.28407149107943,397.86847214099834,392.59942068757385,394.8934020996094,1930954
2010-12-07,394.2840898886494,394.2840898886494,387.86800367493737,389.8035888671875,2158324
2010-12-08,391.04032871354036,391.75720913191975,383.97907409446657,386.8107604980469,1984132
2010-12-09,388.4415983153513,393.31641967630634,382.8499403626779,384.4629211425781,2579902
2010-12-10,382.4556976706023,388.4954063570619,378.87129563057795,385.2873840332031,2245624
2010-12-13,383.8894624708933,387.3663149838391,375.7887225273444,385.7174987792969,2115066
2010-12-14,384.67799065420286,390.55641846385066,381.4341332192844,387.4559020996094,2615340
2010-12-15,388.94338617957106,397.2950589224137,387.6530104298138,395.59246826171875,2572034
2010-12-16,397.5100262033296,410.0554282927042,395.77160066477995,408.87255859375,4515704
2010-12-20,406.75790230072715,421.8840592246636,399.6069950099511,418.1921081542969,4514046
2010-12-21,419.016676851461,420.18160773235684,413.6400727857878,416.0774841308594,2810642
2010-12-22,418.29963898083315,419.01651925329384,407.81526499609504,412.1165466308594,3186836
2010-12-23,412.20628972639116,415.62941163434533,405.7902004657542,408.62188720703125,2850924
2010-12-24,406.4711662234829,411.7760984168978,403.5140347231798,409.0160827636719,1624640
2010-12-27,410.41387809120187,415.5933195747632,407.97646812547237,409.0517883300781,1664936
2010-12-28,409.05188214044864,412.52877785231976,408.6397109714036,410.8978576660156,1012876
2010-12-29,411.847714575024,416.5074363239146,411.1487738146501,414.6972961425781,1042370
2010-12-30,413.10243226046646,421.0956681914214,413.10243226046646,419.4468078613281,3845552
2010-12-31,420.27122511717187,422.95952719681264,416.43593165218437,417.81591796875,1532980
2011-01-03,418.29991224071983,421.8663764240915,413.8373471313826,415.0918884277344,1405042
2011-01-04,417.1883850100162,417.99487512650626,407.9406141723073,410.3242492675781,2502868
2011-01-05,410.5037229169155,417.90552331010286,409.2491819606097,415.4143371582031,3069674
2011-01-06,418.65837667834967,423.676542152234,413.3176061015867,419.9845886230469,2846720
2011-01-07,421.52568860784294,425.41475615056453,407.9587353572882,409.57171630859375,2532724
2011-01-10,411.3101142170732,411.8477744970955,401.81144927001225,405.3600158691406,3952426
2011-01-11,402.52833623109103,407.02677814952744,389.91125895537374,393.7465515136719,3768730
2011-01-12,397.83273472640917,412.7796716105873,397.1516896844537,407.1700744628906,3160874
2011-01-13,404.6610307679564,414.3389157967777,400.09091839323526,402.97637939453125,5589198
2011-01-14,405.00165899412644,412.2062994774892,401.45309166503296,401.5068664550781,3151692
2011-01-17,401.8830929641567,410.9695860935837,401.4529822708276,407.6898498535156,3000212
2011-01-18,420.8087521532713,433.31832261647435,417.3497958228367,431.042236328125,8481370
2011-01-19,431.36469991601325,433.3540598764604,424.7514978938011,427.6190185546875,2952040
2011-01-20,422.9594927344899,436.8490523475929,422.9594927344899,434.5012512207031,4545208
2011-01-21,433.7126115913449,437.2970133400337,431.56197054213163,434.3040466308594,2597404
2011-01-24,430.12830103194443,437.2971060491435,429.5010305929395,433.4259338378906,2016678
2011-01-25,435.4332887191746,437.0462700498277,422.9595489268227,426.02423095703125,2467094
2011-01-27,426.3829993702668,434.42555518200214,424.24665987200297,430.6376647949219,4714118
2011-01-28,429.0581311890869,432.14590479006944,418.3765584670155,424.15716552734375,3014578
2011-01-31,419.7229029962656,419.7229029962656,405.19957456862096,416.3119812011719,5940816
2011-02-01,418.2866952012141,418.2866952012141,406.7972752471893,412.95489501953125,4212708
2011-02-02,420.0819170340975,430.458308194945,417.3352188108351,424.552001953125,3937618
2011-02-03,425.3596851019704,429.30917166309786,420.3151399278972,425.0006408691406,1883412
2011-02-04,422.2362047695402,424.78541118566494,409.40036776230295,412.47021484375,3457600
2011-02-07,421.33854561181977,421.33854561181977,404.46346112630164,406.1330261230469,2578382
2011-02-08,406.4381689604624,412.86507103395985,401.5910706557219,403.96075439453125,5288638
2011-02-09,403.0272647720854,405.5764707768506,389.0963270863637,394.3384094238281,6012732
2011-02-10,394.94890785261,400.1550525470308,384.89566292545265,391.62774658203125,4551822
2011-02-11,389.2399777209414,396.45676051353684,379.1149444093784,391.2147216796875,2945056
2011-02-14,391.7174189543372,402.12970598428745,390.2812414329647,399.3650817871094,2462548
2011-02-15,401.7705862021952,401.7705862021952,386.5291726485055,394.1229248046875,3625426
2011-02-16,396.7441079782885,398.4315993223854,388.12704137966506,393.6922302246094,2464592
2011-02-17,396.74383246101996,400.13678254653956,392.21988440411485,398.2518005371094,1477760
2011-02-18,398.6290203627338,406.5818620949458,388.5219123642066,391.2506408691406,4076928
2011-02-21,391.35846190330847,412.18304061009,379.940830529157,408.8080139160156,5657800
2011-02-22,403.08124033458995,412.0752770586346,402.12976382409437,408.8618469238281,3305400
2011-02-23,405.05594318516654,411.0878627269507,403.2427514580558,404.1224365234375,1879344
2011-02-24,401.7705873692037,408.8617125707603,391.82507740278504,399.18548583984375,5378830
2011-02-25,396.8516989274642,401.0524998817841,390.7299758248447,398.5571594238281,3070474
2011-02-28,395.3795077615334,412.27255713555815,394.94867219604964,398.6288757324219,3229396
2011-03-01,399.6161701750257,406.43800955806745,394.0868810672543,403.74517822265625,3167804
2011-03-03,402.0939097895456,414.69636189168875,397.4622273715147,412.9729309082031,3452600
2011-03-04,417.69417370344536,417.69417370344536,406.61766591854644,407.7127685546875,2061198
2011-03-07,403.56586796205306,403.9249123285673,392.9560894000928,397.9109191894531,4184588
2011-03-08,396.79779258112967,405.28919852121027,396.79779258112967,401.30377197265625,3947902
2011-03-09,403.0452488271953,408.592466450977,401.59110169193127,404.5352478027344,2424486
2011-03-10,402.84774450455126,402.84774450455126,394.94876912210907,398.01861572265625,1871324
2011-03-11,394.9487283176591,395.8104433997185,381.771820095248,386.70867919921875,5012882
2011-03-14,384.53659692941824,395.6669746183183,380.01264573127617,394.0692443847656,3248618
2011-03-15,385.97274621899044,393.3151869760629,382.61568970365573,391.28662109375,3411868
2011-03-16,392.07642410896665,403.3683512095805,391.7712451819389,400.28057861328125,2677874
2011-03-17,396.744023446394,401.7347488871526,392.3098343030188,394.230712890625,2056102
2011-03-18,392.61497557804563,398.18016270329457,386.36759545880966,388.7552490234375,2211348
2011-03-21,391.8967980370256,391.8967980370256,382.92069180621877,384.464599609375,2619090
2011-03-22,386.0084723274686,387.76779795428644,381.6640455790801,383.9978332519531,2657774
2011-03-23,384.5364878534674,384.5364878534674,379.5996281821461,382.1488342285156,4352248
2011-03-24,384.5365292387642,393.3510862593145,384.17748486039,392.5791320800781,3094834
2011-03-25,400.99862569362864,405.1815006378532,396.2951540354723,402.00396728515625,4146434
2011-03-28,403.5118963077369,404.53516371717274,397.82105336245985,402.09368896484375,2248642
2011-03-29,402.12969877457994,413.58322306790916,401.82451982249177,408.84381103515625,3159588
2011-03-30,412.18286672966843,417.92757567363594,411.0698381375049,413.60107421875,2294770
2011-03-31,413.61910784430887,430.13514860892536,413.61910784430887,425.0726318359375,7394126
2011-04-01,425.46758325507517,430.4044433983302,420.997498329555,423.7262268066406,1799624
2011-04-04,425.4675571366964,436.5979320491332,425.1085127846823,435.59259033203125,2311616
2011-04-05,436.25688905222347,446.6332365142537,432.1996700490634,445.1611633300781,2891014
2011-04-06,444.85573653552484,447.7101202191293,435.93349747808173,438.6981201171875,2422352
2011-04-07,438.03408817687085,438.03408817687085,429.1118452285072,430.5659484863281,2149016
2011-04-08,429.7400186681204,435.8796658212923,425.37762280212195,429.4168701171875,1983768
2011-04-11,423.72650311314874,429.0583067789318,421.98514552919767,423.0981750488281,2256232
2011-04-13,421.8770758434841,438.53674105103386,421.62576235103825,434.4795227050781,3757530
2011-04-15,436.9210103611275,437.9981432436866,423.6722671399205,427.765380859375,7566770
2011-04-18,430.1350715608694,435.34121391281644,409.3284718995477,410.96209716796875,7765454
2011-04-19,410.96199214987826,419.8663060492413,409.31039755704245,418.17877197265625,3120224
2011-04-20,423.6005319456156,439.4702743201594,423.5107708601744,437.56732177734375,5338548
2011-04-21,445.5740948943356,447.29752552450515,420.38712177982194,428.0168151855469,17333968
2011-04-25,429.7760588811313,432.28936916698586,421.03333829535353,430.08123779296875,4191552
2011-04-26,430.8532047512353,431.57129342582067,423.79797475770295,426.9037170410156,3155246
2011-04-27,429.0400649598314,429.0400649598314,422.2541612311064,423.8877868652344,1774478
2011-04-28,423.7261668164658,424.9289565335298,414.91161114989853,416.0067138671875,2846194
2011-04-29,420.8000649282307,420.8000649282307,412.9908487062265,418.5201416015625,1866696
2011-05-02,420.08197820826973,422.7748114019125,413.79870075643663,415.93499755859375,1543070
2011-05-03,417.209478112265,417.209478112265,406.0791047719206,408.75396728515625,2120156
2011-05-04,411.46486403125203,411.46486403125203,400.3883535514656,408.2514343261719,2722934
2011-05-05,411.10583509778763,411.10583509778763,397.85708806558506,400.3345031738281,1885596
2011-05-06,402.1295812094051,414.15756421879354,402.03982014217087,412.5238952636719,2405348
2011-05-09,412.90094110934075,413.60105995628373,403.74531154561186,407.7127685546875,1012232
2011-05-10,406.7971827877329,416.47340892452524,405.0019613279459,409.27459716796875,1529158
2011-05-11,408.9516155942964,413.5114624333719,404.3199335702958,409.4004211425781,1460670
2011-05-12,407.12028895429086,407.12028895429086,397.94669072011,399.1674499511719,2540458
2011-05-13,399.2573931278236,410.13645653318594,399.2573931278236,404.678955078125,2365488
2011-05-16,402.4887121382098,411.9674916447516,402.129667791967,406.11505126953125,2227368
2011-05-17,402.86562236304513,412.6136387872984,402.86562236304513,409.9208068847656,1391414
2011-05-18,410.1185081091335,417.0301135204715,410.1185081091335,414.71429443359375,2225180
2011-05-19,418.28656193780824,420.08178323367866,415.0551636052415,418.2326965332031,2050922
2011-05-20,421.4283307663938,424.89311771478424,417.6583648681641,421.87713623046875,2050600
2011-05-23,417.9275287143309,420.2613164605879,412.90090895316195,418.8431091308594,2017284
2011-05-24,417.4428969719277,421.087205669102,409.0053552587332,412.8650817871094,1681994
2011-05-25,412.57787786570844,412.8651308939129,402.1296954374841,405.21746826171875,1867470
2011-05-26,408.95137861261486,410.38755553487164,402.1295382318952,407.78448486328125,2060218
2011-05-27,412.3803912166636,412.8650923063809,407.982098083893,410.9442138671875,1286704
2011-05-30,413.25999965666233,416.4734286907338,410.1363316998404,413.60107421875,1140868
2011-05-31,414.6962465238998,422.8465361752006,412.9369203486728,415.46820068359375,2644154
2011-06-01,415.4142668454483,422.59515304848117,415.4142668454483,422.02069091796875,982386
2011-06-02,416.09645348551874,420.7999251113921,415.288603799938,419.27398681640625,1697654
2011-06-03,418.6457241537219,421.87712339676096,412.90101438831925,413.6549987792969,1367808
2011-06-06,409.3105027019858,419.36374311922754,409.3105027019858,418.05322265625,1357074
2011-06-07,417.56867034454405,424.8034243445356,415.77344820204814,423.4211120605469,1837442
2011-06-08,423.63780435194025,428.37340020369845,420.60122458818836,427.072021484375,2127670
2011-06-09,424.7585031463962,431.5546568479396,424.7585031463962,428.8614807128906,2693966
2011-06-10,428.933792979611,432.8921629562779,428.4095964516314,429.8917236328125,3774550
2011-06-13,429.8918648551101,430.3618282238225,423.8729800063874,424.8670959472656,3229400
2011-06-14,425.8429683690267,431.9522693554388,425.8429683690267,430.5605163574219,2125782
2011-06-15,428.73503614332645,435.60347264140677,427.0179270188064,428.1024169921875,2812382
2011-06-16,427.65075017860136,428.699099811915,415.08873532762385,416.1370849609375,2337520
2011-06-17,417.52857749011014,418.2515706978852,399.09225069184555,400.9720153808594,3788146
2011-06-20,403.06862168091027,404.51460776765794,382.4633199447561,386.5482482910156,5310408
2011-06-21,388.6087586924431,401.51416679503205,384.3430821086218,400.0862731933594,3425946
2011-06-22,403.43028236040607,403.75563818791187,390.41640228426394,391.681640625,3570834
2011-06-23,391.0671573245699,398.0078764839833,386.8376193537887,396.5618896484375,2428236
2011-06-24,397.6462290224676,412.3772143248908,397.28473245062895,411.292724609375,4151588
2011-06-27,405.59919411949124,417.42011554824273,405.59919411949124,415.93798828125,3125218
2011-06-28,419.3361554071437,420.0591487785353,410.5337199360533,417.16717529296875,2133332
2011-06-29,417.42007710159737,426.1683206850204,417.42007710159737,422.8967590332031,2958704
2011-06-30,422.87886384549256,430.9040730582913,421.86665541864596,428.0843811035156,5172916
2011-07-01,433.0728875686255,433.0728875686255,426.4574827367032,430.8677673339844,1920840
2011-07-04,431.26543815800557,433.7959143249008,426.5659824194858,428.6264953613281,1603734
2011-07-05,430.1086821805035,430.54246045923566,424.1801289791416,426.3671569824219,2061136
2011-07-06,425.9333284926113,431.2292620051762,423.56550833631815,427.5781555175781,1490178
2011-07-07,427.68666810698863,433.7959701792818,427.68666810698863,432.3138427734375,2602634
2011-07-08,432.34998073067567,435.60345048533793,422.6799456265406,423.54754638671875,3412060
2011-07-11,422.9510010630824,425.77069205470326,414.49197221622063,418.1250305175781,1822504
2011-07-12,410.55158874554905,415.28722855952077,402.0202795197582,414.0400390625,4079404
2011-07-13,415.72118129382096,422.2281215227677,408.8527443854883,415.3777770996094,3952600
2011-07-14,415.72109289706526,418.8299548531296,404.55083905362176,406.2137145996094,6937844
2011-07-15,422.2281081355139,425.8069339735661,412.50383894274955,414.29327392578125,7279700
2011-07-18,414.99820526647574,416.4441920444077,405.70775786946865,406.7018737792969,3125208
2011-07-19,405.4546880517828,415.0524430443712,404.9666763346036,412.12432861328125,2195292
2011-07-20,415.72102143681764,416.3717328606996,406.6836079273216,409.3767395019531,2807746
2011-07-21,409.21422150886315,409.3949698399183,404.8943540478492,405.798095703125,1850624
2011-07-22,407.3163145423608,412.5761079881857,407.225940387814,409.72027587890625,2090442
2011-07-25,410.29869544116275,413.55216527285484,406.01496898837,412.0700378417969,4740714
2011-07-26,412.03389000532,416.4260389011085,407.49708949919125,413.7871398925781,3968722
2011-07-27,415.34152437353583,417.40208158669924,411.4373873498672,414.69085693359375,2024290
2011-07-28,413.18666614649044,414.9626527707737,406.0465282974065,409.3991394042969,4093814
2011-07-29,410.64946570350287,413.91146498976195,406.5357310079045,412.0992431640625,1719138
2011-08-01,414.05654401101293,416.77487735635344,407.78623739694467,411.4650573730469,1982346
2011-08-02,409.7434150158411,411.01197048028644,406.7532485639343,409.79779052734375,2025292
2011-08-03,405.9378448979753,408.00376087541696,397.0035790164334,402.44024658203125,3064246
2011-08-04,402.331429480193,405.75651141006836,395.4630814590092,397.1846923828125,3049294
2011-08-05,388.95733371830727,389.2654027022431,372.59295528669077,383.4481506347656,5269388
2011-08-08,366.5039197688782,374.53205298001996,361.2122162623473,364.38360595703125,6549306
2011-08-09,349.75889468164775,357.080277005054,343.4886101132801,349.6864013671875,8159270
2011-08-10,362.082001032707,366.79377882392345,352.9483965822861,356.6634521484375,5949080
2011-08-11,355.19548468971107,356.42780440370063,349.03393036346097,354.5974426269531,2900464
2011-08-12,359.0193203598526,359.5086336061694,339.7916480593701,343.28924560546875,4169084
2011-08-16,350.483760642128,354.59749603670474,346.5149897451295,352.8758850097656,2983568
2011-08-17,353.202224502181,365.85154852293766,351.57122397856915,362.4083251953125,4557892
2011-08-18,364.5830335624187,365.8153319346201,347.22192829873666,348.7985534667969,3619896
2011-08-19,341.7851196888919,343.21677970474843,328.0122304543448,336.6927795410156,5443614
2011-08-22,336.7109594224075,337.0734039427761,326.92495737245594,332.7421875,3528922
2011-08-23,333.75695204125293,358.0951049131934,333.57572982216726,355.77545166015625,4874670
2011-08-24,354.47072278029157,354.47072278029157,346.1344992384238,348.8890686035156,3194790
2011-08-25,351.4625223338619,352.6585850530404,339.97302443962167,344.46734619140625,4445488
2011-08-26,344.72087091145625,351.3898569314591,340.6977467927504,343.7604064941406,3584910
2011-08-29,349.43267355066126,371.1431042184297,349.43267355066126,369.54833984375,5590444
2011-08-30,373.3177229366997,380.6753617755535,371.1974320969157,377.8120422363281,5966682
2011-09-02,388.90280322816926,389.5370808662394,366.79369698686605,370.4543762207031,4413506
2011-09-05,368.1710553246375,374.4775752663641,361.8826531804221,372.484130859375,3789658
2011-09-06,368.9685378210751,377.6672066891554,364.2567588508649,374.7314147949219,4763292
2011-09-07,374.8038670079987,380.56674368975814,371.5056307447639,373.6802978515625,4432156
2011-09-08,374.40517718663205,382.3608164487267,372.95539915299554,375.5106506347656,4892662
2011-09-09,376.94223745196047,381.1465843286445,366.3045014264569,368.2616882324219,5062650
2011-09-12,362.4444564295245,363.8398587380366,354.70627613349575,357.2615051269531,3297170
2011-09-13,361.64706428509277,371.1431132075472,358.36694646871314,360.1791687011719,3798204
2011-09-14,362.8069906991583,372.95543799144247,360.179267739549,367.9174499511719,4745632
2011-09-15,372.5929264721322,379.0444559314882,366.06892581405987,377.5765380859375,3852238
2011-09-16,379.8417579170214,388.6854107477998,370.16448733197876,372.50225830078125,4656504
2011-09-19,370.2368875733068,374.2237752515313,366.97488856385036,368.9864501953125,2240234
2011-09-20,370.45452383464874,385.6409576119056,370.45452383464874,383.4481506347656,3487986
2011-09-21,387.0725652810827,387.0725652810827,375.81869070695296,378.2108154296875,2740760
2011-09-22,370.78069806196197,374.7675872884347,357.44274580140615,360.414794921875,3141570
2011-09-23,358.095123628088,367.8811239701512,356.0110679996857,358.9287414550781,4564232
2011-09-26,360.99463212658674,365.3439650437745,351.2086330629142,361.3389587402344,3388478
2011-09-27,367.4462198426732,378.7544923644322,364.61915724269744,377.1416320800781,3964578
2011-09-28,380.02303034505513,385.8946131164217,375.8549189011179,379.8055725097656,4425190
2011-09-29,378.1202029797831,387.09070384127324,375.3837294639452,384.7166748046875,5380350
2011-09-30,380.53053754626904,385.6409967941393,374.4414514783477,375.9637451171875,2691018
2011-10-03,369.69333243162225,380.53043014281997,367.9898391225177,378.1383056640625,3949264
2011-10-04,376.3622955335002,383.82864175573985,372.9915447214499,379.0987243652344,4718224
2011-10-05,382.1975995910285,385.2783768281302,377.30460044974933,378.2288513183594,3415262
2011-10-07,389.6640110927656,390.6426376332616,376.0361089101603,380.0411376953125,5085808
2011-10-10,379.8417275260255,389.26528183487727,379.8417275260255,385.89453125,3854814
2011-10-11,389.6277922624414,390.71512563619706,374.9487917167401,377.25030517578125,4476374
2011-10-12,386.3659059289934,394.8471175908131,384.91612767034803,391.0958251953125,5871662
2011-10-13,397.4202932385279,400.48293078761844,391.47619610058376,396.0611267089844,5408918
2011-10-14,394.84691742681997,413.45842753850286,394.6656952363582,411.1025390625,6710132
2011-10-17,417.3546445506461,418.2607553725103,402.78440023254694,406.02825927734375,4358690
2011-10-18,384.9160508132784,385.73155092093367,369.87460438319266,374.6045227050781,12006778
2011-10-19,378.0295997101361,382.16147570815514,375.2025150157779,380.1861267089844,3827420
2011-10-20,375.4924666064863,379.47935573068645,373.4265508487026,378.7182312011719,2245412
2011-10-21,382.34275275479143,384.1912110535697,378.0296538951634,380.51239013671875,2461130
2011-10-24,384.1910279705227,395.89799869012217,384.00980578751773,391.34930419921875,3271720
2011-10-25,395.80158785845686,402.3437628643818,389.4229494808946,399.3089294433594,4158746
2011-10-28,410.3398903086948,414.0107697365549,403.79771313813984,407.6139831542969,3259116
2011-10-31,407.06878756987754,411.4302388652691,404.16115337294985,405.54229736328125,1778740
2011-11-01,402.7074044576342,408.1592194999307,398.4368160078353,402.8709411621094,1458210
2011-11-02,400.25412363665544,407.74127476045646,399.79980567566037,402.2894592285156,1550844
2011-11-03,399.00012084373117,403.2161815603563,395.0747969269213,401.6169738769531,1891268
2011-11-04,407.4323573942884,408.8861749050619,395.1475816814561,399.7271423339844,2716008
2011-11-08,398.3459332942208,405.1788922325569,398.3459332942208,401.7078857421875,1692104
2011-11-09,403.43424557510724,416.5185994856513,402.08948250331434,408.1409606933594,3921980
2011-11-11,403.43432277203874,414.70140746206863,402.43482332372963,411.0668640136719,3629590
2011-11-14,414.3377945322151,420.1530618238953,408.7042543433999,410.1217346191406,2329150
2011-11-15,408.90437556267784,413.9563560449449,407.06891316278154,408.6681213378906,1468478
2011-11-16,409.24968423969284,411.7211920866952,401.6898144216819,406.0694580078125,1871602
2011-11-17,405.25165582795285,408.34101822664127,402.5620843956962,405.3061828613281,1391988
2011-11-18,401.88954014058646,403.361547611608,391.18583013956675,394.92938232421875,2789442
2011-11-21,394.34786031504484,395.5472770839907,385.29784063810666,387.87835693359375,2871704
2011-11-22,388.4961973057966,397.982342907177,384.1710835186174,393.2029113769531,3723582
2011-11-23,393.2393448495361,393.2393448495361,378.3559096656747,386.0975036621094,2355750
2011-11-24,385.98841209763924,398.4912471256091,379.8096898700876,396.8193664550781,3766844
2011-11-25,394.3480481371685,395.4020748350816,384.2076608830995,386.6791687011719,2140604
2011-11-28,391.78553460651324,398.3459022953032,390.3499079061639,395.6199951171875,1504486
2011-11-29,397.2554784535245,401.9440469536806,394.7839719112335,397.3645324707031,2554696
2011-11-30,392.94852149066287,408.1408805962386,392.94852149066287,405.45135498046875,3481698
2011-12-01,414.3378202167275,417.4453716151414,409.32213411994707,412.4478759765625,2481448
2011-12-02,412.46619603700987,430.69344214551114,410.55806053383355,428.1492614746094,3968866
2011-12-05,426.1501425626673,430.29353022089384,422.5337902297154,429.2213134765625,1530476
2011-12-07,428.87609162656986,433.56466116266347,426.5499751375718,428.7125549316406,2637422
2011-12-08,425.2414796713431,432.1471105378008,424.2056439147693,428.00372314453125,3326444
2011-12-09,421.9704728902187,429.8937949514019,421.9704728902187,426.1138610839844,2763230
2011-12-12,427.42221767639387,432.51057741063664,419.8260146283077,429.00323486328125,3172170
2011-12-13,427.0588012937154,435.01845931462833,424.0239667706837,428.403564453125,3274558
2011-12-14,429.0578528213631,432.1472147434144,425.24158221177026,429.7665710449219,3346176
2011-12-15,428.7671609527843,432.4744226520144,419.64446389640483,429.78485107421875,3669372
2011-12-16,427.621927636468,429.8026521779988,411.539084142678,416.62744140625,3550896
2011-12-19,413.9742969229401,420.6618624806016,405.03333327279967,415.66436767578125,3667724
2011-12-20,416.282318946983,418.3721808974499,410.0672601068157,411.9208679199219,1809396
2011-12-21,417.97245621871735,423.7877251748038,407.9592722381634,421.1344909667969,3116976
2011-12-22,418.6993250254432,423.0062493131168,412.2480116407196,418.59027099609375,2086268
2011-12-23,418.3360658716563,422.3340647635661,414.01094910609976,420.5713195800781,1578590
2011-12-26,420.5711308478694,432.5832682351636,419.24451384656754,431.9290771484375,2229352
2011-12-27,430.8387577926221,432.5106387834305,425.24155241732245,428.6761779785156,983902
2011-12-28,428.40340660908277,430.1661948031931,423.75121991649667,424.9505920410156,1197910
2011-12-29,422.8789768277928,428.1853994642277,421.42515997578494,423.6785583496094,1585728
2011-12-30,428.1491542688324,429.7846985763109,420.33488702199037,421.8432312011719,1545410
2012-01-02,421.97031112912344,431.03847534846244,419.06267763297103,428.3670959472656,2248542
2012-01-03,430.05735767585907,439.7434249325747,428.876131043747,435.2729187011719,2708884
2012-01-04,437.92617333364075,437.9625098967491,424.98720681091856,426.33197021484375,2386770
2012-01-05,426.2591343993455,430.69325821391556,424.2782822456052,425.9683532714844,2547312
2012-01-06,423.78777537977345,431.9109712917432,420.4440130806899,425.0235290527344,2119728
2012-01-09,425.60500811353086,428.7670429462321,423.5151457765088,425.7322082519531,1509028
2012-01-10,427.0588242148781,430.875094558926,421.0618279599458,423.5696716308594,3591790
2012-01-11,425.75027021337155,427.05869649519707,411.8481466891662,413.2474365234375,5675380
2012-01-12,400.1631530789729,405.2515128819753,388.4054162647163,395.9834289550781,9528684
2012-01-13,398.7639327281676,401.0173318595579,389.98650165990887,394.62054443359375,4019828
2012-01-16,393.98440913249647,404.8880366915139,392.1308013208583,403.2161560058594,3047202
2012-01-17,407.03250515141013,408.7770592814075,397.6190293134627,401.2353820800781,3704218
2012-01-18,392.5306684425648,398.4549916482596,379.9188211940273,391.1313781738281,11665532
2012-01-19,395.07480280688503,395.76537481306167,387.2241992234004,390.91326904296875,4163292
2012-01-20,392.51229150351026,396.51028715308036,389.98630290806653,392.3487548828125,2572694
2012-01-23,394.71142149792297,396.6922299455704,390.40449635221296,391.6947326660156,2130496
2012-01-24,395.43822672316264,397.982406490683,391.8036841981336,395.692626953125,2641310
2012-01-25,399.04575479477444,404.5308303713242,397.6425979956374,400.1755676269531,5845238
2012-01-27,402.7267555830309,408.3941046452105,400.94089953366165,404.0934753417969,5209718
2012-01-30,401.81561699282435,407.8109433235534,401.17781442616905,405.1868591308594,2595558
2012-01-31,405.6424155142266,413.9885262228116,405.6424155142266,412.7129211425781,3538120
2012-02-01,411.6194665085709,413.6604253480578,403.9111598167269,411.36431884765625,2288804
2012-02-02,414.02508566188476,420.0933319508854,411.94768885536706,418.3985900878906,3386140
2012-02-03,417.30511236553303,428.6033293815431,415.8472779118543,426.98150634765625,2777558
2012-02-06,431.4094717741864,437.36840333142436,427.63733551956835,435.1087341308594,3427196
2012-02-07,440.8854542652546,440.8854542652546,434.3981192968568,436.6213073730469,3407656
2012-02-08,443.3273201993722,447.1358936589734,441.3592354374118,444.5118103027344,3627184
2012-02-09,441.39568829487735,449.01287997813347,432.97670569320013,447.7737121582031,3038062
2012-02-10,447.5551690204674,451.19975508740936,441.7238313133604,449.52325439453125,2324302
2012-02-13,445.4411920358486,451.18141381203,442.452649922806,446.716796875,1631770
2012-02-14,446.4616662947858,448.1199702797061,442.81708126380795,444.6393737792969,1826646
2012-02-15,447.2453105918064,455.13584695716315,444.45719383588164,452.51171875,2167166
2012-02-16,451.1997658513338,452.657600312889,443.91059354355775,446.58935546875,1886660
2012-02-17,450.0516183676518,457.0310082933304,445.0038764961375,447.82843017578125,4096568
2012-02-21,445.9332341165387,451.9285588963948,439.081396234219,450.8534240722656,2489504
2012-02-22,450.10640031128975,461.71439857929687,447.9196485688867,456.42974853515625,3141826
2012-02-23,455.2269075479657,464.64815088182354,453.3863743258178,459.14483642578125,4086880
2012-02-24,458.8532611035925,466.8166705973505,458.2154587152436,462.8623046875,2346400
2012-02-27,466.142638966913,466.48885690760693,453.9697104900323,456.32049560546875,1861370
2012-02-28,457.48677158023503,459.36374273558164,444.3115810112359,447.0268249511719,3973490
2012-02-29,451.9285611676234,451.9285611676234,441.81483731891245,445.3500671386719,3060216
2012-03-01,445.73282034975006,447.17241387066883,441.0130997780155,444.49365234375,1568594
2012-03-02,446.8261273991869,447.1905859044064,439.9014158000151,443.6371154785156,2309232
2012-03-05,442.45293377223237,445.53259249235447,437.7149699015248,440.0110778808594,1540878
2012-03-06,438.4437127644925,445.1133231983866,433.34129216706697,438.0792541503906,1717722
2012-03-07,435.52801014078534,439.5370545855959,432.4483528858284,434.7444152832031,1945666
2012-03-09,447.1906736083096,447.1906736083096,438.42542704289644,440.4664306640625,2225758
2012-03-12,443.14516994540776,444.2203048965902,431.22734839497264,433.3594665527344,2240278
2012-03-13,433.7057477270651,442.7989722890414,433.7057477270651,436.2569580078125,2492464
2012-03-14,441.0312586809827,442.45265584726866,419.49176843509576,420.7856140136719,8065314
2012-03-15,422.4074544766984,426.76271630209317,417.3050348367728,424.1203918457031,4284236
2012-03-16,426.3983723775263,430.061199542342,422.0431093813831,426.25262451171875,2054724
2012-03-19,426.25257049332276,426.25257049332276,405.205086488124,408.92254638671875,5132864
2012-03-20,411.4738824814119,417.3052218257012,408.1937541002492,413.60595703125,3683204
2012-03-21,414.37113626775607,429.9882209395161,414.22538843742717,428.51214599609375,4553242
2012-03-22,428.12943515721315,433.5963133340205,422.77191233976936,425.5964660644531,3421694
2012-03-23,428.2387344246106,434.39809192828983,424.52127554713263,431.7557678222656,3158436
2012-03-26,428.96765021053875,431.8833181813835,420.58510479436,423.35498046875,3053384
2012-03-27,427.50999399701897,429.93365290352864,419.8381216627064,428.1477966308594,1588246
2012-03-28,427.874427982024,428.1113349874255,420.74924403027387,424.6307373046875,2051096
2012-03-29,419.49172444647445,424.22968484421915,412.71280539069056,415.9200134277344,2681214
2012-03-30,417.48731459162116,428.51218693243,417.48731459162116,425.9792175292969,2543342
2012-04-02,426.4166979103975,436.9860006791167,426.4166979103975,435.25482177734375,2326988
2012-04-03,437.4233637259094,440.0292526253947,428.34837665478426,429.3323974609375,2269154
2012-04-04,426.0521604203582,433.63291811075305,425.3232431228041,429.49627685546875,2165054
2012-04-09,426.4165499286044,432.97680454289065,422.13416149983425,424.2662353515625,1576628
2012-04-10,425.06802988249973,428.4757084689469,419.94736939626824,421.386962890625,1532992
2012-04-11,419.0178703373141,420.94951795579146,413.73322270929765,414.7901611328125,1781586
2012-04-12,415.57384869462487,418.39840236915535,411.510127090774,412.43951416015625,2114686
2012-04-13,397.75177773372246,402.6172898433073,386.78158570836376,389.3692321777344,8994680
2012-04-16,388.2395747559849,391.5379433159963,383.8843117085092,389.879638671875,5016110
2012-04-17,395.4375065673572,399.06385115894545,391.35558881152093,397.569580078125,2473664
2012-04-18,400.9045637200219,406.2620887302638,398.6631338522153,400.01165771484375,2882264
2012-04-19,401.23253124676177,403.3828461505442,397.6608187293211,401.9796447753906,1767416
2012-04-20,398.44433471676706,403.80185794114084,392.6676752357555,396.6949157714844,2450024
2012-04-23,398.6993380703639,401.7790389330014,381.8249370694118,387.87493896484375,2843868
2012-04-24,408.92258526778295,439.1726517358988,407.2096474925285,435.2364807128906,18113782
2012-04-25,433.3414862514675,433.7059450288026,425.50562253876217,426.7994689941406,5417898
2012-04-26,426.4165985376086,438.0428377717207,424.4120760658506,435.4005126953125,5476292
2012-04-27,433.7056253122729,441.72371250291997,433.7056253122729,438.80804443359375,3711146
2012-04-30,438.8081191937406,455.5732134486509,438.8081191937406,454.33404541015625,4604822
2012-05-02,452.694025618146,464.4660563878664,452.694025618146,461.86016845703125,3981448
2012-05-03,460.201845930197,468.001268690262,458.6893783663459,466.32476806640625,3358922
2012-05-04,466.50703959808584,472.06503362454737,460.32948370548934,465.3407897949219,3571718
2012-05-07,459.21773853972365,465.96022120875926,454.9900285748901,464.04681396484375,2627762
2012-05-08,446.4617069063923,449.9969369121915,435.76485776536487,437.6053466796875,9631578
2012-05-09,435.52800400728864,449.96055490743987,435.19998238669075,446.6622314453125,9271544
2012-05-10,446.66232091778414,452.5847740414688,446.4618508623806,449.2135314941406,2992620
2012-05-11,446.0972474148766,450.7987714203488,445.0767457197346,448.5573425292969,2745190
2012-05-14,447.30028248813863,449.74213854012686,444.63971557451765,446.8082275390625,2573752
2012-05-15,446.0972439365509,449.377370730202,444.5665358953405,446.9355163574219,1875510
2012-05-16,444.6393722349214,452.6210223229527,439.81029708564864,445.8785400390625,4567936
2012-05-17,445.3684387207031,450.1064008347532,437.0041310921153,445.3684387207031,4137524
2012-05-18,439.0999198391148,446.4255318169181,438.3163246286189,441.23199462890625,2656670
2012-05-21,441.3593207986136,446.46174069223923,438.8263515758207,440.7032775878906,2227088
2012-05-22,445.00398397673257,451.9286978961085,442.08831495804804,446.1156005859375,2360916
2012-05-23,449.3773785725979,450.30676564284516,442.48910328780505,446.5163879394531,2162806
2012-05-24,446.4616922366896,447.90128561174885,439.9378757542566,445.1678466796875,1205674
2012-05-25,441.7602140903806,446.461738437968,440.66683840441004,444.9310302734375,915046
2012-05-28,446.09737477551005,448.2841266126449,442.8354877476159,446.35247802734375,790194
2012-05-29,447.5550377341797,454.8442077298504,444.05624503417033,452.05609130859375,1575032
2012-05-30,448.73963720331614,458.1244458595479,448.73963720331614,452.1291198730469,1581514
2012-05-31,445.00383180811195,457.72344245058076,445.00383180811195,453.8783874511719,4411602
2012-06-01,451.92886647953736,453.7511602959871,444.09300306880345,446.3161926269531,1479528
2012-06-04,440.99486147622923,443.1816128554502,435.9653155081927,442.1793518066406,1204430
2012-06-05,442.4527814813016,448.6121412911071,442.4527814813016,447.0085144042969,2063398
2012-06-06,448.28409258435187,460.58457073453224,447.95607093576507,455.9924011230469,3291908
2012-06-07,460.36722173292605,461.4378521919955,454.6634117113499,457.8567810058594,2149728
2012-06-08,454.53403619849075,458.74269386189724,451.9313463095883,454.4233093261719,2400244
2012-06-11,455.1987275020232,460.0165422793158,453.02055750566296,455.40179443359375,1545048
2012-06-12,450.8054007674115,462.58224425114935,450.8054007674115,460.77325439453125,1092142
2012-06-13,461.10551481718204,465.16649212942303,458.7427553677915,461.62237548828125,1450858
2012-06-14,461.1055780194783,465.72032559773567,459.6288587944359,462.95147705078125,1471124
2012-06-15,462.9699451314456,472.5501428926382,461.10556911945713,469.7628173828125,1986040
2012-06-18,471.0733479288829,474.89434922218214,461.4746746952223,464.11431884765625,1495388
2012-06-19,464.021980352739,472.27313774853644,463.3574388572071,470.31646728515625,1769058
2012-06-20,470.3352330005306,470.3352330005306,459.0014271233495,462.5086364746094,1753740
2012-06-21,459.64736877258304,462.21315058372954,446.3384177761414,451.89459228515625,4155980
2012-06-22,448.2764828544869,457.74595185137196,448.2764828544869,455.3647155761719,1919560
2012-06-25,456.6753838881835,457.2291535533672,447.0767096916655,449.1994934082031,1588758
2012-06-26,449.4762926150276,456.67529689099723,449.31017977347346,455.9738464355469,1109714
2012-06-27,456.39852832051923,464.7235508472833,456.39852832051923,460.2564392089844,2305862
2012-06-28,460.3488160098899,466.6064417798647,456.39860946895607,464.7420654296875,1894228
2012-06-29,466.4032172380805,475.1343271344986,466.2371043808216,471.608642578125,1990150
2012-07-02,472.18089142783265,472.18089142783265,463.8558701945213,464.9634094238281,2111100
2012-07-03,467.01236301685236,468.78444376453535,454.20184428693403,457.5613708496094,2227292
2012-07-04,459.07495501050784,461.2900332011496,454.66327564049874,460.6808776855469,1301806
2012-07-05,460.6808249683431,460.6808249683431,456.0106933043154,458.0042724609375,1520876
2012-07-06,457.78280886063664,462.50832684942077,452.9834729612912,460.6439514160156,1929928
2012-07-09,459.6288700063633,466.84635342117474,459.01971429799505,464.945068359375,1912768
2012-07-10,467.01243976545317,468.95063368542833,461.30862997016897,465.79412841796875,2517598
2012-07-11,462.6745037031453,470.5195730857041,462.6745037031453,464.53887939453125,2034538
2012-07-12,452.24526599772923,461.47476122217273,450.140959112914,456.3062438964844,7859080
2012-07-13,470.2611684515829,474.0267837541163,458.8904144909397,461.253173828125,7217154
2012-07-16,461.10550189973094,464.8895942892203,444.086324653839,445.7291564941406,3620626
2012-07-17,449.6609017721554,451.8759801060084,433.85999163098387,437.81024169921875,6383816
2012-07-18,441.1695930911453,444.63989011691837,435.07813009030525,441.2803649902344,2975286
2012-07-19,444.12312493495006,446.7073825197752,441.2619826088936,443.384765625,1335352
2012-07-20,443.38495768036375,453.35281268233695,443.12654983630034,451.525390625,3378226
2012-07-23,447.0657067521747,454.1713687888151,444.4750942130479,449.3787536621094,2903198
2012-07-24,447.102570586478,451.00701065451113,443.0316092622168,447.4911804199219,1648092
2012-07-25,445.5853698761085,450.3965075907176,442.9577575442386,448.9716796875,1666030
2012-07-26,448.91616357880895,451.8768637508044,440.4781500179422,443.5313720703125,2945746
2012-07-27,449.6563421467438,455.28165444695316,445.3078137350366,453.46826171875,1842976
2012-07-30,457.020986764001,459.9631638289176,449.48971642709955,455.57763671875,2625712
2012-07-31,457.0581330098672,462.3318806984426,453.8198668853034,460.2593994140625,1979964
2012-08-01,458.20541244289336,460.6850262736595,452.284011309179,453.2277526855469,1295750
2012-08-02,455.18914139559087,457.68723223375287,452.2469635902137,456.2439270019531,951058
2012-08-03,454.4675942260122,459.00116753974885,450.8037177779358,457.7613830566406,977736
2012-08-06,460.7590914021437,461.86935427299227,453.4313383838586,454.8006896972656,1015540
2012-08-07,458.53819340966163,468.60455052926017,456.92832258920004,467.80889892578125,2099154
2012-08-08,468.16087953168466,468.77153319250385,461.27725824347885,462.3134765625,1643000
2012-08-09,462.7019403093502,469.2154718854434,462.7019403093502,465.6256408691406,1129474
2012-08-10,464.8299072015808,475.5624448678593,464.73738532514733,473.73052978515625,3082356
2012-08-13,473.3789080377303,473.3789080377303,465.29250526942127,468.6418151855469,1428038
2012-08-14,466.3104441236244,471.2141055400038,466.0328783830746,469.419189453125,1136930
2012-08-16,470.0667143214569,470.5848459308247,463.38661592135435,467.6241455078125,1788292
2012-08-17,468.1793101344605,475.37749547916894,467.7907001056205,473.1939697265625,1287576
2012-08-21,473.67505534573206,482.9642436401759,472.63879215459724,480.61419677734375,2051576
2012-08-22,479.59652340181646,484.4446618610352,476.70982209009713,478.0236511230469,1134096
2012-08-23,478.06057114579426,490.7360691614656,478.06057114579426,489.7923278808594,2337314
2012-08-24,488.5154806493844,491.6242245615831,485.9248682520013,489.5702209472656,1578938
2012-08-27,487.10910458815124,492.54941744335747,486.66501769971063,488.6819763183594,967200
2012-08-28,491.08766977541126,501.33912229560667,486.6651415031555,499.9512939453125,2266204
2012-08-29,499.61799526985504,502.5786945010838,494.0666842113011,497.138427734375,2139290
2012-08-30,495.8800848106277,513.9773665569214,489.77364309834144,505.9649658203125,3333432
2012-08-31,502.20862038971654,502.9487952171148,493.9371757288783,497.3049621582031,1773848
2012-09-03,499.6182776356252,501.4317159749781,493.326788213547,495.1217041015625,1223826
2012-09-04,493.2896339917428,498.50785866627314,489.2741936829625,496.2318115234375,1508018
2012-09-05,495.7322777188624,507.3900356495411,492.95662106870077,504.9844665527344,2028960
2012-09-06,504.83634002311055,510.68374048153436,500.96894379303325,509.09234619140625,2291684
2012-09-07,514.4216242015957,516.9382372683685,510.3136619933108,513.2003173828125,2636656
2012-09-10,511.9049546402946,512.1640429673172,505.52094597975076,507.5564270019531,1476024
2012-09-11,506.64988571329894,516.4942060862659,504.8179703038637,515.4024658203125,1274180
2012-09-12,516.9938632553021,525.8944882524257,514.3847727384008,523.636962890625,2114466
2012-09-13,522.9338239738628,526.9862654732511,521.6570397142508,524.6732177734375,1881210
2012-09-14,528.4850782840357,532.852129914769,518.9183231221488,522.9707641601562,2814840
2012-09-17,524.8765353098004,526.0978419872264,494.2517982769176,496.6943664550781,5094390
2012-09-18,497.7677018146759,497.7677018146759,478.35662995213596,481.0397644042969,7220206
2012-09-20,479.26313437780703,494.7698038999617,478.0048283101278,489.2554931640625,4042506
2012-09-21,490.3290800293288,493.06773735914993,480.4847587088401,482.6127624511719,4247758
2012-09-24,484.8147294553701,485.92499219458085,472.60183932405164,477.20941162109375,4937020
2012-09-25,477.4497839019902,484.72201092912576,474.56312905706045,478.5970458984375,3823694
2012-09-26,479.33728511159177,482.96416047935577,474.4521484555817,475.7844543457031,3292812
2012-09-27,473.7491217363216,480.92883012090965,466.7174574252041,470.58489990234375,5605398
2012-09-28,473.2679177520376,482.9641922772702,472.416698422939,479.5964050292969,2912996
2012-10-01,479.26344904881745,484.7407636800592,478.54179628888727,482.20562744140625,1795618
2012-10-03,481.48381282066356,490.3659123653953,481.48381282066356,489.4962158203125,2318230
2012-10-04,488.515494722798,489.1261481265408,484.3150106785132,487.46075439453125,1319284
2012-10-05,484.9070098443996,488.27479610735253,390.44220216435156,482.5939636230469,3836110
2012-10-08,484.81464141242355,486.75760085319854,475.7289749091679,478.412109375,1685408
2012-10-09,480.3364261968852,480.66951387883967,475.5622898933585,479.2076416015625,1291154
2012-10-10,475.9325790507894,481.76145783776445,475.5624915087592,477.17236328125,1163978
2012-10-11,477.50549975556584,481.6875074772757,475.95114999135336,477.20941162109375,1635526
2012-10-12,473.26800697384226,486.16554987256046,471.1954804212658,480.5401916503906,2469542
2012-10-15,478.89319265083276,482.00193647617687,476.48762406332855,479.1337585449219,814528
2012-10-16,480.00349224798424,484.8886292256272,476.5987052849843,479.5964050292969,1282744
2012-10-17,481.5948432037569,482.92714906158596,470.7512622525761,474.87774658203125,1597480
2012-10-18,476.02514554178407,485.1848130653286,473.78609763201297,483.833984375,1447128
2012-10-19,484.44468036260855,485.33289965988354,474.45231491586264,477.3019714355469,2825616
2012-10-22,490.4028614773009,494.0297364878484,482.22393802578557,488.10833740234375,5397342
2012-10-23,489.9958911536908,489.9958911536908,485.5178410629284,486.5170593261719,1136696
2012-10-25,486.6650951008817,489.9588831068664,482.68665420937253,486.79461669921875,2254470
2012-10-29,485.18472214589974,488.44151028132626,481.40984764153063,484.2225036621094,815628
2012-10-30,482.742108438083,489.2556389224379,482.742108438083,485.3697204589844,805268
2012-10-31,485.59249134945105,488.4487267928697,483.70072609333425,487.96649169921875,999536
2012-11-01,487.74371662264065,489.7652995495759,486.0002903932855,487.87353515625,1579768
2012-11-02,491.45304768261565,496.3122995564497,489.0419640151142,493.7899169921875,1673974
2012-11-05,495.5334482889367,498.29690358223434,491.6015354527333,493.196533203125,1223826
2012-11-06,491.49024685462473,496.08986274916884,489.4315337462547,489.839599609375,1297466
2012-11-07,491.49034351860274,494.5876509669834,490.192067139497,493.90142822265625,1058390
2012-11-08,491.1191962726005,495.0881928131498,488.3742611950839,493.7899169921875,1239044
2012-11-09,493.34507793908045,494.55062042276614,489.96956804081873,491.4718322753906,711382
2012-11-12,489.63546667174035,500.02167354053483,489.63546667174035,495.0140380859375,1466782
2012-11-15,489.67277143895257,490.3775591352198,478.8785392160127,480.0469970703125,1735402
2012-11-16,482.14278723929357,484.7393400811848,474.8353185017982,477.32061767578125,1598890
2012-11-19,478.54460487838116,480.36220063956006,466.8230343667076,468.2511291503906,1676286
2012-11-20,472.94345206640054,475.87385584506376,465.91423220466226,472.1274108886719,1256040
2012-11-21,473.40714533822194,480.25089751523035,473.40714533822194,475.61419677734375,941744
2012-11-22,475.5771517233991,476.3190239030722,471.4597701822701,473.4813537597656,611624
2012-11-23,475.5399297153117,479.02673700796805,471.5523679021763,477.98809814453125,749676
2012-11-26,477.76562650087425,480.6218159384961,476.65281836461446,479.87994384765625,456334
2012-11-27,482.17979751447365,482.17979751447365,477.87694823825996,480.4363708496094,1338160
2012-11-29,485.92617148617626,486.6680435037124,479.37914187536484,481.51202392578125,3470578
2012-11-30,480.36203776320366,491.49011585810416,478.9153785548135,487.4098205566406,3579294
2012-12-03,487.7808139692262,490.3773658306593,484.1456232511114,488.4485168457031,1319512
2012-12-04,487.8180063297168,490.3033051145569,479.5832438612162,482.0128479003906,1595120
2012-12-05,482.2168533586547,485.01743858065674,477.98817343468465,481.4378967285156,1790058
2012-12-06,480.36217327579845,480.36217327579845,470.7178362061685,475.0577697753906,2370092
2012-12-07,473.5556472095894,475.05791145607117,466.28530769101167,468.9189453125,1957214
2012-12-10,468.1583435772873,469.90177004612383,456.69641145937464,458.9220275878906,3029430
2012-12-11,458.10584901171785,461.0733362927654,448.96226977093755,452.4305114746094,4926914
2012-12-12,454.35956891482147,460.33163016142396,452.94999383686513,454.69342041015625,2487948
2012-12-13,456.28824028519443,457.9574518306262,451.4660735983916,453.4877014160156,2297162
2012-12-14,451.42915509745444,461.8153640890146,451.11386852340905,461.0364074707031,2196814
2012-12-17,459.64546051166553,463.2620873540108,445.9022603986398,447.1634521484375,4482898
2012-12-18,450.57596365825964,454.39662276175443,444.01041424148576,449.0736999511719,4688482
2012-12-19,451.0953646708157,458.68103478998887,451.0953646708157,457.234375,6642060
2012-12-20,455.1940748930492,465.5246323802545,455.1940748930492,464.4303894042969,2314030
2012-12-21,463.669969848525,469.0114569572341,459.1074392331073,466.8970947265625,2457968
2012-12-24,468.1213163676609,471.49682551996096,467.4165287845851,469.6792297363281,1254818
2012-12-26,469.9759149761188,470.77343643722384,465.63598186074563,468.1954040527344,1435258
2012-12-27,469.19686116024474,469.19686116024474,462.79821644619835,464.02227783203125,1994158
2012-12-28,465.1536806004993,471.8305276904586,463.9481387648122,470.16131591796875,1501622
2012-12-31,467.7502646306742,469.45656106018805,464.41184085456314,465.8399353027344,704170
2013-01-01,469.95753936927287,470.3099558816268,467.37955122660793,468.9189453125,509580
2013-01-02,469.9758078207711,471.97887083280807,465.72860967435406,468.6033630371094,1880246
2013-01-03,469.23412780874446,476.28191312761095,467.36088254609086,475.0207214355469,2635130
2013-01-04,476.6528914748654,482.5878691119065,475.1320625114308,481.920166015625,5228760
2013-01-07,482.2167256458716,483.7004694170896,478.6001002035275,480.306396484375,1820752
2013-01-08,480.3621561658816,483.8118793377164,480.1025190584432,482.3095703125,2341870
2013-01-09,482.58777444664594,484.96177409183167,472.257215079689,473.53692626953125,3135898
2013-01-10,474.7611060829405,475.5771473609817,465.63608741272077,466.7859802246094,4522838
2013-01-11,478.5074706920513,490.5628914653007,478.5074706920513,484.572265625,7805006
2013-01-14,489.2645307121405,500.18857661024737,484.94311772674916,495.0140380859375,5790224
2013-01-15,515.6010106887396,519.3103704778672,492.2320440172356,496.1083068847656,8262978
2013-01-16,495.90430884751777,502.6182408687512,485.5551861971921,499.928955078125,4109492
2013-01-17,500.65231273177784,508.85003474665456,498.1670595860866,505.21484375,3028544
2013-01-18,505.4003161381652,506.7171570923232,496.3309487606765,501.1345520019531,1440470
2013-01-21,501.69106327142936,502.5813189462304,492.2692775003304,493.3450012207031,1260038
2013-01-22,491.8610548450101,493.97537158404737,485.221292484488,488.7080993652344,1386630
2013-01-23,489.1730462003515,492.1473075490901,482.72262597699995,487.76025390625,1877654
2013-01-24,485.1763847268732,497.03626098581105,485.1763847268732,493.931884765625,3498470
2013-01-25,492.1472745082219,500.04765568540773,492.1472745082219,498.3746337890625,1521100
2013-01-28,498.30016449850507,501.8878297600929,497.42643920861883,500.0661315917969,2428154
2013-01-29,498.63468521373557,504.3415830600534,498.3001172609804,500.02886962890625,1731804
2013-01-30,498.560499615467,501.85076676663004,496.62724812089124,500.4751892089844,2279144
2013-01-31,501.478988615823,502.8173969996712,493.1324867720906,499.73162841796875,4313168
2013-02-01,499.675773782817,502.65003434104807,498.98798510544896,501.2000732421875,1484540
2013-02-04,501.5348926386925,508.5244259749533,500.1035382338335,504.2674865722656,2487304
2013-02-05,500.0846464957179,507.483127541729,500.0846464957179,505.642822265625,2161994
2013-02-06,506.5538236271755,511.53571985003117,506.3679323157527,509.54669189453125,3573706
2013-02-07,505.9959576392307,516.7776496095008,505.9959576392307,515.7180786132812,2612782
2013-02-08,515.2907737890167,534.2516897076601,514.9561603137272,528.8980102539062,6973618
2013-02-11,529.4182273840298,531.2399705296979,525.0497834431854,525.9606323242188,2312126
2013-02-12,523.8601510928172,526.072238819925,521.1832898559373,524.23193359375,2225502
2013-02-13,524.1390531159498,535.9803181657388,522.3916479142097,533.6566772460938,3822666
2013-02-14,531.6860088591941,541.2408439076522,531.2770572899934,538.2293701171875,2946958
2013-02-15,536.8541095791272,539.7540322026015,531.890820620615,536.1663208007812,1820790
2013-02-18,535.4040194406368,536.0732461569108,527.9311995657591,529.9202270507812,952086
2013-02-19,528.526172731802,538.6758565882421,525.2172982793772,536.6868286132812,744294
2013-02-20,535.9244501332539,541.6870786293103,535.9244501332539,540.1256103515625,2261518
2013-02-21,535.6272936826197,541.631593094705,535.6272936826197,539.4752807617188,3849146
2013-02-22,539.0845703743207,544.3081321234573,536.2218635678424,540.9806518554688,1310694
2013-02-25,540.2002348302555,548.3794538022207,539.6425608094396,547.8961181640625,1730030
2013-02-26,545.4051522089677,557.655372477662,545.0333695557919,556.3355712890625,2853670
2013-02-27,555.9078542973245,558.807776322041,549.2343757213681,551.4278564453125,2556682
2013-02-28,552.5620063575539,566.9685851608206,552.1902236787598,563.9943237304688,4599424
2013-03-01,563.2876906880947,563.6223040350219,556.9302186309121,558.361572265625,2537326
2013-03-04,554.327985483216,565.0725141980805,554.327985483216,562.58154296875,3136076
2013-03-05,563.9943566605735,573.6607068736091,560.871372899636,572.6011352539062,3440054
2013-03-06,571.1138746523787,582.0256853553933,571.1138746523787,580.427001953125,2299510
2013-03-07,580.35276154614,593.9599985120722,579.7393110494586,591.0972900390625,3908702
2013-03-08,591.1342869799252,593.2348675795641,585.5203792431909,588.5875854492188,4341502
2013-03-11,585.5575323199517,590.9669867243529,578.7353314169468,582.2858276367188,2221330
2013-03-12,579.2372306083037,582.9364489404504,575.5194049946431,580.1666870117188,1809452
2013-03-13,578.5122488781428,579.49743631819,575.5193812292874,576.8949584960938,1794496
2013-03-14,578.8655718258875,586.3012246431758,573.9580591199266,582.8436279296875,3051218
2013-03-15,584.4421844215192,587.5651670027844,580.2038541600604,583.7915649414062,4212398
2013-03-18,579.9251715339016,585.0557903812817,577.8989741959083,582.5648193359375,1694988
2013-03-19,581.6537663515422,581.6537663515422,572.712378379783,575.0546264648438,3739910
2013-03-20,572.5452057476217,584.6839167513973,572.5265984641177,579.107177734375,4168136
2013-03-21,581.0963577275726,585.3346895669949,577.6387604782367,579.96240234375,1664604
2013-03-22,580.5013584794485,580.7615881449984,569.5709410048512,573.3445434570312,2714456
2013-03-25,575.7053388233271,577.0065778842775,568.2325178643069,573.7906494140625,1857316
2013-03-26,572.582312685206,583.6986203273996,571.113789723815,578.623779296875,1781536
2013-03-28,578.4938400488854,588.6806943809704,573.1587677601215,585.8365478515625,3065662
2013-04-01,581.8397294435385,585.074219690194,576.7277190410794,578.8096923828125,968812
2013-04-02,578.4935347944595,584.144610297108,573.009743253188,582.7132568359375,1130332
2013-04-03,583.6986109815982,585.557523755425,569.1990913457496,573.8092041015625,959932
2013-04-04,572.5824662764554,572.5824662764554,558.0457733297345,560.5739135742188,1126338
2013-04-05,559.5326654491272,561.1499102559301,551.7624020814513,557.060302734375,1865248
2013-04-08,557.2650149537415,557.2650149537415,548.3794006728933,550.5171508789062,896416
2013-04-09,550.2383093873406,562.5071365561124,549.3460219710689,556.7073364257812,1672354
2013-04-10,561.354644582234,572.1363416679084,558.0457698481813,568.9947509765625,2046284
2013-04-11,572.5453395217027,576.300335593788,565.3699154898297,571.392822265625,2244658
2013-04-12,550.9445967814667,566.7825251068776,549.6247505111764,562.0422973632812,5032060
2013-04-15,562.6929056499127,562.8787969302729,538.4712627422738,547.4312133789062,5391496
2013-04-16,546.5203521162407,555.2386348179833,542.0403542056524,551.4093017578125,3071582
2013-04-17,555.8149824220932,557.3021128098446,532.0208962180704,541.55712890625,5279004
2013-04-18,553.193844722206,555.7777607570958,530.7009997314624,540.1071166992188,8554458
2013-04-22,537.5978623949967,542.7284825547108,529.7904245593847,529.9019775390625,2962484
2013-04-23,529.5859097630708,538.3414115083915,529.4186256822856,531.8538208007812,3384170
2013-04-25,531.8535654480078,531.8535654480078,519.9936925715601,521.3507080078125,7929194
2013-04-26,517.8930067308717,518.0602906973357,507.5202662199861,509.100341796875,4754076
2013-04-29,507.48343457102493,514.8075363157756,507.48343457102493,509.6211853027344,3968916
2013-04-30,508.5984190548708,513.8033736358417,507.48307164466274,512.4649658203125,4020570
2013-05-02,510.6434996772232,534.9209262973086,510.6434996772232,533.0991821289062,5630326
2013-05-03,530.1621496491672,538.0625323139952,523.4328916090283,527.373779296875,3641790
2013-05-06,527.9311918445846,547.4126054654307,527.9311918445846,545.4793090820312,3727118
2013-05-07,545.4420910718686,549.810535402007,541.8358190123455,547.1151123046875,2260180
2013-05-08,547.2640821893383,553.1382664423753,546.5205168602766,550.2755126953125,1768130
2013-05-09,551.4279108050426,558.95650813609,551.3535724416392,557.0975952148438,1949700
2013-05-10,557.0975544230625,561.7262744882114,554.3649617056396,556.1495361328125,1139714
2013-05-13,550.2383861019465,550.6101687952587,537.4862215678888,539.6797485351562,1862498
2013-05-14,540.9805293965936,546.7245943694551,536.7608084810968,542.0401000976562,2250100
2013-05-15,542.0961162247933,549.1971537108986,539.0846867068085,547.0966186523438,3565926
2013-05-16,546.1487085925979,546.1487085925979,538.1367743941038,540.590576171875,2415652
2013-05-17,540.9436963333352,549.6805876486847,540.6090829083639,547.9332275390625,2900200
2013-05-20,546.9850386767392,549.4945707148484,543.174267804055,547.41259765625,1385504
2013-05-21,544.6615489425628,558.4175061513512,544.6615489425628,555.0156860351562,1898432
2013-05-22,556.9303184149956,561.0757033597611,554.8111758107884,557.0790405273438,1846944
2013-05-23,555.8150792128162,567.6191787211819,549.6248888191054,554.9599609375,3063962
2013-05-24,557.6738493676233,558.7705897846008,544.1409548795796,546.3530883789062,1586612
2013-05-27,546.3346740763401,557.6740463521675,542.802738449443,556.9304809570312,2023864
2013-05-28,556.9303249476136,563.8083029259386,554.0676171317036,562.916015625,1400254
2013-05-29,563.6222287568427,567.8977271939823,552.1341412707643,556.6884765625,1452038
2013-05-30,557.6738661337929,562.1352570628633,552.8406926273001,557.4508056640625,2408346
2013-05-31,554.3278331156333,561.1128652781821,549.0299312900814,557.0975952148438,1929868
2013-06-03,559.161157150779,560.2765052036063,541.7245401815189,546.2974853515625,3097612
2013-06-04,542.8027197600962,547.9705081550859,539.1406693918651,544.791748046875,1305320
2013-06-05,543.2115440155441,547.5056511692073,540.0885611204816,545.7025146484375,1728676
2013-06-06,545.2897485277592,554.5923645029906,544.670862330925,551.685302734375,2540452
2013-06-07,551.4414035757371,577.2861262478464,550.6536928731895,569.7652587890625,3550844
2013-06-10,572.0536499023438,579.424423317029,569.8217486490078,572.0536499023438,3360430
2013-06-11,573.9854880677904,578.4117441140332,559.6564994929556,563.23876953125,2205468
2013-06-12,560.4440078543524,560.8191126110703,548.4219278750373,550.6912841796875,4805954
2013-06-13,547.6531316799751,549.1535512188243,538.3130108928044,542.2703857421875,3151342
2013-06-14,543.1517860704027,546.6215056982696,536.7750040516204,544.16455078125,3105996
2013-06-17,545.027309855805,549.5285677486265,535.6496892457601,544.8209838867188,2584162
2013-06-18,545.7775721384118,547.6530964412929,540.2072741166883,541.576416015625,2291528
2013-06-19,545.739863102667,545.739863102667,533.9803393570874,535.5369873046875,2139788
2013-06-20,533.0239462928868,537.5814789886914,524.809141622166,526.834716796875,4172878
2013-06-21,528.4476566445662,537.0937947470792,528.1475544911233,533.4927978515625,2848224
2013-06-24,530.7731859184487,537.937677008705,525.184116357661,529.1602172851562,1889164
2013-06-25,530.2106261664102,535.3120422055101,517.9071706110872,522.2584228515625,1860548
2013-06-26,523.9840766762967,543.0581528741162,518.0386727980035,539.288330078125,2326488
2013-06-27,543.0765459680314,561.5316769551071,540.9009206207511,559.61865234375,3820678
2013-06-28,560.7818275127174,571.7724194378329,546.9779488275045,569.4655151367188,4817096
2013-07-01,567.1584155880932,568.921389701838,556.4304282605943,559.78759765625,1354652
2013-07-02,560.0689064278112,565.8455288734453,557.649499048257,562.8634643554688,1657242
2013-07-03,561.7945295505936,569.7842813706682,549.5286189651276,558.8312377929688,1530906
2013-07-04,559.2247555078682,578.0362627694526,558.9059257147854,577.0234985351562,1917060
2013-07-05,578.4116065560902,584.4132834075152,570.9095104918089,573.9853515625,1293012
2013-07-08,573.160150916222,575.7858845918854,562.6572162135687,565.1516723632812,1658796
2013-07-09,560.8942422298784,570.8157461656222,560.8942422298784,564.4952392578125,1097326
2013-07-10,566.4081514826463,572.7099293644718,561.9068946496717,567.1395874023438,1322624
2013-07-11,570.1593612255921,588.9146033711708,570.1593612255921,586.8703002929688,2335274
2013-07-12,598.2922508231225,609.4703939504064,592.4031228454207,603.862548828125,3251536
2013-07-15,600.5803482845637,617.9102193117686,599.9051870481779,615.828369140625,2060570
2013-07-16,609.5452846561903,625.0558585879177,606.7695000482319,618.6790771484375,2224986
2013-07-17,617.0662857829584,632.0329334906677,617.0662857829584,629.613525390625,2999250
2013-07-18,630.1758954953453,634.7897016173097,616.6721263061594,622.8238525390625,3445532
2013-07-19,644.8052136307456,659.8094070834679,637.6782217407024,653.7327270507812,8550804
2013-07-22,653.0575896841116,659.7344747983877,648.2937760704351,655.1206665039062,2974772
2013-07-23,655.6832524530914,667.8553860493837,654.0327820190607,656.3584594726562,1646502
2013-07-24,655.8707640685209,672.1878233976491,654.5578972259474,668.7368774414062,2181644
2013-07-25,667.686460490481,678.9396030830172,662.6975489587949,673.5943603515625,4088808
2013-07-26,673.3130608561611,674.7947063791514,656.4708475576938,665.6234130859375,2379064
2013-07-29,660.9239964086958,674.6838383499463,660.6420322464054,668.8941650390625,1774262
2013-07-30,669.1950436035444,678.5750344251002,667.4844424103222,673.8192749023438,2617484
2013-07-31,672.9544179165734,688.5564337509521,672.7476258557039,682.5411987304688,2826750
2013-08-01,680.4923877875686,689.7972059657436,672.9545268255795,682.5037231445312,2141178
2013-08-02,684.1203161725564,695.4741020764218,682.9924593810035,693.9514770507812,1846854
2013-08-05,691.7520842891869,705.8127064853251,691.7520842891869,701.9779663085938,2355184
2013-08-06,704.1586913104096,707.5234461980122,701.0194986349865,703.0684204101562,2305290
2013-08-07,704.5345383248017,710.8881407251429,681.770610525086,685.2481689453125,2694980
2013-08-08,678.6315130516155,697.823897044831,670.5861243507803,693.7824096679688,2158628
2013-08-12,692.1281282704615,692.1281282704615,679.7781053937504,681.9774169921875,2077574
2013-08-13,684.3083031782161,693.5755358079218,680.454792412511,684.157958984375,2168296
2013-08-14,685.9249013251103,698.5193020893697,677.4659754386676,689.3084716796875,3302068
2013-08-16,685.8119039278563,687.9924447875004,660.0028251585122,669.533203125,2779930
2013-08-19,675.9621037067154,679.3456737475165,660.002950037979,668.2362670898438,2121352
2013-08-20,672.879513961455,672.879513961455,650.397545756858,652.8036499023438,2724844
2013-08-21,654.1945604515101,655.5479794958875,639.5512373413466,645.8108520507812,3623994
2013-08-22,640.9986986005367,675.6427136887606,637.3143475477216,668.8003540039062,4260988
2013-08-23,674.4583985404809,691.0002990620981,670.8116797370786,687.785888671875,4032884
2013-08-26,685.3985217828041,706.2638711703054,681.9773655662578,692.5040283203125,2663238
2013-08-27,691.3760143592604,706.3576985859702,687.9924449578284,691.3008422851562,1945284
2013-08-28,687.2407033435518,731.6406542661646,687.2407033435518,717.279296875,4444684
2013-08-29,714.6850336064822,740.6257318278643,706.1509382008342,732.0164184570312,5905182
2013-08-30,728.9713078322528,770.7020015761312,725.5877380692357,764.385986328125,5282942
2013-09-02,759.4234680275916,777.8451264104392,758.4835874978545,773.27734375,2154034
2013-09-03,770.7396982015321,777.0932541312881,746.6975257207843,752.3179931640625,2355064
2013-09-04,751.904358141808,781.5294082096352,749.6298291013891,777.8826904296875,2626516
2013-09-05,777.8450141474632,777.8450141474632,744.7800402404764,748.4267578125,3927492
2013-09-06,755.2880646933357,761.3033006490816,742.5056882873758,747.69384765625,2759596
2013-09-10,746.6409673834196,758.1826799924793,744.7612066397554,747.3552856445312,4300972
2013-09-11,754.9121119486005,758.671634418464,745.7012818974348,749.5736083984375,3008494
2013-09-12,750.0247223550198,751.3593711703888,731.5278904163902,739.83642578125,1905568
2013-09-13,738.746063759597,748.1448686420346,731.8097641133987,734.5166015625,2096320
2013-09-16,733.1068595615594,746.2651878101002,712.0723503327205,715.2679443359375,2460506
2013-09-17,714.3091582980799,734.065464164891,713.2188877726836,732.1480712890625,3327816
2013-09-18,730.1182399790255,738.6711554765152,728.5580286328278,734.798828125,2109818
2013-09-19,732.3551007485132,748.1450977872389,724.2721260739276,739.2350463867188,3907240
2013-09-20,733.1069225250673,748.1074271952562,729.7233521134131,733.2197265625,3591858
2013-09-23,733.1069445465114,743.3328281851922,729.3474217539651,735.0242919921875,2988758
2013-09-24,734.9865609365936,743.595875611507,724.0839469891965,729.1593017578125,4940300
2013-09-25,729.9111155016114,740.9828882089672,721.9033161710034,736.5090942382812,4333858
2013-09-26,734.9114629403325,742.1673136943409,727.5051762180016,730.4376220703125,4919704
2013-09-27,730.5129386087054,737.5996306116906,728.3887988373161,732.3927001953125,1784666
2013-09-30,734.6107961874145,737.5620125718758,721.8284179528331,724.7608642578125,1987350
2013-10-01,726.3396910980147,734.930190170834,720.5876037586746,732.7496948242188,1591994
2013-10-03,741.3027018479419,765.7771853640426,737.0168368058452,761.1529541015625,4672354
2013-10-04,763.9349845920443,777.8452180713286,762.0364073412064,764.5364990234375,1934032
2013-10-07,765.0630321792473,788.635226165019,761.4163127416329,785.6464233398438,1993878
2013-10-08,783.1085028611276,788.7477863670887,773.1645846359922,775.0067138671875,1828106
2013-10-09,772.7699254371902,788.6162776100749,768.8600124763534,786.0598754882812,1775858
2013-10-10,784.9883922870342,788.7479152386005,777.1873821625343,781.9807739257812,1164320
2013-10-11,790.6275205458129,803.7858482771983,782.8828680812562,797.7894287109375,2284448
2013-10-14,799.8384950875077,836.4938432760069,798.8986143647256,831.888427734375,4374460
2013-10-15,840.2531602238768,849.2196568356495,827.4707855269587,832.8844604492188,4665092
2013-10-17,838.3734640689071,838.3734640689071,787.8830617547105,792.6764526367188,6687214
2013-10-18,791.3042131574724,802.2068270158971,775.0442804203389,797.2630004882812,5346166
2013-10-21,798.8984570167999,800.0074976942049,770.7020408867951,778.8413696289062,3685372
2013-10-22,784.9881553796936,792.3755790359252,780.7963252678718,785.4957275390625,2044614
2013-10-23,785.1763131968488,790.6276210931161,769.2547437955833,774.8939819335938,2455496
2013-10-24,767.6943976002825,782.8641056871226,752.5999074895134,755.1751708984375,3617758
2013-10-25,751.5211151975369,780.5271933279682,751.5211151975369,778.9262084960938,2527402
2013-10-28,779.0207195722609,787.2328519343481,773.2006847176814,777.4950561523438,1803942
2013-10-29,777.8904185717668,785.7258465084367,771.4488170385407,779.6986083984375,1829076
2013-10-30,779.868057682987,791.0749528483385,779.868057682987,788.04248046875,2114874
2013-10-31,786.931310171811,801.9994061061683,783.3149303602216,795.6143188476562,3523076
2013-11-01,794.8420322587779,806.8776550644754,787.7223939704373,790.1709594726562,1346480
2013-11-05,791.0749952893533,792.9585071828993,765.346204429843,769.2262573242188,2261286
2013-11-06,777.1369778460286,792.4122771178646,775.6490219001486,787.7223510742188,1667750
2013-11-07,791.0748475494526,809.2130269095017,783.6538304684894,799.3434448242188,1956948
2013-11-08,802.3760345777418,803.035263714132,780.2259172013622,787.628173828125,1609346
2013-11-11,787.308002006134,806.1431216713526,772.2399062739591,789.0596313476562,1961138
2013-11-12,789.8884005248383,799.2493992288818,783.1642264397823,786.2343139648438,1000682
2013-11-13,790.6793617188073,793.4104536961366,769.8477498132676,771.8630981445312,1208338
2013-11-14,780.5272158003402,780.5272158003402,761.6355850434737,763.2742309570312,2129704
2013-11-18,770.732957873559,775.969083409997,765.5533008986023,769.9795532226562,2831602
2013-11-19,772.2209451631805,774.123310377973,761.3907528647052,764.6680908203125,2077864
2013-11-20,771.0532521514481,772.2021668122609,759.8086953804567,762.294921875,1658696
2013-11-21,762.1440449280509,766.4761212073114,745.8705246031041,748.3567504882812,2302882
2013-11-22,750.0144662031145,757.5485140805943,747.7919128824221,753.7249755859375,1494494
2013-11-25,756.418552286415,763.5193845789196,750.8056763420338,758.396240234375,1950998
2013-11-26,754.5725056035094,759.6014730292015,748.5076066638134,751.031494140625,2047412
2013-11-27,756.795071995953,758.5655547662351,743.9871912354441,748.3004150390625,2120978
2013-11-28,750.8054244790842,752.1050751422794,742.1036096239827,747.6034545898438,2805722
2013-11-29,750.3911308625313,758.9422563797941,746.5487850319059,755.0433959960938,1924812
2013-12-02,751.5210646296198,761.3153241185271,751.5210646296198,758.6407470703125,1253260
2013-12-03,759.4508370690627,769.2262452494485,759.0741346962667,761.2401733398438,1449184
2013-12-04,760.9010550965646,765.308454019113,751.0126188101802,753.4235229492188,1519036
2013-12-05,759.4321263208875,766.0432725999443,747.0197991975609,748.5642700195312,1397190
2013-12-06,750.014471583792,757.1718171187453,750.014471583792,753.517822265625,1446962
2013-12-09,764.3291838498816,764.6870327428813,753.4048140462115,755.2318115234375,1826340
2013-12-10,753.4046056333274,786.9311105840104,753.4046056333274,784.5767211914062,3653334
2013-12-11,783.1642968618492,786.1214475166129,769.6030103361028,775.2723999023438,1556062
2013-12-12,770.3565878709798,777.5139351421527,762.8601991638079,764.2916870117188,1655964
2013-12-13,767.7007650442782,770.35653579853,751.5214126738715,754.0830078125,3463350
2013-12-16,758.5655358239205,768.3975043613126,755.3447581859606,760.6185913085938,2858500
2013-12-17,765.3086230039082,778.2107268010825,764.7059083321084,770.48828125,2995474
2013-12-18,768.4728884324398,780.1506627174426,767.719483639859,774.4248046875,1587990
2013-12-19,782.0151796813212,794.8419123477097,777.0050203235654,784.1058959960938,2161986
2013-12-20,786.5921896216335,802.3759808136823,785.7446093602106,798.816162109375,1965812
2013-12-23,802.3570501171184,807.4425311964376,790.3025764476215,794.4840087890625,1321224
2013-12-24,798.5338027110928,801.999446557122,792.676061727489,795.1057739257812,870156
2013-12-26,796.7254946018338,797.4788993248616,787.8541355945122,791.18798828125,2297194
2013-12-27,793.7118312248264,817.406371648709,792.9584265440244,813.921875,2479946
2013-12-30,817.4440660881031,819.4217533447679,808.6668832981888,812.1890869140625,1668776
2013-12-31,813.7147341751485,823.0757318297007,810.2489991885183,818.21630859375,1245776
2014-01-01,821.2488397352582,822.906293307522,810.3244714560556,811.1531982421875,529952
2014-01-02,815.9372625064893,824.6014162634835,812.2267076971348,816.31396484375,1726948
2014-01-03,815.4477042687456,839.7073951218937,808.8742654810725,837.1080932617188,2618174
2014-01-06,839.6696983027671,845.3202346305111,827.6152208035797,843.6627807617188,2311810
2014-01-07,843.8134254940303,850.0101619438291,828.3686261881127,831.06201171875,2897486
2014-01-08,833.2656276141523,845.3201032396735,832.5122228875572,841.0444946289062,2550020
2014-01-09,839.5754593978107,849.6522484225517,837.0704252687229,844.5479125976562,2582206
2014-01-10,851.347173785018,870.1069661850976,841.9296165528827,859.22021484375,3369334
2014-01-13,860.7648389831381,898.0583703001319,860.7648389831381,892.3136596679688,3814316
2014-01-14,893.538030955363,898.359839735302,873.9495075111475,876.4922485351562,2974964
2014-01-15,882.4062815695294,895.8733887537528,876.5862494458186,886.6065673828125,3048854
2014-01-16,896.5518754929583,896.5895825271782,875.8332397147597,885.3638305664062,2997962
2014-01-17,865.6621049917742,865.6621049917742,831.0243381139081,833.6612548828125,7564756
2014-01-20,835.8838961928144,885.2507714361519,834.5842911135296,880.8056640625,6010558
2014-01-21,879.2232825120135,881.2009698441422,857.0355509446147,858.994384765625,3132282
2014-01-22,861.555998808526,865.228846794931,852.8918445841864,856.6400146484375,2384030
2014-01-23,854.3984977567526,857.6380822584556,842.7960488715478,848.5030517578125,2290762
2014-01-24,845.3203371088438,860.1059089588982,841.930014901188,847.0908203125,1850266
2014-01-27,840.0338738532366,852.6758930689076,837.807405829348,841.3924560546875,2532948
2014-01-28,842.2980463233187,848.279455951407,828.7503681838301,834.8826904296875,2852166
2014-01-29,845.3173866723174,845.3173866723174,832.1093025055625,833.9207153320312,1698076
2014-01-30,829.4862783870482,840.4112285581546,826.4484016804483,836.8639526367188,2225250
2014-01-31,839.6941654019938,856.5627495310014,838.1468965473665,845.7132568359375,2174246
2014-02-03,838.5243492577766,846.9209139611905,826.7503084147205,828.127685546875,1362480
2014-02-04,820.4102071282908,820.7875807286258,797.0319310139829,811.8627319335938,2694166
2014-02-05,816.5611853461495,830.2220941045109,807.5796733562062,828.1087646484375,1853650
2014-02-06,822.6746661886924,826.4106289666489,809.466586685663,820.8821411132812,1922652
2014-02-07,826.4482649324378,828.335133117215,804.1832203520662,809.239990234375,1990912
2014-02-10,809.0888922344612,809.0888922344612,786.8616269639283,790.0504150390625,4019270
2014-02-11,792.4848868504534,802.4852913749949,790.9753918278811,793.1264038085938,3568786
2014-02-12,799.2770100683878,801.3903383548743,790.597420251781,794.5409545898438,3074348
2014-02-13,795.1261428412877,806.9756365461662,791.1637202025437,805.2208862304688,2094350
2014-02-14,806.7873079422783,824.4673050850263,803.0891188766814,818.1085205078125,1910062
2014-02-17,815.1270751221211,824.9387899152578,810.2966740282832,817.1648559570312,1670394
2014-02-18,817.0140447642995,826.8257607753258,813.5611123287034,817.3914184570312,1526916
2014-02-19,818.9005485291636,835.8823571392155,815.9759037129882,829.4481201171875,1072918
2014-02-20,832.4862985858612,838.5242771794123,823.7312480516604,826.2030639648438,1587924
2014-02-21,829.4673489993467,835.127954201799,826.7313898181613,832.3731079101562,1717860
2014-02-24,831.7316314970677,832.2033486201946,818.9386999707708,821.8821411132812,2450424
2014-02-25,826.0709163075772,830.0333396155853,822.6745534721418,826.0331420898438,3305374
2014-02-26,827.9578156330114,828.3351892955606,821.5990325661601,823.4859008789062,3859712
2014-02-28,815.504593963271,860.4120658196473,815.1837894542524,858.8082275390625,3988192
2014-03-03,857.3177376426705,867.5822856228907,840.7887483113531,845.3361206054688,1606078
2014-03-04,842.7506580173975,850.6000468853749,839.278839517779,845.5620727539062,2030332
2014-03-05,850.9210041863057,862.770499840792,846.2792899050559,849.8076782226562,2302006
2014-03-06,850.166417532556,852.8646027636184,842.3547078633859,845.6001586914062,1314562
2014-03-07,847.3924633537089,849.1095317504332,812.4099472208637,840.9771118164062,4698472
2014-03-10,840.826240965929,840.9771535684653,805.6927183615317,808.57958984375,3829768
2014-03-11,813.2401906898752,821.787666746088,800.7868606236266,811.9759521484375,2550254
2014-03-12,812.4854051074338,826.3538856637266,812.4854051074338,822.4669189453125,1669788
2014-03-13,810.6174112577946,830.9766993387628,806.3908452007737,811.1834716796875,2019884
2014-03-14,807.9570855437556,815.3158726376853,801.654963228225,807.409912109375,2161246
2014-03-18,805.8815322286334,812.0327419336256,794.0886041639437,800.7869873046875,2565842
2014-03-19,783.0502755919533,783.0502755919533,759.6719978386787,769.6157836914062,8652662
2014-03-20,769.0875490594472,801.1265371894476,759.0494185253795,795.5791625976562,5728956
2014-03-21,801.918958799347,809.4664313527526,786.8240136925357,802.6737060546875,4680776
2014-03-24,806.4287627248408,814.3536109450505,802.353108070853,812.334716796875,2183014
2014-03-25,809.0891689653596,819.6556319928923,803.8059374515932,810.0891723632812,2249968
2014-03-26,810.6178024951801,814.5613402445675,787.7866877929348,790.0320434570312,3192350
2014-03-27,792.8432045334832,798.1453230968165,779.2955264458726,790.3148193359375,5012476
2014-03-28,791.3524573523363,801.107601988994,784.9559931120571,793.277099609375,2971162
2014-03-31,793.9941025812996,809.4475340126023,785.6918828775027,804.9945068359375,2683268
2014-04-01,809.4665933246544,824.5615414519206,809.4288191014355,821.4293212890625,2755932
2014-04-02,826.4483214791152,830.9768054324254,815.5233723682026,819.7499389648438,3763016
2014-04-03,819.9763766330328,823.4293086960715,810.4476919196617,817.5800170898438,1581194
2014-04-04,819.6555289342326,825.3161334158226,803.8058363857806,807.1456298828125,1694656
2014-04-07,803.8434357016683,817.3722221897351,800.2960690523672,812.7871704101562,2594986
2014-04-09,812.1080396455923,815.8817758892985,794.3714793001727,807.73046875,3350500
2014-04-10,807.7304180480073,810.8437502536383,798.2206217372528,802.3528442382812,2152886
2014-04-11,799.2772953290297,820.7498165990006,792.4845704395478,816.6742553710938,2340742
2014-04-15,823.051860876637,852.1096294632949,820.4291326579238,850.12841796875,3597244
2014-04-16,854.3739216511256,854.3739216511256,824.2594867283179,828.8257446289062,3475910
2014-04-17,837.7696057703691,840.4112216444199,808.5986006204735,838.8639526367188,7681438
2014-04-21,837.7695887207086,846.4114093370455,834.4864560562257,838.4299926757812,1842594
2014-04-22,843.0340389302978,849.0531315917575,837.7319195141807,838.1659545898438,1486274
2014-04-23,842.0715580319227,846.7887288377218,830.6372097044593,835.4109497070312,1938992
2014-04-24,835.4109497070311,835.4109497070311,835.4109497070311,835.4109497070312,0
2014-04-25,840.4111856482842,843.4301750893198,827.6559368334597,832.2033081054688,3160448
2014-04-28,832.2032818423935,838.7884339263858,822.7123709395551,826.9578247070312,2550766
2014-04-29,824.9387306334205,832.6183206283029,821.5045938497118,828.0520629882812,1846180
2014-04-30,824.5993074866701,832.3354683250722,823.0520384660894,826.146484375,2397378
2014-05-02,823.1460415420464,837.7314921415854,823.1460415420464,833.4105834960938,1917778
2014-05-05,834.2978039892107,841.1659869818133,831.7882135759749,835.3921508789062,1314478
2014-05-06,835.3920946757612,838.3734020188516,826.4483569109819,829.8069458007812,961232
2014-05-07,826.8446478161868,831.3542450174987,807.6174765995855,817.2216186523438,4716182
2014-05-08,817.0518871916147,823.3540099598686,810.4666419979285,815.90087890625,2606900
2014-05-09,812.1082011314635,824.4483026757376,812.1082011314635,815.0894165039062,1799440
2014-05-12,812.4853546723698,817.6553545269331,801.2207159444353,814.8817138671875,2886064
2014-05-13,817.3158647042568,844.9395972924622,817.3158647042568,834.354248046875,2547484
2014-05-14,835.6562425988145,844.449067795145,830.6372463458383,836.2978515625,1389228
2014-05-15,836.2978233205943,839.6564121161616,819.3348032217114,827.6370239257812,2520196
2014-05-16,830.2408355950315,850.3736625665263,792.5789305962692,815.4100341796875,5241798
2014-05-19,811.3533139989904,815.1270503431718,754.5585820190611,768.5968627929688,6516606
2014-05-20,765.3136693609647,815.1269851181872,765.3136693609647,780.4840698242188,4702114
2014-05-21,777.8425010141956,788.3335062640701,775.804720282682,786.0126953125,4116946
2014-05-22,791.2583228262906,801.5417563767933,783.088218895031,796.994384765625,4216842
2014-05-23,799.6546564499871,810.9758644223795,790.9750636711528,803.0132446289062,3094780
2014-05-26,810.9759857262742,818.7499198830144,805.1644682840633,812.8628540039062,2650850
2014-05-27,815.1837561099577,824.4106167231217,799.2774916072184,804.3531494140625,1795094
2014-05-28,807.5795419572096,814.6552972897786,800.9566165394789,811.5608520507812,1887488
2014-05-29,809.4662551125192,822.6743292052643,805.7679759401079,815.1079711914062,2820710
2014-05-30,814.6742016353733,817.7686469398482,803.8623919790947,808.0890502929688,2585648
2014-06-02,809.0892519440349,814.2781405700752,798.5416749451895,803.7494506835938,1095158
2014-06-03,803.7493660239167,806.8249246508615,794.4470495693383,803.2776489257812,2484628
2014-06-04,803.8055829646927,805.6546763261425,783.8047867688576,788.4276123046875,2141062
2014-06-05,786.1070182494025,798.6734859869014,780.4086397810873,794.0506591796875,4348470
2014-06-06,800.1464662718747,803.061133300692,783.3255772928662,794.0886840820312,3361586
2014-06-09,795.1366049231214,806.9474505161337,792.4696397892153,805.3472900390625,2666196
2014-06-10,805.8044266532817,823.311128335929,805.8044266532817,822.2443237304688,2628068
2014-06-11,824.8543717097101,843.5231311618006,814.6436846714133,840.8370971679688,3544562
2014-06-12,856.8576212333534,858.762595935962,832.0167697146057,852.4190673828125,2734338
2014-06-13,852.6673042929286,853.0482995137922,832.4936259514787,843.3519897460938,1904022
2014-06-16,841.9990352156246,867.5066344438834,841.9990352156246,864.7634887695312,2439906
2014-06-17,870.5352781078916,875.1453539661431,865.2394857889034,868.611328125,1918144
2014-06-18,873.6218499633359,873.6218499633359,846.3045172180005,848.4952392578125,1948824
2014-06-19,849.6186185741665,872.0973174512409,842.0368573458895,867.1634521484375,1896354
2014-06-20,870.5355425289491,875.9076098787284,861.8107931908149,873.3930053710938,1155674
2014-06-23,873.6217092102729,876.2505380279488,858.7819696043287,864.4207153320312,1262734
2014-06-24,864.4777030639777,883.7179516337137,859.1437727674172,879.736572265625,1479100
2014-06-25,880.0985395941447,883.9084899819982,873.6216239347939,880.30810546875,1028422
2014-06-26,874.7645094747917,893.1093812975223,872.9166465404822,879.2030639648438,2036182
2014-06-27,882.765338569029,917.0167488969545,882.0033486350031,914.2164916992188,3058836
2014-06-30,914.5973348920695,927.7225907243068,905.4725255496085,924.0650024414062,2146470
2014-07-01,921.5890500291825,921.6271867473841,907.6446845761144,910.8640747070312,1092790
2014-07-02,914.3879904287445,918.8646816318852,908.1015729945469,914.9976196289062,907740
2014-07-03,914.0069348955614,931.5327035513329,911.339970100118,921.2077026367188,1526762
2014-07-04,919.1122199289904,924.1032911964137,914.768914517662,918.3883666992188,536136
2014-07-07,922.0270833846391,951.7256287365346,918.3504253661278,948.125244140625,2204902
2014-07-08,946.7533475711966,947.2105228911096,927.0559279840709,933.22802734375,2500588
2014-07-09,941.057444337279,942.0670436600939,907.3775309043743,913.6829223632812,1554242
2014-07-10,914.216745686129,921.8557155002608,889.6234951296968,896.0242309570312,1990562
2014-07-11,903.3392444400896,918.1980510757553,899.5674307314292,912.2735595703125,1329446
2014-07-14,921.550887577869,929.2469693356355,908.7684844640528,924.3892822265625,1587924
2014-07-15,924.3696960443486,925.8174950926139,912.0064316370141,914.1209716796875,1389656
2014-07-16,918.0647046184483,923.5320209091745,909.3780917061623,915.093017578125,1407240
2014-07-17,918.1979142654816,925.7416335751658,904.8630897844477,907.510986328125,1790220
2014-07-18,934.1996028664421,946.7724360208437,927.722688817205,930.0848388671875,3507488
2014-07-21,940.2959259853818,941.0008041413166,930.7901166497059,938.6766967773438,981072
2014-07-22,939.1527590186172,967.7273865749645,937.9716372064084,964.831787109375,2399016
2014-07-23,967.7274784831684,989.1775195425861,964.7938350453724,985.3103637695312,2065858
2014-07-24,988.6439836669505,991.349085634452,978.0142593480546,988.75830078125,1481418
2014-07-25,988.3009580019097,996.054242893623,978.0140937513116,992.7776489257812,1806914
2014-07-28,999.1359419734351,1007.8589730528294,990.5486403489873,1003.846435546875,1314922
2014-07-30,1002.1014934452623,1011.8712660493493,997.3716926644097,1006.0753173828125,1899252
2014-07-31,998.3412060884558,1007.2192750015731,996.0731802531916,1000.26025390625,2407210
2014-08-01,998.3022401436126,1003.3228091784216,973.1023777710553,975.5835571289062,2381882
2014-08-04,981.631566815355,985.4696618584096,964.5731983556885,979.3248291015625,1828636
2014-08-05,986.6328938853059,986.671700771253,965.3875435933812,978.4138793945312,1404656
2014-08-06,975.4866457175303,982.7365280805253,965.4455075332821,971.8035888671875,1837562
2014-08-07,965.3489652492547,967.287416986703,953.3499679246424,957.5176391601562,1672656
2014-08-08,955.6563147145774,972.2106668344178,955.6563147145774,960.9676513671875,1464790
2014-08-11,965.6974555366367,967.5002717090601,951.7794155886031,956.9744262695312,1290896
2014-08-12,965.3099166495115,965.3099166495115,946.0417301340425,958.2733764648438,984552
2014-08-13,957.5949448765919,980.8563605416102,957.5949448765919,969.2450561523438,2768378
2014-08-14,974.6531865588902,981.6316103290015,965.3680249727336,969.1286010742188,1578056
2014-08-18,965.7556029573066,971.1638618204944,957.5947060665154,964.4180908203125,1373260
2014-08-19,969.2252657563563,971.1249094168768,944.025408846691,945.38232421875,3234156
2014-08-20,947.7088147975559,951.7989658595149,942.1067096230906,944.490966796875,2056758
2014-08-21,948.6780213212169,953.7179944626863,942.0872872131414,943.037109375,2265450
2014-08-22,947.5151708107594,956.8972579090537,944.3361290205553,955.3464965820312,3096238
2014-08-25,957.5951134897409,980.2749977566032,956.3932356083782,977.7744140625,3143512
2014-08-26,980.4688404428603,988.6103373385898,969.225820920186,982.3297729492188,1815490
2014-08-27,982.4071792156614,995.355996835078,974.6727769835177,988.5908203125,1435460
2014-08-28,987.4469061067917,988.3386124669122,974.2654397512241,977.890380859375,1766288
2014-09-01,979.0730568919543,992.4871792848575,978.1620414671671,983.62841796875,810148
2014-09-02,986.981938435063,990.4711509716109,974.6921754309667,983.9191284179688,1407940
2014-09-03,984.3457234502213,1014.197878119645,984.3457234502213,1010.4760131835938,3061690
2014-09-04,1016.5238596160473,1018.6367525984857,999.2522396386069,1002.0823974609375,1701598
2014-09-05,1007.9555816297702,1016.4460526927276,1001.4230594025076,1007.45166015625,1467060
2014-09-08,1012.6469997364313,1027.3792302073289,1007.6264295982488,1024.549072265625,1697342
2014-09-09,1028.1546811906176,1033.970035722239,1017.7258499242914,1020.110107421875,1418098
2014-09-10,1022.7269096658528,1024.5684384076696,1004.5829865005005,1008.0527954101562,1258768
2014-09-11,1011.8715339380215,1017.4542355752352,1004.699264444591,1007.35498046875,1075622
2014-09-12,1011.8715808750901,1017.4349739789757,1005.3583655622573,1010.941162109375,1196210
2014-09-15,1013.4223313038701,1015.2057443455773,990.160915895212,991.8280029296875,1151544
2014-09-16,994.8131666048064,998.3023788025629,986.2839812325126,988.939697265625,1535608
2014-09-17,992.8745393037489,1009.8359844792815,992.8745393037489,1004.582763671875,1657700
2014-09-18,1004.7763980634408,1028.0766105818702,1000.6281329862778,1024.3935546875,1483078
2014-09-19,1024.6651546324429,1062.271102418802,1024.2774644490785,1052.2686767578125,3587864
2014-09-22,1052.191329177854,1059.9451341091572,1037.556022370019,1055.21533203125,999584
2014-09-23,1056.0678006554797,1078.7282673891443,1040.288832989963,1042.1884765625,2055990
2014-09-24,1044.0501679425163,1049.458429681761,1020.6918231157294,1024.6656494140625,2442132
2014-09-25,1031.624402283671,1056.4559829413436,1031.256115458339,1050.097900390625,2473158
2014-09-26,1050.6404925600782,1056.4170389576925,1035.1716906960426,1040.560546875,1612712
2014-09-29,1044.980469716095,1076.0150993280029,1037.187950932623,1073.107421875,2089534
2014-09-30,1075.0456081193727,1076.4800430452174,1049.9232621970611,1060.953125,2788954
2014-10-01,1066.9234711173278,1086.3079818571048,1061.1081178953946,1076.072998046875,2142022
2014-10-07,1062.1161689375201,1100.9239033284548,1056.6885058352132,1058.917724609375,3457674
2014-10-08,1061.4958089282934,1062.2517859175412,1027.0883023386712,1040.2503662109375,1962442
2014-10-09,1049.8652300107697,1055.7969099524666,1041.5298893736826,1049.1092529296875,1685176
2014-10-10,1049.0895800580724,1057.405515116154,1034.5511989597067,1038.4281005859375,2344362
2014-10-13,1039.0098345563206,1056.3783760940166,1035.1329321885732,1053.179931640625,2209532
2014-10-14,1058.394616623144,1060.6044326067804,1038.5448903624551,1046.4537353515625,2369406
2014-10-16,1058.3947752212543,1069.482758345867,1032.9041318253578,1038.273681640625,3848014
2014-10-17,959.5334491371594,973.6260287656742,942.0873864255747,946.4100952148438,9892812
2014-10-20,965.3485398762845,966.744262372619,937.4154437179529,939.4896240234375,3399242
2014-10-21,940.4784099061621,947.4180273664456,936.2719329268403,943.4053955078125,1950732
2014-10-22,963.4104906032973,964.961251956381,947.9416839666711,950.55859375,2067664
2014-10-27,976.5917163578945,976.8630805962066,947.883235102855,952.613037109375,2797208
2014-10-28,963.3709604438782,963.3709604438782,951.1781273894017,960.9285888671875,2289958
2014-10-29,961.4728403606468,976.6233214814813,960.6958926108605,973.5349731445312,2425016
2014-10-30,979.6534726488701,1000.2813792578424,974.6809878991871,993.7938842773438,4111292
2014-10-31,994.8816854188927,1017.8016461528696,994.8816854188927,1013.0817260742188,3170070
2014-11-03,1029.0678414448382,1029.0678414448382,1002.45736687369,1006.2838745117188,2541632
2014-11-05,1024.7940736518592,1024.7940736518592,1006.1473278083075,1009.8378295898438,2310642
2014-11-07,1011.8971384726252,1016.1314673211039,993.3280614911532,999.4854125976562,2126740
2014-11-10,1000.3595078624846,1003.0399407199006,990.9972458468112,998.2422485351562,1541964
2014-11-11,1001.4855024531843,1007.701083539007,992.7059562325635,1002.5343627929688,1249940
2014-11-12,1002.2625197253003,1014.3052089157981,1000.3201505010264,1006.8270874023438,1320582
2014-11-13,1008.0896888229157,1011.9355421844141,996.4937059105371,1005.545166015625,1645540
2014-11-14,1004.2828314367387,1014.3637114192414,1000.3204161354528,1012.5379028320312,1457174
2014-11-17,1008.1282968384006,1019.7436243753472,1007.0211086807595,1017.140869140625,1570552
2014-11-18,1017.8012531012661,1020.3845656732011,1002.1651842320578,1004.534912109375,1467026
2014-11-19,1009.2552090289582,1009.2552090289582,993.5025731528367,999.834716796875,1865746
2014-11-20,1005.3705627373811,1014.0141079541148,994.7069719890111,1012.1494140625,1795386
2014-11-21,1013.1397907288847,1025.5709538053127,1004.8458361769314,1018.6366577148438,2001594
2014-11-24,1018.5787636693536,1035.2831446143507,1018.5787636693536,1032.447265625,1942766
2014-11-25,1033.3409551640743,1040.8773136670745,1016.2480972591047,1024.017578125,2371684
2014-11-26,1021.7058154485363,1031.9226981448367,1015.8592641947564,1020.6375122070312,1584800
2014-11-27,1020.6372300641889,1036.4480946992878,1019.8602824669631,1030.737548828125,1732418
2014-11-28,1032.6994393258847,1045.7326603906424,1023.7645412756104,1026.736328125,1989768
2014-12-01,1029.6500493457897,1048.8795069736398,1027.6105614155633,1046.1407470703125,1896354
2014-12-02,1046.1598766425147,1053.1329619391015,1029.2030342914582,1032.2913818359375,1436572
2014-12-03,1037.9633543549658,1038.54606519311,1017.2188864539315,1023.7647094726562,3094670
2014-12-04,1034.8941752476135,1036.0595966161357,1021.647181088519,1024.7744140625,1285308
2014-12-05,1025.9206752458758,1029.3781498297985,999.2130948636894,1001.854736328125,2359676
2014-12-08,1008.0896358381486,1008.0896358381486,971.8255641804436,976.1571044921875,3232574
2014-12-09,977.4000150085052,994.1043872840877,974.7195839058269,976.9533081054688,2487940
2014-12-10,977.0117423380298,983.5769125305585,969.7084149179079,974.2535400390625,2087970
2014-12-11,971.4178119609222,980.0807035192289,966.1345293120605,968.1351318359375,1938822
2014-12-12,971.1845542573087,978.9540306913672,941.136066211691,952.0327758789062,2380786
2014-12-15,926.4714890793612,926.510374411424,913.7878524986465,916.2740478515625,3487788
2014-12-16,912.9135253233998,955.3542924049237,910.9711561205839,949.06103515625,3339140
2014-12-17,953.0817864131095,959.5304908064442,934.3768068875303,949.4690551757812,2287076
2014-12-18,953.7423276341149,958.947840054402,945.8562883484234,955.917724609375,1481444
2014-12-19,960.0355419295145,980.410978461936,958.7535591259269,975.2831420898438,1903130
2014-12-22,981.2849451659786,982.4503667160569,961.2396565677313,976.39013671875,1643954
2014-12-23,971.1844429248644,985.4219689212506,969.086722465039,977.6719360351562,1266476
2014-12-24,977.0116282818797,979.2842379982776,957.8404078973856,963.3761596679688,3288972
2014-12-26,965.7459502869261,975.0693222929142,957.5879997816866,973.126953125,626206
2014-12-29,974.2926477757742,985.5389494425307,973.9041738332799,980.0808715820312,778920
2014-12-30,980.8964644697984,987.6753141369916,977.4001998439654,982.8582763671875,701342
2014-12-31,983.8878273805612,996.9793788397009,980.8965973195636,993.8133544921875,1573792
2015-01-01,997.2125685256316,997.2125685256316,987.1122464447332,988.8798217773438,366830
2015-01-02,990.9968870638166,1006.5163999017938,990.8415354457118,1002.0489501953125,925740
2015-01-05,1002.6509877976301,1009.9931054862158,980.7604488291946,986.8206787109375,1754242
2015-01-06,982.4894683351786,982.4894683351786,947.8764027408092,950.4403686523438,2423784
2015-01-07,959.5304592119944,963.0849571867487,935.2313996671428,939.2132568359375,2636332
2015-01-08,948.8086796954547,951.3726455460421,940.3205813108268,949.3526000976562,1565408
2015-01-09,953.7034389202888,978.9153574745965,951.7610693909196,975.9630126953125,3197642
2015-01-12,977.7888203738016,982.0620333353081,963.5124043433141,974.9529418945312,1596006
2015-01-13,978.9538995550754,982.9939888226969,963.453834082345,970.3685913085938,1468432
2015-01-14,977.4001475521512,983.5380529797906,971.3788032409199,979.7115478515625,1787096
2015-01-15,984.0044776019662,1002.9425819379693,980.2168567347657,986.3742065429688,5009920
2015-01-16,988.1608418067428,988.6658767436653,965.0855347225889,983.6739501953125,5293830
2015-01-19,985.1701639738276,990.9972745651555,972.3505206729063,975.4583129882812,1135074
2015-01-20,978.9539958774999,982.8387339563789,964.6775834376197,971.3593139648438,2058566
2015-01-21,979.7312435991754,979.7312435991754,966.6202485668708,976.5457763671875,2310480
2015-01-22,977.59495409694,979.4402058481661,969.4369989862562,976.448974609375,2113214
2015-01-23,976.6230359581798,983.6350063184491,969.6693935674447,972.5829467773438,3150380
2015-01-27,977.9356383596413,978.9671163939101,969.0606888348262,973.9263305664062,2738736
2015-01-28,974.2959674788088,990.6055583263004,974.257004337443,988.5426025390625,3121980
2015-01-29,987.9196958500746,999.8696905011112,978.1494512313316,990.5081787109375,3734392
2015-01-30,996.7560648218359,1002.3223789814308,961.4509810035473,966.1414794921875,5817402
2015-02-02,966.1215855196698,981.4775280558687,958.3560422250639,978.6554565429688,3181802
2015-02-03,977.6628558425788,998.4294478685686,975.8918386955805,995.802001953125,2345054
2015-02-04,999.5971069001502,1001.0373173701961,973.9454901837113,978.6943359375,2245418
2015-02-05,980.9135005256045,1008.8228061174771,980.524249136507,993.5252075195312,4530168
2015-02-06,993.7585467938646,1010.029269778334,992.9216945303027,1002.614013671875,2136416
2015-02-09,997.067062553593,1000.0254100239181,973.128111022441,978.1494140625,2076432
2015-02-10,977.020691172573,983.3460243325549,947.048343276044,950.220703125,3799054
2015-02-11,955.6313533909469,968.1652253306205,952.5951744659206,957.5191650390625,2937522
2015-02-12,965.2653003023502,965.2653003023502,952.4978398786867,958.3949584960938,3107980
2015-02-13,961.4505855047544,991.7148701294486,957.6553858251305,988.2116088867188,4158326
2015-02-16,996.4832076344759,1010.1070014888535,994.5369513695648,1006.1366577148438,2364392
2015-02-18,1006.2335179076215,1028.7905988649843,998.5263275589864,1025.9295654296875,2660014
2015-02-19,1026.066143481526,1046.0347486641847,1025.6768922890064,1043.6019287109375,2618002
2015-02-20,1050.5112730353833,1050.5112730353833,1028.499096249466,1041.461181640625,1801588
2015-02-23,1039.6901810406032,1059.5419965527974,1039.6901810406032,1049.6744384765625,1614892
2015-02-24,1048.642941345954,1062.6559873327594,1042.8041721847849,1052.827392578125,2199922
2015-02-25,1054.870819804353,1059.5418345045937,1038.4639186825727,1040.1571044921875,1767994
2015-02-26,1042.8038779525696,1048.1560815068242,1021.9205908245968,1034.0262451171875,1991994
2015-02-27,1035.1942344548058,1041.5390489382564,1018.3980807599959,1036.3231201171875,2877376
2015-03-02,1043.0766902112468,1054.4622907428795,1032.5085554229124,1039.0673828125,2176038
2015-03-03,1043.9717861912093,1086.0109185210565,1041.6946285105275,1080.5614013671875,3424308
2015-03-04,1085.2325872433767,1094.6135812650089,1057.070218639789,1068.884033203125,3862994
2015-03-05,1070.4411064207595,1078.4985895608606,1043.6022475043671,1049.5966796875,2173514
2015-03-09,1027.6235795859407,1043.1158025573243,1015.9460389088276,1030.2705078125,2883174
2015-03-10,1031.0878999970507,1042.5124655422853,1010.2046023330965,1028.674560546875,3037052
2015-03-11,1028.4017817661693,1035.3888225563933,1011.1968958694493,1014.6028442382812,2240200
2015-03-12,1021.3561951072923,1021.74544631089,1008.1995804513143,1019.4683837890625,1827636
2015-03-13,1026.84458996459,1027.603610742276,1002.3217661708945,1005.1828002929688,1586838
2015-03-16,1006.2922944563131,1015.9457442896887,993.3691721943622,997.3784790039062,1556296
2015-03-17,1005.2411695448336,1014.6610290681418,995.6072028667176,1005.708251953125,1267318
2015-03-18,1008.5306924552664,1011.8393286880862,993.2525780860694,996.2304077148438,1255170
2015-03-19,1002.7111078929946,1014.3302944192418,999.6360613746142,1010.5934448242188,2448964
2015-03-20,1010.4963858359816,1019.059914529507,1003.8207639808971,1016.315673828125,1963908
2015-03-23,1018.281402923139,1024.120172435313,1014.388889915023,1018.72900390625,1566608
2015-03-24,1023.7311235716342,1026.4558832161213,1005.0860205886156,1008.6671142578125,2394878
2015-03-25,1008.7057575275273,1017.5028747173234,990.7223668889724,1001.8355102539062,2224858
2015-03-26,993.8756713061146,1006.8766307423895,973.5178030006438,978.227783203125,3091642
2015-03-27,985.194889172216,1001.1152268872319,974.7240688212503,978.8890380859375,2751776
2015-03-30,982.8594831947951,1000.3368276752208,980.9132267924292,998.0986328125,1339006
2015-03-31,1000.1615679779459,1000.1615679779459,981.30236462572,994.128173828125,2427028
2015-04-01,995.7044131109373,997.8842575011563,981.7886848979912,989.7293701171875,2075758
2015-04-06,995.7046419879504,997.6119349937985,973.1670338822737,991.5396728515625,1568542
2015-04-07,997.4368428775258,1011.6639950189646,990.2551763479206,1006.2144775390625,1886922
2015-04-08,1009.717981428157,1034.0461903099072,1008.4918777133432,1028.16845703125,1652134
2015-04-09,1035.019079902624,1046.0932590245454,1025.7353995221204,1037.179443359375,2544450
2015-04-10,1030.9317730566268,1039.6120935692295,1022.9521236899435,1032.975341796875,1815544
2015-04-13,1036.965129124694,1037.3543802992904,1022.9520868392252,1033.656494140625,1308642
2015-04-15,1033.345282734773,1056.3889379149307,1015.712181960603,1022.85498046875,2913934
2015-04-16,1022.5440557154712,1022.5635372939732,1000.9017325773044,1005.358642578125,3217570
2015-04-17,995.3546687728974,996.483459679238,961.4508380498899,963.3387451171875,9668742
2015-04-20,965.3628279428569,966.8613886185842,943.8761724655739,945.4136962890625,2890722
2015-04-21,945.4136116753832,954.4442231654799,934.5924061257411,944.732421875,2546032
2015-04-22,946.4646883764864,962.6186199280488,937.1421372465169,951.758544921875,4186812
2015-04-23,962.2291884585792,965.2653675256602,946.5423424720389,956.4877319335938,4342990
2015-04-24,955.7284965964019,978.5775231789389,952.7117997767374,970.4227294921875,3625158
2015-04-27,972.9337198274865,980.9133722605585,967.678826761805,973.2061767578125,2733052
2015-04-28,977.020346601406,977.020346601406,955.6504973518944,971.1815795898438,3088298
2015-04-29,966.9003270618584,971.1820917952242,954.0745144351442,968.1848754882812,2019620
2015-04-30,965.3429825548008,969.2354945812315,944.7516319477954,958.9981689453125,3738054
2015-05-04,969.6249387939057,974.9966254660549,956.4682265192363,965.946533203125,1890630
2015-05-05,973.5176149027344,987.3165560915638,973.1283635573116,980.0765380859375,3255070
2015-05-06,978.9669458350882,978.9669458350882,955.9232896154791,958.745361328125,3394406
2015-05-07,959.4655611175251,994.0505796499377,955.1059652469609,990.741943359375,3205028
2015-05-08,996.4830843802553,1007.3821181156643,979.4728257353269,983.735107421875,3003664
2015-05-11,986.7517505341293,997.6702652417111,982.8592386977027,994.926025390625,2573082
2015-05-12,996.4831904010509,998.429446632303,978.1883818272817,982.0419311523438,2467386
2015-05-13,991.4228743342524,991.4228743342524,965.5181861928057,979.1224975585938,1863774
2015-05-14,980.9132065791612,980.9132065791612,967.2894120433396,972.8362426757812,1309050
2015-05-15,978.9671615947235,985.7400971849765,973.517642603739,977.468505859375,1461454
2015-05-18,978.6166407189788,982.9567542992446,971.9993692317648,981.06884765625,4507752
2015-05-19,980.679558599859,984.8056598515801,971.8630558238865,978.0715942382812,1957722
2015-05-20,980.9130623371333,1000.3366599634554,979.7063455571586,995.3348388671875,1897814
2015-05-21,995.3153831856611,1004.2681613684026,991.8704718286173,994.7315063476562,1579578
2015-05-22,992.5908693883512,1023.2444109429914,988.4064176840669,1019.02099609375,2691632
2015-05-25,1019.8379712542952,1026.4162774072133,1006.4866383494104,1012.4421997070312,982978
2015-05-26,1013.9992698287923,1021.1031034849825,1007.7322881521667,1015.4979248046875,1961740
2015-05-27,1015.1674907842223,1024.957123934442,1008.9394693683681,1017.9895629882812,1620690
2015-05-28,1013.5713146062367,1021.006051660886,1005.1440628674507,1015.7511596679688,2763608
2015-05-29,1018.6707701816787,1030.9711507003292,1010.9830561155387,1016.0628051757812,4423532
2015-06-01,1015.7318415106931,1030.3872107790507,1015.3037220764361,1018.962646484375,882264
2015-06-02,1018.2813267487949,1023.7308445524964,1008.3554193206244,1012.0143432617188,3935820
2015-06-03,1013.6102858490444,1022.0181511177536,1008.3553938141127,1016.2960815429688,1804684
2015-06-04,1018.7097505848168,1020.9284642831757,1007.577123912955,1014.2527465820312,4131468
2015-06-05,1018.318748304612,1024.9975363914864,1009.6756107804216,1011.9739379882812,2308534
2015-06-08,1017.5331369908884,1017.5331369908884,1006.3952359089724,1012.6026000976562,1570320
2015-06-09,1015.5688153215463,1017.5331650610464,1002.2112370929457,1006.395263671875,2578914
2015-06-10,1008.1042998883285,1025.3905778287362,1007.2400051744113,1021.7565307617188,2763350
2015-06-11,1023.6226565685961,1026.569181198903,1004.4702464716016,1010.1865234375,1847336
2015-06-12,1010.4220734272673,1017.1205245113281,973.0602028955564,984.4534301757812,2571456
2015-06-15,984.2571039201133,990.2090452903723,974.7103449616902,984.0606689453125,2525176
2015-06-16,982.1747822366702,989.7571907386385,979.9943350370037,986.8892211914062,1267396
2015-06-17,990.4250186106477,993.626869931744,982.8819357083361,987.5963745117188,1975720
2015-06-18,988.0680611757984,1000.3649114979906,985.3179711446928,993.9807739257812,2165046
2015-06-19,995.9253245991532,1003.7827236097975,992.8216903561549,1001.6416015625,1999610
2015-06-22,1000.6397844035263,1021.4618922061909,1000.6397844035263,1018.1224975585938,1102002
2015-06-23,1021.4617058815832,1024.6046649766035,1008.5755544089002,1011.4828491210938,898318
2015-06-24,1013.6042756286148,1016.707909269186,1005.2951161539045,1009.79345703125,1170246
2015-06-25,1006.5325534237132,1010.8541217639399,999.5197882508764,1001.818115234375,1930992
2015-06-26,1001.8970013088698,1020.0280083898687,1001.8970013088698,1018.63330078125,1290102
2015-06-29,1010.4614204316588,1023.0332576998599,999.2253025070015,1018.67236328125,1372756
2015-06-30,1015.5684593649099,1017.0417211531569,997.8893179059463,1002.1912231445312,1549952
2015-07-01,1007.2791590922523,1024.6047610950711,1004.4701775037664,1018.7510375976562,1279708
2015-07-02,1021.4616302143949,1022.6205771117319,1010.0880670149138,1012.7202758789062,1445880
2015-07-03,1010.873796968054,1025.3903188895413,1009.6755247303146,1022.9937744140625,963470
2015-07-06,1013.7222071319751,1039.140870102226,1013.7222071319751,1034.5443115234375,1182338
2015-07-07,1034.3284239060447,1039.8874956711707,1022.6405421811545,1027.8460693359375,1642836
2015-07-08,1020.6563037575663,1029.9869635738987,1013.8007434124557,1019.5366821289062,2667850
2015-07-09,1019.4975371800282,1020.7743645387314,984.7874381549176,991.0144653320312,3934122
2015-07-10,1005.354180509047,1005.354180509047,964.4957065844902,972.0977783203125,8263654
2015-07-13,972.5100114610399,989.482066117219,972.5100114610399,985.9265747070312,2280308
2015-07-14,986.4959685540624,988.0674475959646,978.2457035840762,981.9779663085938,1703274
2015-07-15,982.5675713783465,1001.7985328505729,982.1747014977475,1000.1484985351562,2003660
2015-07-16,999.3430621134626,1005.2950981514347,992.6250449329677,997.968017578125,1456608
2015-07-17,1000.561132884814,1009.7150212171421,999.1860881628272,1007.4755859375,1070526
2015-07-20,1009.4835694105695,1017.3184463407141,1004.7195874401142,1015.4483032226562,853786
2015-07-21,1014.2079837247202,1023.7949648766788,1005.9793937339988,1008.459716796875,1274500
2015-07-22,1008.302644049533,1011.4523594546076,992.5737719697785,995.3297729492188,1320628
2015-07-23,991.175667148617,999.1877909305329,977.5925249374443,979.79736328125,1496780
2015-07-24,983.3011134095448,990.7816824404883,981.1750953967671,986.31298828125,1574972
2015-07-27,979.5611949138813,986.2543381267172,976.8642134647522,983.1243286132812,2003738
2015-07-28,984.0889657792335,991.7663951981954,981.1951270111138,985.0929565429688,1891188
2015-07-29,988.6163395209886,990.2109012284128,977.789199203654,986.9430541992188,2413318
2015-07-30,990.6049644623379,990.9002502114002,973.5768195997382,976.6674194335938,2770574
2015-07-31,980.3092067919202,991.766331483605,979.1674737593194,988.5181884765625,1963776
2015-08-03,985.6239588636269,994.1282229022498,984.6396734944167,988.0650634765625,1179324
2015-08-04,988.3804274591272,993.3412665253986,978.7738361403651,987.7898559570312,2342692
2015-08-05,992.1603017158999,1003.9717338791845,988.6168720669145,1002.849609375,988994
2015-08-06,1009.8771716423454,1016.964028987204,1004.010867066652,1013.14501953125,2211366
2015-08-07,1013.026859533978,1013.026859533978,1002.7902880812445,1004.778564453125,1188506
2015-08-10,1012.6333806408576,1019.3265250696658,1006.5702176657834,1012.6727905273438,1431182
2015-08-11,1014.9953744341205,1027.5942309049863,1000.8610707795267,1025.3106689453125,2200306
2015-08-12,1024.877969212227,1059.64287302497,1024.4448449336455,1051.88671875,3479784
2015-08-13,1051.2170719095823,1056.7290715375727,1006.3336463673754,1037.67333984375,1406426
2015-08-14,1038.6179422228809,1070.646627221882,1038.263637931574,1064.2880859375,2293964
2015-08-17,1059.1307015972482,1061.768567746362,1045.3112935056365,1057.0242919921875,773644
2015-08-18,1065.745665957931,1082.6753882563105,1059.0919298288745,1079.1319580078125,1916926
2015-08-19,1082.71469075254,1083.8368153352678,1071.651276736539,1076.2578125,1690070
2015-08-20,1080.745642023898,1080.745642023898,1052.004501088472,1057.8511962890625,2349298
2015-08-21,1067.753370475418,1074.8008192433826,1045.3510612913246,1053.638671875,3536080
2015-08-24,1039.0120392628394,1041.3743250663927,1011.4914481001063,1015.2513427734375,4692344
2015-08-25,1018.893204586128,1032.3189007447043,998.2626135919901,1010.7236328125,3925800
2015-08-26,1007.1407367215768,1039.0118854108555,988.9904717032196,1014.503173828125,3216158
2015-08-27,1029.5237626673395,1029.5237626673395,1002.3181548628476,1013.6767578125,5264798
2015-08-28,1027.2007055040349,1027.2007055040349,1007.0031407862728,1012.1805419921875,2744152
2015-08-31,1019.7201023790012,1019.7201023790012,996.5106621302671,1009.5032348632812,3692044
2015-09-01,1006.3334985697365,1028.066503258184,996.0969293354591,999.0103759765625,2987602
2015-09-02,1007.7903232846721,1031.708463421181,1003.1838858901172,1020.4285888671875,3765950
2015-09-03,1022.1217745436769,1029.562936669797,1014.3065069199098,1025.862060546875,2265074
2015-09-04,1028.1456660725978,1029.5236663658598,999.6998028759746,1002.9676513671875,2426396
2015-09-07,1005.1525049563503,1007.888799836779,997.1600862605704,999.935791015625,1759184
2015-09-08,1002.0027203808066,1009.5227006602179,993.5378643933067,1000.1522827148438,1787746
2015-09-09,1009.0699337625026,1013.4204955180961,1001.609067831405,1003.8729248046875,2045076
2015-09-10,1000.821749186022,1015.192321115719,994.9160346943657,1002.1603393554688,2665818
2015-09-11,1002.5932997341814,1011.2156030346631,1000.2704241956267,1004.7587280273438,1592672
2015-09-14,1009.8769728876786,1009.8769728876786,1001.215260059792,1004.620849609375,1589318
2015-09-15,1004.62135345166,1007.4757829742346,998.4597612757415,998.951904296875,1379900
2015-09-16,1005.93992473747,1009.8770673000432,1000.4476300870092,1004.1091918945312,1756816
2015-09-18,1009.877133389538,1018.1451333120255,999.6405620569344,1004.4635620117188,2455294
2015-09-21,1003.9711634043924,1006.7665725433062,997.35674592705,1004.3845825195312,1108840
2015-09-22,1006.9247221050163,1012.7910290558949,980.3489963016581,994.8377075195312,2081246
2015-09-23,997.7900670605278,1007.0226472213382,989.2464868538323,997.140380859375,1228352
2015-09-24,998.2626345545664,1019.720064482874,996.0577959664809,1015.9403686523438,2354254
2015-09-28,1021.2947081998476,1031.1375639072478,1015.5858518895554,1021.1765747070312,2366812
2015-09-29,1017.1019661361603,1037.0435587624058,1011.7868226117516,1019.0311279296875,3325952
2015-09-30,1040.862743671025,1040.862743671025,1012.2200209715368,1018.9525756835938,3368336
2015-10-01,1023.2630278181458,1043.3227435947213,1020.5857524994931,1041.2164306640625,2834408
2015-10-05,1044.4060368120936,1090.5887492822042,1044.4060368120936,1067.615478515625,4807306
2015-10-06,1072.8714215313946,1073.2651358145256,1056.7291359230323,1063.028564453125,3979590
2015-10-07,1060.6466436512153,1069.7217776992375,1042.1420711256858,1044.8980712890625,2065530
2015-10-08,1051.2170360802165,1054.5045884806598,1031.5313237940702,1036.964599609375,2357550
2015-10-09,1043.5399155058851,1043.5793253907163,1026.8070551365206,1035.3309326171875,2249724
2015-10-12,1045.3115092911107,1047.4179193310015,1018.5389357951426,1020.7437744140625,2455912
2015-10-13,1024.7597117399066,1028.3818644731357,1010.9009860831316,1023.08642578125,6179712
2015-10-14,1003.1842626263917,1003.1842626263917,976.4116841889527,977.868408203125,8337128
2015-10-15,980.348829242937,985.6639734978686,970.5059695115822,971.5886840820312,3215710
2015-10-16,976.7661662445703,981.1364352031819,972.474717075385,973.2621459960938,2333828
2015-10-19,980.3485271122395,982.297393514097,966.9032233115479,979.8563842773438,3130642
2015-10-20,982.8093405686111,996.0971984531142,982.5534647172761,994.817626953125,2695084
2015-10-21,998.0660452258445,1000.8220461396832,993.0461864184956,996.0974731445312,1929688
2015-10-23,1005.369523927928,1005.369523927928,997.2019022422925,1001.08837890625,2335398
2015-10-26,1005.7640256575039,1005.7640256575039,992.3880734210793,1000.8516235351562,1414630
2015-10-27,998.287279100809,1004.1466176810973,994.4599485437448,998.7015991210938,1530420
2015-10-28,990.3957356173146,999.6681801240976,990.3957356173146,997.912353515625,1255342
2015-10-29,999.6679069690124,1000.3978073682642,982.5040250187561,984.5952758789062,3130316
2015-10-30,986.4299144089056,991.1252822690734,980.5113349224522,984.5359497070312,1516696
2015-11-02,986.4305009782694,995.4267664134119,981.5180963496183,993.2763671875,1319294
2015-11-03,997.4780394378138,1005.2905844875967,993.7296053497366,1003.5741577148438,1364906
2015-11-04,1004.1854823868123,1005.0535212979152,994.3211849173937,999.7662963867188,991434
2015-11-05,998.5831787596314,1000.2206145878324,978.5388950306885,979.58447265625,1596098
2015-11-06,983.2735478906328,993.6310641956605,979.8999375993533,988.6989135742188,908024
2015-11-09,984.4571385704337,987.5150715659931,974.040476317982,975.1255493164062,2021556
2015-11-10,975.7570446803263,977.3550809339389,966.701634351292,969.9173583984375,1361920
2015-11-13,961.9864335792056,961.9864335792056,941.6659724167524,945.947021484375,2743232
2015-11-16,943.0272379847676,943.0272379847676,929.6117877372855,936.9508666992188,2043528
2015-11-17,939.2786118677333,946.361159744151,937.1084659465938,943.2440795898438,1985028
2015-11-18,942.593109914567,942.593109914567,925.6660078934426,927.81640625,1520352
2015-11-19,933.3008046178434,939.712598833874,928.0332305294871,932.1959838867188,1866906
2015-11-20,933.7549821899047,956.2653423536229,931.9596596619228,946.3221435546875,2012126
2015-11-23,949.0645484793174,952.2605255563979,939.969639844468,943.44189453125,1088082
2015-11-24,939.1012034802393,943.9938582459602,933.3601610295076,934.3268432617188,998640
2015-11-26,938.2529976357264,940.0285721606251,922.4504614289941,925.4886474609375,2915292
2015-11-27,926.4553458220403,930.9731773691377,920.3394779088197,928.5663452148438,1737206
2015-11-30,933.1629495793125,943.5204664615353,927.3035157820833,936.5365600585938,4100048
2015-12-01,932.3342693202412,938.3120937463177,930.0260805993771,931.939697265625,1721994
2015-12-02,938.2925470426438,938.3320427890004,925.8635246575121,933.2420043945312,1640296
2015-12-03,931.1901360852255,936.3195732755255,926.0606988949255,927.5403442382812,2283358
2015-12-04,923.2982027289983,926.1785967302126,915.840832700905,918.7211303710938,1246092
2015-12-07,920.220963245601,924.83743720269,913.5329859190808,915.3283081054688,1382604
2015-12-08,915.1705043078006,926.849877180179,914.3419606836825,918.9584350585938,1139964
2015-12-09,922.4702786905568,936.2409058339636,915.407475066236,934.2088012695312,5282806
2015-12-10,934.7413374898653,943.5008191490498,928.0336115559996,940.876953125,1723988
2015-12-11,940.2651974213593,943.7965980111766,932.4723994150345,941.4489135742188,1652378
2015-12-14,921.4045479891456,941.8433975841631,919.5895745230603,938.4697875976562,2718532
2015-12-15,938.469860279112,941.0543264376382,932.393489324268,937.4440307617188,1135868
2015-12-16,940.6600146014022,952.6944652915627,940.6600146014022,950.2875366210938,1435934
2015-12-17,952.8915072235004,964.7286688039165,944.3490608153937,962.6571655273438,1618844
2015-12-18,954.8644180097954,960.4673221881011,947.2294098540235,953.601806640625,3024970
2015-12-21,954.8448964818598,966.7018093691164,949.6760588916454,965.2813110351562,1610104
2015-12-22,962.7558507514655,962.7558507514655,946.9729679522611,948.965576171875,1560858
2015-12-23,952.8914956828535,960.7829366408895,951.1356693359037,957.1528930664062,849834
2015-12-24,955.2590413269374,962.0456620899756,948.5513157166286,960.4871215820312,843160
2015-12-28,958.0210145135146,973.1725439206724,954.9433330095709,971.712646484375,3704198
2015-12-29,969.9962903530699,972.7385469833524,965.0246437205169,968.9901123046875,1708524
2015-12-30,967.9047964552095,970.2524804254911,951.8259885750392,954.1934204101562,1605762
2015-12-31,953.1876726847643,966.1099106151901,949.9324524427486,961.51318359375,1240318
2016-01-01,962.3612143743508,962.3612143743508,951.8064122076784,953.44384765625,712262
2016-01-04,950.9777237590399,952.4968645817041,933.5771553240171,934.9779052734375,1870184
2016-01-05,941.0544210298422,941.685774897135,923.6932493211156,926.830078125,2678020
2016-01-06,927.3231492332519,941.5079941945762,927.3231492332519,939.7127685546875,2653228
2016-01-07,935.1358132289471,940.2257544394098,931.1900924980232,935.6290283203125,3199580
2016-01-08,941.0544152477911,949.8731398099015,936.1222642244799,946.0260620117188,1907544
2016-01-11,940.0675899703664,940.6594478444296,926.7902835279625,932.1170043945312,2930228
2016-01-12,932.2552348507016,933.1627697069022,908.146943715257,918.1887817382812,3482594
2016-01-13,914.2237466878144,918.1694685121035,889.7997671279037,899.3088989257812,4746092
2016-01-14,896.8624024463345,907.0817815220674,887.7872439525968,899.1509399414062,2742052
2016-01-15,903.1164912651891,904.2409640781035,889.7601856444758,892.1671142578125,3269408
2016-01-18,892.5219466100933,904.3196119696404,891.7328025370517,898.6969604492188,2213922
2016-01-19,898.4407314449969,907.5158903484818,895.0079732129393,899.3482666015625,967910
2016-01-20,897.1779341773038,901.5971218101162,885.0250959387705,899.6637573242188,1615954
2016-01-21,903.7769839281939,905.715022861138,888.2525871583114,891.7134399414062,2675536
2016-01-22,899.0308943038852,910.5209477035864,893.8890546092304,908.0291137695312,1343178
2016-01-25,910.4615585153929,925.135616539719,906.3481253957956,911.5492553710938,1397560
2016-01-27,910.5013215009194,921.5562595886163,902.5512061758485,917.5219116210938,1626986
2016-01-28,915.8409171454019,929.0514536148759,912.8942662648412,922.0506591796875,3106660
2016-01-29,932.9274647922302,949.2627132963373,923.5733104305546,945.8216552734375,2235744
2016-02-01,945.7430073866509,954.3851994032377,933.0465740902847,950.3310546875,1495274
2016-02-02,952.8226718172283,962.3153011753078,941.2337341631024,948.511474609375,1475588
2016-02-03,944.3185460179758,961.088813717475,933.5602556127884,955.709716796875,1308692
2016-02-04,957.9249028650828,965.0839659925196,950.0539698008328,957.1932373046875,1250046
2016-02-05,952.4666006080087,965.0640510783672,952.4666006080087,957.944580078125,1402996
2016-02-08,949.2627840493755,954.0288935904242,928.2998975682851,934.6085205078125,1063658
2016-02-09,922.999875087546,922.999875087546,892.1488349589756,902.3533325195312,2489610
2016-02-10,899.8219325987665,905.715233224035,893.1375797250594,897.3696899414062,1890732
2016-02-11,901.7998727729574,905.3596091128506,858.9445638776313,869.346923828125,1962408
2016-02-12,870.1577352750842,887.323535608992,855.9187905160373,880.6787719726562,2172568
2016-02-15,889.9340121479104,912.4197168137891,885.9787498716975,897.50830078125,2479712
2016-02-16,896.2620128165878,902.5904295002001,887.1649138338952,896.0840454101562,1588702
2016-02-17,895.8667913342553,901.6612112044784,888.509965812927,900.0396118164062,1585178
2016-02-18,903.7773484717346,917.5218836399591,901.0086651284952,915.9793701171875,1529140
2016-02-19,912.6176477024287,920.3897008783864,911.8660897933702,917.4825439453125,879012
2016-02-22,917.7197232115241,926.717944826894,911.6879482825398,915.9991455078125,1324884
2016-02-23,913.7643378766603,917.5811268067376,892.6036876975016,895.4712524414062,1306852
2016-02-24,894.858372021342,894.858372021342,870.6323884773005,874.48876953125,1659328
2016-02-25,877.9888773832351,881.2321721690843,864.4816028023024,875.239990234375,1830556
2016-02-26,881.9048142712045,892.6631083967485,869.9995327061507,874.3107299804688,1537536
2016-02-29,884.792291238629,884.792291238629,836.5380849216363,860.9816284179688,2191718
2016-03-01,867.388942927294,903.8169439986826,855.1276309205699,900.4746704101562,1999760
2016-03-02,911.6878175007187,921.5759717035464,892.4059168052045,917.1658935546875,1527486
2016-03-03,923.9494853206991,945.7034329630957,910.1060640937194,938.6432495117188,2648284
2016-03-04,941.3522602592546,941.3522602592546,929.3085080069739,932.4727172851562,1512966
2016-03-08,926.3621596246007,936.2107255901119,911.3716553406513,931.1875610351562,1268152
2016-03-09,925.9267646740193,937.1596692849577,907.7918511401281,932.3540649414062,2017784
2016-03-10,931.8792921349244,933.3823106356531,915.623130713552,928.81396484375,1661666
2016-03-11,925.531032825547,945.6435727413884,923.5534024135266,935.51806640625,1530528
2016-03-14,934.2329168947385,948.4718605900013,925.531340192078,931.4642333984375,1636742
2016-03-15,929.1106994452388,934.8260328613777,917.6602369931404,921.5363159179688,1623356
2016-03-16,915.6428272198248,922.3667702274865,912.4390275141118,920.408935546875,1918246
2016-03-17,923.1581570453053,934.1538047924953,922.3671046399537,930.2974243164062,2221088
2016-03-18,933.4419836313019,961.1288221288405,933.4419836313019,959.4874267578125,3204070
2016-03-21,959.546442607866,970.9969053698792,957.1732857011689,967.5558471679688,2336982
2016-03-22,965.8752407002771,982.8828718837792,963.6998460140153,978.1761474609375,1951984
2016-03-23,984.0296204183685,984.0296204183685,971.9265763162036,978.4527587890625,2278434
2016-03-28,985.2556716502916,995.5986421831221,973.6074454672671,978.2943725585938,3320882
2016-03-29,980.1140276857496,983.6539682388801,971.0169241196592,976.7124633789062,1838796
2016-03-30,977.3055284769331,990.7930088598678,972.9943320540019,984.662353515625,2136504
2016-03-31,980.2326257393887,1008.5918356888968,977.8000816090234,996.8447265625,4363964
2016-04-01,990.7930293764689,997.0621576290632,962.7502632983611,970.5816040039062,3041400
2016-04-04,971.4119534806524,984.0687867507587,967.852219123435,977.4437255859375,1752352
2016-04-05,977.2659748530838,982.8428353108001,965.894598690795,974.0819702148438,1491794
2016-04-06,976.9498921980252,984.4648913687791,972.737576025294,981.6566162109375,1763150
2016-04-07,980.905118643073,982.7640727405991,971.8080147201736,977.2662963867188,2390942
2016-04-08,975.3676093392709,978.413141766903,959.9420875370683,961.9395141601562,1399500
2016-04-11,962.314976676298,995.5391682261578,954.4044548787123,991.4454345703125,2400648
2016-04-12,988.0246300248722,998.7038393966382,984.1089585475039,995.9944458007812,1303628
2016-04-13,1000.6810580812511,1006.6139497299541,993.7593511577642,999.1780395507812,1601468
2016-04-18,970.2257031269379,1009.9760835444907,965.083862873921,996.6270751953125,7121504
2016-04-20,1002.618957815347,1002.618957815347,965.0835738356107,969.1773071289062,6405024
2016-04-21,969.4348554158558,975.9214474017585,954.0884173392253,958.913818359375,2525724
2016-04-22,956.7776042129092,963.2641934124871,950.923798813981,956.00634765625,1964126
2016-04-25,950.1722826445425,971.8273346436322,950.1722826445425,969.5332641601562,2267654
2016-04-26,968.6432198076507,986.2441276400069,965.8745376767182,984.7807006835938,2554368
2016-04-27,980.9049079545837,994.5901521508432,979.2832120214754,993.205810546875,1848670
2016-04-28,989.3297932435598,1004.6366392612315,988.0641286013895,999.7914428710938,4992744
2016-04-29,995.5393940950611,1005.4275485854769,992.7707108377447,1002.8566284179688,2372178
2016-05-02,1000.2856449957354,1000.6811711503403,988.815386512194,999.3759155273438,1116692
2016-05-03,998.7037055463791,1000.681336646471,977.7408158854056,980.153564453125,2153118
2016-05-04,978.4922565430691,986.4621676475928,971.8079021906449,980.1139526367188,1364892
2016-05-05,980.1134631252589,984.8399796818546,974.3981315332261,977.0679321289062,1246566
2016-05-06,974.9719914162862,982.6056656720219,961.5241018795098,978.2943725585938,885598
2016-05-09,978.2945696470217,995.93507868945,971.5706235240191,993.7794799804688,1821276
2016-05-10,994.7481850332279,1002.2433856434429,987.2331888043486,997.872802734375,1158534
2016-05-11,988.815682896206,998.9411941146757,984.8604201646211,996.0538330078125,1598716
2016-05-12,996.9438957160204,1016.4630618757069,996.9438957160204,1014.9996337890625,1513082
2016-05-13,1014.5252260917974,1014.9207524957319,992.830564210369,998.0712890625,1621730
2016-05-16,1003.8453784914317,1014.4454987276248,997.7147231066338,1009.0465087890625,1111526
2016-05-17,1014.2080810181518,1024.9070821240844,1009.3826815554899,1016.5812377929688,1756698
2016-05-18,1014.8607437264918,1014.8607437264918,999.1187846810445,1009.0267333984375,1500740
2016-05-19,1010.5690755329736,1012.546705817774,999.1384111124191,1011.34033203125,1038792
2016-05-20,1005.5459527083434,1014.8408154054268,997.8331943001251,1000.4041137695312,1230918
2016-05-23,1006.2184496411018,1006.9699106437737,980.9838638632469,985.4335327148438,1533016
2016-05-24,982.4869514812422,984.1679376099843,972.8361520971234,976.0398559570312,1339158
2016-05-25,981.3004540148908,1001.8480197831343,981.3004540148908,999.277099609375,1548678
2016-05-26,1000.6812552834314,1014.4850806141085,990.832691831345,1008.0775756835938,1943248
2016-05-27,1009.837412036673,1020.3980360370489,1008.828897744402,1017.5501708984375,1104676
2016-05-30,1021.6441978539257,1044.9604485618306,1021.248671644923,1042.7652587890625,1349464
2016-05-31,1044.189078531112,1046.957761693884,1013.3380375745111,1016.264892578125,3722608
2016-06-01,1016.9767255364051,1046.1665720776848,1016.8976396263622,1041.6378173828125,1911942
2016-06-02,1028.3683742830733,1049.845471566485,1028.3683742830733,1048.2039794921875,1408756
2016-06-03,1048.697851313505,1051.3083621702226,1036.4761335842998,1040.0556640625,1554922
2016-06-06,1047.229018157521,1054.6221632962022,1040.315408866029,1044.031982421875,1322026
2016-06-07,1044.6318644284827,1054.622605289505,1044.232234794042,1051.4854736328125,1202194
2016-06-08,1045.9302739292093,1050.446106641489,1041.2346274610966,1044.2718505859375,938266
2016-06-09,1047.9886728243587,1047.9886728243587,1021.1335819667312,1029.9454345703125,1562138
2016-06-10,1025.4494132887392,1040.3356138518748,1020.3341355954938,1021.3532104492188,1396832
2016-06-13,1015.0590385134471,1020.3941319351061,1006.267188573567,1017.8564453125,1029978
2016-06-14,1022.6318666877557,1022.6318666877557,1006.3669659139307,1013.0008544921875,977570
2016-06-15,1011.0628751005695,1025.0099089363011,1007.8658383413582,1021.79296875,1270844
2016-06-16,1017.2770983359993,1024.9299657776103,1005.6478385150532,1022.3723754882812,1145070
2016-06-17,1022.6519199362116,1043.0330250228653,1022.6519199362116,1040.0758056640625,1878988
2016-06-20,1040.0760071724621,1066.2117432620796,1035.7599880988673,1062.7349853515625,1872838
2016-06-21,1064.4132655236542,1065.0127098256198,1055.5814137817054,1059.497802734375,1027690
2016-06-22,1059.0183544995402,1070.088074012656,1051.7251148883643,1066.07177734375,1761712
2016-06-23,1061.0166652146297,1062.814998545502,1049.1476847440383,1057.1602783203125,1397014
2016-06-24,1025.1097052764533,1036.3193337121704,1004.7285981445344,1028.62646484375,3766586
2016-06-27,1017.8567282144716,1017.8567282144716,992.1405209664651,997.4157104492188,4272566
2016-06-28,997.4154778507633,1000.2327882003474,982.4492727536309,984.667236328125,4499524
2016-06-29,989.0831020179912,1004.0692096243245,985.2067150303141,1000.2327270507812,2531264
2016-06-30,1007.8657323673407,1024.2105420538737,999.2137915737779,1020.2942504882812,5121812
2016-07-01,1023.850944093034,1024.8900199869004,996.816043085052,999.4136352539062,2197296
2016-07-04,1005.4679865191147,1009.4043767645226,991.8805812958834,996.7560424804688,1883484
2016-07-05,996.7559435377437,997.8949267123667,989.9422406110567,993.1992797851562,1559748
2016-07-07,994.1584093166525,995.8169304841244,969.1016561129957,971.0198974609375,3316800
2016-07-08,973.0977542655187,975.9151615271658,960.509426027587,969.7409057617188,2456356
2016-07-11,971.1000016050477,987.8045396643412,969.9011127141773,984.747314453125,1543632
2016-07-12,987.7642717391481,989.0830686772114,973.4376118899106,985.0667724609375,1465536
2016-07-13,990.2820220710715,998.7741499843121,979.5919316391098,996.3164672851562,2102300
2016-07-14,993.4791426703307,1010.6632147277821,987.4846989293593,1007.8258056640625,2699988
2016-07-15,1005.867359791992,1010.1833775116467,969.7208943257351,977.2339477539062,8336366
2016-07-18,977.8934542029018,986.6853038115916,971.3395689754723,972.4784545898438,2598850
2016-07-19,970.1005214048728,988.2037555914146,970.1005214048728,985.566162109375,2362896
2016-07-20,979.0923963592472,1000.0729477098025,978.3530426662854,997.0557250976562,2815252
2016-07-21,994.877689085622,1006.8665746741211,984.866950106065,1001.4915771484375,2527148
2016-07-22,998.6344424551504,1008.6651851851851,995.877037037037,1005.1085205078125,1517216
2016-07-25,1006.4705350657766,1026.9845646244146,1003.9864314935877,1025.28173828125,1688796
2016-07-26,1025.2817741503213,1028.9078122892845,1014.8845360314477,1022.7376098632812,2311290
2016-07-27,1023.6993571956625,1033.8762118735997,1019.6927060911785,1032.734375,1750510
2016-07-28,1033.9157636081193,1053.568396310753,1032.5334892813298,1049.4415283203125,4632080
2016-07-29,1047.3384917006822,1055.7123525260054,1041.3285156580234,1049.4620361328125,2488084
2016-08-01,1054.550365492015,1091.8122135128197,1054.550365492015,1085.10107421875,3961704
2016-08-02,1082.9575387970738,1088.08607106842,1077.7088852640363,1081.47509765625,2578162
2016-08-03,1076.1862304065044,1081.3948756020682,1061.381677664373,1064.2864990234375,2294702
2016-08-04,1069.7755687592794,1074.9641610365445,1056.2531247721538,1062.5635986328125,1415416
2016-08-05,1071.3379011177885,1075.5048750183903,1054.550079930224,1061.4014892578125,1868484
2016-08-08,1057.755450615682,1068.974069031303,1053.3681890490054,1061.561767578125,2058244
2016-08-09,1064.9677363487554,1065.6889530251306,1033.2551357726647,1061.842529296875,2261914
2016-08-10,1062.1630211349463,1074.5836373760567,1060.961026014839,1071.939208984375,2062078
2016-08-11,1067.9925301653093,1087.8053933647154,1067.9925301653093,1085.761962890625,2233138
2016-08-12,1083.7985839584953,1099.7450669756493,1082.616642035085,1097.2008056640625,2327358
2016-08-16,1097.0210282749442,1097.822358463604,1071.3184016011394,1078.47021484375,3183754
2016-08-17,1081.3947962341388,1081.3947962341388,1048.9409323975456,1051.5653076171875,1848566
2016-08-18,1055.7523022667312,1064.7873178137977,1053.7890828434688,1057.1746826171875,1292064
2016-08-19,1057.7558680022087,1060.340138343261,1041.7292639415691,1043.131591796875,2416244
2016-08-22,1036.9207718778962,1039.5050409457924,1016.2064158983018,1021.1746215820312,2265274
2016-08-23,1019.6724332988492,1043.7123347396455,1017.7692744347862,1042.1497802734375,1503374
2016-08-24,1037.6421990003603,1042.5302922596873,1029.3284005513256,1030.5303955078125,1116878
2016-08-25,1033.7158105754745,1037.6022419274811,1012.0798982611041,1022.1165771484375,1939690
2016-08-26,1025.6221480383795,1030.7306260984044,1008.5537822162715,1011.658935546875,1250314
2016-08-29,1015.6658339953037,1015.6658339953037,988.3404975509295,1001.8829956054688,1488728
2016-08-30,1005.6691362057446,1021.6156225507355,1002.1633175038322,1019.351806640625,1444026
2016-08-31,1021.695903817559,1021.695903817559,1002.0032552302483,1006.190185546875,3231668
2016-09-01,1011.6388279164538,1015.6655299681074,996.4737192276646,1004.6672973632812,1345736
2016-09-02,1006.4705256119995,1009.4354076189229,1000.0799381361066,1007.5924072265625,1742330
2016-09-06,1009.636002742803,1009.7361690233965,993.6495034875336,995.272216796875,2239066
2016-09-07,1001.5426265547663,1001.5426265547663,970.8116300136459,977.8433227539062,3854040
2016-09-08,945.5695664598466,945.5695664598466,915.4195199021756,930.3843994140625,7021516
2016-09-09,933.4293645739074,948.2339188797316,929.5629858978053,942.5444946289062,2742438
2016-09-12,936.3541594460081,947.1520622601511,931.145514143142,945.1888427734375,2024454
2016-09-14,946.3707361629789,952.6211493311245,925.5361560272995,932.9284057617188,2069858
2016-09-15,937.5358533960207,938.3973416591117,928.2404468811177,932.3272094726562,2818964
2016-09-16,936.2337427429413,951.979894398349,929.5426578300377,946.2503662109375,4358004
2016-09-19,947.5729036602011,972.4141383438935,941.5629275270497,966.1837768554688,2802546
2016-09-20,966.0030041268034,968.3668877386314,955.7459443002264,964.2000122070312,1184552
2016-09-21,964.6808902071289,971.2117478442202,961.8762358197899,966.9646606445312,1678020
2016-09-22,971.7127933614488,972.814622113843,950.0168226917467,952.7813720703125,2857574
2016-09-23,954.3839109390185,963.138479224313,950.0366571039043,960.8346557617188,1800726
2016-09-26,962.0366821289062,969.2486514654713,959.5925867262991,962.0366821289062,1753476
2016-09-27,962.03678340746,980.8279330296466,962.03678340746,976.06005859375,2038792
2016-09-28,974.0167495599162,976.621072419702,967.6862221216363,970.8314819335938,1731328
2016-09-29,975.6192683462743,984.2335657875249,969.4490665157965,976.7411499023438,3603958
2016-09-30,976.4407409358292,981.549220120702,970.8514832737495,973.9365844726562,2175364
2016-10-03,981.629303374672,984.6943516638881,962.0368229368006,966.2838134765625,1818880
2016-10-04,969.6090927934383,971.6324701747609,960.7944646771343,963.6591796875,1780718
2016-10-05,964.801311168153,967.766193013571,952.020136912594,956.126953125,1176354
2016-10-06,959.592473595508,962.5573548457811,950.6776792165934,957.0883178710938,2267572
2016-10-07,956.7881164001601,956.7881164001601,944.8482786334539,948.6947021484375,1816512
2016-10-10,949.5359063351376,956.3472110622838,943.5860900146432,953.702880859375,1202142
2016-10-13,946.8914528523857,949.5357827110179,929.9032010535285,933.1085205078125,5173334
2016-10-14,927.5393197244518,956.3871948951476,917.92336133422,948.0533447265625,7741214
2016-10-17,949.135539926957,951.9001878770636,939.3192447322114,946.55126953125,2728346
2016-10-18,951.9800132618345,967.886393751353,943.4859350641276,961.6760864257812,2128632
2016-10-19,961.9968193220819,965.6028049005487,949.6964214125913,959.6329345703125,1985058
2016-10-20,960.3540582339442,965.3424165639992,955.9868481389634,962.056884765625,1265854
2016-10-21,961.5959990952728,974.3771734558061,960.8948353459325,973.0750122070312,1259660
2016-10-24,975.505435509402,978.1970749613579,965.2008396524843,975.3045654296875,1253190
2016-10-25,966.1851899231793,970.0419351112397,956.5434250341331,963.5537719726562,1772466
2016-10-26,963.6143560207693,965.2815390907729,953.1288945969654,962.6702270507812,1437130
2016-10-27,956.0209356191513,976.0276130370745,950.316245581066,971.4478149414062,2941602
2016-10-28,968.1938585710542,970.2427727739147,959.3555743849283,963.6541748046875,1752102
2016-11-01,964.0561330002356,964.0561330002356,937.7220379562453,944.0896606445312,2934776
2016-11-02,940.473611159824,941.6788315073163,921.9935658316087,925.6293334960938,2325076
2016-11-03,921.5920157398577,938.0633638851648,917.7754838525306,931.8162841796875,1463310
2016-11-04,932.037499110878,938.5255657450821,921.5922512760146,936.27587890625,1183752
2016-11-07,939.228489117104,942.0406708607401,907.9530695740489,914.7826538085938,2048052
2016-11-08,916.1483883156986,926.8146098791626,907.9328211213297,917.253173828125,1933634
2016-11-09,875.7936271744362,913.9589457898359,860.8690181272761,871.7160034179688,4500226
2016-11-10,885.7569514850795,890.859033208993,860.0455746528921,865.9310302734375,2172426
2016-11-11,862.5562659662813,862.5562659662813,838.1103369826016,844.1163330078125,2398424
2016-11-15,850.4438320358322,866.7746308188614,824.3307177496412,852.2115478515625,6290324
2016-11-16,861.7729515324859,887.4038981036113,858.9205568493284,879.650390625,4019958
2016-11-17,877.8020099392608,887.2831143591321,855.7665289470315,858.5988159179688,2504688
2016-11-18,860.52759101421,863.7415129227597,845.3417903800896,853.7382202148438,2140534
2016-11-21,854.1798816252375,859.7239152745344,845.6630101181752,856.8715209960938,1793366
2016-11-22,856.5103552217506,874.7694329999091,852.513058686731,857.715576171875,1318860
2016-11-23,863.3396508993582,868.943906820619,854.5816953177563,866.29248046875,1275808
2016-11-24,865.7097102558204,886.8814921862887,858.5186016318137,879.1881103515625,3026234
2016-11-25,888.64934080389,926.9150956463722,880.6948650629324,924.1431274414062,4276148
2016-11-28,921.5920060152756,931.8162743472194,904.6787045974629,917.01220703125,1924296
2016-11-29,913.9589443555805,920.7885276760397,904.9398965868414,907.8726196289062,1442296
2016-11-30,909.9414280528787,921.893197361741,900.8219463813261,914.3806762695312,3445832
2016-12-01,914.7624470518086,919.9850697183319,905.5425289605904,909.31884765625,1123052
2016-12-02,907.1293133779409,912.271607224115,885.9174125631583,892.6064453125,1998032
2016-12-05,895.4788684059695,899.0343082599404,871.7761975957621,878.2040405273438,2249526
2016-12-06,879.811066365392,885.4153227198543,871.7360488526094,876.73779296875,1593444
2016-12-07,876.6775364665449,877.5814520110349,861.9939110053834,865.5694580078125,2065706
2016-12-08,867.9596307931071,883.4266272224219,867.7587607096094,882.1209716796875,3239546
2016-12-09,885.8373781548942,891.8232695049855,873.1022300216824,881.92041015625,1588718
2016-12-12,881.7394619380808,890.8991586478594,868.9641032176877,887.1227416992188,1311758
2016-12-13,891.0595718978757,891.0595718978757,876.9986679229318,883.9487915039062,2147534
2016-12-14,889.4529343653682,893.7515355249844,879.4094278797611,886.8818359375,1870366
2016-12-15,884.6320577824321,912.7940894084076,884.6320577824321,907.6517944335938,4295410
2016-12-16,914.762555437406,919.9851787227316,904.7190491194723,917.0323486328125,1987230
2016-12-19,915.9675815282953,923.0783628739407,908.4550600153132,919.5430297851562,1334210
2016-12-20,920.7887413947294,942.0809766887611,918.8001465825496,939.7910766601562,2922760
2016-12-21,941.5987830475967,941.5987830475967,926.2523256764148,929.4662475585938,2034902
2016-12-22,926.4128254921877,934.0458886684025,918.4583505660183,927.0957641601562,1868300
2016-12-23,924.0025323146741,931.1334214227547,915.4856590243437,919.2218627929688,1118954
2016-12-26,910.3431497429129,924.6451378415652,910.3431497429129,921.2303466796875,897408
2016-12-27,916.5702621359458,936.0546617474265,916.5702621359458,933.4031372070312,1294692
2016-12-28,934.7287837073618,944.0491355344354,925.2677835959056,929.3856201171875,1350418
2016-12-29,925.2080903597516,948.0670786311878,925.2080903597516,944.7728271484375,1963516
2016-12-30,946.0581381624343,955.5794611830494,942.3420406037683,950.3367309570312,1405748
2017-01-02,950.7581834287748,954.1729743633091,945.0533954026876,948.6490478515625,823132
2017-01-03,948.609022287284,952.8071876505883,941.3978055032684,951.4212036132812,1475324
2017-01-04,952.0037223634085,959.6971059615784,947.4239233637662,955.9407958984375,1420066
2017-01-05,957.7484313985105,960.1387654596518,932.1977209257481,937.8220825195312,2216404
2017-01-06,932.4389800370567,935.7935498525687,906.7678211547328,916.530029296875,3009896
2017-01-09,913.959148146637,928.542340104718,906.7278230184438,925.4890747070312,1854578
2017-01-10,925.609338321836,935.9742541744714,920.5875862693088,930.1691284179688,1533914
2017-01-11,930.0286127908938,935.8940592573533,916.0480334661955,933.804931640625,1931296
2017-01-12,933.8050275119214,948.1070200983955,925.6095653841963,941.81982421875,2570374
2017-01-13,943.2860803160012,947.2833760742011,899.0344322627532,903.6343383789062,10235580
2017-01-16,903.9154434953721,913.5169949738373,895.0771591589728,907.350341796875,3364808
2017-01-17,905.8837905853446,919.1010998668346,905.0401951510502,915.46533203125,3009956
2017-01-18,915.1640180071122,923.1988206235047,910.1221597491086,922.0338134765625,3136574
2017-01-19,921.9940462616113,922.054268077933,917.1530557271046,920.3870849609375,2251676
2017-01-20,918.7798975706547,924.002520512683,909.9416125918378,918.1170654296875,2037246
2017-01-23,912.536950785453,932.0769252283203,910.4419628884922,929.3372802734375,2318546
2017-01-24,928.2497330970785,935.9045703057784,922.6093267327734,934.0311889648438,2282638
2017-01-25,935.7433292902357,950.8112306347614,933.9101777962875,947.9910278320312,4111648
2017-01-27,944.7882500658303,958.365494573209,944.7882500658303,949.925048828125,2871658
2017-01-30,943.1564835878763,947.568067288314,933.9504956531867,939.89306640625,2577956
2017-01-31,934.6959667527294,939.5507650453251,886.3697876266352,898.3556518554688,4666804
2017-02-01,894.4069659644597,902.4445224053497,868.4409816022101,873.4165649414062,4864152
2017-02-02,874.2829992067259,894.004254089617,867.4137715434634,889.4314575195312,6009482
2017-02-03,890.2574526213567,903.6735802843777,882.7235017401122,899.4634399414062,2153372
2017-02-06,909.7166910253438,909.9181340481572,892.3724270889393,902.7669067382812,2408910
2017-02-07,904.0765273037005,907.5413875637429,896.8245765499274,904.3182983398438,1814638
2017-02-08,904.438639113014,919.6275182728971,904.096245068489,914.933837890625,2212584
2017-02-09,916.5662291615766,937.919200654132,914.632355467429,933.6083374023438,4033202
2017-02-10,931.0697811332373,976.7771897040612,931.0697811332373,966.1007080078125,5782160
2017-02-13,965.315114178025,978.6103557338994,959.8157581515326,972.6677856445312,3819812
2017-02-14,974.8430911776802,974.8430911776802,966.1206484375,969.4444580078125,2033328
2017-02-15,965.7179281324106,978.2073965396299,956.8947623761702,972.4461059570312,1924972
2017-02-16,991.0996606417884,998.3516093781917,981.2692805878927,986.164306640625,4175680
2017-02-17,995.9342246864417,997.3846536783806,967.7322037608548,970.1091918945312,2723324
2017-02-20,976.998834936366,1029.3740302113054,970.1900988949714,1008.1016235351562,3973948
2017-02-21,1012.8554309960493,1017.649735179498,989.1455499197642,993.2550659179688,5501112
2017-02-22,993.4767785946808,995.1286509223382,966.9870179476591,971.559814453125,4505496
2017-02-23,972.9696431137894,1004.4954710945984,972.9696431137894,999.8824462890625,4853352
2017-02-27,998.7946472107822,1008.0206965761187,995.1485095114318,1003.1256713867188,2139892
2017-02-28,1002.9852689036366,1003.1867120184997,987.0712628294475,993.6181640625,2354828
2017-03-01,999.117391575189,1007.98088747431,995.1288577649378,998.9764404296875,1130374
2017-03-02,1001.8566863383775,1011.2439506520584,995.1486731813796,1007.7992553710938,1544942
2017-03-03,1003.9923619974844,1007.0945659157493,997.3044120555553,1004.8182983398438,1013970
2017-03-06,999.1571426314458,1000.7686864098837,988.9037150133005,996.135498046875,1400694
2017-03-07,1000.3259916463113,1009.2298149871557,997.163394356391,1007.1348266601562,1511672
2017-03-08,1008.0209528287301,1015.2729021296561,1004.0726496482765,1012.13037109375,1791510
2017-03-09,1012.916039727181,1016.884507120312,1008.8469491708324,1015.1722412109375,858468
2017-03-10,1015.1114888938201,1027.1779035421844,1012.8351242375569,1024.23681640625,1171420
2017-03-14,1030.099051135169,1042.3265834847816,1027.782456395294,1034.409912109375,3402294
2017-03-15,1036.2232708627948,1036.283664446368,1004.7377547569438,1006.5305786132812,3022496
2017-03-16,1009.6325346909421,1018.0931425235477,1009.6325346909421,1015.635498046875,1571818
2017-03-17,1025.7479203462153,1025.7479203462153,1011.1433005062505,1017.5894775390625,2593152
2017-03-20,1017.669817600231,1017.669817600231,993.5168228641634,999.1572265625,3487540
2017-03-21,999.963144749661,1003.9920051233502,993.1140821143892,1001.856689453125,3373700
2017-03-22,999.2180628568095,1005.6038477890843,995.108643727924,998.734619140625,1888716
2017-03-23,999.9637819304885,1001.1926047996443,985.9433192239867,991.2413330078125,2620638
2017-03-24,995.0481813149574,995.0481813149574,976.3139763119656,977.8851928710938,5099814
2017-03-27,977.784396625971,983.0420798811145,969.3439525385088,971.7814331054688,2181270
2017-03-28,970.9554841091823,984.4118402707488,970.9554841091823,978.9930419921875,1153158
2017-03-29,981.4308300880788,987.3935658051275,977.2408527522572,984.8956909179688,1717764
2017-03-30,985.0161015640049,993.1141508196964,981.0275688624587,983.4448852539062,2986086
2017-03-31,982.3972700690093,983.3844195451154,972.9697761783289,979.73828125,1867044
2017-04-03,981.02740009615,981.02740009615,970.2300357329856,971.64013671875,1196888
2017-04-05,974.9439616439121,974.9439616439121,964.9121378432458,967.43017578125,2905568
2017-04-06,966.9267964687829,970.9556581207362,963.9253142102538,966.9469604492188,1720704
2017-04-07,964.8718739409829,980.3225950985533,963.7639371747151,978.6304931640625,2277012
2017-04-10,979.8192537929611,986.66831930056,968.9413262220689,975.89111328125,2543264
2017-04-11,973.8966813370516,984.2911633725879,969.3440483041799,974.7024536132812,1557784
2017-04-12,975.9916334591552,978.2075071367715,960.0776315926386,964.2072143554688,1050538
2017-04-13,966.9267520431112,970.5527273632728,935.1189104345348,938.1807861328125,2500472
2017-04-17,938.885342023803,939.8925568596338,924.6836128385872,932.6205444335938,2270882
2017-04-18,938.7249455288735,940.417048076102,927.4642947171341,930.1837768554688,1730620
2017-04-19,911.9326821872214,946.2585580407175,907.6218206137996,926.2955322265625,5626812
2017-04-20,928.7734625946063,939.5305031428053,922.9920069894927,936.9117431640625,1268842
2017-04-21,938.3619703806393,941.0007954093942,927.0408326454509,930.9891357421875,1161154
2017-04-24,926.6383302338176,942.612729930229,919.5878211994298,937.95947265625,2000020
2017-04-25,937.9189224985804,944.5463797487004,927.7258836085304,931.2713012695312,3148710
2017-04-26,942.7536411067975,944.3450218117032,927.8670167452576,930.80810546875,2187438
2017-04-27,929.0754380558398,937.8382100468394,917.6334146924572,927.70556640625,5773186
2017-04-28,924.2204637248999,926.134172182918,913.7454279546962,915.8202514648438,2540510
2017-05-02,924.2210868890754,927.4441769915657,918.5806792097175,922.5692138671875,2382696
2017-05-03,924.623848301905,944.7681587224258,913.9473637790289,941.6659545898438,3514406
2017-05-04,946.7621837896027,946.7823477670474,930.1834598953898,938.7649536132812,2708208
2017-05-05,929.8612011361034,939.7319114601219,927.6453273898952,934.8972778320312,1682474
2017-05-08,935.0985917709563,945.7347449396472,933.7690480346552,943.740478515625,1071782
2017-05-09,944.3448934703553,951.2141214315624,939.7520310847916,947.8097534179688,1790270
2017-05-10,948.7967712036627,949.260050877102,933.0842132092072,939.711669921875,1206388
2017-05-11,945.6945032286723,950.8111367074263,935.8036304182942,946.5606689453125,2071302
2017-05-12,944.083044069069,954.7997556107179,934.7159419834514,951.0730590820312,2314446
2017-05-15,956.8947052626169,958.0428714988806,943.3980224668346,952.8658447265625,1817604
2017-05-16,958.8690825683094,981.0278218713586,956.2301584882247,978.6708984375,3601026
2017-05-17,980.4233396628497,991.4019860593208,976.1930355467782,989.2264404296875,2876198
2017-05-18,987.0710392245103,1036.2231481165063,983.9486716514532,1021.7998046875,5138594
2017-05-19,1021.7998710553779,1023.5524652158583,1001.5750052632675,1010.0960083007812,1786044
2017-05-22,1011.2441671384523,1028.8704349919612,1011.2441671384523,1019.8458251953125,1663940
2017-05-23,1020.5914438965326,1033.0607538459578,1012.8560474545021,1015.958251953125,2748596
2017-05-24,1021.2356811572045,1035.417251860712,1019.1607587760637,1031.0458984375,2534548
2017-05-25,1038.237498932594,1062.6322724116624,1034.6115239654255,1057.4149169921875,4094094
2017-05-26,1057.5758897864043,1058.3212683292616,1033.2616771283072,1038.740966796875,1362550
2017-05-29,1039.0430172282418,1046.093522385859,1032.9997270931415,1036.5653076171875,1749290
2017-05-30,1031.3885036958434,1037.8145178650552,1017.2874889968768,1027.8028564453125,927634
2017-05-31,1020.5105773974453,1036.4245796900625,1018.4961467274939,1025.9898681640625,2502730
2017-06-01,1019.3019066028297,1033.0000349919585,1019.3019066028297,1028.81005859375,1080064
2017-06-02,1029.8775016467048,1044.2202848770607,1028.3666789059027,1033.3624267578125,1355648
2017-06-05,1033.4030617922986,1055.5214739459552,1031.4490244558617,1049.095458984375,1500188
2017-06-06,1059.9934312497828,1091.3983860990525,1059.5905451109572,1086.1810302734375,5946720
2017-06-07,1086.5837643893838,1087.792422636758,1038.0561554294827,1053.6478271484375,4927776
2017-06-08,1046.698060429837,1049.4980990794456,1013.4599580489818,1015.9176025390625,3330714
2017-06-09,1015.2731648259874,1026.3122067182342,1001.5750348243669,1010.03564453125,3148034
2017-06-12,1006.006530752031,1012.4123800095929,995.2897217969532,1002.0582275390625,1626506
2017-06-13,1004.2177867677586,1010.7768149361578,996.8847562761482,998.7384033203125,1175414
2017-06-14,1000.1434401561424,1008.6986386259099,1000.1434401561424,1006.3357543945312,1489142
2017-06-15,1005.8470544056337,1006.1322078379781,979.7740647410081,982.2998657226562,2997198
2017-06-16,983.8276341096838,991.9958332447366,972.2373946770283,977.6149291992188,2450426
2017-06-19,984.6219077902495,996.6196357330863,979.8350701536075,990.6513061523438,1644742
2017-06-20,990.3659928085858,997.6990194933059,969.7113208720655,996.0694580078125,1670958
2017-06-21,994.0326880376372,994.9085377121356,976.5963570602752,980.3036499023438,1657818
2017-06-22,981.4036344416211,990.3662247104943,971.6262632392139,975.6390991210938,5775882
2017-06-23,977.4926337122873,983.4201848202763,958.9971465411309,962.134033203125,1424756
2017-06-27,957.6122939424457,971.5042524175425,949.8718732715506,954.4550170898438,1974330
2017-06-28,957.327015334793,960.6269185797968,951.256935913412,957.38818359375,1789726
2017-06-29,961.0343130715187,966.3507796722338,946.4090320252024,950.5440063476562,2471826
2017-06-30,946.9384978379271,968.3672792668516,946.4089697231552,962.3990478515625,1753848
2017-07-03,960.3823717441109,970.8319982549784,954.5567668785108,966.982177734375,1475956
2017-07-04,966.8597039817774,969.7725057014716,957.3878767138026,964.2320556640625,1215134
2017-07-05,961.7672613600367,963.4782811215049,955.3304732473273,959.811767578125,815856
2017-07-06,961.03392377359,962.2153161127059,953.3342852367729,956.3693237304688,1026788
2017-07-07,957.3676393345789,959.9952880695753,947.3865724564099,950.0142211914062,1232090
2017-07-10,980.1813480248518,996.0287955382898,969.1614172997937,991.9752807617188,783608
2017-07-11,988.3288861505765,1024.505165354376,988.3288861505765,1008.616943359375,3537504
2017-07-12,1011.3466479439975,1011.6725801496433,989.9994311915526,993.8084716796875,2646450
2017-07-13,996.0699517706483,1007.0694972503242,988.5740050057716,996.6402587890625,3131960
2017-07-14,970.8112879081422,987.9216840861287,967.5521648266209,976.6980590820312,4508432
2017-07-17,976.7999291690331,986.7403144728751,970.4853780531939,975.88330078125,2211822
2017-07-18,976.1683081658622,995.2545850810808,976.1683081658622,981.1385498046875,1908002
2017-07-19,984.0515505360908,1002.1804240607672,983.8886341537972,997.943603515625,3915576
2017-07-20,997.8009729386584,1000.9174698260646,990.1624026650645,995.9473266601562,1182504
2017-07-21,991.955189024107,1018.4763530415412,991.8126620110299,1014.8912963867188,2148416
2017-07-24,1013.9920228614494,1037.6872433795654,1013.9920228614494,1033.8878173828125,2271402
2017-07-25,1031.8656465492197,1054.0288500829404,1028.8628500451055,1050.5562744140625,2678832
2017-07-26,1045.858519170579,1051.9865964313442,1040.547518877916,1044.224365234375,1459826
2017-07-27,1038.586387276083,1055.990164466,1007.6600477612342,1013.8698120117188,4255304
2017-07-28,1013.583871069027,1018.5067792261337,997.6508718865634,1014.9320678710938,1382752
2017-07-31,1009.4986559185877,1029.1085043540763,1006.2303478460062,1017.9962768554688,2019662
2017-08-01,1021.3459710866599,1029.8231426466791,1017.6691255907479,1022.02001953125,1747460
2017-08-02,1021.3457119213713,1024.6140181995197,1005.8212571001665,1010.6420288085938,1251024
2017-08-03,1013.1752207827818,1022.1630654832743,1007.6395055759057,1017.035888671875,1882548
2017-08-04,1017.5874163773501,1032.9076056202016,1016.4434889657208,1030.66064453125,1387890
2017-08-07,1028.0869395222276,1029.5168240000055,1013.6655132696179,1022.7554931640625,1885520
2017-08-08,1026.2481334052118,1033.0299085780107,1019.834102519587,1022.5917358398438,1073958
2017-08-09,1021.346195488219,1030.681339611317,1018.6090076324784,1026.2486572265625,992946
2017-08-10,1025.0231484240294,1029.7622351604325,1015.7697908266251,1026.0240478515625,1526172
2017-08-11,1021.3050516809816,1035.6447886509359,1014.4007929863013,1019.7322387695312,1394736
2017-08-14,1022.5717191291217,1025.39059447929,1006.2301814682488,1008.8447875976562,786504
2017-08-16,1014.8093068183443,1039.2399211899115,1007.128765546436,1018.2206420898438,1373340
2017-08-17,1021.6320438993763,1023.3887791170844,1005.8625201614706,1015.4835205078125,1752374
2017-08-18,1010.7241580047638,1041.732187466781,1009.661918104059,1026.9840087890625,2837356
2017-08-21,1023.5929736922262,1041.3643943091138,1019.0173635045483,1033.1119384765625,2304834
2017-08-22,1030.7421283943786,1037.4830103279924,1018.0774411251651,1020.3448486328125,1131326
2017-08-23,1023.3886806697051,1028.2094536844966,1010.3766928774372,1017.035888671875,1562272
2017-08-24,1020.4063636551616,1028.6792664329041,1015.6877250856181,1019.95703125,1623908
2017-08-28,1023.2257573324104,1023.5525084005154,1005.4134355227008,1016.1580200195312,2036796
2017-08-29,1013.9921743785598,1019.7117112203405,1006.6180372879596,1009.43701171875,1312602
2017-08-30,1013.5836045160733,1017.2604495143179,1005.0451932498048,1015.033935546875,970782
2017-08-31,1015.2179684940415,1023.1435739050696,1007.721248629154,1019.8549194335938,1784664
2017-09-01,1013.1750526431184,1020.549189405879,995.4240822536403,1003.553955078125,1702330
2017-09-04,1002.1856780941719,1005.4130918449655,996.0167078090312,1003.4520874023438,1062544
2017-09-05,1005.0044428511371,1017.2605945932241,995.6285067166042,1014.952392578125,1165994
2017-09-06,1008.3340085048106,1011.0712955678057,1000.9190764673093,1002.2263793945312,1228764
2017-09-07,1004.1873176090675,1008.4360767782971,1001.3479958739986,1005.0452880859375,870636
2017-09-08,1002.4509887232946,1010.7238904132168,1001.9607626453869,1009.3348999023438,1021134
2017-09-11,1009.5802016817313,1014.3805284882023,1000.9192064556693,1002.7371826171875,732764
2017-09-12,1010.6830052362125,1020.1202812142544,1003.7787468736175,1016.6272583007812,1396460
2017-09-13,1021.3461341735778,1034.2763363358818,1011.2143605744092,1016.9338989257812,1278980
2017-09-14,1013.992159462868,1020.3653974605685,1009.8658823342432,1016.014404296875,1081510
2017-09-15,1020.9375331534108,1028.2912248688015,1015.2179951525513,1023.8177490234375,2944072
2017-09-18,1023.3680999937034,1029.087636782536,1016.954067971531,1020.957763671875,726600
2017-09-19,1023.3889214393434,1023.3889214393434,1017.873651802844,1020.6312866210938,782754
2017-09-20,1027.0654662160118,1027.0654662160118,1010.8465128114395,1018.7108764648438,1334642
2017-09-21,1017.6898307147618,1038.0963084474072,1013.1754604287956,1031.518798828125,2438740
2017-09-22,1029.4762371465022,1032.33600695455,1018.0780516650534,1022.817138671875,2435396
2017-09-25,1019.9364462277572,1035.2361876159077,1018.383980536525,1025.7376708984375,1599558
2017-09-26,1025.4313122437025,1032.131301638531,1007.4556239015817,1010.9894409179688,1449230
2017-09-27,1017.260835391486,1026.3303698793381,1010.6220849597142,1019.3035278320312,2010356
2017-09-28,1019.1809249074687,1027.0657375103501,1001.7363517801824,1011.72509765625,4332866
2017-09-29,1012.766488550261,1014.8091801366875,989.2755353063562,995.1788940429688,1985014
2017-10-03,996.8338197466489,1002.675939540052,991.5432667580453,1000.2859497070312,1923006
2017-10-04,1000.7556655817631,1002.5531945754659,990.7055814366361,997.7733154296875,1300778
2017-10-05,997.2423815587417,998.2432808382761,990.4606032216559,992.5850830078125,1684686
2017-10-06,992.748290721189,1002.9617505022712,991.9516608064282,999.5504150390625,1389188
2017-10-09,997.262730912527,1008.2523745232702,997.262730912527,1002.5941772460938,1773616
2017-10-10,1002.9617099542861,1009.0693387082889,1001.4296910490606,1004.697998046875,1222010
2017-10-11,1005.0043895220142,1027.249283805345,1003.6766398204098,1021.4889526367188,1527746
2017-10-12,1026.6571853867817,1043.8158012985384,1024.205954542245,1041.0377197265625,5006356
2017-10-13,1041.0375178022198,1065.856225289205,1030.7423702002266,1045.286376953125,4066320
2017-10-16,1043.8358759216235,1058.114270550975,1043.8358759216235,1055.826416015625,1218590
2017-10-17,1056.0714619088221,1068.3071635406131,1053.0278716476107,1059.9730224609375,1443016
2017-10-18,1060.1571465260884,1067.7763477791675,1054.029070534608,1056.7254638671875,1514144
2017-10-19,1058.9312704289086,1060.4837359124188,1050.3519661546002,1055.6220703125,86822
2017-10-23,1055.662966113895,1074.0471895949806,1040.7308713160985,1057.2562255859375,1886088
2017-10-24,1070.3704794356208,1070.7381240551342,1049.555470403918,1053.375244140625,1339020
2017-10-25,1056.2842150476617,1070.8268133157214,1046.6574246448617,1048.6646728515625,1105106
2017-10-26,1038.5054359899964,1052.453961058122,1031.4593645750508,1040.0416259765625,3007552
2017-10-27,1039.6929521931986,1062.2851368980607,1036.538663396654,1058.6597900390625,1409270
2017-10-30,1059.3562355385031,1073.2843530977873,1057.5947183153035,1071.7276611328125,1137252
2017-10-31,1065.6238057378043,1081.4772591939786,1065.6238057378043,1074.9228515625,1592634
2017-11-01,1074.9232258733807,1076.0907701442306,1056.4275404026444,1066.2591552734375,741882
2017-11-02,1068.5732977601888,1095.4054047194727,1067.8564094063147,1075.8035888671875,1468422
2017-11-03,1078.3640611772369,1080.1255785338622,1066.2384649792803,1073.325439453125,666886
2017-11-06,1073.2841284645588,1094.5040407778854,1069.9045124111876,1091.9437255859375,1377000
2017-11-07,1093.7670581102514,1133.9128152993167,1092.1489583076518,1110.173583984375,2696892
2017-11-08,1115.4783588304815,1130.2257774562243,1113.5325188729182,1120.3941650390625,1402252
2017-11-09,1126.5386931320681,1126.5386931320681,1113.9624448148381,1120.9674072265625,1152432
2017-11-10,1115.150771423249,1116.707463605359,1103.332412382596,1109.6409912109375,1356566
2017-11-13,1106.8964859607845,1137.7636003986825,1106.8964859607845,1130.20556640625,1496996
2017-11-14,1129.2220490546224,1129.2220490546224,1109.128673036483,1112.0372314453125,1657252
2017-11-15,1108.5145186193658,1128.587397929177,1106.6096833428658,1108.227783203125,6670834
2017-11-16,1110.153214436123,1131.8646979656858,1100.7107473514543,1125.1668701171875,1653482
2017-11-17,1125.7607601616037,1125.7607601616037,1107.5313099789423,1109.0469970703125,1325464
2017-11-20,1112.2012102771967,1117.0760116727395,1104.1311146839143,1107.4697265625,1014498
2017-11-21,1106.4660589311518,1106.4660589311518,1092.1282906739914,1094.975341796875,1527740
2017-11-22,1094.9957304419277,1110.0298830197917,1094.7499001495812,1098.1295166015625,1822624
2017-11-23,1098.273441825102,1103.1892498452069,1093.357633804997,1098.3758544921875,793470
2017-11-24,1098.682848886397,1107.2445059514525,1095.036998751482,1101.1612548828125,2287512
2017-11-27,1101.1407184752413,1104.3769179330839,1090.5717138981215,1100.260009765625,1856786
2017-11-28,1100.3214033580723,1107.0396325322386,1093.7669944028491,1100.03466796875,911716
2017-11-29,1096.8396219266697,1103.1892070395972,1085.574228984379,1088.912841796875,1447532
2017-11-30,1087.0690541875194,1092.5174260648603,1074.513305849228,1080.2484130859375,4299962
2017-12-01,1079.428984360314,1092.9474498190957,1073.8987030362666,1077.3602294921875,1031144
2017-12-04,1074.1038264695228,1089.0560727190032,1066.2999628765706,1078.34375,1259104
2017-12-05,1077.7906109865548,1086.2703574787354,1076.623066899021,1079.654541015625,1167914
2017-12-06,1079.839313324489,1083.5261698570841,1070.3559390261569,1078.7332763671875,1407518
2017-12-07,1078.323097319837,1083.914786983019,1071.2361232325047,1072.1578369140625,1326300
2017-12-08,1072.465044017574,1083.5256078787177,1063.8623832366843,1065.705810546875,1385548
2017-12-11,1068.5116687786153,1094.8521096843492,1068.5116687786153,1090.1207275390625,1008002
2017-12-12,1090.0799477744756,1090.4895982621774,1068.122641628729,1070.0684814453125,1882246
2017-12-13,1069.761525809277,1086.1680521726494,1065.5011996181286,1076.7255859375,2961458
2017-12-14,1078.2002500966664,1078.2002500966664,1036.8665495108912,1047.80419921875,5504150
2017-12-15,1050.2420051285258,1058.7217548017827,1039.2224410621147,1042.806884765625,2718138
2017-12-18,1039.2835921132503,1060.5649211885416,1021.8120336934269,1057.1033935546875,2180664
2017-12-19,1055.2595136204643,1064.1899130471993,1050.630443732943,1054.9727783203125,1801952
2017-12-20,1057.7178896298958,1062.121633748223,1044.875302824063,1060.56494140625,1577570
2017-12-21,1059.7660161266188,1068.368678027917,1056.9189646903246,1063.3299560546875,1293648
2017-12-22,1066.7299933364623,1091.2680203825464,1061.0767959499535,1084.2425537109375,3665664
2017-12-26,1100.3210091975347,1101.8571982461167,1078.0360667376976,1085.3482666015625,2175786
2017-12-27,1085.3484781980935,1089.0558351605753,1069.3926115052404,1073.2432861328125,739284
2017-12-28,1068.6964736320144,1087.0078349072355,1067.4060142728206,1076.131591796875,2605088
2017-12-29,1074.5544463085605,1109.702385078315,1072.6905162192927,1106.548095703125,2609542
2018-01-01,1098.8051437993581,1103.9257731277185,1079.4286624183837,1083.77099609375,1351760
2018-01-02,1089.6705149992183,1093.6032004718231,1073.3664023287156,1077.87255859375,1920290
2018-01-03,1078.2003021860842,1093.3573733034416,1077.8725617270234,1080.9244384765625,1257120
2018-01-04,1085.5744719383006,1090.4902808678326,1081.477964497024,1088.4830322265625,913082
2018-01-05,1085.5739211289224,1105.8516226745382,1085.5739211289224,1101.6322021484375,1153706
2018-01-08,1106.0561519859991,1117.0553059467843,1098.6210367470178,1111.955078125,1242220
2018-01-09,1112.2010669729375,1114.6589698833748,1096.4500258243493,1109.7431640625,2149396
2018-01-10,1110.5624710656052,1153.5757722319233,1103.864645593348,1149.72509765625,3365850
2018-01-11,1151.1176999284683,1155.9925000050914,1139.7293980548277,1143.1295166015625,2520744
2018-01-12,1149.06957592071,1149.06957592071,1122.6676229577236,1137.3331298828125,3360314
2018-01-15,1137.661099165168,1150.2988599066184,1120.4148692858023,1124.9415283203125,1457214
2018-01-16,1128.9969007668183,1172.2764407930922,1126.7643253015144,1167.852294921875,4267752
2018-01-17,1175.697102856647,1198.2278835734119,1172.4813059675894,1183.4599609375,4280806
2018-01-18,1186.7576887524056,1201.5051091166054,1174.898324878664,1195.4422607421875,2209478
2018-01-19,1200.5013560975517,1221.5778554317596,1189.4816970589256,1212.27880859375,1820000
2018-01-22,1215.8511552574296,1287.176142187684,1199.8369049855485,1279.6617431640625,4367110
2018-01-23,1279.0666791117917,1290.3177794249,1268.8422338076075,1273.7491455078125,3239610
2018-01-24,1268.821412822512,1338.2370509428408,1265.8033023718367,1303.56005859375,5621538
2018-01-25,1303.724689394509,1305.6956948016036,1265.126226149443,1281.5716552734375,3833844
2018-01-29,1285.8214161501228,1324.2556672434018,1281.9616102740777,1313.5179443359375,3141060
2018-01-30,1305.7778629733732,1315.5506858970998,1290.8722654310404,1294.6295166015625,1574758
2018-01-31,1288.1208124826544,1293.4588968187318,1272.3529726974182,1277.9990234375,3043214
2018-02-01,1282.782591170022,1309.8836318285437,1268.3287228687045,1288.7777099609375,2400630
2018-02-02,1281.1401347799665,1309.8836634449017,1274.3443233100052,1294.95751953125,2456490
2018-02-05,1277.0340701740665,1309.0625774002972,1263.4219947027123,1274.2418212890625,2757742
2018-02-06,1235.9717566623572,1263.544973525982,1225.7062105106766,1230.736328125,2657306
2018-02-07,1242.9521771728664,1244.5946643577663,1210.2871932332807,1213.407958984375,2180324
2018-02-08,1223.5503333908484,1243.1986270195384,1215.0299308678648,1221.2713623046875,2755004
2018-02-09,1211.334641737162,1229.402005885106,1189.4279226079836,1220.2451171875,2102458
2018-02-12,1222.9548277145884,1241.4533583528332,1213.6131825229113,1218.43798828125,1974562
2018-02-14,1219.5466034160402,1221.3738501625141,1187.7234176366655,1195.6484375,2847532
2018-02-15,1203.9225795372163,1208.4599705263945,1192.8974442371382,1201.4178466796875,2465236
2018-02-16,1200.247620168951,1231.701292737074,1200.247620168951,1204.3743896484375,2515756
2018-02-19,1209.2814085534058,1212.6895901282571,1188.8324193537783,1200.494140625,1568224
2018-02-20,1202.3007948467612,1225.7267917907848,1202.259692561354,1209.1787109375,1889068
2018-02-21,1221.1893711238374,1257.5705068125887,1215.4612164167795,1249.23486328125,3089228
2018-02-22,1253.2177770108085,1264.3045659948489,1241.1044334912085,1252.4786376953125,3463010
2018-02-23,1252.396658738989,1268.410911096635,1228.621693415505,1262.99072265625,3362500
2018-02-26,1262.6620239118822,1268.8007997180819,1240.5705512159868,1244.882080078125,1363882
2018-02-27,1248.7009915205804,1264.1198613671195,1245.005395031371,1249.25537109375,1717800
2018-02-28,1246.237139290186,1258.1246201241324,1240.673193956148,1246.2576904296875,2706864
2018-03-01,1251.9858715977978,1256.995437521501,1240.0778393654803,1247.3458251953125,1718124
2018-03-05,1251.9859431569803,1278.532604016556,1245.3954428225113,1275.329833984375,2858168
2018-03-06,1281.9616665205042,1284.0147761722028,1244.246002119006,1249.4404296875,1906764
2018-03-07,1260.6091883067006,1268.4110041300971,1239.4621612064416,1243.13720703125,1917772
2018-03-08,1254.4085889562423,1254.4085889562423,1226.7327177010347,1233.4874267578125,1951826
2018-03-09,1233.9189036902642,1257.8170800446158,1222.5035939489876,1245.8680419921875,1872436
2018-03-12,1249.522025770129,1266.3164157899657,1246.44236254526,1253.2791748046875,2091340
2018-03-13,1201.0276873923272,1207.104910207061,1179.305833825891,1185.383056640625,88067154
2018-03-14,1187.9083542850394,1200.2681109604603,1180.5582639295483,1185.424072265625,3668668
2018-03-15,1188.750202585592,1191.8504174643363,1172.5717425189303,1178.3614501953125,2348906
2018-03-16,1177.9920320194135,1179.3060019438283,1151.7943368566987,1160.294189453125,7197482
2018-03-19,1161.6494592513689,1169.4512760508655,1157.9538618200284,1162.470703125,3489940
2018-03-20,1157.9535658582704,1179.7986272635746,1157.5429440264056,1176.3699951171875,4024984
2018-03-21,1179.5112393139605,1184.3565970919333,1170.2722478833027,1173.0439453125,3907678
2018-03-22,1174.3578597009257,1180.9278088524889,1159.000643658934,1162.6141357421875,2326094
2018-03-23,1150.5623453302403,1163.7433459172155,1148.9404091831125,1157.19384765625,3654122
2018-03-26,1157.5429233365505,1160.9921065627746,1142.1651560579753,1156.7216796875,2964210
2018-03-27,1160.0067844466378,1175.61041552946,1159.2060918488628,1169.327880859375,2494574
2018-03-28,1164.4824781960826,1180.537832822256,1160.006740077521,1169.9232177734375,6865654
2018-04-02,1166.1659772010667,1196.5519920999677,1166.1659772010667,1194.7657470703125,1662988
2018-04-03,1187.5597258303287,1203.0811546105792,1187.5597258303287,1195.423095703125,1937290
2018-04-04,1202.8962306292508,1204.7645802087823,1187.5184614736872,1195.2791748046875,2841820
2018-04-05,1201.7053910075474,1216.9805037247759,1199.1595555962551,1214.598876953125,1809424
2018-04-06,1212.9771668152464,1215.4408983659882,1201.705615020501,1211.4578857421875,1129018
2018-04-09,1207.1051555119252,1216.877976588584,1196.962814832368,1200.6173095703125,1235866
2018-04-10,1201.3564592173486,1214.3116000659884,1201.3564592173486,1206.242919921875,1184532
2018-04-11,1211.580723972191,1242.1309458123865,1209.5276149708484,1237.6756591796875,3124416
2018-04-12,1235.9716851314258,1293.4587402538177,1235.1298903458114,1289.0445556640625,6114360
2018-04-13,1293.4587706780712,1330.7432530700507,1286.1086799857524,1294.8138427734375,8179118
2018-04-16,1279.4978050205054,1313.9694925224285,1277.3420401051146,1308.9188232421875,6270274
2018-04-17,1308.9185330541995,1311.9160922266506,1292.308901390736,1300.2750244140625,3301724
2018-04-18,1300.0288073718086,1311.3003573668773,1291.7548170014347,1297.195556640625,2433066
2018-04-19,1305.736339294976,1321.0525538640138,1299.9260804015776,1310.3558349609375,4820952
2018-04-20,1334.5209607048,1405.2916739053492,1330.4147423641698,1397.1202392578125,18465662
2018-04-23,1405.9692232321981,1460.9514491928026,1391.8233204607295,1399.6661376953125,15185910
2018-04-24,1400.2208525729934,1413.8329301455674,1372.5038708871643,1390.22216796875,8314336
2018-04-25,1389.9549371386697,1430.1958777116652,1381.7630514290618,1424.96044921875,8196574
2018-04-26,1423.6257876928155,1461.8136152830755,1423.6257876928155,1453.293212890625,12135034
2018-04-27,1447.4419904765386,1455.2438054606675,1404.326697143195,1417.446044921875,4501330
2018-04-30,1417.445902386714,1457.2967681245432,1411.5535397066967,1450.3572998046875,3458558
2018-05-02,1449.7002284307976,1450.3982654233448,1425.3914385322112,1437.0736083984375,3158046
2018-05-03,1441.200492701811,1447.8525461766087,1425.0219327451653,1429.7236328125,3761550
2018-05-04,1433.8914683661926,1435.9445775706115,1424.8577878667493,1429.27197265625,2347244
2018-05-07,1433.0705047190625,1433.0705047190625,1400.5902706584409,1404.717041015625,3484426
2018-05-08,1410.362818382886,1431.6330498139255,1394.759188412162,1413.0318603515625,2992820
2018-05-09,1412.6212640403548,1435.0207059398874,1412.6212640403548,1432.7828369140625,2615050
2018-05-10,1438.3879453735651,1441.7550248587663,1412.621421492173,1417.1588134765625,3858678
2018-05-11,1418.3699354511778,1431.017108135382,1413.5656799873896,1419.4991455078125,2627876
2018-05-14,1419.5195640999698,1425.2682693060442,1400.5488569698164,1409.8905029296875,2433894
2018-05-15,1416.6453553058034,1435.4518557246852,1409.9521992293915,1429.949462890625,1952890
2018-05-16,1428.9433545617871,1440.8719382497984,1427.0134520953582,1434.6715087890625,1648450
2018-05-17,1442.4941833967519,1450.7887257259438,1427.3217242433147,1433.8095703125,2968048
2018-05-18,1429.2925959873853,1444.4445025814846,1419.9303974924844,1438.018310546875,1874996
2018-05-21,1448.9615274533087,1474.9539146517186,1444.5884441702985,1460.4794921875,3446178
2018-05-22,1460.992752594651,1467.9527739040782,1434.5897437893184,1440.8311767578125,1857416
2018-05-23,1447.4419815897395,1455.6544183647168,1429.3746206847895,1435.1644287109375,1507298
2018-05-24,1441.282449644344,1484.3977365995167,1438.1412331231077,1479.7576904296875,2962316
2018-05-25,1488.5040698387336,1508.9530561446184,1466.9669758298567,1472.40771484375,3769772
2018-05-28,1485.0139625597367,1485.0139625597367,1431.4278096179296,1438.018310546875,3716798
2018-05-29,1449.4538671826242,1455.2436747241734,1432.2488536788705,1446.825927734375,3525312
2018-05-30,1440.8927700597278,1450.727144322461,1429.990738778084,1442.9664306640625,3779106
2018-05-31,1435.8862568765117,1456.6296368340609,1429.3444249935005,1441.7242431640625,5049371
2018-06-01,1452.4475224823725,1455.3457929092187,1421.2290500323745,1434.6024169921875,1603856
2018-06-04,1444.9948372498477,1448.3071463323688,1418.1651134646963,1444.373779296875,1681483
2018-06-05,1444.1669961038326,1450.7088278281467,1416.964673532716,1425.6180419921875,2449568
2018-06-06,1426.7772307160383,1436.6313710984812,1420.3181871487475,1429.054443359375,2236512
2018-06-07,1428.433299975678,1448.3071545840353,1427.439647678721,1437.1695556640625,2414762
2018-06-08,1436.7140499920242,1455.1802133735086,1436.7140499920242,1446.7337646484375,2582138
2018-06-11,1446.73373812437,1459.900186569377,1443.3386416281473,1448.88671875,2179378
2018-06-12,1454.9316885346848,1478.1178509017714,1451.619379625101,1474.8055419921875,4608875
2018-06-13,1503.7888079838176,1516.748241661428,1488.8834123099691,1510.4962158203125,5370983
2018-06-14,1515.3813301501473,1517.2859482116633,1477.289777588996,1480.2294921875,3819998
2018-06-15,1490.539675421214,1529.5421100446642,1481.0995705934747,1523.7042236328125,9183574
2018-06-18,1546.807163680509,1546.807163680509,1508.8812788030352,1514.5535888671875,4674987
2018-06-19,1508.8813087647256,1522.8343932386229,1507.928999503824,1510.8272705078125,3245034
2018-06-20,1517.0375729679004,1520.5983456959912,1505.9413172283698,1509.12939453125,3107695
2018-06-21,1517.0376986489973,1517.0376986489973,1505.1133646437577,1506.5625,2910659
2018-06-22,1512.8970623805044,1512.8970623805044,1490.1663834038116,1498.6541748046875,2949458
2018-06-25,1500.3931447980297,1509.0465113693037,1495.5074689518344,1506.4794921875,2083217
2018-06-26,1509.5851203143984,1541.0520619336783,1507.928965492331,1533.599365234375,4679712
2018-06-27,1540.2236593552375,1561.0498220627112,1532.977983538378,1538.5675048828125,4081208
2018-06-28,1544.363989276732,1549.3324525130108,1512.3174418361896,1525.8978271484375,4888125
2018-06-29,1527.7198338916187,1546.351573177046,1525.5668531242559,1530.079833984375,3506276
2018-07-02,1533.5995498955938,1538.4024398913741,1524.5734848117615,1533.061279296875,2650290
2018-07-03,1540.1825480856637,1556.7027531703695,1537.7812044483348,1551.8585205078125,3242233
2018-07-04,1556.7025915984113,1556.7025915984113,1537.863832356466,1545.3165283203125,2700614
2018-07-05,1550.988808652729,1562.995929702096,1541.9627457161284,1557.0338134765625,2472571
2018-07-06,1559.1454481441501,1590.7366198694829,1558.1517957385504,1584.070556640625,3713781
2018-07-09,1593.2208247415194,1593.5520758989464,1553.8871505340235,1559.2696533203125,6151747
2018-07-10,1571.690897861631,1572.4361877348845,1549.1257888169896,1552.7279052734375,5303302
2018-07-11,1573.3470922153988,1654.4986790770351,1568.5028595429433,1639.510498046875,22903802
2018-07-12,1642.9058653257953,1648.619620658837,1623.4460428282368,1632.4306640625,6921701
2018-07-13,1635.4527766698618,1654.4157683224119,1634.624699314586,1640.5040283203125,4148185
2018-07-16,1647.873805975947,1652.842269712558,1637.4813955600744,1647.2113037109375,2582159
2018-07-17,1650.3644568372636,1666.9593734469897,1643.7264901933731,1661.275634765625,3315492
2018-07-18,1663.6402670125217,1669.1995231504516,1653.7248455869035,1659.698974609375,2013869
2018-07-19,1661.2341705129106,1668.1625282050627,1634.5993485928,1644.0584716796875,1746318
2018-07-20,1646.962303654648,1659.4914437978578,1646.215512247475,1656.6702880859375,1934995
2018-07-23,1660.321227477186,1667.7474113430274,1647.8750413641637,1664.1795654296875,2086201
2018-07-24,1671.9376750753306,1671.9376750753306,1646.3400391163814,1658.6617431640625,2038423
2018-07-25,1661.068439216828,1661.151393554441,1633.2719498641436,1644.1416015625,1535492
2018-07-26,1638.7066779781278,1647.0456650592346,1622.2362415850043,1630.2017822265625,3503036
2018-07-27,1627.0071150953518,1630.1601898119534,1609.9558988034687,1612.8184814453125,2033977
2018-07-30,1612.1962305721543,1621.9042167673035,1602.6956808451691,1613.5238037109375,1579251
2018-07-31,1611.3661413612256,1615.5148698405285,1599.7497016191776,1609.87255859375,2204803
2018-08-01,1617.9630033356343,1644.1830552292117,1617.8386224784974,1639.9927978515625,2425180
2018-08-02,1642.8969532731467,1647.0456829531292,1613.8558455132677,1616.677001953125,1509287
2018-08-03,1623.3978023951424,1644.5978499896564,1623.3978023951424,1642.4404296875,1505131
2018-08-06,1657.00259928103,1658.6205633072032,1636.466387797702,1639.20458984375,1532249
2018-08-07,1641.4031123595917,1642.1914316474233,1626.7166521132867,1632.400390625,1353521
2018-08-08,1636.2589651801545,1641.4864050260433,1627.961505924677,1637.91845703125,1315062
2018-08-09,1642.89682466323,1643.5606618749987,1631.2803824686414,1638.208740234375,2060297
2018-08-10,1643.6848042237705,1656.5873911612175,1636.3001480728951,1653.7662353515625,2784105
2018-08-13,1657.6663284136268,1663.0181487240734,1651.1942701563707,1659.6162109375,3559575
2018-08-14,1652.8537726186953,1679.903467716333,1644.8882325261932,1662.4373779296875,3311765
2018-08-16,1659.7405585719782,1676.1280380658675,1655.342865332104,1666.54443359375,2152065
2018-08-17,1670.9838672830679,1677.6633627200226,1662.8108899030399,1670.0711669921875,1213731
2018-08-20,1679.40565072081,1679.40565072081,1662.5617689461747,1667.7476806640625,1587032
2018-08-21,1667.9133817004763,1679.4053396814452,1662.8104252577157,1674.136474609375,1376866
2018-08-23,1678.4099096937775,1691.0220058268167,1676.335545113519,1688.61572265625,3046791
2018-08-24,1688.6158854743749,1697.6601361738253,1685.213947492199,1695.1708984375,1570533
2018-08-27,1695.1710399255471,1708.4469756273625,1688.5330720746394,1701.7259521484375,1532702
2018-08-28,1705.1278051188594,1719.2334852585288,1702.638567447153,1716.91015625,1987983
2018-08-29,1719.6483934616028,1723.0504327125586,1697.3282082902058,1719.2335205078125,1525867
2018-08-30,1715.9145329567582,1730.0202133534049,1713.8401681925457,1727.86279296875,2408020
2018-08-31,1727.7799538452462,1735.8284486803086,1720.8930222576291,1724.5438232421875,2504554
2018-09-03,1729.8543932681303,1734.1690316836964,1699.6515192097795,1703.3853759765625,1439711
2018-09-04,1709.1102863258964,1746.407316181491,1706.7454299777758,1741.55322265625,4420803
2018-09-05,1742.466249473969,1748.4819067638196,1721.7641314534853,1725.2490234375,1681106
2018-09-06,1721.7225933538177,1727.1159412366128,1709.5253701953525,1721.9715576171875,2238097
2018-09-07,1725.290791596102,1729.1905570399385,1713.7572013646945,1725.7471923828125,1312182
2018-09-10,1729.5222659068913,1736.9899789765664,1721.1004260859636,1726.4937744140625,1530539
2018-09-11,1733.3388171960903,1733.3388171960903,1694.506676803337,1697.8671875,3679745
2018-09-12,1702.9290936103516,1716.6612263142688,1692.6816506269276,1695.9591064453125,2307661
2018-09-14,1696.0003574519633,1718.8598939785381,1674.5514495097545,1713.7568359375,3642038
2018-09-17,1717.573969616223,1724.0460279876834,1704.754436299965,1721.017333984375,1033857
2018-09-18,1720.0634617071487,1724.8760290324624,1707.2854543094918,1718.196533203125,1456507
2018-09-19,1719.1505526207595,1733.3392893943635,1714.9604976333917,1724.1290283203125,1301268
2018-09-21,1723.3823030048634,1759.8911240603347,1701.1035436718187,1745.080078125,4508530
2018-09-24,1754.9120623983672,1834.1527725444873,1740.9307670652497,1824.154296875,3032226
2018-09-25,1829.5066663408227,1835.3148876803823,1787.1067721068484,1811.501220703125,2868778
2018-09-26,1814.6546212631831,1824.6115739175766,1771.5908820628201,1777.4404296875,1970951
2018-09-27,1777.2329587011723,1833.4897806222343,1772.1716294115283,1816.189697265625,3311802
2018-09-28,1807.186382929721,1817.143332697929,1791.296831621154,1811.9158935546875,2904371
2018-10-01,1817.8898963674746,1888.4598134526004,1817.4336982612479,1871.5330810546875,3772208
2018-10-03,1867.1774578721836,1871.077223543786,1788.6005524582572,1794.6162109375,3902322
2018-10-04,1789.4297321492702,1789.4710573762836,1706.2477222611494,1713.259033203125,4762419
2018-10-05,1700.979119888478,1759.0613337383284,1676.8335341026514,1744.6651611328125,3417624
2018-10-08,1744.664999901829,1760.8865715000215,1699.4438518692143,1723.8385009765625,2010154
2018-10-09,1726.1618043547485,1748.8137032687812,1703.6340837096686,1735.662353515625,1867130
2018-10-10,1742.4663901945687,1747.4033377851836,1683.5544312879906,1695.668701171875,2749573
2018-10-11,1647.0457263521325,1670.278613172213,1610.5369042062919,1642.85546875,4700256
2018-10-12,1641.2377034669546,1641.2377034669546,1579.0067490887839,1591.701904296875,9373289
2018-10-15,1609.707135192918,1622.6097251677793,1593.1122162734034,1617.5897216796875,2638151
2018-10-16,1624.6422576643397,1636.1757444087991,1605.5581044844214,1628.210205078125,2815425
2018-10-17,1634.5990321812237,1650.3642005119057,1593.111747100482,1600.911376953125,2779207
2018-10-19,1600.5799977209117,1600.5799977209117,1551.6665126445366,1587.469970703125,3428776
2018-10-22,1588.1336747538835,1589.793166577033,1565.6890073308523,1579.0064697265625,1778496
2018-10-23,1569.8601241685444,1578.1750612668948,1527.4539449669576,1532.9833984375,2752811
2018-10-24,1539.9679565334886,1558.2192027530768,1505.9182284224314,1537.01611328125,2735913
2018-10-25,1533.2741263112182,1560.6302847651714,1517.5173639323154,1540.757568359375,2507233
2018-10-26,1541.5058259849022,1541.5058259849022,1489.2879933802087,1495.93994140625,2285970
2018-10-29,1503.9222786939124,1561.503204558413,1483.6754319211145,1555.724365234375,2609483
2018-10-30,1552.398356238374,1587.6537007508846,1534.1054993357257,1575.513916015625,2404883
2018-10-31,1579.838064661396,1616.3406591923963,1559.4248532782551,1611.5595703125,2769190
2018-11-01,1616.1327855170089,1616.714790519411,1580.9190468549205,1609.56396484375,2769759
2018-11-02,1608.2749776166509,1625.2374683808698,1583.9954036310855,1591.021484375,1818635
2018-11-05,1588.153106522771,1602.5795031850228,1567.1578887532946,1572.22998046875,1713366
2018-11-06,1574.8491860947338,1611.0191647616405,1572.354704807361,1607.0279541015625,1398710
2018-11-07,1613.0976443695208,1620.5810870495854,1610.6031634761657,1614.8853759765625,144530
2018-11-09,1630.5592088984222,1631.3490873437584,1583.9955598936738,1587.48779296875,2570479
2018-11-12,1586.9057043240691,1618.1698467080198,1586.9057043240691,1592.1856689453125,2552008
2018-11-13,1592.3103022438177,1612.2661493737662,1582.3323786788433,1608.8985595703125,1418432
2018-11-14,1600.6251328597386,1604.6994716798813,1554.8929862066034,1563.7484130859375,2422318
2018-11-15,1549.9041190917685,1579.0063960060452,1544.582539584449,1557.2628173828125,1829123
2018-11-16,1570.6916501666417,1579.6718230177416,1555.1011427867452,1568.696044921875,1829729
2018-11-19,1579.0063876054146,1585.9493390464597,1550.153599532752,1581.875,1740628
2018-11-20,1581.5007800281596,1581.5007800281596,1558.3852180373601,1561.7528076171875,1190182
2018-11-21,1555.7246295853165,1555.7662448683716,1495.48295483901,1506.66650390625,3840461
2018-11-22,1513.3183660742127,1536.267569347509,1504.9618147162214,1507.123779296875,3194219
2018-11-26,1512.4870487172368,1546.57829060696,1483.8005159075915,1535.0205078125,4333177
2018-11-27,1541.5890711277443,1578.091658969686,1526.081695824085,1571.730712890625,3344839
2018-11-28,1570.6912221053897,1653.8405721374377,1565.2865143533065,1649.5999755859375,5313249
2018-11-29,1660.4928398452234,1660.4928398452234,1615.2180506359994,1630.1849365234375,4035441
2018-11-30,1634.7164196710673,1655.5037596974034,1629.6027137244519,1636.5872802734375,5268901
2018-12-03,1649.6833968798055,1654.6723587655308,1636.6289872124337,1648.35302734375,1610576
2018-12-04,1648.8518343146127,1679.1182221230968,1638.8739109602127,1672.0089111328125,3270615
2018-12-05,1667.976111264132,1677.9540341630202,1650.5147461910778,1668.5997314453125,2501539
2018-12-06,1661.3240705607711,1677.1224476081459,1646.0245693305471,1656.9171142578125,2321216
2018-12-07,1650.5561500353992,1666.2297816144892,1640.536613140987,1658.9957275390625,1680420
2018-12-10,1642.1997547967183,1672.1335224790887,1629.7273515957304,1642.864990234375,2010786
2018-12-11,1638.0424951171874,1671.3022412109374,1630.5590522460936,1662.9873046875,2942014
2018-12-12,1663.9019097943942,1681.2801472445872,1650.4732671510317,1676.9564208984375,2219993
2018-12-13,1682.9431444551872,1687.682617651055,1641.7842088570983,1648.519287109375,3748429
2018-12-14,1648.8515304755228,1662.11381055659,1642.407456163276,1654.464111328125,2473761
2018-12-17,1662.1556598744003,1667.0614922772172,1650.5147498002423,1658.2476806640625,1227921
2018-12-18,1656.2518665042494,1664.649930267905,1643.3637176934837,1652.88427734375,1768742
2018-12-19,1650.3486647147404,1650.3486647147404,1629.7691965331437,1636.753662109375,2498833
2018-12-20,1624.572277961854,1642.1167730718557,1618.0865871151775,1624.7801513671875,1940277
2018-12-21,1619.749505646798,1621.41249281892,1568.6542653836234,1576.3455810546875,3729956
2018-12-24,1584.6604096859203,1612.1828252220405,1583.9951742618134,1595.2203369140625,1864116
2018-12-26,1597.964562709723,1597.964562709723,1555.101023766881,1570.8577880859375,2446614
2018-12-27,1587.321644586644,1614.5114509103964,1556.6395034456189,1587.280029296875,4968201
2018-12-28,1592.3103530661824,1596.4678213509505,1574.0174926132029,1576.5535888671875,2239130
2018-12-31,1586.4897483638304,1587.3212419426375,1568.3216339670328,1574.0589599609375,1879740
2019-01-01,1576.5119403469573,1588.1528512988864,1567.365510313299,1582.1661376953125,1094883
2019-01-02,1583.9954174604018,1608.4828650723086,1579.837949173104,1599.2117919921875,2100463
2019-01-03,1595.6362587290603,1617.2134775941424,1574.1005536446173,1579.7962646484375,2611668
2019-01-04,1579.8375951331873,1580.8353466982676,1530.7794803369463,1560.5885009765625,4280862
2019-01-07,1573.0199493360174,1587.155343377939,1564.0397760502797,1578.092041015625,1856423
2019-01-08,1584.3279102085826,1585.1594038004312,1565.9519221288635,1574.4747314453125,1691756
2019-01-09,1585.9910449119,1595.636351174358,1552.1491916754783,1568.9869384765625,2414376
2019-01-10,1571.5228858479884,1583.995289703925,1556.6391302797679,1570.3172607421875,3053461
2019-01-11,1554.8930626857918,1559.0505307678395,1525.7907861114588,1532.068603515625,9209862
2019-01-14,1538.2632011646042,1539.0946947868554,1505.0034562745589,1507.705810546875,3615370
2019-01-15,1505.003115478983,1554.3522304847497,1503.3401286110507,1553.0634765625,7711653
2019-01-16,1554.8934441033641,1559.0509132052448,1535.769086234713,1555.0181884765625,2359280
2019-01-17,1564.891929208371,1581.557444961389,1559.3090221184045,1578.474365234375,2625816
2019-01-18,1567.392218880709,1586.724182168965,1563.2258387135619,1583.76611328125,1683728
2019-01-21,1584.890846740901,1609.889125080663,1579.4328486160844,1590.4737548828125,2409803
2019-01-22,1589.1404892207918,1598.4315360872483,1574.891491309735,1584.8074951171875,2457093
2019-01-23,1584.0575632211437,1588.30725017493,1558.226009060252,1562.892333984375,2578169
2019-01-24,1570.5586184512042,1587.5990716705599,1562.3924731044742,1584.5159912109375,1962927
2019-01-25,1584.890647932272,1612.3887506566489,1584.0573720921393,1600.5562744140625,2327080
2019-01-28,1610.7223728970189,1634.8873748701246,1604.4728034212158,1629.054443359375,2769033
2019-01-29,1634.8873808325322,1657.427535511434,1613.7638562709308,1652.1778564453125,2557626
2019-01-30,1649.552675248398,1657.8021256215256,1628.7624857098767,1651.0526123046875,2429575
2019-01-31,1655.7192680969194,1683.0090547250895,1654.052716241764,1678.301025390625,4094319
2019-02-01,1674.467850036231,1695.5080656189207,1664.968484835447,1691.50830078125,3064163
2019-02-04,1691.508287517723,1712.756821899963,1685.7170609910377,1708.423828125,1590764
2019-02-05,1708.2156294655774,1712.38200904964,1689.883559295703,1703.67431640625,1111404
2019-02-06,1708.13228823203,1738.921997328361,1700.7579181377248,1728.8809814453125,1789812
2019-02-07,1728.8394967542858,1748.1714605613508,1722.3816073218984,1735.630615234375,1339945
2019-02-08,1729.0473543890716,1741.1298539739591,1709.0487343864993,1717.7147216796875,1684474
2019-02-11,1716.548109732938,1746.546037864193,1707.298667184546,1721.46435546875,1778730
2019-02-12,1724.8810225060138,1724.8810225060138,1681.5506779792927,1709.548828125,2422903
2019-02-14,1716.5899935111759,1729.0474270573752,1694.0915450627185,1703.7158203125,1724085
2019-02-15,1707.3821911095379,1709.8820186221433,1675.6760048040283,1691.2999267578125,1930065
2019-02-18,1697.8828711149486,1701.5076007604264,1635.4288861275202,1641.803466796875,2942184
2019-02-19,1641.553547838193,1642.386823750801,1576.5580266547518,1587.2239990234375,4408554
2019-02-20,1595.7232115352444,1611.388837797926,1567.6418568028344,1595.514892578125,4645778
2019-02-21,1595.5149830439473,1616.555198905997,1580.766040730918,1595.056640625,4683919
2019-02-22,1597.556414306942,1608.2223858433558,1587.4737968947852,1604.59765625,2271955
2019-02-25,1610.3054986090876,1658.2188575586465,1608.6389469934509,1654.177490234375,2934880
2019-02-26,1653.2194088628066,1704.1742512084531,1643.4284169000355,1698.799560546875,6453309
2019-02-27,1699.8828348069235,1729.0057868041836,1684.8838686174506,1714.9652099609375,4732082
2019-02-28,1716.548294966736,1726.0060574810766,1647.8863428244172,1652.760986328125,8454295
2019-03-01,1662.4271237788612,1670.7181782905593,1650.1779070267787,1662.71875,4148548
2019-03-05,1670.7181247799176,1672.384676525334,1647.0530696513558,1656.6357421875,2449622
2019-03-06,1657.6355820489307,1679.0507293237301,1654.0941599151213,1666.21826171875,2635047
2019-03-07,1670.7185335022457,1686.592483448017,1666.7187676474507,1677.634765625,2539884
2019-03-08,1687.383738389681,1694.0499457512203,1674.9263040701048,1685.4671630859375,2031071
2019-03-11,1690.633201014369,1694.0496112689532,1669.5929881838028,1678.884033203125,3111689
2019-03-12,1678.2593481902156,1687.217064014379,1669.0516089115667,1676.926025390625,2658550
2019-03-13,1677.384577866764,1679.8010985958178,1648.7198632962777,1666.9686279296875,1833163
2019-03-14,1670.6765439218766,1673.0514617094257,1650.7196259810876,1656.0526123046875,1905495
2019-03-15,1665.6351511386156,1724.0060645997328,1659.0522514446839,1699.841064453125,5184318
2019-03-18,1702.383039528983,1720.3818843171227,1675.7182048422833,1685.5509033203125,2349915
2019-03-19,1691.5504504375112,1691.5504504375112,1662.469094763675,1685.5509033203125,2373993
2019-03-20,1689.8836564935855,1703.8827333885276,1666.5519294808535,1679.0927734375,3091165
2019-03-22,1679.0507520106923,1679.884027818142,1652.6359496018395,1671.2596435546875,3148149
2019-03-25,1673.0512993418783,1673.0512993418783,1647.5529768502247,1653.4276123046875,2429205
2019-03-26,1653.2191402356466,1662.3434692991493,1631.595674527217,1652.09423828125,2316539
2019-03-27,1661.55219220699,1664.8852959024905,1634.0540867191112,1639.8037109375,2266166
2019-03-28,1649.8860961899147,1678.717418739283,1643.886551072883,1666.8016357421875,4054489
2019-04-01,1674.8843632176524,1699.840932818103,1673.4261305631098,1692.9248046875,2095740
2019-04-02,1697.4663113111603,1738.2135230631457,1697.3830040650182,1732.630615234375,3719663
2019-04-03,1737.3802471652248,1741.2133976702607,1714.9652068857501,1732.630615234375,2939886
2019-04-04,1731.6720803436967,1732.9636985642142,1672.7179172391052,1678.6341552734375,4397518
2019-04-05,1690.425301332424,1711.882055644266,1682.217553447086,1706.7991943359375,3152103
2019-04-08,1715.7148687447182,1729.047281517868,1693.7996745615583,1725.505859375,2194294
2019-04-09,1724.8810773097582,1748.2128020269918,1714.5900387830948,1742.7965087890625,2690970
2019-04-10,1735.713981165662,1737.797171253475,1696.5500075147806,1700.0914306640625,3313062
2019-04-11,1704.0493179778412,1712.3820774789554,1677.9261372854994,1682.80078125,3422442
2019-04-12,1698.2161372287244,1699.049413056609,1672.3845865643032,1678.6341552734375,3198471
2019-04-15,1724.8811482383994,1766.3783295934643,1700.7161466447212,1760.9620361328125,9189201
2019-04-16,1766.5446246060258,1796.5008477180656,1762.836588133179,1776.3773193359375,5771952
2019-04-18,1791.4596033620348,1795.7093914170102,1761.7116972866452,1791.584716796875,3413728
2019-04-22,1789.876343948171,1813.2080653776632,1787.876563485944,1801.0838623046875,2007135
2019-04-23,1802.3760908046088,1804.4592809234307,1778.2527899159595,1795.7515869140625,2163524
2019-04-24,1798.2094283713452,1829.040637291521,1796.6262855040995,1819.416259765625,3003071
2019-04-25,1812.3753728844852,1837.3736538897886,1806.5841451388962,1829.0408935546875,4211526
2019-04-26,1835.7065943542339,1869.8291978062061,1827.49874631855,1865.32958984375,2716958
2019-04-30,1865.330025955268,1888.9949829231618,1858.2888844596798,1883.4954833984375,3488395
2019-05-02,1879.0368644205082,1882.7031964399123,1842.456139432319,1846.0390625,2457699
2019-05-03,1820.707936528476,1821.5829169564438,1770.7113799189985,1776.5443115234375,3780886
2019-05-06,1758.2121396780515,1804.042313935062,1756.9622258346783,1798.08447265625,2891422
2019-05-07,1799.917584675326,1820.1662290148126,1782.2104724280423,1793.16796875,2201698
2019-05-08,1792.3760831446866,1806.5417704591728,1775.2105218478446,1793.917724609375,1824895
2019-05-09,1787.3767056439854,1819.9578728883612,1779.9606319229015,1810.33349609375,2264162
2019-05-10,1812.374943374305,1826.5406325868857,1771.4195174078193,1779.7105712890625,2039633
2019-05-13,1777.3773598062244,1805.708738256019,1767.91959768442,1773.8359375,1701744
2019-05-14,1779.044142562203,1799.7094266853562,1726.8394859829325,1743.5050048828125,2456110
2019-05-15,1747.3799539728373,1769.878408315835,1736.964002888116,1746.046630859375,2346876
2019-05-16,1746.5463859662123,1769.8781124962952,1730.7558474483333,1757.170654296875,1946529
2019-05-17,1760.378940074104,1779.0442408990928,1741.546821301688,1746.088134765625,1947908
2019-05-20,1770.7114143758686,1792.7098183375092,1708.2157173978967,1786.501953125,2625116
2019-05-21,1789.9184152910757,1790.4599632749569,1752.0043601971663,1758.00390625,1863157
2019-05-22,1758.2121635098924,1768.1697699097692,1729.047506769207,1734.672119140625,2595795
2019-05-23,1748.2127656286902,1762.6701832681376,1708.2155240890443,1711.59033203125,2541294
2019-05-24,1724.8815125226974,1724.8815125226974,1693.425340011716,1706.5494384765625,2274208
2019-05-27,1712.215189393136,1724.0059608286417,1699.9659738527628,1712.5067138671875,2329820
2019-05-28,1716.5483160036167,1747.796161561935,1704.0491777802895,1728.005859375,5872979
2019-05-29,1733.213621738715,1769.6277326235277,1730.7972033522246,1756.17041015625,3281320
2019-05-30,1769.0449555779642,1797.0014061850245,1761.8787005726572,1788.4603271484375,4971725
2019-05-31,1799.8761196563014,1837.331834329438,1793.4182308010531,1830.3323974609375,4265370
2019-06-03,1834.0396554027504,1872.9118820356914,1821.2487931511068,1868.4539794921875,3682419
2019-06-04,1868.203022642194,1868.203022642194,1827.0420747512464,1833.8463134765625,2408658
2019-06-06,1847.2019756668642,1847.2019756668642,1807.721078506181,1819.5654296875,3735467
2019-06-07,1826.2016435389096,1839.4739872086045,1799.4051145191822,1832.7117919921875,2659446
2019-06-10,1845.2696183539415,1878.1564838647203,1835.8614469678205,1874.5023193359375,2080593
2019-06-11,1879.1225558709543,1901.7610275413572,1874.0824417291458,1892.3948974609375,3048937
2019-06-12,1885.8429962661353,1904.23933366207,1864.0024983138326,1899.19921875,2404448
2019-06-13,1901.8031672752581,1919.4435676784299,1884.2048088419835,1893.487060546875,3320916
2019-06-14,1896.1326838375116,1901.0468764921386,1876.6022441878397,1893.8226318359375,2131408
2019-06-17,1895.0837549332591,1900.1238713027624,1882.8614317206413,1889.37158203125,1489497
2019-06-18,1885.0031105869073,1898.443417970771,1874.250823663253,1890.75732421875,1877447
2019-06-19,1894.2429973910366,1911.8833978101993,1884.2886894071114,1898.3590087890625,1652817
2019-06-20,1873.24284819982,1918.6038857795465,1858.122502339911,1913.521728515625,2199377
2019-06-21,1919.4437045284917,1925.743847978804,1883.3228820800343,1889.9171142578125,3871804
2019-06-24,1893.529010793215,1915.2435870035433,1890.7150698005826,1911.4635009765625,1382424
2019-06-25,1906.8431179592783,1910.5811614691218,1890.4627475627117,1904.9951171875,1386077
2019-06-26,1902.643415020768,1904.1554905393323,1890.0431275040742,1893.5711669921875,1762224
2019-06-27,1894.243430974769,1901.8036043134707,1882.7352081313102,1892.1854248046875,2813464
2019-06-28,1898.4430466233846,1900.0810427488275,1866.9423323541912,1870.890380859375,2372928
2019-07-01,1877.442520857232,1894.2429013570732,1853.5860625805658,1881.2646484375,2769940
2019-07-02,1885.7589488985107,1895.9232628681432,1861.8604445767469,1891.8072509765625,1771746
2019-07-03,1891.8908975160625,1897.4351053791695,1874.9225534165723,1879.6685791015625,1656881
2019-07-04,1876.6025695484836,1891.7229125439505,1873.3265772659101,1883.86865234375,984140
2019-07-05,1887.5230579190338,1890.0431154062421,1797.641007541937,1817.0455322265625,4088470
2019-07-08,1805.2012607012134,1838.6340658759464,1791.0050182551154,1827.377685546875,2788062
2019-07-09,1826.2015035816294,1826.5374291848686,1767.8622187362987,1792.0548095703125,3977224
2019-07-10,1747.2398455296916,1787.4348442015603,1739.9317198846613,1770.9283447265625,6343581
2019-07-11,1787.5605731275207,1788.40059219384,1752.3218143119811,1766.18212890625,2400346
2019-07-12,1765.8039679069807,1780.6302207702545,1758.24379713829,1770.424072265625,1560725
2019-07-15,1785.0408423824583,1809.0654741060034,1762.360323443952,1802.42919921875,2900415
2019-07-16,1790.0517798384822,1795.5246568699733,1768.1602717125177,1773.212158203125,2735399
2019-07-17,1774.896366297305,1789.2100466706702,1761.5089474669426,1782.6846923828125,1802969
2019-07-18,1781.8003957870458,1781.8003957870458,1734.481098200914,1739.4908447265625,3072096
2019-07-19,1748.7948257161856,1765.6344484963126,1736.5860992005937,1748.752685546875,1953177
2019-07-22,1748.7947535046258,1782.852848058739,1741.8905495622237,1776.495849609375,1920167
2019-07-23,1791.6513883341206,1793.4196307581713,1770.1808716278608,1778.642822265625,3538588
2019-07-24,1776.5804198710996,1785.6738583932317,1748.3740482759897,1765.46630859375,2413196
2019-07-25,1775.6540904185795,1797.6298822103752,1761.887820980898,1791.6517333984375,2544464
2019-07-26,1793.2511346546564,1793.2511346546564,1763.950155400097,1775.780029296875,1720592
2019-07-29,1777.253924254968,1803.5236960827465,1770.9390653751266,1793.419921875,1647090
2019-07-30,1793.4198101951222,1839.7287724302075,1785.3788492764884,1834.8031005859375,2851672
2019-07-31,1828.5722565558626,1862.2093567578436,1807.8594415068085,1857.157470703125,3000677
2019-08-01,1852.3588874386373,1867.093560406899,1823.9420181427035,1835.5614013671875,2375236
2019-08-02,1829.6253738967148,1860.778682149903,1823.310514115663,1856.8214111328125,2500816
2019-08-05,1852.274641740888,1896.352446498288,1848.6542864789917,1893.279296875,3039682
2019-08-06,1879.975516293214,1896.0993727776097,1861.9991368653807,1864.9039306640625,2885467
2019-08-07,1877.6183033392597,1884.7751444057997,1858.4632287199915,1863.6834716796875,2165362
2019-08-08,1876.6916960230321,1920.5589959994281,1868.2718845543804,1901.2777099609375,2073298
2019-08-09,1902.877166153659,1909.5287342000154,1887.174301852368,1891.2999267578125,1744550
2019-08-13,1890.248166350629,1891.3006430579512,1847.5597522140129,1851.8958740234375,1647281
2019-08-14,1836.444873021745,1867.3876753058178,1824.9095686732317,1856.0628662109375,1945002
2019-08-16,1887.2165094703687,1887.2165094703687,1804.576139979703,1822.9735107421875,3755507
2019-08-19,1835.519002560824,1840.5708897238355,1816.7427808259351,1821.205322265625,974884
2019-08-20,1828.7828061138819,1856.5681802399215,1824.1519104262086,1841.2020263671875,1843611
2019-08-21,1839.686659312278,1854.0424789286044,1837.413351336034,1840.7391357421875,1214408
2019-08-22,1841.4132291057049,1882.3755399289705,1827.0995460262368,1865.8306884765625,2131601
2019-08-23,1864.9463539220976,1902.7933705116204,1864.0622324852156,1892.521240234375,2826425
2019-08-26,1891.9315963844922,1921.4009358920387,1873.4080115511772,1916.6016845703125,2345475
2019-08-27,1911.2973124117973,1915.3810034317644,1876.7760834210994,1883.0909423828125,3432106
2019-08-28,1886.0377358490564,1896.2677243790536,1865.830188679245,1885.40625,1294621
2019-08-29,1871.050417408984,1892.9419266887764,1871.050417408984,1880.522705078125,1670652
2019-08-30,1886.8797181232594,1907.9292464378873,1867.5141520738016,1902.5406494140625,2583625
2019-09-03,1911.2975494640639,1933.3574183939681,1883.4700264090582,1895.80517578125,2545060
2019-09-04,1907.0876323968773,1911.2975388701595,1880.1442309678707,1890.584716796875,2228092
2019-09-05,1887.8898078704774,1897.53044946745,1858.5047524047484,1865.2406005859375,2055943
2019-09-06,1865.830067903868,1880.5647367614122,1846.1277929133523,1850.25341796875,1890550
2019-09-09,1852.3587192149741,1854.7584479623235,1835.3507393600016,1837.9188232421875,1703945
2019-09-11,1840.5707149806683,1848.148545005749,1807.3546011497579,1813.6273193359375,2627440
2019-09-12,1814.4692407542727,1822.8890516162414,1785.2946783422663,1796.450927734375,2118859
2019-09-13,1797.6299609035327,1816.9533893943224,1781.2534667748803,1803.481689453125,2291174
2019-09-16,1818.637193041208,1829.9617987027834,1790.3886835819621,1810.259521484375,2597948
2019-09-17,1814.4273572863021,1815.774609439537,1772.8757081409806,1787.2313232421875,2796530
2019-09-18,1790.3890659242227,1804.3238984219704,1779.2328130023955,1800.6192626953125,1454663
2019-09-19,1797.630012333925,1798.303638462623,1760.5828364357083,1769.802490234375,1652691
2019-09-20,1772.286186349705,1792.9147262233682,1731.9553681683738,1739.070068359375,6941979
2019-09-23,1767.3187961389497,1767.3187961389497,1662.9131121364583,1697.2659912109375,6323401
2019-09-24,1696.5918364349714,1735.322965207184,1694.9078743144403,1721.5986328125,4620978
2019-09-25,1738.691129399269,1761.4246211638113,1734.5233636881314,1758.435546875,4002232
2019-09-26,1766.3917216044103,1774.0538303388803,1737.0066691927432,1757.719482421875,4234281
2019-09-27,1755.5307409531476,1755.6990960749301,1727.2400913922006,1731.239501953125,2046795
2019-09-30,1736.038652616417,1771.5280704727081,1734.4809055008454,1767.57080078125,2620039
2019-10-01,1764.7502851255142,1764.7502851255142,1717.3888471852579,1734.43896484375,3342877
2019-10-03,1742.9008438893566,1752.2888507512919,1722.8196155920275,1734.6915283203125,2317618
2019-10-04,1734.9864132504385,1758.0144740119474,1730.2290964889694,1750.7735595703125,2163251
2019-10-07,1751.3209120513095,1763.5296395632056,1718.4836449503475,1724.1248779296875,2177916
2019-10-09,1734.4810525130767,1734.4810525130767,1697.0128938544206,1700.885986328125,2066920
2019-10-10,1707.5378040095604,1716.8417370027432,1681.5205654337074,1687.7091064453125,2881452
2019-10-11,1625.8653939553124,1679.7521807047374,1620.8135076975536,1672.8900146484375,12593069
2019-10-14,1679.7521697831944,1711.536953948265,1657.018681771091,1701.6436767578125,3510704
2019-10-15,1710.905744800253,1723.5354624045856,1703.0752787732047,1715.3682861328125,2261310
2019-10-16,1715.9576111083506,1731.1132720504263,1697.4340255124803,1723.0302734375,3034082
2019-10-17,1733.8774267256547,1754.5393225754142,1721.2220575544115,1748.4698486328125,3818774
2019-10-18,1754.1089257729943,1776.8369279034027,1743.3475213203992,1771.1981201171875,3087901
2019-10-22,1790.6977395152462,1817.8164793204048,1756.3043321800437,1766.0755615234375,5552505
2019-10-23,1773.4797485119345,1794.0125956931925,1767.0229047673522,1782.175048828125,2348134
2019-10-24,1794.1415025929093,1807.055189031918,1774.5988324852829,1792.419677734375,2798671
2019-10-25,1802.750675653551,1833.7435239455892,1786.436426714344,1829.3958740234375,3954245
2019-10-29,1826.4254836928508,1895.4706095996312,1826.4254836928508,1889.573486328125,5064173
2019-10-30,1915.5308175513785,1945.662762996007,1874.077953820348,1939.4642333984375,5195136
2019-10-31,1937.0532451724232,1967.1420968773557,1925.8613819780937,1953.9700927734375,4879261
2019-11-01,1949.1057635115963,1958.5758003484457,1889.7028051713576,1894.7821044921875,4172620
2019-11-04,1900.033900433532,1919.1461160268857,1877.5639999570928,1888.7989501953125,2646411
2019-11-05,1891.4249537465055,1903.4777299651905,1867.3194013091352,1895.6004638671875,2693475
2019-11-06,1894.0075496737206,1903.3054469543176,1875.9283866995622,1884.1070556640625,2540719
2019-11-07,1897.8814081115881,1897.8814081115881,1872.6566324583061,1881.39501953125,1915598
2019-11-08,1885.0541189359833,1885.0541189359833,1828.5781741176202,1833.7005615234375,2788759
2019-11-11,1838.0477482342378,1841.4913974112576,1800.1676072870216,1808.733642578125,2983768
2019-11-13,1823.4127234845878,1880.060809527605,1823.4127234845878,1875.5841064453125,3823365
2019-11-14,1883.2457923306638,1894.0071968582677,1848.1205259158287,1891.2523193359375,2995915
2019-11-15,1890.5634446211309,1903.9075855098502,1867.103584026447,1872.0107421875,2724180
2019-11-18,1875.4119386325103,1883.461555579814,1849.8859639136672,1853.2005615234375,1611089
2019-11-19,1853.5447244011532,1854.9651460384198,1812.2209219063761,1815.492431640625,2975313
2019-11-20,1826.8128745338777,1838.0478224643643,1803.1808731389278,1815.2767333984375,2894129
2019-11-21,1818.2472508966962,1830.8166578220275,1814.286969212353,1823.4989013671875,2052574
2019-11-22,1805.3337433769327,1813.9428694779194,1773.9104331083308,1783.5526123046875,3742049
2019-11-25,1786.006080007384,1794.9594859895212,1766.7646014393592,1791.9893798828125,2737010
2019-11-26,1799.1779303175535,1806.1081072490756,1751.999887001212,1761.9864501953125,6561580
2019-11-27,1766.5921252023165,1783.5520562973968,1761.9001949766969,1768.572265625,2907521
2019-11-28,1779.5494283181222,1803.095261770925,1773.4799524634773,1788.4168701171875,2924429
2019-11-29,1795.0025507983723,1795.0025507983723,1761.254823055117,1767.6685791015625,2064271
2019-12-02,1773.4795169155304,1780.1085002575549,1735.5993718940338,1739.947021484375,3809860
2019-12-03,1745.6722637565906,1775.2016050430811,1730.4341542854477,1765.7315673828125,4664774
2019-12-04,1767.4533476454437,1792.419809935613,1760.9965039497104,1789.4066162109375,3334301
2019-12-05,1793.2804327847948,1830.9884359141734,1780.6681508763672,1826.25341796875,3902721
2019-12-06,1828.5780455552865,1832.0216953585923,1808.7770591862793,1828.2337646484375,1829461
2019-12-09,1831.978909576853,1831.978909576853,1767.8840090878682,1773.8673095703125,2244747
2019-12-10,1773.4796155584113,1774.211475201418,1724.6228348870814,1732.8875732421875,4520045
2019-12-11,1743.6920397698138,1763.1486394800818,1727.63600208821,1757.8970947265625,4943024
2019-12-12,1765.8174883436593,1793.840018509318,1708.0501828638508,1739.81787109375,7137306
2019-12-13,1741.6260103915208,1788.4595669336036,1727.8514102104707,1783.1650390625,5711133
2019-12-16,1804.472739361702,1838.9092420212764,1790.9564541045654,1830.94580078125,5574177
2019-12-17,1830.7307149538742,1867.3195018739493,1824.2738702032727,1863.832763671875,6059673
2019-12-18,1871.623989875555,1896.9778238746098,1853.5448252999402,1866.2432861328125,8251081
2019-12-19,1876.6172677152076,1925.4309685429296,1866.0710887012792,1919.0172119140625,6251505
2019-12-20,1911.2253621582345,1934.2116792069164,1901.1096423360004,1913.721923828125,5548338
2019-12-23,1902.6164601785595,1930.1225701339943,1902.6164601785595,1921.2982177734375,2247329
2019-12-24,1927.58313513529,1931.5003291438366,1903.6066373442857,1907.4378662109375,1805896
2019-12-26,1908.1265460318584,1918.9741285439586,1889.8752414893625,1895.6864013671875,1880367
2019-12-27,1900.8944877188992,1916.7351910430841,1873.3452922447123,1892.7158203125,2720261
2019-12-30,1900.033949660197,1915.5303751671674,1874.2927491415521,1879.544189453125,2288830
2019-12-31,1884.5374996484768,1891.4247997842408,1857.3756677013128,1861.0345458984375,1909289
2020-01-01,1866.4581725045587,1880.1465962460331,1854.4053983278686,1866.1138916015625,1354908
2020-01-02,1876.746366508135,1876.746366508135,1850.2733042531497,1857.5479736328125,2380752
2020-01-03,1863.0146574243095,1913.8084951267283,1863.0146574243095,1894.5670166015625,4655761
2020-01-06,1898.311969109656,1916.3480430606007,1883.5902820104254,1894.394775390625,3023209
2020-01-07,1894.437613985228,1906.6194395858722,1880.060419869474,1899.0435791015625,2429317
2020-01-08,1898.3117850341391,1945.6619656132218,1895.772135567089,1941.5726318359375,5197454
2020-01-09,1935.9766286092424,1938.731506066248,1902.6162753647252,1906.361328125,3734173
2020-01-10,1918.1134862614306,1923.278962436282,1900.8952323452597,1905.67333984375,1915807
2020-01-13,1909.3746762816877,1910.3215538243012,1880.8353037248214,1885.6995849609375,2843893
2020-01-14,1889.7031004168168,1919.6629000364817,1889.7031004168168,1899.9478759765625,2948452
2020-01-15,1905.1995369232427,1920.6959633419585,1889.0143384047255,1917.1661376953125,2620681
2020-01-16,1917.2089917823173,1936.192153869222,1906.9211297555921,1927.410888671875,3117214
2020-01-17,1929.090091500747,1940.109815863153,1905.1997645838014,1910.451416015625,3281059
2020-01-20,1889.6166781001389,1930.337879575038,1856.2994078692968,1868.4814453125,5817599
2020-01-21,1868.136774614394,1882.428004178045,1857.8920013786455,1869.0838623046875,1902980
2020-01-22,1877.650324377712,1902.6167890301438,1871.3656205491461,1899.9478759765625,1773686
2020-01-23,1906.7646483988144,1913.6244029087607,1884.2437223281115,1890.49951171875,2069866
2020-01-24,1890.4994327121674,1890.4994327121674,1872.422401429644,1883.9847412109375,1319430
2020-01-27,1889.4203733868817,1892.6561255712888,1868.1075944644426,1871.7747802734375,1549101
2020-01-28,1875.8735427026688,1887.7811537811806,1856.8904617737549,1884.2864990234375,1743024
2020-01-29,1885.365115766797,1887.0476649278505,1855.1647592213335,1859.134033203125,2306761
2020-01-30,1863.793827628287,1868.1081651922416,1833.5934646806065,1844.681396484375,2098567
2020-01-31,1846.0181264616015,1850.2894879150583,1787.5158949308968,1793.9442138671875,3287223
2020-02-03,1856.890647294887,1893.7350431921934,1806.154001974521,1814.1787109375,4728073
2020-02-04,1837.0447955624147,1843.6888327753682,1800.4593000561017,1818.7088623046875,3509339
2020-02-05,1824.9649618318092,1860.9464983796906,1815.732320705576,1852.1884765625,2439322
2020-02-06,1850.8506674679463,1876.0463547017441,1825.3960778687367,1836.4840087890625,2640065
2020-02-07,1845.6734313118186,1856.027840463638,1828.416082725453,1843.5594482421875,2083442
2020-02-10,1847.313036537069,1869.833963649307,1828.4163216303098,1865.4764404296875,2383032
2020-02-11,1866.382121760579,1876.563998861233,1853.0940485237627,1858.0985107421875,1335820
2020-02-12,1856.1141974145087,1885.3653187824807,1855.1649589850497,1873.0694580078125,1620407
2020-02-13,1874.9678227925779,1895.7198275338772,1873.2852733618786,1891.3623046875,1645948
2020-02-14,1887.9538649992403,1908.6626825312246,1873.2851192474182,1884.6749267578125,1500115
2020-02-17,1895.6760770557526,1912.9766067683215,1889.8517233815594,1901.1121826171875,1774724
2020-02-18,1898.264848076973,1916.428246621312,1886.2710770383237,1911.898193359375,2486223
2020-02-19,1911.898109726275,1924.19396804224,1890.1107116576352,1895.1585693359375,1760463
2020-02-20,1902.1910792287701,1910.7333817570156,1856.2433926926249,1861.0323486328125,2317278
2020-02-24,1860.3422008075736,1880.1449664251581,1817.8027938795426,1825.2667236328125,3092877
2020-02-25,1825.3960802358351,1878.160340242966,1821.5131767326154,1860.4715576171875,2674567
2020-02-26,1858.6163380149562,1867.1586408194346,1823.1955899052696,1832.38525390625,2686842
2020-02-27,1829.2357259419773,1829.2357259419773,1800.1139508187418,1816.767333984375,2349001
2020-02-28,1784.4097900615243,1785.7040911665013,1717.106132602724,1725.8642578125,4298076
2020-03-02,1755.935156590717,1772.2864516660845,1713.3957516968874,1726.8565673828125,2667076
2020-03-03,1742.9921711214558,1777.5068675793063,1736.0892318298856,1756.9705810546875,2757585
2020-03-04,1774.0554386274966,1807.2326492264394,1747.306548259086,1797.525390625,3237002
2020-03-05,1799.6825569678913,1853.2235231419756,1798.2589099725126,1833.636474609375,3937056
2020-03-06,1810.2955945561755,1832.4280565264742,1787.5159821111783,1826.2154541015625,2595027
2020-03-09,1790.4498229335236,1794.6777888534073,1669.6483890970449,1701.87646484375,4940975
2020-03-11,1667.9226231528094,1714.7763633901254,1656.7053473633698,1685.783935546875,6796449
2020-03-12,1642.8995588611901,1646.6961965549096,1517.2228987467024,1527.1458740234375,8728786
2020-03-13,1456.4338918430894,1570.4186532461188,1299.52147769336,1558.597412109375,8029720
2020-03-16,1514.3324465174235,1589.617635097848,1446.0364635471321,1463.7684326171875,7844271
2020-03-17,1492.7606083371813,1493.6234757408445,1400.5632473218768,1430.6341552734375,5713248
2020-03-18,1446.8562063693034,1478.566585684495,1404.5325151102961,1427.5279541015625,7258778
2020-03-19,1355.6470131502917,1464.945350805278,1344.3912824481113,1422.26904296875,5135111
2020-03-20,1416.749846346719,1624.481879031913,1414.1423312920933,1562.2926025390625,8547498
2020-03-23,1408.0581893120006,1521.0505131456798,1406.1025529379563,1451.2559814453125,7003490
2020-03-24,1436.7847075341913,1538.4343227468346,1419.227370812281,1480.3302001953125,6350865
2020-03-25,1477.5923742985472,1573.2012926355121,1460.2089346009172,1521.311767578125,2765520
2020-03-26,1591.9751681101268,1592.3663591097686,1497.1920398088018,1556.643310546875,4556067
2020-03-27,1581.8926819633803,1607.9678360616779,1521.398345675345,1585.803955078125,4331250
2020-03-30,1534.957252946435,1655.7721216664543,1532.8278246788052,1545.8218994140625,8513547
2020-03-31,1597.0161408921042,1612.3135419569662,1547.1256629021022,1587.1944580078125,3927593
2020-04-01,1587.020759949897,1594.7129089132225,1479.330356163131,1485.197265625,4941878
2020-04-03,1512.358789321039,1512.358789321039,1434.1333347009852,1437.7838134765625,5735369
2020-04-07,1486.2836589023104,1552.2103134295141,1481.9378002505493,1542.95361328125,5427577
2020-04-08,1529.7423428424756,1569.7242449849496,1478.4612074858246,1482.3289794921875,6285615
2020-04-09,1521.4420708322798,1546.0831816835475,1504.7105099876444,1535.088134765625,5307397
2020-04-13,1530.6118712919213,1553.2103429861802,1517.5742914683103,1529.0908203125,2990438
2020-04-15,1551.471750130801,1574.939390048746,1501.755162818742,1508.1435546875,4761399
2020-04-16,1486.2400820929606,1534.001129900537,1455.906075130439,1491.5421142578125,6245533
2020-04-17,1564.509491842267,1609.6629316806784,1523.6584106663854,1569.8983154296875,9895823
2020-04-20,1590.5844393427715,1590.5844393427715,1566.6822141613911,1580.7193603515625,3244282
2020-04-21,1534.088481849694,1559.8159501836424,1501.6683258838823,1510.316650390625,5122541
2020-04-22,1510.3165307727513,1555.8176572378761,1494.2368510750416,1537.9996337890625,3829836
2020-04-23,1547.1258412501666,1651.4264597614135,1530.481179659398,1632.52197265625,5934366
2020-04-24,1599.8845171073644,1609.6627000241397,1571.2888492796994,1580.6324462890625,2987102
2020-04-27,1592.5836695182143,1629.6972661526988,1586.2386723886268,1596.321044921875,3374741
2020-04-28,1621.0053920268892,1623.6129074028038,1592.8442047469975,1615.8338623046875,2678505
2020-04-29,1628.828091321007,1662.334709492323,1608.0114673858327,1656.33740234375,4241510
2020-04-30,1720.9602703223186,1766.157206714622,1688.1055318124968,1750.9031982421875,5915544
2020-05-04,1708.7919252046543,1708.7919252046543,1663.2907982637025,1677.892822265625,3729348
2020-05-05,1699.3179382645765,1718.35282384586,1674.8942294137441,1679.8919677734375,2905528
2020-05-06,1686.0197515758982,1698.1011565179676,1645.863944765996,1654.5556640625,3517431
2020-05-07,1660.1181042277117,1681.3693118653628,1636.9546550089183,1644.1688232421875,3166754
2020-05-08,1685.411176065115,1685.7588660381168,1639.4754632969311,1645.6900634765625,2686530
2020-05-11,1659.2492557388434,1696.102167709688,1659.2492557388434,1682.1085205078125,2449841
2020-05-12,1680.4569156285386,1700.5347646168789,1660.335565606641,1694.4505615234375,3256595
2020-05-13,1733.1286832641551,1733.1286832641551,1673.720808044299,1694.5809326171875,2656665
2020-05-14,1660.1184249204525,1671.5045562483178,1643.6910538412735,1653.46923828125,2263146
2020-05-15,1665.333219059684,1666.5500808364236,1621.1792478470898,1645.25537109375,3173682
2020-05-18,1657.5108972663743,1697.4493056545443,1627.1767751996877,1691.0609130859375,3727694
2020-05-19,1654.0340747591624,1709.1829876756553,1654.0340747591624,1693.7117919921875,3198693
2020-05-20,1694.8851626145165,1706.0975010641368,1678.9792748022548,1698.01416015625,2778505
2020-05-21,1691.4083017868538,1736.6052348253515,1687.1928398292391,1730.69482421875,3400908
2020-05-22,1718.4396885700246,1766.1572456089036,1704.6633356055424,1756.0313720703125,3663418
2020-05-26,1751.381403068507,1759.2039502782425,1673.1559309711545,1688.801025390625,4575317
2020-05-27,1702.7078576194992,1747.0356272665613,1687.280055438414,1742.9505615234375,3482160
2020-05-28,1728.3482191243363,1750.5121012403388,1713.3985057841626,1742.0811767578125,3475681
2020-05-29,1722.6986871909753,1740.647107952109,1705.6629393550168,1714.3111572265625,7237735
2020-06-01,1729.6521994321827,1790.494236598139,1721.9165477724925,1777.6739501953125,3747773
2020-06-02,1790.667947279619,1808.7467656570238,1773.1542179703627,1779.3253173828125,2443886
2020-06-03,1788.6524997461158,1799.0259622608462,1760.8879194509555,1783.68359375,3699799
2020-06-04,1784.20696966869,1830.6264254570656,1784.20696966869,1823.2603759765625,4048593
2020-06-05,1823.3037212604454,1828.882687226329,1778.5840972587184,1785.5142822265625,3573289
2020-06-08,1811.6661017532872,1826.267524683333,1797.5877999980617,1805.9998779296875,2957841
2020-06-09,1798.4596842195813,1826.703548006938,1795.9751776575015,1806.2615966796875,2909439
2020-06-10,1810.619728061866,1858.5210608698874,1807.5250561508965,1838.25341796875,5168397
2020-06-11,1830.6263515318167,1834.9849857021306,1797.3264290354057,1802.4259033203125,2269513
2020-06-12,1753.216808991971,1786.3424257178842,1753.042506205565,1777.88671875,2842642
2020-06-15,1777.538154804707,1794.8855399751556,1744.2817550133034,1769.518310546875,2399022
2020-06-16,1800.115896683337,1807.9178092155557,1770.4771845829816,1783.3787841796875,2146528
2020-06-17,1783.5530415703113,1794.7548161349644,1766.597997791723,1785.1221923828125,2703527
2020-06-18,1782.681318079086,1795.059796158175,1765.421084757349,1776.6663818359375,1944389
2020-06-19,1780.0660512283362,1821.9089358801286,1771.3487835925462,1782.33251953125,5681758
2020-06-22,1787.039854894063,1789.001240100654,1760.1471056771952,1767.8182373046875,3196138
2020-06-23,1766.9902109843727,1781.8095664785683,1752.1708554901772,1774.2255859375,4205944
2020-06-24,1773.092361119164,1799.4620975615703,1771.000195457869,1780.240478515625,2560937
2020-06-25,1773.9641845541364,1795.757356354556,1751.5172175997045,1757.488525390625,3043931
2020-06-26,1765.2467072098596,1858.5214714920594,1760.8444444616637,1847.058349609375,6300722
2020-06-29,1837.6001255988656,1854.6860562985216,1823.0423303564878,1832.0645751953125,3076341
2020-06-30,1830.626449993586,1840.999914747305,1808.8769068786894,1815.0660400390625,3071725
2020-07-01,1812.9301341050098,1842.7867761932632,1812.755831314534,1823.696044921875,2503466
2020-07-02,1832.369428474484,1887.288207729428,1828.8825218551224,1880.445068359375,3758699
2020-07-03,1886.111489477367,1922.157475565958,1883.1477036695514,1917.49365234375,4185208
2020-07-06,1922.1572748611202,1978.7322496583154,1922.1572748611202,1972.8917236328125,5190366
2020-07-07,1983.1784356779397,2007.325225055256,1945.8248578148325,1978.7325439453125,5630055
2020-07-08,1978.819861312187,1982.6553741516789,1924.424193425952,1934.2745361328125,2793358
2020-07-09,1943.0791684654964,1956.5909347782892,1909.9971767354143,1921.5911865234375,3443998
2020-07-10,1922.3759758731046,1961.2550853872046,1896.8779610020974,1937.2825927734375,9610320
2020-07-13,1935.23388671875,1956.9834322051422,1926.5166169587555,1935.23388671875,2963503
2020-07-14,1926.5160459278216,1951.796120738639,1887.2883436351735,1893.3468017578125,2976738
2020-07-15,1904.7231073718253,1970.1026190665104,1901.323457893274,1947.3504638671875,5569321
2020-07-16,1960.5428640909918,2038.3005801801621,1939.6619447538658,1952.4613037109375,8582118
2020-07-17,1954.4274555393936,1960.4557785528784,1913.4081110572538,1922.7564697265625,4509135
2020-07-20,1922.9746075604314,1945.6028922243688,1914.0630913851148,1929.0029296875,2952646
2020-07-21,1948.311378727107,1955.8686447186794,1923.1055609956898,1943.9866943359375,2665286
2020-07-22,1949.1856059377783,1949.1856059377783,1908.297223359129,1914.194580078125,2861534
2020-07-23,1914.1940670675217,1914.1940670675217,1889.7746910432481,1896.9388427734375,2265766
2020-07-24,1882.3486086733637,1889.7749085915461,1856.662433100428,1884.8822021484375,3665100
2020-07-27,1891.5226310211922,1935.2067564489334,1890.21210725836,1928.0426025390625,4248480
2020-07-28,1935.2062738564948,2026.942914377909,1935.2062738564948,2017.9876708984375,8092319
2020-07-29,2002.480236789746,2046.1643606289638,1962.3345696417819,1988.5450439453125,6090431
2020-07-30,1997.1500745623957,2060.1426470991446,1985.2243977400472,1991.55859375,7098496
2020-07-31,2012.2212171350845,2039.8733887182207,1972.29398040746,1993.2186279296875,4723290
2020-08-03,2001.1255991031105,2012.8330700076351,1948.923081215638,1969.410888671875,4012337
2020-08-04,1974.4783150628903,1982.95299090078,1943.9868874364445,1965.5230712890625,2927928
2020-08-05,1974.5219241414723,2009.4692148342417,1968.4061482702375,1974.0850830078125,3800641
2020-08-06,1987.6266927001523,2026.5055444914299,1979.1957461153668,2016.545654296875,4748047
2020-08-07,2016.4579975183353,2033.9316370115619,1998.1106760504476,2005.406005859375,3165491
2020-08-10,2025.1957151545894,2031.311491688706,1988.5447827282626,1994.442138671875,2929353
2020-08-11,1994.6160924112835,2019.9528715089302,1988.150930651706,1991.9075927734375,2774423
2020-08-12,1999.2906903925411,2006.3236612599273,1962.7707328189088,1972.20654296875,3415751
2020-08-13,1985.8799456630209,2009.4693686867347,1966.2220931432594,1969.673095703125,2695682
2020-08-14,1989.3741765704694,1993.13105232658,1951.0196170286945,1958.92626953125,2270405
2020-08-17,1977.1431732497097,1983.258949746726,1955.5195349209735,1968.7557373046875,2625630
2020-08-18,1976.9684776303945,1999.8589126951617,1964.3000834695908,1983.04052734375,3493374
2020-08-19,1988.8067386607693,1996.0146174535985,1967.9693310118732,1971.551513671875,2843005
2020-08-20,1971.9007202139996,1988.9812498393426,1957.09184962321,1968.2750244140625,2895164
2020-08-21,1974.5219041447879,1984.1324089879706,1957.9656680070264,1964.56201171875,1975294
2020-08-24,1966.3088388382914,1974.4776377416429,1948.310903912136,1964.1246337890625,2167966
2020-08-25,1961.4167641168078,1965.7851756181815,1951.4131444389304,1959.363525390625,1663419
2020-08-26,1958.7954284654425,1974.434254014468,1936.4728063237833,1968.8427734375,2618149
2020-08-27,1979.7639778766281,1998.4171792287868,1958.5771833207991,1964.3870849609375,3579393
2020-08-28,1981.8604109047928,1991.9514819248664,1952.7669673136386,1955.7811279296875,2941136
2020-08-31,1957.048364990586,1988.6756218002542,1946.5641773209934,1972.119384765625,6018154
2020-09-01,1982.3851321860006,1990.2482728601628,1958.184175215792,1962.5963134765625,3610908
2020-09-02,1963.1637507175535,1982.1663370896526,1958.4894659905624,1979.02099609375,2084137
2020-09-03,1981.5113575556506,2030.4375639150494,1981.5113575556506,2009.0323486328125,4654146
2020-09-04,1987.627223684456,2030.6560767686142,1977.0993093558811,1999.68408203125,5231303
2020-09-07,1999.8587631747334,2047.4744480122272,1994.922543553401,2033.1024169921875,4620401
2020-09-08,2040.8782019735902,2088.4938890955514,2033.1025145347644,2051.580810546875,7453998
2020-09-09,2031.3106824756815,2061.0158709505945,2026.9422724058413,2033.6258544921875,3866535
2020-09-10,2040.04808821173,2051.842798785973,2030.6997306390779,2036.684326171875,2308813
2020-09-11,2036.5097093849656,2081.9849156454634,2035.8107208864612,2074.209228515625,4145424
2020-09-14,2082.945725165169,2189.2290747203224,2080.9799403031034,2176.691650390625,7512131
2020-09-15,2176.691650390625,2217.405324409928,2153.2771391190695,2176.691650390625,7318770
2020-09-16,2174.5513819485627,2190.845683805475,2164.3730691105566,2186.82666015625,3074003
2020-09-17,2166.732069113539,2180.492565116982,2141.045895227648,2150.08837890625,4828176
2020-09-18,2171.100414657407,2184.555036131934,2128.639371529087,2140.43408203125,4183256
2020-09-21,2153.6267686776287,2188.486605495123,2142.399866327681,2153.888916015625,4598809
2020-09-22,2171.1003930422703,2232.258150592757,2147.510972272797,2204.256591796875,7499613
2020-09-23,2192.9425582597637,2201.548414177455,2104.700646552897,2155.767333984375,7502280
2020-09-24,2140.5218532683703,2140.5218532683703,2011.741154437178,2037.645751953125,8424708
2020-09-25,2068.8798064775124,2131.7849357285177,2054.9883424217905,2116.32080078125,8228267
2020-09-28,2131.7845891453367,2135.2793179800015,2067.132105704044,2119.815185546875,4347166
2020-09-29,2127.2850485816925,2193.8595851359632,2119.8150236079905,2174.070556640625,6995811
2020-09-30,2174.5953212732065,2188.5742385654407,2149.2585336810316,2177.478515625,3917166
2020-10-01,2192.942376155071,2219.152842802343,2177.4782434934455,2204.693359375,2610337
2020-10-05,2289.047776689921,2383.492924857861,2274.2389033903096,2364.009765625,17412105
2020-10-06,2390.3946533177104,2390.3946533177104,2315.345432819533,2371.435791015625,9846367
2020-10-07,2395.6364054953706,2420.099505186789,2361.5628023537515,2390.3505859375,9656101
2020-10-08,2446.3105665450184,2520.5735658865633,2446.3105665450184,2468.76416015625,19839329
2020-10-09,2455.0467038997144,2472.389378925716,2428.8362408687567,2457.6240234375,7739245
2020-10-12,2459.8528451872376,2493.48961824343,2446.9660295358394,2472.521240234375,4623203
2020-10-13,2485.6262322880257,2494.275602046449,2456.9694091641186,2469.5068359375,4209878
2020-10-14,2493.591484344709,2493.591484344709,2445.816700894613,2465.16357421875,4395936
2020-10-15,2466.3921979229785,2481.08877185226,2392.689976426881,2404.622802734375,6629355
2020-10-16,2412.9580606397767,2431.8660178338555,2396.462759469137,2424.539794921875,5273773
2020-10-19,2433.927831688607,2433.927831688607,2374.790665802685,2379.1337890625,3331194
2020-10-20,2390.935047006207,2421.556478070708,2384.749282299319,2403.21875,3406273
2020-10-21,2403.218220333956,2411.992291967158,2336.5791891219355,2347.4150390625,4570143
2020-10-22,2334.7804382219956,2357.2858460515677,2314.687900067399,2343.68603515625,5262294
2020-10-23,2358.2951318156306,2370.7542713023095,2342.7650671070573,2357.417724609375,3499091
2020-10-26,2360.182191594963,2377.73034107311,2343.1166590696266,2358.646728515625,2672752
2020-10-27,2368.78002758539,2384.92423396798,2302.4042602881736,2307.71240234375,3537502
2020-10-28,2325.129022950541,2330.349552820302,2286.5231070977775,2300.737060546875,3569445
2020-10-29,2288.2780038158885,2329.5161426883374,2281.4780979379843,2309.906005859375,3105968
2020-10-30,2312.9334756022067,2346.4943049198955,2300.2110697170697,2338.158935546875,3427003
2020-11-02,2333.9036946538213,2338.159206247563,2281.303163625868,2285.29541015625,2571196
2020-11-03,2284.768648028696,2338.290494238278,2282.1803392918623,2310.739990234375,2879269
2020-11-04,2290.0330275168576,2388.1711186140983,2290.0330275168576,2327.89306640625,4893928
2020-11-05,2355.838494478542,2377.7736759913773,2340.0451637893,2356.45263671875,2816502
2020-11-06,2368.1218412736484,2380.6248928624404,2352.5917779318206,2375.535888671875,3884421
2020-11-09,2396.2872000990988,2407.6056687613727,2364.700536806311,2392.3388671875,3646592
2020-11-10,2366.54277661708,2380.5373793223025,2314.907488813569,2324.7783203125,4760020
2020-11-11,2340.8787893721637,2362.6824467053125,2319.3383970741124,2358.29541015625,3242441
2020-11-12,2356.7163191193627,2380.4063193487827,2335.4391892836798,2343.59912109375,2437505
2020-11-13,2330.174658771943,2338.2028506467973,2312.845862947507,2331.139892578125,2548093
2020-11-17,2364.6128140653127,2364.6128140653127,2325.1733964279747,2339.2119140625,2827273
2020-11-18,2334.780872755015,2337.588533329928,2287.44479080005,2304.641845703125,2893762
2020-11-19,2313.7225920219184,2348.072995331811,2308.326623879536,2313.634765625,4167501
2020-11-20,2329.5161706856147,2347.9417223181563,2305.4313853223703,2334.12255859375,2711471
2020-11-23,2360.22565521187,2395.3219474826788,2338.2904725426147,2390.27685546875,3706418
2020-11-24,2399.182286502763,2406.728074498653,2373.3865991683765,2388.346435546875,3120516
2020-11-25,2394.444520212119,2397.9102362028125,2358.6462595522107,2370.140380859375,3302249
2020-11-26,2356.716324684944,2396.1557452808297,2351.451880177085,2387.07470703125,2341099
2020-11-27,2373.3868933656686,2384.5299239230485,2341.84414182095,2351.14453125,6086808
2020-12-01,2350.5740502730196,2400.4984376982857,2302.7114413829427,2392.51416015625,3605017
2020-12-02,2385.6705053037354,2416.993903814778,2371.1493713020454,2412.475341796875,2509032
2020-12-03,2433.8401196354857,2433.8401196354857,2369.701772006041,2377.291259765625,2852548
2020-12-04,2378.476276047453,2403.0875990804852,2368.1228247827503,2393.1728515625,2686527
2020-12-07,2382.1610204520057,2407.6058342984543,2374.395879507655,2402.078125,1996400
2020-12-08,2404.096577152512,2461.6106822692545,2397.47210761053,2454.3720703125,4277818
2020-12-09,2469.90113164754,2491.8363104365944,2450.729699701614,2466.216064453125,3659996
2020-12-10,2472.5341640351744,2480.6940960631146,2439.4120332004236,2442.965576171875,2127801
2020-12-11,2450.3355971534,2463.496708121257,2425.636664588039,2442.351318359375,1795408
2020-12-14,2458.4953064210545,2460.250121058043,2418.35392159994,2454.722412109375,2483658
2020-12-15,2444.4569621429314,2452.0903635113427,2417.2573333466535,2423.00439453125,2365509
2020-12-16,2438.3147702478095,2474.1130292202633,2422.038822767984,2469.199462890625,2565149
2020-12-17,2466.3916470047525,2503.856891721161,2461.1272037880935,2490.257080078125,2863460
2020-12-18,2516.40405793975,2542.7262761190364,2497.2765365539835,2510.26220703125,6076692
2020-12-21,2510.2618453418454,2532.6357275705127,2443.5789022289546,2474.419677734375,2705195
2020-12-22,2486.572357076806,2530.1355450441774,2473.104068964434,2520.3525390625,2881737
2020-12-23,2523.4675132053526,2561.1521169625594,2514.166909384758,2552.15869140625,2790988
2020-12-24,2552.3776362378235,2563.213701230318,2529.740486824709,2552.684814453125,1807144
2020-12-28,2553.2547545084008,2588.0877748119547,2546.2354974513332,2570.2763671875,2108994
2020-12-29,2562.028680712549,2590.105707350495,2562.028680712549,2571.241455078125,1994151
2020-12-30,2574.66366184612,2586.333220719538,2546.235753589584,2552.640869140625,2637968
2020-12-31,2544.4810275167015,2548.868063771041,2496.223628718971,2511.797607421875,4040956
2021-01-01,2526.9326816357893,2579.5771125032015,2526.055274454666,2569.267578125,2681440
2021-01-04,2588.351649737457,2676.750439131033,2580.4110704783106,2666.835693359375,5113293
2021-01-05,2666.9670963421863,2732.465460238625,2666.9670963421863,2713.820556640625,5801309
2021-01-06,2719.962702449103,2731.807701314607,2664.86147969927,2677.408447265625,3726716
2021-01-07,2698.027770351646,2703.1606893551684,2632.4415668284637,2661.001220703125,3717827
2021-01-08,2711.1892188860916,2744.530704425791,2684.866993460013,2738.301025390625,5879039
2021-01-11,2834.0254854086306,2834.0254854086306,2760.8058914838007,2787.040283203125,9508039
2021-01-12,2787.04019767348,2816.4772535551247,2763.8328189092344,2785.636474609375,3611458
2021-01-13,2785.7679758628506,2787.522790335835,2742.994373083854,2771.685546875,3572801
2021-01-14,2773.4876180137585,2871.5046923112336,2743.0714714427045,2857.615234375,6931542
2021-01-15,2843.8136722370205,2878.0976701403415,2821.8367505041224,2842.36328125,4131692
2021-01-18,2857.0004307271865,2862.9342008525427,2801.970121198734,2832.16650390625,4160906
2021-01-19,2842.0561027782105,2882.493647080035,2841.177025728171,2866.406494140625,2975735
2021-01-20,2874.5819530880785,2925.5244252045945,2872.032715490812,2908.690185546875,3453446
2021-01-21,2905.349471166,2908.997554851266,2867.637153892933,2877.96630859375,2778546
2021-01-22,2849.879517446125,2922.9308988404446,2849.879517446125,2903.67919921875,3052459
2021-01-25,2908.821529985637,2935.9411388007775,2882.185456399921,2893.305908203125,2272887
2021-01-27,2900.9538707074753,2906.6238739856344,2836.781254779704,2866.7138671875,2786662
2021-01-28,2839.418508372636,2878.976970563586,2798.8051967802726,2810.013427734375,3083938
2021-01-29,2821.8808128923442,2827.858578666377,2725.138358250766,2735.115966796875,5445659
2021-02-01,2725.1394261569803,2782.2794463828523,2675.999094610116,2759.731201171875,3985846
2021-02-02,2790.190327490405,2834.144176379668,2769.092480023559,2816.0791015625,2881837
2021-02-03,2824.473845738344,2844.692612763549,2780.2122416423435,2813.08984375,2505866
2021-02-04,2827.155677875,2846.319599731516,2791.948600489851,2802.89306640625,2057261
2021-02-05,2812.122715579773,2818.188474333651,2750.6313357061786,2776.08056640625,2366135
2021-02-08,2803.8165112464503,2835.9028265499446,2773.6201259285253,2825.44189453125,2526592
2021-02-09,2808.6511262714807,2853.3082825643633,2781.3997381918516,2792.73974609375,2658751
2021-02-10,2799.860116229869,2830.1002777917115,2775.509727373465,2824.738037109375,2127983
2021-02-11,2826.2324936093946,2830.0125675509667,2799.904180954972,2818.32080078125,1165882
2021-02-12,2799.1567465888947,2853.044205879988,2797.2228202465326,2804.958740234375,2777404
2021-02-15,2820.958258279834,2820.958258279834,2752.873783564449,2760.170166015625,2630853
2021-02-16,2769.0924397531107,2784.6080623380185,2725.1385915030614,2732.87451171875,3435770
2021-02-17,2729.6219174175817,2754.0163027275794,2677.2728422340697,2701.491455078125,3678426
2021-02-18,2694.371338409791,2723.292889441269,2664.482716711281,2687.646484375,4189909
2021-02-19,2688.2170336452054,2713.842038226488,2651.4275812648107,2700.392333984375,3725028
2021-02-22,2721.6224072152963,2721.6224072152963,2587.255401166751,2600.705322265625,5366696
2021-02-23,2610.8584096583413,2661.844870183656,2609.1002558471237,2619.824951171875,3832829
2021-02-24,2612.616787592777,2640.17593679513,2567.915637260526,2591.60693359375,3774549
2021-02-25,2614.3749823229737,2663.5153004809417,2609.496062078548,2633.099365234375,4224073
2021-02-26,2602.0678136150045,2612.9244999684947,2531.7416564902746,2544.3125,5553153
2021-03-01,2572.179061062959,2606.463060851563,2550.9054425793493,2570.5966796875,3265871
2021-03-02,2602.06768713035,2659.2076870166584,2591.518764074416,2642.81298828125,3306469
2021-03-03,2667.99824406464,2693.4914727558676,2634.505330178127,2689.18408203125,3509857
2021-03-04,2657.4500710919388,2708.8320846205593,2651.3405281757014,2680.92138671875,3916760
2021-03-05,2651.3842299729936,2692.78862797106,2634.2422284443805,2644.3076171875,3203686
2021-03-08,2651.2957762968877,2666.2400827282695,2633.714239318792,2643.340087890625,2003125
2021-03-09,2643.3403896236246,2696.0410098074835,2630.2862256983,2682.019775390625,1942397
2021-03-10,2703.161867395375,2719.161026418552,2689.9757119446654,2699.6015625,3053778
2021-03-12,2703.16164489604,2740.0828771190104,2673.5807911171387,2688.17333984375,2938317
2021-03-15,2673.2726511372366,2724.2591074890815,2673.2726511372366,2695.38134765625,3097083
2021-03-16,2689.9753029434173,2761.180531550743,2689.9753029434173,2733.97314453125,4894756
2021-03-17,2729.534329366762,2773.4881833018144,2712.216553840037,2736.52294921875,3838390
2021-03-18,2747.951031001596,2765.9721116380324,2625.8473070733103,2669.317626953125,3656306
2021-03-19,2663.603283404112,2724.259595798463,2641.6263586235505,2681.360595703125,5776626
2021-03-22,2680.04212576032,2759.8183670461376,2653.6258178158228,2751.203369140625,2821646
2021-03-23,2760.301716349093,2785.7949487612345,2745.225631994102,2762.58740234375,3305973
2021-03-24,2734.984264961801,2771.1144147890072,2734.940268188996,2743.687255859375,2207104
2021-03-25,2735.862929607131,2752.2578416304186,2681.1843924615882,2694.23876953125,3179786
2021-03-26,2716.918980645141,2740.9618201102044,2675.075048275299,2695.953125,3697370
2021-03-30,2710.194572009367,2802.8932049268724,2690.766883164461,2776.60888671875,4694008
2021-03-31,2773.4874709541155,2817.4413135999807,2753.268703337017,2793.574462890625,3530069
2021-04-01,2805.2225588414717,2826.232412232795,2764.697025341257,2782.278564453125,4285076
2021-04-05,2787.5527106778604,2868.4277814386187,2769.9711735559567,2847.241943359375,5317862
2021-04-06,2878.9768984351203,2878.9768984351203,2839.4184372352483,2869.92236328125,2291562
2021-04-07,2864.911301067923,2881.2182186877626,2843.6376853583197,2875.811767578125,2491268
2021-04-08,2874.5816745617008,2931.721677267056,2871.1093634748245,2916.2060546875,2578118
2021-04-09,2948.424367663105,2948.7321304719153,2907.986824159079,2920.513671875,2911129
2021-04-12,2920.5133666529578,2934.4468220123777,2824.649983332408,2853.96728515625,3791828
2021-04-13,2825.35344676723,2825.35344676723,2701.4475879106244,2728.698974609375,8654596
2021-04-15,2778.147294061527,2845.7922313533463,2714.1064439685506,2829.705078125,6062760
2021-04-16,2838.539556337448,2854.3629419100944,2797.7504704864327,2808.78271484375,3224657
2021-04-19,2785.7951320593206,2803.3766728107203,2755.9945063330647,2779.4658203125,2679106
2021-04-20,2835.0232125941484,2835.330975379309,2748.3023558299074,2764.301513671875,3141893
2021-04-22,2767.3342876746483,2767.3342876746483,2729.753747395712,2741.665283203125,1988980
2021-04-23,2729.534143649376,2741.8412219138177,2717.2710621595616,2733.489990234375,1615309
2021-04-26,2726.940398802249,2771.7293216051144,2714.6333228420613,2725.841552734375,2490260
2021-04-27,2730.4130419734793,2756.8733443576716,2727.7758110894097,2753.26904296875,1471417
2021-04-28,2769.0484739187477,2769.9715476659917,2735.6875456479106,2746.324462890625,1639037
2021-04-29,2765.224258014511,2775.5534111245584,2729.9731900639367,2738.544189453125,1621395
2021-04-30,2724.259683391263,2753.3132218090022,2654.812598851763,2668.570068359375,3072305
2021-05-03,2659.1201616100943,2685.5804674477026,2640.7475365672335,2669.757080078125,1545831
2021-05-04,2692.4365953242295,2716.347442509376,2667.9982161863936,2680.964599609375,1990777
2021-05-05,2698.7666485777945,2724.6114290067053,2683.2948060480226,2721.35888671875,1939289
2021-05-06,2729.9736363116353,2755.027330929211,2702.282710681683,2735.2041015625,1791671
2021-05-07,2754.147807986654,2777.7511075730526,2735.51142144039,2754.059814453125,1912540
2021-05-10,2765.5320163029514,2781.575170224942,2747.115397601112,2765.136474609375,2137153
2021-05-11,2747.1155582763954,2749.8407827575666,2717.358716701784,2745.005859375,2415625
2021-05-12,2742.720044026913,2742.720044026913,2699.2937291771773,2714.238037109375,1978558
2021-05-14,2723.820284137604,2723.820284137604,2672.3942758684257,2682.503662109375,2043935
2021-05-17,2685.5802450608003,2703.3375576036415,2668.877781998229,2698.546630859375,2890462
2021-05-18,2725.1385878210285,2746.236434952546,2705.798894617137,2715.29296875,2098538
2021-05-19,2711.073095164463,2740.961709054084,2696.216781754915,2709.31494140625,1986041
2021-05-20,2696.2166289916227,2715.292553263747,2683.030476552131,2689.97509765625,2329027
2021-05-21,2690.8545812685134,2714.7654317164456,2685.6681130389425,2707.99658203125,1685566
2021-05-24,2708.875732421875,2729.5340415933547,2700.5245010546814,2708.875732421875,1652260
2021-05-25,2731.401643786127,2763.4240595646675,2722.656297882168,2750.8359375,1841613
2021-05-26,2756.135984743549,2795.887946061966,2741.825321802558,2790.14599609375,1923753
2021-05-27,2793.19440322374,2842.486892508261,2793.061982915368,2809.139404296875,5959785
2021-05-28,2817.530555049453,2825.0392585195646,2769.960623856827,2776.983642578125,1763701
2021-05-31,2782.637888857994,2800.6146992644194,2763.7337050232063,2790.720703125,1652799
2021-06-01,2799.068610059735,2800.261039677647,2766.736923725916,2785.287841796875,1377441
2021-06-02,2783.388774016387,2790.9856875450187,2751.719619257796,2764.484375,2240078
2021-06-03,2786.657161213381,2786.657161213381,2758.4773034623645,2774.908203125,1281706
2021-06-04,2763.2032672713717,2788.6887800926147,2760.5531362605616,2777.116455078125,1836060
2021-06-07,2778.2211008923114,2818.370548707964,2768.1506877795873,2811.966064453125,2559821
2021-06-08,2825.039546487309,2854.190986460442,2815.499032089733,2826.938720703125,2574057
2021-06-09,2828.57325355441,2844.474040114054,2814.615853329523,2827.02734375,1710925
2021-06-10,2835.6397227294783,2848.0069987787656,2820.6223160982004,2841.646728515625,1874324
2021-06-11,2837.0097753940586,2923.0948308603947,2836.5238748542542,2892.0,3452954
2021-06-14,2896.593304286982,2922.8295591519113,2888.952179184316,2894.25244140625,1847360
2021-06-15,2913.377567002768,2913.377567002768,2872.3447453737463,2882.238525390625,1304985
2021-06-16,2881.6644705700587,2910.4624340933915,2873.6256528423087,2892.48583984375,1635552
2021-06-17,2884.6675274167474,2946.9898164726833,2879.80895402805,2930.823974609375,2273413
2021-06-18,2960.1079111317467,2966.3799741161924,2893.059682915584,2912.759033203125,3380431
2021-06-21,2884.22590768231,2902.7768246995624,2872.4769504377414,2891.38134765625,1130569
2021-06-22,2918.678088985014,2939.0399753242036,2901.893923219059,2916.20458984375,1708688
2021-06-23,2940.761527212166,2940.761527212166,2876.6282817752945,2881.045166015625,1467104
2021-06-24,2901.0099814260343,2988.4643018161614,2896.151408071027,2980.16064453125,4155204
2021-06-25,2981.6184543641257,3003.172768596496,2959.313183355254,2986.521240234375,2722861
2021-06-28,2995.972796072502,2995.972796072502,2944.295246737329,2947.60791015625,1355238
2021-06-29,2952.246510371656,2973.71261879616,2938.554164198478,2951.230712890625,1497322
2021-06-30,2955.7794379997013,2987.5810099566615,2949.1541105086676,2955.55859375,1693146
2021-07-01,2966.3799194902176,2969.913427434816,2943.7213860627653,2951.80419921875,990310
2021-07-02,2942.5287620044955,2950.214098705569,2910.903822539493,2937.6259765625,1682274
2021-07-05,2952.2459856841406,2980.5140501790215,2916.9109050655393,2933.695068359375,1972858
2021-07-06,2926.628238859527,2939.878894936464,2876.3641697416374,2881.841064453125,2159420
2021-07-07,2893.059592841762,2899.8615524149545,2863.554888146933,2893.015380859375,2640710
2021-07-08,2913.377277397096,2913.377277397096,2854.985972804783,2878.48388671875,2485811
2021-07-09,2870.9752733935225,2899.2433376238587,2827.68980004082,2834.005859375,6365067
2021-07-12,2857.7245916296874,2858.6079686286457,2816.515140895574,2820.711181640625,1892226
2021-07-13,2839.173627711881,2839.173627711881,2804.721925322098,2815.808349609375,1809339
2021-07-14,2815.3223456699457,2846.2405389860573,2813.5555917661677,2839.659423828125,2044279
2021-07-15,2857.4102987057263,2861.172844684802,2827.6639663920655,2835.58740234375,2232968
2021-07-16,2844.4845758805604,2850.5490007565263,2825.893173423825,2828.3720703125,1256526
2021-07-19,2815.2697958513418,2832.798877430651,2811.7285759823467,2819.34228515625,1597058
2021-07-20,2819.3424168889087,2846.2556026952184,2794.155316482695,2838.11083984375,1811945
2021-07-22,2824.122085110485,2855.063442156888,2824.122085110485,2847.449951171875,2859334
2021-07-23,2859.5346985379906,2869.760012901406,2838.862743596103,2844.351806640625,1776193
2021-07-26,2832.9753500089523,2854.443991333239,2824.8748975730673,2830.806396484375,1259611
2021-07-27,2832.9753493862218,2841.828397353054,2798.581171579533,2817.880859375,1121367
2021-07-28,2822.3515580665385,2836.91477805401,2773.1285272482296,2831.027587890625,1660654
2021-07-29,2833.1968876310666,2855.5065269494357,2824.388147472567,2829.25732421875,1731997
2021-07-30,2849.7961978206204,2853.7800694857933,2799.6437665357093,2804.15869140625,2999943
2021-08-02,2815.268983158892,2855.0190782580185,2803.7600219069845,2850.14990234375,2608669
2021-08-03,2858.6492426950676,2912.652836316746,2849.751886091919,2908.1376953125,3804735
2021-08-04,2921.50559067461,2926.109132013964,2887.1557241383025,2898.443359375,2929598
2021-08-05,2899.3736831427177,2934.7858807994226,2888.3073713749973,2907.297119140625,2534521
2021-08-06,2897.2042808024594,2942.753169760051,2890.5201863016146,2930.181884765625,2292362
2021-08-09,2942.6648617114934,2954.262442321804,2930.3592100944475,2941.6025390625,1510489
2021-08-10,2935.3166732407713,2965.682454885937,2935.3166732407713,2951.517578125,2040777
2021-08-11,2965.771041469814,2974.6240893547983,2945.4976482687453,2960.63623046875,1929707
2021-08-12,2944.5234720260405,2981.706269928955,2944.5234720260405,2967.320068359375,1310205
2021-08-13,2975.2878628220637,3080.8604515720544,2972.4106224578086,3066.164306640625,4363584
2021-08-16,3063.1547303753764,3093.5650379258386,3042.3500667442145,3074.619384765625,2083489
2021-08-17,3082.720134220687,3152.3935833564606,3065.810724967882,3145.532470703125,4336019
2021-08-18,3163.9467164708954,3182.670826952774,3130.96911193571,3152.172119140625,2631309
2021-08-20,3103.878384428993,3164.9644108196376,3098.5665560471975,3151.2421875,2836148
2021-08-23,3169.391111627186,3251.72445614711,3153.367008657548,3220.20751953125,3744176
2021-08-24,3237.5593488015643,3246.722339074466,3182.1391870835214,3198.782958984375,2511141
2021-08-25,3195.9506271458217,3273.6361306173026,3193.3390209691447,3239.33056640625,2123263
2021-08-26,3240.2153511945357,3264.6498484951503,3229.5030773757558,3250.706298828125,1902533
2021-08-27,3245.5281062131676,3301.744973301148,3232.337148265412,3293.46728515625,3944728
2021-08-30,3288.907931618463,3311.350498845635,3264.650662131537,3276.779296875,2033114
2021-08-31,3283.9495746993503,3367.7881130904075,3278.682054309323,3352.162353515625,3207480
2021-09-01,3360.6170346733647,3378.942800881244,3281.8249071480936,3288.863037109375,2643336
2021-09-02,3305.728286676549,3416.524101420133,3295.1046285511825,3396.693359375,3403717
2021-09-03,3386.2910073224075,3414.5321452155067,3368.1865666025374,3401.385498046875,1746812
2021-09-06,3408.1578475277897,3432.857981147022,3376.5525093752026,3410.194091796875,1723693
2021-09-07,3420.8181151977305,3426.0856360966154,3371.4623672882394,3378.23486328125,1585039
2021-09-08,3373.011212039549,3377.437735939863,3325.2047539161535,3341.27294921875,4147175
2021-09-09,3355.0399467680836,3371.860739920555,3333.172958897649,3356.544921875,1441148
2021-09-13,3334.9431675228693,3410.5481106681864,3334.9431675228693,3404.306884765625,1691473
2021-09-14,3408.3793883308576,3449.5903726199604,3386.291075393648,3440.2060546875,1991188
2021-09-15,3436.84212717988,3523.5133876208283,3422.588632297016,3500.982421875,2461369
2021-09-16,3479.2479470590197,3525.062471552736,3445.694980793567,3455.6103515625,2946666
2021-09-17,3470.3949633117786,3492.527584251267,3368.584906990132,3388.814208984375,6477148
2021-09-20,3372.1259710711715,3427.014868473748,3371.1079570103802,3384.962890625,2002008
2021-09-21,3415.5059679978876,3427.5018914398584,3383.325051595029,3419.88818359375,1568129
2021-09-22,3419.4901189466127,3449.9004282075575,3410.592761622935,3419.18017578125,1744067
2021-09-23,3426.12955476776,3434.0972979183825,3395.143886959783,3425.465576171875,2003869
2021-09-24,3443.8361647603924,3491.996666315878,3412.8504923268156,3427.281005859375,2320754
2021-09-27,3452.688626544407,3456.229845648555,3366.725446335667,3396.8701171875,1673362
2021-09-28,3408.4238902572306,3408.4238902572306,3321.0000307343994,3345.699951171875,2253075
2021-09-29,3328.56914927478,3369.4701892693497,3295.2372926797393,3356.9873046875,2489161
2021-09-30,3368.584387247486,3368.584387247486,3319.9812456189534,3342.51220703125,2252412
2021-10-01,3348.0017681247846,3373.011631270028,3297.760715611773,3302.3642578125,1578374
2021-10-04,3297.583708781848,3349.6837720532653,3282.2235824322406,3340.52099609375,1356860
2021-10-05,3323.4344415906635,3399.570659485388,3312.456747791628,3393.63916015625,1877966
2021-10-06,3396.029834755186,3415.0195829652303,3359.732331307594,3373.80859375,1678154
2021-10-07,3390.7179693750854,3451.804011121007,3381.909228322114,3446.403564453125,1647233
2021-10-08,3474.821589658137,3532.277788850689,3452.688968067958,3484.25,2934339
2021-10-11,3324.3199574886903,3326.5332197772977,3240.2159905215995,3262.8798828125,11845402
2021-10-12,3280.9396061000634,3281.8249109047315,3214.1877102836343,3233.8857421875,5752877
2021-10-13,3231.362766510334,3253.8937321613757,3226.9362421726487,3235.96630859375,3545655
2021-10-14,3215.388082838471,3255.3032452461207,3200.4863788955586,3203.369140625,6442299
2021-10-18,3196.27290026894,3239.957825124647,3194.4988931682005,3235.034912109375,3590107
2021-10-19,3254.4160669882417,3273.1319287564406,3215.5652676856744,3223.50390625,3135441
2021-10-20,3203.8567186109995,3219.8227819927815,3173.964743256937,3201.062744140625,2933693
2021-10-21,3196.849629655158,3199.820961660556,3114.4912621672916,3133.340087890625,4871211
2021-10-22,3157.7323632415505,3159.1516554194964,3091.207102780001,3103.4921875,2691670
2021-10-25,3107.173462267711,3117.4183966686946,3060.162273714988,3098.259033203125,2595594
2021-10-26,3099.6338687798507,3130.235490892572,3082.337299759617,3089.07861328125,3878763
2021-10-27,3089.433136635638,3114.490985073754,3089.433136635638,3095.42041015625,2510813
2021-10-28,3120.478755095048,3120.478755095048,3029.11738165139,3035.015869140625,2424942
2021-10-29,3015.8560691777293,3069.9188851710232,3003.349234136505,3013.81591796875,3960501
2021-11-01,3049.4740992966476,3092.9816708421895,3027.2990084532134,3083.579345703125,2020718
2021-11-02,3099.1907258793763,3116.5760838881283,3077.6808875558004,3090.498046875,3087414
2021-11-03,3108.237587853043,3122.1634993420716,3074.398491314584,3097.637939453125,1537639
2021-11-04,3115.999217340445,3116.2653617280953,3108.9475821125666,3112.18505859375,328991
2021-11-08,3147.0883231813395,3147.0883231813395,3087.8364478558224,3106.951416015625,2526082
2021-11-09,3111.6085108884126,3135.5576071808837,3100.964468091759,3109.568359375,1782692
2021-11-10,3102.7383307642617,3121.986263947992,3086.9496247069433,3090.58642578125,1516489
2021-11-11,3086.7722686985917,3113.426767950228,3047.744113577115,3094.045654296875,1284514
2021-11-12,3109.8349175822445,3134.80398467726,3091.8286994777586,3127.619384765625,1747259
2021-11-15,3129.3485615298887,3166.2479962691427,3129.3485615298887,3151.789794921875,1809157
2021-11-16,3165.7153928732405,3171.5253089279527,3141.7662991193665,3154.5390625,2013204
2021-11-17,3149.3946733666758,3160.260466102447,3110.188945926167,3123.9375,1632914
2021-11-18,3117.950746243194,3123.006840214177,3061.5818383861247,3082.95849609375,2136598
2021-11-22,3085.35310837777,3118.6601354949016,3051.5584025436406,3067.613037109375,3167936
2021-11-23,3055.726941087988,3087.6146723874645,3022.7304554557513,3072.8017578125,2153461
2021-11-24,3079.8533069845294,3098.347415365551,3037.099784404964,3054.218994140625,2161746
2021-11-25,3054.7513835573277,3071.693237675039,3046.0145286811985,3056.525390625,1849619
2021-11-26,3037.9870505637437,3095.6422792605736,3026.3672178510988,3057.3681640625,1941251
2021-11-29,3057.6343867946935,3130.5462562837033,3021.5333834239445,3106.28662109375,2981745
2021-11-30,3096.529310296403,3161.0588168343756,3096.529310296403,3130.368408203125,5588446
2021-12-01,3135.557205010908,3184.3423949049957,3135.557205010908,3173.52099609375,2102118
2021-12-02,3183.633570609974,3235.789430397502,3170.239944950322,3231.265625,3152938
2021-12-03,3234.413817790303,3251.7103857650372,3220.5766933426667,3229.091796875,2486263
2021-12-06,3229.0923318543937,3244.6592889214253,3124.0267948554565,3136.799560546875,1849642
2021-12-07,3159.950033925637,3191.4386588251064,3126.06654283749,3179.464111328125,1484458
2021-12-08,3194.0999357691167,3234.414205727127,3194.0999357691167,3217.0732421875,1428660
2021-12-09,3202.082671536623,3224.036008412116,3163.054517091301,3194.764892578125,1567957
2021-12-10,3179.9074252032365,3230.466622758769,3171.1261775123917,3225.854248046875,1510718
2021-12-13,3237.5631428504566,3248.207186059828,3194.720825622014,3201.7724609375,1883864
2021-12-14,3197.648019262842,3224.258127606222,3172.5457737481966,3214.32373046875,1747007
2021-12-15,3210.9529713650445,3213.6139821147945,3156.0917131195874,3166.913330078125,1603233
2021-12-16,3177.246316316427,3200.707513951153,3166.6022750557354,3176.8916015625,2072320
2021-12-17,3195.4303268304093,3238.7605373840274,3169.884580976256,3179.331298828125,4333992
2021-12-20,3183.4558113624607,3198.5348720459833,3113.515493276563,3154.98291015625,2312310
2021-12-21,3177.82342259873,3229.7575276974712,3163.4096138189643,3200.5751953125,2340989
2021-12-22,3214.500763336604,3225.8544517275404,3198.756450823021,3220.488037109375,1224328
2021-12-23,3235.788485576893,3255.746062584974,3219.8224239704277,3248.827392578125,1792861
2021-12-24,3268.607910238929,3286.3479803080686,3232.950412710677,3256.10107421875,2209923
2021-12-27,3256.1897395547167,3281.9128401940757,3240.312464057373,3278.45361328125,1534135
2021-12-28,3290.7827748188333,3304.087826469044,3276.457755830203,3287.72265625,1456218
2021-12-29,3275.0387987147183,3299.608753298073,3268.6080230926227,3277.2119140625,1456923
2021-12-30,3265.3707085089977,3317.393381737529,3264.173167057248,3311.849609375,1966475
2021-12-31,3319.8768098436235,3335.133227039575,3309.676269388582,3315.9296875,1207141
2022-01-03,3326.2631779342787,3397.2234590635435,3321.8281603636997,3386.357666015625,2346158
2022-01-04,3398.1989730548594,3449.689349616876,3380.9909763489923,3445.78662109375,2488606
2022-01-05,3428.2686771738076,3432.703694867435,3381.6122044154104,3424.67626953125,1733031
2022-01-06,3381.2575892183004,3401.6586712099115,3345.7774466241945,3377.2216796875,1810293
2022-01-07,3388.3532548535422,3428.1796240286867,3367.419886343486,3418.06787109375,2460591
2022-01-10,3528.500232508882,3528.500232508882,3424.7208139056797,3441.44091796875,3937092
2022-01-11,3420.2858084459604,3481.4890555369284,3420.2858084459604,3473.417236328125,1906106
2022-01-12,3481.4888900484816,3485.0369042039447,3403.0334703465164,3423.744873046875,3203744
2022-01-13,3475.279539676,3479.71455695481,3421.17232887451,3457.45068359375,6684507
2022-01-14,3439.6671718235552,3527.613496615076,3423.878463629816,3519.763427734375,3348123
2022-01-17,3541.539043469743,3586.155365505401,3514.574222074522,3565.000244140625,3442604
2022-01-18,3578.127494703116,3585.001771384683,3530.273702275697,3539.676025390625,2389041
2022-01-19,3564.91152862164,3564.91152862164,3474.722465771417,3478.409912109375,3102539
2022-01-20,3474.2781567850393,3483.1637786694,3386.3105001298686,3400.127685546875,6176776
2022-01-21,3382.7560817031394,3422.3415685992545,3350.856787511947,3406.302978515625,3112358
2022-01-24,3412.0790577085536,3420.653596691898,3323.3117752465123,3351.079345703125,3258414
2022-01-25,3349.43543335464,3384.888980694485,3307.4063951415274,3349.790771484375,3330501
2022-01-27,3315.225405503914,3317.35786790561,3221.1267599154967,3242.58544921875,5718297
2022-01-28,3239.6971778983616,3314.1587197788394,3239.6971778983616,3278.83837890625,3143862
2022-01-31,3331.2197934091673,3339.2168534626967,3306.6953891380213,3319.890625,2739393
2022-02-01,3349.879425432354,3383.644788341221,3320.02364934981,3377.11376953125,2105169
2022-02-02,3401.3272782809076,3433.4044616031847,3377.11395747897,3426.4736328125,1984212
2022-02-03,3421.853466093333,3449.843178942447,3390.7982566523374,3398.3955078125,1960538
2022-02-04,3390.130945617294,3398.483342391727,3348.9904779458116,3389.775390625,2307366
2022-02-07,3368.539210961275,3404.7925911476827,3337.5727323379806,3357.87646484375,1919149
2022-02-08,3369.02776676185,3376.2694613033686,3306.339665487328,3326.287841796875,2946443
2022-02-09,3332.1082913026003,3356.9435617136155,3328.642985453299,3341.482666015625,1638721
2022-02-10,3367.4729203279344,3367.4729203279344,3339.216600228163,3350.1904296875,2112459
2022-02-11,3334.329421359059,3334.329421359059,3278.794287758808,3283.192626953125,3851488
2022-02-14,3309.005464303649,3370.538393520359,3296.565594137094,3317.6689453125,5951745
2022-02-15,3364.0967041911317,3407.636254773637,3330.3313384332705,3392.35302734375,3931683
2022-02-16,3415.6327519656547,3424.607316053256,3381.8673917745273,3388.17626953125,3256906
2022-02-17,3398.7504518524192,3407.6360739487654,3357.876590209227,3362.4970703125,3134372
2022-02-18,3348.9908552959514,3390.708806246124,3338.8613332210016,3371.115966796875,3688883
2022-02-21,3385.42203627491,3401.238487075305,3292.611756383807,3304.918212890625,7465922
2022-02-22,3243.2518982097486,3259.157074169786,3172.1669250983023,3186.7392578125,5408531
2022-02-23,3208.598298112839,3219.1721021582184,3159.4162905968537,3166.658203125,2426203
2022-02-24,3086.8649517934127,3095.617375865612,3013.203235313269,3022.577392578125,5039136
2022-02-25,3081.533618769083,3136.6244735452315,3076.20224572623,3128.4052734375,2549723
2022-02-28,3101.082036457885,3166.613497830025,3070.7819790701324,3158.127685546875,3288942
2022-03-02,3156.617310428963,3173.899802351873,3115.299166886402,3150.974853515625,2761341
2022-03-03,3165.8140687773425,3179.808924080417,3136.713655369363,3149.419921875,1928039
2022-03-04,3111.3000300712024,3164.347141273917,3098.4603517860155,3131.603759765625,2370257
2022-03-07,3065.5398009688843,3152.6189025616236,3049.1458706374888,3096.550537109375,3054130
2022-03-08,3074.4250662664513,3206.8208277906424,3074.4250662664513,3198.779296875,3300992
2022-03-09,3203.2666130344987,3246.806159231084,3196.2025871914693,3227.791015625,2719654
2022-03-10,3273.4630982851195,3273.4630982851195,3212.152307356326,3217.439208984375,2005441
2022-03-11,3201.7115509453934,3234.2330122460926,3192.4705914053425,3198.068359375,1623423
2022-03-14,3181.0523258432268,3241.7856323016135,3181.0523258432268,3237.03173828125,1765688
2022-03-15,3251.2485526079276,3251.2485526079276,3185.850298719793,3193.403076171875,3651133
2022-03-16,3234.8108570892805,3259.246318858256,3213.263222620275,3248.49462890625,3090475
2022-03-17,3284.6588462421337,3296.565491973189,3252.4039976373524,3263.466552734375,3600452
2022-03-21,3284.1259896776583,3300.0756382590976,3212.152449319463,3222.548583984375,2413831
2022-03-22,3234.366348219692,3297.4542632536477,3221.0379154660395,3288.524169921875,2907611
2022-03-23,3294.7884114089247,3314.15910942593,3278.79429290694,3298.697998046875,1596195
2022-03-24,3287.6799437165005,3339.3942172821903,3283.2371329817483,3331.974853515625,1879046
2022-03-25,3340.904847554434,3358.320753023483,3262.80031885229,3294.2998046875,1690133
2022-03-28,3283.2365463711467,3299.2306621586113,3253.203107783426,3294.521240234375,1760990
2022-03-29,3283.01474891735,3307.228065625652,3279.6826411134552,3292.43359375,2689063
2022-03-30,3321.445538331854,3321.445538331854,3293.189216689556,3315.71435546875,1583455
2022-03-31,3323.222205866177,3336.23955366899,3305.6286331541824,3323.177734375,2168110
2022-04-01,3330.331013312687,3343.659445863298,3312.604241407199,3339.883056640625,1387014
2022-04-04,3342.7708488713006,3358.7649677654217,3320.645737841415,3350.1904296875,1472994
2022-04-05,3351.656266029568,3408.1689027818647,3351.656266029568,3389.686767578125,2314947
2022-04-06,3384.799946643338,3384.799946643338,3315.358682300862,3336.862060546875,2051729
2022-04-07,3328.1093184300516,3328.1093184300516,3269.0199392615564,3273.595947265625,2494829
2022-04-08,3278.79453157841,3292.122964633607,3236.58782690362,3274.92919921875,2296773
2022-04-11,3278.794246196316,3298.6536964936704,3248.6720768870196,3284.48095703125,2291660
2022-04-12,3272.5735577540627,3322.3330253712843,3241.784973939532,3279.77099609375,4483476
2022-04-13,3293.9001325191025,3296.43262160667,3248.183649923165,3253.870361328125,1621672
2022-04-18,3207.709223229319,3207.709223229319,3129.960038455755,3134.8916015625,3820792
2022-04-19,3154.3955685792644,3166.4356288546082,3055.8983694740664,3084.998779296875,3170014
2022-04-20,3109.96761334078,3171.4116009849918,3092.196369835976,3160.43798828125,2640370
2022-04-21,3181.052302537518,3237.9202766610933,3169.8563333582965,3224.28076171875,2280996
2022-04-22,3182.0298626505864,3213.9291556635953,3173.499579610874,3209.97509765625,1581465
2022-04-25,3161.5038501242684,3184.6064639812757,3139.378741319467,3152.7958984375,1960694
2022-04-26,3176.743043452235,3188.0722114341042,3126.094998356819,3151.108154296875,1943469
2022-04-27,3150.841554226717,3170.7897321857427,3115.5656783516138,3164.34765625,1727648
2022-04-28,3188.160927515036,3202.733259696587,3143.777292437707,3184.873291015625,1703660
2022-04-29,3196.1580990746857,3219.4828558444133,3142.7111717645585,3151.46337890625,2051115
2022-05-02,3127.6496864948044,3152.573897085291,3103.5253119643658,3147.642333984375,1324161
2022-05-04,3144.177147062356,3150.352610577351,3079.1344414976566,3091.97412109375,2305825
2022-05-05,3120.719310294704,3139.290173030347,3096.950272047163,3121.874267578125,1612262
2022-05-06,3073.536321944704,3087.309034575563,3042.8809293147265,3050.078369140625,2010812
2022-05-09,3019.333942072676,3070.870542614234,2973.8840785411317,3061.185302734375,2481830
2022-05-10,3051.32254251295,3078.6903011908057,3040.6597962956653,3055.543212890625,1622685
2022-05-11,3052.211100141161,3064.1622181217003,3005.2505019723253,3031.774169921875,1841769
2022-05-12,3001.562777515555,3065.272636777598,2976.7719816685094,3028.797119140625,2807195
2022-05-13,3052.21101624816,3056.56488405373,3005.250419370082,3034.350830078125,2187823
2022-05-16,3034.4396113097378,3047.7680429845973,2991.4332918791674,3000.49658203125,1195813
2022-05-17,2994.4541855799725,3080.644706648595,2977.0382821780336,3066.9609375,1754076
2022-05-18,3078.867562490775,3105.524424503682,3059.3636685048177,3064.472900390625,1866781
2022-05-19,3018.4456763431513,3025.5541736674804,2870.055794697786,2898.4453125,4642963
2022-05-20,2941.1409581818916,2944.6062640779983,2905.6429407592427,2926.035400390625,3065125
2022-05-23,2936.5204567843207,2966.820298209671,2902.932761610268,2951.58154296875,2293690
2022-05-24,2945.716660226276,2954.3358864396305,2910.5742015114233,2921.59228515625,1711510
2022-05-25,2945.611309765418,2945.611309765418,2821.4480525569816,2833.61376953125,3548046
2022-05-26,2854.501215690882,2899.6758667069867,2845.153237526035,2886.66015625,2813186
2022-05-27,2910.142260546347,2933.132090597313,2888.673117763423,2917.38818359375,3103153
2022-05-30,2949.3231893846983,3029.4747349681716,2939.7963456033503,3019.321533203125,2094624
2022-05-31,3000.446485475332,3026.612000510551,2974.3705125505267,3009.571044921875,4840965
2022-06-01,3030.727190529451,3030.727190529451,2987.8336778962866,3001.385986328125,1493835
2022-06-02,3001.2071413022886,3070.0873052010297,2993.424621008395,3062.036376953125,2657939
2022-06-03,3094.5979714961795,3110.6105050464353,3069.37177211008,3077.3779296875,1913622
2022-06-06,3057.5633586184927,3088.8725211555457,3021.021005842092,3069.147705078125,1084210
2022-06-07,3042.4012031637467,3058.3241943557528,3002.1017895151595,3008.09521484375,2308256
2022-06-08,3023.704930238696,3053.940682272369,2993.6034913799344,3045.174072265625,2185707
2022-06-09,3028.044043335084,3074.56052494614,2999.5080583203244,3065.70458984375,1279197
2022-06-10,3025.359920942585,3035.1999443400923,2998.5234934948394,3005.59033203125,1527582
2022-06-13,2943.061760387616,2945.745403330219,2855.7985936915675,2880.085693359375,3030921
2022-06-14,2853.6069924191734,2897.350284976145,2839.9203697482353,2871.989990234375,2611493
2022-06-15,2879.1011801564077,2892.966666653976,2863.4465986268947,2868.187744140625,1404536
2022-06-16,2898.3341186445737,2902.6727617050265,2802.6622999813585,2810.66845703125,2032028
2022-06-17,2765.9411536425396,2789.870301721433,2704.9778226240087,2763.16796875,5240434
2022-06-20,2767.729867065567,2807.760866274094,2745.366180356892,2784.189453125,1502769
2022-06-21,2799.934053640477,2896.321559800145,2795.8190472258425,2873.2421875,2964461
2022-06-22,2862.462908590004,2907.771877636186,2847.345140817848,2883.082275390625,3336315
2022-06-23,2883.0816757569546,2968.108455014427,2883.0816757569546,2959.878662109375,3692578
2022-06-24,2986.8943632734695,2992.261648742065,2931.8796872203643,2945.834716796875,2132118
2022-06-27,2996.734310666759,3008.2738867735548,2957.821492005862,2965.15673828125,2037686
2022-06-28,2958.2690452354923,2978.8436409537917,2927.4966937802037,2968.2431640625,1400046
2022-06-29,2926.0653540821827,2981.527308210307,2926.0653540821827,2943.509033203125,2133994
2022-06-30,2926.959367187758,2961.7571769517335,2911.7520599621494,2922.576171875,2719603
2022-07-01,2916.2249914387658,2981.526962105953,2909.1133821479257,2965.5146484375,1502879
2022-07-04,2962.7416439730086,2968.0641585009434,2884.9607740218207,2893.90625,2622535
2022-07-05,2911.752246950709,2926.9595551529096,2868.7691939118813,2877.13330078125,2170627
2022-07-06,2879.101361167748,2923.828739778401,2864.5649631192855,2916.89599609375,2182144
2022-07-07,2926.06545613533,2969.3614764130343,2920.742941127774,2941.138671875,1989921
2022-07-08,2952.0070042630127,2956.47974214826,2907.279625410543,2921.100341796875,2136916
2022-07-11,2868.0537232952515,2884.9160330481313,2778.4648677976734,2785.4423828125,6974600
2022-07-12,2786.4259354986384,2805.4798410310173,2755.429951813746,2759.41064453125,3734815
2022-07-13,2776.675874125874,2782.043159965035,2714.9520869755243,2718.306640625,3863530
2022-07-14,2740.9535014589414,2741.85041032722,2661.1286121821595,2689.60546875,4764908
2022-07-15,2707.3637315259157,2716.64660495241,2648.5713239374063,2685.8828125,4574806
2022-07-18,2711.3556094087903,2759.7438008534455,2703.5525457596186,2747.680419921875,3202795
2022-07-19,2717.678453631059,2761.537204754879,2717.678453631059,2757.32177734375,1865074
2022-07-20,2787.4133060578565,2844.949919921643,2778.668444964135,2838.537109375,3402251
2022-07-21,2840.5103301995564,2855.757780661632,2819.9263158701324,2849.74853515625,2420640
2022-07-22,2856.65437879415,2867.4172838319932,2819.4326655382765,2844.09765625,2075886
2022-07-25,2838.716298301566,2857.954947903264,2824.4555362400793,2840.285888671875,1797504
2022-07-26,2838.4476666790706,2842.2146404168366,2777.27852102286,2794.678466796875,2639367
2022-07-27,2793.870864668994,2864.816437135854,2789.3863207449663,2860.107666015625,1389808
2022-07-28,2884.459134431069,2927.5107633031744,2871.588403627416,2924.37158203125,2106333
2022-07-29,2950.8302896163445,2975.315946452222,2937.3766560770605,2961.50341796875,2430257
2022-08-01,2984.0154394446076,2984.0154394446076,2933.7885489700366,2958.72265625,1306913
2022-08-02,2950.830344369699,2971.369471032021,2934.3719781124923,2952.44482421875,1269114
2022-08-03,2941.860735373933,3003.7474398680797,2939.2148983239913,2995.226806640625,2895824
2022-08-04,3004.64457361168,3038.6373306019964,2966.39149968863,3009.084228515625,2150567
2022-08-05,3014.689636001641,3028.860837995697,3009.1288455657577,3018.142822265625,1106933
2022-08-08,3018.098229912615,3030.56517513093,2992.087873696429,3026.573974609375,1068836
2022-08-10,3036.0364904074586,3036.0364904074586,2991.1910474176884,3008.45654296875,1878359
2022-08-11,3049.4899618791087,3075.231200998242,3027.1121308061656,3069.67041015625,1449248
2022-08-12,3066.531632271564,3066.531632271564,3032.673320157422,3050.880615234375,1472354
2022-08-16,3059.3561027853134,3062.8092894639904,3038.278744703972,3042.942626953125,839942
2022-08-17,3036.1260219106084,3065.58934417508,3023.569298894891,3050.4765625,1622326
2022-08-18,3040.520803488909,3042.314621072089,3015.407357324399,3032.6728515625,1430659
2022-08-19,3037.829631918934,3068.772980694016,3023.703320521614,3036.70849609375,1398410
2022-08-22,3018.098484400233,3035.229532182766,3002.3127999837025,3008.725830078125,1536532
2022-08-23,2977.69290554707,2997.3800137393264,2932.892346073451,2945.9873046875,1849256
2022-08-24,2952.6238177327377,2966.974358766676,2915.132985487199,2919.752197265625,1691923
2022-08-25,2938.2735062355546,2940.2017727488737,2883.337837048458,2886.43212890625,1946930
2022-08-26,2900.8724605252028,2921.2322484903357,2885.1765549837287,2890.019775390625,1457962
2022-08-29,2802.840110903929,2818.7153534977124,2763.376122142402,2809.61181640625,2539173
2022-08-30,2829.7473003990763,2893.876280423968,2818.1772643190006,2880.108642578125,3431525
2022-09-01,2861.139194303962,2861.139194303962,2799.252484458516,2808.849365234375,3546935
2022-09-02,2836.922172062369,2836.922172062369,2798.624214988239,2807.682861328125,2052900
2022-09-05,2801.6291623975735,2823.4240906299206,2791.4044893857963,2810.3740234375,2147912
2022-09-06,2812.257791314557,2817.0563414080293,2786.112985069215,2804.678955078125,1936453
2022-09-07,2782.211346585574,2835.936100924758,2782.211346585574,2824.904296875,1291534
2022-09-08,2843.201212734981,2855.309482883852,2834.321902214568,2842.88720703125,1346113
2022-09-09,2865.623822507905,2900.1548137963414,2841.8557375950854,2885.938720703125,1561185
2022-09-12,2905.894755438751,2932.7124601440546,2892.530901806751,2908.63037109375,1785928
2022-09-13,2927.017076901439,2927.017076901439,2892.530976189004,2896.4326171875,1972678
2022-09-14,2811.809312583414,2817.5494417731366,2792.794888299078,2798.71435546875,5090269
2022-09-15,2807.3249624982836,2814.2760067345016,2780.417694487118,2784.3193359375,2138023
2022-09-16,2758.8915488003336,2775.349913346331,2690.7264780237324,2698.529541015625,5322221
2022-09-19,2723.015072507459,2728.3965252199246,2679.7841128450286,2716.557373046875,2072220
2022-09-20,2735.5713077635723,2762.4336773028185,2717.633135253647,2726.871337890625,1544295
2022-09-21,2715.8396884709605,2727.858178103322,2689.066874759079,2691.802490234375,2253818
2022-09-22,2681.757642079149,2717.5891092550232,2672.1607605323097,2697.36376953125,2017983
2022-09-23,2694.3138117170306,2710.9066231407205,2671.8910935769086,2674.626708984375,2652374
2022-09-26,2654.7153482087047,2713.91132341046,2624.444679071443,2685.703369140625,2925489
2022-09-27,2699.1577686794003,2713.1496362102757,2669.2010966485227,2706.3779296875,2227447
2022-09-28,2672.7885232951976,2735.5272570862203,2672.7885232951976,2722.701416015625,2739767
2022-09-29,2739.1596194850167,2740.818988441174,2681.757453261362,2688.304931640625,2493902
2022-09-30,2682.520009335048,2708.395699120603,2645.9709725023213,2694.8076171875,2817353
2022-10-03,2686.2415151531263,2709.2920245939604,2667.4064327430374,2677.2275390625,1763331
2022-10-04,2717.588957864213,2778.6236496108236,2711.3554850786054,2772.479736328125,2145875
2022-10-06,2790.2830834970473,2801.942897089288,2773.645382615285,2782.166015625,1790816
2022-10-07,2778.085328049343,2784.901922759827,2742.8369861368456,2748.935791015625,1939879
2022-10-10,2699.6956750029613,2804.634011871847,2695.2111306923252,2797.05517578125,3064063
2022-10-11,2780.417520985849,2820.778420484031,2738.5768094281584,2753.106689453125,4730645
2022-10-12,2766.8739951763155,2789.296716194542,2746.3797595487877,2781.090087890625,1665247
2022-10-13,2781.089792030079,2789.3861979242265,2737.679496345662,2783.376953125,2054781
2022-10-14,2820.778636215608,2825.2631809472705,2754.4073741870056,2779.6552734375,2245977
2022-10-17,2763.0189742303005,2813.15104677649,2761.9399421370213,2798.178955078125,1517005
2022-10-18,2832.5748013053026,2837.3857701324823,2813.2863596612765,2827.808837890625,1793722
2022-10-19,2840.668030854225,2840.668030854225,2798.404213997578,2807.26171875,1194289
2022-10-20,2792.109143222076,2841.566793102016,2792.109143222076,2839.138916015625,1587601
2022-10-21,2839.5888102481545,2841.926676749231,2811.8924796841284,2821.244384765625,1021913
2022-10-24,2850.649122739115,2857.752951953399,2837.070661866889,2843.095458984375,260949
2022-10-25,2860.0013123108297,2863.373425161377,2833.6088212517743,2843.45556640625,2069643
2022-10-27,2842.1960183251845,2854.1558203964987,2818.501441205394,2839.228515625,2438421
2022-10-28,2832.57446047874,2858.202515121167,2828.078310541472,2844.4892578125,1355739
2022-10-31,2876.6372932566983,2876.6372932566983,2857.573657696762,2871.376708984375,1919414
2022-11-01,2890.575300348696,2933.8283581273604,2880.6387633413156,2931.220458984375,2991060
2022-11-02,2940.482435498772,2940.482435498772,2897.364395986869,2915.0341796875,1405955
2022-11-03,2902.7596009654008,2902.7596009654008,2873.040003965025,2883.60595703125,1422652
2022-11-04,2892.823257100407,2895.565952837209,2847.0973182984712,2893.182861328125,1464013
2022-11-07,2903.6137506809055,2916.023168933433,2873.1299406493004,2907.840087890625,1474498
2022-11-09,2922.317516475152,2922.317516475152,2879.019462940174,2891.968505859375,1162267
2022-11-10,2850.5592360046676,2900.01688836437,2850.5592360046676,2882.61669921875,1573092
2022-11-11,2940.1225778724047,3004.8671396793848,2927.038737099528,2981.8017578125,3265394
2022-11-14,2989.0409336470357,3011.5216867580993,2975.552481780397,2999.382080078125,1342074
2022-11-15,2986.34325675643,3003.383623783829,2960.265583029861,2996.7744140625,1400708
2022-11-16,3002.4394221817815,3028.517096203142,2986.747900169754,3017.23193359375,1748235
2022-11-17,3003.4284137988952,3021.4130150791284,2983.420544874636,3011.521484375,1417986
2022-11-18,3012.420518021075,3023.885700589663,2986.3428478650717,3006.530517578125,1164540
2022-11-21,2987.6920446515246,2997.7633779898833,2943.180154144301,2952.6220703125,1304194
2022-11-22,2949.4750249207636,2984.4999969339733,2927.2190777052792,2980.903076171875,1149739
2022-11-23,2994.435854215807,2994.435854215807,2959.3658847520182,2974.922607421875,1150011
2022-11-24,2982.0717563383823,3051.0426596485013,2974.9229211016186,3039.532470703125,1296591
2022-11-25,3042.09564667431,3060.395068338358,3010.6225909150426,3048.075439453125,1588981
2022-11-28,3026.808360772863,3072.669093511846,3026.403751156413,3053.11083984375,2195437
2022-11-29,3042.0957148932566,3083.4603033901794,3042.0957148932566,3054.999755859375,1576028
2022-11-30,3042.095336523885,3070.7806880330454,3034.9014959409137,3049.109375,3410702
2022-12-01,3079.8630198713677,3129.320674205069,3075.366869477395,3125.408935546875,2180856
2022-12-02,3109.6274990054326,3119.3390078373773,3069.0721362573277,3092.5869140625,2411749
2022-12-05,3087.0564956202343,3092.586672135732,3063.6765163350246,3080.671875,1475065
2022-12-06,3057.4276241423545,3064.531454764534,3028.6072529022326,3044.208984375,1166999
2022-12-07,3028.8769253670016,3051.717283114325,3016.0178904534705,3039.9375,1167505
2022-12-08,3021.413208083765,3039.9374364011487,3002.9339851801747,3012.91552734375,1285619
2022-12-09,3034.0926487610736,3034.0926487610736,2946.1928983587636,2960.940185546875,1797896
2022-12-12,2927.443289239768,2963.8621045413224,2909.99831491075,2955.2744140625,1527610
2022-12-13,2946.9563625323067,3000.2357373283435,2938.503688776715,2996.32421875,1378016
2022-12-14,3011.3418189511494,3036.7000639995404,3004.237769399859,3026.22412109375,1213311
2022-12-15,3020.33426940705,3025.6846448877172,2966.5152571554577,2972.045654296875,1415694
2022-12-16,2944.978716196667,2960.2656286166193,2900.197011199909,2913.73046875,2703680
2022-12-19,2901.815384614212,2918.4511406152537,2872.590407855624,2879.379638671875,2120965
2022-12-20,2876.5467732997513,2921.598284336248,2844.84891564421,2917.05712890625,1529971
2022-12-21,2921.598475154693,2952.2173027124622,2913.5054045863976,2939.178466796875,1432566
2022-12-22,2962.0640968575535,2962.0640968575535,2918.0918305939645,2931.220458984375,1384101
2022-12-23,2892.8234349885756,2937.650146439141,2892.8234349885756,2903.02978515625,1360281
2022-12-26,2903.029303397411,2942.280605691526,2900.061800443613,2925.105224609375,870157
2022-12-27,2939.762770587653,2943.8993165416755,2905.861842359533,2931.040283203125,835883
2022-12-28,2922.317900855153,2936.975394780793,2900.916181461144,2928.88232421875,910795
2022-12-29,2905.5027142121367,2941.8315255661446,2902.7150128465582,2939.358642578125,1037927
2022-12-30,2954.915443411287,2966.56043059669,2919.0810321162144,2928.52294921875,1163131
2023-01-02,2932.3890915710945,2937.64967499698,2909.1889131762478,2932.793701171875,709547
2023-01-03,2924.2963755843903,2985.4440242743467,2918.271577635895,2977.665771484375,1245178
2023-01-04,2973.4839774740417,2992.05320982366,2955.049761355759,2980.6328125,1231668
2023-01-05,2994.6155903233216,3001.0002109004563,2951.2277444426995,2977.4404296875,1826057
2023-01-06,2967.45946960088,2968.8533202291715,2877.53645537055,2887.922607421875,2488376
2023-01-09,2903.6139921160507,2991.738541892258,2896.5549480175173,2985.39892578125,2885060
2023-01-10,2953.9709019935526,2965.660893386526,2904.6032569263607,2955.229736328125,3864655
2023-01-11,2958.5571821774433,3011.971364872046,2941.5165953316505,2993.267333984375,2720512
2023-01-12,2993.5366879057938,3012.420518018747,2981.4420882411646,2998.34765625,2250391
2023-01-13,3006.0360632064353,3038.4983560091237,2971.9553319355296,3034.496826171875,1742837
2023-01-16,3050.5451686694223,3083.6532862672816,3033.1174683396407,3066.2255859375,1843607
2023-01-17,3062.5007620361607,3110.139707684702,3054.2237329495765,3107.0126953125,1688475
2023-01-18,3108.4844527793143,3135.1088531125965,3101.3570106168763,3117.68115234375,2421189
2023-01-19,3108.4843044601644,3114.9219938480996,3091.0105761214827,3102.138671875,1585044
2023-01-20,3094.689421787962,3121.9575463467286,3086.0446139576375,3092.942138671875,1529349
2023-01-23,3115.8412943621524,3144.3510582716053,3086.0440825392607,3140.580322265625,1067916
2023-01-24,3149.8694039858374,3174.654462857429,3142.787990669495,3160.26171875,1387863
2023-01-25,3150.1450630560485,3159.0658153581485,3131.475720900872,3154.237548828125,874110
2023-01-27,3150.789059081809,3169.1824569748724,3110.599529591221,3137.0400390625,1785879
2023-01-30,3145.271301734969,3180.632567224445,3113.5887161305623,3157.82470703125,1953798
2023-01-31,3171.9417516673952,3171.9417516673952,3081.8140938931406,3088.8955078125,2820375
2023-02-01,3092.8497664355737,3144.351279049428,3085.492407490737,3134.556884765625,2205161
2023-02-02,3151.708894962381,3190.3350325720744,3145.363262166592,3182.42578125,1813847
2023-02-03,3222.5231973552636,3222.5231973552636,3175.5279775823224,3202.56640625,1804469
2023-02-06,3194.151806260683,3194.151806260683,3160.767964511945,3182.01220703125,1138714
2023-02-07,3190.243411329007,3212.4075497950057,3183.3458858141307,3193.600341796875,1455647
2023-02-08,3198.658155467108,3255.5396078857866,3198.658155467108,3237.330322265625,1986946
2023-02-09,3232.6400151634225,3262.621346651852,3223.719261165319,3256.41357421875,1655427
2023-02-10,3237.238165731009,3257.7928785550507,3226.339987208153,3253.37841796875,1187821
2023-02-13,3263.9083050860527,3263.9083050860527,3194.3811744561426,3202.658203125,1087939
2023-02-14,3223.4433048440997,3241.6988438998887,3214.2466049729323,3218.93701171875,1579818
2023-02-15,3206.888891516306,3242.7560170595057,3182.1956652731296,3237.835693359375,1429449
2023-02-16,3243.8597818666217,3287.8200500995868,3243.675892783564,3272.231689453125,1618931
2023-02-17,3242.894092415164,3254.6198842343974,3209.648113656855,3219.90234375,1061369
2023-02-20,3220.6838971572424,3239.0772946281572,3195.89883897094,3207.164794921875,1296082
2023-02-21,3213.326813814157,3227.029806293947,3168.0330686566454,3173.781005859375,1139541
2023-02-22,3140.626954722956,3170.102422501116,3122.279583519376,3128.303466796875,1218430
2023-02-23,3146.1911593604345,3175.0687083691123,3134.2354490208595,3139.569580078125,1441570
2023-02-24,3147.5702703492466,3158.1004459242777,3110.5995848333705,3127.29150390625,977592
2023-02-27,3117.6813584091396,3117.6813584091396,3049.625777134132,3064.20263671875,1128022
2023-02-28,3061.121014443196,3119.5200483675294,3034.8183676201006,3046.728271484375,4116217
2023-03-01,3056.062821233637,3116.761029539812,3048.7054626510703,3113.72607421875,1669307
2023-03-02,3091.010686559656,3099.1956592623837,3051.464878906557,3054.6376953125,1556538
2023-03-03,3084.57273829781,3088.251417771033,3063.5123881251166,3073.674560546875,1043190
2023-03-06,3091.8388488883434,3131.430691976992,3089.171895384422,3100.98974609375,1334132
2023-03-08,3093.7698741232675,3123.1993140673653,3063.282903492702,3118.049072265625,1844590
2023-03-09,3113.082552138474,3113.082552138474,3063.282517814595,3068.800537109375,1648500
2023-03-10,3046.7747809280686,3069.168836178489,3025.714426856612,3063.4208984375,1024404
2023-03-13,3065.25973960763,3099.1036364238453,3009.159876386488,3018.310546875,1901233
2023-03-14,3016.5174464543434,3038.9573035005947,2951.588657947801,2956.69287109375,2670334
2023-03-15,2988.927601453564,2998.4462760881806,2935.586739643008,2941.932373046875,1780522
2023-03-16,2950.301335606358,2961.1534864223922,2917.1932158801023,2929.14892578125,1901060
2023-03-17,2897.420198622175,2962.62470874156,2891.4423439035454,2923.90673828125,6739966
2023-03-20,2915.0312599514514,2915.0312599514514,2846.424028337308,2890.798095703125,2289468
2023-03-21,2890.798344143033,2903.1678589753687,2848.631390837733,2856.586669921875,1815297
2023-03-22,2878.6124937458226,2890.9820076129013,2856.5864470077604,2879.30224609375,1123939
2023-03-23,2864.6799461628207,2893.603746811064,2851.896623184191,2873.646728515625,1372218
2023-03-24,2895.9488612483124,2915.3539886499057,2856.4951068601285,2869.830322265625,1329577
2023-03-27,2883.165359430464,2899.48950141767,2856.4949302682685,2871.485595703125,1524217
2023-03-28,2875.807790984465,2896.5463922339063,2860.3112632842117,2865.599365234375,1303530
2023-03-29,2877.6473103151966,2896.960379511943,2854.7476180791455,2886.751953125,1740616
2023-03-31,2933.7009389751283,2954.8993749774395,2898.7995113379675,2948.36962890625,2382581
2023-04-03,2965.889568062685,2965.889568062685,2918.8025114059446,2942.94384765625,1521830
2023-04-05,2929.608509647277,3002.124572143045,2929.608509647277,2979.546630859375,2655065
2023-04-06,2965.935582713961,2995.686995347432,2956.7388832326774,2961.98095703125,1703464
2023-04-10,2961.3369067410313,3009.1597387753586,2956.7385575069616,3001.25048828125,2203187
2023-04-11,3001.8028872526584,3010.033888866784,2935.7245077814828,2955.635498046875,2348779
2023-04-12,2968.6483701740635,2998.99747647919,2942.023971821231,2981.247802734375,2417727
2023-04-13,2952.1406274762603,2970.534027024399,2924.5505281540522,2932.689697265625,4174070
2023-04-17,2882.3375831860076,2909.2837321918887,2823.6165690415223,2887.3037109375,5505048
2023-04-18,2901.512804903714,2903.260312610947,2860.725575355622,2879.2568359375,2617302
2023-04-19,2879.256681962595,2887.7636289587313,2824.7662376900453,2841.412353515625,3298034
2023-04-20,2841.7801970094033,2862.9326062428067,2830.744157409367,2855.391357421875,2419999
2023-04-21,2860.173416034582,2910.2493976571473,2851.7124977803655,2906.938720703125,1929184
2023-04-24,2897.9719345104572,2925.4239465242517,2875.02599070183,2919.76806640625,1640676
2023-04-25,2927.309515965075,2934.8507648170635,2894.6612320138465,2920.871826171875,2024090
2023-04-26,2925.469695766794,2950.668559009048,2925.469695766794,2941.241943359375,2000029
2023-04-27,2929.1490788333113,2942.208348501938,2915.9517239413262,2931.862060546875,2434446
2023-04-28,2943.3118354294566,2968.0050652212094,2939.4952946667568,2960.647705078125,2931312
2023-05-02,2975.1318510325054,2975.1318510325054,2952.1401056613113,2960.784912109375,2321159
2023-05-03,2957.658425458373,2957.658425458373,2918.2504800713327,2924.458251953125,2468285
2023-05-04,2924.688295728886,2965.429719336731,2922.711095151928,2961.98095703125,1953253
2023-05-05,2961.3368239138267,2983.4088996200167,2952.1861540997215,2971.17724609375,1710027
2023-05-08,2984.3285190429833,2993.387356439256,2971.7290876125603,2989.478759765625,928235
2023-05-09,2991.3183117851413,3033.0712341108756,2985.2484008259253,3019.506103515625,1107375
2023-05-10,3025.714139172187,3040.888693365604,3003.6880887487146,3022.771240234375,1559987
2023-05-11,3043.1876106746317,3043.8313346801706,3009.1598253633715,3018.494384765625,1719623
2023-05-12,3015.7356552073384,3025.71416407058,2998.124065310058,3011.275390625,1027479
2023-05-15,3020.195685415203,3027.5530439667627,2987.4095461813217,2993.5712890625,1150390
2023-05-16,2994.629295895425,3021.1158357999793,2989.3411935953186,2996.422607421875,986306
2023-05-17,2994.39922789193,3016.517334349857,2941.3343184708624,2950.94482421875,1588815
2023-05-18,2966.809404732763,2969.5684147449815,2938.3456630124733,2942.80615234375,1369364
2023-05-19,2952.1404038272244,2974.6723165667154,2945.748742874228,2963.958251953125,1152449
2023-05-22,2970.533570909172,3042.6816246528992,2958.623891436203,3033.71484375,1333243
2023-05-23,3040.4287547824956,3060.6154646158416,3025.8060928695586,3032.19775390625,1687418
2023-05-24,3012.838637267653,3050.7289928061655,3012.838637267653,3037.99169921875,1016555
2023-05-25,3029.3924521073704,3040.4284901842643,3004.6534232298413,3028.9326171875,1374917
2023-05-26,3028.9332723953503,3070.456284830263,3026.634097298648,3061.489501953125,1791115
2023-05-29,3090.8265783111865,3101.126836063768,3045.946643251246,3053.6259765625,1210372
2023-05-30,3048.7060112322947,3059.6960226867827,3036.152605703449,3049.8095703125,1344224
2023-05-31,3043.1877135256354,3060.3854958314014,3002.8600984079567,3025.254150390625,5815424
2023-06-01,3047.7859672610653,3071.6973840229207,3032.611414316042,3056.982666015625,1177314
2023-06-02,3059.0521295537624,3067.926854638959,3032.5655904484856,3040.06103515625,2030661
2023-06-05,3048.7056218782786,3059.741660328517,3021.1615541519814,3024.7021484375,1861468
2023-06-06,3016.517628572255,3024.656797960872,2961.889319866343,2972.6494140625,2022849
2023-06-07,2991.685980532265,3015.4595356363516,2980.64994248542,3011.82666015625,1567196
2023-06-08,2999.0435169195125,3007.320545945049,2973.2927599511754,2976.465576171875,1759366
2023-06-09,2984.3289986004875,2988.9273483672064,2947.8641747619263,2951.496826171875,1775689
2023-06-12,2956.7385495118465,2992.9734515668288,2953.059870134538,2986.075927734375,2324605
2023-06-13,2998.123965514581,3002.7223151549406,2978.81089702507,2983.13330078125,1371928
2023-06-14,2983.1334023931563,2994.3075271171197,2966.7174283351833,2989.89306640625,1658544
2023-06-15,3006.8018859763647,3008.793791293159,2974.0960492911586,2979.93310546875,2273810
2023-06-16,2962.0511476509087,2964.2746801787644,2924.064254609405,2941.5751953125,4156189
2023-06-19,2955.565360775884,2978.6353572818057,2941.6677180136153,2974.466064453125,1468186
2023-06-20,2977.801494161524,2994.941919687967,2965.803241532735,2990.49462890625,1528452
2023-06-21,3011.156084779186,3021.718203335577,2987.020465383,3018.75341796875,1645987
2023-06-22,3020.4211763137832,3027.508883993475,2992.7186308509686,3000.501220703125,1529603
2023-06-23,2999.3893332328184,3010.599962776281,2973.3079543613294,2979.97900390625,1119505
2023-06-26,2969.4634688796755,2977.7093143980414,2939.8151596740126,2955.241455078125,1978803
2023-06-27,2966.6839118331172,2973.7716202061024,2948.431716890738,2962.375732421875,863542
2023-06-28,2972.243299505417,2993.506653182032,2958.7161665780745,2979.145751953125,1575872
2023-06-30,2983.3612277258876,3066.7471005505245,2977.8949109868468,3059.566650390625,2672406
2023-07-03,3070.7305383981075,3074.899831225918,3028.527984645769,3031.817138671875,1687264
2023-07-04,3048.216842703303,3071.3795846691332,3036.450215024391,3065.681640625,1656681
2023-07-05,3076.0117027484253,3084.350288689611,3062.114059513116,3075.96533203125,1453008
2023-07-06,3063.550433878052,3083.8409041072446,3059.334769860957,3078.69873046875,1848238
2023-07-07,3059.3348872388206,3110.2001769257495,3059.3348872388206,3084.582275390625,1789326
2023-07-10,3080.4131662568616,3080.4131662568616,3025.2394676445165,3031.493408203125,1407431
2023-07-11,3052.8496111162917,3052.8496111162917,3021.163023063104,3031.910400390625,1110172
2023-07-12,3039.8314402630454,3047.4287732769135,3011.2487565769347,3020.328369140625,1515240
2023-07-13,3042.657833544412,3119.9750222295534,3032.2345994922275,3095.052001953125,4585146
2023-07-14,3117.7050936905694,3265.807757491409,3105.660467771408,3256.357177734375,6306101
2023-07-17,3252.049412938873,3289.017063649218,3221.5209601283714,3235.09423828125,2743228
2023-07-18,3220.5474184425743,3265.0198799170403,3210.3558126880093,3239.865234375,2600090
2023-07-19,3242.7835851217083,3258.3953622895324,3192.427698113294,3215.03466796875,2405370
2023-07-20,3207.650315621179,3231.6162445859936,3191.812201185396,3217.125244140625,1715404
2023-07-21,3162.0865373821553,3190.743550376295,3120.2851854216624,3128.877685546875,3770223
2023-07-24,3140.6748745909354,3170.8182482458337,3132.4075869016933,3153.447509765625,1680132
2023-07-25,3156.001798437655,3164.6407891152476,3139.9314569469643,3157.534423828125,1272980
2023-07-26,3158.6490831293827,3177.6919182329752,3144.390089056602,3147.45556640625,1066803
2023-07-27,3153.632989545926,3169.1458889102455,3144.4367836891192,3155.4443359375,1701769
2023-07-28,3144.3903763886888,3152.47192520402,3094.228757385738,3116.894287109375,2599831
2023-07-31,3125.2546433386306,3183.0798446211247,3122.003427202266,3178.24951171875,2743678
2023-08-01,3172.258069660684,3214.0594205054076,3172.258069660684,3206.674560546875,1956167
2023-08-02,3190.7899244338078,3201.4260004622265,3170.957642026737,3196.084716796875,1914899
2023-08-03,3176.9027017071066,3189.210877378925,3128.5989179384605,3158.27783203125,2026351
2023-08-04,3159.485492720518,3224.277587720079,3159.485492720518,3198.77880859375,2248493
2023-08-07,3208.439353054858,3240.0690865999345,3196.642128515489,3236.39990234375,1853889
2023-08-08,3236.399919632617,3241.8804503952497,3210.901141336807,3223.906005859375,1634225
2023-08-09,3218.6111506830484,3220.5619711755417,3181.593866924947,3216.3818359375,1794589
2023-08-10,3204.770253471881,3218.6110545764855,3186.2383664939557,3197.431884765625,1096701
2023-08-11,3193.715887415701,3220.2363383110205,3171.328853127344,3203.6552734375,1679974
2023-08-14,3196.1306286429967,3209.4142118380655,3168.541787722038,3204.63037109375,1190425
2023-08-16,3204.770413634263,3219.6331170018425,3191.022367661881,3212.5732421875,1328445
2023-08-17,3209.4148924679835,3214.802667601421,3170.5860359658495,3191.533203125,1843241
2023-08-18,3167.613717061391,3167.613717061391,3117.916551705736,3127.76318359375,2526749
2023-08-21,3135.101093018539,3167.3810227911003,3132.3143364914113,3159.856689453125,1375579
2023-08-22,3158.324458182701,3168.5425667238806,3125.8587859478707,3141.7431640625,1222012
2023-08-23,3147.1773115068418,3160.1821764304236,3136.0302844294856,3156.69873046875,1330046
2023-08-24,3165.75543087226,3170.446516407415,3137.9808480590923,3146.94482421875,1152881
2023-08-25,3135.100891312188,3145.1332595217496,3112.1101514425654,3140.953125,1158046
2023-08-28,3152.750567923211,3152.750567923211,3121.2603097126043,3135.612060546875,1037485
2023-08-29,3140.7212722469335,3148.6170828467652,3125.8120786392947,3136.16943359375,944517
2023-08-30,3156.4664040334264,3165.8485755841652,3142.579111915721,3149.91748046875,1188200
2023-08-31,3159.2532391652235,3174.487418701091,3105.979648519252,3118.195068359375,3417652
2023-09-01,3126.741001486648,3148.1061360779117,3118.1949930075107,3139.002685546875,1277950
2023-09-04,3137.8878204359094,3188.839109182288,3130.502961064895,3175.509033203125,1828332
2023-09-05,3176.902652296802,3201.9834627096716,3163.1081158549873,3185.588134765625,1501842
2023-09-06,3189.907290764311,3199.1034965488716,3156.559195183631,3186.0986328125,1314818
2023-09-07,3186.934708895865,3214.0590928772335,3179.0388989856174,3209.646728515625,1885092
2023-09-08,3209.647007555386,3218.703966769239,3190.8828912594386,3197.245849609375,1518917
2023-09-11,3215.917451266215,3237.9327853412556,3200.1258288885356,3233.24169921875,1783604
2023-09-12,3243.7846648081127,3334.725730646849,3235.424395053453,3326.272705078125,4476016
2023-09-13,3317.26215028344,3333.7504596439576,3293.0172779174695,3314.2431640625,1754929
2023-09-14,3316.2872366378338,3341.9717556173255,3293.575213025077,3306.998046875,2604721
2023-09-15,3314.243274416184,3350.935569707804,3309.2269764561156,3342.52880859375,2952897
2023-09-18,3325.5761535614656,3362.036220389306,3321.11729748375,3349.82080078125,1395753
2023-09-20,3325.529887143737,3367.331240473756,3325.529887143737,3349.728271484375,1649396
2023-09-21,3333.4716228348143,3348.7522918187597,3277.225543838165,3330.45263671875,2004073
2023-09-22,3329.2453693121192,3375.45908502732,3311.6424013468136,3347.49853515625,1989083
2023-09-25,3346.430264395196,3362.6863447912865,3305.697080802258,3322.882080078125,1238778
2023-09-26,3314.010681013223,3339.416473196734,3284.6567572865497,3330.823974609375,1726062
2023-09-27,3334.818899053876,3357.112952975128,3302.956934967385,3334.168701171875,1541134
2023-09-28,3344.1083743461513,3346.7093928835707,3276.6225002286055,3285.354248046875,1755753
2023-09-29,3285.7712798337093,3314.7999900882105,3256.3710928026703,3277.78271484375,2243791
2023-10-03,3282.9851507659523,3282.9851507659523,3232.7307740458355,3264.081787109375,1948148
2023-10-04,3238.4901251841598,3295.8043780585294,3230.129854777585,3286.282958984375,1788138
2023-10-05,3301.37771461772,3366.4020365150864,3298.776696384458,3334.215087890625,2990768
2023-10-06,3335.7475304474665,3376.5734678144586,3320.9313204133978,3363.986572265625,2075691
2023-10-09,3385.955644430069,3417.492393516818,3372.9042894426652,3379.73193359375,4233074
2023-10-10,3381.310949914247,3388.695809075016,3345.3618374286275,3370.953369140625,1848148
2023-10-11,3390.553937299432,3390.553937299432,3348.7525873875215,3353.30419921875,2426417
2023-10-12,3320.8848258321595,3333.5644771796983,3286.6078116313074,3290.741455078125,4241281
2023-10-13,3279.083361490563,3322.7425450571513,3274.4387674941177,3317.02978515625,2890357
2023-10-16,3312.5247424765194,3320.5598001135572,3268.958537503607,3273.556640625,1671104
2023-10-17,3279.083534791144,3282.938457297201,3254.3279381964744,3257.764892578125,1672065
2023-10-18,3261.4338917104274,3272.30219626278,3236.353084226468,3239.3720703125,1408245
2023-10-19,3231.223370291604,3238.0686815240006,3214.832003562597,3218.324462890625,1514545
2023-10-20,3213.43519615391,3259.1632237474687,3207.521434458151,3254.55322265625,1481211
2023-10-23,3234.4831753695994,3240.0244989975004,3167.707394851243,3175.949462890625,1106272
2023-10-25,3157.6488052225827,3189.779430139314,3145.2621710118374,3157.2763671875,1518537
2023-10-26,3136.740771569839,3142.002652711776,3101.3039051963924,3107.59033203125,1984471
2023-10-27,3119.930474618358,3131.1063449752,3107.8232817317794,3120.815185546875,1108851
2023-10-30,3119.9299875615498,3150.5240188367916,3104.7959988159155,3146.519287109375,910972
2023-10-31,3165.5650829081633,3165.5650829081633,3119.976893370138,3137.392578125,999811
2023-11-01,3124.5864815586647,3140.046523504797,3083.6082981939608,3101.90869140625,1563475
2023-11-02,3113.5971840186144,3144.0979943996585,3113.5971840186144,3129.336669921875,1245384
2023-11-03,3149.732529726521,3155.2272412387383,3114.621718793595,3120.768310546875,1402598
2023-11-06,3143.213583990875,3159.32550946651,3128.3124232964,3148.10302734375,1099852
2023-11-07,3146.0076050155294,3170.3615989894342,3134.8317343049944,3138.97607421875,1191144
2023-11-08,3139.9070288671746,3168.312363594793,3138.13760716147,3149.3134765625,992899
2023-11-09,3157.276460496739,3158.5802210317074,3112.526369431392,3117.555419921875,2112352
2023-11-10,3108.754408421209,3117.5553602980613,3094.179302698473,3104.516845703125,1338557
2023-11-13,3125.5181025923366,3125.5181025923366,3098.509751884596,3102.747314453125,1030990
2023-11-15,3150.757229249606,3178.603680948949,3125.5649102414236,3170.501220703125,2059802
2023-11-16,3194.482036278363,3286.962384281269,3179.720487171099,3257.625732421875,3951984
2023-11-17,3257.6264533729463,3282.446106711715,3252.6903987151904,3261.910400390625,2021292
2023-11-20,3251.4799704424486,3291.2007876890016,3251.4799704424486,3277.883056640625,1475621
2023-11-21,3277.8824969038105,3295.9966725893887,3260.5598088550396,3269.1279296875,1807236
2023-11-22,3259.6284835416786,3290.0360697315477,3242.026580680009,3287.707763671875,1798051
2023-11-23,3287.56827517058,3300.606789576356,3259.628601443918,3267.31201171875,2729804
2023-11-24,3254.2738349066776,3263.8665026893573,3215.856779547187,3219.67529296875,1989733
2023-11-28,3219.675036815199,3242.1663837595383,3197.2300740959413,3231.82861328125,1689195
2023-11-29,3241.9335153053853,3276.3924466659996,3237.090683940245,3272.434326171875,1441634
2023-11-30,3259.1158671194917,3275.1345656464323,3241.933015685454,3248.079833984375,3266235
2023-12-01,3259.628456286476,3275.414325764336,3250.361843721189,3270.478271484375,1172141
2023-12-04,3301.2119251213085,3304.145727168507,3257.76582517753,3271.223388671875,1625213
2023-12-05,3295.0187221482606,3295.0187221482606,3262.236218437115,3289.058349609375,1377656
2023-12-06,3289.989550978767,3364.728172438132,3283.051017305754,3356.5791015625,1896572
2023-12-07,3357.4174498180882,3381.2127840148296,3345.030815693545,3366.637451171875,1967653
2023-12-08,3383.494574372215,3394.670444147185,3354.670189052335,3377.627197265625,1641155
2023-12-11,3374.0881498547355,3402.12104768493,3366.7307931511145,3392.714599609375,1102503
2023-12-12,3389.0359467038065,3444.4030235404603,3381.6319783454765,3419.909423828125,2236866
2023-12-13,3393.3200297320063,3399.327014186455,3318.301959327764,3346.75390625,3850968
2023-12-14,3380.700330256408,3425.403805697815,3378.4652474337913,3415.39208984375,3290396
2023-12-15,3414.879942101353,3628.3856112730377,3414.879942101353,3595.8359375,8531230
2023-12-18,3593.135349665333,3659.1660225226565,3567.1047044603515,3594.15966796875,2521612
2023-12-19,3580.934925794031,3590.341373765734,3529.7121895342984,3554.11279296875,2004435
2023-12-20,3564.403931855312,3631.040100218342,3507.872703265474,3520.445556640625,2586083
2023-12-21,3498.27996242007,3545.26513467688,3486.2659937315334,3527.3837890625,1517562
2023-12-22,3539.0252149254707,3581.8194348785914,3503.6349627762156,3561.376953125,2413058
2023-12-26,3557.5120396728166,3570.6901609763127,3529.8515818790197,3534.880859375,1285231
2023-12-27,3538.093966340341,3555.9753117984196,3509.2229705634127,3549.4560546875,1293976
2023-12-28,3561.376845478686,3574.4153590343085,3531.6677519692553,3538.931884765625,1682889
2023-12-29,3531.574413464587,3560.0729688264882,3506.8011475683656,3532.878173828125,1574996
2024-01-01,3529.71204270318,3568.8275851289145,3513.8795612451445,3549.363037109375,825907
2024-01-02,3549.3626920473966,3549.3626920473966,3508.524116130841,3523.378662109375,1344068
2024-01-03,3508.2914833063164,3512.8084878989966,3433.8323028478494,3438.20947265625,1803075
2024-01-04,3447.5230645740226,3463.5883776999503,3400.2584476962943,3414.973388671875,3598144
2024-01-05,3422.6100928660567,3490.3638028676905,3422.4704854443794,3481.190185546875,1963127
2024-01-08,3481.1905263659637,3482.913564061476,3420.1888983303925,3425.683837890625,1067805
2024-01-09,3455.159632618118,3494.647840404757,3429.827707784857,3436.486572265625,1370944
2024-01-10,3436.5800896371293,3473.1344984496654,3434.717444602096,3458.047119140625,1292227
2024-01-11,3468.244888948058,3513.879690118427,3452.412406909358,3479.001708984375,1777909
2024-01-12,3583.7290906805597,3637.0473054522495,3559.1422668706787,3616.13916015625,6813450
2024-01-15,3688.037303396224,3692.693916153037,3618.188112044023,3635.697021484375,2801505
2024-01-16,3631.2262899610105,3631.2262899610105,3590.760374343459,3596.115478515625,1432672
2024-01-17,3556.7208235117105,3641.424564080022,3550.7138385303956,3617.815673828125,3458696
2024-01-18,3630.294683469867,3640.35301077668,3596.767077362911,3634.578857421875,2239110
2024-01-19,3699.6634019644803,3717.059837136614,3671.5760158450357,3697.834716796875,2941975
2024-01-23,3657.4617018928593,3689.253392795468,3603.772039730458,3618.30810546875,2618854
2024-01-24,3638.70542557381,3642.12834296067,3568.932402810829,3602.881103515625,2657709
2024-01-25,3601.0991467068993,3620.8870436828015,3543.7051787524156,3573.340087890625,2205154
2024-01-29,3564.4311359857325,3582.4370565517297,3545.7218573588943,3564.61865234375,1646747
2024-01-30,3570.6673355072853,3608.5080891700763,3551.4891523141855,3564.196533203125,1411621
2024-01-31,3574.1845587520775,3595.5666912836496,3560.3518491285945,3578.63916015625,2459358
2024-02-01,3582.4367479301113,3662.0567819751186,3568.4165242500367,3614.462890625,2363107
2024-02-02,3634.063205902369,3736.612663128637,3631.2028376276817,3719.638427734375,2826510
2024-02-05,3735.300332044272,3771.8749524182936,3715.700178349996,3726.20361328125,1691523
2024-02-06,3748.4294655539775,3891.820633736524,3741.864790482955,3878.78515625,4474396
2024-02-07,3894.7282664675945,3896.603888074369,3820.594276668283,3829.45654296875,2124267
2024-02-08,3835.6458733260915,3899.417002760364,3831.9415667460817,3877.00341796875,2345173
2024-02-09,3879.300567921934,3924.503225662895,3845.0237708866407,3876.628173828125,2100596
2024-02-12,3873.1582239962727,3900.917512535836,3850.2285690197773,3864.436767578125,1013716
2024-02-13,3868.8911494158424,3910.670430925413,3827.674187966924,3891.4453125,1257415
2024-02-14,3851.5884779156377,3858.997090733716,3797.6643636034514,3845.11767578125,1391283
2024-02-15,3871.2821780446234,3888.44392895267,3829.0807008130323,3848.024658203125,1091582
2024-02-16,3857.4498528668705,3889.9920672478725,3845.1177337734257,3871.563720703125,1307556
2024-02-19,3866.640503768057,3871.56401029997,3802.822664172948,3848.587646484375,772291
2024-02-20,3828.2371155114192,3843.1482139238024,3760.6208730684352,3779.986572265625,1193648
2024-02-21,3763.4346602864093,3810.6535246443304,3733.0496825963114,3743.271728515625,1885939
2024-02-22,3724.0463538039667,3840.287946278356,3724.0463538039667,3832.92626953125,2982052
2024-02-23,3873.1581442686033,3873.1581442686033,3794.7570791114713,3800.102783203125,2538072
2024-02-26,3785.004223439635,3798.1335740660365,3735.0658005213595,3752.227783203125,1379284
2024-02-27,3750.305228133252,3867.531573098657,3750.305228133252,3849.150390625,2960475
2024-02-28,3840.8976823678586,3896.509674983892,3834.7080400231876,3862.795654296875,1939225
2024-02-29,3844.0858367320416,3880.7543245620564,3811.778305779147,3840.428466796875,3772719
2024-03-01,3851.776300908435,3882.5363087877504,3832.6448252006635,3839.725341796875,2043265
2024-03-04,3849.71267244036,3861.8103380983325,3822.4222912670302,3826.923828125,1749271
2024-03-05,3809.387240696813,3811.2628621841086,3732.4867597177044,3762.590576171875,2070859
2024-03-06,3745.662745858388,3818.765041667535,3712.2765944807757,3811.5439453125,1744204
2024-03-07,3812.200473461429,3867.5313044415575,3786.598195707899,3853.089111328125,2688905
2024-03-11,3834.707809455719,3894.7276920199565,3834.707809455719,3865.98388671875,2304068
2024-03-12,3865.983989585085,3966.8925114142617,3864.764560938834,3931.536865234375,4039801
2024-03-13,3943.4942087066347,3977.25539574907,3874.9401512123873,3890.976806640625,2837260
2024-03-14,3895.1500154804917,3962.2501875616867,3831.8945009176455,3945.932373046875,2919608
2024-03-15,3931.8653458631275,3975.3796720157243,3917.2354069378816,3956.85791015625,3373143
2024-03-18,3953.106656161222,3990.1501797762785,3861.7639831846413,3894.259033203125,1526904
2024-03-19,3799.3053975100765,3805.6356194004047,3719.919817535177,3729.954345703125,8931209
2024-03-20,3738.113425638154,3768.123367840969,3713.9178639455963,3723.952392578125,1817913
2024-03-21,3741.9116546616547,3759.120343748554,3702.476668668117,3725.875,3829582
2024-03-22,3654.6481172474314,3693.0983540468014,3615.2600697944185,3667.68359375,5852485
2024-03-26,3634.016313190079,3701.257291825828,3630.68703955033,3636.36083984375,3440925
2024-03-27,3646.6769913107573,3652.772761001774,3591.252286075508,3602.037109375,1968575
2024-03-28,3610.6652440946027,3671.529069915745,3601.6621693515754,3635.23583984375,4311783
2024-04-01,3655.3048258696854,3688.690979343402,3646.2550439346555,3673.170166015625,1569676
2024-04-02,3648.0836677291272,3666.6993019354495,3632.140885633653,3642.269287109375,2142666
2024-04-03,3611.5088559037185,3733.4242418469757,3611.5088559037185,3701.820068359375,3973090
2024-04-04,3728.6414957560305,3778.1110105154908,3690.519582126367,3754.337646484375,3394637
2024-04-05,3730.610695693873,3753.1181508715135,3714.1990096268437,3731.782958984375,1636819
2024-04-08,3735.300320958678,3781.862534405873,3713.7306731098083,3725.500244140625,2302538
2024-04-09,3736.237662579727,3766.1070236289547,3680.953770065772,3701.11669921875,1876992
2024-04-10,3710.3542591400274,3742.052307422326,3674.3424188992844,3736.847412109375,2101965
2024-04-12,3724.0463102085732,3763.76268515537,3700.1321372268762,3752.5556640625,4354821
2024-04-15,3752.5557696224905,3811.4503293550783,3675.32719325435,3696.099609375,4200329
2024-04-16,3659.33739612377,3684.37689632826,3622.622198353119,3631.953369140625,3051420
2024-04-18,3635.704595429841,3691.2229435040135,3610.571222685582,3621.824951171875,3476284
2024-04-19,3599.3174326502835,3612.9626239981167,3564.5245644253832,3588.251220703125,2957749
2024-04-22,3598.3795176848753,3636.829754907987,3574.9342510854167,3624.26318359375,1728883
2024-04-23,3635.9390541705266,3652.772710601142,3620.5121138030436,3633.735107421875,1807586
2024-04-24,3648.0837008405756,3655.586186600659,3586.6101623523527,3592.7998046875,1317312
2024-04-25,3574.1840392334375,3632.7502707587055,3573.9965228878514,3612.63427734375,2856271
2024-04-26,3615.400944510773,3635.7046841917695,3566.07223748283,3583.703125,2039178
2024-04-29,3599.3176762116937,3636.6425900369045,3581.686788233394,3629.51513671875,1110693
2024-04-30,3631.2030581143713,3640.3467125091584,3573.058794270598,3583.04638671875,2203078
2024-05-02,3543.0960645672344,3630.3594034721755,3543.0960645672344,3623.04443359375,2491044
2024-05-03,3648.2239953859785,3651.4596252829774,3561.4298032069573,3604.38134765625,2962234
2024-05-06,3613.384573734727,3694.927167103904,3613.384573734727,3677.20263671875,2053831
2024-05-07,3686.346699307951,3739.9894307070917,3670.122526848597,3731.502197265625,2062112
2024-05-08,3714.6681858171114,3736.5192209369857,3693.66131770256,3729.626220703125,1247685
2024-05-09,3715.6060738380834,3724.0463703208047,3666.886852709913,3713.91796875,1726486
2024-05-10,3716.1687445881325,3726.484662213695,3643.441479536376,3651.740966796875,1672489
2024-05-13,3642.925840662716,3709.0414982162547,3629.327584853832,3702.289306640625,931326
2024-05-14,3691.2230172569975,3700.413608162642,3650.803283386374,3658.587158203125,1058317
2024-05-15,3661.6818959693137,3682.7357004952323,3634.485385536964,3639.08056640625,1115021
2024-05-16,3675.637702384871,3693.0187445265583,3630.67337116967,3684.942138671875,2599399
2024-05-17,3701.992923226846,3702.9375501529057,3617.9211268075583,3621.794189453125,2765804
2024-05-21,3618.487832180219,3631.8542103330115,3599.0757035999536,3608.66357421875,1908117
2024-05-22,3622.644183451547,3628.548101612322,3606.160490071024,3619.810302734375,1311168
2024-05-23,3628.264270607641,3688.767663426612,3613.6698326347005,3677.857177734375,2095742
2024-05-24,3663.4993323947815,3668.742057896385,3631.429294761055,3636.34130859375,1309452
2024-05-27,3641.536348334576,3691.9322808384495,3628.642284641714,3634.026611328125,1841538
2024-05-28,3644.370544047232,3655.706066734782,3617.9209911096164,3627.272705078125,1801993
2024-05-29,3635.774149635783,3635.774149635783,3589.5819894414226,3593.02978515625,1568095
2024-05-30,3567.855604818015,3584.2920197241397,3509.7137762005277,3529.220458984375,2919230
2024-05-31,3532.9042615855815,3542.161650427461,3451.4301994032935,3467.677734375,10956800
2024-06-03,3526.1032967744277,3543.815050940118,3491.3409811408733,3497.811767578125,2156773
2024-06-04,3495.1194153242764,3537.627624429572,3392.6274000370645,3509.288818359375,3395997
2024-06-05,3510.233230038932,3574.27897395571,3495.1192010613695,3538.9970703125,2799670
2024-06-06,3571.634109972148,3627.2725390345563,3534.3213495003415,3618.298583984375,4328036
2024-06-07,3624.8168128885063,3698.2142761529285,3624.8168128885063,3678.329833984375,4552445
2024-06-10,3679.3217405498876,3689.6180814133613,3629.161960387638,3645.03173828125,1734661
2024-06-11,3632.0904200618043,3665.1050839975637,3628.3119124726636,3638.79736328125,1419898
2024-06-12,3659.8622913039767,3677.9047569591216,3615.5121054162055,3619.4794921875,2177001
2024-06-13,3643.23713885556,3674.5987063691045,3638.7028835305373,3663.40478515625,1932323
2024-06-14,3673.6538756786167,3673.6538756786167,3616.031636949793,3619.857421875,1860730
2024-06-18,3614.1898098741085,3629.256562858962,3584.9063758687394,3603.84619140625,1774045
2024-06-19,3615.7010098615556,3621.557881055292,3582.9225030243783,3591.18798828125,1509050
2024-06-20,3585.8038156912176,3598.9813152014426,3570.737062326571,3577.538330078125,2846526
2024-06-21,3615.08724810415,3663.0743420998706,3587.7403447033967,3599.737060546875,4642195
2024-06-24,3597.8473681995324,3643.425611853127,3581.3636764636767,3605.45166015625,1702154
2024-06-25,3605.6408753024607,3634.5935975227003,3582.8752747763524,3625.903076171875,1338808
2024-06-26,3631.6179924136177,3652.8248194664434,3628.3117983770853,3642.339599609375,1639845
2024-06-27,3618.8657792176605,3723.719368748634,3606.6801840344065,3716.303955078125,4526556
2024-06-28,3700.8591386940006,3740.722345851188,3682.013879060851,3687.96484375,2731571
2024-07-01,3668.930984521538,3780.1135277066987,3668.930984521538,3757.914794921875,2658723
2024-07-02,3772.4619129298726,3800.61160880511,3762.0237400230303,3794.94384765625,2307449
2024-07-03,3797.399960989219,3803.162277059337,3735.9992153513335,3745.681640625,1821198
2024-07-04,3778.3658747158024,3823.2356509992096,3761.598747788845,3798.29736328125,2518001
2024-07-05,3787.953678275629,3803.7761780539627,3767.171887521997,3789.654052734375,1668616
2024-07-08,3799.2892844506714,3808.027083028784,3757.7729794930797,3772.083984375,1758882
2024-07-09,3764.3382334203675,3785.0727479543702,3754.9865192673674,3764.810546875,1305801
2024-07-10,3763.110464235507,3781.6252453420952,3685.9344858860404,3692.6884765625,2669716
2024-07-11,3713.3284398600626,3759.615159156207,3679.8887389846327,3706.4326171875,4872189
2024-07-12,3759.6153607360716,3967.3862483978237,3751.3971521774197,3952.272216796875,13509164
2024-07-15,4001.156559406364,4005.218270796749,3926.861280742083,3938.3388671875,4848030
2024-07-16,3940.983388073058,3962.2845399612966,3915.383907085896,3947.076416015625,2029521
2024-07-18,3929.6472354356283,4085.510647418051,3929.6472354356283,4076.583740234375,5613364
2024-07-19,4087.804118951557,4126.955252351664,4057.363922028097,4073.601806640625,3903354
2024-07-22,4071.282819315056,4090.219237805453,4038.191243077126,4059.352783203125,1896386
2024-07-23,4055.234341117392,4129.749338708775,4039.422245498756,4073.555419921875,2365208
2024-07-24,4059.4949095439492,4108.350964066985,4041.126675185908,4077.247802734375,1809793
2024-07-25,4066.5957262823526,4112.043129044065,4046.902036678233,4092.63330078125,2810342
2024-07-26,4118.670552129421,4187.2679052166895,4106.4090376287495,4154.5078125,3552210
2024-07-29,4180.214323934273,4195.363458517048,4138.5542038316435,4148.1171875,1746803
2024-07-30,4157.584736158652,4164.117706946695,4097.177294216961,4133.2041015625,1797906
2024-07-31,4118.670902108038,4179.267439518362,4113.936797622856,4152.14111328125,2330091
2024-08-01,4165.443127805721,4184.2847683252885,4132.919742480951,4163.265625,2202244
2024-08-02,4132.872913485503,4164.11800080395,4042.9249348414887,4055.28076171875,2811282
2024-08-05,4013.573189837949,4013.573189837949,3891.9067225357135,3934.08740234375,2787771
2024-08-06,3949.14268931395,4031.7999662691227,3939.532087639672,3949.37939453125,2203067
2024-08-07,4003.1584593448297,4019.2072572996026,3957.994920939523,3977.07373046875,1237666
2024-08-08,3958.658292455504,4006.9461596918663,3938.775053005237,3950.657470703125,2441283
2024-08-09,3992.7437508660028,4027.4446445233084,3981.9024665927805,4003.868896484375,1302536
2024-08-12,4005.0521972685856,4013.573584922349,3963.723559610809,3972.52880859375,936912
2024-08-13,3988.956544779889,4008.8397841438527,3960.5519171170845,3973.76025390625,1495593
2024-08-14,3985.1689766880017,4077.2001486736017,3965.42766940822,4066.832275390625,3226545
2024-08-16,4118.670194945417,4191.575391499624,4095.0944511200714,4181.20751953125,3457058
2024-08-19,4185.894947757169,4255.249574521071,4156.87498137627,4251.2255859375,2055210
2024-08-20,4265.428244901237,4322.23750010525,4260.694140300903,4282.7548828125,2212298
2024-08-21,4277.736095114591,4317.502566118313,4253.6393224018875,4309.45458984375,1896990
2024-08-22,4317.5030108146375,4318.402675534502,4258.042847258311,4262.58740234375,1829872
2024-08-23,4260.694490644183,4266.375416631709,4218.0875457377415,4226.51416015625,1809253
2024-08-26,4250.279233485934,4310.070883859805,4246.491949695793,4263.01416015625,1844164
2024-08-27,4265.428242149461,4270.162346746741,4248.1959164894,4257.99560546875,930697
2024-08-28,4259.510755261752,4319.870590915642,4220.264841898864,4266.42236328125,1848058
2024-08-29,4222.821557534789,4313.716371329259,4222.821557534789,4271.86669921875,2133641
2024-08-30,4260.693828489569,4348.038051973605,4249.14242918416,4311.58544921875,3637222
2024-09-02,4332.652011694428,4344.013861375445,4272.055480062339,4280.6240234375,1216500
2024-09-03,4280.62427113772,4313.6210706253505,4256.811818932973,4272.38720703125,1717263
2024-09-04,4238.869372185236,4248.384735865379,4200.759836723105,4241.046875,1265505
2024-09-05,4242.704111797141,4259.746886626945,4217.281880213047,4237.9228515625,1688793
2024-09-06,4236.029155230157,4278.636091754635,4203.884403748528,4219.74365234375,1649179
2024-09-09,4218.0871166522065,4251.462553433798,4194.890004562873,4212.9267578125,1184938
2024-09-10,4206.20399246566,4298.519014859862,4204.310350980651,4268.1259765625,1385591
2024-09-11,4281.004326048192,4307.420541525637,4233.473723250869,4241.14306640625,1325919
2024-09-12,4270.399124104948,4291.560664475195,4195.647426325353,4277.453125,2742216
2024-09-13,4289.098178257309,4305.194131685647,4265.427658509752,4282.091796875,1458786
2024-09-16,4286.258044672285,4304.2947971775275,4255.43921052289,4273.2392578125,1155120
2024-09-17,4273.238899164255,4294.589522896417,4228.501617164474,4266.04296875,1699364
2024-09-18,4257.900566019319,4257.900566019319,4091.2129384450927,4115.025390625,2961779
2024-09-19,4156.590712046438,4187.031372404745,4054.097354431545,4067.684326171875,2927551
2024-09-20,4087.3314750703935,4100.3978822358085,4002.6857702859393,4057.033203125,5447908
2024-09-23,4071.32949426943,4080.229517445096,4026.828916076253,4041.504638671875,1702319
2024-09-24,4025.55058123155,4062.808072353835,4014.520211321431,4044.155517578125,3012026
2024-09-25,4026.2141547688016,4061.4832351175246,4014.5208235861746,4047.4228515625,2713073
2024-09-26,4033.457080163439,4087.236322972992,4033.457080163439,4064.228759765625,3964251
2024-09-27,4104.468587471434,4145.181886032281,4071.37701220358,4079.5673828125,3012477
2024-09-30,4058.926049161128,4070.1459682536542,4033.5038178792897,4041.504638671875,2503416
2024-10-01,4029.243299789114,4067.305683040906,4017.3137268821633,4059.873046875,1823365
2024-10-03,4035.9187010687683,4051.4464707512293,3986.1158312368952,4007.656005859375,3350119
2024-10-04,4000.317786149061,4069.4357029274943,3999.4181214842306,4026.11865234375,2965463
2024-10-07,4046.6177563169667,4068.7261168182736,4004.484226222508,4045.623779296875,1472619
2024-10-08,4045.386749254377,4051.8249459382696,3980.3875920827627,4027.065673828125,1541867
2024-10-09,4033.456884593668,4066.595614866151,4020.8643520160745,4026.781982421875,1082504
2024-10-10,4027.065743241721,4065.506761861307,3975.322076727874,4002.59033203125,2378875
2024-10-11,3922.6785983438544,4016.36670200166,3893.753407653234,3928.549072265625,5759183
2024-10-14,3919.837957643063,3943.8871125530773,3902.9847329926533,3916.666015625,2137590
2024-10-15,3911.364023062213,3948.1957233726384,3877.231316907688,3897.871826171875,2759474
2024-10-16,3867.7635041374742,3896.168132074836,3850.910045329815,3877.184326171875,2359151
2024-10-17,3894.0847950246857,3910.323143238336,3875.29053893895,3890.487060546875,2522659
2024-10-18,3881.944889664929,3935.2384902660306,3872.4535818662375,3913.3134765625,2361000
2024-10-21,3922.3776803062365,3929.3538837407996,3862.9620049373275,3872.31103515625,1595450
2024-10-22,3859.165228757121,3881.754584605675,3802.5496780872345,3811.234130859375,1928049
2024-10-23,3796.143121407225,3904.2962832162098,3791.919304547543,3859.402587890625,1966476
2024-10-24,3800.319338767848,3871.504141566946,3800.319338767848,3841.986083984375,2676744
2024-10-25,3850.670942439126,3883.8430156937015,3827.5595160672574,3851.1455078125,1759676
2024-10-28,3861.965120390014,3923.7061156513423,3844.9282715296536,3882.751220703125,1532534
2024-10-29,3887.496763644427,3894.757520238166,3853.5653437958795,3867.944580078125,1445885
2024-10-30,3867.7074369038137,3898.0796180034267,3853.517979890609,3876.866455078125,1935002
2024-10-31,3862.9619045386735,3870.839735602275,3758.5575287403312,3766.57763671875,3740372
2024-11-01,3786.889583476844,3795.5265346519595,3773.7915322018357,3781.52685546875,154895
2024-11-04,3764.5371079100955,3788.834714578836,3714.1856783834955,3762.496337890625,2269192
2024-11-05,3740.61911840681,3783.234994421101,3740.61911840681,3769.330322265625,967590
2024-11-06,3799.9400361634475,3938.7026764053235,3773.032086197068,3929.069091796875,3792017
2024-11-07,3957.5907627391994,3991.8540128312807,3877.246703910295,3939.746826171875,3724349
2024-11-08,3943.6382119110012,3957.6378902806014,3908.1880861984155,3936.045166015625,1648039
2024-11-11,3918.201520379155,4018.903916361986,3908.1879134815194,3985.115234375,1406487
2024-11-12,4001.5350272065516,4003.4332886046573,3952.51251928902,3983.881103515625,1587640
2024-11-13,3965.5632315109633,3983.264427096759,3920.9063521955636,3939.224853515625,1098813
2024-11-14,3924.655057360299,3948.383322519672,3907.0488699891157,3935.00048828125,1825432
2024-11-18,3998.687803877484,3998.687803877484,3787.2214288591285,3815.031005859375,3313944
2024-11-19,3815.4102345767187,3921.9501508023773,3809.9054621443674,3834.060791015625,1776233
2024-11-21,3839.1386042394874,3884.2698145282143,3819.3018656674813,3865.6669921875,2384347
2024-11-22,3863.9112312507355,4038.504015740722,3847.776008717878,4028.680419921875,3096553
2024-11-25,4062.2794137366227,4107.932693294498,4035.8937655385084,4095.593994140625,4052167
2024-11-26,4101.240893559863,4144.47407361588,4090.7531850402665,4131.28125,2060669
2024-11-27,4137.2131813248125,4154.724363536381,4104.088151292946,4112.15576171875,1558993
2024-11-28,4099.2955217974695,4119.179995477792,4017.670281030027,4028.96484375,2558544
2024-11-29,4005.3318228209696,4080.028599301392,3982.2203960362835,4053.59521484375,2017425
2024-12-02,4052.788226834513,4070.0625915391006,4014.870268702841,4059.099853515625,1670944
2024-12-03,4094.882568586282,4104.990718939741,4048.4701650537613,4083.87255859375,2010905
2024-12-04,4094.121966667872,4163.78852095067,4070.8682678061223,4132.89404296875,3302642
2024-12-05,4176.934278953506,4260.647793669346,4138.209931031042,4236.966796875,3746747
2024-12-06,4226.479320621802,4237.868889866684,4188.276807112925,4219.36083984375,1842087
2024-12-09,4205.07650413352,4242.0448686697655,4190.934085246633,4225.67236328125,2066639
2024-12-10,4200.994991803812,4265.20359458783,4187.659890094591,4207.0693359375,2087828
2024-12-11,4206.405086397892,4222.350297163338,4182.819095248504,4202.22900390625,1635256
2024-12-12,4204.696352489294,4256.851270827812,4200.852558457947,4228.330078125,1914642
2024-12-13,4209.347069742307,4266.247172902569,4170.859544659024,4246.3154296875,1967048
2024-12-16,4232.1742831770125,4247.36037614199,4173.328172937727,4190.6025390625,1646224
2024-12-17,4185.666657040545,4207.449393387959,4098.346627007046,4108.3125,3225027
2024-12-18,4092.366754522636,4140.107840205238,4071.3908747482337,4126.677734375,1575404
2024-12-19,4064.177376549218,4142.006088570945,4045.1947638609918,4054.591064453125,3015763
2024-12-20,4108.7866456248585,4159.090570831168,3941.2650833812017,3958.159423828125,4116989
2024-12-23,3986.395733224167,4002.4836820374535,3905.5773564971237,3946.76953125,2195338
2024-12-24,3946.77033195685,4003.43362482616,3946.77033195685,3966.89208984375,1181886
2024-12-26,3966.8921076893726,3986.3020175795177,3932.3911110375443,3957.021240234375,1208464
2024-12-27,3951.2310760757846,3968.2681573970385,3936.2822676568094,3952.987060546875,858100
2024-12-30,3939.8415947124545,3985.684422832016,3902.825496858013,3947.24462890625,1527169
2024-12-31,3924.655496583325,3929.353878987766,3826.9425360658684,3886.50048828125,1555429
2025-01-01,3886.1205985527304,3923.706266508262,3877.6259252343875,3903.252685546875,763161
2025-01-02,3910.4187239006465,3970.21396166903,3888.541445300585,3963.332763671875,1720835
2025-01-03,3967.3190100554248,3967.3190100554248,3884.127566106747,3891.3408203125,1791953
2025-01-06,3896.6560578175076,3938.5600852002444,3859.5449550545113,3886.690185546875,2085593
2025-01-07,3905.6253667734477,3929.7331926762554,3807.48511819948,3823.383056640625,2669054
2025-01-08,3829.6473413152235,3916.113240154538,3813.3698426153405,3899.408447265625,2181277
2025-01-09,3892.3851104960186,3927.2656647049257,3820.535960823577,3833.396728515625,2392472
2025-01-10,3986.3490838137277,4078.41476503514,3957.875161786487,4048.659423828125,7894300
2025-01-13,4029.060163870238,4103.045093599212,4012.3553694421994,4072.815185546875,4003771
2025-01-14,4083.1605246383615,4094.4550879803073,4004.4299428133863,4017.7177734375,3441709
2025-01-15,4003.43315943906,4039.9274190172896,3993.420016264204,4033.42578125,1653474
2025-01-16,4043.2968742708517,4075.567318807286,3978.613708278282,3992.328369140625,2637705
2025-01-17,4020.939695681563,4021.6165011799776,3963.08887255939,3986.52880859375,1761466
2025-01-20,4007.3105183689017,4007.3105183689017,3932.2063483825796,3941.582275390625,1287799
2025-01-21,3958.497734138814,3973.673232978695,3895.3790145716716,3901.03369140625,1971591
2025-01-22,3914.7108496617475,4024.0810102403266,3909.1045498898884,4017.75,2409223
2025-01-23,4028.7689459052554,4051.339039072567,4001.7524202557865,4006.972412109375,1822998
2025-01-24,3966.9073539751175,4038.4354105526413,3966.9073539751175,4013.642333984375,1910099
2025-01-27,3964.973867046099,4017.5084152856,3906.0599315038703,3929.354736328125,1551782
2025-01-28,3934.816117007367,3964.9738425768846,3893.735817565749,3905.3349609375,2468272
2025-01-29,3918.5772926221866,3970.6285432095738,3918.5772926221866,3962.84716796875,1217089
2025-01-30,3962.943972286711,3991.941831258984,3922.927021299046,3963.0888671875,1531251
2025-01-31,3972.7066328908318,3990.5405047390313,3948.7833995175843,3975.0263671875,1492943
2025-02-03,3896.2490630112698,3940.80920259535,3865.12474024913,3932.738037109375,1265713
2025-02-04,3947.285364884988,3981.2613328675334,3930.2250514324437,3969.855224609375,2547132
2025-02-05,4011.3703550712034,4011.3703550712034,3939.8423053663196,3954.43798828125,1693912
2025-02-06,3968.2602324120217,4001.221226388129,3916.209217331792,3946.366943359375,2284536
2025-02-07,3953.374595002479,3953.374595002479,3874.113784051329,3894.798828125,1548940
2025-02-10,3905.045086746592,3916.644230568612,3880.2520112210996,3902.096923828125,1339511
2025-02-11,3884.1665374644367,3905.045090759602,3822.884488602531,3831.14892578125,1810908
2025-02-12,3838.446649169052,3887.404606196338,3808.5303361658844,3818.1962890625,1678002
2025-02-13,3835.4503502565626,3851.3507965730623,3771.896705969927,3779.53271484375,2277310
2025-02-14,3793.8861694247853,3816.1178590800137,3769.7212893647547,3803.4072265625,1681975
2025-02-17,3727.674715397498,3802.585849960782,3727.3846896150562,3774.0712890625,1799806
2025-02-18,3768.1752947909295,3793.306774402773,3735.407806152644,3743.817138671875,2149879
2025-02-19,3742.850263486918,3745.508400554833,3642.2759755929487,3657.693359375,4366672
2025-02-20,3635.848185178673,3661.4629603766616,3625.988960412709,3653.150146484375,2888572
2025-02-21,3649.960586134303,3689.4942392872176,3648.8972369162293,3659.52978515625,1833931
2025-02-24,3618.111196511734,3637.4914799757285,3547.4048428794777,3552.81787109375,2508516
2025-02-25,3503.90809636369,3535.8057424823114,3500.2833638502107,3508.30615234375,4101954
2025-02-27,3491.0520789257853,3516.4735816470966,3480.419530987875,3491.873779296875,3823856
2025-02-28,3465.195760859545,3479.743067268356,3341.5199398740847,3366.89306640625,7085018
2025-03-03,3368.584583379958,3405.5568531975428,3360.0301206751515,3376.36572265625,4990439
2025-03-04,3357.952083726606,3432.3799220820893,3348.576156481458,3414.06298828125,2797737
2025-03-05,3403.237261275363,3480.081589993446,3403.237261275363,3428.56201171875,2501894
2025-03-06,3438.1793081878077,3488.877181911339,3417.9775618337376,3481.28955078125,2786513
2025-03-07,3479.743027656133,3503.9079097926337,3454.998093954285,3490.56884765625,2051315
2025-03-10,3486.0259949428714,3501.1049762137254,3462.9244613654673,3469.73876953125,1004626
2025-03-11,3439.146261421323,3468.869068486726,3419.4759516197346,3455.868408203125,1995450
2025-03-12,3445.912267227522,3450.020297279617,3370.3729384283747,3389.076416015625,3174167
2025-03-13,3385.306695598729,3406.5717917540665,3367.714708703622,3393.764404296875,1693004
2025-03-17,3372.4510196048896,3412.5163478055665,3361.1902786941764,3380.8603515625,2690906
2025-03-19,3428.5132810234372,3428.5132810234372,3347.0776328908673,3380.2802734375,3051244
2025-03-20,3394.68252652922,3459.3960314822807,3394.68252652922,3444.123779296875,2845192
2025-03-21,3358.9186380800415,3495.450223009194,3349.252685164703,3458.57470703125,4161925
2025-03-24,3479.7429444303652,3527.831058731868,3447.4587570622184,3507.725830078125,1834751
2025-03-25,3523.2398747468987,3586.0685693582973,3516.473707634902,3535.56396484375,3135390
2025-03-26,3525.897689430406,3557.5536826670163,3504.7293486525073,3514.346923828125,1734499
2025-03-27,3494.0970689111577,3540.638537603521,3489.892285017066,3529.232666015625,2528474
2025-03-28,3529.0391458412178,3538.656721076703,3471.9132739836596,3485.687255859375,2051919
2025-04-01,3453.354619757771,3464.2771927018816,3407.248075969345,3432.186279296875,2618493
2025-04-02,3425.6138066504323,3445.0424669343693,3412.129849162714,3425.5654296875,1764313
2025-04-03,3374.3842427691143,3385.0167912281404,3282.702582798802,3289.46875,4537821
2025-04-04,3250.2735845869393,3286.0857531447828,3185.414942880682,3189.1845703125,5317367
2025-04-07,2996.4454369330797,3181.4516833870694,2953.963620596823,3164.681396484375,6623955
2025-04-08,3191.7460628104113,3237.127665022999,3146.5577324611054,3182.949951171875,5557558
2025-04-09,3151.6321497293247,3160.76642752928,3104.752280697163,3138.148193359375,2990265
2025-04-11,3179.663390613554,3188.7492913945475,3098.904311833949,3123.552490234375,7108961
2025-04-15,3203.683386247662,3203.683386247662,3130.415650876791,3139.69482421875,3512160
2025-04-16,3139.6947635283577,3168.596104196088,3121.136181217996,3164.439697265625,2384391
2025-04-17,3137.085076745666,3193.2443586174536,3110.50370573642,3188.701171875,2932346
2025-04-21,3180.195072407739,3241.960413439671,3174.3955010062373,3210.642822265625,2432946
2025-04-22,3211.6096198122023,3222.531957851611,3184.931495290658,3203.683349609375,2710498
2025-04-23,3252.593171873855,3306.625754540036,3225.818529364827,3298.98974609375,3543923
2025-04-24,3287.4874054696716,3298.5064976170884,3274.5348867157572,3287.970703125,2252175
2025-04-25,3305.7558885472554,3361.625143451318,3291.256959211522,3332.820556640625,2742991
2025-04-28,3320.2546435993536,3342.2930622298845,3291.2567864500143,3328.470703125,1593296
2025-04-29,3339.586779424834,3378.250591632357,3315.808440523134,3356.502197265625,1578332
2025-04-30,3356.0188189819924,3392.65268577439,3253.5597190937174,3338.330078125,2809332
2025-05-02,3356.0188344779217,3374.867442563267,3305.755879583667,3316.388427734375,1721761
2025-05-05,3334.7537493074506,3387.4331925936117,3331.2739118706236,3338.91015625,1284443
2025-05-06,3344.419677734375,3356.9854164079434,3322.1879862349847,3344.419677734375,1324763
2025-05-07,3306.335750758935,3343.9362109554654,3306.335750758935,3330.017333984375,1477128
2025-05-08,3332.820588313161,3360.851851961966,3314.1652518601954,3333.6904296875,2543591
2025-05-09,3285.457254527544,3331.0805031274213,3284.5874131966707,3325.377685546875,2531757
2025-05-12,3387.9166622272146,3509.224377237062,3385.2101480817496,3499.461669921875,2228678
2025-05-13,3499.461570957545,3501.9748131612287,3393.232840630001,3397.58251953125,3062887
2025-05-14,3403.3820953219624,3442.0459078220697,3391.396407841002,3430.15673828125,2119499
2025-05-15,3444.9459251585763,3479.743358746037,3396.7129102189265,3460.314697265625,3548330
2025-05-16,3473.8465567565913,3473.8465567565913,3427.6434928317944,3442.335693359375,1666727
2025-05-19,3431.413341631395,3431.413341631395,3386.659931697025,3401.255615234375,2537377
2025-05-20,3413.82137266364,3439.1461226598826,3377.2840226457647,3381.4404296875,2038374
2025-05-21,3390.8162851170264,3418.8475485914832,3381.4403579795026,3408.021728515625,1440153
2025-05-22,3378.2502763697153,3380.956790168703,3336.0101126719387,3360.8515625,2034383
2025-05-23,3360.851724551366,3416.9142497236344,3349.8326329632987,3397.19580078125,1274331
2025-05-26,3403.3819012793415,3426.5801874567637,3392.8461073678304,3419.137451171875,967470
2025-05-27,3414.0148212139343,3421.747584115891,3366.7484023698016,3381.8271484375,2467680
2025-05-28,3402.4154740639756,3411.114831810162,3376.317400825417,3380.8603515625,1222933
2025-05-29,3387.626457620242,3414.4978538154573,3370.034470581059,3381.2470703125,3188072
2025-05-30,3373.417829977909,3389.5599254056924,3337.7505553386973,3347.706298828125,3404365
2025-06-02,3334.7538187399196,3344.4197718377163,3304.4028204069105,3334.560546875,1877585
2025-06-03,3330.887082808426,3357.4684509968274,3286.907000896707,3291.449951171875,2848125
2025-06-04,3304.907652247958,3310.563782597761,3286.3791053631217,3297.008544921875,2544807
2025-06-05,3324.4113841471617,3324.4113841471617,3280.235380032571,3287.451904296875,3584683
2025-06-06,3287.4520036268846,3306.7605099618336,3275.359545608902,3300.226806640625,2070390
2025-06-09,3315.634960419095,3348.791310023286,3306.760665733127,3336.991455078125,1718678
2025-06-10,3354.6424396212137,3399.3060406489903,3338.2592545088482,3376.97412109375,2419874
2025-06-11,3383.8979728571367,3402.4265208353168,3363.516665314218,3385.750732421875,2847013
2025-06-12,3385.7505745896515,3388.481144938844,3338.259030391803,3348.986083984375,4060134
2025-06-13,3309.003623498393,3364.8818717382055,3309.003623498393,3360.200927734375,2178493
2025-06-16,3354.642349665819,3421.9302340050463,3341.1847251814343,3409.54541015625,1934088
2025-06-17,3422.905437301184,3432.6573046439225,3401.5489430536663,3428.073974609375,2111940
2025-06-18,3431.7796073253016,3450.2105407013996,3357.665418209048,3365.75927734375,2696327
2025-06-19,3364.394161188714,3365.3693479021017,3328.3122527933565,3339.039306640625,2672768
2025-06-20,3340.0142809157096,3360.785804206261,3326.2640538984306,3350.44873046875,2351248
2025-06-23,3330.2626997221478,3340.014567071261,3286.3792966511382,3309.393798828125,3123421
2025-06-24,3349.376392565029,3356.690292940616,3298.081476031171,3306.27294921875,3403048
2025-06-25,3322.7537403887272,3364.3941654870573,3315.634829755361,3359.3232421875,1757699
2025-06-26,3359.3232652421043,3365.759354753242,3330.555256962972,3356.397705078125,2879106
2025-06-27,3369.2703330730474,3380.387367158931,3345.8658502962735,3355.71533203125,1778433
2025-06-30,3354.5447137321717,3378.924381810933,3344.8904604060604,3376.096435546875,1468351
2025-07-01,3369.2701724246303,3398.5257745006766,3328.7999228861,3344.597900390625,2375183
2025-07-02,3400.671024568939,3403.3039810516498,3335.1385257152824,3338.356689453125,3090585
2025-07-03,3344.8904436190446,3350.058980842342,3313.294489180619,3316.4150390625,2531870
2025-07-04,3323.4363525656718,3341.964900305915,3305.980605453995,3334.943603515625,1109320
2025-07-07,3333.481005692293,3341.0875101654565,3323.8265137554163,3327.044677734375,1639174
2025-07-08,3320.510975827842,3340.0147113686808,3309.1987139810713,3321.68115234375,2325242
2025-07-09,3325.3865128143525,3329.28725945695,3283.4534864064294,3299.836669921875,2034938
2025-07-10,3296.130925499427,3314.659472122057,3272.7264455550526,3298.081298828125,3035012
2025-07-11,3218.0184502225306,3252.247598137654,3180.1813972680684,3184.959716796875,7635550
2025-07-14,3184.9597625910983,3190.8108827918168,3120.5974403831947,3142.734130859375,3924009
2025-07-15,3126.4484195792625,3178.5232917839735,3126.4484195792625,3171.599609375,2590889
2025-07-16,3157.607249475903,3175.1222359666176,3151.344969328223,3163.576171875,2540733
2025-07-17,3154.7696780470374,3172.2846643823304,3135.199754145851,3140.18994140625,2947640
2025-07-18,3155.6502438038765,3159.3685771406017,3118.46738821797,3121.304931640625,3432645
2025-07-21,3121.4030943290218,3128.83976152069,3084.2202361520617,3090.286865234375,3844346
2025-07-22,3091.65673828125,3111.7159107005,3086.764257203384,3091.65673828125,3198036
2025-07-23,3091.6566291573,3113.5748480562365,3089.6996367952283,3110.7373046875,1922875
2025-07-24,3097.0385335433134,3105.4534578423713,3072.478182452152,3080.30615234375,2934778
2025-07-25,3072.4780444334683,3089.014534530361,3058.3877948178133,3068.368408203125,2568917
2025-07-28,3043.12328264916,3050.9512525080645,3003.885488175128,3013.08349609375,3374473
2025-07-29,2994.1984086760676,3007.8973556438664,2975.802632112602,2990.284423828125,4785312
2025-07-30,2994.1983151611034,3003.0047807939304,2981.673516260727,2987.93603515625,2880121
2025-07-31,2976.2918502873677,2994.0027271024683,2950.166049468222,2971.497314453125,2968371
2025-08-01,2964.7455243430377,2971.4972914199097,2935.488583681943,2938.424072265625,2053847
2025-08-04,2944.392964480288,3013.181055141491,2927.2692812506943,3008.28857421875,2519252
2025-08-05,3008.2886143717656,3011.322048140622,2976.5854331255146,2998.014404296875,1927996
2025-08-06,2997.1337788834585,3000.8521121202134,2960.9294204705666,2967.093994140625,1487081
2025-08-07,2951.1446440658847,2985.9792055799644,2946.154217712285,2981.47802734375,2543076
2025-08-08,2982.5543093380406,2994.002666894786,2959.9509519667536,2971.105712890625,2762140
2025-08-11,2971.105606429514,2984.3153044195046,2956.3304579380692,2975.4111328125,1884215
2025-08-12,2975.6068714078456,3029.8154640054736,2961.809979769089,2970.127197265625,3358232
2025-08-13,2970.812449963036,2978.9337774241835,2963.473728360306,2970.91015625,2148166
2025-08-14,2968.757439673081,2990.1864106721328,2954.1779420022144,2957.30908203125,3342174
2025-08-18,2980.988718063058,2983.434958599791,2938.815435653507,2946.44775390625,2945609
2025-08-19,2946.4476070609903,2959.950901928915,2946.349900778797,2951.340087890625,2650784
2025-08-20,2946.1539583708727,3036.664852119672,2946.1539583708727,3031.96826171875,4952358
2025-08-21,3062.693270119804,3062.693270119804,3016.801891436903,3035.882568359375,3230726
2025-08-22,3019.639270954844,3029.1306363096523,2984.4134077810354,2988.327392578125,1593791
2025-08-25,3020.9115315912086,3084.220191422538,3010.9309175823823,3073.0654296875,3448370
2025-08-26,3061.7145608480614,3094.0049349317896,3052.9080951888627,3089.30810546875,5522097
2025-08-28,3077.370733980466,3078.838478368692,3020.1287028396528,3027.173828125,3116051
2025-08-29,3026.4887537573413,3048.0156702082504,3011.028465982645,3018.3671875,2271789
2025-09-01,3023.5531276055535,3063.7694152474464,3023.5531276055535,3045.667236328125,1246862
2025-09-02,3053.9847239556466,3087.1556510845603,3036.371791556432,3044.591064453125,2185229
2025-09-03,3062.595272321678,3074.33722714916,3021.5963756053266,3030.89208984375,1799774
2025-09-04,3048.99413571954,3050.951128104469,3024.3360794475675,3029.130615234375,1481391
2025-09-05,3030.5006621101975,3036.664997028233,2963.47367273015,2982.75,2802055
2025-09-08,2984.413214194218,2998.9927110613953,2951.144345576971,2954.079833984375,2626187
2025-09-09,2966.898378981974,2994.19832699537,2965.62628616296,2983.826171875,2489301
2025-09-10,2990.675797260498,3055.550145422665,2987.740308555338,3043.123291015625,2079428
2025-09-11,3071.4996140027415,3071.4996140027415,3043.221168990462,3057.017822265625,2263446
2025-09-12,3076.3919302537256,3080.990814432397,3053.886518550216,3066.019775390625,1447167
2025-09-15,3066.607284819441,3066.607284819441,3029.4244268669395,3044.982421875,1732539
2025-09-16,3060.736085121159,3082.26300132086,3042.242602669502,3078.055419921875,2573429
2025-09-17,3084.2199854121977,3113.966173979194,3074.8263264485827,3104.57275390625,2418271
2025-09-18,3116.51048247651,3134.1234145595795,3093.4178759668794,3108.388916015625,2633138
2025-09-19,3101.8328935510035,3112.107103450778,3076.3919928468,3101.050048828125,4901694
2025-09-22,3028.445731768582,3040.089740964508,2999.090845838676,3007.70166015625,3634901
2025-09-23,3003.983542191669,3014.4534044791503,2986.3706093710016,2996.546875,3177741
2025-09-24,2984.4133369924134,2991.262810224855,2967.778901999341,2970.127197265625,1625714
2025-09-25,2957.015390749667,2964.4520571099356,2887.5421635017433,2893.804443359375,4974361
2025-09-26,2877.7574418213358,2891.260737711385,2829.126226471788,2836.758544921875,3934636
2025-09-29,2853.2947314486933,2866.3087778304835,2831.7678164651984,2833.82275390625,3110035
2025-09-30,2848.402439766557,2852.610021207006,2823.0594837288886,2826.288330078125,2253458
2025-10-01,2828.8326264436423,2861.9058470940704,2804.957413772581,2851.53369140625,1952902
2025-10-03,2861.1229086009284,2861.1229086009284,2828.9304789544044,2839.498046875,2899519
2025-10-06,2839.5959635916415,2929.22631078988,2833.3336834873367,2924.137939453125,2112774
2025-10-07,2930.5959216848555,2939.891634958981,2891.9453243871753,2909.75390625,3062943
2025-10-08,2911.0263039913752,2977.5640480826064,2904.176830334925,2962.103759765625,4121889
2025-10-09,2968.757519004287,3000.069397912704,2955.0585719818546,2995.86181640625,3211304
2025-10-10,2984.413250266025,3003.983173218589,2942.239970746985,2963.179931640625,8817365
2025-10-13,2961.9079637241057,2970.225181329542,2933.7272257063764,2942.53369140625,2866865
2025-10-14,2956.0370052457697,2962.1036338769445,2891.9455044700007,2896.642333984375,3611416
2025-10-15,2917.954894078994,2926.499513769408,2898.31197994854,2916.7763671875,4282226
2025-10-16,2916.87439174088,2921.883430677564,2890.553079047838,2917.66015625,3251495
2025-10-17,2916.972551528368,2935.4369375213087,2902.6331292681275,2909.311767578125,4374683
2025-10-20,2932.1958010354274,2969.0262624451843,2925.320781572273,2961.365478515625,3133039
2025-10-21,2976.981832168517,2977.669286180243,2942.508423286113,2953.017333984375,310644
2025-10-23,3000.4550745732363,3042.687339125331,2981.892616996725,3018.330078125,5564758
2025-10-24,3025.0086400055093,3034.8300966289034,3003.6961270890743,3008.508544921875,2684318
2025-10-27,3011.7496607245316,3038.9550474990237,3005.5620951218402,3029.821044921875,1946312
2025-10-28,3021.0801556355614,3035.0265765381446,2985.919291823652,3003.30322265625,3470737
2025-10-29,3003.3032409472494,3021.080174034828,2991.714113509379,3003.0087890625,2895420
2025-10-30,2994.6603471523654,3009.0978400091353,2978.6513253692647,2981.106689453125,2241536
2025-10-31,2980.8120174669925,3012.6334402910475,2971.088871543434,3003.4013671875,1868085
2025-11-03,2992.499451583931,3003.4013640895914,2956.2583734171585,2962.93701171875,2194877
2025-11-04,2965.6872390451917,2975.214004338424,2922.8655907942766,2936.81201171875,2670720
2025-11-06,2936.7138956519902,2970.0085383136757,2936.61558517126,2957.142333984375,2542721
2025-11-07,2947.419237380036,2950.3656744717186,2907.6423366423182,2938.383544921875,1830520
2025-11-10,2939.5619693268272,2993.4816703122747,2938.579823663838,2971.18701171875,1556656
2025-11-11,2990.633609021809,3001.142519888641,2964.1156755427983,2992.597900390625,2806868
2025-11-12,3005.3656835637266,3080.4015151753365,3002.51755709654,3075.8837890625,4460315
2025-11-13,3075.8838537295965,3075.9819244274895,3046.61586484088,3050.249755859375,1740435
2025-11-14,3034.830102963518,3057.517763723578,3022.356900982103,3050.54443359375,2210794
2025-11-17,3050.544457369475,3067.7320066302495,3031.4909272444793,3046.812255859375,2232853
2025-11-18,3046.6158078736476,3049.5622448251693,3023.0443122614724,3031.98193359375,2548350
2025-11-19,3041.705020306013,3098.6694669245953,3028.4460542827223,3091.499755859375,3151053
2025-11-20,3091.794673762747,3108.0000778660146,3082.0715272134535,3088.65185546875,2700767
2025-11-21,3088.6516518716926,3113.4016740052466,3079.2229578295533,3094.34814453125,4177037
2025-11-24,3101.616062202543,3122.1428110333977,3075.0981288018247,3085.115966796875,6703764
2025-11-25,3089.142887490615,3093.562543096727,3059.3838251197944,3063.5087890625,2737920
2025-11-26,3063.115986297256,3121.2589624366606,3061.348076121797,3106.428466796875,2508527
2025-11-27,3123.223169867727,3123.223169867727,3069.205159068128,3080.59814453125,2836233
2025-11-28,3083.937297684263,3091.1070087848907,3069.205113141185,3081.48193359375,1616690
2025-12-01,3081.8747335418534,3097.687374390369,3066.4550948216056,3077.455078125,1747647
2025-12-02,3075.0980746626374,3087.8659682974553,3064.6872347092776,3079.714111328125,2512003
2025-12-03,3083.9373188138757,3154.5534946281955,3082.9551731709416,3123.22314453125,3952112
2025-12-04,3136.9731988901626,3191.9733551637537,3130.4909417024,3171.544677734375,5025905
2025-12-05,3172.330486734928,3213.187842167148,3164.866083794654,3180.384033203125,5244013
2025-12-08,3185.0983021118977,3201.6964674714213,3151.3125880977464,3178.71435546875,2544725
2025-12-09,3172.330579931189,3175.964471029267,3124.401822284255,3151.01806640625,2734893
2025-12-10,3167.41989738469,3167.41989738469,3121.357359750894,3132.259033203125,1386849
2025-12-11,3147.7768486239356,3151.1160479641035,3096.8035846478047,3134.91064453125,1914362
2025-12-12,3140.607031689688,3165.4553640739014,3128.8212841349605,3163.0,1146554
2025-12-15,3153.7680172761306,3180.384020730158,3140.2143592438706,3172.52685546875,1562190
2025-12-16,3162.509118995985,3162.509118995985,3134.1252044928165,3147.875244140625,1734623
2025-12-17,3143.3572206041695,3179.107227122374,3143.3572206041695,3160.348388671875,1376350
2025-12-18,3170.366292342023,3229.09865265339,3163.4912725011322,3222.2236328125,2307422
2025-12-19,3240.09857605464,3258.661033366418,3220.259281411304,3223.402099609375,3902511
2025-12-22,3250.9022578364156,3269.170263717588,3232.2414895890165,3265.5361328125,2632816
2025-12-23,3260.625245626059,3260.625245626059,3234.6966963938,3250.902099609375,2365420
2025-12-24,3245.107580613968,3267.696930860065,3237.2504153109776,3259.741455078125,1367708
2025-12-26,3253.9468611908032,3260.7235702886815,3213.384197736604,3221.437744140625,1176664
2025-12-29,3221.437683809396,3229.294848891858,3184.9999848268185,3193.446533203125,2079473
2025-12-30,3191.973384551631,3209.160933545371,3181.6608551553877,3188.83056640625,2807593
2025-12-31,3182.151893056932,3188.0447669329633,3141.392848747715,3148.955322265625,3362634
2026-01-01,3157.59834501185,3176.3574233163417,3141.0982497161094,3169.77685546875,1255735
2026-01-02,3176.2591039024273,3196.196709004467,3162.017991655493,3192.660888671875,1184324
2026-01-05,3182.642968809425,3189.026915514335,3134.026759287417,3158.6787109375,2341703
2026-01-06,3152.6876022111082,3204.9377039238207,3147.7768738587542,3197.669921875,2912325
2026-01-07,3185.0000101265678,3241.6700055592964,3165.651788913644,3236.75927734375,1989442
2026-01-08,3228.2143763788763,3228.2143763788763,3125.1873956711997,3146.6962890625,4159336
2026-01-09,3134.0267606372377,3172.0357492326657,3134.0267606372377,3150.52685546875,1938673
2026-01-12,3145.8126491306843,3193.937788002805,3117.6251157476318,3181.75927734375,2228342
2026-01-13,3187.0627488471305,3221.437847833155,3153.1787227037635,3209.652099609375,5645341
2026-01-14,3201.7948316366483,3201.7948316366483,3126.1696162881753,3135.5,3539511
2026-01-16,3219.39990234375,3221.89990234375,3171.0,3206.699951171875,4293470
2026-01-19,3188.0,3220.0,3152.10009765625,3163.60009765625,3387562
2026-01-20,3151.60009765625,3160.0,3091.10009765625,3102.300048828125,4499273
2026-01-21,3100.0,3138.5,3082.0,3122.60009765625,2015150
2026-01-22,3150.0,3160.0,3122.300048828125,3150.39990234375,2269827
2026-01-23,3190.300048828125,3194.5,3152.0,3162.5,2068857
2026-01-27,3175.0,3175.0,3130.0,3158.0,4279874
2026-01-28,3176.0,3205.199951171875,3170.60009765625,3200.10009765625,2751234
2026-01-29,3200.10009765625,3200.10009765625,3125.60009765625,3144.39990234375,2457641
2026-01-30,3141.0,3141.0,3092.0,3123.89990234375,3022068
2026-02-02,3198.0,3198.0,3134.0,3169.60009765625,2636272
2026-02-03,3350.0,3350.0,3186.300048828125,3225.300048828125,4366060
2026-02-04,3120.0,3120.0,2986.0,2999.10009765625,10852595
2026-02-05,2990.0,3029.699951171875,2972.300048828125,2991.5,3521545
2026-02-06,2976.60009765625,2985.0,2916.0,2941.60009765625,4687389
2026-02-09,2959.10009765625,2977.0,2937.5,2948.199951171875,2380318
2026-02-10,2949.800048828125,3011.60009765625,2943.5,2984.60009765625,3547763
2026-02-11,2980.0,2998.0,2904.199951171875,2909.800048828125,3363513
2026-02-12,2869.800048828125,2880.0,2740.0,2750.10009765625,10612156
2026-02-13,2585.0,2713.0,2585.0,2692.199951171875,11168735
2026-02-16,2700.0,2719.800048828125,2671.0,2706.60009765625,2918730
2026-02-17,2716.0,2760.0,2695.199951171875,2717.39990234375,4209118
2026-02-18,2730.0,2730.0,2657.300048828125,2694.89990234375,2950820
2026-02-19,2708.0,2748.699951171875,2666.60009765625,2677.89990234375,3238849
2026-02-20,2667.0,2702.60009765625,2647.5,2686.199951171875,2293482
2026-02-23,2686.0,2704.0,2660.199951171875,2676.300048828125,4699596
2026-02-24,2641.0,2647.5,2561.300048828125,2573.699951171875,7798833
2026-02-25,2596.0,2654.199951171875,2595.0,2629.300048828125,3621285
2026-02-26,2650.0,2671.0,2635.0,2647.699951171875,3464267
2026-02-27,2681.60009765625,2688.60009765625,2626.10009765625,2637.39990234375,5083717
2026-03-02,2592.0,2623.800048828125,2580.300048828125,2613.5,3374385
2026-03-04,2625.0,2635.0,2580.39990234375,2587.800048828125,3446434
2026-03-05,2600.0,2609.5,2546.39990234375,2578.800048828125,2960636
2026-03-06,2572.0,2619.199951171875,2553.60009765625,2557.60009765625,3998643
2026-03-09,2530.0,2560.0,2505.0,2527.39990234375,3653428
2026-03-10,2541.0,2545.199951171875,2490.10009765625,2513.10009765625,4323710
2026-03-11,2508.10009765625,2521.0,2460.10009765625,2464.89990234375,2720664
2026-03-12,2459.800048828125,2472.89990234375,2436.0,2442.39990234375,2752075
2026-03-13,2437.0,2445.89990234375,2397.0,2410.5,2466488
2026-03-16,2410.0,2425.0,2366.10009765625,2409.199951171875,3807907
2026-03-17,2420.0,2420.0,2360.0,2391.699951171875,2993367
2026-03-18,2410.0,2482.89990234375,2410.0,2440.800048828125,3082388
2026-03-19,2417.0,2424.0,2350.199951171875,2356.0,2757060
2026-03-20,2386.0,2407.800048828125,2364.199951171875,2390.60009765625,4206320
2026-03-23,2365.0,2406.800048828125,2348.0,2383.800048828125,3860515
2026-03-24,2404.10009765625,2435.39990234375,2379.10009765625,2398.800048828125,3420182
2026-03-25,2400.89990234375,2421.60009765625,2369.800048828125,2377.39990234375,5843778
2026-03-27,2403.89990234375,2422.10009765625,2385.0,2389.800048828125,4979411
2026-03-30,2375.10009765625,2398.0,2346.199951171875,2358.89990234375,6804756
2026-04-01,2429.0,2472.0,2397.89990234375,2408.199951171875,4132661
2026-04-02,2386.0,2469.89990234375,2375.699951171875,2450.699951171875,5378361
2026-04-06,2474.0,2482.0,2448.199951171875,2473.89990234375,2572417
2026-04-07,2461.0,2543.89990234375,2448.0,2539.800048828125,4516550
2026-04-08,2572.0,2580.300048828125,2540.10009765625,2559.199951171875,4769337
2026-04-09,2554.0,2605.0,2531.10009765625,2589.0,5628261
2026-04-10,2565.800048828125,2565.800048828125,2501.10009765625,2524.300048828125,10480239
